PARi,air_temperature,soil_temperature,ambient_CO2,humidity,Wind,hour,DOY,t
516.2222222222223,0.0,2.4598076211353317,360,0.66,5.0,12,351,0
168.33333333333331,-0.6,2.4897777478867207,360,0.69,5.0,13,351,1
134.66666666666669,-0.7,2.5,360,0.7,4.0,14,351,2
235.66666666666669,-0.3,2.4897777478867207,360,0.65,4.0,15,351,3
56.111111111111114,-1.4,2.4598076211353317,360,0.76,4.0,16,351,4
0.0,-1.2,2.4121320343559645,360,0.76,4.0,17,351,5
0.0,-2.0,2.35,360,0.78,2.0,18,351,6
0.0,-2.5,2.2776457135307564,360,0.81,2.0,19,351,7
0.0,-3.1,2.2,360,0.83,2.0,20,351,8
0.0,-3.9,2.122354286469244,360,0.87,2.0,21,351,9
0.0,-3.25714285714286,2.0500000000000003,360,0.884285714285714,2.71428571428571,22,351,10
0.0,-2.61428571428571,1.987867965644036,360,0.898571428571429,3.42857142857143,23,351,11
0.0,-1.97142857142857,1.9401923788646687,360,0.912857142857143,4.14285714285714,24,351,12
0.0,-1.32857142857143,3.8034074173710932,360,0.9271428571428569,4.85714285714286,1,351,13
0.0,-0.685714285714285,3.8,360,0.941428571428571,5.57142857142857,2,351,14
0.0,-0.0428571428571431,3.803407417371093,360,0.955714285714286,6.28571428571429,3,351,15
0.0,0.6,3.813397459621556,360,0.97,7.0,4,351,16
0.0,-0.1,3.829289321881345,360,0.99,6.0,5,351,17
0.0,-0.2,3.8499999999999996,360,0.99,7.0,6,351,18
0.0,-0.2,3.874118095489748,360,1.0,7.0,7,351,19
0.0,-0.5,3.9,360,1.0,6.0,8,351,20
22.444444444444443,-0.2,3.925881904510252,360,1.0,5.0,9,351,21
44.888888888888886,-0.3,3.95,360,1.0,5.0,10,351,22
101.0,0.0,3.9707106781186545,360,0.99,6.0,11,351,23
101.0,0.0,3.9866025403784437,360,0.99,5.0,12,351,24
89.77777777777777,0.0,3.996592582628907,360,0.99,4.0,13,351,25
89.77777777777777,0.3,4.0,360,0.99,4.0,14,351,26
44.888888888888886,0.2,3.996592582628907,360,0.99,4.0,15,351,27
22.444444444444443,0.2,3.9866025403784437,360,0.99,5.0,16,351,28
0.0,0.4,3.9707106781186545,360,0.99,5.0,17,351,29
0.0,0.6,3.95,360,0.99,5.0,18,351,30
0.0,0.5,3.925881904510252,360,0.99,4.0,19,351,31
0.0,0.7,3.9,360,0.99,4.0,20,351,32
0.0,0.8,3.874118095489748,360,0.98,4.0,21,351,33
0.0,0.7,3.85,360,0.97,3.0,22,351,34
0.0,0.7,3.8292893218813453,360,0.97,4.0,23,351,35
0.0,0.9,3.813397459621556,360,0.97,2.0,24,351,36
0.0,0.8,3.8119259607988263,360,0.96,2.0,1,352,37
0.0,0.9,3.8000000000000003,360,0.95,2.0,2,352,38
0.0,1.0,3.8119259607988263,360,0.96,2.0,3,352,39
0.0,1.0,3.8468911086754467,360,0.97,2.0,4,352,40
0.0,1.2,3.9025126265847083,360,0.96,4.0,5,352,41
0.0,1.2,3.975,360,0.97,4.0,6,352,42
0.0,1.2,4.059413334214118,360,0.98,3.0,7,352,43
0.0,1.2,4.15,360,0.99,4.0,8,352,44
22.444444444444443,1.5,4.240586665785883,360,1.0,4.0,9,352,45
67.33333333333334,1.7,4.325,360,1.0,4.0,10,352,46
134.66666666666669,2.2,4.397487373415292,360,1.0,4.0,11,352,47
123.44444444444446,2.6,4.453108891324554,360,1.0,5.0,12,352,48
157.1111111111111,3.1,4.488074039201174,360,1.0,5.0,13,352,49
213.22222222222223,4.0,4.5,360,1.0,4.0,14,352,50
213.22222222222223,4.3,4.488074039201174,360,1.0,4.0,15,352,51
78.55555555555554,3.6,4.453108891324554,360,1.0,3.0,16,352,52
0.0,3.6,4.397487373415292,360,1.0,3.0,17,352,53
0.0,3.6,4.325,360,1.0,4.0,18,352,54
0.0,3.4,4.240586665785883,360,1.0,4.0,19,352,55
0.0,2.0,4.15,360,1.0,2.0,20,352,56
0.0,2.6,4.059413334214118,360,1.0,2.0,21,352,57
0.0,3.0,3.9750000000000005,360,1.0,4.0,22,352,58
0.0,2.2,3.9025126265847088,360,1.0,4.0,23,352,59
0.0,2.1,3.8468911086754467,360,1.0,4.0,24,352,60
0.0,1.5,3.3340741737109316,360,0.99,4.0,1,353,61
0.0,1.4,3.3,360,0.99,2.0,2,353,62
0.0,1.2,3.3340741737109316,360,0.98,2.0,3,353,63
0.0,0.1,3.433974596215561,360,0.99,2.0,4,353,64
0.0,0.1,3.592893218813452,360,1.0,1.0,5,353,65
0.0,1.2,3.7999999999999994,360,1.0,2.0,6,353,66
0.0,1.0,4.041180954897479,360,1.0,1.0,7,353,67
0.0,1.9,4.3,360,1.0,2.0,8,353,68
67.33333333333334,1.9,4.558819045102521,360,1.0,2.0,9,353,69
179.55555555555554,2.8,4.8,360,0.99,3.0,10,353,70
606.0,5.4,5.007106781186548,360,0.94,4.0,11,353,71
437.6666666666667,4.9,5.166025403784438,360,0.95,5.0,12,353,72
336.66666666666663,5.7,5.2659258262890685,360,0.96,4.0,13,353,73
235.66666666666669,5.8,5.3,360,0.97,4.0,14,353,74
78.55555555555554,4.9,5.2659258262890685,360,0.98,4.0,15,353,75
22.444444444444443,4.7,5.166025403784438,360,1.0,5.0,16,353,76
0.0,4.7,5.007106781186548,360,1.0,5.0,17,353,77
0.0,5.1,4.8,360,1.0,5.0,18,353,78
0.0,5.4,4.558819045102521,360,1.0,4.0,19,353,79
0.0,5.6,4.3,360,1.0,4.0,20,353,80
0.0,5.5,4.041180954897479,360,1.0,4.0,21,353,81
0.0,5.8,3.8,360,1.0,3.0,22,353,82
0.0,5.6,3.5928932188134524,360,1.0,3.0,23,353,83
0.0,5.5,3.433974596215561,360,1.0,4.0,24,353,84
0.0,5.8,4.832370465025385,360,1.0,5.0,1,354,85
0.0,6.0,4.8,360,1.0,5.0,2,354,86
0.0,6.1,4.8323704650253845,360,1.0,5.0,3,354,87
0.0,6.4,4.927275866404783,360,1.0,5.0,4,354,88
0.0,6.2,5.078248557872779,360,1.0,4.0,5,354,89
0.0,6.6,5.2749999999999995,360,1.0,5.0,6,354,90
0.0,6.7,5.504121907152605,360,1.0,4.0,7,354,91
11.222222222222221,6.8,5.75,360,1.0,4.0,8,354,92
56.111111111111114,7.1,5.995878092847395,360,1.0,4.0,9,354,93
179.55555555555554,7.9,6.2250000000000005,360,1.0,4.0,10,354,94
213.22222222222223,8.6,6.421751442127221,360,1.0,4.0,11,354,95
303.0,9.2,6.572724133595217,360,1.0,3.0,12,354,96
359.1111111111111,9.7,6.6676295349746155,360,0.93,4.0,13,354,97
370.33333333333337,10.3,6.7,360,0.88,3.0,14,354,98
303.0,10.2,6.6676295349746155,360,0.83,4.0,15,354,99
101.0,7.5,6.572724133595217,360,0.96,2.0,16,354,100
0.0,6.4,6.421751442127221,360,1.0,2.0,17,354,101
0.0,5.7,6.2250000000000005,360,1.0,2.0,18,354,102
0.0,4.7,5.995878092847395,360,1.0,2.0,19,354,103
0.0,4.4,5.75,360,1.0,2.0,20,354,104
0.0,4.8,5.504121907152605,360,1.0,4.0,21,354,105
0.0,5.4,5.275,360,1.0,4.0,22,354,106
0.0,6.0,5.078248557872779,360,1.0,4.0,23,354,107
0.0,6.5,4.927275866404783,360,1.0,4.0,24,354,108
0.0,6.7,5.922148212912107,360,1.0,4.0,1,355,109
0.0,6.7,5.9,360,1.0,4.0,2,355,110
0.0,6.2,5.922148212912107,360,1.0,4.0,3,355,111
0.0,6.1,5.987083487540115,360,1.0,5.0,4,355,112
0.0,6.4,6.090380592228745,360,1.0,4.0,5,355,113
0.0,6.6,6.2250000000000005,360,1.0,4.0,6,355,114
0.0,6.6,6.3817676206833625,360,1.0,3.0,7,355,115
11.222222222222221,6.8,6.550000000000001,360,1.0,5.0,8,355,116
11.222222222222221,6.9,6.718232379316639,360,1.0,4.0,9,355,117
213.22222222222223,7.8,6.875000000000001,360,1.0,5.0,10,355,118
594.7777777777778,9.3,7.009619407771257,360,1.0,6.0,11,355,119
684.5555555555557,10.2,7.112916512459885,360,0.89,6.0,12,355,120
527.4444444444445,9.6,7.177851787087895,360,0.88,7.0,13,355,121
516.2222222222223,10.7,7.200000000000001,360,0.82,6.0,14,355,122
213.22222222222223,9.9,7.177851787087895,360,0.9,6.0,15,355,123
67.33333333333334,9.6,7.112916512459885,360,0.92,6.0,16,355,124
0.0,9.4,7.009619407771257,360,0.92,6.0,17,355,125
0.0,8.8,6.875000000000001,360,0.96,4.0,18,355,126
0.0,8.7,6.718232379316639,360,0.97,4.0,19,355,127
0.0,8.3,6.550000000000001,360,0.99,2.0,20,355,128
0.0,8.3,6.3817676206833625,360,0.97,2.0,21,355,129
0.0,8.2,6.2250000000000005,360,0.97,4.0,22,355,130
0.0,8.1,6.090380592228745,360,0.97,4.0,23,355,131
0.0,7.8,5.987083487540116,360,0.98,4.0,24,355,132
0.0,7.4,6.613629669484372,360,0.99,3.0,1,356,133
0.0,6.9,6.6,360,0.98,2.0,2,356,134
0.0,6.7,6.613629669484372,360,0.99,2.0,3,356,135
0.0,6.2,6.653589838486224,360,1.0,1.0,4,356,136
0.0,7.4,6.717157287525381,360,0.91,1.0,5,356,137
0.0,7.1,6.8,360,0.91,1.0,6,356,138
0.0,6.3,6.896472381958992,360,0.95,2.0,7,356,139
11.222222222222221,6.7,7.0,360,0.91,2.0,8,356,140
67.33333333333334,7.2,7.103527618041008,360,0.9,2.0,9,356,141
314.2222222222222,9.4,7.2,360,0.76,2.0,10,356,142
583.5555555555555,10.5,7.282842712474619,360,0.66,4.0,11,356,143
583.5555555555555,10.9,7.346410161513775,360,0.62,5.0,12,356,144
549.8888888888889,10.1,7.386370330515628,360,0.67,4.0,13,356,145
336.66666666666663,10.0,7.4,360,0.65,4.0,14,356,146
303.0,10.3,7.386370330515628,360,0.65,2.0,15,356,147
157.1111111111111,9.2,7.346410161513775,360,0.71,2.0,16,356,148
0.0,8.3,7.282842712474619,360,0.77,2.0,17,356,149
0.0,8.2,7.2,360,0.79,3.0,18,356,150
0.0,7.8,7.103527618041008,360,0.79,4.0,19,356,151
0.0,7.9,7.0,360,0.75,4.0,20,356,152
0.0,7.6,6.896472381958992,360,0.75,4.0,21,356,153
0.0,7.3,6.8,360,0.78,3.0,22,356,154
0.0,7.4,6.717157287525381,360,0.78,3.0,23,356,155
0.0,6.4,6.653589838486225,360,0.79,3.0,24,356,156
0.0,5.4,6.008518543427733,360,0.84,2.0,1,357,157
0.0,6.4,6.0,360,0.78,4.0,2,357,158
0.0,6.3,6.008518543427733,360,0.79,6.0,3,357,159
0.0,6.4,6.033493649053891,360,0.78,7.0,4,357,160
0.0,5.7,6.0732233047033635,360,0.81,6.0,5,357,161
0.0,5.0,6.125,360,0.82,5.0,6,357,162
0.0,4.3,6.18529523872437,360,0.85,4.0,7,357,163
0.0,4.5,6.25,360,0.84,4.0,8,357,164
168.33333333333331,5.8,6.31470476127563,360,0.8,5.0,9,357,165
404.0,7.2,6.375,360,0.74,8.0,10,357,166
594.7777777777778,7.7,6.4267766952966365,360,0.72,10.0,11,357,167
695.7777777777778,8.2,6.466506350946109,360,0.71,10.0,12,357,168
695.7777777777778,8.7,6.491481456572267,360,0.69,9.0,13,357,169
583.5555555555555,8.9,6.5,360,0.69,8.0,14,357,170
381.55555555555554,8.4,6.491481456572267,360,0.7,8.0,15,357,171
145.88888888888889,7.1,6.466506350946109,360,0.76,7.0,16,357,172
0.0,5.7,6.4267766952966365,360,0.82,6.0,17,357,173
0.0,5.4,6.375,360,0.83,6.0,18,357,174
0.0,5.3,6.31470476127563,360,0.83,6.0,19,357,175
0.0,5.0,6.25,360,0.84,6.0,20,357,176
0.0,4.6,6.18529523872437,360,0.86,8.0,21,357,177
0.0,4.6,6.125,360,0.89,8.0,22,357,178
0.0,4.2,6.0732233047033635,360,0.9,7.0,23,357,179
0.0,4.2,6.033493649053891,360,0.92,8.0,24,357,180
0.0,4.3,5.513629669484374,360,0.92,8.0,1,358,181
0.0,5.3,5.5,360,0.91,8.0,2,358,182
0.0,5.5,5.513629669484373,360,0.91,9.0,3,358,183
0.0,5.6,5.553589838486225,360,0.91,10.0,4,358,184
0.0,5.7,5.617157287525381,360,0.91,10.0,5,358,185
0.0,6.0,5.7,360,0.87,10.0,6,358,186
0.0,5.6,5.796472381958992,360,0.87,8.0,7,358,187
11.222222222222221,5.2,5.9,360,0.88,6.0,8,358,188
157.1111111111111,6.0,6.003527618041009,360,0.86,7.0,9,358,189
404.0,7.0,6.1000000000000005,360,0.83,8.0,10,358,190
594.7777777777778,8.4,6.18284271247462,360,0.78,8.0,11,358,191
684.5555555555557,9.3,6.246410161513776,360,0.75,8.0,12,358,192
695.7777777777778,9.0,6.286370330515628,360,0.74,10.0,13,358,193
538.6666666666667,6.3,6.300000000000001,360,0.88,9.0,14,358,194
246.8888888888889,6.6,6.286370330515628,360,0.88,9.0,15,358,195
67.33333333333334,6.4,6.246410161513776,360,0.88,10.0,16,358,196
0.0,6.2,6.18284271247462,360,0.86,10.0,17,358,197
0.0,6.0,6.1000000000000005,360,0.87,9.0,18,358,198
0.0,5.9,6.003527618041009,360,0.86,8.0,19,358,199
0.0,4.9,5.9,360,0.9,6.0,20,358,200
0.0,3.9,5.796472381958992,360,0.93,5.0,21,358,201
0.0,4.2,5.7,360,0.94,5.0,22,358,202
0.0,3.6,5.617157287525382,360,0.96,5.0,23,358,203
0.0,3.2,5.553589838486225,360,0.98,5.0,24,358,204
0.0,3.4,5.308518543427732,360,0.99,5.0,1,359,205
0.0,3.6,5.3,360,1.0,6.0,2,359,206
0.0,3.5,5.308518543427732,360,1.0,8.0,3,359,207
0.0,3.2,5.3334936490538905,360,1.0,8.0,4,359,208
0.0,2.9,5.373223304703362,360,1.0,7.0,5,359,209
0.0,2.7,5.425,360,1.0,6.0,6,359,210
0.0,2.6,5.48529523872437,360,1.0,6.0,7,359,211
0.0,2.5,5.55,360,1.0,6.0,8,359,212
89.77777777777777,2.9,5.61470476127563,360,1.0,6.0,9,359,213
291.77777777777777,3.8,5.675,360,0.99,6.0,10,359,214
606.0,5.2,5.726776695296636,360,0.89,6.0,11,359,215
695.7777777777778,5.9,5.766506350946109,360,0.85,7.0,12,359,216
695.7777777777778,6.9,5.791481456572267,360,0.78,8.0,13,359,217
583.5555555555555,7.4,5.8,360,0.72,8.0,14,359,218
392.7777777777778,6.3,5.791481456572267,360,0.81,7.0,15,359,219
145.88888888888889,4.8,5.766506350946109,360,0.84,7.0,16,359,220
11.222222222222221,2.7,5.726776695296636,360,0.94,6.0,17,359,221
0.0,2.0,5.675,360,0.98,6.0,18,359,222
0.0,1.8,5.61470476127563,360,0.99,6.0,19,359,223
0.0,1.4,5.55,360,1.0,7.0,20,359,224
0.0,1.9,5.48529523872437,360,1.0,8.0,21,359,225
0.0,1.9,5.425,360,0.98,9.0,22,359,226
0.0,0.8,5.373223304703363,360,1.0,8.0,23,359,227
0.0,0.7,5.3334936490538905,360,1.0,8.0,24,359,228
0.0,0.8,4.6068148347421864,360,1.0,8.0,1,360,229
0.0,0.9,4.6,360,1.0,8.0,2,360,230
0.0,1.0,4.606814834742186,360,1.0,8.0,3,360,231
0.0,1.2,4.626794919243112,360,0.98,10.0,4,360,232
0.0,2.0,4.65857864376269,360,0.92,10.0,5,360,233
0.0,2.8,4.699999999999999,360,0.86,8.0,6,360,234
0.0,3.0,4.748236190979496,360,0.88,8.0,7,360,235
0.0,3.1,4.8,360,0.89,8.0,8,360,236
11.222222222222221,3.6,4.851763809020504,360,0.86,10.0,9,360,237
67.33333333333334,4.0,4.9,360,0.84,12.0,10,360,238
190.77777777777777,4.5,4.941421356237309,360,0.82,10.0,11,360,239
213.22222222222223,4.8,4.9732050807568875,360,0.82,9.0,12,360,240
179.55555555555554,4.8,4.993185165257814,360,0.81,8.0,13,360,241
89.77777777777777,4.8,5.0,360,0.77,8.0,14,360,242
123.44444444444446,5.0,4.993185165257814,360,0.68,11.0,15,360,243
56.111111111111114,4.8,4.9732050807568875,360,0.74,10.0,16,360,244
11.222222222222221,4.8,4.941421356237309,360,0.73,8.0,17,360,245
0.0,4.7,4.9,360,0.71,10.0,18,360,246
0.0,4.3,4.851763809020504,360,0.74,12.0,19,360,247
0.0,3.6,4.8,360,0.76,10.0,20,360,248
0.0,3.2,4.748236190979496,360,0.77,8.0,21,360,249
0.0,3.7,4.7,360,0.72,9.0,22,360,250
0.0,4.2,4.658578643762691,360,0.72,10.0,23,360,251
0.0,3.2,4.626794919243112,360,0.76,11.0,24,360,252
0.0,2.4,3.308518543427733,360,0.82,9.0,1,361,253
0.0,1.8,3.3,360,0.84,8.0,2,361,254
0.0,1.4,3.308518543427733,360,0.85,8.0,3,361,255
0.0,1.1,3.33349364905389,360,0.86,8.0,4,361,256
0.0,0.7,3.373223304703363,360,0.87,8.0,5,361,257
0.0,1.2,3.425,360,0.85,10.0,6,361,258
0.0,0.9,3.48529523872437,360,0.78,12.0,7,361,259
0.0,0.0,3.55,360,0.77,12.0,8,361,260
22.444444444444443,-0.6,3.61470476127563,360,0.71,13.0,9,361,261
134.66666666666669,-0.7,3.675,360,0.71,11.0,10,361,262
269.33333333333337,-0.3,3.726776695296637,360,0.68,12.0,11,361,263
572.3333333333333,0.6,3.7665063509461096,360,0.64,12.0,12,361,264
583.5555555555555,2.0,3.7914814565722668,360,0.63,12.0,13,361,265
572.3333333333333,2.3,3.8,360,0.61,11.0,14,361,266
381.55555555555554,2.3,3.7914814565722668,360,0.64,11.0,15,361,267
145.88888888888889,1.7,3.7665063509461096,360,0.65,10.0,16,361,268
0.0,0.8,3.726776695296637,360,0.68,7.0,17,361,269
0.0,0.4,3.675,360,0.69,7.0,18,361,270
0.0,-0.1,3.61470476127563,360,0.71,8.0,19,361,271
0.0,-0.7,3.55,360,0.74,8.0,20,361,272
0.0,-1.2,3.48529523872437,360,0.76,7.0,21,361,273
0.0,-1.8,3.425,360,0.8,5.0,22,361,274
0.0,-2.2,3.373223304703363,360,0.81,6.0,23,361,275
0.0,-2.6,3.33349364905389,360,0.81,6.0,24,361,276
0.0,-2.8,1.6068148347421864,360,0.82,6.0,1,362,277
0.0,-3.1,1.6,360,0.83,8.0,2,362,278
0.0,-3.3,1.6068148347421864,360,0.84,6.0,3,362,279
0.0,-3.2,1.6267949192431124,360,0.82,8.0,4,362,280
0.0,-3.3,1.6585786437626906,360,0.82,7.0,5,362,281
0.0,-3.1,1.7,360,0.8,6.0,6,362,282
0.0,-3.6,1.748236190979496,360,0.83,6.0,7,362,283
11.222222222222221,-3.8,1.8,360,0.84,6.0,8,362,284
145.88888888888889,-2.7,1.8517638090205042,360,0.8,6.0,9,362,285
392.7777777777778,-1.5,1.9000000000000001,360,0.74,8.0,10,362,286
583.5555555555555,0.0,1.9414213562373095,360,0.69,8.0,11,362,287
695.7777777777778,0.9,1.9732050807568877,360,0.67,8.0,12,362,288
695.7777777777778,1.6,1.9931851652578136,360,0.62,9.0,13,362,289
594.7777777777778,2.3,2.0,360,0.62,8.0,14,362,290
392.7777777777778,1.6,1.9931851652578136,360,0.62,8.0,15,362,291
157.1111111111111,0.4,1.9732050807568877,360,0.7,9.0,16,362,292
11.222222222222221,-0.5,1.9414213562373095,360,0.74,9.0,17,362,293
0.0,-0.9,1.9000000000000001,360,0.76,8.0,18,362,294
0.0,-1.1,1.8517638090205042,360,0.77,8.0,19,362,295
0.0,-1.3,1.8,360,0.78,9.0,20,362,296
0.0,-1.7,1.748236190979496,360,0.81,7.0,21,362,297
0.0,-2.0,1.7000000000000002,360,0.83,7.0,22,362,298
0.0,-2.1,1.6585786437626906,360,0.83,7.0,23,362,299
0.0,-2.4,1.6267949192431124,360,0.83,8.0,24,362,300
0.0,-2.6,1.0034074173710934,360,0.84,7.0,1,363,301
0.0,-2.9,1.0,360,0.85,7.0,2,363,302
0.0,-3.2,1.0034074173710932,360,0.84,6.0,3,363,303
0.0,-3.6,1.0133974596215563,360,0.85,7.0,4,363,304
0.0,-3.8,1.0292893218813453,360,0.85,8.0,5,363,305
0.0,-4.1,1.05,360,0.86,7.0,6,363,306
0.0,-4.4,1.074118095489748,360,0.88,7.0,7,363,307
0.0,-4.5,1.1,360,0.88,6.0,8,363,308
168.33333333333331,-4.1,1.1258819045102522,360,0.86,6.0,9,363,309
235.66666666666669,-3.7,1.1500000000000001,360,0.85,8.0,10,363,310
303.0,-2.8,1.170710678118655,360,0.84,7.0,11,363,311
381.55555555555554,-2.0,1.186602540378444,360,0.82,6.0,12,363,312
359.1111111111111,-1.4,1.196592582628907,360,0.82,6.0,13,363,313
291.77777777777777,-1.1,1.2000000000000002,360,0.82,6.0,14,363,314
303.0,-0.3,1.196592582628907,360,0.79,5.0,15,363,315
145.88888888888889,-1.3,1.186602540378444,360,0.85,5.0,16,363,316
11.222222222222221,-2.0,1.170710678118655,360,0.88,4.0,17,363,317
0.0,-2.1,1.1500000000000001,360,0.89,4.0,18,363,318
0.0,-1.9,1.1258819045102522,360,0.88,4.0,19,363,319
0.0,-1.8,1.1,360,0.87,5.0,20,363,320
0.0,-2.1,1.074118095489748,360,0.89,4.0,21,363,321
0.0,-2.0,1.05,360,0.89,4.0,22,363,322
0.0,-2.1,1.0292893218813455,360,0.9,3.0,23,363,323
0.0,-1.1,1.0133974596215563,360,0.88,3.0,24,363,324
0.0,-0.8,1.020444504226559,360,0.88,3.0,1,364,325
0.0,-0.9,1.0,360,0.88,3.0,2,364,326
0.0,-1.5,1.020444504226559,360,0.9,2.0,3,364,327
0.0,-1.2,1.0803847577293366,360,0.9,2.0,4,364,328
0.0,-2.1,1.1757359312880713,360,0.9,3.0,5,364,329
0.0,-2.5,1.2999999999999998,360,0.92,2.0,6,364,330
0.0,-1.6,1.4447085729384876,360,0.91,2.0,7,364,331
0.0,-1.2,1.6,360,0.9,3.0,8,364,332
67.33333333333334,-0.5,1.7552914270615125,360,0.88,3.0,9,364,333
303.0,1.9,1.9000000000000001,360,0.81,2.0,10,364,334
561.1111111111111,4.2,2.0242640687119287,360,0.73,3.0,11,364,335
662.1111111111112,5.1,2.1196152422706636,360,0.71,5.0,12,364,336
684.5555555555557,5.6,2.179555495773441,360,0.69,4.0,13,364,337
572.3333333333333,6.3,2.2,360,0.67,3.0,14,364,338
381.55555555555554,5.9,2.179555495773441,360,0.69,4.0,15,364,339
134.66666666666669,3.0,2.1196152422706636,360,0.77,5.0,16,364,340
0.0,0.9,2.0242640687119287,360,0.83,4.0,17,364,341
0.0,1.2,1.9000000000000001,360,0.84,4.0,18,364,342
0.0,0.8,1.7552914270615125,360,0.84,4.0,19,364,343
0.0,-0.5,1.6,360,0.89,3.0,20,364,344
0.0,-1.1,1.4447085729384876,360,0.91,2.0,21,364,345
0.0,-1.0,1.3000000000000003,360,0.93,3.0,22,364,346
0.0,-1.3,1.1757359312880715,360,0.95,3.0,23,364,347
0.0,-0.4,1.0803847577293368,360,0.96,3.0,24,364,348
0.0,-0.2,1.7221482129121057,360,0.96,2.0,1,365,349
0.0,-0.2,1.7000000000000002,360,0.96,2.0,2,365,350
0.0,0.0,1.7221482129121055,360,0.96,2.0,3,365,351
0.0,0.0,1.787083487540115,360,0.97,2.0,4,365,352
0.0,0.0,1.890380592228744,360,0.97,2.0,5,365,353
0.0,-0.1,2.025,360,0.97,2.0,6,365,354
0.0,-0.4,2.181767620683362,360,0.97,2.0,7,365,355
0.0,-0.3,2.35,360,0.98,2.0,8,365,356
56.111111111111114,0.2,2.518232379316639,360,0.98,1.0,9,365,357
112.22222222222223,0.4,2.6750000000000003,360,0.98,2.0,10,365,358
179.55555555555554,0.5,2.809619407771256,360,0.99,2.0,11,365,359
190.77777777777777,0.6,2.9129165124598853,360,0.99,2.0,12,365,360
168.33333333333331,0.6,2.9778517870878947,360,0.98,3.0,13,365,361
168.33333333333331,0.7,3.0,360,0.96,3.0,14,365,362
168.33333333333331,0.8,2.9778517870878947,360,0.94,3.0,15,365,363
89.77777777777777,0.1,2.9129165124598853,360,0.94,4.0,16,365,364
0.0,-2.2,2.809619407771256,360,0.97,1.0,17,365,365
0.0,-1.3,2.6750000000000003,360,0.99,2.0,18,365,366
0.0,-1.7,2.518232379316639,360,0.99,2.0,19,365,367
0.0,-2.0,2.35,360,1.0,1.0,20,365,368
0.0,-2.1,2.181767620683362,360,1.0,1.0,21,365,369
0.0,-2.0,2.0250000000000004,360,1.0,1.0,22,365,370
0.0,-2.4,1.8903805922287442,360,1.0,2.0,23,365,371
0.0,-2.5,1.787083487540115,360,1.0,2.0,24,365,372
0.0,-3.0,1.3102222521132796,360,1.0,2.0,1,366,373
0.0,-1.9,1.3000000000000003,360,1.0,4.0,2,366,374
0.0,-2.5,1.3102222521132796,360,1.0,4.0,3,366,375
0.0,-2.7,1.3401923788646686,360,1.0,4.0,4,366,376
0.0,-2.3,1.3878679656440358,360,1.0,4.0,5,366,377
0.0,-2.0,1.45,360,1.0,4.0,6,366,378
0.0,-1.9,1.5223542864692439,360,1.0,4.0,7,366,379
0.0,-1.7,1.6,360,1.0,4.0,8,366,380
44.888888888888886,-1.6,1.6776457135307563,360,1.0,5.0,9,366,381
112.22222222222223,-1.8,1.75,360,1.0,4.0,10,366,382
123.44444444444446,-1.8,1.8121320343559644,360,1.0,5.0,11,366,383
179.55555555555554,-1.1,1.8598076211353316,360,1.0,4.0,12,366,384
168.33333333333331,-0.7,1.8897777478867206,360,1.0,5.0,13,366,385
101.0,-0.8,1.9,360,1.0,6.0,14,366,386
89.77777777777777,-0.7,1.8897777478867206,360,1.0,6.0,15,366,387
33.66666666666667,-1.1,1.8598076211353316,360,1.0,7.0,16,366,388
11.222222222222221,-1.2,1.8121320343559644,360,1.0,6.0,17,366,389
0.0,-1.3,1.75,360,1.0,6.0,18,366,390
0.0,-1.3,1.6776457135307563,360,1.0,8.0,19,366,391
0.0,-1.4,1.6,360,1.0,8.0,20,366,392
0.0,-1.4,1.5223542864692439,360,1.0,8.0,21,366,393
0.0,-1.5,1.4500000000000002,360,1.0,8.0,22,366,394
0.0,-1.4,1.3878679656440358,360,1.0,8.0,23,366,395
0.0,-1.7,1.3401923788646686,360,1.0,6.0,24,366,396
0.0,-1.7,1.7051111260566398,360,1.0,6.0,1,1,397
0.0,-1.7,1.7000000000000002,360,1.0,7.0,2,1,398
0.0,-1.8,1.7051111260566398,360,1.0,7.0,3,1,399
0.0,-1.8,1.7200961894323343,360,1.0,6.0,4,1,400
0.0,-1.8,1.743933982822018,360,1.0,6.0,5,1,401
0.0,-1.7,1.775,360,1.0,6.0,6,1,402
0.0,-1.9,1.811177143234622,360,1.0,7.0,7,1,403
0.0,-1.8,1.85,360,1.0,7.0,8,1,404
44.888888888888886,-1.9,1.8888228567653782,360,1.0,8.0,9,1,405
89.77777777777777,-1.6,1.925,360,1.0,8.0,10,1,406
179.55555555555554,-1.4,1.9560660171779822,360,1.0,7.0,11,1,407
157.1111111111111,-1.1,1.9799038105676658,360,1.0,8.0,12,1,408
123.44444444444446,-0.9,1.9948888739433603,360,1.0,7.0,13,1,409
112.22222222222223,-0.7,2.0,360,1.0,7.0,14,1,410
67.33333333333334,-0.6,1.9948888739433603,360,1.0,7.0,15,1,411
44.888888888888886,-0.8,1.9799038105676658,360,1.0,8.0,16,1,412
0.0,-0.9,1.9560660171779822,360,1.0,7.0,17,1,413
0.0,-0.9,1.925,360,1.0,6.0,18,1,414
0.0,-1.0,1.8888228567653782,360,1.0,8.0,19,1,415
0.0,-1.1,1.85,360,1.0,6.0,20,1,416
0.0,-1.4,1.811177143234622,360,1.0,7.0,21,1,417
0.0,-1.2,1.7750000000000001,360,0.99,6.0,22,1,418
0.0,-1.0,1.743933982822018,360,0.99,7.0,23,1,419
0.0,-1.3,1.7200961894323343,360,0.99,6.0,24,1,420
0.0,-1.4,1.6034074173710935,360,0.99,7.0,1,2,421
0.0,-1.8,1.6,360,1.0,7.0,2,2,422
0.0,-1.9,1.6034074173710933,360,1.0,8.0,3,2,423
0.0,-1.8,1.6133974596215563,360,1.0,8.0,4,2,424
0.0,-1.8,1.6292893218813453,360,1.0,9.0,5,2,425
0.0,-1.9,1.6500000000000001,360,1.0,8.0,6,2,426
0.0,-1.9,1.674118095489748,360,1.0,8.0,7,2,427
0.0,-1.8,1.7000000000000002,360,1.0,8.0,8,2,428
33.66666666666667,-1.7,1.7258819045102523,360,1.0,8.0,9,2,429
89.77777777777777,-1.6,1.7500000000000002,360,0.99,8.0,10,2,430
134.66666666666669,-1.6,1.770710678118655,360,1.0,8.0,11,2,431
145.88888888888889,-1.8,1.786602540378444,360,1.0,8.0,12,2,432
179.55555555555554,-1.7,1.796592582628907,360,0.99,8.0,13,2,433
145.88888888888889,-2.0,1.8000000000000003,360,0.98,10.0,14,2,434
89.77777777777777,-2.0,1.796592582628907,360,0.98,10.0,15,2,435
33.66666666666667,-2.4,1.786602540378444,360,0.99,10.0,16,2,436
0.0,-2.3,1.770710678118655,360,0.99,10.0,17,2,437
0.0,-2.2,1.7500000000000002,360,0.97,9.0,18,2,438
0.0,-1.8,1.7258819045102523,360,0.95,10.0,19,2,439
0.0,-1.2,1.7000000000000002,360,0.9,9.0,20,2,440
0.0,-0.9,1.674118095489748,360,0.89,9.0,21,2,441
0.0,-0.7,1.6500000000000001,360,0.83,10.0,22,2,442
0.0,-1.0,1.6292893218813456,360,0.84,8.0,23,2,443
0.0,-1.2,1.6133974596215563,360,0.81,10.0,24,2,444
0.0,-1.3,1.1034074173710935,360,0.78,11.0,1,3,445
0.0,-1.4,1.1,360,0.79,10.0,2,3,446
0.0,-1.2,1.1034074173710933,360,0.78,10.0,3,3,447
0.0,-1.7,1.1133974596215563,360,0.85,10.0,4,3,448
0.0,-2.1,1.1292893218813453,360,0.86,11.0,5,3,449
0.0,-1.9,1.1500000000000001,360,0.83,10.0,6,3,450
0.0,-1.8,1.174118095489748,360,0.83,12.0,7,3,451
0.0,-2.1,1.2000000000000002,360,0.84,11.0,8,3,452
44.888888888888886,-2.1,1.2258819045102523,360,0.83,10.0,9,3,453
168.33333333333331,-2.4,1.2500000000000002,360,0.83,10.0,10,3,454
347.8888888888889,-1.6,1.270710678118655,360,0.78,11.0,11,3,455
527.4444444444445,-0.8,1.286602540378444,360,0.72,11.0,12,3,456
718.2222222222222,-0.3,1.296592582628907,360,0.71,10.0,13,3,457
628.4444444444443,0.2,1.3000000000000003,360,0.69,10.0,14,3,458
437.6666666666667,-0.2,1.296592582628907,360,0.7,10.0,15,3,459
179.55555555555554,-1.0,1.286602540378444,360,0.72,10.0,16,3,460
11.222222222222221,-2.0,1.270710678118655,360,0.78,8.0,17,3,461
0.0,-2.5,1.2500000000000002,360,0.8,8.0,18,3,462
0.0,-2.8,1.2258819045102523,360,0.8,10.0,19,3,463
0.0,-3.1,1.2000000000000002,360,0.82,9.0,20,3,464
0.0,-3.4,1.174118095489748,360,0.83,8.0,21,3,465
0.0,-3.6,1.1500000000000001,360,0.84,7.0,22,3,466
0.0,-3.8,1.1292893218813456,360,0.85,7.0,23,3,467
0.0,-4.2,1.1133974596215563,360,0.87,6.0,24,3,468
0.0,-4.4,0.4017037086855466,360,0.88,6.0,1,4,469
0.0,-4.4,0.4,360,0.87,5.0,2,4,470
0.0,-5.5,0.4017037086855466,360,0.9,4.0,3,4,471
0.0,-5.8,0.4066987298107781,360,0.91,4.0,4,4,472
0.0,-6.2,0.41464466094067265,360,0.93,4.0,5,4,473
0.0,-6.0,0.425,360,0.9,4.0,6,4,474
0.0,-6.2,0.437059047744874,360,0.91,4.0,7,4,475
11.222222222222221,-5.7,0.45,360,0.89,4.0,8,4,476
280.55555555555554,-4.6,0.46294095225512605,360,0.86,5.0,9,4,477
639.6666666666667,-2.9,0.47500000000000003,360,0.81,5.0,10,4,478
897.7777777777778,-1.5,0.4853553390593274,360,0.76,5.0,11,4,479
942.6666666666667,-0.2,0.49330127018922193,360,0.69,4.0,12,4,480
841.6666666666666,0.4,0.4982962913144534,360,0.68,5.0,13,4,481
639.6666666666667,0.9,0.5,360,0.67,5.0,14,4,482
448.8888888888889,1.0,0.4982962913144534,360,0.66,4.0,15,4,483
190.77777777777777,-0.9,0.49330127018922193,360,0.76,3.0,16,4,484
11.222222222222221,-2.3,0.4853553390593274,360,0.83,2.0,17,4,485
0.0,-3.0,0.47500000000000003,360,0.83,2.0,18,4,486
0.0,-3.2,0.46294095225512605,360,0.86,2.0,19,4,487
0.0,-4.1,0.45,360,0.9,1.0,20,4,488
0.0,-4.4,0.437059047744874,360,0.93,1.0,21,4,489
0.0,-6.2,0.42500000000000004,360,0.94,2.0,22,4,490
0.0,-6.2,0.41464466094067265,360,0.95,2.0,23,4,491
0.0,-7.2,0.4066987298107781,360,0.96,2.0,24,4,492
0.0,-7.5,0.20340741737109322,360,0.96,4.0,1,5,493
0.0,-6.4,0.20000000000000004,360,0.96,4.0,2,5,494
0.0,-5.9,0.2034074173710932,360,0.97,2.0,3,5,495
0.0,-5.6,0.21339745962155615,360,0.97,2.0,4,5,496
0.0,-5.3,0.22928932188134526,360,0.97,2.0,5,5,497
0.0,-5.2,0.25,360,0.97,2.0,6,5,498
0.0,-5.1,0.27411809548974797,360,0.97,2.0,7,5,499
0.0,-5.3,0.30000000000000004,360,0.97,2.0,8,5,500
56.111111111111114,-4.8,0.3258819045102521,360,0.98,2.0,9,5,501
89.77777777777777,-4.6,0.3500000000000001,360,0.98,2.0,10,5,502
202.0,-4.0,0.3707106781186548,360,0.98,2.0,11,5,503
202.0,-3.5,0.38660254037844394,360,0.98,2.0,12,5,504
134.66666666666669,-3.1,0.3965925826289069,360,0.99,2.0,13,5,505
112.22222222222223,-2.9,0.4,360,0.99,2.0,14,5,506
67.33333333333334,-2.8,0.3965925826289069,360,0.99,3.0,15,5,507
22.444444444444443,-2.6,0.38660254037844394,360,0.99,2.0,16,5,508
0.0,-2.7,0.3707106781186548,360,1.0,2.0,17,5,509
0.0,-2.6,0.3500000000000001,360,1.0,2.0,18,5,510
0.0,-2.5,0.3258819045102521,360,1.0,2.0,19,5,511
0.0,-2.3,0.30000000000000004,360,1.0,2.0,20,5,512
0.0,-2.4,0.27411809548974797,360,1.0,2.0,21,5,513
0.0,-2.4,0.25000000000000006,360,1.0,2.0,22,5,514
0.0,-2.6,0.2292893218813453,360,1.0,1.0,23,5,515
0.0,-2.5,0.21339745962155615,360,1.0,1.0,24,5,516
0.0,-2.6,0.20511112605663975,360,1.0,2.0,1,6,517
0.0,-2.6,0.19999999999999998,360,1.0,4.0,2,6,518
0.0,-2.9,0.20511112605663973,360,1.0,5.0,3,6,519
0.0,-3.3,0.22009618943233417,360,0.98,6.0,4,6,520
0.0,-3.6,0.24393398282201778,360,0.95,6.0,5,6,521
0.0,-3.6,0.2749999999999999,360,0.95,6.0,6,6,522
0.0,-3.4,0.31117714323462187,360,0.93,8.0,7,6,523
11.222222222222221,-3.3,0.35,360,0.92,6.0,8,6,524
11.222222222222221,-3.2,0.3888228567653781,360,0.89,8.0,9,6,525
56.111111111111114,-3.2,0.425,360,0.9,7.0,10,6,526
89.77777777777777,-3.2,0.4560660171779821,360,0.89,8.0,11,6,527
134.66666666666669,-2.9,0.4799038105676658,360,0.87,7.0,12,6,528
134.66666666666669,-2.6,0.49488887394336023,360,0.81,7.0,13,6,529
123.44444444444446,-3.0,0.5,360,0.81,8.0,14,6,530
112.22222222222223,-3.7,0.49488887394336023,360,0.82,8.0,15,6,531
67.33333333333334,-4.4,0.4799038105676658,360,0.83,8.0,16,6,532
11.222222222222221,-5.9,0.4560660171779821,360,0.86,8.0,17,6,533
0.0,-6.9,0.425,360,0.86,8.0,18,6,534
0.0,-8.3,0.3888228567653781,360,0.91,8.0,19,6,535
0.0,-8.2,0.35,360,0.9,8.0,20,6,536
0.0,-7.3,0.31117714323462187,360,0.89,8.0,21,6,537
0.0,-7.1,0.275,360,0.88,7.0,22,6,538
0.0,-6.8,0.24393398282201786,360,0.87,7.0,23,6,539
0.0,-6.4,0.22009618943233417,360,0.85,6.0,24,6,540
0.0,-7.0,0.3017037086855465,360,0.89,6.0,1,7,541
0.0,-6.7,0.29999999999999993,360,0.88,6.0,2,7,542
0.0,-7.1,0.3017037086855465,360,0.88,6.0,3,7,543
0.0,-8.1,0.306698729810778,360,0.88,7.0,4,7,544
0.0,-8.6,0.31464466094067256,360,0.87,8.0,5,7,545
0.0,-9.8,0.32499999999999996,360,0.86,7.0,6,7,546
0.0,-10.3,0.33705904774487394,360,0.85,7.0,7,7,547
0.0,-11.4,0.35,360,0.86,7.0,8,7,548
67.33333333333334,-11.4,0.362940952255126,360,0.84,6.0,9,7,549
123.44444444444446,-10.6,0.375,360,0.81,8.0,10,7,550
168.33333333333331,-9.5,0.3853553390593274,360,0.79,8.0,11,7,551
179.55555555555554,-7.9,0.3933012701892219,360,0.77,7.0,12,7,552
179.55555555555554,-7.2,0.39829629131445343,360,0.75,8.0,13,7,553
168.33333333333331,-6.5,0.4,360,0.73,7.0,14,7,554
134.66666666666669,-6.3,0.39829629131445343,360,0.73,8.0,15,7,555
101.0,-6.8,0.3933012701892219,360,0.72,6.0,16,7,556
11.222222222222221,-7.5,0.3853553390593274,360,0.68,6.0,17,7,557
0.0,-6.6,0.375,360,0.61,8.0,18,7,558
0.0,-6.4,0.362940952255126,360,0.65,8.0,19,7,559
0.0,-7.3,0.35,360,0.72,6.0,20,7,560
0.0,-6.3,0.33705904774487394,360,0.73,7.0,21,7,561
0.0,-5.9,0.32499999999999996,360,0.76,8.0,22,7,562
0.0,-5.6,0.3146446609406726,360,0.79,8.0,23,7,563
0.0,-4.9,0.30669872981077806,360,0.81,8.0,24,7,564
0.0,-5.3,0.2017037086855466,360,0.86,7.0,1,8,565
0.0,-5.7,0.2,360,0.9,6.0,2,8,566
0.0,-5.8,0.2017037086855466,360,0.93,7.0,3,8,567
0.0,-5.9,0.20669872981077808,360,0.95,5.0,4,8,568
0.0,-3.4,0.2146446609406726,360,0.95,7.0,5,8,569
0.0,-2.0,0.22499999999999998,360,0.95,10.0,6,8,570
0.0,-1.4,0.23705904774487396,360,0.93,10.0,7,8,571
11.222222222222221,-1.4,0.25,360,0.91,10.0,8,8,572
44.888888888888886,-1.3,0.26294095225512604,360,0.87,10.0,9,8,573
168.33333333333331,-1.5,0.275,360,0.86,10.0,10,8,574
179.55555555555554,-1.7,0.28535533905932736,360,0.83,10.0,11,8,575
202.0,-2.2,0.2933012701892219,360,0.82,10.0,12,8,576
258.11111111111114,-2.7,0.2982962913144534,360,0.81,9.0,13,8,577
179.55555555555554,-2.6,0.3,360,0.79,10.0,14,8,578
190.77777777777777,-2.2,0.2982962913144534,360,0.78,8.0,15,8,579
145.88888888888889,-2.2,0.2933012701892219,360,0.78,7.0,16,8,580
11.222222222222221,-2.7,0.28535533905932736,360,0.79,8.0,17,8,581
0.0,-4.0,0.275,360,0.84,5.0,18,8,582
0.0,-5.0,0.26294095225512604,360,0.88,4.0,19,8,583
0.0,-5.5,0.25,360,0.87,4.0,20,8,584
0.0,-5.8,0.23705904774487396,360,0.87,3.0,21,8,585
0.0,-6.4,0.225,360,0.88,3.0,22,8,586
0.0,-7.6,0.21464466094067264,360,0.89,2.0,23,8,587
0.0,-8.1,0.20669872981077808,360,0.95,2.0,24,8,588
0.0,-8.0,0.2,360,0.96,2.0,1,9,589
0.0,-8.3,0.2,360,0.95,1.0,2,9,590
0.0,-9.1,0.2,360,0.95,1.0,3,9,591
0.0,-9.3,0.2,360,0.94,1.0,4,9,592
0.0,-9.4,0.2,360,0.94,1.0,5,9,593
0.0,-9.9,0.2,360,0.93,1.0,6,9,594
0.0,-10.9,0.2,360,0.92,1.0,7,9,595
11.222222222222221,-11.6,0.2,360,0.91,1.0,8,9,596
235.66666666666669,-9.6,0.2,360,0.92,2.0,9,9,597
527.4444444444445,-7.9,0.2,360,0.92,2.0,10,9,598
751.8888888888888,-5.9,0.2,360,0.9,3.0,11,9,599
841.6666666666666,-3.3,0.2,360,0.78,4.0,12,9,600
808.0,-2.1,0.2,360,0.73,3.0,13,9,601
830.4444444444446,-2.0,0.2,360,0.73,4.0,14,9,602
594.7777777777778,-2.2,0.2,360,0.74,5.0,15,9,603
258.11111111111114,-3.4,0.2,360,0.75,4.0,16,9,604
22.444444444444443,-5.3,0.2,360,0.84,4.0,17,9,605
0.0,-5.4,0.2,360,0.83,4.0,18,9,606
0.0,-6.3,0.2,360,0.85,3.0,19,9,607
0.0,-6.5,0.2,360,0.86,2.0,20,9,608
0.0,-6.7,0.2,360,0.89,3.0,21,9,609
0.0,-7.6,0.2,360,0.91,3.0,22,9,610
0.0,-7.3,0.2,360,0.88,4.0,23,9,611
0.0,-7.8,0.2,360,0.9,4.0,24,9,612
0.0,-8.3,0.2,360,0.91,3.0,1,10,613
0.0,-8.1,0.2,360,0.91,4.0,2,10,614
0.0,-8.5,0.2,360,0.92,4.0,3,10,615
0.0,-9.0,0.2,360,0.93,4.0,4,10,616
0.0,-9.5,0.2,360,0.94,3.0,5,10,617
0.0,-8.8,0.2,360,0.93,4.0,6,10,618
0.0,-9.2,0.2,360,0.93,4.0,7,10,619
11.222222222222221,-8.6,0.2,360,0.91,4.0,8,10,620
246.8888888888889,-8.0,0.2,360,0.9,3.0,9,10,621
572.3333333333333,-5.5,0.2,360,0.84,4.0,10,10,622
740.6666666666667,-3.2,0.2,360,0.79,4.0,11,10,623
897.7777777777778,-0.8,0.2,360,0.71,4.0,12,10,624
976.3333333333333,-0.9,0.2,360,0.73,4.0,13,10,625
763.1111111111111,-1.1,0.2,360,0.72,5.0,14,10,626
505.0,-1.1,0.2,360,0.75,5.0,15,10,627
235.66666666666669,-2.6,0.2,360,0.77,4.0,16,10,628
22.444444444444443,-2.3,0.2,360,0.78,2.0,17,10,629
0.0,-3.4,0.2,360,0.82,2.0,18,10,630
0.0,-4.4,0.2,360,0.84,2.0,19,10,631
0.0,-5.0,0.2,360,0.84,2.0,20,10,632
0.0,-5.1,0.2,360,0.86,2.0,21,10,633
0.0,-5.3,0.2,360,0.85,5.0,22,10,634
0.0,-5.5,0.2,360,0.89,2.0,23,10,635
0.0,-6.1,0.2,360,0.92,1.0,24,10,636
0.0,-7.3,0.10170370868554661,360,0.94,1.0,1,11,637
0.0,-7.5,0.10000000000000002,360,0.96,1.0,2,11,638
0.0,-8.0,0.1017037086855466,360,0.96,1.0,3,11,639
0.0,-8.1,0.10669872981077808,360,0.95,1.0,4,11,640
0.0,-8.0,0.11464466094067263,360,0.95,2.0,5,11,641
0.0,-8.3,0.125,360,0.94,1.0,6,11,642
0.0,-9.3,0.13705904774487399,360,0.94,1.0,7,11,643
11.222222222222221,-8.6,0.15000000000000002,360,0.94,2.0,8,11,644
258.11111111111114,-5.7,0.16294095225512606,360,0.93,2.0,9,11,645
527.4444444444445,-2.4,0.17500000000000004,360,0.88,1.0,10,11,646
819.2222222222222,2.1,0.1853553390593274,360,0.7,2.0,11,11,647
774.3333333333333,3.7,0.19330127018922197,360,0.66,3.0,12,11,648
774.3333333333333,5.2,0.19829629131445345,360,0.62,3.0,13,11,649
673.3333333333333,5.7,0.2,360,0.63,3.0,14,11,650
415.2222222222223,6.4,0.19829629131445345,360,0.61,2.0,15,11,651
224.44444444444446,5.6,0.19330127018922197,360,0.65,2.0,16,11,652
22.444444444444443,0.0,0.1853553390593274,360,0.85,2.0,17,11,653
0.0,-1.8,0.17500000000000004,360,0.92,2.0,18,11,654
0.0,-1.3,0.16294095225512606,360,0.96,2.0,19,11,655
0.0,-3.0,0.15000000000000002,360,0.98,1.0,20,11,656
0.0,-3.2,0.13705904774487399,360,0.94,2.0,21,11,657
0.0,-1.9,0.12500000000000003,360,0.95,0.0,22,11,658
0.0,-2.2,0.11464466094067265,360,0.88,2.0,23,11,659
0.0,0.8,0.10669872981077808,360,0.81,3.0,24,11,660
0.0,1.0,0.10681483474218634,360,0.81,4.0,1,12,661
0.0,-1.8,0.09999999999999998,360,0.9,3.0,2,12,662
0.0,-0.2,0.10681483474218631,360,0.89,4.0,3,12,663
0.0,0.2,0.1267949192431122,360,0.88,4.0,4,12,664
0.0,-0.5,0.1585786437626904,360,0.91,4.0,5,12,665
0.0,-0.7,0.1999999999999999,360,0.9,5.0,6,12,666
0.0,-0.7,0.24823619097949587,360,0.87,5.0,7,12,667
11.222222222222221,-1.0,0.3,360,0.9,7.0,8,12,668
213.22222222222223,0.3,0.35176380902050414,360,0.84,8.0,9,12,669
426.44444444444446,1.5,0.4,360,0.84,8.0,10,12,670
448.8888888888889,2.4,0.4414213562373095,360,0.84,8.0,11,12,671
549.8888888888889,3.8,0.4732050807568877,360,0.78,8.0,12,12,672
471.33333333333337,3.6,0.49318516525781364,360,0.8,6.0,13,12,673
381.55555555555554,4.0,0.5,360,0.79,6.0,14,12,674
258.11111111111114,3.9,0.49318516525781364,360,0.76,6.0,15,12,675
112.22222222222223,3.5,0.4732050807568877,360,0.78,6.0,16,12,676
11.222222222222221,3.2,0.4414213562373095,360,0.77,6.0,17,12,677
0.0,3.4,0.4,360,0.76,8.0,18,12,678
0.0,3.7,0.35176380902050414,360,0.74,8.0,19,12,679
0.0,3.3,0.3,360,0.75,8.0,20,12,680
0.0,3.3,0.24823619097949587,360,0.74,8.0,21,12,681
0.0,2.6,0.2,360,0.76,7.0,22,12,682
0.0,1.9,0.15857864376269049,360,0.78,6.0,23,12,683
0.0,0.9,0.12679491924311223,360,0.83,3.0,24,12,684
0.0,2.3,0.23066675633983869,360,0.72,5.0,1,13,685
0.0,2.4,0.20000000000000007,360,0.69,6.0,2,13,686
0.0,2.6,0.23066675633983857,360,0.68,6.0,3,13,687
0.0,1.9,0.3205771365940051,360,0.72,4.0,4,13,688
0.0,2.0,0.4636038969321069,360,0.73,7.0,5,13,689
0.0,2.0,0.6499999999999997,360,0.74,6.0,6,13,690
0.0,2.2,0.8670628594077315,360,0.72,7.0,7,13,691
0.0,1.3,1.1,360,0.78,6.0,8,13,692
67.33333333333334,1.9,1.3329371405922688,360,0.77,5.0,9,13,693
101.0,2.2,1.5500000000000003,360,0.78,6.0,10,13,694
123.44444444444446,2.0,1.736396103067893,360,0.86,6.0,11,13,695
179.55555555555554,2.5,1.879422863405995,360,0.92,6.0,12,13,696
157.1111111111111,3.1,1.9693332436601616,360,0.97,5.0,13,13,697
112.22222222222223,3.1,2.0,360,0.99,5.0,14,13,698
89.77777777777777,3.0,1.9693332436601616,360,0.99,5.0,15,13,699
33.66666666666667,3.0,1.879422863405995,360,1.0,5.0,16,13,700
11.222222222222221,2.9,1.736396103067893,360,1.0,4.0,17,13,701
0.0,2.9,1.5500000000000003,360,1.0,4.0,18,13,702
0.0,3.3,1.3329371405922688,360,1.0,4.0,19,13,703
0.0,3.1,1.1,360,1.0,5.0,20,13,704
0.0,3.5,0.8670628594077315,360,1.0,3.0,21,13,705
0.0,3.2,0.6500000000000004,360,1.0,3.0,22,13,706
0.0,2.9,0.46360389693210735,360,1.0,3.0,23,13,707
0.0,2.4,0.3205771365940052,360,1.0,2.0,24,13,708
0.0,2.5,1.5306667563398386,360,1.0,2.0,1,14,709
0.0,1.7,1.5,360,1.0,2.0,2,14,710
0.0,1.0,1.5306667563398384,360,1.0,2.0,3,14,711
0.0,0.0,1.620577136594005,360,1.0,2.0,4,14,712
0.0,-0.1,1.7636038969321068,360,1.0,2.0,5,14,713
0.0,-0.7,1.9499999999999995,360,1.0,2.0,6,14,714
0.0,-0.4,2.1670628594077312,360,1.0,3.0,7,14,715
0.0,0.1,2.4,360,1.0,3.0,8,14,716
78.55555555555554,0.8,2.6329371405922686,360,1.0,4.0,9,14,717
101.0,1.4,2.85,360,1.0,4.0,10,14,718
235.66666666666669,2.6,3.0363961030678928,360,1.0,5.0,11,14,719
336.66666666666663,4.1,3.1794228634059944,360,1.0,5.0,12,14,720
336.66666666666663,4.5,3.2693332436601614,360,1.0,6.0,13,14,721
213.22222222222223,5.1,3.3,360,1.0,4.0,14,14,722
157.1111111111111,5.1,3.2693332436601614,360,1.0,4.0,15,14,723
89.77777777777777,5.0,3.1794228634059944,360,1.0,3.0,16,14,724
33.66666666666667,4.5,3.0363961030678928,360,1.0,2.0,17,14,725
0.0,4.5,2.85,360,1.0,3.0,18,14,726
0.0,3.8,2.6329371405922686,360,1.0,2.0,19,14,727
0.0,3.2,2.4,360,1.0,2.0,20,14,728
0.0,2.3,2.1670628594077312,360,1.0,2.0,21,14,729
0.0,1.6,1.9500000000000002,360,1.0,1.71428571428571,22,14,730
0.0,0.9,1.7636038969321073,360,1.0,1.42857142857143,23,14,731
0.0,0.2,1.6205771365940052,360,1.0,1.14285714285714,24,14,732
0.0,-0.5,3.311925960798826,360,1.0,0.857142857142857,1,15,733
0.0,-1.2,3.3,360,1.0,0.571428571428571,2,15,734
0.0,-1.9,3.311925960798826,360,1.0,0.285714285714286,3,15,735
0.0,-2.6,3.3468911086754463,360,1.0,0.0,4,15,736
0.0,-1.7,3.402512626584708,360,1.0,0.0,5,15,737
0.0,-1.6,3.4749999999999996,360,1.0,0.0,6,15,738
0.0,-1.5,3.559413334214118,360,1.0,2.0,7,15,739
0.0,-1.3,3.65,360,1.0,2.0,8,15,740
33.66666666666667,-1.6,3.7405866657858824,360,1.0,3.0,9,15,741
101.0,-1.7,3.825,360,1.0,2.0,10,15,742
168.33333333333331,-1.4,3.8974873734152915,360,1.0,3.0,11,15,743
179.55555555555554,-1.4,3.9531088913245536,360,1.0,3.0,12,15,744
190.77777777777777,-1.5,3.988074039201174,360,1.0,4.0,13,15,745
202.0,-1.6,4.0,360,1.0,5.0,14,15,746
157.1111111111111,-1.6,3.988074039201174,360,1.0,5.0,15,15,747
89.77777777777777,-1.4,3.9531088913245536,360,1.0,4.0,16,15,748
11.222222222222221,-1.7,3.8974873734152915,360,1.0,4.0,17,15,749
0.0,-2.0,3.825,360,1.0,2.0,18,15,750
0.0,-2.4,3.7405866657858824,360,1.0,2.0,19,15,751
0.0,-3.2,3.65,360,1.0,0.0,20,15,752
0.0,-3.0,3.559413334214118,360,1.0,0.0,21,15,753
0.0,-2.7,3.475,360,1.0,0.0,22,15,754
0.0,-3.4,3.4025126265847083,360,1.0,0.0,23,15,755
0.0,-3.4,3.3468911086754463,360,1.0,0.0,24,15,756
0.0,-3.3,2.2170370868554663,360,1.0,0.0,1,16,757
0.0,-3.9,2.2,360,1.0,0.0,2,16,758
0.0,-3.8,2.217037086855466,360,1.0,0.0,3,16,759
0.0,-4.0,2.2669872981077805,360,1.0,0.0,4,16,760
0.0,-4.6,2.3464466094067262,360,1.0,0.0,5,16,761
0.0,-4.3,2.45,360,1.0,0.0,6,16,762
0.0,-3.8,2.57059047744874,360,1.0,0.0,7,16,763
11.222222222222221,-4.3,2.7,360,1.0,0.0,8,16,764
224.44444444444446,-2.8,2.8294095225512605,360,1.0,0.0,9,16,765
471.33333333333337,-1.3,2.95,360,1.0,2.0,10,16,766
662.1111111111112,0.5,3.053553390593274,360,0.97,3.0,11,16,767
864.1111111111111,2.2,3.1330127018922194,360,0.9,3.0,12,16,768
729.4444444444443,3.7,3.1829629131445345,360,0.86,3.0,13,16,769
650.8888888888889,4.6,3.2,360,0.82,4.0,14,16,770
471.33333333333337,4.8,3.1829629131445345,360,0.79,4.0,15,16,771
235.66666666666669,3.6,3.1330127018922194,360,0.84,3.0,16,16,772
33.66666666666667,1.5,3.053553390593274,360,0.93,2.0,17,16,773
0.0,0.8,2.95,360,0.96,2.0,18,16,774
0.0,0.6,2.8294095225512605,360,0.98,2.0,19,16,775
0.0,0.0,2.7,360,1.0,2.0,20,16,776
0.0,-0.4,2.57059047744874,360,1.0,0.0,21,16,777
0.0,-1.3,2.45,360,1.0,0.0,22,16,778
0.0,-1.6,2.3464466094067262,360,1.0,0.0,23,16,779
0.0,-1.7,2.266987298107781,360,1.0,0.0,24,16,780
0.0,-1.7,1.9340741737109317,360,1.0,0.0,1,17,781
0.0,-1.9,1.9,360,1.0,0.0,2,17,782
0.0,-2.0,1.9340741737109317,360,1.0,0.0,3,17,783
0.0,-2.4,2.033974596215561,360,1.0,0.0,4,17,784
0.0,-2.5,2.192893218813452,360,1.0,0.0,5,17,785
0.0,-2.6,2.3999999999999995,360,1.0,0.0,6,17,786
0.0,-3.2,2.641180954897479,360,1.0,0.0,7,17,787
11.222222222222221,-1.9,2.9,360,1.0,0.0,8,17,788
112.22222222222223,-1.9,3.1588190451025207,360,1.0,0.0,9,17,789
370.33333333333337,0.9,3.4,360,1.0,1.0,10,17,790
381.55555555555554,1.3,3.6071067811865474,360,1.0,2.0,11,17,791
606.0,3.5,3.7660254037844387,360,0.93,2.0,12,17,792
673.3333333333333,6.2,3.865925826289068,360,0.79,1.0,13,17,793
516.2222222222223,5.7,3.9,360,0.85,2.0,14,17,794
336.66666666666663,5.3,3.865925826289068,360,0.91,3.0,15,17,795
202.0,5.2,3.7660254037844387,360,0.93,2.0,16,17,796
33.66666666666667,4.5,3.6071067811865474,360,0.98,1.0,17,17,797
0.0,2.7,3.4,360,1.0,0.0,18,17,798
0.0,3.2,3.1588190451025207,360,1.0,1.0,19,17,799
0.0,3.3,2.9,360,1.0,2.0,20,17,800
0.0,2.1,2.641180954897479,360,1.0,2.0,21,17,801
0.0,1.8,2.4000000000000004,360,1.0,1.0,22,17,802
0.0,1.5,2.1928932188134524,360,1.0,2.0,23,17,803
0.0,1.5,2.033974596215561,360,1.0,2.0,24,17,804
0.0,2.0,3.5442964258242116,360,1.0,1.0,1,18,805
0.0,2.0,3.5,360,1.0,1.0,2,18,806
0.0,2.0,3.544296425824211,360,1.0,1.0,3,18,807
0.0,2.0,3.6741669750802295,360,1.0,2.0,4,18,808
0.0,2.1,3.8807611844574876,360,1.0,1.0,5,18,809
0.0,1.4,4.1499999999999995,360,1.0,1.0,6,18,810
0.0,0.8,4.463535241366723,360,1.0,2.0,7,18,811
11.222222222222221,1.7,4.8,360,1.0,2.0,8,18,812
179.55555555555554,2.9,5.136464758633276,360,1.0,4.0,9,18,813
370.33333333333337,4.9,5.45,360,0.92,5.0,10,18,814
437.6666666666667,5.4,5.719238815542512,360,0.95,6.0,11,18,815
583.5555555555555,7.2,5.92583302491977,360,0.88,6.0,12,18,816
370.33333333333337,7.5,6.055703574175789,360,0.87,6.0,13,18,817
246.8888888888889,7.6,6.1,360,0.88,5.0,14,18,818
190.77777777777777,7.8,6.055703574175789,360,0.87,6.0,15,18,819
89.77777777777777,7.7,5.92583302491977,360,0.88,6.0,16,18,820
11.222222222222221,7.7,5.719238815542512,360,0.89,5.0,17,18,821
0.0,7.7,5.45,360,0.91,6.0,18,18,822
0.0,7.5,5.136464758633276,360,0.99,7.0,19,18,823
0.0,7.1,4.8,360,1.0,7.0,20,18,824
0.0,7.0,4.463535241366723,360,1.0,6.0,21,18,825
0.0,7.1,4.15,360,1.0,6.0,22,18,826
0.0,7.1,3.880761184457488,360,1.0,6.0,23,18,827
0.0,7.3,3.6741669750802295,360,1.0,6.0,24,18,828
0.0,7.2,5.444296425824212,360,1.0,6.0,1,19,829
0.0,7.2,5.4,360,1.0,7.0,2,19,830
0.0,7.2,5.444296425824211,360,1.0,7.0,3,19,831
0.0,7.3,5.57416697508023,360,1.0,7.0,4,19,832
0.0,7.2,5.7807611844574875,360,1.0,6.0,5,19,833
0.0,7.2,6.05,360,1.0,6.0,6,19,834
0.0,7.3,6.363535241366724,360,1.0,5.0,7,19,835
0.0,7.6,6.7,360,1.0,4.0,8,19,836
44.888888888888886,8.0,7.036464758633277,360,1.0,4.0,9,19,837
123.44444444444446,9.3,7.3500000000000005,360,1.0,5.0,10,19,838
168.33333333333331,10.3,7.619238815542512,360,1.0,6.0,11,19,839
213.22222222222223,10.6,7.8258330249197705,360,1.0,7.0,12,19,840
246.8888888888889,11.5,7.955703574175789,360,1.0,6.0,13,19,841
190.77777777777777,11.3,8.0,360,1.0,9.0,14,19,842
67.33333333333334,11.5,7.955703574175789,360,1.0,8.0,15,19,843
56.111111111111114,11.4,7.8258330249197705,360,1.0,8.0,16,19,844
11.222222222222221,10.9,7.619238815542512,360,1.0,7.0,17,19,845
0.0,10.7,7.3500000000000005,360,0.99,8.0,18,19,846
0.0,10.3,7.036464758633277,360,1.0,8.0,19,19,847
0.0,9.9,6.7,360,1.0,8.0,20,19,848
0.0,10.1,6.363535241366724,360,1.0,8.0,21,19,849
0.0,10.0,6.050000000000001,360,1.0,8.0,22,19,850
0.0,10.3,5.780761184457488,360,1.0,8.0,23,19,851
0.0,10.5,5.57416697508023,360,1.0,9.0,24,19,852
0.0,10.6,7.217037086855465,360,1.0,7.0,1,20,853
0.0,10.0,7.199999999999999,360,1.0,5.0,2,20,854
0.0,9.0,7.217037086855465,360,1.0,4.0,3,20,855
0.0,8.9,7.2669872981077805,360,1.0,5.0,4,20,856
0.0,7.6,7.346446609406725,360,1.0,5.0,5,20,857
0.0,6.5,7.449999999999999,360,1.0,4.0,6,20,858
0.0,6.3,7.570590477448739,360,1.0,4.0,7,20,859
11.222222222222221,6.1,7.699999999999999,360,1.0,4.0,8,20,860
78.55555555555554,6.3,7.829409522551259,360,1.0,6.0,9,20,861
224.44444444444446,7.5,7.949999999999999,360,1.0,6.0,10,20,862
370.33333333333337,8.1,8.053553390593272,360,1.0,6.0,11,20,863
673.3333333333333,9.8,8.133012701892218,360,0.93,6.0,12,20,864
617.2222222222222,10.0,8.182962913144532,360,0.84,8.0,13,20,865
291.77777777777777,10.0,8.2,360,0.8,8.0,14,20,866
190.77777777777777,10.0,8.182962913144532,360,0.84,8.0,15,20,867
67.33333333333334,9.7,8.133012701892218,360,0.88,7.0,16,20,868
11.222222222222221,9.5,8.053553390593272,360,0.86,7.0,17,20,869
0.0,8.8,7.949999999999999,360,0.95,7.0,18,20,870
0.0,8.8,7.829409522551259,360,0.96,6.0,19,20,871
0.0,8.4,7.699999999999999,360,0.98,7.0,20,20,872
0.0,7.9,7.570590477448739,360,1.0,8.0,21,20,873
0.0,8.4,7.449999999999999,360,0.97,10.0,22,20,874
0.0,8.3,7.346446609406726,360,0.97,10.0,23,20,875
0.0,7.6,7.2669872981077805,360,1.0,7.0,24,20,876
0.0,8.1,7.523851921597651,360,0.99,8.0,1,21,877
0.0,7.7,7.499999999999999,360,1.0,7.0,2,21,878
0.0,8.0,7.523851921597651,360,1.0,6.0,3,21,879
0.0,8.7,7.593782217350892,360,1.0,5.0,4,21,880
0.0,9.3,7.705025253169415,360,1.0,6.0,5,21,881
0.0,9.7,7.849999999999999,360,1.0,7.0,6,21,882
0.0,9.7,8.018826668428234,360,1.0,7.0,7,21,883
0.0,9.5,8.2,360,1.0,8.0,8,21,884
44.888888888888886,9.5,8.381173331571764,360,1.0,6.0,9,21,885
78.55555555555554,9.7,8.549999999999999,360,1.0,8.0,10,21,886
157.1111111111111,10.1,8.694974746830583,360,1.0,7.0,11,21,887
213.22222222222223,10.3,8.806217782649107,360,1.0,8.0,12,21,888
246.8888888888889,10.6,8.876148078402347,360,1.0,9.0,13,21,889
168.33333333333331,10.6,8.899999999999999,360,1.0,8.0,14,21,890
145.88888888888889,10.7,8.876148078402347,360,1.0,7.0,15,21,891
67.33333333333334,10.7,8.806217782649107,360,1.0,8.0,16,21,892
11.222222222222221,10.8,8.694974746830583,360,1.0,8.0,17,21,893
0.0,10.6,8.549999999999999,360,1.0,8.0,18,21,894
0.0,10.1,8.381173331571764,360,1.0,6.0,19,21,895
0.0,10.0,8.2,360,1.0,8.0,20,21,896
0.0,10.1,8.018826668428234,360,1.0,7.0,21,21,897
0.0,10.0,7.85,360,1.0,7.0,22,21,898
0.0,9.8,7.705025253169416,360,1.0,7.0,23,21,899
0.0,9.7,7.593782217350892,360,1.0,6.0,24,21,900
0.0,9.5,8.60511112605664,360,1.0,6.0,1,22,901
0.0,9.6,8.6,360,1.0,7.0,2,22,902
0.0,9.7,8.60511112605664,360,1.0,8.0,3,22,903
0.0,9.8,8.620096189432333,360,0.97,6.0,4,22,904
0.0,9.7,8.643933982822018,360,0.93,6.0,5,22,905
0.0,9.3,8.674999999999999,360,0.98,5.0,6,22,906
0.0,9.0,8.711177143234622,360,1.0,4.0,7,22,907
11.222222222222221,8.3,8.75,360,1.0,4.0,8,22,908
22.444444444444443,8.3,8.788822856765378,360,1.0,4.0,9,22,909
101.0,8.4,8.825000000000001,360,1.0,5.0,10,22,910
157.1111111111111,8.9,8.856066017177982,360,1.0,4.0,11,22,911
179.55555555555554,8.8,8.879903810567667,360,1.0,6.0,12,22,912
168.33333333333331,9.0,8.89488887394336,360,0.97,5.0,13,22,913
123.44444444444446,8.9,8.9,360,0.96,5.0,14,22,914
101.0,8.5,8.89488887394336,360,1.0,6.0,15,22,915
78.55555555555554,8.6,8.879903810567667,360,1.0,4.0,16,22,916
22.444444444444443,8.2,8.856066017177982,360,1.0,3.0,17,22,917
0.0,8.2,8.825000000000001,360,1.0,4.0,18,22,918
0.0,8.4,8.788822856765378,360,1.0,4.0,19,22,919
0.0,8.1,8.75,360,1.0,4.0,20,22,920
0.0,7.9,8.711177143234622,360,1.0,2.0,21,22,921
0.0,7.9,8.675,360,1.0,3.0,22,22,922
0.0,7.9,8.643933982822018,360,1.0,3.0,23,22,923
0.0,7.9,8.620096189432333,360,1.0,3.0,24,22,924
0.0,7.8,8.111925960798825,360,1.0,3.0,1,23,925
0.0,7.7,8.099999999999998,360,1.0,4.0,2,23,926
0.0,7.6,8.111925960798825,360,1.0,3.0,3,23,927
0.0,7.6,8.146891108675446,360,1.0,4.0,4,23,928
0.0,7.5,8.202512626584706,360,1.0,4.0,5,23,929
0.0,7.5,8.274999999999999,360,1.0,3.0,6,23,930
0.0,7.4,8.359413334214118,360,1.0,3.0,7,23,931
0.0,7.4,8.45,360,1.0,2.0,8,23,932
33.66666666666667,7.5,8.54058666578588,360,1.0,4.0,9,23,933
89.77777777777777,7.8,8.625,360,1.0,2.0,10,23,934
112.22222222222223,8.0,8.697487373415292,360,1.0,2.0,11,23,935
202.0,8.9,8.753108891324553,360,1.0,2.0,12,23,936
314.2222222222222,9.6,8.788074039201174,360,0.76,3.0,13,23,937
213.22222222222223,9.3,8.8,360,0.74,4.0,14,23,938
179.55555555555554,9.4,8.788074039201174,360,0.73,3.0,15,23,939
89.77777777777777,8.9,8.753108891324553,360,0.72,4.0,16,23,940
11.222222222222221,8.6,8.697487373415292,360,0.74,2.0,17,23,941
0.0,7.9,8.625,360,0.85,2.0,18,23,942
0.0,7.7,8.54058666578588,360,0.86,2.0,19,23,943
0.0,7.6,8.45,360,0.87,3.0,20,23,944
0.0,7.2,8.359413334214118,360,0.89,3.0,21,23,945
0.0,6.7,8.274999999999999,360,0.97,3.0,22,23,946
0.0,5.7,8.202512626584708,360,1.0,2.0,23,23,947
0.0,5.2,8.146891108675446,360,1.0,2.0,24,23,948
0.0,4.4,6.830666756339838,360,1.0,2.0,1,24,949
0.0,4.1,6.799999999999999,360,1.0,2.0,2,24,950
0.0,3.7,6.830666756339838,360,1.0,3.0,3,24,951
0.0,3.7,6.920577136594004,360,1.0,4.0,4,24,952
0.0,3.8,7.063603896932106,360,1.0,4.0,5,24,953
0.0,3.9,7.249999999999999,360,1.0,4.0,6,24,954
0.0,4.7,7.467062859407731,360,1.0,4.0,7,24,955
0.0,5.3,7.699999999999999,360,1.0,4.0,8,24,956
56.111111111111114,6.1,7.9329371405922675,360,1.0,5.0,9,24,957
202.0,6.9,8.149999999999999,360,1.0,6.0,10,24,958
347.8888888888889,8.0,8.336396103067893,360,1.0,6.0,11,24,959
359.1111111111111,8.6,8.479422863405993,360,1.0,5.0,12,24,960
617.2222222222222,10.3,8.56933324366016,360,1.0,6.0,13,24,961
448.8888888888889,10.2,8.6,360,1.0,5.0,14,24,962
258.11111111111114,10.5,8.56933324366016,360,1.0,4.0,15,24,963
123.44444444444446,10.0,8.479422863405993,360,1.0,5.0,16,24,964
22.444444444444443,9.3,8.336396103067893,360,1.0,4.0,17,24,965
0.0,9.1,8.149999999999999,360,1.0,4.0,18,24,966
0.0,8.9,7.9329371405922675,360,1.0,6.0,19,24,967
0.0,8.7,7.699999999999999,360,1.0,6.0,20,24,968
0.0,8.3,7.467062859407731,360,1.0,6.0,21,24,969
0.0,7.7,7.25,360,1.0,6.0,22,24,970
0.0,8.1,7.063603896932107,360,1.0,6.0,23,24,971
0.0,8.0,6.920577136594004,360,1.0,6.0,24,24,972
0.0,7.9,8.213629669484373,360,1.0,5.0,1,25,973
0.0,8.1,8.2,360,1.0,5.0,2,25,974
0.0,8.1,8.213629669484371,360,1.0,5.0,3,25,975
0.0,8.0,8.253589838486224,360,1.0,4.0,4,25,976
0.0,8.0,8.31715728752538,360,1.0,4.0,5,25,977
0.0,7.9,8.399999999999999,360,1.0,4.0,6,25,978
0.0,7.8,8.496472381958991,360,1.0,2.0,7,25,979
0.0,7.7,8.6,360,1.0,3.0,8,25,980
56.111111111111114,7.5,8.703527618041008,360,1.0,3.0,9,25,981
101.0,7.8,8.8,360,1.0,3.0,10,25,982
190.77777777777777,8.2,8.882842712474618,360,1.0,3.0,11,25,983
303.0,9.0,8.946410161513775,360,1.0,3.0,12,25,984
190.77777777777777,9.1,8.986370330515628,360,1.0,4.0,13,25,985
145.88888888888889,8.9,9.0,360,1.0,3.0,14,25,986
89.77777777777777,8.9,8.986370330515628,360,1.0,3.0,15,25,987
44.888888888888886,8.7,8.946410161513775,360,1.0,4.0,16,25,988
11.222222222222221,8.5,8.882842712474618,360,1.0,4.0,17,25,989
0.0,8.3,8.8,360,1.0,3.0,18,25,990
0.0,8.2,8.703527618041008,360,1.0,4.0,19,25,991
0.0,8.0,8.6,360,1.0,4.0,20,25,992
0.0,7.8,8.496472381958991,360,1.0,4.0,21,25,993
0.0,7.7,8.4,360,1.0,4.0,22,25,994
0.0,7.6,8.317157287525381,360,1.0,4.0,23,25,995
0.0,7.5,8.253589838486224,360,1.0,4.0,24,25,996
0.0,7.4,8.011925960798827,360,1.0,5.0,1,26,997
0.0,7.1,8.0,360,1.0,4.0,2,26,998
0.0,7.0,8.011925960798827,360,1.0,5.0,3,26,999
0.0,6.9,8.046891108675446,360,1.0,3.0,4,26,1000
0.0,6.7,8.102512626584708,360,1.0,4.0,5,26,1001
0.0,6.5,8.174999999999999,360,1.0,4.0,6,26,1002
0.0,6.6,8.259413334214118,360,1.0,5.0,7,26,1003
11.222222222222221,6.6,8.35,360,1.0,5.0,8,26,1004
145.88888888888889,6.9,8.440586665785881,360,1.0,6.0,9,26,1005
112.22222222222223,7.3,8.525,360,1.0,8.0,10,26,1006
235.66666666666669,8.0,8.59748737341529,360,1.0,7.0,11,26,1007
101.0,7.7,8.653108891324553,360,1.0,8.0,12,26,1008
145.88888888888889,7.6,8.688074039201172,360,0.98,8.0,13,26,1009
235.66666666666669,8.2,8.7,360,0.88,2.0,14,26,1010
258.11111111111114,8.5,8.688074039201172,360,0.82,2.0,15,26,1011
168.33333333333331,8.5,8.653108891324553,360,0.82,2.0,16,26,1012
33.66666666666667,7.1,8.59748737341529,360,0.92,2.0,17,26,1013
0.0,6.2,8.525,360,0.95,3.0,18,26,1014
0.0,4.9,8.440586665785881,360,1.0,2.0,19,26,1015
0.0,4.7,8.35,360,1.0,2.0,20,26,1016
0.0,4.2,8.259413334214118,360,1.0,2.0,21,26,1017
0.0,3.3,8.175,360,1.0,2.0,22,26,1018
0.0,2.7,8.102512626584708,360,1.0,1.0,23,26,1019
0.0,1.5,8.046891108675446,360,1.0,1.0,24,26,1020
0.0,1.4,5.227259338968746,360,1.0,1.0,1,27,1021
0.0,0.9,5.2,360,1.0,0.0,2,27,1022
0.0,0.6,5.227259338968746,360,1.0,0.0,3,27,1023
0.0,-0.2,5.307179676972449,360,1.0,0.0,4,27,1024
0.0,-0.3,5.434314575050761,360,1.0,0.0,5,27,1025
0.0,-0.2,5.6,360,1.0,0.0,6,27,1026
0.0,-0.5,5.792944763917983,360,1.0,0.0,7,27,1027
22.444444444444443,0.2,6.0,360,1.0,0.0,8,27,1028
67.33333333333334,2.1,6.207055236082017,360,1.0,1.0,9,27,1029
134.66666666666669,3.5,6.4,360,1.0,2.0,10,27,1030
303.0,5.5,6.565685424949238,360,1.0,2.0,11,27,1031
763.1111111111111,8.4,6.692820323027551,360,0.83,2.0,12,27,1032
841.6666666666666,8.9,6.772740661031254,360,0.7,4.0,13,27,1033
617.2222222222222,8.6,6.8,360,0.73,4.0,14,27,1034
269.33333333333337,7.6,6.772740661031254,360,0.78,4.0,15,27,1035
101.0,6.4,6.692820323027551,360,0.93,4.0,16,27,1036
56.111111111111114,4.5,6.565685424949238,360,1.0,1.0,17,27,1037
0.0,3.2,6.4,360,1.0,1.0,18,27,1038
0.0,3.6,6.207055236082017,360,1.0,1.0,19,27,1039
0.0,3.5,6.0,360,1.0,2.0,20,27,1040
0.0,2.9,5.792944763917983,360,1.0,2.0,21,27,1041
0.0,2.0,5.6000000000000005,360,1.0,1.0,22,27,1042
0.0,2.2,5.434314575050762,360,1.0,2.0,23,27,1043
0.0,1.8,5.307179676972449,360,1.0,2.0,24,27,1044
0.0,2.2,4.727259338968746,360,1.0,3.0,1,28,1045
0.0,2.7,4.7,360,1.0,4.0,2,28,1046
0.0,2.2,4.727259338968746,360,1.0,4.0,3,28,1047
0.0,2.1,4.807179676972449,360,1.0,3.0,4,28,1048
0.0,1.7,4.934314575050761,360,1.0,3.0,5,28,1049
0.0,1.6,5.1,360,1.0,4.0,6,28,1050
0.0,1.3,5.292944763917983,360,1.0,4.0,7,28,1051
11.222222222222221,1.3,5.5,360,1.0,3.0,8,28,1052
168.33333333333331,2.0,5.707055236082017,360,1.0,2.0,9,28,1053
527.4444444444445,4.7,5.9,360,0.98,3.0,10,28,1054
639.6666666666667,5.7,6.065685424949238,360,0.9,4.0,11,28,1055
662.1111111111112,5.8,6.192820323027551,360,0.87,5.0,12,28,1056
505.0,5.9,6.272740661031254,360,0.85,5.0,13,28,1057
460.11111111111114,5.7,6.3,360,0.86,6.0,14,28,1058
347.8888888888889,5.6,6.272740661031254,360,0.88,6.0,15,28,1059
347.8888888888889,6.2,6.192820323027551,360,0.82,6.0,16,28,1060
78.55555555555554,3.8,6.065685424949238,360,0.91,6.0,17,28,1061
0.0,2.9,5.9,360,1.0,4.0,18,28,1062
0.0,2.3,5.707055236082017,360,1.0,2.0,19,28,1063
0.0,2.3,5.5,360,1.0,3.0,20,28,1064
0.0,2.2,5.292944763917983,360,1.0,4.0,21,28,1065
0.0,2.21428571428571,5.1000000000000005,360,1.0,4.28571428571429,22,28,1066
0.0,2.22857142857143,4.934314575050762,360,1.0,4.57142857142857,23,28,1067
0.0,2.24285714285714,4.807179676972449,360,1.0,4.85714285714286,24,28,1068
0.0,2.25714285714286,4.91022225211328,360,1.0,5.14285714285714,1,29,1069
0.0,2.27142857142857,4.9,360,1.0,5.42857142857143,2,29,1070
0.0,2.28571428571429,4.91022225211328,360,1.0,5.71428571428571,3,29,1071
0.0,2.3,4.940192378864669,360,1.0,6.0,4,29,1072
0.0,2.4,4.987867965644036,360,1.0,6.0,5,29,1073
0.0,2.5,5.05,360,1.0,6.0,6,29,1074
0.0,2.6,5.122354286469244,360,1.0,6.0,7,29,1075
11.222222222222221,2.7,5.2,360,1.0,6.0,8,29,1076
168.33333333333331,2.9,5.277645713530756,360,1.0,6.0,9,29,1077
134.66666666666669,2.7,5.3500000000000005,360,0.97,7.0,10,29,1078
202.0,2.8,5.412132034355964,360,0.96,8.0,11,29,1079
190.77777777777777,3.0,5.459807621135331,360,0.91,6.0,12,29,1080
235.66666666666669,3.5,5.489777747886721,360,0.86,6.0,13,29,1081
347.8888888888889,3.8,5.5,360,0.8,7.0,14,29,1082
505.0,4.9,5.489777747886721,360,0.73,7.0,15,29,1083
314.2222222222222,4.3,5.459807621135331,360,0.77,6.0,16,29,1084
78.55555555555554,2.7,5.412132034355964,360,0.82,6.0,17,29,1085
0.0,1.2,5.3500000000000005,360,0.9,2.0,18,29,1086
0.0,0.4,5.277645713530756,360,0.91,2.0,19,29,1087
0.0,-0.5,5.2,360,0.97,2.0,20,29,1088
0.0,-0.8,5.122354286469244,360,1.0,0.0,21,29,1089
0.0,-1.6,5.050000000000001,360,1.0,0.0,22,29,1090
0.0,-1.8,4.987867965644036,360,1.0,0.0,23,29,1091
0.0,-2.0,4.940192378864669,360,1.0,0.0,24,29,1092
0.0,-2.5,2.810222252113279,360,1.0,0.0,1,30,1093
0.0,-2.9,2.8,360,1.0,0.0,2,30,1094
0.0,-3.1,2.810222252113279,360,1.0,0.0,3,30,1095
0.0,-2.8,2.840192378864668,360,1.0,0.0,4,30,1096
0.0,-2.3,2.8878679656440354,360,1.0,0.0,5,30,1097
0.0,-2.0,2.9499999999999993,360,1.0,0.0,6,30,1098
0.0,-1.5,3.0223542864692434,360,1.0,0.0,7,30,1099
11.222222222222221,-1.2,3.0999999999999996,360,1.0,0.0,8,30,1100
78.55555555555554,-0.6,3.177645713530756,360,1.0,3.0,9,30,1101
145.88888888888889,-0.2,3.2499999999999996,360,0.97,4.0,10,30,1102
179.55555555555554,-0.2,3.312132034355964,360,1.0,4.0,11,30,1103
112.22222222222223,-0.7,3.359807621135331,360,1.0,6.0,12,30,1104
157.1111111111111,-0.6,3.38977774788672,360,1.0,5.0,13,30,1105
157.1111111111111,-0.4,3.3999999999999995,360,1.0,5.0,14,30,1106
112.22222222222223,-0.4,3.38977774788672,360,1.0,5.0,15,30,1107
67.33333333333334,-0.1,3.359807621135331,360,1.0,6.0,16,30,1108
22.444444444444443,0.1,3.312132034355964,360,1.0,6.0,17,30,1109
0.0,0.4,3.2499999999999996,360,1.0,7.0,18,30,1110
0.0,0.5,3.177645713530756,360,1.0,8.0,19,30,1111
0.0,0.8,3.0999999999999996,360,1.0,6.0,20,30,1112
0.0,0.8,3.0223542864692434,360,1.0,4.0,21,30,1113
0.0,0.5,2.9499999999999997,360,1.0,3.0,22,30,1114
0.0,0.3,2.8878679656440354,360,1.0,2.0,23,30,1115
0.0,0.2,2.840192378864668,360,1.0,2.0,24,30,1116
0.0,0.0,3.30511112605664,360,1.0,4.0,1,31,1117
0.0,0.0,3.3,360,1.0,6.0,2,31,1118
0.0,0.0,3.30511112605664,360,1.0,6.0,3,31,1119
0.0,-0.2,3.320096189432334,360,1.0,6.0,4,31,1120
0.0,-0.2,3.343933982822018,360,1.0,6.0,5,31,1121
0.0,-0.4,3.375,360,1.0,6.0,6,31,1122
0.0,-0.5,3.411177143234622,360,1.0,7.0,7,31,1123
11.222222222222221,-1.1,3.45,360,1.0,7.0,8,31,1124
190.77777777777777,-1.3,3.4888228567653785,360,1.0,6.0,9,31,1125
505.0,-0.6,3.5250000000000004,360,1.0,8.0,10,31,1126
763.1111111111111,-0.3,3.5560660171779825,360,0.84,6.0,11,31,1127
1077.3333333333335,0.3,3.579903810567666,360,0.79,8.0,12,31,1128
527.4444444444445,-0.8,3.5948888739433604,360,0.87,7.0,13,31,1129
325.44444444444446,-0.9,3.6000000000000005,360,0.88,6.0,14,31,1130
246.8888888888889,-0.9,3.5948888739433604,360,0.87,6.0,15,31,1131
179.55555555555554,-1.0,3.579903810567666,360,0.92,6.0,16,31,1132
33.66666666666667,-1.4,3.5560660171779825,360,0.93,8.0,17,31,1133
0.0,-1.6,3.5250000000000004,360,0.9,7.0,18,31,1134
0.0,-1.7,3.4888228567653785,360,0.93,1.0,19,31,1135
0.0,-2.1,3.45,360,0.89,0.0,20,31,1136
0.0,-2.2,3.411177143234622,360,0.88,0.0,21,31,1137
0.0,-2.3,3.375,360,0.9,0.0,22,31,1138
0.0,-3.0,3.343933982822018,360,0.96,0.0,23,31,1139
0.0,-3.4,3.320096189432334,360,1.0,0.0,24,31,1140
0.0,-3.8,2.3034074173710932,360,1.0,0.0,1,32,1141
0.0,-4.2,2.3,360,1.0,0.0,2,32,1142
0.0,-4.9,2.303407417371093,360,1.0,0.0,3,32,1143
0.0,-4.7,2.313397459621556,360,1.0,0.0,4,32,1144
0.0,-3.2,2.329289321881345,360,1.0,0.0,5,32,1145
0.0,-2.6,2.3499999999999996,360,1.0,0.0,6,32,1146
0.0,-2.2,2.374118095489748,360,1.0,0.0,7,32,1147
11.222222222222221,-1.9,2.4,360,1.0,0.0,8,32,1148
67.33333333333334,-1.4,2.425881904510252,360,0.95,0.0,9,32,1149
112.22222222222223,-1.5,2.45,360,0.77,10.0,10,32,1150
145.88888888888889,-1.7,2.4707106781186545,360,0.76,11.0,11,32,1151
785.5555555555557,-1.4,2.4866025403784437,360,0.74,10.0,12,32,1152
505.0,-1.9,2.496592582628907,360,0.83,10.0,13,32,1153
224.44444444444446,-1.8,2.5,360,0.82,10.0,14,32,1154
157.1111111111111,-2.3,2.496592582628907,360,0.87,9.0,15,32,1155
145.88888888888889,-2.3,2.4866025403784437,360,0.85,5.0,16,32,1156
67.33333333333334,-2.8,2.4707106781186545,360,0.86,0.0,17,32,1157
0.0,-3.3,2.45,360,0.85,0.0,18,32,1158
0.0,-3.4,2.425881904510252,360,0.83,0.0,19,32,1159
0.0,-3.4,2.4,360,0.83,0.0,20,32,1160
0.0,-3.1,2.374118095489748,360,0.76,0.0,21,32,1161
0.0,-3.8,2.35,360,0.81,0.0,22,32,1162
0.0,-4.1,2.3292893218813453,360,0.84,0.0,23,32,1163
0.0,-4.6,2.313397459621556,360,0.84,0.0,24,32,1164
0.0,-4.8,1.206814834742186,360,0.84,0.0,1,33,1165
0.0,-5.4,1.1999999999999997,360,0.82,0.0,2,33,1166
0.0,-5.8,1.206814834742186,360,0.8,0.0,3,33,1167
0.0,-6.4,1.226794919243112,360,0.8,0.0,4,33,1168
0.0,-6.9,1.2585786437626902,360,0.8,0.0,5,33,1169
0.0,-7.1,1.2999999999999998,360,0.79,0.0,6,33,1170
0.0,-7.2,1.3482361909794958,360,0.77,0.0,7,33,1171
22.444444444444443,-7.2,1.4,360,0.77,0.0,8,33,1172
224.44444444444446,-6.8,1.451763809020504,360,0.73,0.0,9,33,1173
505.0,-6.2,1.5,360,0.72,0.0,10,33,1174
751.8888888888888,-5.7,1.5414213562373096,360,0.71,0.0,11,33,1175
909.0,-5.0,1.5732050807568876,360,0.67,13.0,12,33,1176
931.4444444444445,-4.2,1.5931851652578137,360,0.67,12.0,13,33,1177
864.1111111111111,-4.1,1.6,360,0.65,11.0,14,33,1178
662.1111111111112,-3.7,1.5931851652578137,360,0.65,12.0,15,33,1179
392.7777777777778,-3.7,1.5732050807568876,360,0.63,10.0,16,33,1180
123.44444444444446,-4.3,1.5414213562373096,360,0.66,10.0,17,33,1181
0.0,-4.9,1.5,360,0.68,0.0,18,33,1182
0.0,-5.1,1.451763809020504,360,0.68,0.0,19,33,1183
0.0,-5.4,1.4,360,0.67,0.0,20,33,1184
0.0,-5.5,1.3482361909794958,360,0.67,0.0,21,33,1185
0.0,-6.0,1.2999999999999998,360,0.69,0.0,22,33,1186
0.0,-6.4,1.2585786437626905,360,0.71,0.0,23,33,1187
0.0,-7.0,1.2267949192431122,360,0.74,0.0,24,33,1188
0.0,-7.1,0.8034074173710932,360,0.72,0.0,1,34,1189
0.0,-7.6,0.8,360,0.73,0.0,2,34,1190
0.0,-8.0,0.8034074173710932,360,0.73,0.0,3,34,1191
0.0,-8.6,0.8133974596215562,360,0.75,0.0,4,34,1192
0.0,-8.5,0.8292893218813453,360,0.72,0.0,5,34,1193
0.0,-8.8,0.85,360,0.73,0.0,6,34,1194
0.0,-9.3,0.874118095489748,360,0.75,0.0,7,34,1195
33.66666666666667,-9.0,0.9,360,0.74,0.0,8,34,1196
258.11111111111114,-8.3,0.9258819045102521,360,0.72,0.0,9,34,1197
561.1111111111111,-7.4,0.9500000000000001,360,0.69,0.0,10,34,1198
785.5555555555557,-6.6,0.9707106781186547,360,0.7,0.0,11,34,1199
931.4444444444445,-6.2,0.9866025403784439,360,0.68,8.0,12,34,1200
976.3333333333333,-5.1,0.9965925826289068,360,0.64,8.0,13,34,1201
864.1111111111111,-4.1,1.0,360,0.63,8.0,14,34,1202
695.7777777777778,-3.2,0.9965925826289068,360,0.57,9.0,15,34,1203
415.2222222222223,-3.4,0.9866025403784439,360,0.54,9.0,16,34,1204
134.66666666666669,-4.1,0.9707106781186547,360,0.57,8.0,17,34,1205
0.0,-4.8,0.9500000000000001,360,0.58,0.0,18,34,1206
0.0,-5.0,0.9258819045102521,360,0.59,0.0,19,34,1207
0.0,-5.1,0.9,360,0.55,0.0,20,34,1208
0.0,-5.4,0.874118095489748,360,0.57,0.0,21,34,1209
0.0,-5.7,0.8500000000000001,360,0.6,0.0,22,34,1210
0.0,-6.1,0.8292893218813453,360,0.63,0.0,23,34,1211
0.0,-5.4,0.8133974596215562,360,0.65,0.0,24,34,1212
0.0,-4.5,0.6,360,0.63,0.0,1,35,1213
0.0,-3.8,0.6,360,0.66,0.0,2,35,1214
0.0,-3.3,0.6,360,0.73,0.0,3,35,1215
0.0,-3.7,0.6,360,0.75,0.0,4,35,1216
0.0,-4.2,0.6,360,0.81,0.0,5,35,1217
0.0,-4.9,0.6,360,0.87,0.0,6,35,1218
0.0,-4.8,0.6,360,0.89,0.0,7,35,1219
11.222222222222221,-4.8,0.6,360,0.93,0.0,8,35,1220
157.1111111111111,-4.4,0.6,360,0.89,0.0,9,35,1221
549.8888888888889,-3.4,0.6,360,0.64,6.0,10,35,1222
808.0,-3.2,0.6,360,0.55,6.0,11,35,1223
942.6666666666667,-3.0,0.6,360,0.49,6.0,12,35,1224
976.3333333333333,-2.6,0.6,360,0.49,6.0,13,35,1225
886.5555555555555,-2.6,0.6,360,0.48,7.0,14,35,1226
695.7777777777778,-2.5,0.6,360,0.55,6.0,15,35,1227
437.6666666666667,-3.2,0.6,360,0.55,6.0,16,35,1228
134.66666666666669,-4.6,0.6,360,0.65,5.0,17,35,1229
0.0,-5.0,0.6,360,0.65,0.0,18,35,1230
0.0,-6.6,0.6,360,0.79,0.0,19,35,1231
0.0,-6.4,0.6,360,0.74,0.0,20,35,1232
0.0,-7.8,0.6,360,0.81,0.0,21,35,1233
0.0,-8.7,0.6,360,0.91,0.0,22,35,1234
0.0,-7.8,0.6,360,0.95,0.0,23,35,1235
0.0,-7.5,0.6,360,0.95,0.0,24,35,1236
0.0,-5.8,0.5,360,0.88,0.0,1,36,1237
0.0,-4.6,0.5,360,0.8,0.0,2,36,1238
0.0,-4.5,0.5,360,0.73,0.0,3,36,1239
0.0,-5.9,0.5,360,1.0,0.0,4,36,1240
0.0,-6.1,0.5,360,1.0,0.0,5,36,1241
0.0,-6.1,0.5,360,1.0,0.0,6,36,1242
0.0,-6.2,0.5,360,1.0,0.0,7,36,1243
11.222222222222221,-5.8,0.5,360,1.0,0.0,8,36,1244
67.33333333333334,-5.6,0.5,360,1.0,0.0,9,36,1245
190.77777777777777,-5.5,0.5,360,1.0,0.0,10,36,1246
258.11111111111114,-5.1,0.5,360,1.0,0.0,11,36,1247
370.33333333333337,-4.9,0.5,360,1.0,2.0,12,36,1248
437.6666666666667,-4.5,0.5,360,1.0,2.0,13,36,1249
471.33333333333337,-4.2,0.5,360,0.97,3.0,14,36,1250
392.7777777777778,-4.0,0.5,360,0.96,4.0,15,36,1251
179.55555555555554,-4.3,0.5,360,0.98,4.0,16,36,1252
67.33333333333334,-4.4,0.5,360,0.98,0.0,17,36,1253
0.0,-4.5,0.5,360,1.0,0.0,18,36,1254
0.0,-4.4,0.5,360,1.0,0.0,19,36,1255
0.0,-4.6,0.5,360,1.0,0.0,20,36,1256
0.0,-4.7,0.5,360,0.9,0.0,21,36,1257
0.0,-5.1,0.5,360,0.95,0.0,22,36,1258
0.0,-6.1,0.5,360,0.96,0.0,23,36,1259
0.0,-5.5,0.5,360,0.95,0.0,24,36,1260
0.0,-5.4,0.5017037086855467,360,0.96,0.0,1,37,1261
0.0,-6.7,0.5,360,1.0,0.0,2,37,1262
0.0,-6.6,0.5017037086855466,360,1.0,0.0,3,37,1263
0.0,-7.0,0.5066987298107781,360,1.0,0.0,4,37,1264
0.0,-7.2,0.5146446609406726,360,1.0,0.0,5,37,1265
0.0,-8.8,0.525,360,1.0,0.0,6,37,1266
0.0,-8.1,0.537059047744874,360,1.0,0.0,7,37,1267
22.444444444444443,-7.8,0.55,360,1.0,0.0,8,37,1268
325.44444444444446,-8.0,0.5629409522551261,360,0.99,0.0,9,37,1269
650.8888888888889,-6.0,0.5750000000000001,360,0.91,3.0,10,37,1270
1077.3333333333335,-5.0,0.5853553390593275,360,0.83,4.0,11,37,1271
1010.0,-1.8,0.593301270189222,360,0.63,2.0,12,37,1272
1021.2222222222222,-1.1,0.5982962913144535,360,0.61,2.0,13,37,1273
920.2222222222223,-2.1,0.6000000000000001,360,0.7,3.0,14,37,1274
695.7777777777778,-1.7,0.5982962913144535,360,0.7,4.0,15,37,1275
235.66666666666669,-2.6,0.593301270189222,360,0.73,4.0,16,37,1276
44.888888888888886,-2.8,0.5853553390593275,360,0.78,3.0,17,37,1277
0.0,-2.9,0.5750000000000001,360,0.83,3.0,18,37,1278
0.0,-3.0,0.5629409522551261,360,0.86,0.0,19,37,1279
0.0,-2.9,0.55,360,0.89,0.0,20,37,1280
0.0,-2.8,0.537059047744874,360,0.92,0.0,21,37,1281
0.0,-2.7,0.525,360,0.93,0.0,22,37,1282
0.0,-2.8,0.5146446609406727,360,0.97,0.0,23,37,1283
0.0,-3.0,0.5066987298107781,360,0.98,0.0,24,37,1284
0.0,-6.1,0.6,360,1.0,0.0,1,38,1285
0.0,-6.9,0.6,360,1.0,0.0,2,38,1286
0.0,-6.3,0.6,360,1.0,0.0,3,38,1287
0.0,-8.7,0.6,360,1.0,0.0,4,38,1288
0.0,-8.0,0.6,360,1.0,0.0,5,38,1289
0.0,-9.0,0.6,360,1.0,0.0,6,38,1290
0.0,-11.2,0.6,360,1.0,0.0,7,38,1291
101.0,-10.6,0.6,360,1.0,0.0,8,38,1292
471.33333333333337,-9.2,0.6,360,0.87,0.0,9,38,1293
718.2222222222222,-7.7,0.6,360,0.67,0.0,10,38,1294
1099.7777777777778,-6.7,0.6,360,0.59,8.0,11,38,1295
1099.7777777777778,-6.5,0.6,360,0.61,6.0,12,38,1296
1054.888888888889,-5.9,0.6,360,0.6,8.0,13,38,1297
942.6666666666667,-5.1,0.6,360,0.57,8.0,14,38,1298
751.8888888888888,-4.6,0.6,360,0.56,10.0,15,38,1299
460.11111111111114,-4.9,0.6,360,0.56,10.0,16,38,1300
168.33333333333331,-5.6,0.6,360,0.54,10.0,17,38,1301
0.0,-6.8,0.6,360,0.63,0.0,18,38,1302
0.0,-6.5,0.6,360,0.54,0.0,19,38,1303
0.0,-7.2,0.6,360,0.56,0.0,20,38,1304
0.0,-7.9,0.6,360,0.56,0.0,21,38,1305
0.0,-9.4,0.6,360,0.6,0.0,22,38,1306
0.0,-9.8,0.6,360,0.61,0.0,23,38,1307
0.0,-10.3,0.6,360,0.64,0.0,24,38,1308
0.0,-10.6,0.6,360,0.64,0.0,1,39,1309
0.0,-10.4,0.6,360,0.67,0.0,2,39,1310
0.0,-9.9,0.6,360,0.72,0.0,3,39,1311
0.0,-9.7,0.6,360,0.76,0.0,4,39,1312
0.0,-9.5,0.6,360,0.8,0.0,5,39,1313
0.0,-9.1,0.6,360,0.83,0.0,6,39,1314
0.0,-8.8,0.6,360,0.87,0.0,7,39,1315
33.66666666666667,-8.6,0.6,360,0.88,0.0,8,39,1316
224.44444444444446,-7.9,0.6,360,0.86,0.0,9,39,1317
482.5555555555556,-7.7,0.6,360,0.86,0.0,10,39,1318
516.2222222222223,-7.3,0.6,360,0.89,0.0,11,39,1319
673.3333333333333,-6.8,0.6,360,0.89,0.0,12,39,1320
482.5555555555556,-6.6,0.6,360,0.85,0.0,13,39,1321
628.4444444444443,-6.1,0.6,360,0.75,0.0,14,39,1322
471.33333333333337,-6.4,0.6,360,0.78,8.0,15,39,1323
246.8888888888889,-6.5,0.6,360,0.75,0.0,16,39,1324
112.22222222222223,-6.8,0.6,360,0.79,0.0,17,39,1325
0.0,-7.9,0.6,360,0.8,0.0,18,39,1326
0.0,-8.9,0.6,360,0.84,0.0,19,39,1327
0.0,-7.8,0.6,360,0.85,0.0,20,39,1328
0.0,-7.5,0.6,360,0.86,0.0,21,39,1329
0.0,-7.8,0.6,360,0.88,0.0,22,39,1330
0.0,-8.5,0.6,360,0.89,0.0,23,39,1331
0.0,-9.7,0.6,360,0.9,0.0,24,39,1332
0.0,-9.8,0.6,360,0.89,0.0,1,40,1333
0.0,-10.7,0.6,360,0.95,0.0,2,40,1334
0.0,-11.1,0.6,360,0.97,0.0,3,40,1335
0.0,-10.4,0.6,360,0.99,0.0,4,40,1336
0.0,-10.7,0.6,360,1.0,0.0,5,40,1337
0.0,-10.6,0.6,360,0.99,0.0,6,40,1338
0.0,-10.9,0.6,360,1.0,0.0,7,40,1339
67.33333333333334,-11.3,0.6,360,1.0,0.0,8,40,1340
404.0,-10.1,0.6,360,0.97,0.0,9,40,1341
740.6666666666667,-8.8,0.6,360,0.92,0.0,10,40,1342
864.1111111111111,-7.1,0.6,360,0.84,3.0,11,40,1343
942.6666666666667,-5.0,0.6,360,0.76,4.0,12,40,1344
1043.6666666666665,-3.5,0.6,360,0.71,4.0,13,40,1345
942.6666666666667,-2.9,0.6,360,0.68,4.0,14,40,1346
774.3333333333333,-2.8,0.6,360,0.67,5.0,15,40,1347
460.11111111111114,-3.6,0.6,360,0.72,4.0,16,40,1348
224.44444444444446,-3.9,0.6,360,0.75,4.0,17,40,1349
11.222222222222221,-5.7,0.6,360,0.8,4.0,18,40,1350
0.0,-5.0,0.6,360,0.81,0.0,19,40,1351
0.0,-6.1,0.6,360,0.83,0.0,20,40,1352
0.0,-5.8,0.6,360,0.83,0.0,21,40,1353
0.0,-6.6,0.6,360,0.84,0.0,22,40,1354
0.0,-6.2,0.6,360,0.83,0.0,23,40,1355
0.0,-6.3,0.6,360,0.83,0.0,24,40,1356
0.0,-5.8,0.5017037086855467,360,0.82,0.0,1,41,1357
0.0,-6.5,0.5,360,0.85,0.0,2,41,1358
0.0,-6.7,0.5017037086855466,360,0.86,0.0,3,41,1359
0.0,-7.5,0.5066987298107781,360,0.89,0.0,4,41,1360
0.0,-6.5,0.5146446609406726,360,0.9,0.0,5,41,1361
0.0,-7.3,0.525,360,0.9,0.0,6,41,1362
0.0,-8.1,0.537059047744874,360,0.96,0.0,7,41,1363
78.55555555555554,-8.5,0.55,360,0.97,0.0,8,41,1364
482.5555555555556,-7.1,0.5629409522551261,360,0.9,0.0,9,41,1365
886.5555555555555,-5.7,0.5750000000000001,360,0.82,5.0,10,41,1366
1088.5555555555557,-4.2,0.5853553390593275,360,0.74,5.0,11,41,1367
1099.7777777777778,-3.8,0.593301270189222,360,0.71,6.0,12,41,1368
1088.5555555555557,-3.1,0.5982962913144535,360,0.66,6.0,13,41,1369
998.7777777777778,-2.5,0.6000000000000001,360,0.61,8.0,14,41,1370
796.7777777777777,-2.6,0.5982962913144535,360,0.62,7.0,15,41,1371
505.0,-2.8,0.593301270189222,360,0.62,6.0,16,41,1372
179.55555555555554,-4.1,0.5853553390593275,360,0.66,6.0,17,41,1373
11.222222222222221,-4.8,0.5750000000000001,360,0.7,4.0,18,41,1374
0.0,-5.4,0.5629409522551261,360,0.74,0.0,19,41,1375
0.0,-6.3,0.55,360,0.78,0.0,20,41,1376
0.0,-6.7,0.537059047744874,360,0.79,0.0,21,41,1377
0.0,-7.5,0.525,360,0.81,0.0,22,41,1378
0.0,-7.9,0.5146446609406727,360,0.82,0.0,23,41,1379
0.0,-8.9,0.5066987298107781,360,0.85,0.0,24,41,1380
0.0,-9.1,0.20340741737109322,360,0.85,0.0,1,42,1381
0.0,-9.4,0.20000000000000004,360,0.84,0.0,2,42,1382
0.0,-10.1,0.2034074173710932,360,0.85,0.0,3,42,1383
0.0,-10.4,0.21339745962155615,360,0.84,0.0,4,42,1384
0.0,-10.7,0.22928932188134526,360,0.85,0.0,5,42,1385
0.0,-10.9,0.25,360,0.84,0.0,6,42,1386
0.0,-11.0,0.27411809548974797,360,0.84,0.0,7,42,1387
67.33333333333334,-10.7,0.30000000000000004,360,0.81,0.0,8,42,1388
347.8888888888889,-9.1,0.3258819045102521,360,0.78,0.0,9,42,1389
662.1111111111112,-7.7,0.3500000000000001,360,0.73,0.0,10,42,1390
909.0,-6.5,0.3707106781186548,360,0.69,8.0,11,42,1391
1032.4444444444446,-5.3,0.38660254037844394,360,0.64,8.0,12,42,1392
1066.1111111111113,-4.3,0.3965925826289069,360,0.6,8.0,13,42,1393
998.7777777777778,-3.7,0.4,360,0.58,9.0,14,42,1394
796.7777777777777,-3.4,0.3965925826289069,360,0.55,9.0,15,42,1395
516.2222222222223,-3.6,0.38660254037844394,360,0.55,10.0,16,42,1396
202.0,-4.1,0.3707106781186548,360,0.54,8.0,17,42,1397
11.222222222222221,-5.1,0.3500000000000001,360,0.59,0.0,18,42,1398
0.0,-5.4,0.3258819045102521,360,0.57,0.0,19,42,1399
0.0,-6.0,0.30000000000000004,360,0.57,0.0,20,42,1400
0.0,-6.9,0.27411809548974797,360,0.62,0.0,21,42,1401
0.0,-6.3,0.25000000000000006,360,0.652857142857143,1.14285714285714,22,42,1402
0.0,-5.7,0.2292893218813453,360,0.6857142857142859,2.28571428571429,23,42,1403
0.0,-5.1,0.21339745962155615,360,0.7185714285714291,3.42857142857143,24,42,1404
0.0,-4.5,0.7034074173710931,360,0.751428571428571,4.57142857142857,1,43,1405
0.0,-3.9,0.7,360,0.784285714285714,5.71428571428571,2,43,1406
0.0,-3.3,0.7034074173710931,360,0.817142857142857,6.85714285714286,3,43,1407
0.0,-2.7,0.7133974596215561,360,0.85,8.0,4,43,1408
0.0,-2.7,0.7292893218813452,360,0.85,8.0,5,43,1409
0.0,-2.6,0.75,360,0.81,6.0,6,43,1410
0.0,-2.7,0.774118095489748,360,0.77,8.0,7,43,1411
22.444444444444443,-2.7,0.8,360,0.77,6.0,8,43,1412
89.77777777777777,-2.8,0.8258819045102521,360,0.8,7.0,9,43,1413
381.55555555555554,-2.1,0.8500000000000001,360,0.81,7.0,10,43,1414
662.1111111111112,-2.1,0.8707106781186549,360,0.75,8.0,11,43,1415
392.7777777777778,-2.2,0.8866025403784439,360,0.77,7.0,12,43,1416
325.44444444444446,-2.0,0.896592582628907,360,0.75,7.0,13,43,1417
325.44444444444446,-2.0,0.9000000000000001,360,0.77,6.0,14,43,1418
213.22222222222223,-1.9,0.896592582628907,360,0.76,7.0,15,43,1419
269.33333333333337,-2.0,0.8866025403784439,360,0.73,6.0,16,43,1420
145.88888888888889,-2.5,0.8707106781186549,360,0.76,6.0,17,43,1421
11.222222222222221,-3.4,0.8500000000000001,360,0.83,4.0,18,43,1422
0.0,-4.3,0.8258819045102521,360,0.86,4.0,19,43,1423
0.0,-5.1,0.8,360,0.89,2.0,20,43,1424
0.0,-5.2,0.774118095489748,360,0.91,1.0,21,43,1425
0.0,-5.0,0.75,360,0.93,2.0,22,43,1426
0.0,-4.0,0.7292893218813453,360,0.89,3.0,23,43,1427
0.0,-4.1,0.7133974596215562,360,0.9,2.0,24,43,1428
0.0,-4.2,0.4017037086855466,360,0.9,3.0,1,44,1429
0.0,-4.1,0.4,360,0.9,3.0,2,44,1430
0.0,-4.0,0.4017037086855466,360,0.9,3.0,3,44,1431
0.0,-4.0,0.4066987298107781,360,0.89,3.0,4,44,1432
0.0,-3.8,0.41464466094067265,360,0.87,4.0,5,44,1433
0.0,-3.7,0.425,360,0.87,5.0,6,44,1434
0.0,-3.9,0.437059047744874,360,0.88,6.0,7,44,1435
22.444444444444443,-3.6,0.45,360,0.87,5.0,8,44,1436
89.77777777777777,-3.6,0.46294095225512605,360,0.86,6.0,9,44,1437
112.22222222222223,-3.6,0.47500000000000003,360,0.85,7.0,10,44,1438
168.33333333333331,-3.5,0.4853553390593274,360,0.85,7.0,11,44,1439
235.66666666666669,-2.9,0.49330127018922193,360,0.81,6.0,12,44,1440
314.2222222222222,-2.3,0.4982962913144534,360,0.79,6.0,13,44,1441
235.66666666666669,-2.1,0.5,360,0.77,6.0,14,44,1442
157.1111111111111,-1.9,0.4982962913144534,360,0.79,6.0,15,44,1443
112.22222222222223,-2.1,0.49330127018922193,360,0.81,6.0,16,44,1444
56.111111111111114,-2.3,0.4853553390593274,360,0.85,6.0,17,44,1445
0.0,-2.4,0.47500000000000003,360,0.83,5.0,18,44,1446
0.0,-2.6,0.46294095225512605,360,0.84,6.0,19,44,1447
0.0,-2.7,0.45,360,0.82,6.0,20,44,1448
0.0,-2.8,0.437059047744874,360,0.78,4.0,21,44,1449
0.0,-2.8,0.42500000000000004,360,0.79,4.0,22,44,1450
0.0,-2.9,0.41464466094067265,360,0.77,5.0,23,44,1451
0.0,-3.3,0.4066987298107781,360,0.79,4.0,24,44,1452
0.0,-3.3,0.3017037086855465,360,0.82,5.0,1,45,1453
0.0,-3.4,0.29999999999999993,360,0.84,4.0,2,45,1454
0.0,-3.4,0.3017037086855465,360,0.84,4.0,3,45,1455
0.0,-3.3,0.306698729810778,360,0.82,4.0,4,45,1456
0.0,-3.5,0.31464466094067256,360,0.86,4.0,5,45,1457
0.0,-3.5,0.32499999999999996,360,0.86,4.0,6,45,1458
0.0,-3.4,0.33705904774487394,360,0.88,4.0,7,45,1459
22.444444444444443,-3.3,0.35,360,0.85,4.0,8,45,1460
134.66666666666669,-2.9,0.362940952255126,360,0.81,5.0,9,45,1461
269.33333333333337,-2.7,0.375,360,0.79,6.0,10,45,1462
280.55555555555554,-2.3,0.3853553390593274,360,0.8,5.0,11,45,1463
583.5555555555555,-1.4,0.3933012701892219,360,0.74,6.0,12,45,1464
448.8888888888889,-1.3,0.39829629131445343,360,0.75,5.0,13,45,1465
370.33333333333337,-1.5,0.4,360,0.76,5.0,14,45,1466
269.33333333333337,-1.6,0.39829629131445343,360,0.74,6.0,15,45,1467
101.0,-1.8,0.3933012701892219,360,0.75,5.0,16,45,1468
33.66666666666667,-1.9,0.3853553390593274,360,0.74,4.0,17,45,1469
0.0,-2.0,0.375,360,0.73,5.0,18,45,1470
0.0,-2.3,0.362940952255126,360,0.79,4.0,19,45,1471
0.0,-2.2,0.35,360,0.77,4.0,20,45,1472
0.0,-2.3,0.33705904774487394,360,0.74,5.0,21,45,1473
0.0,-2.4,0.32499999999999996,360,0.72,6.0,22,45,1474
0.0,-2.5,0.3146446609406726,360,0.7,5.0,23,45,1475
0.0,-2.6,0.30669872981077806,360,0.72,6.0,24,45,1476
0.0,-2.7,0.2017037086855466,360,0.7,6.0,1,46,1477
0.0,-3.0,0.2,360,0.75,4.0,2,46,1478
0.0,-3.4,0.2017037086855466,360,0.78,4.0,3,46,1479
0.0,-6.1,0.20669872981077808,360,0.89,4.0,4,46,1480
0.0,-6.7,0.2146446609406726,360,0.91,2.0,5,46,1481
0.0,-7.2,0.22499999999999998,360,0.92,2.0,6,46,1482
0.0,-7.1,0.23705904774487396,360,0.92,2.0,7,46,1483
123.44444444444446,-5.7,0.25,360,0.89,3.0,8,46,1484
549.8888888888889,-3.0,0.26294095225512604,360,0.81,4.0,9,46,1485
852.8888888888889,-1.5,0.275,360,0.69,5.0,10,46,1486
942.6666666666667,-0.5,0.28535533905932736,360,0.65,8.0,11,46,1487
1043.6666666666665,0.3,0.2933012701892219,360,0.62,6.0,12,46,1488
1088.5555555555557,0.5,0.2982962913144534,360,0.59,7.0,13,46,1489
998.7777777777778,1.5,0.3,360,0.6,7.0,14,46,1490
796.7777777777777,1.2,0.2982962913144534,360,0.59,6.0,15,46,1491
527.4444444444445,0.8,0.2933012701892219,360,0.62,6.0,16,46,1492
202.0,-0.3,0.28535533905932736,360,0.68,5.0,17,46,1493
11.222222222222221,-1.9,0.275,360,0.77,4.0,18,46,1494
0.0,-2.3,0.26294095225512604,360,0.77,3.0,19,46,1495
0.0,-3.1,0.25,360,0.83,4.0,20,46,1496
0.0,-3.5,0.23705904774487396,360,0.84,3.0,21,46,1497
0.0,-3.9,0.225,360,0.84,3.0,22,46,1498
0.0,-4.4,0.21464466094067264,360,0.87,3.0,23,46,1499
0.0,-4.6,0.20669872981077808,360,0.87,4.0,24,46,1500
0.0,-4.9,0.00681483474218636,360,0.87,4.0,1,47,1501
0.0,-5.0,0.0,360,0.87,3.0,2,47,1502
0.0,-5.7,0.006814834742186332,360,0.9,2.0,3,47,1503
0.0,-6.5,0.026794919243112225,360,0.92,3.0,4,47,1504
0.0,-6.9,0.058578643762690424,360,0.95,2.0,5,47,1505
0.0,-7.2,0.09999999999999992,360,0.96,2.0,6,47,1506
0.0,-7.2,0.1482361909794959,360,0.96,2.0,7,47,1507
145.88888888888889,-5.9,0.2,360,0.92,2.0,8,47,1508
527.4444444444445,-3.4,0.25176380902050416,360,0.84,3.0,9,47,1509
920.2222222222223,-1.3,0.30000000000000004,360,0.81,2.0,10,47,1510
1223.2222222222222,1.4,0.3414213562373095,360,0.71,3.0,11,47,1511
1122.2222222222222,3.9,0.37320508075688774,360,0.66,3.0,12,47,1512
1111.0,5.3,0.39318516525781366,360,0.62,4.0,13,47,1513
998.7777777777778,6.2,0.4,360,0.6,4.0,14,47,1514
740.6666666666667,6.0,0.39318516525781366,360,0.63,4.0,15,47,1515
336.66666666666663,4.9,0.37320508075688774,360,0.68,4.0,16,47,1516
89.77777777777777,3.9,0.3414213562373095,360,0.75,3.0,17,47,1517
11.222222222222221,3.4,0.30000000000000004,360,0.76,2.0,18,47,1518
0.0,3.5,0.25176380902050416,360,0.75,2.0,19,47,1519
0.0,2.8,0.2,360,0.79,3.0,20,47,1520
0.0,2.0,0.1482361909794959,360,0.85,3.0,21,47,1521
0.0,2.0,0.10000000000000005,360,0.85,2.0,22,47,1522
0.0,1.7,0.05857864376269051,360,0.89,2.0,23,47,1523
0.0,1.6,0.026794919243112253,360,0.9,2.0,24,47,1524
0.0,1.5,0.14940755188085109,360,0.91,2.0,1,48,1525
0.0,1.3,0.10000000000000009,360,0.94,2.0,2,48,1526
0.0,1.3,0.14940755188085109,360,0.98,1.0,3,48,1527
0.0,1.4,0.29426316451256374,360,1.0,2.0,4,48,1528
0.0,1.4,0.5246951672795057,360,1.0,1.0,5,48,1529
0.0,1.6,0.8249999999999994,360,1.0,1.0,6,48,1530
0.0,1.6,1.1747123846013452,360,1.0,2.0,7,48,1531
22.444444444444443,1.8,1.55,360,1.0,1.0,8,48,1532
202.0,3.0,1.9252876153986551,360,1.0,2.0,9,48,1533
190.77777777777777,4.3,2.2750000000000004,360,1.0,1.0,10,48,1534
359.1111111111111,6.0,2.575304832720494,360,1.0,2.0,11,48,1535
235.66666666666669,6.0,2.805736835487436,360,1.0,2.0,12,48,1536
404.0,6.8,2.9505924481191492,360,1.0,3.0,13,48,1537
314.2222222222222,7.3,3.0,360,1.0,3.0,14,48,1538
224.44444444444446,7.4,2.9505924481191492,360,1.0,3.0,15,48,1539
123.44444444444446,7.3,2.805736835487436,360,1.0,2.0,16,48,1540
44.888888888888886,6.6,2.575304832720494,360,1.0,2.0,17,48,1541
11.222222222222221,6.1,2.2750000000000004,360,1.0,2.0,18,48,1542
0.0,6.2,1.9252876153986551,360,1.0,2.0,19,48,1543
0.0,5.6,1.55,360,1.0,2.0,20,48,1544
0.0,4.9,1.1747123846013452,360,1.0,3.0,21,48,1545
0.0,4.2,0.8250000000000004,360,1.0,4.0,22,48,1546
0.0,2.2,0.5246951672795062,360,1.0,3.0,23,48,1547
0.0,1.6,0.29426316451256396,360,1.0,2.0,24,48,1548
0.0,1.6,1.840889008453118,360,1.0,3.0,1,49,1549
0.0,2.4,1.7999999999999998,360,1.0,6.0,2,49,1550
0.0,2.5,1.8408890084531178,360,1.0,6.0,3,49,1551
0.0,2.2,1.9607695154586733,360,1.0,7.0,4,49,1552
0.0,2.7,2.1514718625761424,360,1.0,6.0,5,49,1553
0.0,2.9,2.3999999999999995,360,1.0,6.0,6,49,1554
0.0,3.3,2.689417145876975,360,1.0,6.0,7,49,1555
78.55555555555554,3.8,3.0,360,1.0,7.0,8,49,1556
303.0,5.5,3.310582854123025,360,0.99,8.0,9,49,1557
437.6666666666667,6.3,3.6,360,0.98,8.0,10,49,1558
808.0,8.8,3.848528137423857,360,0.86,8.0,11,49,1559
606.0,5.7,4.039230484541326,360,0.89,13.0,12,49,1560
235.66666666666669,7.5,4.159110991546882,360,0.86,10.0,13,49,1561
707.0000000000001,8.8,4.2,360,0.76,11.0,14,49,1562
415.2222222222223,10.1,4.159110991546882,360,0.79,10.0,15,49,1563
381.55555555555554,9.4,4.039230484541326,360,0.78,8.0,16,49,1564
213.22222222222223,8.7,3.848528137423857,360,0.76,9.0,17,49,1565
11.222222222222221,7.9,3.6,360,0.82,9.0,18,49,1566
0.0,6.6,3.310582854123025,360,0.91,6.0,19,49,1567
0.0,5.5,3.0,360,0.93,5.0,20,49,1568
0.0,5.1,2.689417145876975,360,0.98,4.0,21,49,1569
0.0,4.0,2.4000000000000004,360,0.99,4.0,22,49,1570
0.0,3.5,2.151471862576143,360,1.0,2.0,23,49,1571
0.0,3.2,1.9607695154586735,360,1.0,4.0,24,49,1572
0.0,3.0,2.1357778823964786,360,1.0,3.0,1,50,1573
0.0,2.5,2.1000000000000005,360,1.0,3.0,2,50,1574
0.0,2.0,2.1357778823964786,360,1.0,2.0,3,50,1575
0.0,2.5,2.2406733260263394,360,1.0,3.0,4,50,1576
0.0,2.3,2.407537879754125,360,1.0,4.0,5,50,1577
0.0,1.4,2.625,360,1.0,4.0,6,50,1578
0.0,0.7,2.878240002642354,360,1.0,1.0,7,50,1579
101.0,1.9,3.1500000000000004,360,1.0,4.0,8,50,1580
359.1111111111111,3.1,3.421759997357647,360,0.94,4.0,9,50,1581
729.4444444444443,4.7,3.6750000000000007,360,0.84,4.0,10,50,1582
953.8888888888889,6.6,3.8924621202458756,360,0.77,6.0,11,50,1583
1122.2222222222222,7.3,4.059326673973661,360,0.58,6.0,12,50,1584
875.3333333333334,7.3,4.164222117603522,360,0.54,6.0,13,50,1585
740.6666666666667,6.9,4.2,360,0.54,5.0,14,50,1586
572.3333333333333,6.9,4.164222117603522,360,0.53,6.0,15,50,1587
314.2222222222222,7.2,4.059326673973661,360,0.55,4.0,16,50,1588
258.11111111111114,6.4,3.8924621202458756,360,0.57,4.0,17,50,1589
22.444444444444443,3.4,3.6750000000000007,360,0.74,2.0,18,50,1590
0.0,2.1,3.421759997357647,360,0.77,2.0,19,50,1591
0.0,2.0,3.1500000000000004,360,0.81,3.0,20,50,1592
0.0,1.1,2.878240002642354,360,0.89,3.0,21,50,1593
0.0,0.9,2.6250000000000004,360,0.9,3.0,22,50,1594
0.0,0.9,2.4075378797541256,360,0.89,3.0,23,50,1595
0.0,1.1,2.24067332602634,360,0.89,4.0,24,50,1596
0.0,1.5,2.146000134509758,360,0.97,6.0,1,51,1597
0.0,1.4,2.1000000000000005,360,0.94,4.0,2,51,1598
0.0,1.3,2.146000134509758,360,0.98,4.0,3,51,1599
0.0,1.2,2.280865704891008,360,1.0,4.0,4,51,1600
0.0,1.0,2.4954058453981607,360,1.0,4.0,5,51,1601
0.0,1.7,2.7749999999999995,360,1.0,4.0,6,51,1602
0.0,1.9,3.1005942891115974,360,1.0,4.0,7,51,1603
33.66666666666667,2.4,3.45,360,1.0,4.0,8,51,1604
202.0,3.3,3.799405710888403,360,1.0,4.0,9,51,1605
527.4444444444445,3.8,4.125,360,0.98,5.0,10,51,1606
538.6666666666667,5.7,4.404594154601839,360,0.88,6.0,11,51,1607
1066.1111111111113,7.4,4.619134295108992,360,0.74,6.0,12,51,1608
987.5555555555557,7.1,4.7539998654902424,360,0.66,6.0,13,51,1609
785.5555555555557,9.1,4.8,360,0.58,9.0,14,51,1610
875.3333333333334,8.9,4.7539998654902424,360,0.57,7.0,15,51,1611
437.6666666666667,8.8,4.619134295108992,360,0.62,6.0,16,51,1612
246.8888888888889,6.7,4.404594154601839,360,0.7,6.0,17,51,1613
11.222222222222221,5.6,4.125,360,0.79,4.0,18,51,1614
0.0,4.6,3.799405710888403,360,0.87,6.0,19,51,1615
0.0,4.1,3.45,360,0.94,4.0,20,51,1616
0.0,3.9,3.1005942891115974,360,1.0,4.0,21,51,1617
0.0,3.9,2.7750000000000004,360,0.97,7.0,22,51,1618
0.0,3.6,2.495405845398161,360,1.0,6.0,23,51,1619
0.0,3.1,2.280865704891008,360,1.0,4.0,24,51,1620
0.0,3.0,2.937481591082025,360,1.0,5.0,1,52,1621
0.0,2.3,2.9000000000000004,360,1.0,4.0,2,52,1622
0.0,1.7,2.937481591082025,360,1.0,3.0,3,52,1623
0.0,2.7,3.0473720558371173,360,1.0,4.0,4,52,1624
0.0,2.7,3.2221825406947975,360,1.0,6.0,5,52,1625
0.0,2.7,3.4499999999999997,360,1.0,6.0,6,52,1626
11.222222222222221,3.4,3.715299050387227,360,1.0,7.0,7,52,1627
56.111111111111114,4.1,4.0,360,1.0,6.0,8,52,1628
190.77777777777777,4.4,4.284700949612772,360,1.0,8.0,9,52,1629
572.3333333333333,6.6,4.55,360,0.96,8.0,10,52,1630
729.4444444444443,7.5,4.7778174593052025,360,0.83,8.0,11,52,1631
841.6666666666666,9.0,4.952627944162883,360,0.69,8.0,12,52,1632
1043.6666666666665,9.5,5.062518408917975,360,0.66,9.0,13,52,1633
516.2222222222223,9.5,5.1,360,0.6,8.0,14,52,1634
202.0,8.5,5.062518408917975,360,0.65,10.0,15,52,1635
89.77777777777777,7.0,4.952627944162883,360,0.82,11.0,16,52,1636
44.888888888888886,5.8,4.7778174593052025,360,0.98,10.0,17,52,1637
0.0,5.8,4.55,360,1.0,5.0,18,52,1638
0.0,6.0,4.284700949612772,360,1.0,6.0,19,52,1639
0.0,6.3,4.0,360,0.99,9.0,20,52,1640
0.0,6.5,3.715299050387227,360,0.96,10.0,21,52,1641
0.0,6.7,3.45,360,0.91,8.0,22,52,1642
0.0,6.9,3.222182540694798,360,0.91,9.0,23,52,1643
0.0,7.3,3.0473720558371173,360,0.88,8.0,24,52,1644
0.0,7.7,4.239185299767572,360,0.82,8.0,1,53,1645
0.0,7.1,4.199999999999999,360,0.81,9.0,2,53,1646
0.0,7.0,4.239185299767572,360,0.82,10.0,3,53,1647
0.0,7.3,4.354070785647895,360,0.79,10.0,4,53,1648
0.0,7.1,4.53682720163547,360,0.78,10.0,5,53,1649
0.0,6.6,4.7749999999999995,360,0.81,10.0,6,53,1650
0.0,6.8,5.052358098132101,360,0.81,10.0,7,53,1651
190.77777777777777,8.3,5.35,360,0.75,10.0,8,53,1652
381.55555555555554,9.5,5.647641901867899,360,0.72,14.0,9,53,1653
774.3333333333333,11.0,5.925,360,0.7,11.0,10,53,1654
987.5555555555557,12.8,6.1631727983645295,360,0.64,11.0,11,53,1655
1122.2222222222222,13.7,6.345929214352104,360,0.63,11.0,12,53,1656
1032.4444444444446,13.4,6.460814700232428,360,0.63,12.0,13,53,1657
157.1111111111111,11.7,6.5,360,0.76,10.0,14,53,1658
134.66666666666669,11.6,6.460814700232428,360,0.75,10.0,15,53,1659
112.22222222222223,11.2,6.345929214352104,360,0.79,9.0,16,53,1660
78.55555555555554,10.8,6.1631727983645295,360,0.82,11.0,17,53,1661
11.222222222222221,10.2,5.925,360,0.88,9.0,18,53,1662
0.0,9.3,5.647641901867899,360,0.98,7.0,19,53,1663
0.0,9.2,5.35,360,1.0,7.0,20,53,1664
0.0,9.1,5.052358098132101,360,1.0,8.0,21,53,1665
0.0,8.8,4.775,360,1.0,5.0,22,53,1666
0.0,8.9,4.53682720163547,360,1.0,8.0,23,53,1667
0.0,8.6,4.354070785647895,360,1.0,9.0,24,53,1668
0.0,8.7,6.128963047654291,360,1.0,8.0,1,54,1669
0.0,8.7,6.1,360,1.0,6.0,2,54,1670
0.0,8.9,6.128963047654291,360,1.0,8.0,3,54,1671
0.0,8.8,6.213878406783226,360,1.0,6.0,4,54,1672
0.0,8.7,6.348959235991433,360,0.98,6.0,5,54,1673
0.0,9.1,6.524999999999999,360,0.93,8.0,6,54,1674
0.0,9.0,6.730003811662857,360,0.92,8.0,7,54,1675
101.0,9.2,6.949999999999999,360,0.95,7.0,8,54,1676
336.66666666666663,10.9,7.169996188337142,360,0.88,8.0,9,54,1677
684.5555555555557,12.4,7.374999999999999,360,0.81,8.0,10,54,1678
594.7777777777778,12.5,7.551040764008565,360,0.79,10.0,11,54,1679
549.8888888888889,11.4,7.686121593216773,360,0.81,11.0,12,54,1680
269.33333333333337,10.1,7.771036952345708,360,0.88,13.0,13,54,1681
740.6666666666667,13.4,7.799999999999999,360,0.69,13.0,14,54,1682
639.6666666666667,13.1,7.771036952345708,360,0.71,12.0,15,54,1683
437.6666666666667,12.5,7.686121593216773,360,0.71,12.0,16,54,1684
202.0,11.3,7.551040764008565,360,0.77,9.0,17,54,1685
11.222222222222221,10.1,7.374999999999999,360,0.85,5.0,18,54,1686
0.0,8.9,7.169996188337142,360,0.91,4.0,19,54,1687
0.0,9.4,6.949999999999999,360,0.94,10.0,20,54,1688
0.0,8.9,6.730003811662857,360,0.92,8.0,21,54,1689
0.0,7.7,6.5249999999999995,360,0.98,4.0,22,54,1690
0.0,7.8,6.348959235991434,360,0.96,4.0,23,54,1691
0.0,7.6,6.213878406783226,360,0.97,5.0,24,54,1692
0.0,8.1,6.22044450422656,360,0.96,6.0,1,55,1693
0.0,8.3,6.200000000000001,360,0.93,6.0,2,55,1694
0.0,8.1,6.22044450422656,360,0.9,6.0,3,55,1695
0.0,7.0,6.280384757729338,360,0.95,6.0,4,55,1696
0.0,7.9,6.375735931288072,360,0.93,8.0,5,55,1697
0.0,8.8,6.5,360,0.93,10.0,6,55,1698
0.0,7.4,6.644708572938488,360,0.95,10.0,7,55,1699
22.444444444444443,7.4,6.800000000000001,360,0.99,6.0,8,55,1700
213.22222222222223,8.8,6.955291427061513,360,0.96,8.0,9,55,1701
594.7777777777778,10.6,7.1000000000000005,360,0.82,10.0,10,55,1702
628.4444444444443,11.4,7.224264068711929,360,0.72,12.0,11,55,1703
740.6666666666667,11.9,7.319615242270664,360,0.65,17.0,12,55,1704
684.5555555555557,11.7,7.379555495773442,360,0.64,18.0,13,55,1705
347.8888888888889,10.9,7.4,360,0.74,19.0,14,55,1706
347.8888888888889,10.4,7.379555495773442,360,0.77,20.0,15,55,1707
202.0,10.9,7.319615242270664,360,0.73,15.0,16,55,1708
67.33333333333334,10.8,7.224264068711929,360,0.73,17.0,17,55,1709
11.222222222222221,10.3,7.1000000000000005,360,0.77,16.0,18,55,1710
0.0,10.1,6.955291427061513,360,0.77,16.0,19,55,1711
0.0,9.9,6.800000000000001,360,0.8,13.0,20,55,1712
0.0,9.6,6.644708572938488,360,0.8,15.0,21,55,1713
0.0,8.7,6.500000000000001,360,0.82,14.0,22,55,1714
0.0,8.0,6.375735931288072,360,0.83,10.0,23,55,1715
0.0,7.5,6.280384757729338,360,0.93,9.0,24,55,1716
0.0,7.6,6.4289630476542925,360,0.96,8.0,1,56,1717
0.0,7.6,6.4,360,0.99,7.0,2,56,1718
0.0,7.5,6.4289630476542925,360,1.0,8.0,3,56,1719
0.0,7.7,6.513878406783228,360,1.0,6.0,4,56,1720
0.0,7.9,6.648959235991435,360,1.0,7.0,5,56,1721
0.0,8.0,6.825,360,1.0,8.0,6,56,1722
0.0,8.1,7.030003811662858,360,1.0,7.0,7,56,1723
33.66666666666667,8.3,7.25,360,1.0,9.0,8,56,1724
67.33333333333334,8.6,7.469996188337142,360,1.0,7.0,9,56,1725
157.1111111111111,9.5,7.675,360,1.0,8.0,10,56,1726
213.22222222222223,10.9,7.851040764008565,360,0.91,14.0,11,56,1727
437.6666666666667,12.4,7.986121593216772,360,0.82,14.0,12,56,1728
617.2222222222222,13.4,8.071036952345708,360,0.78,12.0,13,56,1729
415.2222222222223,12.8,8.1,360,0.83,12.0,14,56,1730
381.55555555555554,12.8,8.071036952345708,360,0.84,10.0,15,56,1731
202.0,11.7,7.986121593216772,360,0.95,9.0,16,56,1732
11.222222222222221,10.6,7.851040764008565,360,1.0,8.0,17,56,1733
11.222222222222221,9.1,7.675,360,0.95,15.0,18,56,1734
0.0,9.8,7.469996188337142,360,0.88,10.0,19,56,1735
0.0,9.1,7.25,360,0.91,9.0,20,56,1736
0.0,10.6,7.030003811662858,360,0.81,10.0,21,56,1737
0.0,8.5,6.825,360,0.785714285714286,9.42857142857143,22,56,1738
0.0,6.4,6.648959235991435,360,0.761428571428571,8.85714285714286,23,56,1739
0.0,4.3,6.513878406783228,360,0.737142857142857,8.28571428571429,24,56,1740
0.0,2.2,3.115333378169919,360,0.7128571428571431,7.71428571428571,1,57,1741
0.0,0.0999999999999996,3.0999999999999996,360,0.6885714285714291,7.14285714285714,2,57,1742
0.0,-2.0,3.115333378169919,360,0.664285714285714,6.57142857142857,3,57,1743
0.0,-4.1,3.1602885682970023,360,0.64,6.0,4,57,1744
0.0,-4.1,3.231801948466053,360,0.62,6.0,5,57,1745
0.0,-4.3,3.3249999999999997,360,0.61,8.0,6,57,1746
11.222222222222221,-4.4,3.4335314297038657,360,0.61,9.0,7,57,1747
235.66666666666669,-3.4,3.55,360,0.54,9.0,8,57,1748
549.8888888888889,-2.6,3.666468570296134,360,0.49,12.0,9,57,1749
864.1111111111111,-1.6,3.775,360,0.45,12.0,10,57,1750
1111.0,-0.8,3.868198051533946,360,0.44,10.0,11,57,1751
1245.6666666666665,0.6,3.9397114317029973,360,0.39,11.0,12,57,1752
1256.8888888888887,0.7,3.9846666218300806,360,0.34,11.0,13,57,1753
1189.5555555555557,1.1,4.0,360,0.31,11.0,14,57,1754
976.3333333333333,0.9,3.9846666218300806,360,0.34,13.0,15,57,1755
673.3333333333333,0.6,3.9397114317029973,360,0.34,12.0,16,57,1756
325.44444444444446,-0.6,3.868198051533946,360,0.38,12.0,17,57,1757
44.888888888888886,-1.9,3.775,360,0.44,10.0,18,57,1758
0.0,-2.4,3.666468570296134,360,0.45,10.0,19,57,1759
0.0,-2.9,3.55,360,0.47,10.0,20,57,1760
0.0,-3.4,3.4335314297038657,360,0.48,12.0,21,57,1761
0.0,-3.8,3.325,360,0.5,10.0,22,57,1762
0.0,-4.1,3.2318019484660536,360,0.52,8.0,23,57,1763
0.0,-4.5,3.1602885682970023,360,0.53,8.0,24,57,1764
0.0,-5.0,2.2102222521132795,360,0.57,8.0,1,58,1765
0.0,-5.6,2.2,360,0.63,6.0,2,58,1766
0.0,-6.0,2.2102222521132795,360,0.65,8.0,3,58,1767
0.0,-6.2,2.2401923788646685,360,0.66,6.0,4,58,1768
0.0,-6.5,2.2878679656440357,360,0.68,7.0,5,58,1769
0.0,-6.6,2.35,360,0.66,8.0,6,58,1770
11.222222222222221,-6.7,2.422354286469244,360,0.7,8.0,7,58,1771
190.77777777777777,-5.7,2.5,360,0.66,8.0,8,58,1772
549.8888888888889,-4.9,2.577645713530756,360,0.56,10.0,9,58,1773
864.1111111111111,-4.1,2.65,360,0.49,10.0,10,58,1774
1111.0,-3.1,2.7121320343559643,360,0.44,11.0,11,58,1775
1256.8888888888887,-2.9,2.7598076211353315,360,0.44,11.0,12,58,1776
1268.1111111111113,-1.6,2.7897777478867205,360,0.44,11.0,13,58,1777
1167.111111111111,-1.5,2.8,360,0.43,10.0,14,58,1778
976.3333333333333,-1.0,2.7897777478867205,360,0.43,10.0,15,58,1779
572.3333333333333,-1.8,2.7598076211353315,360,0.45,11.0,16,58,1780
280.55555555555554,-2.5,2.7121320343559643,360,0.48,9.0,17,58,1781
44.888888888888886,-3.4,2.65,360,0.51,8.0,18,58,1782
0.0,-3.9,2.577645713530756,360,0.55,8.0,19,58,1783
0.0,-4.6,2.5,360,0.65,7.0,20,58,1784
0.0,-5.3,2.422354286469244,360,0.73,6.0,21,58,1785
0.0,-5.8,2.35,360,0.78,5.0,22,58,1786
0.0,-6.1,2.2878679656440357,360,0.79,6.0,23,58,1787
0.0,-6.5,2.2401923788646685,360,0.78,6.0,24,58,1788
0.0,-6.7,1.80511112605664,360,0.77,6.0,1,59,1789
0.0,-7.0,1.8000000000000003,360,0.76,7.0,2,59,1790
0.0,-7.4,1.80511112605664,360,0.77,6.0,3,59,1791
0.0,-7.7,1.8200961894323344,360,0.77,6.0,4,59,1792
0.0,-7.6,1.843933982822018,360,0.74,6.0,5,59,1793
0.0,-7.8,1.875,360,0.73,7.0,6,59,1794
11.222222222222221,-7.8,1.911177143234622,360,0.72,6.0,7,59,1795
78.55555555555554,-7.5,1.9500000000000002,360,0.71,8.0,8,59,1796
359.1111111111111,-6.0,1.9888228567653783,360,0.66,10.0,9,59,1797
594.7777777777778,-4.7,2.0250000000000004,360,0.59,10.0,10,59,1798
785.5555555555557,-3.1,2.0560660171779825,360,0.54,10.0,11,59,1799
729.4444444444443,-2.1,2.079903810567666,360,0.47,10.0,12,59,1800
617.2222222222222,-1.4,2.0948888739433604,360,0.47,10.0,13,59,1801
426.44444444444446,-1.4,2.1,360,0.48,10.0,14,59,1802
202.0,-1.4,2.0948888739433604,360,0.5,11.0,15,59,1803
123.44444444444446,-2.2,2.079903810567666,360,0.59,12.0,16,59,1804
56.111111111111114,-3.6,2.0560660171779825,360,0.85,10.0,17,59,1805
0.0,-3.8,2.0250000000000004,360,0.92,10.0,18,59,1806
0.0,-3.4,1.9888228567653783,360,0.94,10.0,19,59,1807
0.0,-3.3,1.9500000000000002,360,0.95,10.0,20,59,1808
0.0,-3.0,1.911177143234622,360,0.95,8.0,21,59,1809
0.0,-2.9,1.8750000000000002,360,0.95,8.0,22,59,1810
0.0,-2.8,1.843933982822018,360,0.96,6.0,23,59,1811
0.0,-2.2,1.8200961894323344,360,0.97,6.0,24,59,1812
0.0,-1.8,1.9477038431953042,360,0.98,6.0,1,61,1813
0.0,-1.6,1.8999999999999997,360,0.98,5.0,2,61,1814
0.0,-1.3,1.947703843195304,360,0.99,4.0,3,61,1815
0.0,-1.1,2.087564434701785,360,0.99,5.0,4,61,1816
0.0,-0.8,2.3100505063388326,360,1.0,4.0,5,61,1817
0.0,-0.5,2.599999999999999,360,0.99,4.0,6,61,1818
11.222222222222221,-0.1,2.937653336856471,360,0.99,4.0,7,61,1819
67.33333333333334,0.2,3.3,360,0.98,4.0,8,61,1820
415.2222222222223,1.7,3.662346663143529,360,0.94,4.0,9,61,1821
460.11111111111114,2.4,4.0,360,0.93,4.0,10,61,1822
617.2222222222222,4.3,4.289949493661166,360,0.86,5.0,11,61,1823
381.55555555555554,4.9,4.512435565298214,360,0.85,4.0,12,61,1824
808.0,7.7,4.652296156804695,360,0.77,6.0,13,61,1825
718.2222222222222,8.8,4.7,360,0.79,4.0,14,61,1826
415.2222222222223,9.8,4.652296156804695,360,0.77,4.0,15,61,1827
179.55555555555554,10.4,4.512435565298214,360,0.75,4.0,16,61,1828
101.0,10.7,4.289949493661166,360,0.71,3.0,17,61,1829
44.888888888888886,10.4,4.0,360,0.7,4.0,18,61,1830
0.0,9.9,3.662346663143529,360,0.72,5.0,19,61,1831
0.0,9.6,3.3,360,0.73,5.0,20,61,1832
0.0,9.2,2.937653336856471,360,0.74,6.0,21,61,1833
0.0,8.6,2.6,360,0.81,5.0,22,61,1834
0.0,8.0,2.3100505063388335,360,0.86,4.0,23,61,1835
0.0,7.4,2.087564434701785,360,0.94,4.0,24,61,1836
0.0,8.1,3.9391852997675714,360,0.94,6.0,1,62,1837
0.0,7.7,3.8999999999999995,360,0.92,14.0,2,62,1838
0.0,7.0,3.939185299767571,360,0.93,12.0,3,62,1839
0.0,7.2,4.054070785647895,360,0.92,11.0,4,62,1840
0.0,6.9,4.23682720163547,360,0.86,14.0,5,62,1841
0.0,6.6,4.475,360,0.83,14.0,6,62,1842
0.0,6.1,4.752358098132101,360,0.77,12.0,7,62,1843
224.44444444444446,6.4,5.05,360,0.75,13.0,8,62,1844
448.8888888888889,7.0,5.347641901867899,360,0.72,12.0,9,62,1845
628.4444444444443,7.1,5.625,360,0.72,16.0,10,62,1846
830.4444444444446,8.3,5.86317279836453,360,0.64,13.0,11,62,1847
1077.3333333333335,8.5,6.045929214352104,360,0.66,13.0,12,62,1848
1043.6666666666665,10.1,6.160814700232429,360,0.53,13.0,13,62,1849
1088.5555555555557,10.4,6.2,360,0.44,14.0,14,62,1850
886.5555555555555,10.7,6.160814700232429,360,0.4,12.0,15,62,1851
583.5555555555555,9.7,6.045929214352104,360,0.44,8.0,16,62,1852
314.2222222222222,8.8,5.86317279836453,360,0.46,8.0,17,62,1853
44.888888888888886,4.8,5.625,360,0.58,4.0,18,62,1854
0.0,4.0,5.347641901867899,360,0.63,2.0,19,62,1855
0.0,3.5,5.05,360,0.69,2.0,20,62,1856
0.0,4.8,4.752358098132101,360,0.64,2.0,21,62,1857
0.0,6.0,4.475,360,0.65,4.0,22,62,1858
0.0,5.8,4.23682720163547,360,0.68,2.0,23,62,1859
0.0,5.6,4.0540707856478955,360,0.71,3.0,24,62,1860
0.0,4.7,5.235777882396478,360,0.84,2.0,1,63,1861
0.0,4.4,5.2,360,0.92,3.0,2,63,1862
0.0,4.5,5.235777882396478,360,0.95,3.0,3,63,1863
0.0,5.6,5.340673326026339,360,0.97,4.0,4,63,1864
0.0,6.1,5.507537879754125,360,0.96,6.0,5,63,1865
0.0,6.7,5.725,360,0.97,6.0,6,63,1866
11.222222222222221,6.7,5.9782400026423534,360,0.97,5.0,7,63,1867
213.22222222222223,8.2,6.25,360,0.94,5.0,8,63,1868
303.0,8.6,6.5217599973576466,360,0.93,6.0,9,63,1869
684.5555555555557,10.7,6.775,360,0.79,9.0,10,63,1870
953.8888888888889,11.9,6.992462120245875,360,0.68,11.0,11,63,1871
785.5555555555557,11.6,7.159326673973661,360,0.74,12.0,12,63,1872
1268.1111111111113,12.9,7.264222117603522,360,0.63,14.0,13,63,1873
1167.111111111111,13.1,7.3,360,0.58,15.0,14,63,1874
987.5555555555557,13.0,7.264222117603522,360,0.53,14.0,15,63,1875
684.5555555555557,12.6,7.159326673973661,360,0.55,13.0,16,63,1876
347.8888888888889,12.1,6.992462120245875,360,0.61,9.0,17,63,1877
22.444444444444443,9.3,6.775,360,0.73,3.0,18,63,1878
0.0,8.7,6.5217599973576466,360,0.69,3.0,19,63,1879
0.0,5.6,6.25,360,0.82,2.0,20,63,1880
0.0,5.3,5.9782400026423534,360,0.83,2.0,21,63,1881
0.0,6.4,5.7250000000000005,360,0.82,2.0,22,63,1882
0.0,5.8,5.507537879754126,360,0.84,2.0,23,63,1883
0.0,5.0,5.340673326026339,360,0.89,2.0,24,63,1884
0.0,7.8,6.325555630283199,360,0.85,8.0,1,64,1885
0.0,7.8,6.3,360,0.93,7.0,2,64,1886
0.0,7.7,6.325555630283199,360,0.97,7.0,3,64,1887
0.0,7.2,6.400480947161671,360,0.98,4.0,4,64,1888
0.0,6.8,6.519669914110089,360,1.0,2.0,5,64,1889
0.0,6.5,6.675,360,1.0,2.0,6,64,1890
0.0,7.0,6.855885716173109,360,0.98,3.0,7,64,1891
33.66666666666667,7.0,7.05,360,1.0,4.0,8,64,1892
78.55555555555554,7.5,7.244114283826891,360,0.99,4.0,9,64,1893
89.77777777777777,7.1,7.425,360,0.97,6.0,10,64,1894
213.22222222222223,7.4,7.58033008588991,360,0.96,7.0,11,64,1895
370.33333333333337,8.3,7.699519052838329,360,0.93,5.0,12,64,1896
931.4444444444445,10.1,7.774444369716801,360,0.83,8.0,13,64,1897
1066.1111111111113,11.2,7.8,360,0.76,9.0,14,64,1898
931.4444444444445,11.6,7.774444369716801,360,0.64,12.0,15,64,1899
527.4444444444445,11.3,7.699519052838329,360,0.65,10.0,16,64,1900
258.11111111111114,9.7,7.58033008588991,360,0.77,8.0,17,64,1901
33.66666666666667,8.0,7.425,360,0.89,9.0,18,64,1902
0.0,7.3,7.244114283826891,360,0.91,6.0,19,64,1903
0.0,7.0,7.05,360,0.91,6.0,20,64,1904
0.0,6.8,6.855885716173109,360,0.91,6.0,21,64,1905
0.0,5.8,6.675,360,0.93,4.0,22,64,1906
0.0,6.0,6.519669914110089,360,0.93,4.0,23,64,1907
0.0,5.8,6.400480947161671,360,0.91,4.0,24,64,1908
0.0,6.2,6.125555630283198,360,0.87,6.0,1,65,1909
0.0,5.6,6.1,360,0.87,4.0,2,65,1910
0.0,3.8,6.125555630283198,360,0.95,4.0,3,65,1911
0.0,3.8,6.200480947161671,360,0.97,2.0,4,65,1912
0.0,3.4,6.319669914110088,360,0.99,2.0,5,65,1913
0.0,3.9,6.475,360,0.99,2.0,6,65,1914
11.222222222222221,4.2,6.655885716173109,360,0.97,2.0,7,65,1915
67.33333333333334,5.3,6.85,360,0.93,2.0,8,65,1916
101.0,7.2,7.04411428382689,360,0.87,7.0,9,65,1917
404.0,8.7,7.225,360,0.84,8.0,10,65,1918
549.8888888888889,9.2,7.38033008588991,360,0.76,8.0,11,65,1919
291.77777777777777,8.6,7.499519052838329,360,0.84,8.0,12,65,1920
650.8888888888889,10.4,7.574444369716801,360,0.76,8.0,13,65,1921
527.4444444444445,11.5,7.6,360,0.7,6.0,14,65,1922
269.33333333333337,11.4,7.574444369716801,360,0.75,5.0,15,65,1923
303.0,11.2,7.499519052838329,360,0.77,4.0,16,65,1924
190.77777777777777,10.8,7.38033008588991,360,0.8,4.0,17,65,1925
44.888888888888886,9.5,7.225,360,0.88,3.0,18,65,1926
0.0,8.6,7.04411428382689,360,0.88,4.0,19,65,1927
0.0,7.9,6.85,360,0.9,4.0,20,65,1928
0.0,7.3,6.655885716173109,360,0.92,2.0,21,65,1929
0.0,6.5,6.475,360,0.95,2.0,22,65,1930
0.0,6.8,6.319669914110089,360,0.97,2.0,23,65,1931
0.0,6.7,6.200480947161671,360,0.97,3.0,24,65,1932
0.0,6.2,6.2221482129121055,360,0.98,3.0,1,66,1933
0.0,5.2,6.199999999999999,360,0.99,3.0,2,66,1934
0.0,4.3,6.2221482129121055,360,1.0,2.0,3,66,1935
0.0,4.5,6.287083487540114,360,1.0,2.0,4,66,1936
0.0,5.3,6.390380592228744,360,1.0,4.0,5,66,1937
0.0,4.4,6.5249999999999995,360,1.0,7.0,6,66,1938
11.222222222222221,4.9,6.681767620683361,360,1.0,6.0,7,66,1939
269.33333333333337,6.5,6.85,360,0.93,6.0,8,66,1940
628.4444444444443,8.0,7.018232379316638,360,0.9,7.0,9,66,1941
864.1111111111111,9.3,7.175,360,0.87,8.0,10,66,1942
695.7777777777778,9.8,7.3096194077712555,360,0.79,8.0,11,66,1943
134.66666666666669,6.1,7.412916512459884,360,0.92,12.0,12,66,1944
202.0,6.1,7.477851787087894,360,0.94,8.0,13,66,1945
168.33333333333331,6.3,7.5,360,0.94,8.0,14,66,1946
718.2222222222222,8.7,7.477851787087894,360,0.88,7.0,15,66,1947
471.33333333333337,7.8,7.412916512459884,360,0.92,7.0,16,66,1948
145.88888888888889,7.5,7.3096194077712555,360,0.95,8.0,17,66,1949
22.444444444444443,7.2,7.175,360,0.95,8.0,18,66,1950
0.0,6.6,7.018232379316638,360,0.94,10.0,19,66,1951
0.0,6.4,6.85,360,0.92,12.0,20,66,1952
0.0,6.1,6.681767620683361,360,0.91,12.0,21,66,1953
0.0,5.5,6.5249999999999995,360,0.96,9.0,22,66,1954
0.0,5.3,6.390380592228744,360,0.93,8.0,23,66,1955
0.0,5.1,6.287083487540115,360,0.95,8.0,24,66,1956
0.0,5.1,6.332370465025385,360,0.94,9.0,1,67,1957
0.0,4.7,6.300000000000001,360,0.94,8.0,2,67,1958
0.0,4.3,6.332370465025385,360,0.96,6.0,3,67,1959
0.0,4.5,6.427275866404783,360,0.95,6.0,4,67,1960
0.0,4.6,6.578248557872779,360,0.95,6.0,5,67,1961
0.0,4.5,6.7749999999999995,360,0.97,6.0,6,67,1962
11.222222222222221,4.4,7.004121907152605,360,0.98,5.0,7,67,1963
235.66666666666669,5.7,7.25,360,0.97,5.0,8,67,1964
572.3333333333333,7.0,7.495878092847395,360,0.94,6.0,9,67,1965
639.6666666666667,8.4,7.725,360,0.85,7.0,10,67,1966
886.5555555555555,9.7,7.92175144212722,360,0.74,8.0,11,67,1967
852.8888888888889,10.4,8.072724133595216,360,0.69,9.0,12,67,1968
1470.111111111111,9.6,8.167629534974616,360,0.76,9.0,13,67,1969
763.1111111111111,11.2,8.2,360,0.64,8.0,14,67,1970
740.6666666666667,10.8,8.167629534974616,360,0.64,10.0,15,67,1971
594.7777777777778,10.6,8.072724133595216,360,0.65,11.0,16,67,1972
336.66666666666663,9.5,7.92175144212722,360,0.65,8.0,17,67,1973
44.888888888888886,7.9,7.725,360,0.77,8.0,18,67,1974
0.0,5.7,7.495878092847395,360,0.85,6.0,19,67,1975
0.0,6.1,7.25,360,0.88,4.0,20,67,1976
0.0,5.7,7.004121907152605,360,0.91,6.0,21,67,1977
0.0,5.7,6.775,360,0.91,6.0,22,67,1978
0.0,4.9,6.57824855787278,360,0.96,6.0,23,67,1979
0.0,4.2,6.427275866404783,360,0.98,5.0,24,67,1980
0.0,4.2,6.239185299767572,360,0.98,5.0,1,68,1981
0.0,4.0,6.199999999999999,360,0.99,6.0,2,68,1982
0.0,3.9,6.239185299767572,360,0.99,6.0,3,68,1983
0.0,3.6,6.354070785647895,360,1.0,4.0,4,68,1984
0.0,3.7,6.53682720163547,360,0.99,4.0,5,68,1985
0.0,2.7,6.7749999999999995,360,1.0,4.0,6,68,1986
33.66666666666667,3.4,7.052358098132101,360,0.99,7.0,7,68,1987
202.0,4.6,7.35,360,0.94,8.0,8,68,1988
628.4444444444443,7.1,7.647641901867899,360,0.86,11.0,9,68,1989
942.6666666666667,8.6,7.925,360,0.76,9.0,10,68,1990
1088.5555555555557,10.7,8.16317279836453,360,0.69,8.0,11,68,1991
1268.1111111111113,12.6,8.345929214352104,360,0.59,9.0,12,68,1992
1279.3333333333335,13.7,8.460814700232428,360,0.54,10.0,13,68,1993
1167.111111111111,14.1,8.5,360,0.52,10.0,14,68,1994
942.6666666666667,13.9,8.460814700232428,360,0.51,11.0,15,68,1995
606.0,13.6,8.345929214352104,360,0.56,9.0,16,68,1996
246.8888888888889,12.1,8.16317279836453,360,0.62,8.0,17,68,1997
33.66666666666667,11.2,7.925,360,0.67,6.0,18,68,1998
0.0,10.8,7.647641901867899,360,0.69,4.0,19,68,1999
0.0,10.2,7.35,360,0.72,3.0,20,68,2000
0.0,9.9,7.052358098132101,360,0.74,4.0,21,68,2001
0.0,8.4,6.775,360,0.81,3.0,22,68,2002
0.0,9.0,6.53682720163547,360,0.77,2.0,23,68,2003
0.0,8.9,6.354070785647895,360,0.78,3.0,24,68,2004
0.0,10.2,7.828963047654292,360,0.72,6.0,1,69,2005
0.0,10.5,7.800000000000001,360,0.73,7.0,2,69,2006
0.0,10.3,7.828963047654292,360,0.72,6.0,3,69,2007
0.0,9.9,7.913878406783227,360,0.76,7.0,4,69,2008
0.0,10.1,8.048959235991434,360,0.74,7.0,5,69,2009
0.0,10.1,8.225,360,0.74,8.0,6,69,2010
33.66666666666667,10.0,8.430003811662857,360,0.73,8.0,7,69,2011
213.22222222222223,10.1,8.65,360,0.73,10.0,8,69,2012
370.33333333333337,11.0,8.869996188337144,360,0.73,10.0,9,69,2013
415.2222222222223,11.6,9.075000000000001,360,0.73,9.0,10,69,2014
650.8888888888889,13.0,9.251040764008566,360,0.72,9.0,11,69,2015
819.2222222222222,14.7,9.386121593216773,360,0.67,10.0,12,69,2016
808.0,15.8,9.471036952345708,360,0.65,10.0,13,69,2017
482.5555555555556,15.3,9.5,360,0.68,9.0,14,69,2018
392.7777777777778,15.6,9.471036952345708,360,0.66,8.0,15,69,2019
303.0,15.4,9.386121593216773,360,0.66,7.0,16,69,2020
213.22222222222223,15.0,9.251040764008566,360,0.66,8.0,17,69,2021
56.111111111111114,13.9,9.075000000000001,360,0.69,6.0,18,69,2022
0.0,13.3,8.869996188337144,360,0.72,6.0,19,69,2023
0.0,13.4,8.65,360,0.71,8.0,20,69,2024
0.0,13.6,8.430003811662857,360,0.7,8.0,21,69,2025
0.0,13.6,8.225,360,0.71,8.0,22,69,2026
0.0,13.3,8.048959235991434,360,0.71,10.0,23,69,2027
0.0,12.5,7.913878406783227,360,0.76,12.0,24,69,2028
0.0,11.5,9.028963047654292,360,0.84,10.0,1,70,2029
0.0,10.7,9.0,360,0.92,10.0,2,70,2030
0.0,10.5,9.028963047654292,360,0.95,7.0,3,70,2031
0.0,10.6,9.113878406783227,360,0.95,6.0,4,70,2032
0.0,11.2,9.248959235991434,360,0.93,7.0,5,70,2033
0.0,11.2,9.424999999999999,360,0.91,8.0,6,70,2034
33.66666666666667,11.3,9.630003811662856,360,0.9,6.0,7,70,2035
303.0,12.6,9.85,360,0.85,9.0,8,70,2036
572.3333333333333,14.9,10.069996188337143,360,0.76,8.0,9,70,2037
718.2222222222222,15.2,10.275,360,0.74,9.0,10,70,2038
707.0000000000001,16.5,10.451040764008566,360,0.71,10.0,11,70,2039
695.7777777777778,16.0,10.586121593216772,360,0.73,9.0,12,70,2040
673.3333333333333,16.7,10.671036952345707,360,0.72,6.0,13,70,2041
471.33333333333337,16.5,10.7,360,0.72,6.0,14,70,2042
392.7777777777778,16.6,10.671036952345707,360,0.72,6.0,15,70,2043
134.66666666666669,16.0,10.586121593216772,360,0.73,5.0,16,70,2044
78.55555555555554,14.1,10.451040764008566,360,0.89,6.0,17,70,2045
33.66666666666667,13.8,10.275,360,0.89,4.0,18,70,2046
0.0,13.4,10.069996188337143,360,0.89,4.0,19,70,2047
0.0,12.7,9.85,360,0.91,2.0,20,70,2048
0.0,13.2,9.630003811662856,360,0.88,6.0,21,70,2049
0.0,13.2,9.425,360,0.84,9.0,22,70,2050
0.0,12.0,9.248959235991435,360,0.91,10.0,23,70,2051
0.0,11.0,9.113878406783227,360,0.95,7.0,24,70,2052
0.0,10.9,9.322148212912106,360,0.94,6.0,1,71,2053
0.0,11.0,9.3,360,0.94,8.0,2,71,2054
0.0,10.6,9.322148212912106,360,0.93,7.0,3,71,2055
0.0,10.5,9.387083487540114,360,0.93,6.0,4,71,2056
0.0,10.4,9.490380592228744,360,0.91,6.0,5,71,2057
0.0,9.1,9.625,360,0.96,6.0,6,71,2058
44.888888888888886,10.6,9.781767620683361,360,0.87,8.0,7,71,2059
325.44444444444446,12.5,9.95,360,0.78,8.0,8,71,2060
617.2222222222222,13.3,10.118232379316638,360,0.72,11.0,9,71,2061
987.5555555555557,15.0,10.274999999999999,360,0.62,13.0,10,71,2062
1256.8888888888887,16.3,10.409619407771254,360,0.54,14.0,11,71,2063
303.0,13.2,10.512916512459885,360,0.63,14.0,12,71,2064
976.3333333333333,15.2,10.577851787087893,360,0.52,14.0,13,71,2065
695.7777777777778,14.7,10.599999999999998,360,0.56,12.0,14,71,2066
763.1111111111111,14.0,10.577851787087893,360,0.63,13.0,15,71,2067
516.2222222222223,13.8,10.512916512459885,360,0.62,10.0,16,71,2068
157.1111111111111,13.3,10.409619407771254,360,0.62,8.0,17,71,2069
78.55555555555554,11.0,10.274999999999999,360,0.71,7.0,18,71,2070
0.0,11.3,10.118232379316638,360,0.67,6.0,19,71,2071
0.0,11.0,9.95,360,0.68,6.0,20,71,2072
0.0,11.2,9.781767620683361,360,0.67,6.0,21,71,2073
0.0,10.9857142857143,9.625,360,0.7,7.0,22,71,2074
0.0,10.7714285714286,9.490380592228744,360,0.73,8.0,23,71,2075
0.0,10.5571428571429,9.387083487540114,360,0.76,9.0,24,71,2076
0.0,10.3428571428571,9.313629669484373,360,0.79,10.0,1,72,2077
0.0,10.1285714285714,9.3,360,0.82,11.0,2,72,2078
0.0,9.91428571428571,9.313629669484373,360,0.85,12.0,3,72,2079
0.0,9.7,9.353589838486224,360,0.88,13.0,4,72,2080
0.0,9.5,9.41715728752538,360,0.9,12.0,5,72,2081
0.0,9.4,9.5,360,0.9,11.0,6,72,2082
22.444444444444443,9.3,9.596472381958991,360,0.9,10.0,7,72,2083
145.88888888888889,9.9,9.7,360,0.89,10.0,8,72,2084
258.11111111111114,10.1,9.803527618041008,360,0.89,11.0,9,72,2085
314.2222222222222,8.5,9.899999999999999,360,0.9,10.0,10,72,2086
662.1111111111112,9.3,9.982842712474618,360,0.91,10.0,11,72,2087
830.4444444444446,10.8,10.046410161513775,360,0.87,12.0,12,72,2088
392.7777777777778,8.8,10.086370330515626,360,0.86,13.0,13,72,2089
662.1111111111112,8.4,10.099999999999998,360,0.89,12.0,14,72,2090
785.5555555555557,10.6,10.086370330515626,360,0.75,15.0,15,72,2091
527.4444444444445,10.6,10.046410161513775,360,0.74,13.0,16,72,2092
314.2222222222222,9.5,9.982842712474618,360,0.77,14.0,17,72,2093
78.55555555555554,9.0,9.899999999999999,360,0.81,12.0,18,72,2094
0.0,8.2,9.803527618041008,360,0.84,10.0,19,72,2095
0.0,8.0,9.7,360,0.86,10.0,20,72,2096
0.0,7.5,9.596472381958991,360,0.86,10.0,21,72,2097
0.0,8.1,9.5,360,0.85,10.0,22,72,2098
0.0,8.2,9.41715728752538,360,0.86,11.0,23,72,2099
0.0,8.0,9.353589838486224,360,0.86,10.0,24,72,2100
0.0,7.9,8.432370465025386,360,0.85,9.0,1,73,2101
0.0,7.4,8.400000000000002,360,0.87,10.0,2,73,2102
0.0,6.6,8.432370465025386,360,0.91,7.0,3,73,2103
0.0,6.4,8.527275866404784,360,0.91,6.0,4,73,2104
0.0,6.9,8.67824855787278,360,0.91,7.0,5,73,2105
0.0,6.0,8.875,360,0.93,6.0,6,73,2106
33.66666666666667,5.7,9.104121907152606,360,0.94,4.0,7,73,2107
325.44444444444446,7.0,9.350000000000001,360,0.92,4.0,8,73,2108
707.0000000000001,9.3,9.595878092847396,360,0.8,6.0,9,73,2109
965.1111111111112,10.3,9.825000000000001,360,0.7,7.0,10,73,2110
1189.5555555555557,10.5,10.021751442127222,360,0.68,6.0,11,73,2111
953.8888888888889,11.6,10.172724133595219,360,0.64,6.0,12,73,2112
1189.5555555555557,11.7,10.267629534974617,360,0.61,7.0,13,73,2113
662.1111111111112,10.0,10.3,360,0.79,6.0,14,73,2114
965.1111111111112,12.6,10.267629534974617,360,0.56,6.0,15,73,2115
695.7777777777778,11.8,10.172724133595219,360,0.6,5.0,16,73,2116
381.55555555555554,11.7,10.021751442127222,360,0.59,5.0,17,73,2117
112.22222222222223,8.9,9.825000000000001,360,0.72,4.0,18,73,2118
0.0,6.4,9.595878092847396,360,0.83,2.0,19,73,2119
0.0,4.2,9.350000000000001,360,0.88,2.0,20,73,2120
0.0,2.5,9.104121907152606,360,0.96,1.0,21,73,2121
0.0,3.0,8.875000000000002,360,0.96,2.0,22,73,2122
0.0,2.3,8.67824855787278,360,0.96,2.0,23,73,2123
0.0,3.2,8.527275866404784,360,0.93,2.0,24,73,2124
0.0,3.8,7.542592717138665,360,0.91,2.0,1,74,2125
0.0,3.5,7.5,360,0.93,2.0,2,74,2126
0.0,3.0,7.542592717138665,360,0.95,2.0,3,74,2127
0.0,2.8,7.667468245269451,360,0.96,2.0,4,74,2128
0.0,2.7,7.866116523516816,360,0.96,2.0,5,74,2129
0.0,2.8,8.125,360,0.97,2.0,6,74,2130
67.33333333333334,4.3,8.426476193621848,360,0.94,3.0,7,74,2131
370.33333333333337,7.3,8.75,360,0.87,6.0,8,74,2132
662.1111111111112,9.5,9.073523806378152,360,0.75,8.0,9,74,2133
1010.0,12.3,9.375,360,0.66,10.0,10,74,2134
1178.3333333333335,13.7,9.633883476483184,360,0.61,9.0,11,74,2135
1178.3333333333335,15.1,9.832531754730548,360,0.6,10.0,12,74,2136
1223.2222222222222,15.3,9.957407282861336,360,0.58,10.0,13,74,2137
965.1111111111112,15.4,10.0,360,0.58,9.0,14,74,2138
460.11111111111114,15.0,9.957407282861336,360,0.58,8.0,15,74,2139
291.77777777777777,14.6,9.832531754730548,360,0.6,7.0,16,74,2140
89.77777777777777,13.9,9.633883476483184,360,0.64,6.0,17,74,2141
44.888888888888886,13.5,9.375,360,0.64,7.0,18,74,2142
0.0,12.1,9.073523806378152,360,0.74,8.0,19,74,2143
0.0,11.6,8.75,360,0.78,6.0,20,74,2144
0.0,11.1,8.426476193621848,360,0.83,8.0,21,74,2145
0.0,11.0,8.125,360,0.84,9.0,22,74,2146
0.0,9.9,7.866116523516816,360,0.88,12.0,23,74,2147
0.0,8.7,7.667468245269451,360,0.95,12.0,24,74,2148
0.0,8.1,8.920444504226559,360,0.96,5.0,1,75,2149
0.0,7.6,8.9,360,0.95,6.0,2,75,2150
0.0,7.2,8.920444504226559,360,0.96,5.0,3,75,2151
0.0,7.3,8.980384757729336,360,0.97,4.0,4,75,2152
0.0,7.4,9.075735931288072,360,0.99,5.0,5,75,2153
0.0,7.5,9.2,360,1.0,6.0,6,75,2154
22.444444444444443,7.7,9.344708572938488,360,0.99,6.0,7,75,2155
157.1111111111111,8.9,9.5,360,0.95,5.0,8,75,2156
168.33333333333331,6.8,9.655291427061512,360,0.96,11.0,9,75,2157
617.2222222222222,8.3,9.8,360,0.9,6.0,10,75,2158
1245.6666666666665,9.8,9.924264068711928,360,0.8,6.0,11,75,2159
1200.7777777777778,10.7,10.019615242270662,360,0.79,8.0,12,75,2160
549.8888888888889,11.2,10.079555495773441,360,0.73,7.0,13,75,2161
202.0,9.6,10.1,360,0.9,8.0,14,75,2162
202.0,9.2,10.079555495773441,360,0.87,11.0,15,75,2163
235.66666666666669,8.8,10.019615242270662,360,0.94,10.0,16,75,2164
67.33333333333334,9.2,9.924264068711928,360,0.95,10.0,17,75,2165
89.77777777777777,9.5,9.8,360,0.93,7.0,18,75,2166
0.0,9.2,9.655291427061512,360,0.94,8.0,19,75,2167
0.0,8.6,9.5,360,0.93,7.0,20,75,2168
0.0,8.3,9.344708572938488,360,0.95,5.0,21,75,2169
0.0,7.9,9.200000000000001,360,0.96,5.0,22,75,2170
0.0,7.0,9.075735931288072,360,0.98,4.0,23,75,2171
0.0,6.8,8.980384757729338,360,0.99,4.0,24,75,2172
0.0,6.3,8.728963047654291,360,0.99,4.0,1,76,2173
0.0,6.7,8.7,360,1.0,3.0,2,76,2174
0.0,7.1,8.728963047654291,360,1.0,4.0,3,76,2175
0.0,6.3,8.813878406783227,360,1.0,4.0,4,76,2176
0.0,6.7,8.948959235991435,360,1.0,3.0,5,76,2177
0.0,6.5,9.125,360,1.0,4.0,6,76,2178
33.66666666666667,6.7,9.330003811662857,360,0.98,5.0,7,76,2179
235.66666666666669,7.5,9.55,360,0.97,5.0,8,76,2180
594.7777777777778,8.6,9.769996188337144,360,0.93,6.0,9,76,2181
774.3333333333333,10.0,9.975000000000001,360,0.78,8.0,10,76,2182
1212.0,10.9,10.151040764008567,360,0.69,8.0,11,76,2183
1313.0,11.7,10.286121593216775,360,0.63,8.0,12,76,2184
561.1111111111111,7.6,10.37103695234571,360,0.82,12.0,13,76,2185
628.4444444444443,6.5,10.400000000000002,360,0.88,11.0,14,76,2186
886.5555555555555,10.0,10.37103695234571,360,0.79,5.0,15,76,2187
404.0,7.5,10.286121593216775,360,0.79,8.0,16,76,2188
258.11111111111114,8.2,10.151040764008567,360,0.86,8.0,17,76,2189
101.0,6.5,9.975000000000001,360,0.91,4.0,18,76,2190
0.0,6.2,9.769996188337144,360,0.91,4.0,19,76,2191
0.0,5.4,9.55,360,0.94,2.0,20,76,2192
0.0,3.8,9.330003811662857,360,0.98,2.0,21,76,2193
0.0,4.1,9.125,360,0.99,2.0,22,76,2194
0.0,3.3,8.948959235991435,360,0.99,2.0,23,76,2195
0.0,2.2,8.813878406783227,360,0.99,2.0,24,76,2196
0.0,3.7,7.839185299767571,360,0.98,3.0,1,77,2197
0.0,2.6,7.799999999999999,360,0.98,2.0,2,77,2198
0.0,1.1,7.839185299767571,360,1.0,2.0,3,77,2199
0.0,0.5,7.954070785647895,360,1.0,1.0,4,77,2200
0.0,1.0,8.13682720163547,360,1.0,1.0,5,77,2201
0.0,2.1,8.374999999999998,360,1.0,3.0,6,77,2202
78.55555555555554,3.1,8.652358098132101,360,1.0,3.0,7,77,2203
325.44444444444446,4.3,8.95,360,0.99,2.0,8,77,2204
482.5555555555556,6.2,9.247641901867897,360,0.92,2.0,9,77,2205
606.0,7.1,9.524999999999999,360,0.89,2.0,10,77,2206
1099.7777777777778,9.4,9.76317279836453,360,0.79,4.0,11,77,2207
920.2222222222223,9.4,9.945929214352104,360,0.75,4.0,12,77,2208
1178.3333333333335,10.0,10.060814700232427,360,0.71,5.0,13,77,2209
1054.888888888889,10.7,10.1,360,0.66,5.0,14,77,2210
246.8888888888889,8.4,10.060814700232427,360,0.79,7.0,15,77,2211
145.88888888888889,6.6,9.945929214352104,360,0.84,7.0,16,77,2212
145.88888888888889,6.4,9.76317279836453,360,0.89,5.0,17,77,2213
33.66666666666667,6.0,9.524999999999999,360,0.89,4.0,18,77,2214
0.0,5.9,9.247641901867897,360,0.91,2.0,19,77,2215
0.0,6.1,8.95,360,0.92,2.0,20,77,2216
0.0,5.9,8.652358098132101,360,0.94,2.0,21,77,2217
0.0,5.6,8.375,360,0.96,2.0,22,77,2218
0.0,5.4,8.13682720163547,360,0.97,2.0,23,77,2219
0.0,5.4,7.954070785647895,360,0.98,1.0,24,77,2220
0.0,5.1,8.620444504226558,360,0.99,1.0,1,78,2221
0.0,5.1,8.599999999999998,360,0.99,1.0,2,78,2222
0.0,5.2,8.620444504226558,360,0.99,2.0,3,78,2223
0.0,5.4,8.680384757729335,360,0.98,2.0,4,78,2224
0.0,5.5,8.77573593128807,360,0.98,1.0,5,78,2225
0.0,5.6,8.899999999999999,360,0.98,1.0,6,78,2226
0.0,5.2,9.044708572938486,360,0.97,3.0,7,78,2227
56.111111111111114,5.4,9.2,360,0.96,3.0,8,78,2228
179.55555555555554,5.8,9.355291427061513,360,0.94,4.0,9,78,2229
314.2222222222222,6.4,9.5,360,0.89,4.0,10,78,2230
258.11111111111114,7.1,9.624264068711929,360,0.86,2.0,11,78,2231
347.8888888888889,7.5,9.719615242270663,360,0.85,2.0,12,78,2232
404.0,7.6,9.77955549577344,360,0.85,3.0,13,78,2233
482.5555555555556,8.0,9.8,360,0.84,4.0,14,78,2234
336.66666666666663,8.3,9.77955549577344,360,0.82,4.0,15,78,2235
505.0,8.4,9.719615242270663,360,0.81,4.0,16,78,2236
561.1111111111111,8.2,9.624264068711929,360,0.82,4.0,17,78,2237
56.111111111111114,6.4,9.5,360,0.87,3.0,18,78,2238
0.0,4.9,9.355291427061513,360,0.91,3.0,19,78,2239
0.0,5.0,9.2,360,0.92,2.0,20,78,2240
0.0,5.6,9.044708572938486,360,0.89,4.0,21,78,2241
0.0,4.6,8.899999999999999,360,0.86,6.0,22,78,2242
0.0,3.8,8.77573593128807,360,0.8,5.0,23,78,2243
0.0,2.2,8.680384757729335,360,0.83,4.0,24,78,2244
0.0,0.8,7.208518543427733,360,0.85,3.0,1,79,2245
0.0,-1.4,7.2,360,0.93,2.0,2,79,2246
0.0,-1.7,7.208518543427733,360,0.96,1.0,3,79,2247
0.0,-2.0,7.233493649053891,360,0.97,1.0,4,79,2248
0.0,-1.2,7.273223304703363,360,0.97,1.0,5,79,2249
0.0,-0.8,7.325,360,0.97,2.0,6,79,2250
22.444444444444443,-0.1,7.38529523872437,360,0.96,2.0,7,79,2251
89.77777777777777,1.1,7.45,360,0.9,2.0,8,79,2252
134.66666666666669,1.7,7.51470476127563,360,0.85,4.0,9,79,2253
190.77777777777777,1.1,7.575,360,0.91,6.0,10,79,2254
314.2222222222222,1.3,7.626776695296637,360,0.87,7.0,11,79,2255
280.55555555555554,1.2,7.6665063509461095,360,0.92,7.0,12,79,2256
280.55555555555554,1.5,7.691481456572268,360,0.91,8.0,13,79,2257
246.8888888888889,1.2,7.7,360,0.95,10.0,14,79,2258
134.66666666666669,0.5,7.691481456572268,360,0.96,10.0,15,79,2259
246.8888888888889,1.2,7.6665063509461095,360,0.95,10.0,16,79,2260
179.55555555555554,1.6,7.626776695296637,360,0.94,10.0,17,79,2261
44.888888888888886,1.4,7.575,360,0.94,10.0,18,79,2262
11.222222222222221,1.3,7.51470476127563,360,0.92,11.0,19,79,2263
0.0,1.0,7.45,360,0.93,9.0,20,79,2264
0.0,1.3,7.38529523872437,360,0.9,8.0,21,79,2265
0.0,1.4,7.325,360,0.88,9.0,22,79,2266
0.0,1.4,7.273223304703364,360,0.87,8.0,23,79,2267
0.0,1.4,7.233493649053891,360,0.87,8.0,24,79,2268
0.0,1.2,6.127259338968745,360,0.88,10.0,1,80,2269
0.0,1.0,6.1,360,0.87,9.0,2,80,2270
0.0,0.7,6.127259338968745,360,0.86,9.0,3,80,2271
0.0,0.8,6.207179676972449,360,0.87,9.0,4,80,2272
0.0,0.2,6.334314575050762,360,0.87,9.0,5,80,2273
0.0,0.2,6.5,360,0.86,8.0,6,80,2274
89.77777777777777,0.3,6.692944763917984,360,0.85,9.0,7,80,2275
404.0,1.0,6.9,360,0.76,11.0,8,80,2276
751.8888888888888,1.7,7.107055236082017,360,0.72,11.0,9,80,2277
1077.3333333333335,2.9,7.300000000000001,360,0.66,12.0,10,80,2278
1335.4444444444443,4.2,7.465685424949239,360,0.58,12.0,11,80,2279
1481.3333333333335,5.5,7.592820323027551,360,0.45,12.0,12,80,2280
1515.0,6.3,7.672740661031256,360,0.41,12.0,13,80,2281
1391.5555555555557,7.0,7.700000000000001,360,0.52,12.0,14,80,2282
1155.888888888889,7.6,7.672740661031256,360,0.54,14.0,15,80,2283
527.4444444444445,6.4,7.592820323027551,360,0.66,13.0,16,80,2284
224.44444444444446,6.2,7.465685424949239,360,0.67,13.0,17,80,2285
78.55555555555554,5.2,7.300000000000001,360,0.71,9.0,18,80,2286
0.0,4.8,7.107055236082017,360,0.72,8.0,19,80,2287
0.0,3.7,6.9,360,0.78,6.0,20,80,2288
0.0,3.1,6.692944763917984,360,0.8,5.0,21,80,2289
0.0,2.3,6.5,360,0.81,5.0,22,80,2290
0.0,2.1,6.334314575050763,360,0.79,5.0,23,80,2291
0.0,1.4,6.20717967697245,360,0.8,5.0,24,80,2292
0.0,1.0,5.840889008453118,360,0.83,6.0,1,81,2293
0.0,0.6,5.800000000000001,360,0.85,6.0,2,81,2294
0.0,0.1,5.840889008453118,360,0.86,6.0,3,81,2295
0.0,-0.1,5.960769515458674,360,0.86,6.0,4,81,2296
0.0,-0.6,6.151471862576143,360,0.88,6.0,5,81,2297
0.0,-0.9,6.3999999999999995,360,0.89,6.0,6,81,2298
112.22222222222223,-0.3,6.689417145876975,360,0.87,6.0,7,81,2299
448.8888888888889,1.0,7.0,360,0.85,8.0,8,81,2300
830.4444444444446,2.4,7.310582854123025,360,0.81,7.0,9,81,2301
1144.6666666666665,4.4,7.6,360,0.73,7.0,10,81,2302
1369.1111111111113,5.6,7.848528137423857,360,0.66,7.0,11,81,2303
1436.4444444444443,6.9,8.039230484541326,360,0.59,8.0,12,81,2304
1458.8888888888887,7.8,8.159110991546882,360,0.43,8.0,13,81,2305
1402.7777777777778,8.1,8.2,360,0.44,8.0,14,81,2306
1200.7777777777778,8.3,8.159110991546882,360,0.45,8.0,15,81,2307
886.5555555555555,8.4,8.039230484541326,360,0.48,8.0,16,81,2308
516.2222222222223,7.2,7.848528137423857,360,0.53,8.0,17,81,2309
134.66666666666669,6.0,7.6,360,0.56,6.0,18,81,2310
11.222222222222221,4.2,7.310582854123025,360,0.68,5.0,19,81,2311
0.0,3.6,7.0,360,0.67,5.0,20,81,2312
0.0,2.1,6.689417145876975,360,0.75,4.0,21,81,2313
0.0,1.4,6.4,360,0.76,3.0,22,81,2314
0.0,1.6,6.151471862576143,360,0.75,4.0,23,81,2315
0.0,1.1,5.960769515458674,360,0.76,4.0,24,81,2316
0.0,0.5,5.746000134509758,360,0.79,4.0,1,82,2317
0.0,-0.3,5.700000000000001,360,0.82,3.0,2,82,2318
0.0,-0.2,5.746000134509758,360,0.82,3.0,3,82,2319
0.0,-0.1,5.880865704891008,360,0.82,3.0,4,82,2320
0.0,-0.4,6.095405845398161,360,0.83,2.0,5,82,2321
0.0,-0.9,6.375,360,0.85,4.0,6,82,2322
112.22222222222223,0.1,6.7005942891115975,360,0.84,3.0,7,82,2323
460.11111111111114,2.7,7.050000000000001,360,0.79,3.0,8,82,2324
819.2222222222222,5.9,7.399405710888404,360,0.67,4.0,9,82,2325
1021.2222222222222,6.7,7.7250000000000005,360,0.58,6.0,10,82,2326
808.0,6.5,8.00459415460184,360,0.58,6.0,11,82,2327
1066.1111111111113,7.5,8.219134295108994,360,0.59,6.0,12,82,2328
1054.888888888889,7.8,8.353999865490243,360,0.6,6.0,13,82,2329
1010.0,7.4,8.4,360,0.61,5.0,14,82,2330
1178.3333333333335,8.6,8.353999865490243,360,0.59,6.0,15,82,2331
841.6666666666666,8.6,8.219134295108994,360,0.57,5.0,16,82,2332
482.5555555555556,6.8,8.00459415460184,360,0.62,4.0,17,82,2333
112.22222222222223,5.8,7.7250000000000005,360,0.69,4.0,18,82,2334
0.0,5.3,7.399405710888404,360,0.7,2.0,19,82,2335
0.0,5.6,7.050000000000001,360,0.67,2.0,20,82,2336
0.0,5.0,6.7005942891115975,360,0.73,2.0,21,82,2337
0.0,5.1,6.375000000000001,360,0.72,2.0,22,82,2338
0.0,5.0,6.095405845398162,360,0.7,3.0,23,82,2339
0.0,4.8,5.880865704891009,360,0.73,3.0,24,82,2340
0.0,4.4,7.2102222521132795,360,0.77,3.0,1,83,2341
0.0,4.3,7.2,360,0.75,2.0,2,83,2342
0.0,4.3,7.2102222521132795,360,0.76,3.0,3,83,2343
0.0,4.0,7.240192378864668,360,0.78,2.0,4,83,2344
0.0,3.9,7.287867965644036,360,0.78,4.0,5,83,2345
0.0,3.7,7.35,360,0.8,5.0,6,83,2346
56.111111111111114,3.5,7.422354286469244,360,0.82,6.0,7,83,2347
157.1111111111111,4.1,7.5,360,0.82,7.0,8,83,2348
213.22222222222223,4.1,7.577645713530756,360,0.88,7.0,9,83,2349
314.2222222222222,4.2,7.65,360,0.95,8.0,10,83,2350
336.66666666666663,4.8,7.712132034355964,360,0.94,8.0,11,83,2351
370.33333333333337,5.5,7.759807621135331,360,0.92,8.0,12,83,2352
291.77777777777777,5.3,7.7897777478867205,360,0.93,8.0,13,83,2353
258.11111111111114,5.5,7.8,360,0.92,8.0,14,83,2354
168.33333333333331,5.6,7.7897777478867205,360,0.95,8.0,15,83,2355
101.0,5.6,7.759807621135331,360,0.95,7.0,16,83,2356
123.44444444444446,5.7,7.712132034355964,360,0.95,8.0,17,83,2357
44.888888888888886,5.4,7.65,360,0.96,8.0,18,83,2358
0.0,5.5,7.577645713530756,360,0.97,8.0,19,83,2359
0.0,5.7,7.5,360,0.98,8.0,20,83,2360
0.0,5.9,7.422354286469244,360,0.99,7.0,21,83,2361
0.0,6.3,7.3500000000000005,360,0.97,7.0,22,83,2362
0.0,6.3,7.287867965644036,360,0.96,6.0,23,83,2363
0.0,6.0,7.240192378864669,360,0.95,5.0,24,83,2364
0.0,6.3,7.439185299767573,360,0.94,4.0,1,84,2365
0.0,6.2,7.400000000000001,360,0.94,2.0,2,84,2366
0.0,5.8,7.439185299767573,360,0.96,2.0,3,84,2367
0.0,6.1,7.554070785647896,360,0.97,6.0,4,84,2368
0.0,5.9,7.736827201635471,360,0.96,7.0,5,84,2369
0.0,5.7,7.9750000000000005,360,0.97,4.0,6,84,2370
56.111111111111114,6.0,8.252358098132103,360,0.96,3.0,7,84,2371
213.22222222222223,6.7,8.55,360,0.94,3.0,8,84,2372
336.66666666666663,7.3,8.847641901867899,360,0.91,4.0,9,84,2373
852.8888888888889,9.8,9.125,360,0.79,4.0,10,84,2374
505.0,9.0,9.36317279836453,360,0.77,4.0,11,84,2375
572.3333333333333,10.2,9.545929214352105,360,0.72,5.0,12,84,2376
673.3333333333333,10.8,9.660814700232429,360,0.7,6.0,13,84,2377
740.6666666666667,11.4,9.7,360,0.68,6.0,14,84,2378
650.8888888888889,11.0,9.660814700232429,360,0.71,5.0,15,84,2379
347.8888888888889,11.4,9.545929214352105,360,0.69,5.0,16,84,2380
415.2222222222223,11.2,9.36317279836453,360,0.67,5.0,17,84,2381
134.66666666666669,10.2,9.125,360,0.72,4.0,18,84,2382
0.0,9.6,8.847641901867899,360,0.75,2.0,19,84,2383
0.0,9.4,8.55,360,0.76,3.0,20,84,2384
0.0,8.4,8.252358098132103,360,0.8,4.0,21,84,2385
0.0,7.9,7.975000000000001,360,0.83,3.0,22,84,2386
0.0,7.4,7.736827201635472,360,0.84,3.0,23,84,2387
0.0,7.1,7.554070785647896,360,0.84,3.0,24,84,2388
0.0,6.6,8.24429642582421,360,0.85,3.0,1,85,2389
0.0,6.0,8.2,360,0.87,2.0,2,85,2390
0.0,5.9,8.24429642582421,360,0.88,2.0,3,85,2391
0.0,5.6,8.374166975080229,360,0.88,2.0,4,85,2392
0.0,5.4,8.580761184457486,360,0.88,2.0,5,85,2393
0.0,5.2,8.85,360,0.89,2.0,6,85,2394
101.0,6.3,9.163535241366723,360,0.86,4.0,7,85,2395
269.33333333333337,7.5,9.5,360,0.81,4.0,8,85,2396
471.33333333333337,9.0,9.836464758633277,360,0.77,5.0,9,85,2397
718.2222222222222,10.5,10.15,360,0.76,5.0,10,85,2398
841.6666666666666,10.8,10.419238815542512,360,0.72,5.0,11,85,2399
1010.0,12.1,10.625833024919771,360,0.69,6.0,12,85,2400
953.8888888888889,11.8,10.75570357417579,360,0.68,6.0,13,85,2401
1380.3333333333333,12.8,10.8,360,0.67,6.0,14,85,2402
852.8888888888889,12.6,10.75570357417579,360,0.65,6.0,15,85,2403
875.3333333333334,13.2,10.625833024919771,360,0.59,5.0,16,85,2404
527.4444444444445,13.2,10.419238815542512,360,0.58,4.0,17,85,2405
168.33333333333331,11.0,10.15,360,0.68,2.0,18,85,2406
11.222222222222221,8.1,9.836464758633277,360,0.78,1.0,19,85,2407
0.0,7.1,9.5,360,0.83,2.0,20,85,2408
0.0,8.2,9.163535241366723,360,0.78,1.0,21,85,2409
0.0,7.51428571428571,8.85,360,0.8114285714285709,1.28571428571429,22,85,2410
0.0,6.82857142857143,8.580761184457488,360,0.8428571428571431,1.57142857142857,23,85,2411
0.0,6.14285714285714,8.374166975080229,360,0.874285714285714,1.85714285714286,24,85,2412
0.0,5.45714285714286,5.195407686390609,360,0.905714285714286,2.14285714285714,1,85,2413
0.0,4.77142857142857,5.1,360,0.9371428571428569,2.42857142857143,2,85,2414
0.0,4.08571428571429,5.195407686390608,360,0.9685714285714291,2.71428571428571,3,85,2415
0.0,3.4,5.475128869403571,360,1.0,3.0,4,85,2416
0.0,3.1,5.920101012677666,360,1.0,2.0,5,85,2417
0.0,2.5,6.499999999999998,360,1.0,2.0,6,85,2418
123.44444444444446,3.9,7.175306673712941,360,1.0,2.0,7,85,2419
325.44444444444446,5.4,7.8999999999999995,360,0.92,5.0,8,85,2420
639.6666666666667,6.4,8.624693326287058,360,0.75,7.0,9,85,2421
808.0,6.9,9.299999999999999,360,0.56,8.0,10,85,2422
1144.6666666666665,8.2,9.879898987322333,360,0.49,7.0,11,85,2423
1189.5555555555557,8.9,10.324871130596428,360,0.49,6.0,12,85,2424
1234.4444444444443,9.4,10.604592313609391,360,0.47,6.0,13,85,2425
1178.3333333333335,10.0,10.7,360,0.46,6.0,14,85,2426
875.3333333333334,11.1,10.604592313609391,360,0.53,5.0,15,85,2427
561.1111111111111,10.6,10.324871130596428,360,0.47,6.0,16,85,2428
460.11111111111114,10.1,9.879898987322333,360,0.54,6.0,17,85,2429
157.1111111111111,7.8,9.299999999999999,360,0.65,5.0,18,85,2430
0.0,8.0,8.624693326287058,360,0.84,6.0,19,85,2431
0.0,7.5,7.8999999999999995,360,0.89,5.0,20,85,2432
0.0,6.8,7.175306673712941,360,0.93,5.0,21,85,2433
0.0,6.0,6.5,360,0.92,5.0,22,85,2434
0.0,5.0,5.920101012677667,360,1.0,4.0,23,85,2435
0.0,5.6,5.475128869403571,360,1.0,3.0,24,85,2436
0.0,5.6,7.639185299767571,360,1.0,4.0,1,86,2437
0.0,5.7,7.6,360,1.0,4.0,2,86,2438
0.0,6.3,7.639185299767571,360,1.0,4.0,3,86,2439
0.0,6.7,7.754070785647895,360,1.0,4.0,4,86,2440
0.0,6.8,7.936827201635469,360,1.0,4.0,5,86,2441
0.0,6.8,8.174999999999999,360,1.0,4.0,6,86,2442
44.888888888888886,6.9,8.452358098132102,360,1.0,5.0,7,86,2443
269.33333333333337,8.1,8.75,360,1.0,7.0,8,86,2444
415.2222222222223,8.5,9.047641901867898,360,1.0,6.0,9,86,2445
673.3333333333333,9.9,9.325000000000001,360,0.9,7.0,10,86,2446
606.0,9.9,9.56317279836453,360,0.82,7.0,11,86,2447
448.8888888888889,10.2,9.745929214352104,360,0.79,6.0,12,86,2448
325.44444444444446,7.6,9.860814700232428,360,1.0,9.0,13,86,2449
224.44444444444446,8.0,9.9,360,1.0,8.0,14,86,2450
179.55555555555554,6.9,9.860814700232428,360,1.0,9.0,15,86,2451
145.88888888888889,6.6,9.745929214352104,360,0.98,10.0,16,86,2452
303.0,6.9,9.56317279836453,360,0.84,11.0,17,86,2453
89.77777777777777,6.0,9.325000000000001,360,0.88,9.0,18,86,2454
0.0,4.7,9.047641901867898,360,0.94,6.0,19,86,2455
0.0,5.0,8.75,360,1.0,7.0,20,86,2456
0.0,4.8,8.452358098132102,360,0.95,7.0,21,86,2457
0.0,3.5,8.175,360,1.0,6.0,22,86,2458
0.0,2.5,7.93682720163547,360,1.0,5.0,23,86,2459
0.0,2.1,7.754070785647896,360,1.0,4.0,24,86,2460
0.0,1.9,5.156222386623037,360,1.0,4.0,1,87,2461
0.0,1.3,5.1,360,1.0,4.0,2,87,2462
0.0,0.9,5.156222386623037,360,1.0,4.0,3,87,2463
0.0,0.9,5.321058083755675,360,1.0,4.0,4,87,2464
0.0,1.1,5.583273811042195,360,1.0,4.0,5,87,2465
0.0,1.1,5.924999999999999,360,1.0,4.0,6,87,2466
112.22222222222223,2.7,6.322948575580841,360,1.0,4.0,7,87,2467
190.77777777777777,4.1,6.75,360,1.0,4.0,8,87,2468
370.33333333333337,5.4,7.177051424419159,360,1.0,5.0,9,87,2469
718.2222222222222,6.0,7.575,360,1.0,6.0,10,87,2470
280.55555555555554,6.1,7.916726188957804,360,1.0,6.0,11,87,2471
235.66666666666669,5.7,8.178941916244325,360,1.0,6.0,12,87,2472
471.33333333333337,7.6,8.343777613376963,360,0.86,4.0,13,87,2473
280.55555555555554,7.1,8.4,360,0.84,4.0,14,87,2474
303.0,6.9,8.343777613376963,360,0.9,3.0,15,87,2475
213.22222222222223,6.2,8.178941916244325,360,1.0,4.0,16,87,2476
101.0,6.3,7.916726188957804,360,1.0,2.0,17,87,2477
44.888888888888886,6.0,7.575,360,1.0,1.0,18,87,2478
0.0,5.5,7.177051424419159,360,1.0,1.0,19,87,2479
0.0,3.9,6.75,360,1.0,2.0,20,87,2480
0.0,2.7,6.322948575580841,360,1.0,2.0,21,87,2481
0.0,2.7,5.925,360,1.0,3.0,22,87,2482
0.0,2.2,5.583273811042196,360,1.0,4.0,23,87,2483
0.0,3.7,5.321058083755676,360,1.0,4.0,24,87,2484
0.0,3.6,6.249407551880852,360,1.0,3.0,1,88,2485
0.0,3.8,6.200000000000001,360,1.0,2.0,2,88,2486
0.0,3.4,6.249407551880852,360,1.0,3.0,3,88,2487
0.0,4.2,6.394263164512564,360,1.0,4.0,4,88,2488
0.0,4.4,6.624695167279506,360,1.0,4.0,5,88,2489
0.0,4.7,6.925,360,1.0,5.0,6,88,2490
44.888888888888886,5.2,7.2747123846013455,360,1.0,6.0,7,88,2491
112.22222222222223,6.1,7.65,360,1.0,8.0,8,88,2492
101.0,6.4,8.025287615398655,360,1.0,10.0,9,88,2493
123.44444444444446,7.1,8.375,360,1.0,9.0,10,88,2494
235.66666666666669,8.7,8.675304832720494,360,1.0,9.0,11,88,2495
359.1111111111111,10.7,8.905736835487437,360,1.0,8.0,12,88,2496
280.55555555555554,11.6,9.050592448119149,360,1.0,10.0,13,88,2497
145.88888888888889,11.1,9.1,360,1.0,11.0,14,88,2498
246.8888888888889,11.7,9.050592448119149,360,1.0,14.0,15,88,2499
336.66666666666663,11.7,8.905736835487437,360,1.0,14.0,16,88,2500
448.8888888888889,11.2,8.675304832720494,360,0.86,14.0,17,88,2501
168.33333333333331,9.8,8.375,360,0.88,10.0,18,88,2502
0.0,8.2,8.025287615398655,360,0.91,10.0,19,88,2503
0.0,7.3,7.65,360,0.93,8.0,20,88,2504
0.0,6.0,7.2747123846013455,360,1.0,6.0,21,88,2505
