PARi,air_temperature,soil_temperature,ambient_CO2,humidity,Wind,hour,DOY,t
325.44444444444446,12.5,10.266506350946111,360,0.78,10.0,12,351,0
404.0,13.2,10.291481456572267,360,0.77,8.0,13,351,1
336.66666666666663,13.3,10.3,360,0.77,8.0,14,351,2
224.44444444444446,13.2,10.291481456572267,360,0.76,7.0,15,351,3
78.55555555555554,12.8,10.266506350946111,360,0.78,8.0,16,351,4
0.0,12.6,10.226776695296637,360,0.78,6.0,17,351,5
0.0,12.2,10.175,360,0.78,6.0,18,351,6
0.0,11.9,10.11470476127563,360,0.77,6.0,19,351,7
0.0,12.3,10.05,360,0.79,8.0,20,351,8
0.0,13.4,9.98529523872437,360,0.77,9.0,21,351,9
0.0,13.7,9.925,360,0.77,10.0,22,351,10
0.0,13.5,9.873223304703364,360,0.77,9.0,23,351,11
0.0,13.6,9.83349364905389,360,0.77,10.0,24,351,12
0.0,13.4,10.108518543427733,360,0.78,10.0,1,352,13
0.0,13.9,10.1,360,0.75,11.0,2,352,14
0.0,14.2,10.108518543427733,360,0.72,11.0,3,352,15
0.0,13.9,10.13349364905389,360,0.74,10.0,4,352,16
0.0,13.0,10.173223304703363,360,0.77,10.0,5,352,17
0.0,12.5,10.225,360,0.8,6.0,6,352,18
0.0,12.3,10.28529523872437,360,0.82,6.0,7,352,19
11.222222222222221,12.2,10.35,360,0.83,6.0,8,352,20
78.55555555555554,12.3,10.41470476127563,360,0.83,6.0,9,352,21
179.55555555555554,12.7,10.475,360,0.82,5.0,10,352,22
392.7777777777778,13.4,10.526776695296636,360,0.79,6.0,11,352,23
583.5555555555555,13.1,10.56650635094611,360,0.84,8.0,12,352,24
347.8888888888889,11.2,10.591481456572266,360,0.88,7.0,13,352,25
112.22222222222223,10.1,10.6,360,0.84,7.0,14,352,26
112.22222222222223,9.4,10.591481456572266,360,0.89,5.0,15,352,27
22.444444444444443,8.8,10.56650635094611,360,0.87,5.0,16,352,28
11.222222222222221,8.6,10.526776695296636,360,0.87,4.0,17,352,29
0.0,8.3,10.475,360,0.9,2.0,18,352,30
0.0,8.2,10.41470476127563,360,0.94,3.0,19,352,31
0.0,8.0,10.35,360,0.93,3.0,20,352,32
0.0,8.1,10.28529523872437,360,0.92,4.0,21,352,33
0.0,7.4,10.225,360,0.91,4.0,22,352,34
0.0,7.2,10.173223304703363,360,0.95,3.0,23,352,35
0.0,7.2,10.13349364905389,360,0.92,3.0,24,352,36
0.0,7.6,8.91533337816992,360,0.93,4.0,1,353,37
0.0,7.6,8.900000000000002,360,0.92,4.0,2,353,38
0.0,6.5,8.91533337816992,360,0.94,4.0,3,353,39
0.0,5.4,8.960288568297004,360,0.96,2.0,4,353,40
0.0,5.4,9.031801948466054,360,0.98,3.0,5,353,41
0.0,5.2,9.125000000000002,360,0.99,2.0,6,353,42
0.0,5.3,9.233531429703866,360,1.0,1.0,7,353,43
0.0,4.8,9.350000000000001,360,1.0,2.0,8,353,44
157.1111111111111,6.4,9.466468570296136,360,1.0,2.0,9,353,45
370.33333333333337,8.8,9.575000000000001,360,0.95,3.0,10,353,46
538.6666666666667,12.0,9.668198051533947,360,0.86,5.0,11,353,47
673.3333333333333,13.6,9.739711431702998,360,0.78,7.0,12,353,48
639.6666666666667,14.3,9.784666621830082,360,0.76,10.0,13,353,49
482.5555555555556,14.0,9.8,360,0.77,8.0,14,353,50
392.7777777777778,13.9,9.784666621830082,360,0.77,8.0,15,353,51
112.22222222222223,12.6,9.739711431702998,360,0.83,7.0,16,353,52
0.0,12.2,9.668198051533947,360,0.87,6.0,17,353,53
0.0,11.4,9.575000000000001,360,0.89,6.0,18,353,54
0.0,11.7,9.466468570296136,360,0.88,7.0,19,353,55
0.0,11.9,9.350000000000001,360,0.88,7.0,20,353,56
0.0,12.6,9.233531429703866,360,0.81,10.0,21,353,57
0.0,12.6,9.125000000000002,360,0.8,10.0,22,353,58
0.0,12.5,9.031801948466056,360,0.78,12.0,23,353,59
0.0,12.1,8.960288568297004,360,0.79,11.0,24,353,60
0.0,12.1,9.715333378169918,360,0.79,10.0,1,354,61
0.0,12.6,9.7,360,0.77,12.0,2,354,62
0.0,13.0,9.715333378169918,360,0.74,12.0,3,354,63
0.0,12.9,9.760288568297002,360,0.73,9.0,4,354,64
0.0,13.2,9.831801948466051,360,0.73,10.0,5,354,65
0.0,13.3,9.924999999999999,360,0.72,11.0,6,354,66
0.0,13.0,10.033531429703864,360,0.75,11.0,7,354,67
0.0,13.4,10.149999999999999,360,0.72,13.0,8,354,68
67.33333333333334,13.5,10.266468570296134,360,0.73,12.0,9,354,69
89.77777777777777,14.0,10.374999999999998,360,0.7,13.0,10,354,70
246.8888888888889,13.9,10.468198051533944,360,0.74,13.0,11,354,71
202.0,13.9,10.539711431702996,360,0.72,14.0,12,354,72
303.0,14.7,10.58466662183008,360,0.67,13.0,13,354,73
359.1111111111111,14.7,10.599999999999998,360,0.69,14.0,14,354,74
280.55555555555554,14.7,10.58466662183008,360,0.68,11.0,15,354,75
22.444444444444443,14.6,10.539711431702996,360,0.68,9.0,16,354,76
0.0,14.4,10.468198051533944,360,0.68,10.0,17,354,77
0.0,14.0,10.374999999999998,360,0.7,11.0,18,354,78
0.0,13.4,10.266468570296134,360,0.76,10.0,19,354,79
0.0,13.4,10.149999999999999,360,0.76,10.0,20,354,80
0.0,12.5,10.033531429703864,360,0.82,11.0,21,354,81
0.0,12.2,9.924999999999999,360,0.86,10.0,22,354,82
0.0,12.1,9.831801948466053,360,0.84,12.0,23,354,83
0.0,12.2,9.760288568297002,360,0.85,10.0,24,354,84
0.0,12.3,10.501703708685547,360,0.84,12.0,1,355,85
0.0,12.5,10.5,360,0.85,14.0,2,355,86
0.0,12.1,10.501703708685547,360,0.91,15.0,3,355,87
0.0,11.7,10.506698729810779,360,0.94,16.0,4,355,88
0.0,11.0,10.514644660940673,360,0.95,12.0,5,355,89
11.222222222222221,11.0,10.525,360,0.93,10.0,6,355,90
0.0,9.9,10.537059047744874,360,0.91,15.0,7,355,91
0.0,9.2,10.55,360,0.92,13.0,8,355,92
78.55555555555554,9.1,10.562940952255127,360,0.88,10.0,9,355,93
246.8888888888889,10.1,10.575000000000001,360,0.87,10.0,10,355,94
460.11111111111114,10.8,10.585355339059328,360,0.82,8.0,11,355,95
460.11111111111114,10.9,10.593301270189222,360,0.81,9.0,12,355,96
583.5555555555555,11.6,10.598296291314455,360,0.73,11.0,13,355,97
471.33333333333337,10.5,10.600000000000001,360,0.78,10.0,14,355,98
213.22222222222223,11.3,10.598296291314455,360,0.78,10.0,15,355,99
78.55555555555554,9.0,10.593301270189222,360,0.88,8.0,16,355,100
11.222222222222221,8.6,10.585355339059328,360,0.9,4.0,17,355,101
0.0,8.5,10.575000000000001,360,0.89,6.0,18,355,102
0.0,8.4,10.562940952255127,360,0.89,6.0,19,355,103
0.0,8.0,10.55,360,0.88,6.0,20,355,104
0.0,7.5,10.537059047744874,360,0.87,7.0,21,355,105
0.0,7.8,10.525,360,0.9,8.0,22,355,106
0.0,8.3,10.514644660940673,360,0.91,8.0,23,355,107
0.0,8.0,10.506698729810779,360,0.95,8.0,24,355,108
0.0,8.0,9.20511112605664,360,0.96,10.0,1,356,109
0.0,7.3,9.2,360,0.93,5.0,2,356,110
0.0,6.9,9.20511112605664,360,0.95,5.0,3,356,111
0.0,7.1,9.220096189432333,360,0.96,6.0,4,356,112
0.0,6.4,9.243933982822018,360,0.96,4.0,5,356,113
0.0,6.3,9.274999999999999,360,0.97,7.0,6,356,114
0.0,6.7,9.311177143234621,360,0.95,8.0,7,356,115
11.222222222222221,6.7,9.35,360,0.97,7.0,8,356,116
112.22222222222223,7.6,9.388822856765378,360,0.97,8.0,9,356,117
269.33333333333337,8.7,9.425,360,0.91,7.0,10,356,118
561.1111111111111,10.1,9.456066017177982,360,0.84,10.0,11,356,119
359.1111111111111,9.7,9.479903810567667,360,0.86,9.0,12,356,120
145.88888888888889,9.7,9.49488887394336,360,0.86,11.0,13,356,121
157.1111111111111,9.5,9.5,360,0.86,10.0,14,356,122
78.55555555555554,9.4,9.49488887394336,360,0.86,12.0,15,356,123
11.222222222222221,9.4,9.479903810567667,360,0.91,15.0,16,356,124
11.222222222222221,9.8,9.456066017177982,360,0.9,11.0,17,356,125
0.0,9.8,9.425,360,0.83,11.0,18,356,126
0.0,9.8,9.388822856765378,360,0.88,12.0,19,356,127
0.0,9.8,9.35,360,0.87,11.0,20,356,128
0.0,10.6,9.311177143234621,360,0.86,12.0,21,356,129
0.0,10.1,9.275,360,0.85,16.0,22,356,130
0.0,9.8,9.243933982822018,360,0.94,15.0,23,356,131
0.0,11.0,9.220096189432333,360,0.84,15.0,24,356,132
0.0,10.4,9.303407417371094,360,0.89,15.0,1,357,133
0.0,10.1,9.3,360,0.82,14.0,2,357,134
0.0,9.5,9.303407417371094,360,0.89,15.0,3,357,135
0.0,10.0,9.313397459621557,360,0.83,15.0,4,357,136
0.0,9.9,9.329289321881346,360,0.85,17.0,5,357,137
0.0,9.3,9.35,360,0.85,13.0,6,357,138
0.0,9.2,9.374118095489749,360,0.8,12.0,7,357,139
0.0,8.5,9.4,360,0.84,9.0,8,357,140
89.77777777777777,9.0,9.425881904510252,360,0.75,12.0,9,357,141
269.33333333333337,9.3,9.450000000000001,360,0.8,10.0,10,357,142
415.2222222222223,10.5,9.470710678118655,360,0.81,10.0,11,357,143
112.22222222222223,8.4,9.486602540378444,360,0.87,11.0,12,357,144
190.77777777777777,8.8,9.496592582628907,360,0.88,8.0,13,357,145
134.66666666666669,9.2,9.5,360,0.86,8.0,14,357,146
78.55555555555554,8.2,9.496592582628907,360,0.89,10.0,15,357,147
67.33333333333334,8.3,9.486602540378444,360,0.87,8.0,16,357,148
0.0,8.2,9.470710678118655,360,0.9,7.0,17,357,149
0.0,8.1,9.450000000000001,360,0.92,8.0,18,357,150
0.0,8.4,9.425881904510252,360,0.83,10.0,19,357,151
0.0,8.1,9.4,360,0.84,11.0,20,357,152
0.0,8.0,9.374118095489749,360,0.91,9.0,21,357,153
0.0,8.6,9.350000000000001,360,0.85,10.0,22,357,154
0.0,7.9,9.329289321881346,360,0.9,8.0,23,357,155
0.0,8.0,9.313397459621557,360,0.85,8.0,24,357,156
0.0,7.5,8.618740795541012,360,0.86,8.0,1,358,157
0.0,7.6,8.599999999999998,360,0.85,7.0,2,358,158
0.0,8.0,8.618740795541012,360,0.88,8.0,3,358,159
0.0,7.6,8.673686027918558,360,0.91,7.0,4,358,160
0.0,7.9,8.761091270347398,360,0.89,8.0,5,358,161
0.0,7.8,8.874999999999998,360,0.87,8.0,6,358,162
0.0,7.5,9.007649525193612,360,0.88,6.0,7,358,163
11.222222222222221,7.1,9.149999999999999,360,0.91,6.0,8,358,164
123.44444444444446,7.7,9.292350474806385,360,0.9,6.0,9,358,165
280.55555555555554,8.7,9.424999999999999,360,0.83,5.0,10,358,166
437.6666666666667,10.1,9.538908729652599,360,0.79,6.0,11,358,167
527.4444444444445,10.1,9.626313972081439,360,0.78,8.0,12,358,168
404.0,10.3,9.681259204458986,360,0.74,6.0,13,358,169
404.0,11.0,9.7,360,0.75,6.0,14,358,170
246.8888888888889,10.3,9.681259204458986,360,0.82,4.0,15,358,171
89.77777777777777,9.9,9.626313972081439,360,0.84,3.0,16,358,172
0.0,9.8,9.538908729652599,360,0.83,5.0,17,358,173
0.0,9.4,9.424999999999999,360,0.89,4.0,18,358,174
0.0,9.2,9.292350474806385,360,0.95,5.0,19,358,175
0.0,9.2,9.149999999999999,360,0.97,6.0,20,358,176
0.0,9.4,9.007649525193612,360,0.98,8.0,21,358,177
0.0,9.6,8.874999999999998,360,0.98,8.0,22,358,178
0.0,9.8,8.761091270347398,360,0.97,10.0,23,358,179
0.0,10.0,8.673686027918558,360,0.99,9.0,24,358,180
0.0,10.5,9.12896304765429,360,0.99,8.0,1,359,181
0.0,11.7,9.099999999999998,360,1.0,8.0,2,359,182
0.0,12.4,9.12896304765429,360,1.0,8.0,3,359,183
0.0,13.0,9.213878406783225,360,0.99,10.0,4,359,184
0.0,13.1,9.348959235991433,360,0.99,9.0,5,359,185
0.0,13.1,9.524999999999999,360,0.99,10.0,6,359,186
0.0,13.3,9.730003811662856,360,0.98,10.0,7,359,187
0.0,13.1,9.95,360,0.98,9.0,8,359,188
44.888888888888886,13.0,10.169996188337143,360,0.98,10.0,9,359,189
168.33333333333331,12.7,10.375,360,0.88,8.0,10,359,190
448.8888888888889,12.8,10.551040764008565,360,0.83,9.0,11,359,191
774.3333333333333,13.8,10.686121593216773,360,0.77,9.0,12,359,192
628.4444444444443,13.4,10.771036952345709,360,0.79,9.0,13,359,193
572.3333333333333,13.3,10.8,360,0.76,10.0,14,359,194
415.2222222222223,12.9,10.771036952345709,360,0.77,9.0,15,359,195
157.1111111111111,11.6,10.686121593216773,360,0.84,8.0,16,359,196
11.222222222222221,10.6,10.551040764008565,360,0.9,7.0,17,359,197
0.0,10.5,10.375,360,0.92,8.0,18,359,198
0.0,10.6,10.169996188337143,360,0.94,9.0,19,359,199
0.0,10.3,9.95,360,0.94,11.0,20,359,200
0.0,10.1,9.730003811662856,360,0.96,8.0,21,359,201
0.0,10.0,9.524999999999999,360,0.95,7.0,22,359,202
0.0,10.0,9.348959235991433,360,0.95,6.0,23,359,203
0.0,9.3,9.213878406783225,360,0.95,6.0,24,359,204
0.0,9.4,9.706814834742184,360,0.97,4.0,1,360,205
0.0,8.7,9.7,360,0.96,4.0,2,360,206
0.0,7.7,9.706814834742184,360,0.98,4.0,3,360,207
0.0,8.3,9.72679491924311,360,0.99,3.0,4,360,208
0.0,8.1,9.75857864376269,360,0.98,4.0,5,360,209
0.0,7.7,9.799999999999999,360,1.0,2.0,6,360,210
0.0,7.9,9.848236190979494,360,1.0,2.0,7,360,211
0.0,7.3,9.899999999999999,360,1.0,2.0,8,360,212
134.66666666666669,8.3,9.951763809020504,360,1.0,2.0,9,360,213
347.8888888888889,9.7,9.999999999999998,360,0.99,2.0,10,360,214
549.8888888888889,11.4,10.041421356237308,360,0.84,2.0,11,360,215
336.66666666666663,9.0,10.073205080756887,360,0.98,2.0,12,360,216
303.0,9.1,10.093185165257813,360,1.0,3.0,13,360,217
303.0,8.8,10.099999999999998,360,0.99,3.0,14,360,218
202.0,8.4,10.093185165257813,360,0.98,3.0,15,360,219
67.33333333333334,8.0,10.073205080756887,360,0.98,2.0,16,360,220
11.222222222222221,8.1,10.041421356237308,360,0.99,3.0,17,360,221
0.0,7.2,9.999999999999998,360,0.99,2.0,18,360,222
0.0,7.0,9.951763809020504,360,0.99,2.0,19,360,223
0.0,7.0,9.899999999999999,360,1.0,3.0,20,360,224
0.0,6.9,9.848236190979494,360,1.0,5.0,21,360,225
0.0,6.4,9.799999999999999,360,0.96,3.0,22,360,226
0.0,5.7,9.75857864376269,360,0.95,4.0,23,360,227
0.0,5.3,9.72679491924311,360,0.96,2.0,24,360,228
0.0,5.5,8.713629669484373,360,0.96,2.0,1,361,229
0.0,5.0,8.7,360,0.94,2.0,2,361,230
0.0,4.5,8.713629669484371,360,0.98,2.0,3,361,231
0.0,4.4,8.753589838486224,360,0.99,1.0,4,361,232
0.0,4.9,8.81715728752538,360,0.98,2.0,5,361,233
0.0,5.6,8.899999999999999,360,0.95,4.0,6,361,234
0.0,6.2,8.996472381958991,360,0.93,5.0,7,361,235
0.0,6.0,9.1,360,0.94,5.0,8,361,236
101.0,7.0,9.203527618041008,360,0.97,5.0,9,361,237
336.66666666666663,9.0,9.3,360,0.92,4.0,10,361,238
347.8888888888889,10.4,9.382842712474618,360,0.89,4.0,11,361,239
404.0,11.7,9.446410161513775,360,0.83,7.0,12,361,240
392.7777777777778,11.8,9.486370330515628,360,0.84,8.0,13,361,241
291.77777777777777,11.7,9.5,360,0.82,9.0,14,361,242
359.1111111111111,12.0,9.486370330515628,360,0.79,9.0,15,361,243
123.44444444444446,10.8,9.446410161513775,360,0.84,7.0,16,361,244
0.0,10.2,9.382842712474618,360,0.88,5.0,17,361,245
0.0,10.0,9.3,360,0.89,6.0,18,361,246
0.0,9.6,9.203527618041008,360,0.89,4.0,19,361,247
0.0,9.1,9.1,360,0.92,4.0,20,361,248
0.0,9.2,8.996472381958991,360,0.93,4.0,21,361,249
0.0,9.4,8.9,360,0.94,6.0,22,361,250
0.0,9.6,8.817157287525381,360,0.92,5.0,23,361,251
0.0,9.5,8.753589838486224,360,0.93,6.0,24,361,252
0.0,9.6,9.413629669484374,360,0.95,6.0,1,362,253
0.0,9.4,9.400000000000002,360,0.97,8.0,2,362,254
0.0,9.3,9.413629669484374,360,0.97,6.0,3,362,255
0.0,9.4,9.453589838486225,360,0.98,6.0,4,362,256
0.0,9.6,9.517157287525382,360,0.97,8.0,5,362,257
0.0,9.8,9.600000000000001,360,0.97,8.0,6,362,258
0.0,9.7,9.696472381958992,360,0.97,6.0,7,362,259
0.0,9.9,9.8,360,0.97,6.0,8,362,260
33.66666666666667,10.1,9.903527618041009,360,0.97,5.0,9,362,261
101.0,10.5,10.0,360,0.96,4.0,10,362,262
246.8888888888889,11.2,10.08284271247462,360,0.93,6.0,11,362,263
246.8888888888889,11.7,10.146410161513776,360,0.87,6.0,12,362,264
157.1111111111111,11.6,10.186370330515627,360,0.89,5.0,13,362,265
123.44444444444446,11.8,10.2,360,0.87,5.0,14,362,266
101.0,11.8,10.186370330515627,360,0.88,4.0,15,362,267
33.66666666666667,11.4,10.146410161513776,360,0.89,4.0,16,362,268
0.0,11.1,10.08284271247462,360,0.92,3.0,17,362,269
0.0,11.0,10.0,360,0.92,2.0,18,362,270
0.0,10.9,9.903527618041009,360,0.91,2.0,19,362,271
0.0,10.8,9.8,360,0.91,3.0,20,362,272
0.0,10.3,9.696472381958992,360,0.98,4.0,21,362,273
0.0,9.8,9.600000000000001,360,0.99,6.0,22,362,274
0.0,9.5,9.517157287525382,360,0.96,5.0,23,362,275
0.0,8.7,9.453589838486225,360,0.95,5.0,24,362,276
0.0,8.2,9.108518543427733,360,0.9,5.0,1,363,277
0.0,7.4,9.1,360,0.89,4.0,2,363,278
0.0,6.1,9.108518543427733,360,0.93,2.0,3,363,279
0.0,5.2,9.13349364905389,360,0.94,2.0,4,363,280
0.0,4.1,9.173223304703363,360,0.96,2.0,5,363,281
0.0,4.5,9.225,360,0.97,3.0,6,363,282
0.0,4.6,9.28529523872437,360,0.98,3.0,7,363,283
11.222222222222221,4.9,9.35,360,0.94,3.0,8,363,284
123.44444444444446,6.5,9.41470476127563,360,0.89,3.0,9,363,285
314.2222222222222,8.1,9.475,360,0.82,6.0,10,363,286
527.4444444444445,9.2,9.526776695296636,360,0.77,8.0,11,363,287
695.7777777777778,9.9,9.56650635094611,360,0.74,8.0,12,363,288
650.8888888888889,9.7,9.591481456572266,360,0.72,7.0,13,363,289
583.5555555555555,10.0,9.6,360,0.73,7.0,14,363,290
347.8888888888889,9.6,9.591481456572266,360,0.73,7.0,15,363,291
168.33333333333331,9.1,9.56650635094611,360,0.74,6.0,16,363,292
0.0,7.8,9.526776695296636,360,0.83,5.0,17,363,293
0.0,7.2,9.475,360,0.86,4.0,18,363,294
0.0,6.7,9.41470476127563,360,0.88,5.0,19,363,295
0.0,6.4,9.35,360,0.89,6.0,20,363,296
0.0,5.8,9.28529523872437,360,0.91,5.0,21,363,297
0.0,5.4,9.225,360,0.93,6.0,22,363,298
0.0,4.4,9.173223304703363,360,0.95,5.0,23,363,299
0.0,3.7,9.13349364905389,360,0.96,4.0,24,363,300
0.0,3.3,7.706814834742187,360,0.97,4.0,1,364,301
0.0,2.9,7.700000000000001,360,0.97,4.0,2,364,302
0.0,1.9,7.706814834742187,360,0.97,4.0,3,364,303
0.0,1.4,7.726794919243113,360,1.0,3.0,4,364,304
0.0,1.1,7.758578643762691,360,0.99,2.0,5,364,305
0.0,0.7,7.800000000000001,360,0.99,3.0,6,364,306
0.0,0.9,7.848236190979496,360,1.0,4.0,7,364,307
11.222222222222221,0.9,7.9,360,1.0,4.0,8,364,308
78.55555555555554,1.1,7.9517638090205045,360,1.0,4.0,9,364,309
157.1111111111111,1.3,8.0,360,1.0,4.0,10,364,310
291.77777777777777,2.0,8.04142135623731,360,1.0,4.0,11,364,311
325.44444444444446,2.5,8.073205080756887,360,0.99,3.0,12,364,312
583.5555555555555,4.5,8.093185165257815,360,0.97,3.0,13,364,313
639.6666666666667,6.0,8.1,360,0.81,3.0,14,364,314
347.8888888888889,6.5,8.093185165257815,360,0.83,2.0,15,364,315
168.33333333333331,5.6,8.073205080756887,360,0.85,2.0,16,364,316
0.0,4.1,8.04142135623731,360,0.91,1.0,17,364,317
0.0,3.2,8.0,360,0.95,2.0,18,364,318
0.0,2.8,7.9517638090205045,360,0.97,2.0,19,364,319
0.0,2.5,7.9,360,0.97,2.0,20,364,320
0.0,1.8,7.848236190979496,360,0.99,3.0,21,364,321
0.0,1.5,7.800000000000001,360,0.97,4.0,22,364,322
0.0,0.8,7.758578643762691,360,0.98,2.0,23,364,323
0.0,0.5,7.726794919243113,360,0.99,1.0,24,364,324
0.0,0.2,6.211925960798827,360,0.99,1.0,1,365,325
0.0,-0.4,6.200000000000001,360,0.99,2.0,2,365,326
0.0,-0.4,6.211925960798827,360,1.0,2.0,3,365,327
0.0,-0.8,6.246891108675447,360,1.0,1.0,4,365,328
0.0,-0.6,6.302512626584709,360,1.0,1.0,5,365,329
0.0,-0.9,6.375000000000001,360,1.0,1.0,6,365,330
0.0,-1.2,6.459413334214118,360,1.0,1.0,7,365,331
11.222222222222221,-1.7,6.550000000000001,360,1.0,2.0,8,365,332
123.44444444444446,-1.3,6.640586665785883,360,1.0,1.0,9,365,333
516.2222222222223,0.7,6.7250000000000005,360,1.0,1.0,10,365,334
594.7777777777778,2.8,6.797487373415293,360,0.99,2.0,11,365,335
684.5555555555557,5.7,6.853108891324554,360,0.86,2.0,12,365,336
695.7777777777778,9.5,6.888074039201174,360,0.77,1.0,13,365,337
572.3333333333333,9.2,6.9,360,0.77,2.0,14,365,338
392.7777777777778,9.7,6.888074039201174,360,0.77,2.0,15,365,339
168.33333333333331,8.2,6.853108891324554,360,0.81,0.0,16,365,340
0.0,3.4,6.797487373415293,360,0.93,1.0,17,365,341
0.0,2.6,6.7250000000000005,360,0.98,1.0,18,365,342
0.0,3.7,6.640586665785883,360,1.0,1.0,19,365,343
0.0,1.5,6.550000000000001,360,1.0,2.0,20,365,344
0.0,1.3,6.459413334214118,360,1.0,2.0,21,365,345
0.0,0.8,6.375000000000001,360,1.0,1.0,22,365,346
0.0,-0.1,6.302512626584709,360,1.0,0.0,23,365,347
0.0,-0.1,6.246891108675447,360,1.0,1.0,24,365,348
0.0,-0.6,5.322148212912105,360,1.0,1.0,1,366,349
0.0,-0.7,5.299999999999999,360,1.0,1.0,2,366,350
0.0,-1.4,5.322148212912105,360,1.0,1.0,3,366,351
0.0,-1.2,5.387083487540114,360,1.0,0.0,4,366,352
0.0,-1.3,5.490380592228743,360,1.0,1.0,5,366,353
0.0,-1.1,5.624999999999999,360,1.0,1.0,6,366,354
0.0,-1.7,5.781767620683361,360,1.0,1.0,7,366,355
22.444444444444443,-0.4,5.949999999999999,360,1.0,2.0,8,366,356
168.33333333333331,2.7,6.1182323793166375,360,1.0,4.0,9,366,357
213.22222222222223,3.8,6.2749999999999995,360,1.0,2.0,10,366,358
549.8888888888889,6.8,6.409619407771255,360,0.89,6.0,11,366,359
684.5555555555557,7.4,6.512916512459884,360,0.87,6.0,12,366,360
628.4444444444443,8.4,6.577851787087893,360,0.83,5.0,13,366,361
505.0,8.8,6.6,360,0.84,4.0,14,366,362
280.55555555555554,7.2,6.577851787087893,360,0.89,3.0,15,366,363
56.111111111111114,6.6,6.512916512459884,360,0.93,4.0,16,366,364
0.0,6.5,6.409619407771255,360,0.96,3.0,17,366,365
0.0,6.6,6.2749999999999995,360,0.97,3.0,18,366,366
0.0,5.2,6.1182323793166375,360,0.96,3.0,19,366,367
0.0,4.5,5.949999999999999,360,0.98,2.0,20,366,368
0.0,2.8,5.781767620683361,360,0.99,2.0,21,366,369
0.0,3.8,5.624999999999999,360,1.0,2.0,22,366,370
0.0,5.5,5.490380592228743,360,1.0,5.0,23,366,371
0.0,5.8,5.387083487540115,360,0.99,6.0,24,366,372
0.0,5.8,6.328963047654292,360,0.97,5.0,1,1,373
0.0,6.0,6.300000000000001,360,0.98,4.0,2,1,374
0.0,6.0,6.328963047654292,360,0.97,5.0,3,1,375
0.0,6.0,6.413878406783227,360,0.98,6.0,4,1,376
0.0,6.2,6.548959235991434,360,0.99,6.0,5,1,377
0.0,6.2,6.725,360,0.99,6.0,6,1,378
0.0,6.2,6.930003811662858,360,0.99,6.0,7,1,379
11.222222222222221,6.5,7.15,360,0.99,6.0,8,1,380
33.66666666666667,6.6,7.369996188337143,360,1.0,6.0,9,1,381
134.66666666666669,7.1,7.575,360,0.99,8.0,10,1,382
213.22222222222223,7.5,7.751040764008566,360,1.0,6.0,11,1,383
202.0,8.1,7.886121593216774,360,1.0,6.0,12,1,384
258.11111111111114,8.6,7.971036952345709,360,0.99,7.0,13,1,385
145.88888888888889,8.9,8.0,360,0.99,6.0,14,1,386
67.33333333333334,8.7,7.971036952345709,360,0.99,5.0,15,1,387
44.888888888888886,8.1,7.886121593216774,360,1.0,6.0,16,1,388
0.0,7.9,7.751040764008566,360,0.99,6.0,17,1,389
0.0,7.7,7.575,360,0.99,6.0,18,1,390
0.0,7.7,7.369996188337143,360,1.0,4.0,19,1,391
0.0,7.9,7.15,360,1.0,6.0,20,1,392
0.0,7.8,6.930003811662858,360,1.0,6.0,21,1,393
0.0,7.7,6.7250000000000005,360,1.0,6.0,22,1,394
0.0,7.8,6.548959235991435,360,1.0,5.0,23,1,395
0.0,7.8,6.413878406783227,360,1.0,5.0,24,1,396
0.0,7.9,7.71533337816992,360,1.0,4.0,1,2,397
0.0,7.9,7.700000000000001,360,1.0,4.0,2,2,398
0.0,8.0,7.71533337816992,360,1.0,4.0,3,2,399
0.0,8.0,7.760288568297003,360,1.0,4.0,4,2,400
0.0,7.9,7.831801948466054,360,1.0,3.0,5,2,401
0.0,7.9,7.925000000000001,360,1.0,4.0,6,2,402
0.0,7.9,8.033531429703865,360,1.0,4.0,7,2,403
0.0,7.8,8.15,360,1.0,4.0,8,2,404
33.66666666666667,8.0,8.266468570296135,360,1.0,4.0,9,2,405
67.33333333333334,8.2,8.375,360,1.0,4.0,10,2,406
123.44444444444446,8.5,8.468198051533946,360,1.0,4.0,11,2,407
224.44444444444446,8.6,8.539711431702997,360,1.0,6.0,12,2,408
280.55555555555554,8.5,8.584666621830081,360,0.91,5.0,13,2,409
168.33333333333331,8.6,8.6,360,0.91,5.0,14,2,410
235.66666666666669,8.8,8.584666621830081,360,0.9,4.0,15,2,411
78.55555555555554,8.0,8.539711431702997,360,0.93,4.0,16,2,412
11.222222222222221,7.4,8.468198051533946,360,0.96,3.0,17,2,413
0.0,7.0,8.375,360,0.95,2.0,18,2,414
0.0,6.6,8.266468570296135,360,0.96,2.0,19,2,415
0.0,6.6,8.15,360,0.96,3.0,20,2,416
0.0,5.8,8.033531429703865,360,0.98,2.0,21,2,417
0.0,6.1,7.925000000000001,360,0.96,4.0,22,2,418
0.0,5.7,7.831801948466055,360,0.95,3.0,23,2,419
0.0,5.9,7.760288568297003,360,0.96,4.0,24,2,420
0.0,6.5,7.918740795541012,360,0.96,5.0,1,3,421
0.0,6.9,7.8999999999999995,360,0.95,6.0,2,3,422
0.0,7.0,7.918740795541012,360,0.96,6.0,3,3,423
0.0,7.0,7.973686027918558,360,0.96,7.0,4,3,424
0.0,7.4,8.061091270347399,360,0.99,8.0,5,3,425
0.0,7.7,8.174999999999999,360,0.99,6.0,6,3,426
0.0,8.2,8.307649525193613,360,1.0,8.0,7,3,427
0.0,8.7,8.45,360,1.0,7.0,8,3,428
22.444444444444443,9.1,8.592350474806386,360,1.0,6.0,9,3,429
157.1111111111111,9.8,8.725,360,1.0,6.0,10,3,430
381.55555555555554,11.8,8.8389087296526,360,0.99,5.0,11,3,431
381.55555555555554,11.5,8.92631397208144,360,0.88,7.0,12,3,432
381.55555555555554,12.5,8.981259204458986,360,0.84,6.0,13,3,433
606.0,12.3,9.0,360,0.78,10.0,14,3,434
325.44444444444446,10.5,8.981259204458986,360,0.89,9.0,15,3,435
101.0,10.6,8.92631397208144,360,0.88,6.0,16,3,436
0.0,9.8,8.8389087296526,360,0.95,6.0,17,3,437
0.0,9.8,8.725,360,0.94,4.0,18,3,438
0.0,9.6,8.592350474806386,360,0.96,4.0,19,3,439
0.0,9.5,8.45,360,0.98,3.0,20,3,440
0.0,9.5,8.307649525193613,360,0.99,3.0,21,3,441
0.0,9.1,8.174999999999999,360,0.99,6.0,22,3,442
0.0,8.3,8.061091270347399,360,0.98,5.0,23,3,443
0.0,7.9,7.973686027918558,360,0.97,5.0,24,3,444
0.0,7.6,8.21022225211328,360,0.97,6.0,1,4,445
0.0,7.4,8.2,360,0.95,5.0,2,4,446
0.0,7.1,8.21022225211328,360,0.92,4.0,3,4,447
0.0,6.8,8.240192378864668,360,0.89,5.0,4,4,448
0.0,4.7,8.287867965644034,360,0.91,4.0,5,4,449
0.0,3.9,8.35,360,0.94,3.0,6,4,450
0.0,3.3,8.422354286469243,360,0.96,3.0,7,4,451
11.222222222222221,3.1,8.5,360,0.96,3.0,8,4,452
123.44444444444446,3.7,8.577645713530757,360,0.95,3.0,9,4,453
370.33333333333337,5.6,8.65,360,0.86,4.0,10,4,454
572.3333333333333,6.9,8.712132034355966,360,0.81,4.0,11,4,455
695.7777777777778,8.0,8.759807621135332,360,0.75,5.0,12,4,456
684.5555555555557,8.3,8.78977774788672,360,0.73,4.0,13,4,457
572.3333333333333,8.2,8.8,360,0.74,5.0,14,4,458
448.8888888888889,8.2,8.78977774788672,360,0.73,4.0,15,4,459
157.1111111111111,6.2,8.759807621135332,360,0.81,4.0,16,4,460
22.444444444444443,5.4,8.712132034355966,360,0.86,2.0,17,4,461
0.0,5.1,8.65,360,0.86,2.0,18,4,462
0.0,4.7,8.577645713530757,360,0.89,2.0,19,4,463
0.0,2.8,8.5,360,0.92,2.0,20,4,464
0.0,2.8,8.422354286469243,360,0.96,2.0,21,4,465
0.0,2.6,8.35,360,0.97,2.0,22,4,466
0.0,2.0,8.287867965644034,360,0.98,1.0,23,4,467
0.0,1.7,8.240192378864668,360,0.97,2.0,24,4,468
0.0,1.4,5.91022225211328,360,1.0,0.0,1,5,469
0.0,0.5,5.9,360,0.99,1.0,2,5,470
0.0,-0.5,5.91022225211328,360,0.99,1.0,3,5,471
0.0,-0.1,5.940192378864669,360,1.0,1.0,4,5,472
0.0,-0.3,5.987867965644036,360,1.0,0.0,5,5,473
0.0,0.0,6.05,360,1.0,1.0,6,5,474
0.0,0.0,6.122354286469244,360,1.0,1.0,7,5,475
11.222222222222221,0.5,6.2,360,1.0,1.0,8,5,476
280.55555555555554,1.9,6.277645713530756,360,1.0,1.0,9,5,477
336.66666666666663,4.5,6.3500000000000005,360,0.97,2.0,10,5,478
505.0,6.8,6.412132034355964,360,0.79,4.0,11,5,479
639.6666666666667,7.8,6.459807621135331,360,0.73,6.0,12,5,480
527.4444444444445,8.0,6.489777747886721,360,0.71,6.0,13,5,481
639.6666666666667,8.1,6.5,360,0.71,7.0,14,5,482
482.5555555555556,7.8,6.489777747886721,360,0.71,6.0,15,5,483
190.77777777777777,6.5,6.459807621135331,360,0.75,6.0,16,5,484
22.444444444444443,5.5,6.412132034355964,360,0.79,6.0,17,5,485
0.0,4.8,6.3500000000000005,360,0.81,5.0,18,5,486
0.0,4.5,6.277645713530756,360,0.84,6.0,19,5,487
0.0,4.0,6.2,360,0.84,6.0,20,5,488
0.0,3.2,6.122354286469244,360,0.88,4.0,21,5,489
0.0,3.0,6.050000000000001,360,0.86,4.0,22,5,490
0.0,2.7,5.987867965644036,360,0.89,4.0,23,5,491
0.0,2.9,5.940192378864669,360,0.86,5.0,24,5,492
0.0,1.9,5.517037086855466,360,0.9,3.0,1,6,493
0.0,1.4,5.5,360,0.92,3.0,2,6,494
0.0,0.5,5.517037086855466,360,0.95,2.0,3,6,495
0.0,0.1,5.56698729810778,360,0.98,2.0,4,6,496
0.0,-0.8,5.646446609406726,360,0.98,2.0,5,6,497
0.0,-0.1,5.75,360,0.99,2.0,6,6,498
0.0,-0.1,5.87059047744874,360,0.97,2.0,7,6,499
0.0,1.5,6.0,360,0.94,4.0,8,6,500
134.66666666666669,2.5,6.12940952255126,360,0.89,6.0,9,6,501
381.55555555555554,4.4,6.25,360,0.84,7.0,10,6,502
594.7777777777778,7.1,6.353553390593274,360,0.71,9.0,11,6,503
718.2222222222222,7.5,6.43301270189222,360,0.66,10.0,12,6,504
729.4444444444443,7.6,6.482962913144534,360,0.64,9.0,13,6,505
650.8888888888889,7.8,6.5,360,0.66,7.0,14,6,506
460.11111111111114,6.9,6.482962913144534,360,0.76,7.0,15,6,507
101.0,5.4,6.43301270189222,360,0.82,4.0,16,6,508
11.222222222222221,5.2,6.353553390593274,360,0.85,5.0,17,6,509
0.0,4.8,6.25,360,0.86,6.0,18,6,510
0.0,4.7,6.12940952255126,360,0.9,4.0,19,6,511
0.0,4.1,6.0,360,0.93,4.0,20,6,512
0.0,4.0,5.87059047744874,360,0.95,4.0,21,6,513
0.0,4.4,5.75,360,0.95,6.0,22,6,514
0.0,4.5,5.646446609406726,360,0.96,5.0,23,6,515
0.0,5.0,5.56698729810778,360,0.96,6.0,24,6,516
0.0,5.0,6.237481591082026,360,0.96,6.0,1,7,517
0.0,5.4,6.200000000000001,360,0.97,5.0,2,7,518
0.0,5.5,6.237481591082025,360,0.99,5.0,3,7,519
0.0,5.7,6.347372055837118,360,0.99,4.0,4,7,520
0.0,5.8,6.522182540694798,360,1.0,4.0,5,7,521
0.0,5.7,6.75,360,1.0,5.0,6,7,522
0.0,5.9,7.015299050387228,360,1.0,5.0,7,7,523
11.222222222222221,6.0,7.300000000000001,360,1.0,5.0,8,7,524
44.888888888888886,6.5,7.584700949612774,360,1.0,5.0,9,7,525
134.66666666666669,7.1,7.8500000000000005,360,1.0,5.0,10,7,526
213.22222222222223,7.8,8.077817459305203,360,1.0,5.0,11,7,527
224.44444444444446,8.5,8.252627944162883,360,1.0,4.0,12,7,528
246.8888888888889,8.9,8.362518408917976,360,1.0,5.0,13,7,529
213.22222222222223,9.4,8.4,360,1.0,4.0,14,7,530
145.88888888888889,9.7,8.362518408917976,360,1.0,4.0,15,7,531
67.33333333333334,9.7,8.252627944162883,360,1.0,6.0,16,7,532
11.222222222222221,9.5,8.077817459305203,360,1.0,6.0,17,7,533
0.0,9.7,7.8500000000000005,360,1.0,5.0,18,7,534
0.0,9.9,7.584700949612774,360,1.0,4.0,19,7,535
0.0,10.2,7.300000000000001,360,1.0,4.0,20,7,536
0.0,10.4,7.015299050387228,360,1.0,4.0,21,7,537
0.0,10.3,6.750000000000001,360,1.0,4.0,22,7,538
0.0,10.5,6.522182540694798,360,1.0,4.0,23,7,539
0.0,10.6,6.347372055837118,360,1.0,5.0,24,7,540
0.0,10.6,7.827259338968744,360,1.0,6.0,1,8,541
0.0,10.6,7.799999999999999,360,1.0,6.0,2,8,542
0.0,10.4,7.827259338968744,360,1.0,6.0,3,8,543
0.0,10.3,7.907179676972448,360,1.0,7.0,4,8,544
0.0,10.2,8.034314575050761,360,1.0,6.0,5,8,545
0.0,10.1,8.2,360,1.0,6.0,6,8,546
0.0,10.0,8.392944763917983,360,1.0,5.0,7,8,547
0.0,9.8,8.6,360,1.0,6.0,8,8,548
44.888888888888886,9.5,8.807055236082016,360,1.0,5.0,9,8,549
168.33333333333331,9.9,9.0,360,1.0,6.0,10,8,550
269.33333333333337,10.4,9.165685424949238,360,0.95,7.0,11,8,551
280.55555555555554,10.9,9.29282032302755,360,0.91,6.0,12,8,552
370.33333333333337,11.5,9.372740661031255,360,0.86,6.0,13,8,553
404.0,12.2,9.4,360,0.81,6.0,14,8,554
359.1111111111111,12.4,9.372740661031255,360,0.83,6.0,15,8,555
134.66666666666669,11.5,9.29282032302755,360,0.88,5.0,16,8,556
11.222222222222221,11.1,9.165685424949238,360,0.9,5.0,17,8,557
0.0,10.7,9.0,360,0.92,4.0,18,8,558
0.0,10.6,8.807055236082016,360,0.96,4.0,19,8,559
0.0,10.1,8.6,360,0.97,4.0,20,8,560
0.0,9.5,8.392944763917983,360,0.99,3.0,21,8,561
0.0,9.9,8.2,360,0.99,5.0,22,8,562
0.0,10.1,8.034314575050761,360,0.98,6.0,23,8,563
0.0,10.3,7.907179676972449,360,0.96,6.0,24,8,564
0.0,10.4,9.106814834742186,360,0.93,6.0,1,9,565
0.0,10.5,9.100000000000001,360,0.93,6.0,2,9,566
0.0,10.1,9.106814834742186,360,0.95,5.0,3,9,567
0.0,9.9,9.126794919243112,360,0.97,6.0,4,9,568
0.0,9.7,9.158578643762691,360,0.98,6.0,5,9,569
0.0,9.7,9.200000000000001,360,0.98,7.0,6,9,570
0.0,9.6,9.248236190979496,360,0.98,6.0,7,9,571
11.222222222222221,9.3,9.3,360,0.96,6.0,8,9,572
67.33333333333334,9.2,9.351763809020506,360,0.9,7.0,9,9,573
291.77777777777777,10.0,9.4,360,0.86,9.0,10,9,574
280.55555555555554,10.3,9.44142135623731,360,0.86,9.0,11,9,575
190.77777777777777,10.2,9.47320508075689,360,0.85,8.0,12,9,576
235.66666666666669,10.7,9.493185165257815,360,0.84,9.0,13,9,577
168.33333333333331,10.6,9.5,360,0.86,10.0,14,9,578
145.88888888888889,10.8,9.493185165257815,360,0.85,10.0,15,9,579
33.66666666666667,9.9,9.47320508075689,360,0.94,8.0,16,9,580
0.0,10.2,9.44142135623731,360,0.97,9.0,17,9,581
0.0,10.2,9.4,360,0.96,7.0,18,9,582
0.0,10.1,9.351763809020506,360,0.91,8.0,19,9,583
0.0,9.5,9.3,360,0.89,10.0,20,9,584
0.0,9.4,9.248236190979496,360,0.89,11.0,21,9,585
0.0,9.7,9.200000000000001,360,0.88,12.0,22,9,586
0.0,9.8,9.158578643762691,360,0.9,13.0,23,9,587
0.0,9.6,9.126794919243112,360,0.89,13.0,24,9,588
0.0,9.4,8.805111126056639,360,0.89,10.0,1,10,589
0.0,9.0,8.8,360,0.89,10.0,2,10,590
0.0,8.6,8.805111126056639,360,0.86,10.0,3,10,591
0.0,8.2,8.820096189432334,360,0.87,6.0,4,10,592
0.0,7.9,8.843933982822017,360,0.95,6.0,5,10,593
0.0,7.4,8.875,360,0.94,6.0,6,10,594
0.0,7.4,8.911177143234621,360,0.95,5.0,7,10,595
0.0,7.6,8.95,360,0.85,8.0,8,10,596
101.0,7.8,8.988822856765378,360,0.77,8.0,9,10,597
291.77777777777777,8.6,9.024999999999999,360,0.71,6.0,10,10,598
145.88888888888889,8.4,9.056066017177981,360,0.74,5.0,11,10,599
168.33333333333331,8.5,9.079903810567664,360,0.8,4.0,12,10,600
336.66666666666663,9.0,9.09488887394336,360,0.72,4.0,13,10,601
280.55555555555554,9.1,9.099999999999998,360,0.73,5.0,14,10,602
235.66666666666669,8.8,9.09488887394336,360,0.72,4.0,15,10,603
89.77777777777777,8.6,9.079903810567664,360,0.71,4.0,16,10,604
11.222222222222221,8.0,9.056066017177981,360,0.74,4.0,17,10,605
0.0,7.4,9.024999999999999,360,0.8,3.0,18,10,606
0.0,7.2,8.988822856765378,360,0.74,2.0,19,10,607
0.0,7.1,8.95,360,0.79,2.0,20,10,608
0.0,7.0,8.911177143234621,360,0.79,2.0,21,10,609
0.0,6.2,8.875,360,0.84,1.0,22,10,610
0.0,5.6,8.843933982822017,360,0.84,1.0,23,10,611
0.0,5.4,8.820096189432334,360,0.87,1.0,24,10,612
0.0,3.3,7.211925960798827,360,0.91,2.0,1,11,613
0.0,3.8,7.200000000000001,360,0.95,1.0,2,11,614
0.0,2.6,7.211925960798827,360,0.94,0.0,3,11,615
0.0,1.7,7.246891108675447,360,0.99,1.0,4,11,616
0.0,0.9,7.302512626584709,360,1.0,1.0,5,11,617
0.0,1.5,7.375000000000001,360,1.0,1.0,6,11,618
0.0,0.2,7.459413334214118,360,1.0,1.0,7,11,619
11.222222222222221,0.5,7.550000000000001,360,0.99,1.0,8,11,620
202.0,3.1,7.640586665785883,360,1.0,1.0,9,11,621
303.0,5.4,7.7250000000000005,360,0.82,2.0,10,11,622
415.2222222222223,8.4,7.797487373415293,360,0.69,2.0,11,11,623
718.2222222222222,7.9,7.853108891324554,360,0.64,4.0,12,11,624
763.1111111111111,8.6,7.888074039201174,360,0.65,4.0,13,11,625
650.8888888888889,8.8,7.9,360,0.63,4.0,14,11,626
415.2222222222223,8.2,7.888074039201174,360,0.65,3.0,15,11,627
157.1111111111111,6.7,7.853108891324554,360,0.75,2.0,16,11,628
11.222222222222221,4.3,7.797487373415293,360,0.9,1.0,17,11,629
0.0,2.6,7.7250000000000005,360,0.96,1.0,18,11,630
0.0,1.8,7.640586665785883,360,0.97,1.0,19,11,631
0.0,0.9,7.550000000000001,360,0.96,2.0,20,11,632
0.0,2.2,7.459413334214118,360,0.95,2.0,21,11,633
0.0,2.0,7.375000000000001,360,0.86,2.0,22,11,634
0.0,1.7,7.302512626584709,360,0.89,2.0,23,11,635
0.0,2.3,7.246891108675447,360,0.85,3.0,24,11,636
0.0,3.9,6.517037086855466,360,0.82,4.0,1,12,637
0.0,3.2,6.5,360,0.83,4.0,2,12,638
0.0,3.0,6.517037086855466,360,0.85,4.0,3,12,639
0.0,2.9,6.56698729810778,360,0.86,3.0,4,12,640
0.0,3.7,6.646446609406726,360,0.85,4.0,5,12,641
0.0,4.0,6.75,360,0.85,5.0,6,12,642
0.0,3.7,6.87059047744874,360,0.85,6.0,7,12,643
11.222222222222221,3.0,7.0,360,0.89,7.0,8,12,644
157.1111111111111,3.5,7.12940952255126,360,0.86,8.0,9,12,645
359.1111111111111,5.4,7.25,360,0.83,7.0,10,12,646
359.1111111111111,6.2,7.353553390593274,360,0.82,8.0,11,12,647
303.0,6.9,7.43301270189222,360,0.82,8.0,12,12,648
246.8888888888889,6.8,7.482962913144534,360,0.85,7.0,13,12,649
145.88888888888889,7.5,7.5,360,0.87,6.0,14,12,650
123.44444444444446,7.5,7.482962913144534,360,0.88,6.0,15,12,651
67.33333333333334,7.4,7.43301270189222,360,0.93,6.0,16,12,652
22.444444444444443,7.1,7.353553390593274,360,0.95,6.0,17,12,653
0.0,6.8,7.25,360,0.98,6.0,18,12,654
0.0,6.7,7.12940952255126,360,0.97,6.0,19,12,655
0.0,6.7,7.0,360,0.99,4.0,20,12,656
0.0,6.7,6.87059047744874,360,1.0,5.0,21,12,657
0.0,6.7,6.75,360,0.99,6.0,22,12,658
0.0,6.6,6.646446609406726,360,0.99,6.0,23,12,659
0.0,6.5,6.56698729810778,360,0.99,6.0,24,12,660
0.0,6.5,7.317037086855466,360,1.0,8.0,1,13,661
0.0,6.5,7.300000000000001,360,0.99,6.0,2,13,662
0.0,6.4,7.317037086855466,360,0.99,7.0,3,13,663
0.0,6.2,7.366987298107781,360,1.0,7.0,4,13,664
0.0,6.4,7.446446609406727,360,0.99,6.0,5,13,665
0.0,6.5,7.550000000000001,360,1.0,6.0,6,13,666
0.0,6.2,7.67059047744874,360,1.0,6.0,7,13,667
0.0,6.1,7.800000000000001,360,0.99,8.0,8,13,668
33.66666666666667,6.1,7.9294095225512615,360,0.96,6.0,9,13,669
190.77777777777777,6.3,8.05,360,0.93,8.0,10,13,670
280.55555555555554,6.5,8.153553390593276,360,0.94,8.0,11,13,671
774.3333333333333,8.9,8.233012701892221,360,0.87,7.0,12,13,672
549.8888888888889,9.4,8.282962913144535,360,0.85,6.0,13,13,673
448.8888888888889,9.4,8.3,360,0.79,7.0,14,13,674
235.66666666666669,9.1,8.282962913144535,360,0.77,8.0,15,13,675
112.22222222222223,8.5,8.233012701892221,360,0.79,9.0,16,13,676
22.444444444444443,8.1,8.153553390593276,360,0.78,8.0,17,13,677
0.0,7.5,8.05,360,0.8,8.0,18,13,678
0.0,7.2,7.9294095225512615,360,0.8,10.0,19,13,679
0.0,6.8,7.800000000000001,360,0.78,11.0,20,13,680
0.0,6.6,7.67059047744874,360,0.78,11.0,21,13,681
0.0,6.4,7.550000000000001,360,0.78,9.0,22,13,682
0.0,6.3,7.446446609406727,360,0.76,8.0,23,13,683
0.0,6.3,7.366987298107781,360,0.73,8.0,24,13,684
0.0,6.4,7.511925960798826,360,0.73,9.0,1,14,685
0.0,6.7,7.5,360,0.71,11.0,2,14,686
0.0,6.7,7.511925960798826,360,0.7,11.0,3,14,687
0.0,6.4,7.546891108675446,360,0.72,9.0,4,14,688
0.0,6.3,7.6025126265847085,360,0.74,9.0,5,14,689
0.0,6.4,7.675,360,0.75,10.0,6,14,690
0.0,6.2,7.759413334214117,360,0.79,8.0,7,14,691
0.0,5.7,7.85,360,0.89,9.0,8,14,692
22.444444444444443,5.8,7.940586665785882,360,0.87,9.0,9,14,693
168.33333333333331,6.5,8.025,360,0.87,9.0,10,14,694
538.6666666666667,8.6,8.09748737341529,360,0.76,9.0,11,14,695
392.7777777777778,9.3,8.153108891324553,360,0.72,8.0,12,14,696
347.8888888888889,9.9,8.188074039201172,360,0.67,8.0,13,14,697
269.33333333333337,9.8,8.2,360,0.73,9.0,14,14,698
179.55555555555554,9.6,8.188074039201172,360,0.75,8.0,15,14,699
44.888888888888886,9.3,8.153108891324553,360,0.81,6.0,16,14,700
11.222222222222221,9.5,8.09748737341529,360,0.78,6.0,17,14,701
0.0,10.3,8.025,360,0.7,8.0,18,14,702
0.0,10.6,7.940586665785882,360,0.68,6.0,19,14,703
0.0,10.1,7.85,360,0.7,6.0,20,14,704
0.0,9.2,7.759413334214117,360,0.74,8.0,21,14,705
0.0,8.8,7.675,360,0.78,8.0,22,14,706
0.0,8.4,7.6025126265847085,360,0.8,10.0,23,14,707
0.0,8.2,7.546891108675446,360,0.82,9.0,24,14,708
0.0,8.1,7.711925960798827,360,0.84,10.0,1,15,709
0.0,8.3,7.700000000000001,360,0.81,10.0,2,15,710
0.0,7.8,7.711925960798827,360,0.83,10.0,3,15,711
0.0,7.9,7.746891108675447,360,0.83,10.0,4,15,712
0.0,8.0,7.802512626584709,360,0.8,10.0,5,15,713
0.0,8.0,7.875000000000001,360,0.79,9.0,6,15,714
0.0,8.0,7.959413334214118,360,0.8,11.0,7,15,715
11.222222222222221,8.5,8.05,360,0.76,10.0,8,15,716
190.77777777777777,9.8,8.140586665785882,360,0.72,14.0,9,15,717
370.33333333333337,10.7,8.225000000000001,360,0.67,13.0,10,15,718
291.77777777777777,11.0,8.297487373415292,360,0.69,12.0,11,15,719
359.1111111111111,11.3,8.353108891324554,360,0.68,14.0,12,15,720
258.11111111111114,11.5,8.388074039201175,360,0.71,14.0,13,15,721
235.66666666666669,11.7,8.4,360,0.71,10.0,14,15,722
101.0,11.8,8.388074039201175,360,0.72,8.0,15,15,723
56.111111111111114,11.2,8.353108891324554,360,0.8,6.0,16,15,724
33.66666666666667,10.0,8.297487373415292,360,0.88,5.0,17,15,725
0.0,8.9,8.225000000000001,360,0.93,4.0,18,15,726
0.0,8.0,8.140586665785882,360,0.95,4.0,19,15,727
0.0,6.8,8.05,360,0.97,3.0,20,15,728
0.0,5.8,7.959413334214118,360,0.99,2.0,21,15,729
0.0,4.1,7.875000000000001,360,0.99,2.0,22,15,730
0.0,4.0,7.802512626584709,360,1.0,2.0,23,15,731
0.0,3.2,7.746891108675447,360,1.0,2.0,24,15,732
0.0,6.2,7.317037086855466,360,1.0,3.0,1,16,733
0.0,7.3,7.300000000000001,360,1.0,4.0,2,16,734
0.0,7.5,7.317037086855466,360,0.98,6.0,3,16,735
0.0,7.9,7.366987298107781,360,0.93,6.0,4,16,736
0.0,7.8,7.446446609406727,360,0.92,6.0,5,16,737
0.0,7.2,7.550000000000001,360,0.89,6.0,6,16,738
0.0,5.3,7.67059047744874,360,0.93,5.0,7,16,739
22.444444444444443,5.6,7.800000000000001,360,0.96,4.0,8,16,740
190.77777777777777,8.4,7.9294095225512615,360,0.85,5.0,9,16,741
426.44444444444446,10.3,8.05,360,0.77,6.0,10,16,742
650.8888888888889,11.8,8.153553390593276,360,0.71,6.0,11,16,743
751.8888888888888,13.1,8.233012701892221,360,0.63,8.0,12,16,744
774.3333333333333,13.6,8.282962913144535,360,0.61,11.0,13,16,745
707.0000000000001,14.4,8.3,360,0.59,9.0,14,16,746
505.0,14.2,8.282962913144535,360,0.63,8.0,15,16,747
258.11111111111114,13.3,8.233012701892221,360,0.64,8.0,16,16,748
33.66666666666667,12.1,8.153553390593276,360,0.67,8.0,17,16,749
0.0,11.9,8.05,360,0.68,6.0,18,16,750
0.0,11.7,7.9294095225512615,360,0.69,5.0,19,16,751
0.0,11.1,7.800000000000001,360,0.73,1.0,20,16,752
0.0,11.0,7.67059047744874,360,0.73,0.0,21,16,753
0.0,10.7,7.550000000000001,360,0.73,0.0,22,16,754
0.0,10.5,7.446446609406727,360,0.73,0.0,23,16,755
0.0,10.1,7.366987298107781,360,0.75,0.0,24,16,756
0.0,9.4,8.306814834742188,360,0.83,8.0,1,17,757
0.0,9.3,8.3,360,0.83,8.0,2,17,758
0.0,8.6,8.306814834742188,360,0.93,7.0,3,17,759
0.0,8.3,8.326794919243113,360,0.96,8.0,4,17,760
0.0,8.8,8.35857864376269,360,0.94,8.0,5,17,761
0.0,8.6,8.4,360,0.95,7.0,6,17,762
0.0,8.0,8.448236190979497,360,0.93,8.0,7,17,763
11.222222222222221,8.1,8.5,360,0.93,7.0,8,17,764
67.33333333333334,8.2,8.551763809020503,360,0.93,5.0,9,17,765
190.77777777777777,8.3,8.6,360,0.92,4.0,10,17,766
190.77777777777777,8.6,8.64142135623731,360,0.91,4.0,11,17,767
314.2222222222222,9.0,8.673205080756887,360,0.89,6.0,12,17,768
650.8888888888889,11.0,8.693185165257812,360,0.78,6.0,13,17,769
347.8888888888889,8.9,8.7,360,0.83,8.0,14,17,770
347.8888888888889,7.6,8.693185165257812,360,0.8,7.0,15,17,771
157.1111111111111,7.6,8.673205080756887,360,0.82,4.0,16,17,772
11.222222222222221,6.6,8.64142135623731,360,0.77,4.0,17,17,773
0.0,5.1,8.6,360,0.87,0.0,18,17,774
0.0,4.3,8.551763809020503,360,0.93,0.0,19,17,775
0.0,4.0,8.5,360,0.92,0.0,20,17,776
0.0,3.6,8.448236190979497,360,0.92,0.0,21,17,777
0.0,3.6,8.4,360,0.94,0.0,22,17,778
0.0,2.4,8.35857864376269,360,0.94,0.0,23,17,779
0.0,2.0,8.326794919243113,360,0.97,0.0,24,17,780
0.0,2.9,6.7102222521132795,360,0.95,0.0,1,18,781
0.0,3.2,6.7,360,0.93,0.0,2,18,782
0.0,1.7,6.7102222521132795,360,0.96,0.0,3,18,783
0.0,2.7,6.740192378864668,360,0.97,2.0,4,18,784
0.0,2.6,6.787867965644036,360,0.97,0.0,5,18,785
0.0,1.8,6.85,360,0.96,0.0,6,18,786
0.0,0.5,6.922354286469244,360,0.96,0.0,7,18,787
11.222222222222221,0.9,7.0,360,0.98,0.0,8,18,788
89.77777777777777,1.6,7.077645713530756,360,1.0,0.0,9,18,789
246.8888888888889,3.4,7.15,360,1.0,0.0,10,18,790
628.4444444444443,5.6,7.212132034355964,360,0.92,4.0,11,18,791
785.5555555555557,7.5,7.259807621135331,360,0.86,4.0,12,18,792
796.7777777777777,8.4,7.2897777478867205,360,0.79,4.0,13,18,793
628.4444444444443,8.9,7.3,360,0.75,5.0,14,18,794
538.6666666666667,8.5,7.2897777478867205,360,0.71,6.0,15,18,795
145.88888888888889,7.2,7.259807621135331,360,0.75,5.0,16,18,796
22.444444444444443,6.3,7.212132034355964,360,0.8,4.0,17,18,797
0.0,5.6,7.15,360,0.81,0.0,18,18,798
0.0,5.4,7.077645713530756,360,0.81,0.0,19,18,799
0.0,5.4,7.0,360,0.81,5.0,20,18,800
0.0,5.2,6.922354286469244,360,0.8,5.0,21,18,801
0.0,4.6,6.8500000000000005,360,0.82,0.0,22,18,802
0.0,4.0,6.787867965644036,360,0.86,0.0,23,18,803
0.0,3.0,6.740192378864669,360,0.89,0.0,24,18,804
0.0,2.9,6.206814834742187,360,0.91,0.0,1,19,805
0.0,3.0,6.200000000000001,360,0.93,0.0,2,19,806
0.0,2.8,6.206814834742187,360,0.93,0.0,3,19,807
0.0,2.7,6.226794919243113,360,0.96,0.0,4,19,808
0.0,2.3,6.258578643762691,360,0.95,0.0,5,19,809
0.0,1.6,6.300000000000001,360,0.94,0.0,6,19,810
0.0,1.3,6.348236190979496,360,0.95,6.0,7,19,811
11.222222222222221,1.3,6.4,360,0.93,8.0,8,19,812
190.77777777777777,2.1,6.4517638090205045,360,0.92,0.0,9,19,813
381.55555555555554,3.3,6.5,360,0.85,6.0,10,19,814
639.6666666666667,4.7,6.54142135623731,360,0.8,10.0,11,19,815
785.5555555555557,5.5,6.573205080756888,360,0.75,10.0,12,19,816
684.5555555555557,6.3,6.593185165257814,360,0.68,11.0,13,19,817
617.2222222222222,6.0,6.6,360,0.7,10.0,14,19,818
505.0,6.6,6.593185165257814,360,0.65,6.0,15,19,819
179.55555555555554,5.9,6.573205080756888,360,0.69,0.0,16,19,820
44.888888888888886,5.2,6.54142135623731,360,0.73,0.0,17,19,821
0.0,4.8,6.5,360,0.76,6.0,18,19,822
0.0,4.6,6.4517638090205045,360,0.77,0.0,19,19,823
0.0,3.9,6.4,360,0.79,0.0,20,19,824
0.0,3.9,6.348236190979496,360,0.8,0.0,21,19,825
0.0,3.3,6.300000000000001,360,0.82,6.0,22,19,826
0.0,3.3,6.258578643762691,360,0.81,0.0,23,19,827
0.0,3.0,6.226794919243113,360,0.86,0.0,24,19,828
0.0,2.9,5.6068148347421864,360,0.87,0.0,1,20,829
0.0,2.7,5.6,360,0.9,0.0,2,20,830
0.0,2.3,5.606814834742186,360,0.89,0.0,3,20,831
0.0,1.6,5.626794919243112,360,0.92,0.0,4,20,832
0.0,1.4,5.65857864376269,360,0.94,0.0,5,20,833
0.0,1.2,5.699999999999999,360,0.93,0.0,6,20,834
0.0,1.1,5.748236190979496,360,0.9,0.0,7,20,835
11.222222222222221,1.2,5.8,360,0.9,0.0,8,20,836
190.77777777777777,1.9,5.851763809020504,360,0.85,0.0,9,20,837
437.6666666666667,3.4,5.9,360,0.78,0.0,10,20,838
662.1111111111112,4.8,5.941421356237309,360,0.68,0.0,11,20,839
808.0,5.8,5.9732050807568875,360,0.63,10.0,12,20,840
841.6666666666666,6.3,5.993185165257814,360,0.58,12.0,13,20,841
763.1111111111111,6.7,6.0,360,0.58,12.0,14,20,842
561.1111111111111,6.2,5.993185165257814,360,0.57,12.0,15,20,843
303.0,5.6,5.9732050807568875,360,0.62,10.0,16,20,844
56.111111111111114,4.7,5.941421356237309,360,0.66,0.0,17,20,845
0.0,3.9,5.9,360,0.7,4.0,18,20,846
0.0,3.0,5.851763809020504,360,0.74,0.0,19,20,847
0.0,3.0,5.8,360,0.73,4.0,20,20,848
0.0,2.5,5.748236190979496,360,0.77,4.0,21,20,849
0.0,1.9,5.7,360,0.83,4.0,22,20,850
0.0,1.6,5.658578643762691,360,0.83,6.0,23,20,851
0.0,0.6,5.626794919243112,360,0.89,6.0,24,20,852
0.0,-0.1,4.811925960798827,360,0.91,5.0,1,21,853
0.0,-0.3,4.800000000000001,360,0.92,5.0,2,21,854
0.0,-0.2,4.811925960798827,360,0.91,6.0,3,21,855
0.0,-0.4,4.846891108675447,360,0.91,6.0,4,21,856
0.0,-1.0,4.902512626584708,360,0.93,5.0,5,21,857
0.0,-0.9,4.9750000000000005,360,0.94,6.0,6,21,858
0.0,-1.0,5.059413334214118,360,0.93,6.0,7,21,859
11.222222222222221,-0.9,5.15,360,0.94,6.0,8,21,860
202.0,-0.2,5.240586665785883,360,0.9,6.0,9,21,861
404.0,1.4,5.325,360,0.82,6.0,10,21,862
639.6666666666667,3.2,5.397487373415292,360,0.74,6.0,11,21,863
785.5555555555557,4.6,5.453108891324554,360,0.7,6.0,12,21,864
819.2222222222222,5.9,5.488074039201174,360,0.65,6.0,13,21,865
729.4444444444443,6.7,5.5,360,0.62,6.0,14,21,866
538.6666666666667,6.7,5.488074039201174,360,0.65,6.0,15,21,867
314.2222222222222,6.0,5.453108891324554,360,0.66,6.0,16,21,868
33.66666666666667,4.3,5.397487373415292,360,0.74,6.0,17,21,869
0.0,3.4,5.325,360,0.78,6.0,18,21,870
0.0,3.4,5.240586665785883,360,0.75,7.0,19,21,871
0.0,1.9,5.15,360,0.81,4.0,20,21,872
0.0,1.5,5.059413334214118,360,0.83,4.0,21,21,873
0.0,1.7,4.9750000000000005,360,0.83,4.0,22,21,874
0.0,1.5,4.902512626584708,360,0.83,5.0,23,21,875
0.0,1.5,4.846891108675447,360,0.81,4.0,24,21,876
0.0,-0.1,4.613629669484372,360,0.86,3.0,1,22,877
0.0,-0.2,4.6,360,0.88,3.0,2,22,878
0.0,-0.3,4.613629669484372,360,0.92,4.0,3,22,879
0.0,-0.4,4.653589838486224,360,0.92,4.0,4,22,880
0.0,-0.7,4.717157287525381,360,0.93,4.0,5,22,881
0.0,-0.7,4.8,360,0.93,4.0,6,22,882
0.0,-1.2,4.896472381958992,360,0.94,4.0,7,22,883
22.444444444444443,-0.9,5.0,360,0.92,6.0,8,22,884
168.33333333333331,0.3,5.103527618041008,360,0.87,7.0,9,22,885
426.44444444444446,2.1,5.2,360,0.79,7.0,10,22,886
662.1111111111112,4.8,5.282842712474619,360,0.63,8.0,11,22,887
763.1111111111111,6.6,5.346410161513775,360,0.58,8.0,12,22,888
785.5555555555557,7.1,5.386370330515628,360,0.55,8.0,13,22,889
707.0000000000001,7.4,5.4,360,0.57,8.0,14,22,890
527.4444444444445,7.6,5.386370330515628,360,0.6,8.0,15,22,891
213.22222222222223,6.8,5.346410161513775,360,0.64,6.0,16,22,892
11.222222222222221,5.9,5.282842712474619,360,0.66,6.0,17,22,893
0.0,4.7,5.2,360,0.72,7.0,18,22,894
0.0,4.7,5.103527618041008,360,0.72,6.0,19,22,895
0.0,4.4,5.0,360,0.72,6.0,20,22,896
0.0,4.2,4.896472381958992,360,0.75,6.0,21,22,897
0.0,4.0,4.8,360,0.77,6.0,22,22,898
0.0,3.5,4.717157287525381,360,0.79,7.0,23,22,899
0.0,3.4,4.653589838486225,360,0.78,7.0,24,22,900
0.0,2.8,5.011925960798826,360,0.78,6.0,1,23,901
0.0,2.4,5.0,360,0.8,6.0,2,23,902
0.0,2.1,5.011925960798826,360,0.8,6.0,3,23,903
0.0,1.8,5.046891108675446,360,0.82,6.0,4,23,904
0.0,1.3,5.102512626584708,360,0.85,6.0,5,23,905
0.0,1.9,5.175,360,0.84,4.0,6,23,906
0.0,1.2,5.259413334214117,360,0.86,4.0,7,23,907
11.222222222222221,1.8,5.35,360,0.82,6.0,8,23,908
89.77777777777777,1.7,5.440586665785882,360,0.84,4.0,9,23,909
145.88888888888889,2.1,5.5249999999999995,360,0.84,6.0,10,23,910
235.66666666666669,2.9,5.597487373415292,360,0.82,6.0,11,23,911
269.33333333333337,3.7,5.653108891324553,360,0.77,6.0,12,23,912
426.44444444444446,4.6,5.688074039201173,360,0.74,6.0,13,23,913
280.55555555555554,5.2,5.699999999999999,360,0.72,6.0,14,23,914
235.66666666666669,5.5,5.688074039201173,360,0.72,5.0,15,23,915
101.0,4.7,5.653108891324553,360,0.74,6.0,16,23,916
22.444444444444443,4.1,5.597487373415292,360,0.78,6.0,17,23,917
0.0,3.9,5.5249999999999995,360,0.79,5.0,18,23,918
0.0,3.5,5.440586665785882,360,0.84,4.0,19,23,919
0.0,3.3,5.35,360,0.85,4.0,20,23,920
0.0,3.2,5.259413334214117,360,0.84,4.0,21,23,921
0.0,2.8,5.175,360,0.89,4.0,22,23,922
0.0,1.7,5.102512626584708,360,0.92,4.0,23,23,923
0.0,2.1,5.046891108675446,360,0.88,4.0,24,23,924
0.0,2.3,5.422148212912107,360,0.9,3.0,1,24,925
0.0,1.8,5.4,360,0.91,2.0,2,24,926
0.0,1.8,5.422148212912107,360,0.94,1.0,3,24,927
11.222222222222221,2.1,5.487083487540115,360,0.92,2.0,4,24,928
0.0,2.4,5.590380592228745,360,0.92,2.0,5,24,929
0.0,2.5,5.7250000000000005,360,0.95,1.0,6,24,930
0.0,3.8,5.8817676206833625,360,1.0,4.0,7,24,931
11.222222222222221,1.7,6.050000000000001,360,1.0,2.0,8,24,932
157.1111111111111,3.4,6.218232379316639,360,1.0,1.0,9,24,933
392.7777777777778,7.4,6.375000000000001,360,1.0,2.0,10,24,934
549.8888888888889,11.2,6.509619407771257,360,0.78,3.0,11,24,935
763.1111111111111,12.1,6.612916512459885,360,0.71,4.0,12,24,936
774.3333333333333,12.5,6.677851787087895,360,0.65,5.0,13,24,937
594.7777777777778,12.2,6.700000000000001,360,0.68,4.0,14,24,938
516.2222222222223,12.4,6.677851787087895,360,0.65,3.0,15,24,939
179.55555555555554,11.3,6.612916512459885,360,0.7,2.0,16,24,940
56.111111111111114,9.1,6.509619407771257,360,0.76,0.0,17,24,941
0.0,5.9,6.375000000000001,360,0.92,1.0,18,24,942
0.0,5.9,6.218232379316639,360,0.94,1.0,19,24,943
0.0,5.7,6.050000000000001,360,0.95,1.0,20,24,944
0.0,5.9,5.8817676206833625,360,0.94,0.0,21,24,945
0.0,4.6,5.7250000000000005,360,0.96,0.0,22,24,946
0.0,4.4,5.590380592228745,360,0.98,0.0,23,24,947
0.0,3.4,5.487083487540116,360,0.99,0.0,24,24,948
0.0,2.7,5.123851921597652,360,1.0,0.0,1,25,949
0.0,3.3,5.1,360,0.99,0.0,2,25,950
0.0,2.0,5.123851921597652,360,1.0,0.0,3,25,951
0.0,0.8,5.1937822173508925,360,1.0,1.0,4,25,952
0.0,3.1,5.305025253169416,360,1.0,2.0,5,25,953
0.0,2.7,5.449999999999999,360,1.0,3.0,6,25,954
0.0,1.7,5.618826668428236,360,1.0,2.0,7,25,955
11.222222222222221,1.9,5.8,360,1.0,2.0,8,25,956
157.1111111111111,3.3,5.981173331571765,360,1.0,2.0,9,25,957
415.2222222222223,8.1,6.15,360,0.9,4.0,10,25,958
662.1111111111112,10.1,6.294974746830583,360,0.78,5.0,11,25,959
684.5555555555557,11.6,6.406217782649107,360,0.72,4.0,12,25,960
471.33333333333337,10.9,6.476148078402348,360,0.73,6.0,13,25,961
673.3333333333333,11.5,6.5,360,0.72,6.0,14,25,962
314.2222222222222,11.6,6.476148078402348,360,0.72,4.0,15,25,963
179.55555555555554,10.8,6.406217782649107,360,0.76,3.0,16,25,964
44.888888888888886,8.9,6.294974746830583,360,0.81,2.0,17,25,965
0.0,8.7,6.15,360,0.83,2.0,18,25,966
0.0,7.4,5.981173331571765,360,0.85,2.0,19,25,967
0.0,7.9,5.8,360,0.84,3.0,20,25,968
0.0,8.2,5.618826668428236,360,0.83,3.0,21,25,969
0.0,7.5,5.45,360,0.86,4.0,22,25,970
0.0,7.8,5.305025253169417,360,0.86,3.0,23,25,971
0.0,8.1,5.1937822173508925,360,0.87,2.0,24,25,972
0.0,6.2,6.322148212912105,360,0.93,2.0,1,26,973
0.0,7.0,6.299999999999999,360,0.95,2.0,2,26,974
0.0,6.6,6.322148212912105,360,0.93,2.0,3,26,975
0.0,6.0,6.387083487540114,360,0.97,2.0,4,26,976
0.0,6.1,6.490380592228743,360,0.98,1.0,5,26,977
0.0,6.7,6.624999999999999,360,0.96,4.0,6,26,978
0.0,6.8,6.781767620683361,360,0.96,4.0,7,26,979
11.222222222222221,6.4,6.949999999999999,360,0.99,4.0,8,26,980
67.33333333333334,7.1,7.1182323793166375,360,0.99,4.0,9,26,981
213.22222222222223,7.9,7.2749999999999995,360,0.99,4.0,10,26,982
448.8888888888889,8.4,7.409619407771255,360,0.97,4.0,11,26,983
527.4444444444445,10.1,7.512916512459884,360,0.86,5.0,12,26,984
460.11111111111114,10.4,7.577851787087893,360,0.84,6.0,13,26,985
314.2222222222222,10.9,7.6,360,0.8,6.0,14,26,986
224.44444444444446,10.9,7.577851787087893,360,0.82,5.0,15,26,987
101.0,10.3,7.512916512459884,360,0.83,6.0,16,26,988
11.222222222222221,9.8,7.409619407771255,360,0.86,4.0,17,26,989
0.0,9.8,7.2749999999999995,360,0.84,6.0,18,26,990
0.0,9.3,7.1182323793166375,360,0.87,6.0,19,26,991
0.0,9.0,6.949999999999999,360,0.91,6.0,20,26,992
0.0,8.8,6.781767620683361,360,0.93,6.0,21,26,993
0.0,8.6,6.624999999999999,360,0.95,8.0,22,26,994
0.0,8.8,6.490380592228743,360,0.94,8.0,23,26,995
0.0,8.4,6.387083487540115,360,0.96,8.0,24,26,996
0.0,8.1,7.50511112605664,360,0.96,8.0,1,27,997
0.0,7.7,7.5,360,0.97,8.0,2,27,998
0.0,7.6,7.50511112605664,360,0.94,6.0,3,27,999
0.0,7.6,7.520096189432334,360,0.92,8.0,4,27,1000
0.0,7.5,7.543933982822018,360,0.95,10.0,5,27,1001
0.0,7.5,7.575,360,0.94,8.0,6,27,1002
0.0,7.2,7.611177143234622,360,0.95,6.0,7,27,1003
0.0,7.0,7.65,360,0.93,8.0,8,27,1004
33.66666666666667,7.0,7.688822856765379,360,0.92,6.0,9,27,1005
44.888888888888886,6.9,7.7250000000000005,360,0.94,7.0,10,27,1006
78.55555555555554,7.0,7.756066017177982,360,0.96,8.0,11,27,1007
89.77777777777777,7.3,7.779903810567666,360,0.97,10.0,12,27,1008
101.0,7.8,7.794888873943361,360,0.97,12.0,13,27,1009
145.88888888888889,8.2,7.800000000000001,360,0.94,11.0,14,27,1010
190.77777777777777,9.8,7.794888873943361,360,0.92,11.0,15,27,1011
101.0,9.9,7.779903810567666,360,0.92,11.0,16,27,1012
22.444444444444443,9.5,7.756066017177982,360,0.94,11.0,17,27,1013
0.0,9.0,7.7250000000000005,360,0.93,14.0,18,27,1014
0.0,8.3,7.688822856765379,360,0.92,9.0,19,27,1015
0.0,7.9,7.65,360,0.94,8.0,20,27,1016
0.0,7.7,7.611177143234622,360,0.94,8.0,21,27,1017
0.0,8.3,7.575,360,0.92,9.0,22,27,1018
0.0,8.6,7.543933982822018,360,0.94,11.0,23,27,1019
0.0,8.4,7.520096189432334,360,0.84,16.0,24,27,1020
0.0,7.4,7.4051111260566405,360,0.82,11.0,1,28,1021
0.0,7.8,7.4,360,0.88,11.0,2,28,1022
0.0,8.5,7.4051111260566405,360,0.86,13.0,3,28,1023
0.0,7.0,7.420096189432335,360,0.84,16.0,4,28,1024
0.0,7.2,7.443933982822019,360,0.84,11.0,5,28,1025
0.0,7.6,7.4750000000000005,360,0.82,11.0,6,28,1026
0.0,6.5,7.511177143234622,360,0.87,10.0,7,28,1027
11.222222222222221,6.2,7.550000000000001,360,0.86,7.0,8,28,1028
56.111111111111114,6.4,7.588822856765379,360,0.77,12.0,9,28,1029
235.66666666666669,7.1,7.625000000000001,360,0.82,8.0,10,28,1030
224.44444444444446,7.4,7.656066017177983,360,0.88,9.0,11,28,1031
258.11111111111114,7.6,7.679903810567667,360,0.83,8.0,12,28,1032
505.0,9.2,7.694888873943361,360,0.78,10.0,13,28,1033
639.6666666666667,9.3,7.700000000000001,360,0.74,11.0,14,28,1034
269.33333333333337,9.2,7.694888873943361,360,0.74,10.0,15,28,1035
168.33333333333331,8.9,7.679903810567667,360,0.81,10.0,16,28,1036
22.444444444444443,8.4,7.656066017177983,360,0.82,11.0,17,28,1037
0.0,8.4,7.625000000000001,360,0.79,12.0,18,28,1038
0.0,7.3,7.588822856765379,360,0.93,7.0,19,28,1039
0.0,7.4,7.550000000000001,360,0.95,8.0,20,28,1040
0.0,7.3,7.511177143234622,360,0.95,7.0,21,28,1041
0.0,7.4,7.4750000000000005,360,0.93,6.0,22,28,1042
0.0,7.2,7.443933982822019,360,0.89,7.0,23,28,1043
0.0,7.0,7.420096189432335,360,0.93,5.0,24,28,1044
0.0,7.2,7.4170370868554665,360,0.96,5.0,1,29,1045
0.0,7.0,7.4,360,0.95,5.0,2,29,1046
0.0,7.3,7.4170370868554665,360,0.96,6.0,3,29,1047
0.0,7.1,7.466987298107781,360,0.97,5.0,4,29,1048
0.0,6.6,7.546446609406726,360,0.96,4.0,5,29,1049
0.0,7.1,7.65,360,0.96,5.0,6,29,1050
0.0,7.5,7.77059047744874,360,0.97,6.0,7,29,1051
22.444444444444443,7.7,7.9,360,0.96,6.0,8,29,1052
101.0,8.1,8.02940952255126,360,0.94,5.0,9,29,1053
325.44444444444446,9.0,8.15,360,0.93,4.0,10,29,1054
359.1111111111111,9.2,8.253553390593273,360,0.93,5.0,11,29,1055
538.6666666666667,10.6,8.333012701892219,360,0.85,6.0,12,29,1056
673.3333333333333,11.9,8.382962913144535,360,0.82,6.0,13,29,1057
594.7777777777778,11.6,8.4,360,0.79,6.0,14,29,1058
561.1111111111111,11.4,8.382962913144535,360,0.72,7.0,15,29,1059
246.8888888888889,10.7,8.333012701892219,360,0.78,4.0,16,29,1060
67.33333333333334,9.7,8.253553390593273,360,0.84,3.0,17,29,1061
0.0,8.4,8.15,360,0.88,3.0,18,29,1062
0.0,6.0,8.02940952255126,360,0.94,2.0,19,29,1063
0.0,6.8,7.9,360,0.95,2.0,20,29,1064
0.0,6.6,7.77059047744874,360,0.95,2.0,21,29,1065
0.0,6.8,7.65,360,0.97,2.0,22,29,1066
0.0,8.1,7.546446609406726,360,0.9,6.0,23,29,1067
0.0,8.4,7.466987298107781,360,0.89,5.0,24,29,1068
0.0,8.5,7.9289630476542925,360,0.88,7.0,1,30,1069
0.0,8.3,7.9,360,0.96,8.0,2,30,1070
0.0,8.4,7.9289630476542925,360,0.96,8.0,3,30,1071
0.0,8.5,8.013878406783228,360,0.97,8.0,4,30,1072
0.0,8.7,8.148959235991434,360,0.98,8.0,5,30,1073
0.0,9.3,8.325,360,1.0,8.0,6,30,1074
0.0,10.1,8.530003811662857,360,0.99,8.0,7,30,1075
11.222222222222221,11.2,8.75,360,1.0,6.0,8,30,1076
44.888888888888886,11.9,8.969996188337143,360,0.99,9.0,9,30,1077
101.0,11.9,9.175,360,0.98,10.0,10,30,1078
190.77777777777777,12.1,9.351040764008566,360,0.95,10.0,11,30,1079
235.66666666666669,12.0,9.486121593216772,360,0.96,11.0,12,30,1080
213.22222222222223,12.2,9.571036952345708,360,0.96,9.0,13,30,1081
157.1111111111111,12.3,9.6,360,0.97,10.0,14,30,1082
89.77777777777777,12.2,9.571036952345708,360,0.97,11.0,15,30,1083
67.33333333333334,12.1,9.486121593216772,360,0.97,9.0,16,30,1084
11.222222222222221,12.0,9.351040764008566,360,0.98,9.0,17,30,1085
0.0,11.7,9.175,360,0.99,9.0,18,30,1086
0.0,11.8,8.969996188337143,360,1.0,8.0,19,30,1087
0.0,11.8,8.75,360,0.99,9.0,20,30,1088
0.0,11.8,8.530003811662857,360,1.0,8.0,21,30,1089
0.0,11.8,8.325000000000001,360,0.99,7.0,22,30,1090
0.0,11.9,8.148959235991434,360,0.99,8.0,23,30,1091
0.0,11.8,8.013878406783228,360,0.99,6.0,24,30,1092
0.0,11.8,9.22044450422656,360,1.0,7.0,1,31,1093
0.0,11.6,9.2,360,1.0,6.0,2,31,1094
0.0,11.4,9.22044450422656,360,0.99,6.0,3,31,1095
0.0,11.4,9.280384757729337,360,1.0,6.0,4,31,1096
0.0,11.3,9.375735931288071,360,1.0,7.0,5,31,1097
0.0,11.1,9.5,360,0.99,6.0,6,31,1098
0.0,10.9,9.644708572938487,360,1.0,6.0,7,31,1099
22.444444444444443,11.0,9.8,360,0.99,7.0,8,31,1100
101.0,11.2,9.955291427061514,360,1.0,6.0,9,31,1101
258.11111111111114,11.6,10.100000000000001,360,0.98,7.0,10,31,1102
303.0,11.8,10.22426406871193,360,0.98,7.0,11,31,1103
325.44444444444446,12.2,10.319615242270665,360,0.99,6.0,12,31,1104
359.1111111111111,12.6,10.379555495773442,360,0.97,7.0,13,31,1105
303.0,12.3,10.400000000000002,360,0.96,8.0,14,31,1106
235.66666666666669,12.3,10.379555495773442,360,0.97,6.0,15,31,1107
134.66666666666669,12.3,10.319615242270665,360,0.98,7.0,16,31,1108
56.111111111111114,12.4,10.22426406871193,360,0.99,6.0,17,31,1109
0.0,12.5,10.100000000000001,360,0.99,6.0,18,31,1110
0.0,12.5,9.955291427061514,360,0.99,7.0,19,31,1111
0.0,12.4,9.8,360,0.99,7.0,20,31,1112
0.0,12.2,9.644708572938487,360,0.98,6.0,21,31,1113
0.0,11.9,9.5,360,0.98,6.0,22,31,1114
0.0,12.0,9.375735931288071,360,0.97,8.0,23,31,1115
0.0,11.8,9.280384757729337,360,0.97,6.0,24,31,1116
0.0,11.9,10.21022225211328,360,0.96,8.0,1,32,1117
0.0,11.9,10.2,360,0.94,8.0,2,32,1118
0.0,11.7,10.21022225211328,360,0.93,9.0,3,32,1119
0.0,11.7,10.240192378864668,360,0.92,8.0,4,32,1120
0.0,11.2,10.287867965644034,360,0.96,7.0,5,32,1121
0.0,11.4,10.35,360,0.98,8.0,6,32,1122
0.0,11.5,10.422354286469243,360,0.98,8.0,7,32,1123
0.0,12.2,10.5,360,1.0,7.0,8,32,1124
67.33333333333334,12.0,10.577645713530757,360,0.99,11.0,9,32,1125
190.77777777777777,12.2,10.65,360,0.97,10.0,10,32,1126
325.44444444444446,12.6,10.712132034355966,360,0.92,9.0,11,32,1127
460.11111111111114,12.7,10.759807621135332,360,0.88,9.0,12,32,1128
729.4444444444443,13.5,10.78977774788672,360,0.82,10.0,13,32,1129
404.0,12.5,10.8,360,0.8,10.0,14,32,1130
246.8888888888889,12.4,10.78977774788672,360,0.84,8.0,15,32,1131
89.77777777777777,11.5,10.759807621135332,360,0.88,10.0,16,32,1132
22.444444444444443,11.1,10.712132034355966,360,0.96,8.0,17,32,1133
11.222222222222221,11.3,10.65,360,0.99,6.0,18,32,1134
0.0,11.4,10.577645713530757,360,0.98,7.0,19,32,1135
0.0,11.0,10.5,360,0.99,6.0,20,32,1136
0.0,11.2,10.422354286469243,360,0.97,6.0,21,32,1137
0.0,11.2,10.35,360,0.97,6.0,22,32,1138
0.0,11.4,10.287867965644034,360,0.98,6.0,23,32,1139
0.0,11.8,10.240192378864668,360,0.99,8.0,24,32,1140
0.0,12.6,10.515333378169919,360,1.0,10.0,1,33,1141
0.0,12.8,10.5,360,0.99,9.0,2,33,1142
0.0,12.9,10.515333378169919,360,0.99,8.0,3,33,1143
0.0,13.2,10.560288568297002,360,0.99,9.0,4,33,1144
0.0,14.0,10.631801948466052,360,0.96,13.0,5,33,1145
0.0,13.8,10.725,360,0.95,14.0,6,33,1146
0.0,13.6,10.833531429703864,360,0.98,12.0,7,33,1147
0.0,13.6,10.95,360,0.97,13.0,8,33,1148
33.66666666666667,13.5,11.066468570296134,360,0.97,12.0,9,33,1149
89.77777777777777,13.5,11.174999999999999,360,0.97,10.0,10,33,1150
145.88888888888889,13.4,11.268198051533945,360,0.97,11.0,11,33,1151
157.1111111111111,13.2,11.339711431702996,360,0.99,11.0,12,33,1152
123.44444444444446,13.1,11.38466662183008,360,0.98,10.0,13,33,1153
101.0,13.1,11.399999999999999,360,0.98,10.0,14,33,1154
101.0,13.2,11.38466662183008,360,0.98,9.0,15,33,1155
67.33333333333334,13.1,11.339711431702996,360,0.97,8.0,16,33,1156
67.33333333333334,13.1,11.268198051533945,360,0.9,8.0,17,33,1157
0.0,13.2,11.174999999999999,360,0.89,9.0,18,33,1158
0.0,12.9,11.066468570296134,360,0.9,9.0,19,33,1159
0.0,12.7,10.95,360,0.93,8.0,20,33,1160
0.0,12.6,10.833531429703864,360,0.93,8.0,21,33,1161
0.0,12.5,10.725,360,0.95,7.0,22,33,1162
0.0,12.8,10.631801948466054,360,0.93,8.0,23,33,1163
0.0,13.2,10.560288568297002,360,0.89,8.0,24,33,1164
0.0,13.3,11.21022225211328,360,0.87,11.0,1,34,1165
0.0,13.1,11.2,360,0.9,10.0,2,34,1166
0.0,12.5,11.21022225211328,360,0.98,8.0,3,34,1167
0.0,12.6,11.240192378864668,360,0.99,8.0,4,34,1168
0.0,12.7,11.287867965644034,360,0.98,9.0,5,34,1169
0.0,12.6,11.35,360,0.99,8.0,6,34,1170
0.0,12.4,11.422354286469243,360,1.0,8.0,7,34,1171
11.222222222222221,12.3,11.5,360,1.0,6.0,8,34,1172
44.888888888888886,12.4,11.577645713530757,360,1.0,8.0,9,34,1173
78.55555555555554,12.6,11.65,360,1.0,6.0,10,34,1174
213.22222222222223,12.7,11.712132034355966,360,1.0,7.0,11,34,1175
426.44444444444446,13.6,11.759807621135332,360,0.9,8.0,12,34,1176
650.8888888888889,15.3,11.78977774788672,360,0.8,9.0,13,34,1177
796.7777777777777,16.6,11.8,360,0.72,8.0,14,34,1178
628.4444444444443,17.1,11.78977774788672,360,0.65,10.0,15,34,1179
381.55555555555554,16.8,11.759807621135332,360,0.64,8.0,16,34,1180
123.44444444444446,15.4,11.712132034355966,360,0.65,7.0,17,34,1181
0.0,14.8,11.65,360,0.68,7.0,18,34,1182
0.0,14.7,11.577645713530757,360,0.7,8.0,19,34,1183
0.0,13.8,11.5,360,0.8,10.0,20,34,1184
0.0,12.9,11.422354286469243,360,0.86,9.0,21,34,1185
0.0,12.8,11.35,360,0.9,14.0,22,34,1186
0.0,12.2,11.287867965644034,360,0.94,15.0,23,34,1187
0.0,8.4,11.240192378864668,360,0.94,12.0,24,34,1188
0.0,7.9,10.011925960798827,360,0.89,8.0,1,35,1189
0.0,8.0,10.0,360,0.87,6.0,2,35,1190
0.0,8.0,10.011925960798827,360,0.86,6.0,3,35,1191
0.0,7.2,10.046891108675446,360,0.8,6.0,4,35,1192
0.0,6.3,10.102512626584708,360,0.86,4.0,5,35,1193
0.0,5.5,10.174999999999999,360,0.95,4.0,6,35,1194
0.0,5.3,10.259413334214118,360,0.96,4.0,7,35,1195
33.66666666666667,5.5,10.35,360,0.93,5.0,8,35,1196
269.33333333333337,6.9,10.440586665785881,360,0.84,7.0,9,35,1197
538.6666666666667,8.0,10.525,360,0.77,7.0,10,35,1198
785.5555555555557,9.1,10.59748737341529,360,0.71,8.0,11,35,1199
662.1111111111112,9.5,10.653108891324553,360,0.63,8.0,12,35,1200
561.1111111111111,9.5,10.688074039201172,360,0.62,9.0,13,35,1201
774.3333333333333,10.1,10.7,360,0.59,8.0,14,35,1202
426.44444444444446,9.5,10.688074039201172,360,0.6,8.0,15,35,1203
157.1111111111111,8.2,10.653108891324553,360,0.69,8.0,16,35,1204
134.66666666666669,8.0,10.59748737341529,360,0.69,4.0,17,35,1205
0.0,6.0,10.525,360,0.8,3.0,18,35,1206
0.0,6.6,10.440586665785881,360,0.72,4.0,19,35,1207
0.0,4.9,10.35,360,0.78,4.0,20,35,1208
0.0,4.5,10.259413334214118,360,0.78,2.0,21,35,1209
0.0,4.0,10.175,360,0.82,2.0,22,35,1210
0.0,5.4,10.102512626584708,360,0.81,2.0,23,35,1211
0.0,5.3,10.046891108675446,360,0.83,3.0,24,35,1212
0.0,5.1,8.515333378169919,360,0.85,2.0,1,36,1213
0.0,4.3,8.5,360,0.9,2.0,2,36,1214
0.0,5.1,8.515333378169919,360,0.83,2.0,3,36,1215
0.0,5.3,8.560288568297002,360,0.83,2.0,4,36,1216
0.0,5.5,8.631801948466052,360,0.82,3.0,5,36,1217
0.0,5.7,8.725,360,0.82,4.0,6,36,1218
0.0,5.6,8.833531429703864,360,0.83,3.0,7,36,1219
22.444444444444443,5.7,8.95,360,0.85,2.0,8,36,1220
112.22222222222223,6.1,9.066468570296134,360,0.87,2.0,9,36,1221
246.8888888888889,6.8,9.174999999999999,360,0.86,4.0,10,36,1222
359.1111111111111,7.5,9.268198051533945,360,0.82,4.0,11,36,1223
628.4444444444443,8.8,9.339711431702996,360,0.81,5.0,12,36,1224
942.6666666666667,10.2,9.38466662183008,360,0.7,5.0,13,36,1225
808.0,10.2,9.399999999999999,360,0.64,4.0,14,36,1226
628.4444444444443,9.1,9.38466662183008,360,0.66,6.0,15,36,1227
347.8888888888889,9.5,9.339711431702996,360,0.64,7.0,16,36,1228
179.55555555555554,8.1,9.268198051533945,360,0.67,6.0,17,36,1229
11.222222222222221,6.7,9.174999999999999,360,0.73,5.0,18,36,1230
0.0,5.5,9.066468570296134,360,0.79,4.0,19,36,1231
0.0,5.5,8.95,360,0.77,5.0,20,36,1232
0.0,4.0,8.833531429703864,360,0.83,4.0,21,36,1233
0.0,3.7,8.725,360,0.86,3.0,22,36,1234
0.0,3.8,8.631801948466054,360,0.85,4.0,23,36,1235
0.0,3.8,8.560288568297002,360,0.82,6.0,24,36,1236
0.0,3.3,7.41022225211328,360,0.86,5.0,1,37,1237
0.0,2.8,7.4,360,0.88,6.0,2,37,1238
0.0,2.3,7.41022225211328,360,0.89,6.0,3,37,1239
0.0,2.2,7.440192378864669,360,0.88,5.0,4,37,1240
0.0,1.8,7.487867965644036,360,0.86,6.0,5,37,1241
0.0,1.8,7.55,360,0.82,6.0,6,37,1242
0.0,1.9,7.622354286469244,360,0.77,6.0,7,37,1243
11.222222222222221,1.7,7.7,360,0.79,6.0,8,37,1244
179.55555555555554,3.3,7.777645713530756,360,0.72,6.0,9,37,1245
606.0,5.8,7.8500000000000005,360,0.6,7.0,10,37,1246
841.6666666666666,7.0,7.912132034355964,360,0.57,6.0,11,37,1247
987.5555555555557,8.5,7.959807621135331,360,0.51,6.0,12,37,1248
1043.6666666666665,9.9,7.989777747886721,360,0.53,6.0,13,37,1249
976.3333333333333,10.0,8.0,360,0.51,6.0,14,37,1250
785.5555555555557,10.0,7.989777747886721,360,0.52,6.0,15,37,1251
493.7777777777778,9.3,7.959807621135331,360,0.53,6.0,16,37,1252
179.55555555555554,7.5,7.912132034355964,360,0.58,6.0,17,37,1253
0.0,5.9,7.8500000000000005,360,0.66,4.0,18,37,1254
0.0,5.0,7.777645713530756,360,0.68,4.0,19,37,1255
0.0,4.3,7.7,360,0.71,4.0,20,37,1256
0.0,3.2,7.622354286469244,360,0.77,3.0,21,37,1257
0.0,2.3,7.550000000000001,360,0.8,2.0,22,37,1258
0.0,1.8,7.487867965644036,360,0.85,1.0,23,37,1259
0.0,1.2,7.440192378864669,360,0.86,1.0,24,37,1260
0.0,0.2,6.232370465025386,360,0.91,1.0,1,38,1261
0.0,-0.4,6.200000000000001,360,0.92,1.0,2,38,1262
0.0,-1.0,6.232370465025386,360,0.93,1.0,3,38,1263
0.0,-0.4,6.327275866404784,360,0.96,1.0,4,38,1264
0.0,0.1,6.47824855787278,360,0.95,2.0,5,38,1265
0.0,0.7,6.675,360,0.96,2.0,6,38,1266
0.0,5.5,6.904121907152605,360,0.87,8.0,7,38,1267
67.33333333333334,6.7,7.15,360,0.84,8.0,8,38,1268
246.8888888888889,7.1,7.395878092847395,360,0.81,7.0,9,38,1269
538.6666666666667,8.4,7.625,360,0.79,8.0,10,38,1270
583.5555555555555,9.2,7.82175144212722,360,0.77,7.0,11,38,1271
796.7777777777777,11.3,7.972724133595217,360,0.73,8.0,12,38,1272
875.3333333333334,11.8,8.067629534974614,360,0.67,6.0,13,38,1273
684.5555555555557,12.4,8.1,360,0.68,5.0,14,38,1274
662.1111111111112,12.7,8.067629534974614,360,0.69,6.0,15,38,1275
415.2222222222223,12.5,7.972724133595217,360,0.7,4.0,16,38,1276
67.33333333333334,11.5,7.82175144212722,360,0.71,4.0,17,38,1277
0.0,11.2,7.625,360,0.74,4.0,18,38,1278
0.0,11.2,7.395878092847395,360,0.72,4.0,19,38,1279
0.0,10.3,7.15,360,0.74,4.0,20,38,1280
0.0,9.6,6.904121907152605,360,0.75,4.0,21,38,1281
0.0,9.1,6.675000000000001,360,0.78,4.0,22,38,1282
0.0,9.0,6.478248557872781,360,0.79,5.0,23,38,1283
0.0,8.1,6.327275866404784,360,0.82,6.0,24,38,1284
0.0,8.2,7.713629669484373,360,0.82,6.0,1,39,1285
0.0,8.6,7.699999999999999,360,0.79,8.0,2,39,1286
0.0,8.6,7.713629669484372,360,0.79,10.0,3,39,1287
0.0,8.1,7.753589838486224,360,0.82,10.0,4,39,1288
0.0,7.7,7.81715728752538,360,0.8,9.0,5,39,1289
0.0,7.2,7.8999999999999995,360,0.82,8.0,6,39,1290
0.0,7.1,7.996472381958991,360,0.84,6.0,7,39,1291
33.66666666666667,6.9,8.1,360,0.85,6.0,8,39,1292
157.1111111111111,7.4,8.203527618041008,360,0.83,7.0,9,39,1293
448.8888888888889,8.1,8.299999999999999,360,0.82,8.0,10,39,1294
325.44444444444446,9.0,8.382842712474618,360,0.81,8.0,11,39,1295
336.66666666666663,9.4,8.446410161513775,360,0.82,6.0,12,39,1296
269.33333333333337,9.5,8.486370330515626,360,0.82,5.0,13,39,1297
190.77777777777777,9.9,8.5,360,0.85,4.0,14,39,1298
101.0,9.8,8.486370330515626,360,0.86,3.0,15,39,1299
44.888888888888886,9.3,8.446410161513775,360,0.93,3.0,16,39,1300
67.33333333333334,9.2,8.382842712474618,360,0.94,3.0,17,39,1301
0.0,9.3,8.299999999999999,360,0.93,4.0,18,39,1302
0.0,9.2,8.203527618041008,360,0.92,4.0,19,39,1303
0.0,9.1,8.1,360,0.93,5.0,20,39,1304
0.0,9.1,7.996472381958991,360,0.97,5.0,21,39,1305
0.0,8.8,7.8999999999999995,360,0.93,7.0,22,39,1306
0.0,7.9,7.817157287525381,360,0.94,6.0,23,39,1307
0.0,7.0,7.753589838486224,360,0.98,6.0,24,39,1308
0.0,6.1,8.127259338968745,360,0.99,5.0,1,40,1309
0.0,6.0,8.099999999999998,360,1.0,6.0,2,40,1310
0.0,6.3,8.127259338968743,360,1.0,6.0,3,40,1311
0.0,6.7,8.207179676972448,360,1.0,8.0,4,40,1312
0.0,6.7,8.33431457505076,360,1.0,9.0,5,40,1313
0.0,6.4,8.499999999999998,360,1.0,9.0,6,40,1314
0.0,6.2,8.692944763917982,360,0.98,8.0,7,40,1315
33.66666666666667,7.1,8.899999999999999,360,0.98,11.0,8,40,1316
123.44444444444446,8.0,9.107055236082015,360,0.96,11.0,9,40,1317
202.0,9.1,9.299999999999999,360,0.92,12.0,10,40,1318
404.0,10.0,9.465685424949237,360,0.88,12.0,11,40,1319
381.55555555555554,11.3,9.59282032302755,360,0.82,12.0,12,40,1320
202.0,11.5,9.672740661031254,360,0.81,12.0,13,40,1321
213.22222222222223,12.4,9.7,360,0.77,12.0,14,40,1322
190.77777777777777,12.8,9.672740661031254,360,0.74,18.0,15,40,1323
134.66666666666669,12.2,9.59282032302755,360,0.83,17.0,16,40,1324
56.111111111111114,11.8,9.465685424949237,360,0.86,15.0,17,40,1325
0.0,11.4,9.299999999999999,360,0.91,13.0,18,40,1326
0.0,11.8,9.107055236082015,360,0.96,15.0,19,40,1327
0.0,12.8,8.899999999999999,360,0.89,16.0,20,40,1328
0.0,13.2,8.692944763917982,360,0.9,17.0,21,40,1329
0.0,12.9,8.499999999999998,360,0.94,17.0,22,40,1330
0.0,13.1,8.334314575050762,360,0.92,16.0,23,40,1331
0.0,12.6,8.207179676972448,360,0.87,19.0,24,40,1332
0.0,12.6,8.918740795541012,360,0.87,18.0,1,41,1333
0.0,12.7,8.899999999999999,360,0.86,17.0,2,41,1334
0.0,12.5,8.918740795541012,360,0.86,19.0,3,41,1335
0.0,12.2,8.973686027918559,360,0.83,17.0,4,41,1336
0.0,11.5,9.061091270347399,360,0.83,16.0,5,41,1337
0.0,10.2,9.174999999999999,360,0.78,13.0,6,41,1338
0.0,9.8,9.307649525193613,360,0.79,10.0,7,41,1339
11.222222222222221,10.0,9.45,360,0.86,7.0,8,41,1340
157.1111111111111,10.7,9.592350474806386,360,0.8,8.0,9,41,1341
213.22222222222223,10.7,9.725,360,0.74,8.0,10,41,1342
224.44444444444446,10.3,9.8389087296526,360,0.89,8.0,11,41,1343
538.6666666666667,12.0,9.92631397208144,360,0.85,11.0,12,41,1344
561.1111111111111,12.8,9.981259204458986,360,0.73,15.0,13,41,1345
505.0,12.4,10.0,360,0.74,16.0,14,41,1346
347.8888888888889,12.3,9.981259204458986,360,0.69,16.0,15,41,1347
157.1111111111111,11.7,9.92631397208144,360,0.79,14.0,16,41,1348
67.33333333333334,11.6,9.8389087296526,360,0.8,16.0,17,41,1349
0.0,11.4,9.725,360,0.81,14.0,18,41,1350
0.0,11.3,9.592350474806386,360,0.82,16.0,19,41,1351
0.0,11.0,9.45,360,0.84,16.0,20,41,1352
0.0,11.2,9.307649525193613,360,0.81,16.0,21,41,1353
0.0,11.0,9.174999999999999,360,0.83,15.0,22,41,1354
0.0,9.5,9.061091270347399,360,0.84,16.0,23,41,1355
0.0,9.9,8.973686027918559,360,0.88,11.0,24,41,1356
0.0,9.4,9.208518543427733,360,0.89,8.0,1,42,1357
0.0,8.6,9.2,360,0.74,8.0,2,42,1358
0.0,8.6,9.208518543427733,360,0.76,5.0,3,42,1359
0.0,8.6,9.233493649053889,360,0.82,5.0,4,42,1360
0.0,8.3,9.273223304703363,360,0.87,7.0,5,42,1361
0.0,8.2,9.325,360,0.89,8.0,6,42,1362
0.0,8.6,9.38529523872437,360,0.95,8.0,7,42,1363
33.66666666666667,8.6,9.45,360,0.95,6.0,8,42,1364
134.66666666666669,8.8,9.51470476127563,360,0.91,6.0,9,42,1365
280.55555555555554,8.8,9.575,360,0.81,8.0,10,42,1366
673.3333333333333,9.9,9.626776695296636,360,0.75,8.0,11,42,1367
482.5555555555556,7.9,9.66650635094611,360,0.87,9.0,12,42,1368
740.6666666666667,10.0,9.691481456572266,360,0.67,6.0,13,42,1369
404.0,9.7,9.7,360,0.54,8.0,14,42,1370
370.33333333333337,9.5,9.691481456572266,360,0.63,7.0,15,42,1371
157.1111111111111,9.1,9.66650635094611,360,0.68,8.0,16,42,1372
56.111111111111114,8.5,9.626776695296636,360,0.67,7.0,17,42,1373
11.222222222222221,7.9,9.575,360,0.72,6.0,18,42,1374
0.0,6.6,9.51470476127563,360,0.81,4.0,19,42,1375
0.0,6.1,9.45,360,0.85,4.0,20,42,1376
0.0,5.0,9.38529523872437,360,0.88,4.0,21,42,1377
0.0,4.5,9.325,360,0.91,4.0,22,42,1378
0.0,4.8,9.273223304703363,360,0.9,4.0,23,42,1379
0.0,4.0,9.233493649053889,360,0.92,4.0,24,42,1380
0.0,3.4,7.815333378169919,360,0.93,2.0,1,43,1381
0.0,3.4,7.800000000000001,360,0.93,4.0,2,43,1382
0.0,3.9,7.815333378169919,360,0.91,4.0,3,43,1383
0.0,2.4,7.860288568297003,360,0.95,3.0,4,43,1384
0.0,2.9,7.931801948466053,360,0.94,3.0,5,43,1385
0.0,2.8,8.025,360,0.95,2.0,6,43,1386
0.0,3.4,8.133531429703865,360,0.96,4.0,7,43,1387
56.111111111111114,4.3,8.25,360,0.96,4.0,8,43,1388
336.66666666666663,6.1,8.366468570296135,360,0.9,4.0,9,43,1389
628.4444444444443,8.2,8.475,360,0.81,5.0,10,43,1390
830.4444444444446,9.2,8.568198051533946,360,0.74,6.0,11,43,1391
909.0,9.9,8.639711431702997,360,0.67,6.0,12,43,1392
370.33333333333337,9.6,8.68466662183008,360,0.69,4.0,13,43,1393
538.6666666666667,9.5,8.7,360,0.67,5.0,14,43,1394
258.11111111111114,9.1,8.68466662183008,360,0.79,5.0,15,43,1395
213.22222222222223,8.0,8.639711431702997,360,0.82,2.0,16,43,1396
112.22222222222223,6.6,8.568198051533946,360,0.83,0.0,17,43,1397
11.222222222222221,5.3,8.475,360,0.93,0.0,18,43,1398
0.0,4.2,8.366468570296135,360,0.97,0.0,19,43,1399
0.0,4.6,8.25,360,0.87,0.0,20,43,1400
0.0,5.5,8.133531429703865,360,0.92,0.0,21,43,1401
0.0,4.4,8.025,360,0.93,0.0,22,43,1402
0.0,5.1,7.931801948466054,360,0.88,0.0,23,43,1403
0.0,5.9,7.860288568297003,360,0.89,0.0,24,43,1404
0.0,6.2,7.818740795541012,360,0.86,0.0,1,44,1405
0.0,6.1,7.799999999999999,360,0.87,0.0,2,44,1406
0.0,6.7,7.818740795541012,360,0.84,0.0,3,44,1407
0.0,7.1,7.873686027918558,360,0.8,0.0,4,44,1408
0.0,7.1,7.961091270347398,360,0.85,0.0,5,44,1409
0.0,7.1,8.075,360,0.93,0.0,6,44,1410
0.0,8.1,8.207649525193613,360,0.96,0.0,7,44,1411
11.222222222222221,9.3,8.35,360,0.97,0.0,8,44,1412
33.66666666666667,10.7,8.492350474806386,360,0.99,13.0,9,44,1413
246.8888888888889,12.2,8.625,360,0.88,17.0,10,44,1414
291.77777777777777,11.8,8.738908729652602,360,0.92,18.0,11,44,1415
381.55555555555554,11.4,8.826313972081442,360,0.79,18.0,12,44,1416
751.8888888888888,12.0,8.881259204458987,360,0.68,16.0,13,44,1417
572.3333333333333,11.7,8.9,360,0.65,18.0,14,44,1418
606.0,10.7,8.881259204458987,360,0.75,17.0,15,44,1419
269.33333333333337,10.6,8.826313972081442,360,0.71,16.0,16,44,1420
89.77777777777777,10.0,8.738908729652602,360,0.74,15.0,17,44,1421
11.222222222222221,10.1,8.625,360,0.73,14.0,18,44,1422
0.0,10.1,8.492350474806386,360,0.74,12.0,19,44,1423
0.0,10.0,8.35,360,0.77,12.0,20,44,1424
0.0,9.3,8.207649525193613,360,0.86,10.0,21,44,1425
0.0,9.1,8.075,360,0.86,8.0,22,44,1426
0.0,9.0,7.961091270347398,360,0.88,6.0,23,44,1427
0.0,8.6,7.873686027918558,360,0.91,7.0,24,44,1428
0.0,8.3,8.718740795541011,360,0.94,6.0,1,45,1429
0.0,8.6,8.7,360,0.88,6.0,2,45,1430
0.0,8.7,8.718740795541011,360,0.86,6.0,3,45,1431
0.0,8.6,8.773686027918558,360,0.88,4.0,4,45,1432
0.0,8.6,8.861091270347398,360,0.86,4.0,5,45,1433
0.0,8.4,8.975,360,0.86,4.0,6,45,1434
0.0,8.3,9.107649525193613,360,0.83,3.0,7,45,1435
44.888888888888886,8.6,9.25,360,0.83,3.0,8,45,1436
168.33333333333331,9.3,9.392350474806387,360,0.88,2.0,9,45,1437
392.7777777777778,10.5,9.525,360,0.76,4.0,10,45,1438
471.33333333333337,10.9,9.638908729652602,360,0.69,6.0,11,45,1439
751.8888888888888,12.3,9.726313972081442,360,0.63,6.0,12,45,1440
650.8888888888889,12.1,9.781259204458989,360,0.66,7.0,13,45,1441
808.0,12.6,9.8,360,0.66,7.0,14,45,1442
426.44444444444446,11.9,9.781259204458989,360,0.67,6.0,15,45,1443
381.55555555555554,11.9,9.726313972081442,360,0.65,6.0,16,45,1444
123.44444444444446,11.2,9.638908729652602,360,0.7,5.0,17,45,1445
11.222222222222221,9.7,9.525,360,0.75,3.0,18,45,1446
0.0,7.0,9.392350474806387,360,0.91,2.0,19,45,1447
0.0,5.5,9.25,360,0.87,2.0,20,45,1448
0.0,5.2,9.107649525193613,360,0.94,1.0,21,45,1449
0.0,5.0,8.975,360,0.95,2.0,22,45,1450
0.0,5.7,8.861091270347398,360,0.97,2.0,23,45,1451
0.0,4.8,8.773686027918558,360,0.96,2.0,24,45,1452
0.0,5.2,7.823851921597653,360,0.96,2.0,1,46,1453
0.0,4.8,7.800000000000001,360,0.97,2.0,2,46,1454
0.0,5.1,7.823851921597653,360,0.97,2.0,3,46,1455
0.0,5.5,7.893782217350893,360,0.97,3.0,4,46,1456
0.0,4.1,8.005025253169416,360,0.98,2.0,5,46,1457
0.0,3.4,8.15,360,1.0,1.0,6,46,1458
0.0,3.9,8.318826668428235,360,1.0,2.0,7,46,1459
67.33333333333334,6.1,8.5,360,0.88,6.0,8,46,1460
370.33333333333337,7.6,8.681173331571765,360,0.82,5.0,9,46,1461
639.6666666666667,8.8,8.85,360,0.81,6.0,10,46,1462
763.1111111111111,11.4,8.994974746830582,360,0.77,6.0,11,46,1463
1054.888888888889,12.6,9.106217782649107,360,0.71,9.0,12,46,1464
942.6666666666667,12.9,9.176148078402347,360,0.7,11.0,13,46,1465
650.8888888888889,13.2,9.2,360,0.69,8.0,14,46,1466
437.6666666666667,13.4,9.176148078402347,360,0.7,10.0,15,46,1467
213.22222222222223,12.6,9.106217782649107,360,0.75,6.0,16,46,1468
112.22222222222223,12.2,8.994974746830582,360,0.77,6.0,17,46,1469
0.0,11.8,8.85,360,0.77,6.0,18,46,1470
0.0,12.0,8.681173331571765,360,0.74,8.0,19,46,1471
0.0,11.7,8.5,360,0.78,9.0,20,46,1472
0.0,11.2,8.318826668428235,360,0.79,6.0,21,46,1473
0.0,11.5,8.15,360,0.79,8.0,22,46,1474
0.0,11.1,8.005025253169418,360,0.81,8.0,23,46,1475
0.0,10.8,7.893782217350893,360,0.82,6.0,24,46,1476
0.0,11.3,9.022148212912105,360,0.74,8.0,1,47,1477
0.0,11.5,9.0,360,0.69,9.0,2,47,1478
0.0,11.3,9.022148212912105,360,0.7,9.0,3,47,1479
0.0,11.0,9.087083487540115,360,0.71,9.0,4,47,1480
0.0,10.6,9.190380592228744,360,0.73,10.0,5,47,1481
0.0,9.8,9.325,360,0.77,10.0,6,47,1482
0.0,9.8,9.481767620683362,360,0.78,8.0,7,47,1483
101.0,10.4,9.65,360,0.77,10.0,8,47,1484
291.77777777777777,11.2,9.818232379316639,360,0.76,10.0,9,47,1485
561.1111111111111,12.7,9.975000000000001,360,0.72,12.0,10,47,1486
942.6666666666667,14.2,10.109619407771257,360,0.7,12.0,11,47,1487
987.5555555555557,15.5,10.212916512459886,360,0.63,10.0,12,47,1488
796.7777777777777,15.8,10.277851787087895,360,0.66,10.0,13,47,1489
931.4444444444445,16.8,10.3,360,0.6,12.0,14,47,1490
549.8888888888889,16.0,10.277851787087895,360,0.62,11.0,15,47,1491
213.22222222222223,15.8,10.212916512459886,360,0.63,9.0,16,47,1492
78.55555555555554,15.7,10.109619407771257,360,0.6,11.0,17,47,1493
0.0,15.4,9.975000000000001,360,0.7,14.0,18,47,1494
0.0,15.8,9.818232379316639,360,0.64,11.0,19,47,1495
0.0,15.3,9.65,360,0.63,10.0,20,47,1496
0.0,15.3,9.481767620683362,360,0.63,9.0,21,47,1497
0.0,9.9,9.325000000000001,360,0.94,12.0,22,47,1498
0.0,9.5,9.190380592228744,360,0.96,8.0,23,47,1499
0.0,9.6,9.087083487540115,360,0.96,8.0,24,47,1500
0.0,9.6,9.70511112605664,360,0.94,5.0,1,48,1501
0.0,9.3,9.7,360,0.96,5.0,2,48,1502
0.0,9.0,9.70511112605664,360,0.96,6.0,3,48,1503
0.0,8.8,9.720096189432333,360,0.97,7.0,4,48,1504
0.0,8.5,9.743933982822018,360,0.98,6.0,5,48,1505
0.0,8.2,9.774999999999999,360,0.88,8.0,6,48,1506
0.0,7.9,9.811177143234621,360,0.88,7.0,7,48,1507
11.222222222222221,7.4,9.85,360,0.87,10.0,8,48,1508
78.55555555555554,7.9,9.888822856765378,360,0.85,6.0,9,48,1509
190.77777777777777,8.2,9.925,360,0.92,8.0,10,48,1510
583.5555555555555,10.2,9.956066017177982,360,0.79,8.0,11,48,1511
1010.0,11.1,9.979903810567667,360,0.75,11.0,12,48,1512
650.8888888888889,11.0,9.99488887394336,360,0.77,12.0,13,48,1513
796.7777777777777,9.5,10.0,360,0.75,11.0,14,48,1514
673.3333333333333,10.3,9.99488887394336,360,0.7,11.0,15,48,1515
572.3333333333333,10.5,9.979903810567667,360,0.69,10.0,16,48,1516
134.66666666666669,9.1,9.956066017177982,360,0.74,8.0,17,48,1517
11.222222222222221,7.9,9.925,360,0.77,6.0,18,48,1518
0.0,7.1,9.888822856765378,360,0.8,6.0,19,48,1519
0.0,6.4,9.85,360,0.84,6.0,20,48,1520
0.0,5.7,9.811177143234621,360,0.88,5.0,21,48,1521
0.0,5.4,9.775,360,0.88,4.0,22,48,1522
0.0,5.1,9.743933982822018,360,0.89,5.0,23,48,1523
0.0,4.8,9.720096189432333,360,0.9,4.0,24,48,1524
0.0,4.4,8.117037086855465,360,0.91,4.0,1,49,1525
0.0,4.3,8.1,360,0.94,4.0,2,49,1526
0.0,3.5,8.117037086855465,360,0.95,4.0,3,49,1527
0.0,3.5,8.166987298107781,360,0.95,3.0,4,49,1528
0.0,3.6,8.246446609406725,360,0.96,5.0,5,49,1529
0.0,3.9,8.35,360,0.95,4.0,6,49,1530
0.0,3.5,8.47059047744874,360,0.96,3.0,7,49,1531
89.77777777777777,4.1,8.6,360,0.98,3.0,8,49,1532
381.55555555555554,6.1,8.72940952255126,360,0.91,4.0,9,49,1533
650.8888888888889,8.0,8.85,360,0.85,5.0,10,49,1534
695.7777777777778,9.6,8.953553390593273,360,0.77,6.0,11,49,1535
819.2222222222222,11.0,9.033012701892218,360,0.69,8.0,12,49,1536
684.5555555555557,10.1,9.082962913144534,360,0.79,7.0,13,49,1537
808.0,10.9,9.1,360,0.74,8.0,14,49,1538
819.2222222222222,10.7,9.082962913144534,360,0.66,8.0,15,49,1539
325.44444444444446,10.1,9.033012701892218,360,0.65,7.0,16,49,1540
168.33333333333331,9.3,8.953553390593273,360,0.71,6.0,17,49,1541
22.444444444444443,7.7,8.85,360,0.8,6.0,18,49,1542
0.0,7.4,8.72940952255126,360,0.83,5.0,19,49,1543
0.0,6.9,8.6,360,0.88,6.0,20,49,1544
0.0,6.6,8.47059047744874,360,0.88,6.0,21,49,1545
0.0,6.7,8.35,360,0.92,6.0,22,49,1546
0.0,6.8,8.246446609406727,360,0.91,6.0,23,49,1547
0.0,6.8,8.166987298107781,360,0.92,6.0,24,49,1548
0.0,7.4,8.617037086855465,360,0.92,6.0,1,50,1549
0.0,7.6,8.6,360,0.93,8.0,2,50,1550
0.0,7.6,8.617037086855465,360,0.94,9.0,3,50,1551
0.0,7.4,8.666987298107781,360,0.95,6.0,4,50,1552
0.0,7.7,8.746446609406725,360,0.98,6.0,5,50,1553
0.0,8.1,8.85,360,0.96,7.0,6,50,1554
0.0,7.9,8.97059047744874,360,0.94,6.0,7,50,1555
44.888888888888886,8.1,9.1,360,0.94,5.0,8,50,1556
246.8888888888889,8.9,9.22940952255126,360,0.94,4.0,9,50,1557
392.7777777777778,9.2,9.35,360,0.88,5.0,10,50,1558
269.33333333333337,9.7,9.453553390593273,360,0.86,6.0,11,50,1559
729.4444444444443,10.5,9.533012701892218,360,0.82,6.0,12,50,1560
392.7777777777778,10.4,9.582962913144534,360,0.84,6.0,13,50,1561
505.0,10.2,9.6,360,0.84,7.0,14,50,1562
493.7777777777778,10.8,9.582962913144534,360,0.81,6.0,15,50,1563
314.2222222222222,10.7,9.533012701892218,360,0.77,7.0,16,50,1564
123.44444444444446,10.0,9.453553390593273,360,0.8,6.0,17,50,1565
11.222222222222221,9.2,9.35,360,0.8,4.0,18,50,1566
0.0,8.2,9.22940952255126,360,0.88,4.0,19,50,1567
0.0,8.4,9.1,360,0.9,4.0,20,50,1568
0.0,8.1,8.97059047744874,360,0.91,4.0,21,50,1569
0.0,7.5,8.85,360,0.92,4.0,22,50,1570
0.0,6.4,8.746446609406727,360,0.96,4.0,23,50,1571
0.0,6.6,8.666987298107781,360,0.98,4.0,24,50,1572
0.0,7.2,8.813629669484373,360,0.97,5.0,1,51,1573
0.0,7.2,8.8,360,0.97,4.0,2,51,1574
0.0,7.2,8.813629669484373,360,0.98,4.0,3,51,1575
0.0,6.8,8.853589838486224,360,0.99,4.0,4,51,1576
0.0,7.1,8.91715728752538,360,0.98,5.0,5,51,1577
0.0,7.5,9.0,360,0.96,5.0,6,51,1578
0.0,7.0,9.096472381958991,360,0.96,7.0,7,51,1579
123.44444444444446,7.1,9.2,360,0.94,8.0,8,51,1580
460.11111111111114,8.3,9.303527618041008,360,0.9,6.0,9,51,1581
650.8888888888889,9.2,9.399999999999999,360,0.84,8.0,10,51,1582
852.8888888888889,9.8,9.482842712474618,360,0.79,8.0,11,51,1583
583.5555555555555,10.3,9.546410161513775,360,0.76,10.0,12,51,1584
673.3333333333333,11.2,9.586370330515626,360,0.74,10.0,13,51,1585
628.4444444444443,12.0,9.599999999999998,360,0.67,10.0,14,51,1586
269.33333333333337,11.2,9.586370330515626,360,0.7,10.0,15,51,1587
303.0,11.0,9.546410161513775,360,0.74,10.0,16,51,1588
44.888888888888886,10.0,9.482842712474618,360,0.86,11.0,17,51,1589
0.0,9.4,9.399999999999999,360,0.94,9.0,18,51,1590
0.0,9.4,9.303527618041008,360,0.99,7.0,19,51,1591
0.0,9.7,9.2,360,0.99,6.0,20,51,1592
0.0,8.1,9.096472381958991,360,0.77,7.0,21,51,1593
0.0,6.8,9.0,360,0.85,4.0,22,51,1594
0.0,6.3,8.91715728752538,360,0.87,2.0,23,51,1595
0.0,4.5,8.853589838486224,360,0.9,2.0,24,51,1596
0.0,3.5,7.623851921597653,360,0.99,1.0,1,52,1597
0.0,2.2,7.6000000000000005,360,0.99,1.0,2,52,1598
0.0,1.9,7.623851921597653,360,0.99,1.0,3,52,1599
0.0,0.8,7.693782217350893,360,0.99,1.0,4,52,1600
0.0,0.4,7.805025253169417,360,0.99,1.0,5,52,1601
0.0,0.3,7.95,360,0.99,1.0,6,52,1602
0.0,0.5,8.118826668428236,360,0.99,1.0,7,52,1603
179.55555555555554,1.1,8.3,360,0.99,1.0,8,52,1604
437.6666666666667,6.5,8.481173331571766,360,0.92,1.0,9,52,1605
684.5555555555557,7.5,8.65,360,0.7,2.0,10,52,1606
1010.0,9.7,8.794974746830585,360,0.62,2.0,11,52,1607
1088.5555555555557,9.6,8.906217782649108,360,0.55,2.0,12,52,1608
1010.0,10.7,8.976148078402348,360,0.56,3.0,13,52,1609
1088.5555555555557,10.8,9.0,360,0.49,3.0,14,52,1610
763.1111111111111,10.7,8.976148078402348,360,0.5,3.0,15,52,1611
415.2222222222223,9.4,8.906217782649108,360,0.59,3.0,16,52,1612
145.88888888888889,8.3,8.794974746830585,360,0.64,2.0,17,52,1613
22.444444444444443,7.1,8.65,360,0.71,1.0,18,52,1614
0.0,5.8,8.481173331571766,360,0.84,1.0,19,52,1615
0.0,4.3,8.3,360,0.89,1.0,20,52,1616
0.0,3.5,8.118826668428236,360,0.87,1.0,21,52,1617
0.0,2.6,7.950000000000001,360,0.93,1.0,22,52,1618
0.0,1.1,7.8050252531694175,360,0.96,1.0,23,52,1619
0.0,1.5,7.693782217350893,360,0.97,2.0,24,52,1620
0.0,1.4,6.930666756339839,360,0.96,1.0,1,53,1621
0.0,-0.1,6.9,360,0.94,1.0,2,53,1622
0.0,1.3,6.930666756339839,360,0.97,1.0,3,53,1623
0.0,0.8,7.020577136594006,360,0.97,2.0,4,53,1624
0.0,2.7,7.163603896932107,360,0.88,2.0,5,53,1625
0.0,0.9,7.35,360,0.93,2.0,6,53,1626
0.0,2.9,7.567062859407732,360,0.85,3.0,7,53,1627
168.33333333333331,5.1,7.8,360,0.79,6.0,8,53,1628
392.7777777777778,5.9,8.032937140592269,360,0.83,5.0,9,53,1629
684.5555555555557,7.9,8.25,360,0.74,5.0,10,53,1630
953.8888888888889,10.2,8.436396103067892,360,0.74,6.0,11,53,1631
1167.111111111111,11.1,8.579422863405995,360,0.72,7.0,12,53,1632
1212.0,11.8,8.66933324366016,360,0.72,7.0,13,53,1633
1088.5555555555557,12.5,8.7,360,0.72,8.0,14,53,1634
909.0,12.6,8.66933324366016,360,0.71,8.0,15,53,1635
482.5555555555556,11.9,8.579422863405995,360,0.72,8.0,16,53,1636
246.8888888888889,10.4,8.436396103067892,360,0.76,8.0,17,53,1637
11.222222222222221,9.8,8.25,360,0.78,5.0,18,53,1638
0.0,9.3,8.032937140592269,360,0.82,6.0,19,53,1639
0.0,9.2,7.8,360,0.82,5.0,20,53,1640
0.0,8.3,7.567062859407732,360,0.85,4.0,21,53,1641
0.0,8.6,7.3500000000000005,360,0.85,5.0,22,53,1642
0.0,8.5,7.163603896932107,360,0.86,4.0,23,53,1643
0.0,8.4,7.020577136594006,360,0.87,5.0,24,53,1644
0.0,8.6,8.515333378169919,360,0.86,6.0,1,54,1645
0.0,8.5,8.5,360,0.87,6.0,2,54,1646
0.0,8.4,8.515333378169919,360,0.88,6.0,3,54,1647
0.0,8.4,8.560288568297002,360,0.88,6.0,4,54,1648
0.0,8.0,8.631801948466052,360,0.9,8.0,5,54,1649
0.0,8.1,8.725,360,0.9,7.0,6,54,1650
11.222222222222221,8.2,8.833531429703864,360,0.9,6.0,7,54,1651
78.55555555555554,8.6,8.95,360,0.89,8.0,8,54,1652
303.0,9.6,9.066468570296134,360,0.85,10.0,9,54,1653
673.3333333333333,10.1,9.174999999999999,360,0.82,10.0,10,54,1654
650.8888888888889,10.4,9.268198051533945,360,0.84,11.0,11,54,1655
415.2222222222223,10.7,9.339711431702996,360,0.85,9.0,12,54,1656
303.0,11.0,9.38466662183008,360,0.86,8.0,13,54,1657
314.2222222222222,11.1,9.399999999999999,360,0.85,9.0,14,54,1658
179.55555555555554,10.7,9.38466662183008,360,0.88,8.0,15,54,1659
134.66666666666669,10.4,9.339711431702996,360,0.9,8.0,16,54,1660
67.33333333333334,9.9,9.268198051533945,360,0.96,7.0,17,54,1661
22.444444444444443,9.7,9.174999999999999,360,0.98,6.0,18,54,1662
0.0,9.6,9.066468570296134,360,0.98,6.0,19,54,1663
0.0,9.4,8.95,360,0.99,6.0,20,54,1664
0.0,9.4,8.833531429703864,360,0.99,6.0,21,54,1665
0.0,9.3,8.725,360,0.99,6.0,22,54,1666
0.0,9.3,8.631801948466054,360,0.99,5.0,23,54,1667
0.0,9.1,8.560288568297002,360,0.98,6.0,24,54,1668
0.0,9.1,9.208518543427733,360,0.98,6.0,1,55,1669
0.0,8.9,9.2,360,0.98,6.0,2,55,1670
0.0,8.7,9.208518543427733,360,0.99,6.0,3,55,1671
0.0,8.6,9.233493649053889,360,0.99,7.0,4,55,1672
0.0,8.3,9.273223304703363,360,0.99,6.0,5,55,1673
0.0,8.3,9.325,360,0.99,6.0,6,55,1674
0.0,8.2,9.38529523872437,360,0.99,5.0,7,55,1675
56.111111111111114,8.3,9.45,360,0.99,6.0,8,55,1676
246.8888888888889,9.0,9.51470476127563,360,0.95,7.0,9,55,1677
258.11111111111114,8.5,9.575,360,0.97,8.0,10,55,1678
235.66666666666669,8.8,9.626776695296636,360,0.96,8.0,11,55,1679
258.11111111111114,8.8,9.66650635094611,360,0.96,9.0,12,55,1680
303.0,8.7,9.691481456572266,360,0.9,10.0,13,55,1681
538.6666666666667,9.8,9.7,360,0.82,10.0,14,55,1682
505.0,9.8,9.691481456572266,360,0.8,8.0,15,55,1683
336.66666666666663,9.6,9.66650635094611,360,0.79,9.0,16,55,1684
78.55555555555554,9.1,9.626776695296636,360,0.82,8.0,17,55,1685
11.222222222222221,8.5,9.575,360,0.84,10.0,18,55,1686
0.0,8.4,9.51470476127563,360,0.85,10.0,19,55,1687
0.0,8.6,9.45,360,0.85,7.0,20,55,1688
0.0,8.5,9.38529523872437,360,0.88,7.0,21,55,1689
0.0,8.5,9.325,360,0.89,7.0,22,55,1690
0.0,8.7,9.273223304703363,360,0.86,7.0,23,55,1691
0.0,8.7,9.233493649053889,360,0.89,9.0,24,55,1692
0.0,8.1,9.311925960798828,360,0.97,8.0,1,56,1693
0.0,8.4,9.3,360,0.97,8.0,2,56,1694
0.0,8.5,9.311925960798828,360,0.95,8.0,3,56,1695
0.0,8.5,9.346891108675447,360,0.99,8.0,4,56,1696
0.0,9.1,9.40251262658471,360,0.99,8.0,5,56,1697
0.0,9.6,9.475,360,0.99,8.0,6,56,1698
0.0,10.0,9.559413334214119,360,0.98,8.0,7,56,1699
44.888888888888886,10.2,9.65,360,0.97,8.0,8,56,1700
359.1111111111111,10.3,9.740586665785882,360,0.87,7.0,9,56,1701
538.6666666666667,10.5,9.825000000000001,360,0.82,9.0,10,56,1702
258.11111111111114,9.5,9.897487373415292,360,0.88,8.0,11,56,1703
538.6666666666667,10.7,9.953108891324554,360,0.76,8.0,12,56,1704
808.0,10.6,9.988074039201173,360,0.72,10.0,13,56,1705
673.3333333333333,11.1,10.0,360,0.67,10.0,14,56,1706
460.11111111111114,10.5,9.988074039201173,360,0.7,11.0,15,56,1707
347.8888888888889,8.9,9.953108891324554,360,0.82,11.0,16,56,1708
213.22222222222223,8.6,9.897487373415292,360,0.8,10.0,17,56,1709
33.66666666666667,7.9,9.825000000000001,360,0.75,10.0,18,56,1710
0.0,8.0,9.740586665785882,360,0.82,10.0,19,56,1711
0.0,7.3,9.65,360,0.87,9.0,20,56,1712
0.0,6.9,9.559413334214119,360,0.83,10.0,21,56,1713
0.0,6.4,9.475000000000001,360,0.86,7.0,22,56,1714
0.0,5.4,9.40251262658471,360,0.9,6.0,23,56,1715
0.0,5.3,9.346891108675447,360,0.85,6.0,24,56,1716
0.0,5.6,8.313629669484373,360,0.83,8.0,1,57,1717
0.0,4.6,8.3,360,0.88,13.0,2,57,1718
0.0,5.0,8.313629669484373,360,0.89,8.0,3,57,1719
0.0,5.1,8.353589838486224,360,0.78,8.0,4,57,1720
0.0,4.9,8.41715728752538,360,0.75,7.0,5,57,1721
0.0,4.2,8.5,360,0.83,6.0,6,57,1722
11.222222222222221,3.7,8.596472381958991,360,0.85,8.0,7,57,1723
134.66666666666669,5.0,8.7,360,0.71,7.0,8,57,1724
516.2222222222223,6.2,8.803527618041008,360,0.67,8.0,9,57,1725
830.4444444444446,7.2,8.899999999999999,360,0.59,10.0,10,57,1726
1021.2222222222222,7.5,8.982842712474618,360,0.55,10.0,11,57,1727
1155.888888888889,8.8,9.046410161513775,360,0.53,9.0,12,57,1728
1032.4444444444446,8.9,9.086370330515626,360,0.5,10.0,13,57,1729
998.7777777777778,9.6,9.099999999999998,360,0.5,8.0,14,57,1730
920.2222222222223,9.1,9.086370330515626,360,0.47,9.0,15,57,1731
404.0,8.6,9.046410161513775,360,0.53,8.0,16,57,1732
224.44444444444446,7.8,8.982842712474618,360,0.54,6.0,17,57,1733
22.444444444444443,5.8,8.899999999999999,360,0.67,7.0,18,57,1734
0.0,4.9,8.803527618041008,360,0.81,4.0,19,57,1735
0.0,4.8,8.7,360,0.83,4.0,20,57,1736
0.0,5.1,8.596472381958991,360,0.83,4.0,21,57,1737
0.0,5.3,8.5,360,0.85,4.0,22,57,1738
0.0,5.3,8.41715728752538,360,0.89,4.0,23,57,1739
0.0,5.4,8.353589838486224,360,0.89,5.0,24,57,1740
0.0,5.5,8.22044450422656,360,0.93,6.0,1,58,1741
0.0,5.6,8.2,360,0.96,6.0,2,58,1742
0.0,5.7,8.22044450422656,360,0.98,7.0,3,58,1743
0.0,6.0,8.280384757729337,360,0.98,9.0,4,58,1744
0.0,6.3,8.375735931288071,360,0.98,10.0,5,58,1745
0.0,7.2,8.5,360,0.98,12.0,6,58,1746
0.0,7.9,8.644708572938487,360,0.99,12.0,7,58,1747
33.66666666666667,9.2,8.8,360,0.99,10.0,8,58,1748
123.44444444444446,11.2,8.955291427061514,360,0.97,12.0,9,58,1749
168.33333333333331,11.4,9.100000000000001,360,0.97,14.0,10,58,1750
336.66666666666663,11.7,9.22426406871193,360,0.95,15.0,11,58,1751
448.8888888888889,11.9,9.319615242270665,360,0.91,15.0,12,58,1752
830.4444444444446,13.5,9.379555495773442,360,0.7,12.0,13,58,1753
740.6666666666667,12.5,9.400000000000002,360,0.7,10.0,14,58,1754
538.6666666666667,11.9,9.379555495773442,360,0.62,12.0,15,58,1755
303.0,10.6,9.319615242270665,360,0.61,10.0,16,58,1756
347.8888888888889,9.4,9.22426406871193,360,0.64,10.0,17,58,1757
44.888888888888886,7.9,9.100000000000001,360,0.68,7.0,18,58,1758
0.0,6.8,8.955291427061514,360,0.73,2.0,19,58,1759
0.0,3.8,8.8,360,0.86,1.0,20,58,1760
0.0,3.0,8.644708572938487,360,0.94,1.0,21,58,1761
0.0,5.0,8.5,360,0.81,1.0,22,58,1762
0.0,1.5,8.375735931288071,360,0.95,1.0,23,58,1763
0.0,0.5,8.280384757729337,360,0.97,1.0,24,58,1764
0.0,0.5,7.522148212912105,360,0.98,2.0,1,59,1765
0.0,-0.1,7.5,360,0.99,2.0,2,59,1766
0.0,0.8,7.522148212912105,360,0.99,1.0,3,59,1767
0.0,2.3,7.587083487540115,360,0.94,2.0,4,59,1768
0.0,4.1,7.690380592228744,360,0.86,4.0,5,59,1769
0.0,4.8,7.825,360,0.83,5.0,6,59,1770
0.0,5.3,7.981767620683362,360,0.8,6.0,7,59,1771
78.55555555555554,5.4,8.15,360,0.83,8.0,8,59,1772
303.0,5.5,8.318232379316639,360,0.95,9.0,9,59,1773
314.2222222222222,6.6,8.475000000000001,360,0.96,8.0,10,59,1774
269.33333333333337,7.5,8.609619407771257,360,0.98,9.0,11,59,1775
404.0,8.7,8.712916512459886,360,0.95,8.0,12,59,1776
190.77777777777777,9.2,8.777851787087895,360,0.98,8.0,13,59,1777
235.66666666666669,10.2,8.8,360,0.96,6.0,14,59,1778
168.33333333333331,10.5,8.777851787087895,360,0.97,6.0,15,59,1779
112.22222222222223,11.3,8.712916512459886,360,0.93,7.0,16,59,1780
67.33333333333334,11.0,8.609619407771257,360,0.94,7.0,17,59,1781
11.222222222222221,10.7,8.475000000000001,360,0.96,7.0,18,59,1782
0.0,10.7,8.318232379316639,360,0.95,8.0,19,59,1783
0.0,10.5,8.15,360,0.94,8.0,20,59,1784
0.0,10.0,7.981767620683362,360,0.95,6.0,21,59,1785
0.0,9.2,7.825,360,0.96,6.0,22,59,1786
0.0,9.1,7.6903805922287445,360,0.95,8.0,23,59,1787
0.0,9.1,7.587083487540115,360,0.96,9.0,24,59,1788
0.0,9.1,8.513629669484374,360,0.95,10.0,1,60,1789
0.0,8.9,8.5,360,0.93,9.0,2,60,1790
0.0,9.3,8.513629669484372,360,0.87,10.0,3,60,1791
0.0,9.1,8.553589838486225,360,0.87,12.0,4,60,1792
0.0,9.3,8.61715728752538,360,0.84,12.0,5,60,1793
0.0,9.7,8.7,360,0.83,14.0,6,60,1794
0.0,10.8,8.796472381958992,360,0.76,11.0,7,60,1795
33.66666666666667,10.5,8.9,360,0.82,11.0,8,60,1796
44.888888888888886,9.8,9.003527618041009,360,0.91,14.0,9,60,1797
426.44444444444446,12.1,9.100000000000001,360,0.84,14.0,10,60,1798
392.7777777777778,10.5,9.182842712474619,360,0.84,17.0,11,60,1799
650.8888888888889,10.6,9.246410161513776,360,0.74,14.0,12,60,1800
617.2222222222222,9.9,9.286370330515629,360,0.8,10.0,13,60,1801
561.1111111111111,10.0,9.3,360,0.73,11.0,14,60,1802
583.5555555555555,9.6,9.286370330515629,360,0.71,11.0,15,60,1803
460.11111111111114,9.9,9.246410161513776,360,0.74,11.0,16,60,1804
179.55555555555554,9.3,9.182842712474619,360,0.7,12.0,17,60,1805
22.444444444444443,7.3,9.100000000000001,360,0.83,12.0,18,60,1806
0.0,7.2,9.003527618041009,360,0.84,8.0,19,60,1807
0.0,7.3,8.9,360,0.87,8.0,20,60,1808
0.0,6.8,8.796472381958992,360,0.89,7.0,21,60,1809
0.0,6.9,8.700000000000001,360,0.9,8.0,22,60,1810
0.0,7.2,8.617157287525382,360,0.9,8.0,23,60,1811
0.0,7.6,8.553589838486225,360,0.87,8.0,24,60,1812
0.0,7.4,8.408518543427734,360,0.82,9.0,1,61,1813
0.0,6.5,8.4,360,0.83,10.0,2,61,1814
0.0,7.2,8.408518543427734,360,0.89,8.0,3,61,1815
0.0,6.5,8.43349364905389,360,0.94,6.0,4,61,1816
0.0,6.7,8.473223304703364,360,0.96,8.0,5,61,1817
0.0,6.5,8.525,360,0.95,7.0,6,61,1818
11.222222222222221,7.1,8.58529523872437,360,0.95,8.0,7,61,1819
33.66666666666667,7.4,8.65,360,0.97,8.0,8,61,1820
78.55555555555554,8.1,8.71470476127563,360,0.95,12.0,9,61,1821
101.0,8.4,8.775,360,0.94,12.0,10,61,1822
224.44444444444446,9.5,8.826776695296637,360,0.87,14.0,11,61,1823
336.66666666666663,9.2,8.86650635094611,360,0.78,16.0,12,61,1824
897.7777777777778,9.6,8.891481456572267,360,0.68,18.0,13,61,1825
628.4444444444443,8.0,8.9,360,0.76,13.0,14,61,1826
426.44444444444446,8.1,8.891481456572267,360,0.81,10.0,15,61,1827
280.55555555555554,7.7,8.86650635094611,360,0.88,8.0,16,61,1828
202.0,7.7,8.826776695296637,360,0.84,8.0,17,61,1829
44.888888888888886,7.6,8.775,360,0.85,6.0,18,61,1830
0.0,6.7,8.71470476127563,360,0.93,5.0,19,61,1831
0.0,7.2,8.65,360,0.92,6.0,20,61,1832
0.0,7.4,8.58529523872437,360,0.91,6.0,21,61,1833
0.0,7.3,8.525,360,0.92,6.0,22,61,1834
0.0,7.5,8.473223304703364,360,0.91,8.0,23,61,1835
0.0,7.8,8.43349364905389,360,0.92,9.0,24,61,1836
0.0,8.1,8.411925960798827,360,0.91,12.0,1,62,1837
0.0,7.6,8.4,360,0.96,9.0,2,62,1838
0.0,7.6,8.411925960798827,360,0.97,8.0,3,62,1839
0.0,7.6,8.446891108675446,360,0.96,10.0,4,62,1840
0.0,7.4,8.502512626584709,360,0.98,8.0,5,62,1841
0.0,7.2,8.575,360,0.99,3.0,6,62,1842
0.0,7.1,8.659413334214118,360,0.99,3.0,7,62,1843
22.444444444444443,6.9,8.75,360,0.91,8.0,8,62,1844
89.77777777777777,6.8,8.840586665785882,360,0.89,9.0,9,62,1845
347.8888888888889,7.8,8.925,360,0.9,7.0,10,62,1846
931.4444444444445,9.5,8.997487373415291,360,0.74,9.0,11,62,1847
650.8888888888889,8.5,9.053108891324554,360,0.81,10.0,12,62,1848
830.4444444444446,9.9,9.088074039201173,360,0.67,12.0,13,62,1849
662.1111111111112,7.0,9.1,360,0.81,11.0,14,62,1850
673.3333333333333,6.6,9.088074039201173,360,0.84,13.0,15,62,1851
314.2222222222222,8.1,9.053108891324554,360,0.74,7.0,16,62,1852
179.55555555555554,7.1,8.997487373415291,360,0.73,9.0,17,62,1853
33.66666666666667,6.1,8.925,360,0.76,9.0,18,62,1854
0.0,5.4,8.840586665785882,360,0.78,7.0,19,62,1855
0.0,4.2,8.75,360,0.9,6.0,20,62,1856
0.0,3.7,8.659413334214118,360,0.93,5.0,21,62,1857
0.0,3.4,8.575000000000001,360,0.91,4.0,22,62,1858
0.0,3.3,8.502512626584709,360,0.89,5.0,23,62,1859
0.0,3.4,8.446891108675446,360,0.88,6.0,24,62,1860
0.0,2.8,7.510222252113279,360,0.91,6.0,1,63,1861
0.0,3.0,7.5,360,0.92,4.0,2,63,1862
0.0,3.3,7.510222252113279,360,0.92,6.0,3,63,1863
0.0,3.3,7.540192378864669,360,0.92,4.0,4,63,1864
0.0,3.1,7.587867965644036,360,0.93,4.0,5,63,1865
0.0,3.3,7.6499999999999995,360,0.96,5.0,6,63,1866
11.222222222222221,3.9,7.722354286469244,360,0.96,6.0,7,63,1867
33.66666666666667,4.4,7.8,360,0.97,6.0,8,63,1868
78.55555555555554,4.8,7.877645713530756,360,0.97,6.0,9,63,1869
134.66666666666669,5.1,7.95,360,0.97,4.0,10,63,1870
123.44444444444446,5.2,8.012132034355965,360,0.97,4.0,11,63,1871
235.66666666666669,5.3,8.059807621135331,360,0.9,5.0,12,63,1872
392.7777777777778,5.6,8.08977774788672,360,0.86,4.0,13,63,1873
303.0,5.5,8.1,360,0.89,3.0,14,63,1874
370.33333333333337,5.8,8.08977774788672,360,0.91,4.0,15,63,1875
291.77777777777777,6.3,8.059807621135331,360,0.88,6.0,16,63,1876
213.22222222222223,6.2,8.012132034355965,360,0.84,6.0,17,63,1877
67.33333333333334,5.2,7.95,360,0.86,4.0,18,63,1878
0.0,3.4,7.877645713530756,360,0.96,2.0,19,63,1879
0.0,4.1,7.8,360,0.95,4.0,20,63,1880
0.0,3.5,7.722354286469244,360,0.96,3.0,21,63,1881
0.0,3.1,7.65,360,0.97,4.0,22,63,1882
0.0,3.0,7.587867965644036,360,0.98,4.0,23,63,1883
0.0,3.2,7.540192378864669,360,0.99,4.0,24,63,1884
0.0,3.3,7.328963047654292,360,0.99,4.0,1,64,1885
0.0,3.8,7.300000000000001,360,0.98,4.0,2,64,1886
0.0,3.8,7.328963047654292,360,0.98,4.0,3,64,1887
0.0,3.7,7.413878406783227,360,0.97,4.0,4,64,1888
0.0,4.1,7.548959235991434,360,0.96,4.0,5,64,1889
0.0,4.1,7.725,360,0.94,4.0,6,64,1890
11.222222222222221,4.1,7.930003811662858,360,0.95,5.0,7,64,1891
33.66666666666667,4.5,8.15,360,0.97,6.0,8,64,1892
157.1111111111111,5.0,8.369996188337144,360,0.93,7.0,9,64,1893
258.11111111111114,5.6,8.575000000000001,360,0.94,8.0,10,64,1894
426.44444444444446,6.2,8.751040764008566,360,0.95,8.0,11,64,1895
325.44444444444446,6.5,8.886121593216773,360,0.96,8.0,12,64,1896
303.0,6.9,8.971036952345708,360,0.97,8.0,13,64,1897
190.77777777777777,7.6,9.0,360,0.99,8.0,14,64,1898
202.0,8.5,8.971036952345708,360,0.99,8.0,15,64,1899
157.1111111111111,10.1,8.886121593216773,360,0.98,7.0,16,64,1900
101.0,11.0,8.751040764008566,360,0.92,8.0,17,64,1901
22.444444444444443,10.8,8.575000000000001,360,0.94,6.0,18,64,1902
0.0,10.6,8.369996188337144,360,0.95,6.0,19,64,1903
0.0,10.3,8.15,360,0.97,5.0,20,64,1904
0.0,10.2,7.930003811662858,360,0.99,5.0,21,64,1905
0.0,10.1,7.7250000000000005,360,0.99,4.0,22,64,1906
0.0,10.1,7.548959235991435,360,0.99,5.0,23,64,1907
0.0,10.5,7.413878406783227,360,0.99,6.0,24,64,1908
0.0,11.6,8.130666756339838,360,0.99,7.0,1,65,1909
0.0,12.2,8.1,360,0.98,10.0,2,65,1910
0.0,12.1,8.130666756339838,360,0.98,10.0,3,65,1911
0.0,11.9,8.220577136594004,360,0.98,10.0,4,65,1912
0.0,12.2,8.363603896932107,360,0.98,11.0,5,65,1913
0.0,12.0,8.549999999999999,360,0.97,12.0,6,65,1914
0.0,12.2,8.767062859407732,360,0.97,14.0,7,65,1915
33.66666666666667,12.1,9.0,360,0.96,11.0,8,65,1916
67.33333333333334,11.1,9.232937140592268,360,0.91,12.0,9,65,1917
112.22222222222223,10.0,9.450000000000001,360,0.94,10.0,10,65,1918
123.44444444444446,10.4,9.636396103067893,360,0.9,10.0,11,65,1919
493.7777777777778,10.6,9.779422863405996,360,0.91,12.0,12,65,1920
572.3333333333333,11.4,9.869333243660162,360,0.87,19.0,13,65,1921
471.33333333333337,10.9,9.9,360,0.89,16.0,14,65,1922
404.0,10.0,9.869333243660162,360,0.81,17.0,15,65,1923
123.44444444444446,8.9,9.779422863405996,360,0.82,16.0,16,65,1924
56.111111111111114,8.5,9.636396103067893,360,0.83,13.0,17,65,1925
11.222222222222221,8.5,9.450000000000001,360,0.76,13.0,18,65,1926
0.0,8.2,9.232937140592268,360,0.77,12.0,19,65,1927
0.0,7.9,9.0,360,0.72,10.0,20,65,1928
0.0,7.2,8.767062859407732,360,0.75,9.0,21,65,1929
0.0,6.8,8.55,360,0.8,9.0,22,65,1930
0.0,5.5,8.363603896932107,360,0.8,7.0,23,65,1931
0.0,4.5,8.220577136594004,360,0.84,6.0,24,65,1932
0.0,4.3,8.305111126056639,360,0.85,4.0,1,66,1933
0.0,5.2,8.3,360,0.9,4.0,2,66,1934
0.0,4.6,8.305111126056639,360,0.91,4.0,3,66,1935
0.0,4.5,8.320096189432334,360,0.96,4.0,4,66,1936
0.0,5.1,8.343933982822017,360,0.97,4.0,5,66,1937
0.0,5.1,8.375,360,0.98,4.0,6,66,1938
0.0,5.6,8.411177143234621,360,0.99,6.0,7,66,1939
44.888888888888886,4.6,8.45,360,0.95,6.0,8,66,1940
112.22222222222223,5.1,8.488822856765378,360,0.94,3.0,9,66,1941
258.11111111111114,6.2,8.524999999999999,360,0.96,2.0,10,66,1942
325.44444444444446,6.1,8.556066017177981,360,0.97,4.0,11,66,1943
269.33333333333337,5.1,8.579903810567664,360,0.92,8.0,12,66,1944
246.8888888888889,5.6,8.59488887394336,360,0.88,9.0,13,66,1945
303.0,5.4,8.599999999999998,360,0.9,9.0,14,66,1946
415.2222222222223,6.2,8.59488887394336,360,0.86,6.0,15,66,1947
269.33333333333337,6.7,8.579903810567664,360,0.86,6.0,16,66,1948
89.77777777777777,6.2,8.556066017177981,360,0.9,6.0,17,66,1949
44.888888888888886,5.5,8.524999999999999,360,0.92,4.0,18,66,1950
0.0,4.7,8.488822856765378,360,0.92,2.0,19,66,1951
0.0,5.5,8.45,360,0.92,3.0,20,66,1952
0.0,5.0,8.411177143234621,360,0.92,4.0,21,66,1953
0.0,4.8,8.375,360,0.89,4.0,22,66,1954
0.0,4.0,8.343933982822017,360,0.94,4.0,23,66,1955
0.0,3.9,8.320096189432334,360,0.96,5.0,24,66,1956
0.0,4.4,7.334074173710932,360,0.93,4.0,1,67,1957
0.0,3.6,7.300000000000001,360,0.92,4.0,2,67,1958
0.0,2.3,7.334074173710932,360,0.96,3.0,3,67,1959
0.0,2.5,7.4339745962155614,360,0.93,3.0,4,67,1960
0.0,2.7,7.592893218813453,360,0.93,2.0,5,67,1961
0.0,3.2,7.8,360,0.93,3.0,6,67,1962
22.444444444444443,1.6,8.04118095489748,360,0.96,2.0,7,67,1963
269.33333333333337,3.5,8.3,360,0.94,3.0,8,67,1964
628.4444444444443,6.8,8.558819045102522,360,0.86,4.0,9,67,1965
875.3333333333334,8.9,8.8,360,0.76,4.0,10,67,1966
852.8888888888889,9.5,9.007106781186549,360,0.64,4.0,11,67,1967
1066.1111111111113,10.8,9.16602540378444,360,0.67,4.0,12,67,1968
1391.5555555555557,10.7,9.26592582628907,360,0.62,6.0,13,67,1969
1144.6666666666665,10.9,9.3,360,0.69,6.0,14,67,1970
549.8888888888889,10.3,9.26592582628907,360,0.7,6.0,15,67,1971
392.7777777777778,10.6,9.16602540378444,360,0.73,6.0,16,67,1972
179.55555555555554,10.4,9.007106781186549,360,0.76,4.0,17,67,1973
22.444444444444443,9.9,8.8,360,0.82,3.0,18,67,1974
0.0,9.7,8.558819045102522,360,0.86,4.0,19,67,1975
0.0,9.1,8.3,360,0.89,4.0,20,67,1976
0.0,8.4,8.04118095489748,360,0.92,4.0,21,67,1977
0.0,8.4,7.800000000000001,360,0.95,4.0,22,67,1978
0.0,8.4,7.592893218813453,360,0.97,4.0,23,67,1979
0.0,8.2,7.4339745962155614,360,0.99,6.0,24,67,1980
0.0,8.4,8.810222252113281,360,0.99,4.0,1,68,1981
0.0,8.4,8.8,360,0.98,6.0,2,68,1982
0.0,7.8,8.810222252113281,360,0.99,6.0,3,68,1983
0.0,8.1,8.84019237886467,360,0.97,6.0,4,68,1984
0.0,7.9,8.887867965644038,360,0.97,8.0,5,68,1985
0.0,7.8,8.950000000000001,360,0.98,8.0,6,68,1986
22.444444444444443,7.8,9.022354286469245,360,0.98,8.0,7,68,1987
112.22222222222223,8.4,9.100000000000001,360,0.96,8.0,8,68,1988
381.55555555555554,8.9,9.177645713530758,360,0.92,10.0,9,68,1989
291.77777777777777,9.5,9.250000000000002,360,0.89,9.0,10,68,1990
269.33333333333337,9.1,9.312132034355965,360,0.89,12.0,11,68,1991
280.55555555555554,9.4,9.359807621135333,360,0.93,9.0,12,68,1992
258.11111111111114,9.3,9.389777747886722,360,0.98,10.0,13,68,1993
190.77777777777777,9.6,9.400000000000002,360,0.97,10.0,14,68,1994
157.1111111111111,10.1,9.389777747886722,360,0.96,10.0,15,68,1995
134.66666666666669,9.3,9.359807621135333,360,0.93,9.0,16,68,1996
280.55555555555554,10.8,9.312132034355965,360,0.84,9.0,17,68,1997
67.33333333333334,9.8,9.250000000000002,360,0.87,7.0,18,68,1998
0.0,8.7,9.177645713530758,360,0.89,10.0,19,68,1999
0.0,8.8,9.100000000000001,360,0.94,6.0,20,68,2000
0.0,8.1,9.022354286469245,360,0.83,8.0,21,68,2001
0.0,6.4,8.950000000000001,360,0.88,6.0,22,68,2002
0.0,6.0,8.887867965644038,360,0.93,5.0,23,68,2003
0.0,6.3,8.84019237886467,360,0.95,5.0,24,68,2004
0.0,6.0,8.225555630283198,360,0.93,5.0,1,69,2005
0.0,5.8,8.2,360,0.95,5.0,2,69,2006
0.0,5.3,8.225555630283198,360,0.97,5.0,3,69,2007
0.0,5.1,8.30048094716167,360,0.97,5.0,4,69,2008
0.0,4.7,8.419669914110088,360,0.97,4.0,5,69,2009
0.0,4.3,8.575,360,0.96,5.0,6,69,2010
33.66666666666667,4.4,8.75588571617311,360,0.95,4.0,7,69,2011
314.2222222222222,6.0,8.95,360,0.93,5.0,8,69,2012
650.8888888888889,8.4,9.14411428382689,360,0.77,6.0,9,69,2013
953.8888888888889,10.0,9.325,360,0.7,6.0,10,69,2014
987.5555555555557,10.5,9.48033008588991,360,0.63,7.0,11,69,2015
1301.7777777777778,11.5,9.599519052838328,360,0.57,8.0,12,69,2016
976.3333333333333,11.2,9.6744443697168,360,0.6,7.0,13,69,2017
1122.2222222222222,12.4,9.7,360,0.59,6.0,14,69,2018
718.2222222222222,12.0,9.6744443697168,360,0.52,7.0,15,69,2019
426.44444444444446,11.1,9.599519052838328,360,0.59,6.0,16,69,2020
145.88888888888889,10.4,9.48033008588991,360,0.59,6.0,17,69,2021
44.888888888888886,8.9,9.325,360,0.71,6.0,18,69,2022
0.0,7.9,9.14411428382689,360,0.82,4.0,19,69,2023
0.0,7.9,8.95,360,0.93,4.0,20,69,2024
0.0,7.5,8.75588571617311,360,0.95,4.0,21,69,2025
0.0,7.7,8.575,360,0.97,6.0,22,69,2026
0.0,8.1,8.419669914110088,360,0.98,6.0,23,69,2027
0.0,8.4,8.30048094716167,360,0.98,7.0,24,69,2028
0.0,8.8,9.31533337816992,360,0.98,9.0,1,70,2029
0.0,9.0,9.3,360,0.99,8.0,2,70,2030
0.0,9.4,9.31533337816992,360,0.97,8.0,3,70,2031
0.0,9.6,9.360288568297003,360,0.96,11.0,4,70,2032
0.0,9.8,9.431801948466054,360,0.95,10.0,5,70,2033
0.0,9.8,9.525,360,0.96,10.0,6,70,2034
11.222222222222221,9.9,9.633531429703867,360,0.98,10.0,7,70,2035
44.888888888888886,10.0,9.75,360,0.98,11.0,8,70,2036
179.55555555555554,10.3,9.866468570296135,360,0.98,10.0,9,70,2037
404.0,10.6,9.975,360,0.97,12.0,10,70,2038
336.66666666666663,10.8,10.068198051533946,360,0.97,10.0,11,70,2039
404.0,11.1,10.139711431702997,360,0.97,10.0,12,70,2040
516.2222222222223,11.7,10.18466662183008,360,0.92,10.0,13,70,2041
404.0,11.6,10.2,360,0.95,10.0,14,70,2042
213.22222222222223,11.3,10.18466662183008,360,0.97,10.0,15,70,2043
179.55555555555554,11.2,10.139711431702997,360,0.98,9.0,16,70,2044
112.22222222222223,11.2,10.068198051533946,360,0.98,10.0,17,70,2045
33.66666666666667,11.1,9.975,360,0.99,8.0,18,70,2046
0.0,11.0,9.866468570296135,360,0.99,7.0,19,70,2047
0.0,11.0,9.75,360,0.99,6.0,20,70,2048
0.0,11.0,9.633531429703867,360,0.99,6.0,21,70,2049
0.0,11.0,9.525,360,0.99,7.0,22,70,2050
0.0,11.1,9.431801948466054,360,0.99,6.0,23,70,2051
0.0,11.1,9.360288568297003,360,0.99,6.0,24,70,2052
0.0,11.2,10.122148212912105,360,0.99,7.0,1,71,2053
0.0,11.1,10.1,360,0.99,6.0,2,71,2054
0.0,11.0,10.122148212912105,360,0.99,5.0,3,71,2055
0.0,11.0,10.187083487540114,360,0.99,6.0,4,71,2056
0.0,11.0,10.290380592228743,360,0.99,5.0,5,71,2057
0.0,11.0,10.424999999999999,360,0.99,6.0,6,71,2058
11.222222222222221,11.0,10.581767620683362,360,0.99,6.0,7,71,2059
67.33333333333334,11.3,10.75,360,0.99,5.0,8,71,2060
157.1111111111111,11.8,10.918232379316638,360,0.99,6.0,9,71,2061
235.66666666666669,12.1,11.075000000000001,360,0.99,6.0,10,71,2062
415.2222222222223,13.1,11.209619407771257,360,0.95,8.0,11,71,2063
594.7777777777778,13.4,11.312916512459886,360,0.96,7.0,12,71,2064
796.7777777777777,14.0,11.377851787087895,360,0.91,8.0,13,71,2065
594.7777777777778,14.0,11.4,360,0.91,9.0,14,71,2066
617.2222222222222,13.8,11.377851787087895,360,0.92,8.0,15,71,2067
460.11111111111114,13.5,11.312916512459886,360,0.9,8.0,16,71,2068
157.1111111111111,13.2,11.209619407771257,360,0.88,7.0,17,71,2069
33.66666666666667,12.8,11.075000000000001,360,0.85,6.0,18,71,2070
0.0,12.4,10.918232379316638,360,0.92,5.0,19,71,2071
0.0,12.1,10.75,360,0.95,5.0,20,71,2072
0.0,11.9,10.581767620683362,360,0.91,8.0,21,71,2073
0.0,11.3,10.425,360,0.95,8.0,22,71,2074
0.0,11.3,10.290380592228743,360,0.96,7.0,23,71,2075
0.0,11.1,10.187083487540114,360,0.97,7.0,24,71,2076
0.0,11.1,10.911925960798827,360,0.96,7.0,1,72,2077
0.0,11.1,10.9,360,0.96,8.0,2,72,2078
0.0,11.1,10.911925960798827,360,0.95,7.0,3,72,2079
0.0,11.0,10.946891108675446,360,0.95,6.0,4,72,2080
0.0,10.9,11.002512626584709,360,0.95,6.0,5,72,2081
0.0,11.0,11.075,360,0.97,7.0,6,72,2082
11.222222222222221,11.0,11.159413334214118,360,0.98,6.0,7,72,2083
89.77777777777777,11.3,11.25,360,0.96,7.0,8,72,2084
370.33333333333337,11.9,11.340586665785882,360,0.86,7.0,9,72,2085
662.1111111111112,12.4,11.425,360,0.8,7.0,10,72,2086
684.5555555555557,12.6,11.497487373415291,360,0.81,8.0,11,72,2087
415.2222222222223,12.2,11.553108891324554,360,0.74,8.0,12,72,2088
684.5555555555557,13.2,11.588074039201173,360,0.7,7.0,13,72,2089
639.6666666666667,12.1,11.6,360,0.7,8.0,14,72,2090
347.8888888888889,10.3,11.588074039201173,360,0.85,8.0,15,72,2091
471.33333333333337,11.4,11.553108891324554,360,0.75,7.0,16,72,2092
202.0,11.1,11.497487373415291,360,0.74,5.0,17,72,2093
112.22222222222223,9.9,11.425,360,0.77,7.0,18,72,2094
0.0,9.0,11.340586665785882,360,0.81,3.0,19,72,2095
0.0,7.9,11.25,360,0.69,4.0,20,72,2096
0.0,6.8,11.159413334214118,360,0.75,4.0,21,72,2097
0.0,5.1,11.075000000000001,360,0.85,4.0,22,72,2098
0.0,4.8,11.002512626584709,360,0.89,3.0,23,72,2099
0.0,4.2,10.946891108675446,360,0.91,4.0,24,72,2100
0.0,3.2,9.028963047654292,360,0.93,4.0,1,73,2101
0.0,3.1,9.0,360,0.97,2.0,2,73,2102
0.0,3.0,9.028963047654292,360,0.97,2.0,3,73,2103
0.0,2.3,9.113878406783227,360,0.97,2.0,4,73,2104
0.0,2.0,9.248959235991434,360,0.98,1.0,5,73,2105
0.0,1.4,9.424999999999999,360,0.99,1.0,6,73,2106
56.111111111111114,1.2,9.630003811662856,360,0.99,1.0,7,73,2107
336.66666666666663,6.3,9.85,360,0.91,2.0,8,73,2108
695.7777777777778,8.5,10.069996188337143,360,0.79,2.0,9,73,2109
1032.4444444444446,9.5,10.275,360,0.7,3.0,10,73,2110
920.2222222222223,9.8,10.451040764008566,360,0.65,4.0,11,73,2111
1357.8888888888891,11.1,10.586121593216772,360,0.59,4.0,12,73,2112
1279.3333333333335,10.6,10.671036952345707,360,0.52,4.0,13,73,2113
617.2222222222222,10.7,10.7,360,0.58,4.0,14,73,2114
673.3333333333333,11.9,10.671036952345707,360,0.46,4.0,15,73,2115
852.8888888888889,11.6,10.586121593216772,360,0.55,4.0,16,73,2116
325.44444444444446,11.1,10.451040764008566,360,0.56,4.0,17,73,2117
89.77777777777777,9.7,10.275,360,0.59,2.0,18,73,2118
0.0,7.4,10.069996188337143,360,0.9,1.0,19,73,2119
0.0,6.7,9.85,360,0.86,1.0,20,73,2120
0.0,6.9,9.630003811662856,360,0.84,3.0,21,73,2121
0.0,6.1,9.425,360,0.89,3.0,22,73,2122
0.0,6.0,9.248959235991435,360,0.9,3.0,23,73,2123
0.0,5.5,9.113878406783227,360,0.91,2.0,24,73,2124
0.0,5.2,9.322148212912106,360,0.94,2.0,1,74,2125
0.0,5.2,9.3,360,0.95,2.0,2,74,2126
0.0,4.9,9.322148212912106,360,0.94,2.0,3,74,2127
0.0,5.6,9.387083487540114,360,0.91,2.0,4,74,2128
0.0,5.7,9.490380592228744,360,0.9,4.0,5,74,2129
0.0,5.7,9.625,360,0.92,4.0,6,74,2130
22.444444444444443,5.9,9.781767620683361,360,0.92,4.0,7,74,2131
89.77777777777777,6.9,9.95,360,0.88,4.0,8,74,2132
280.55555555555554,7.9,10.118232379316638,360,0.88,5.0,9,74,2133
617.2222222222222,10.0,10.274999999999999,360,0.81,6.0,10,74,2134
763.1111111111111,10.2,10.409619407771254,360,0.81,8.0,11,74,2135
886.5555555555555,12.5,10.512916512459885,360,0.76,8.0,12,74,2136
617.2222222222222,11.5,10.577851787087893,360,0.79,8.0,13,74,2137
448.8888888888889,11.4,10.599999999999998,360,0.81,9.0,14,74,2138
639.6666666666667,11.2,10.577851787087893,360,0.8,7.0,15,74,2139
291.77777777777777,10.1,10.512916512459885,360,0.92,6.0,16,74,2140
224.44444444444446,10.1,10.409619407771254,360,0.88,6.0,17,74,2141
56.111111111111114,9.3,10.274999999999999,360,0.93,6.0,18,74,2142
0.0,9.0,10.118232379316638,360,0.94,4.0,19,74,2143
0.0,9.2,9.95,360,0.96,3.0,20,74,2144
0.0,9.3,9.781767620683361,360,0.97,4.0,21,74,2145
0.0,8.9,9.625,360,0.97,4.0,22,74,2146
0.0,8.6,9.490380592228744,360,0.94,4.0,23,74,2147
0.0,8.7,9.387083487540114,360,0.96,4.0,24,74,2148
0.0,8.5,9.534074173710932,360,0.98,4.0,1,75,2149
0.0,7.8,9.5,360,0.98,4.0,2,75,2150
0.0,6.8,9.534074173710932,360,0.99,4.0,3,75,2151
0.0,6.4,9.63397459621556,360,0.99,4.0,4,75,2152
0.0,6.1,9.792893218813452,360,0.99,3.0,5,75,2153
0.0,4.0,10.0,360,0.99,2.0,6,75,2154
44.888888888888886,3.8,10.24118095489748,360,0.99,2.0,7,75,2155
381.55555555555554,7.3,10.5,360,0.97,3.0,8,75,2156
718.2222222222222,10.0,10.75881904510252,360,0.86,5.0,9,75,2157
1077.3333333333335,12.1,11.0,360,0.72,6.0,10,75,2158
1313.0,13.4,11.207106781186548,360,0.6,8.0,11,75,2159
1447.6666666666667,14.0,11.36602540378444,360,0.57,8.0,12,75,2160
1458.8888888888887,15.7,11.465925826289068,360,0.5,8.0,13,75,2161
1357.8888888888891,16.3,11.5,360,0.5,8.0,14,75,2162
1144.6666666666665,16.7,11.465925826289068,360,0.49,6.0,15,75,2163
841.6666666666666,16.7,11.36602540378444,360,0.46,6.0,16,75,2164
482.5555555555556,16.0,11.207106781186548,360,0.51,7.0,17,75,2165
112.22222222222223,13.2,11.0,360,0.63,4.0,18,75,2166
0.0,10.7,10.75881904510252,360,0.72,3.0,19,75,2167
0.0,9.9,10.5,360,0.82,2.0,20,75,2168
0.0,9.8,10.24118095489748,360,0.83,3.0,21,75,2169
0.0,9.6,10.0,360,0.85,3.0,22,75,2170
0.0,9.6,9.792893218813452,360,0.87,2.0,23,75,2171
0.0,9.0,9.63397459621556,360,0.94,4.0,24,75,2172
0.0,8.6,10.208518543427733,360,0.97,4.0,1,76,2173
0.0,8.5,10.2,360,0.99,6.0,2,76,2174
0.0,8.6,10.208518543427733,360,0.98,6.0,3,76,2175
0.0,8.4,10.233493649053889,360,0.98,6.0,4,76,2176
0.0,8.4,10.273223304703363,360,0.98,6.0,5,76,2177
0.0,8.3,10.325,360,0.98,6.0,6,76,2178
11.222222222222221,8.3,10.38529523872437,360,0.99,4.0,7,76,2179
44.888888888888886,8.6,10.45,360,0.99,4.0,8,76,2180
89.77777777777777,9.0,10.51470476127563,360,0.99,4.0,9,76,2181
168.33333333333331,9.4,10.575,360,0.99,4.0,10,76,2182
134.66666666666669,9.8,10.626776695296636,360,0.99,4.0,11,76,2183
134.66666666666669,10.1,10.66650635094611,360,0.99,3.0,12,76,2184
179.55555555555554,10.5,10.691481456572266,360,0.99,2.0,13,76,2185
157.1111111111111,10.8,10.7,360,0.99,2.0,14,76,2186
89.77777777777777,11.1,10.691481456572266,360,0.98,4.0,15,76,2187
67.33333333333334,11.2,10.66650635094611,360,0.99,2.0,16,76,2188
44.888888888888886,10.8,10.626776695296636,360,0.99,2.0,17,76,2189
22.444444444444443,10.5,10.575,360,0.99,2.0,18,76,2190
0.0,10.4,10.51470476127563,360,0.99,2.0,19,76,2191
0.0,10.5,10.45,360,0.99,2.0,20,76,2192
0.0,10.5,10.38529523872437,360,0.99,2.0,21,76,2193
0.0,10.3,10.325,360,0.99,2.0,22,76,2194
0.0,10.2,10.273223304703363,360,0.99,2.0,23,76,2195
0.0,9.9,10.233493649053889,360,0.99,2.0,24,76,2196
0.0,9.8,10.425555630283199,360,0.99,1.0,1,77,2197
0.0,9.6,10.4,360,0.99,2.0,2,77,2198
0.0,9.2,10.425555630283199,360,0.99,1.0,3,77,2199
0.0,9.4,10.500480947161671,360,0.99,2.0,4,77,2200
0.0,9.3,10.619669914110089,360,0.99,2.0,5,77,2201
0.0,9.2,10.775,360,0.99,2.0,6,77,2202
22.444444444444443,9.4,10.95588571617311,360,0.99,2.0,7,77,2203
112.22222222222223,9.9,11.15,360,0.99,1.0,8,77,2204
168.33333333333331,10.6,11.34411428382689,360,0.94,1.0,9,77,2205
246.8888888888889,11.3,11.525,360,0.92,2.0,10,77,2206
482.5555555555556,12.4,11.680330085889912,360,0.76,2.0,11,77,2207
695.7777777777778,14.4,11.79951905283833,360,0.63,2.0,12,77,2208
1313.0,15.8,11.874444369716802,360,0.55,2.0,13,77,2209
729.4444444444443,15.4,11.9,360,0.58,2.0,14,77,2210
561.1111111111111,15.5,11.874444369716802,360,0.57,2.0,15,77,2211
224.44444444444446,14.9,11.79951905283833,360,0.62,2.0,16,77,2212
202.0,14.7,11.680330085889912,360,0.63,1.0,17,77,2213
44.888888888888886,12.8,11.525,360,0.84,1.0,18,77,2214
0.0,11.6,11.34411428382689,360,0.94,1.0,19,77,2215
0.0,11.5,11.15,360,0.93,1.0,20,77,2216
0.0,11.9,10.95588571617311,360,0.85,1.0,21,77,2217
0.0,11.2,10.775,360,0.94,1.0,22,77,2218
0.0,9.7,10.619669914110089,360,0.92,1.0,23,77,2219
0.0,7.9,10.500480947161671,360,0.99,1.0,24,77,2220
0.0,7.1,10.139185299767572,360,0.99,1.0,1,78,2221
0.0,6.6,10.1,360,0.99,2.0,2,78,2222
0.0,6.2,10.139185299767572,360,0.99,1.0,3,78,2223
0.0,6.0,10.254070785647896,360,0.99,1.0,4,78,2224
0.0,5.2,10.43682720163547,360,0.99,0.0,5,78,2225
0.0,5.2,10.674999999999999,360,0.99,0.0,6,78,2226
101.0,6.7,10.952358098132102,360,0.99,1.0,7,78,2227
392.7777777777778,10.9,11.25,360,0.99,0.0,8,78,2228
740.6666666666667,14.0,11.547641901867898,360,0.75,2.0,9,78,2229
1077.3333333333335,15.2,11.825000000000001,360,0.68,2.0,10,78,2230
1301.7777777777778,16.4,12.06317279836453,360,0.61,3.0,11,78,2231
1414.0000000000002,17.4,12.245929214352104,360,0.58,4.0,12,78,2232
1436.4444444444443,18.8,12.360814700232428,360,0.53,3.0,13,78,2233
1335.4444444444443,18.9,12.4,360,0.53,2.0,14,78,2234
1122.2222222222222,19.6,12.360814700232428,360,0.52,2.0,15,78,2235
819.2222222222222,19.0,12.245929214352104,360,0.52,2.0,16,78,2236
471.33333333333337,18.0,12.06317279836453,360,0.61,2.0,17,78,2237
123.44444444444446,15.2,11.825000000000001,360,0.72,2.0,18,78,2238
0.0,14.6,11.547641901867898,360,0.73,2.0,19,78,2239
0.0,12.7,11.25,360,0.82,2.0,20,78,2240
0.0,11.3,10.952358098132102,360,0.9,0.0,21,78,2241
0.0,12.0,10.675,360,0.83,1.0,22,78,2242
0.0,11.2,10.43682720163547,360,0.86,1.0,23,78,2243
0.0,10.6,10.254070785647896,360,0.87,1.0,24,78,2244
0.0,11.1,10.346000134509758,360,0.84,2.0,1,79,2245
0.0,9.9,10.3,360,0.88,2.0,2,79,2246
0.0,9.0,10.346000134509758,360,0.95,1.0,3,79,2247
0.0,8.1,10.48086570489101,360,0.95,0.0,4,79,2248
0.0,7.9,10.695405845398161,360,0.96,2.0,5,79,2249
0.0,7.6,10.975,360,0.98,2.0,6,79,2250
89.77777777777777,8.8,11.300594289111597,360,0.94,2.0,7,79,2251
370.33333333333337,10.8,11.65,360,0.87,2.0,8,79,2252
718.2222222222222,12.9,11.999405710888404,360,0.81,2.0,9,79,2253
1032.4444444444446,16.3,12.325000000000001,360,0.74,2.0,10,79,2254
1279.3333333333335,18.7,12.60459415460184,360,0.64,3.0,11,79,2255
1414.0000000000002,19.8,12.819134295108991,360,0.55,4.0,12,79,2256
1436.4444444444443,20.7,12.953999865490243,360,0.52,4.0,13,79,2257
1346.6666666666665,20.8,13.0,360,0.49,6.0,14,79,2258
1133.4444444444443,20.5,12.953999865490243,360,0.49,4.0,15,79,2259
819.2222222222222,20.9,12.819134295108991,360,0.55,3.0,16,79,2260
448.8888888888889,19.8,12.60459415460184,360,0.57,2.0,17,79,2261
123.44444444444446,17.8,12.325000000000001,360,0.63,2.0,18,79,2262
0.0,14.4,11.999405710888404,360,0.77,1.0,19,79,2263
0.0,13.3,11.65,360,0.83,0.0,20,79,2264
0.0,14.6,11.300594289111597,360,0.72,2.0,21,79,2265
0.0,13.6,10.975000000000001,360,0.77,2.0,22,79,2266
0.0,11.9,10.695405845398161,360,0.81,2.0,23,79,2267
0.0,12.0,10.48086570489101,360,0.74,2.0,24,79,2268
0.0,10.6,10.732370465025383,360,0.72,2.0,1,80,2269
0.0,10.5,10.7,360,0.73,2.0,2,80,2270
0.0,9.8,10.732370465025383,360,0.73,1.0,3,80,2271
0.0,9.3,10.827275866404781,360,0.76,2.0,4,80,2272
0.0,7.6,10.978248557872778,360,0.82,1.0,5,80,2273
0.0,6.4,11.174999999999997,360,0.87,1.0,6,80,2274
67.33333333333334,7.6,11.404121907152604,360,0.8,1.0,7,80,2275
359.1111111111111,12.5,11.649999999999999,360,0.64,2.0,8,80,2276
707.0000000000001,14.7,11.895878092847394,360,0.52,4.0,9,80,2277
1032.4444444444446,16.3,12.124999999999998,360,0.52,4.0,10,80,2278
1335.4444444444443,18.4,12.32175144212722,360,0.38,6.0,11,80,2279
1481.3333333333335,19.3,12.472724133595216,360,0.34,6.0,12,80,2280
1503.7777777777776,20.1,12.567629534974614,360,0.34,8.0,13,80,2281
1357.8888888888891,20.5,12.599999999999998,360,0.34,6.0,14,80,2282
1077.3333333333335,20.7,12.567629534974614,360,0.34,6.0,15,80,2283
707.0000000000001,20.1,12.472724133595216,360,0.36,6.0,16,80,2284
415.2222222222223,19.1,12.32175144212722,360,0.42,5.0,17,80,2285
101.0,16.6,12.124999999999998,360,0.58,4.0,18,80,2286
11.222222222222221,16.0,11.895878092847394,360,0.57,4.0,19,80,2287
0.0,14.5,11.649999999999999,360,0.61,2.0,20,80,2288
0.0,13.7,11.404121907152604,360,0.65,2.0,21,80,2289
0.0,13.1,11.174999999999999,360,0.65,2.0,22,80,2290
0.0,12.3,10.978248557872778,360,0.71,2.0,23,80,2291
0.0,11.4,10.827275866404781,360,0.79,2.0,24,80,2292
0.0,11.0,11.013629669484374,360,0.83,2.0,1,81,2293
0.0,10.3,11.0,360,0.86,2.0,2,81,2294
0.0,8.3,11.013629669484372,360,0.97,2.0,3,81,2295
0.0,7.1,11.053589838486225,360,0.99,2.0,4,81,2296
0.0,8.9,11.11715728752538,360,0.99,5.0,5,81,2297
0.0,9.0,11.2,360,0.98,6.0,6,81,2298
22.444444444444443,8.7,11.296472381958992,360,0.97,6.0,7,81,2299
89.77777777777777,8.7,11.4,360,0.97,6.0,8,81,2300
190.77777777777777,8.7,11.503527618041009,360,0.96,6.0,9,81,2301
347.8888888888889,9.5,11.600000000000001,360,0.93,6.0,10,81,2302
516.2222222222223,9.9,11.682842712474619,360,0.88,6.0,11,81,2303
774.3333333333333,10.9,11.746410161513776,360,0.85,7.0,12,81,2304
1066.1111111111113,11.1,11.786370330515629,360,0.85,8.0,13,81,2305
740.6666666666667,11.2,11.8,360,0.85,7.0,14,81,2306
471.33333333333337,11.2,11.786370330515629,360,0.85,8.0,15,81,2307
314.2222222222222,10.9,11.746410161513776,360,0.83,8.0,16,81,2308
269.33333333333337,11.0,11.682842712474619,360,0.83,7.0,17,81,2309
101.0,10.5,11.600000000000001,360,0.86,5.0,18,81,2310
11.222222222222221,10.7,11.503527618041009,360,0.83,6.0,19,81,2311
0.0,10.8,11.4,360,0.82,7.0,20,81,2312
0.0,10.2,11.296472381958992,360,0.82,8.0,21,81,2313
0.0,9.5,11.200000000000001,360,0.83,8.0,22,81,2314
0.0,8.9,11.117157287525382,360,0.84,8.0,23,81,2315
0.0,8.4,11.053589838486225,360,0.84,8.0,24,81,2316
0.0,7.9,10.618740795541012,360,0.82,8.0,1,82,2317
0.0,7.5,10.599999999999998,360,0.83,8.0,2,82,2318
0.0,7.2,10.618740795541012,360,0.84,8.0,3,82,2319
0.0,7.0,10.673686027918558,360,0.85,7.0,4,82,2320
0.0,6.9,10.761091270347398,360,0.85,6.0,5,82,2321
0.0,7.0,10.874999999999998,360,0.87,7.0,6,82,2322
33.66666666666667,7.0,11.007649525193612,360,0.87,7.0,7,82,2323
123.44444444444446,7.3,11.149999999999999,360,0.85,8.0,8,82,2324
370.33333333333337,8.0,11.292350474806385,360,0.82,8.0,9,82,2325
426.44444444444446,8.4,11.424999999999999,360,0.81,7.0,10,82,2326
572.3333333333333,9.1,11.538908729652599,360,0.81,7.0,11,82,2327
875.3333333333334,10.2,11.626313972081439,360,0.78,6.0,12,82,2328
1425.2222222222222,11.8,11.681259204458986,360,0.72,6.0,13,82,2329
1346.6666666666665,12.3,11.7,360,0.73,7.0,14,82,2330
1200.7777777777778,12.6,11.681259204458986,360,0.68,7.0,15,82,2331
729.4444444444443,12.1,11.626313972081439,360,0.72,7.0,16,82,2332
516.2222222222223,11.7,11.538908729652599,360,0.74,7.0,17,82,2333
157.1111111111111,10.8,11.424999999999999,360,0.8,6.0,18,82,2334
0.0,9.8,11.292350474806385,360,0.84,4.0,19,82,2335
0.0,10.1,11.149999999999999,360,0.83,6.0,20,82,2336
0.0,10.5,11.007649525193612,360,0.83,5.0,21,82,2337
0.0,10.4,10.874999999999998,360,0.83,6.0,22,82,2338
0.0,9.5,10.761091270347398,360,0.86,5.0,23,82,2339
0.0,8.9,10.673686027918558,360,0.89,2.0,24,82,2340
0.0,8.4,10.439185299767573,360,0.91,3.0,1,83,2341
0.0,8.4,10.400000000000002,360,0.92,3.0,2,83,2342
0.0,7.8,10.439185299767573,360,0.89,4.0,3,83,2343
0.0,7.0,10.554070785647896,360,0.89,4.0,4,83,2344
0.0,6.4,10.73682720163547,360,0.88,3.0,5,83,2345
0.0,6.0,10.975,360,0.86,3.0,6,83,2346
112.22222222222223,6.4,11.252358098132103,360,0.84,4.0,7,83,2347
415.2222222222223,7.9,11.55,360,0.78,4.0,8,83,2348
785.5555555555557,10.1,11.847641901867899,360,0.73,4.0,9,83,2349
1099.7777777777778,12.8,12.125,360,0.69,4.0,10,83,2350
1324.2222222222224,15.1,12.36317279836453,360,0.61,4.0,11,83,2351
1458.8888888888887,16.5,12.545929214352105,360,0.57,4.0,12,83,2352
1470.111111111111,17.6,12.660814700232429,360,0.56,5.0,13,83,2353
1268.1111111111113,18.5,12.7,360,0.53,4.0,14,83,2354
1066.1111111111113,18.5,12.660814700232429,360,0.54,4.0,15,83,2355
830.4444444444446,18.3,12.545929214352105,360,0.57,5.0,16,83,2356
482.5555555555556,17.0,12.36317279836453,360,0.6,4.0,17,83,2357
145.88888888888889,15.4,12.125,360,0.61,4.0,18,83,2358
11.222222222222221,13.5,11.847641901867899,360,0.68,5.0,19,83,2359
0.0,11.7,11.55,360,0.76,4.0,20,83,2360
0.0,11.8,11.252358098132103,360,0.73,5.0,21,83,2361
0.0,10.9,10.975000000000001,360,0.76,5.0,22,83,2362
0.0,9.6,10.73682720163547,360,0.78,4.0,23,83,2363
0.0,8.6,10.554070785647896,360,0.85,3.0,24,83,2364
0.0,7.1,10.523851921597652,360,0.88,3.0,1,84,2365
0.0,6.3,10.5,360,0.88,3.0,2,84,2366
0.0,5.3,10.523851921597652,360,0.88,3.0,3,84,2367
0.0,3.8,10.593782217350892,360,0.9,2.0,4,84,2368
0.0,3.4,10.705025253169415,360,0.85,3.0,5,84,2369
0.0,2.8,10.85,360,0.82,3.0,6,84,2370
145.88888888888889,4.0,11.018826668428234,360,0.73,4.0,7,84,2371
516.2222222222223,5.6,11.2,360,0.69,5.0,8,84,2372
909.0,7.9,11.381173331571764,360,0.67,5.0,9,84,2373
1223.2222222222222,10.6,11.549999999999999,360,0.63,6.0,10,84,2374
1458.8888888888887,12.2,11.694974746830583,360,0.5,6.0,11,84,2375
1582.3333333333335,13.6,11.806217782649107,360,0.39,6.0,12,84,2376
1616.0,14.8,11.876148078402347,360,0.38,6.0,13,84,2377
1492.5555555555557,15.3,11.899999999999999,360,0.4,6.0,14,84,2378
1279.3333333333335,16.1,11.876148078402347,360,0.32,6.0,15,84,2379
965.1111111111112,15.5,11.806217782649107,360,0.29,7.0,16,84,2380
583.5555555555555,14.0,11.694974746830583,360,0.36,7.0,17,84,2381
190.77777777777777,12.0,11.549999999999999,360,0.38,7.0,18,84,2382
0.0,8.7,11.381173331571764,360,0.54,4.0,19,84,2383
0.0,8.6,11.2,360,0.52,2.0,20,84,2384
0.0,6.4,11.018826668428234,360,0.62,2.0,21,84,2385
0.0,6.4,10.85,360,0.55,4.0,22,84,2386
0.0,5.8,10.705025253169415,360,0.55,4.0,23,84,2387
0.0,5.5,10.593782217350892,360,0.53,5.0,24,84,2388
0.0,4.0,9.328963047654293,360,0.57,4.0,1,85,2389
0.0,3.1,9.3,360,0.6,4.0,2,85,2390
0.0,2.7,9.328963047654293,360,0.59,4.0,3,85,2391
0.0,2.1,9.413878406783228,360,0.6,4.0,4,85,2392
0.0,1.6,9.548959235991434,360,0.62,4.0,5,85,2393
0.0,0.7,9.725,360,0.69,2.0,6,85,2394
134.66666666666669,2.5,9.930003811662857,360,0.65,3.0,7,85,2395
505.0,4.8,10.15,360,0.58,4.0,8,85,2396
875.3333333333334,7.1,10.369996188337144,360,0.52,4.0,9,85,2397
1212.0,9.2,10.575000000000001,360,0.54,4.0,10,85,2398
1458.8888888888887,10.6,10.751040764008566,360,0.54,6.0,11,85,2399
1571.1111111111113,12.1,10.886121593216773,360,0.51,7.0,12,85,2400
1593.5555555555554,12.9,10.971036952345708,360,0.45,7.0,13,85,2401
1481.3333333333335,12.9,11.0,360,0.42,7.0,14,85,2402
1256.8888888888887,13.3,10.971036952345708,360,0.4,9.0,15,85,2403
953.8888888888889,13.3,10.886121593216773,360,0.39,8.0,16,85,2404
583.5555555555555,11.9,10.751040764008566,360,0.41,8.0,17,85,2405
213.22222222222223,10.2,10.575000000000001,360,0.44,7.0,18,85,2406
0.0,7.2,10.369996188337144,360,0.6,6.0,19,85,2407
0.0,7.3,10.15,360,0.52,5.0,20,85,2408
0.0,6.4,9.930003811662857,360,0.52,6.0,21,85,2409
0.0,5.7,9.725000000000001,360,0.52,6.0,22,85,2410
0.0,3.7,9.548959235991436,360,0.61,4.0,23,85,2411
0.0,3.7,9.413878406783228,360,0.57,4.0,24,85,2412
0.0,2.6,8.722148212912105,360,0.62,4.0,1,86,2413
0.0,1.8,8.7,360,0.65,6.0,2,86,2414
0.0,0.8,8.722148212912105,360,0.7,4.0,3,86,2415
0.0,0.4,8.787083487540114,360,0.7,4.0,4,86,2416
0.0,-0.1,8.890380592228743,360,0.72,5.0,5,86,2417
0.0,-0.1,9.024999999999999,360,0.71,5.0,6,86,2418
157.1111111111111,1.3,9.181767620683361,360,0.66,5.0,7,86,2419
505.0,3.5,9.35,360,0.58,6.0,8,86,2420
886.5555555555555,5.2,9.518232379316638,360,0.51,8.0,9,86,2421
1223.2222222222222,6.9,9.675,360,0.46,8.0,10,86,2422
1447.6666666666667,8.1,9.809619407771256,360,0.42,9.0,11,86,2423
1559.888888888889,9.3,9.912916512459885,360,0.42,10.0,12,86,2424
1582.3333333333335,9.7,9.977851787087895,360,0.38,9.0,13,86,2425
1447.6666666666667,10.3,10.0,360,0.41,9.0,14,86,2426
1223.2222222222222,10.7,9.977851787087895,360,0.41,8.0,15,86,2427
931.4444444444445,10.4,9.912916512459885,360,0.4,9.0,16,86,2428
549.8888888888889,9.8,9.809619407771256,360,0.4,8.0,17,86,2429
202.0,8.5,9.675,360,0.47,7.0,18,86,2430
0.0,6.3,9.518232379316638,360,0.58,5.0,19,86,2431
0.0,5.5,9.35,360,0.63,3.0,20,86,2432
0.0,4.9,9.181767620683361,360,0.63,3.0,21,86,2433
0.0,4.0,9.025,360,0.67,3.0,22,86,2434
0.0,3.5,8.890380592228743,360,0.7,2.0,23,86,2435
0.0,4.0,8.787083487540114,360,0.65,2.0,24,86,2436
0.0,4.1,8.334074173710933,360,0.64,2.0,1,87,2437
0.0,3.6,8.3,360,0.65,2.0,2,87,2438
0.0,2.8,8.334074173710933,360,0.7,3.0,3,87,2439
0.0,1.7,8.433974596215561,360,0.76,2.0,4,87,2440
0.0,1.1,8.592893218813453,360,0.8,2.0,5,87,2441
11.222222222222221,1.1,8.8,360,0.78,3.0,6,87,2442
123.44444444444446,2.0,9.04118095489748,360,0.77,2.0,7,87,2443
482.5555555555556,4.2,9.3,360,0.65,4.0,8,87,2444
852.8888888888889,7.4,9.55881904510252,360,0.62,4.0,9,87,2445
1189.5555555555557,9.6,9.8,360,0.47,7.0,10,87,2446
1436.4444444444443,10.7,10.007106781186549,360,0.43,7.0,11,87,2447
1559.888888888889,11.7,10.16602540378444,360,0.41,8.0,12,87,2448
1571.1111111111113,12.3,10.265925826289068,360,0.43,8.0,13,87,2449
1447.6666666666667,12.7,10.3,360,0.41,8.0,14,87,2450
1212.0,13.3,10.265925826289068,360,0.4,8.0,15,87,2451
931.4444444444445,13.2,10.16602540378444,360,0.41,8.0,16,87,2452
549.8888888888889,12.6,10.007106781186549,360,0.42,8.0,17,87,2453
202.0,11.0,9.8,360,0.49,5.0,18,87,2454
11.222222222222221,8.5,9.55881904510252,360,0.58,2.0,19,87,2455
0.0,7.0,9.3,360,0.67,2.0,20,87,2456
0.0,8.3,9.04118095489748,360,0.58,3.0,21,87,2457
0.0,6.4,8.8,360,0.66,2.0,22,87,2458
0.0,5.0,8.592893218813453,360,0.73,2.0,23,87,2459
0.0,5.1,8.433974596215561,360,0.71,2.0,24,87,2460
0.0,5.1,8.542592717138664,360,0.7,3.0,1,88,2461
0.0,4.7,8.5,360,0.72,3.0,2,88,2462
0.0,4.3,8.542592717138664,360,0.76,2.0,3,88,2463
0.0,3.7,8.66746824526945,360,0.8,2.0,4,88,2464
0.0,3.0,8.866116523516816,360,0.85,2.0,5,88,2465
0.0,2.1,9.125,360,0.92,3.0,6,88,2466
179.55555555555554,4.4,9.426476193621848,360,0.87,3.0,7,88,2467
471.33333333333337,6.5,9.75,360,0.8,3.0,8,88,2468
808.0,8.6,10.073523806378152,360,0.69,3.0,9,88,2469
1144.6666666666665,11.4,10.375,360,0.58,4.0,10,88,2470
1369.1111111111113,13.4,10.633883476483184,360,0.52,6.0,11,88,2471
1515.0,14.0,10.832531754730548,360,0.48,6.0,12,88,2472
1526.2222222222222,14.5,10.957407282861336,360,0.45,6.0,13,88,2473
1380.3333333333333,15.0,11.0,360,0.44,5.0,14,88,2474
1189.5555555555557,15.2,10.957407282861336,360,0.46,6.0,15,88,2475
897.7777777777778,14.8,10.832531754730548,360,0.5,6.0,16,88,2476
505.0,13.8,10.633883476483184,360,0.51,6.0,17,88,2477
168.33333333333331,12.9,10.375,360,0.54,4.0,18,88,2478
11.222222222222221,11.6,10.073523806378152,360,0.6,3.0,19,88,2479
0.0,10.3,9.75,360,0.67,2.0,20,88,2480
0.0,9.6,9.426476193621848,360,0.69,2.0,21,88,2481
0.0,8.7,9.125,360,0.73,3.0,22,88,2482
0.0,8.7,8.866116523516816,360,0.75,4.0,23,88,2483
0.0,8.8,8.667468245269452,360,0.77,6.0,24,88,2484
0.0,8.6,9.110222252113278,360,0.72,8.0,1,89,2485
0.0,7.2,9.099999999999998,360,0.77,9.0,2,89,2486
0.0,6.5,9.110222252113278,360,0.81,9.0,3,89,2487
0.0,6.6,9.140192378864667,360,0.79,9.0,4,89,2488
0.0,6.2,9.187867965644035,360,0.78,11.0,5,89,2489
0.0,5.9,9.249999999999998,360,0.78,11.0,6,89,2490
22.444444444444443,5.7,9.322354286469242,360,0.76,11.0,7,89,2491
89.77777777777777,5.3,9.399999999999999,360,0.63,14.0,8,89,2492
314.2222222222222,5.6,9.477645713530755,360,0.63,13.0,9,89,2493
291.77777777777777,5.3,9.549999999999999,360,0.59,13.0,10,89,2494
280.55555555555554,5.5,9.612132034355962,360,0.56,13.0,11,89,2495
404.0,6.6,9.65980762113533,360,0.55,12.0,12,89,2496
953.8888888888889,8.2,9.689777747886719,360,0.47,15.0,13,89,2497
1133.4444444444443,8.6,9.7,360,0.46,14.0,14,89,2498
875.3333333333334,8.0,9.689777747886719,360,0.42,16.0,15,89,2499
482.5555555555556,8.1,9.65980762113533,360,0.38,14.0,16,89,2500
246.8888888888889,7.4,9.612132034355962,360,0.4,13.0,17,89,2501
134.66666666666669,7.0,9.549999999999999,360,0.39,13.0,18,89,2502
11.222222222222221,6.2,9.477645713530755,360,0.41,12.0,19,89,2503
0.0,5.6,9.399999999999999,360,0.42,12.0,20,89,2504
0.0,5.1,9.322354286469242,360,0.46,12.0,21,89,2505
