PARi,air_temperature,soil_temperature,ambient_CO2,humidity,Wind,hour,DOY,t
202.0,7.6,8.353108891324554,360,0.97,4.0,12,351,0
157.1111111111111,7.5,8.388074039201175,360,0.96,4.0,13,351,1
123.44444444444446,7.3,8.4,360,0.95,4.0,14,351,2
78.55555555555554,7.5,8.388074039201175,360,0.94,4.0,15,351,3
33.66666666666667,7.5,8.353108891324554,360,0.93,4.0,16,351,4
11.222222222222221,7.3,8.297487373415292,360,0.93,4.0,17,351,5
0.0,7.3,8.225000000000001,360,0.94,4.0,18,351,6
0.0,7.2,8.140586665785882,360,0.94,3.0,19,351,7
0.0,7.1,8.05,360,0.95,4.0,20,351,8
0.0,7.0,7.959413334214118,360,0.95,3.0,21,351,9
0.0,6.9,7.875000000000001,360,0.95,3.0,22,351,10
0.0,6.6,7.802512626584709,360,0.96,3.0,23,351,11
0.0,6.2,7.746891108675447,360,0.96,4.0,24,351,12
0.0,5.8,7.908518543427733,360,0.96,4.0,1,352,13
0.0,5.4,7.9,360,0.96,5.0,2,352,14
0.0,4.8,7.908518543427733,360,0.97,4.0,3,352,15
0.0,4.3,7.933493649053891,360,0.97,4.0,4,352,16
0.0,3.7,7.973223304703364,360,0.97,4.0,5,352,17
0.0,2.8,8.025,360,0.98,2.0,6,352,18
0.0,2.1,8.08529523872437,360,0.98,1.0,7,352,19
0.0,1.5,8.15,360,0.98,2.0,8,352,20
101.0,2.4,8.21470476127563,360,0.99,2.0,9,352,21
347.8888888888889,6.9,8.275,360,0.99,6.0,10,352,22
415.2222222222223,7.9,8.326776695296637,360,0.98,6.0,11,352,23
482.5555555555556,8.3,8.36650635094611,360,0.85,6.0,12,352,24
415.2222222222223,8.9,8.391481456572267,360,0.8,6.0,13,352,25
381.55555555555554,9.6,8.4,360,0.76,6.0,14,352,26
213.22222222222223,9.2,8.391481456572267,360,0.8,5.0,15,352,27
67.33333333333334,8.8,8.36650635094611,360,0.82,4.0,16,352,28
0.0,8.5,8.326776695296637,360,0.8,6.0,17,352,29
0.0,7.8,8.275,360,0.82,6.0,18,352,30
0.0,7.8,8.21470476127563,360,0.84,6.0,19,352,31
0.0,8.0,8.15,360,0.83,6.0,20,352,32
0.0,7.9,8.08529523872437,360,0.82,5.0,21,352,33
0.0,7.7,8.025,360,0.81,6.0,22,352,34
0.0,6.9,7.973223304703364,360,0.85,6.0,23,352,35
0.0,7.4,7.933493649053891,360,0.84,6.0,24,352,36
0.0,7.1,8.025555630283199,360,0.86,8.0,1,353,37
0.0,7.0,8.0,360,0.85,8.0,2,353,38
0.0,7.4,8.025555630283199,360,0.83,7.0,3,353,39
0.0,7.1,8.100480947161671,360,0.84,7.0,4,353,40
0.0,7.3,8.219669914110089,360,0.85,7.0,5,353,41
0.0,7.9,8.375,360,0.83,8.0,6,353,42
0.0,7.6,8.55588571617311,360,0.91,7.0,7,353,43
0.0,7.8,8.75,360,0.94,6.0,8,353,44
33.66666666666667,8.8,8.94411428382689,360,0.96,5.0,9,353,45
134.66666666666669,9.9,9.125,360,0.97,6.0,10,353,46
145.88888888888889,10.8,9.280330085889911,360,0.97,6.0,11,353,47
101.0,10.2,9.399519052838329,360,0.97,8.0,12,353,48
89.77777777777777,9.8,9.474444369716801,360,0.98,6.0,13,353,49
123.44444444444446,10.6,9.5,360,0.98,6.0,14,353,50
224.44444444444446,11.4,9.474444369716801,360,0.98,5.0,15,353,51
112.22222222222223,11.4,9.399519052838329,360,0.97,6.0,16,353,52
0.0,11.3,9.280330085889911,360,0.94,7.0,17,353,53
0.0,10.9,9.125,360,0.91,7.0,18,353,54
0.0,11.1,8.94411428382689,360,0.89,8.0,19,353,55
0.0,11.4,8.75,360,0.87,8.0,20,353,56
0.0,11.7,8.55588571617311,360,0.83,9.0,21,353,57
0.0,10.9,8.375,360,0.88,7.0,22,353,58
0.0,10.3,8.219669914110089,360,0.92,6.0,23,353,59
0.0,10.4,8.100480947161671,360,0.94,8.0,24,353,60
0.0,10.2,9.011925960798827,360,0.96,8.0,1,354,61
0.0,11.3,9.0,360,0.97,11.0,2,354,62
0.0,11.0,9.011925960798827,360,0.97,10.0,3,354,63
0.0,12.4,9.046891108675446,360,0.97,13.0,4,354,64
0.0,12.6,9.102512626584708,360,0.96,12.0,5,354,65
0.0,12.3,9.174999999999999,360,0.93,10.0,6,354,66
0.0,11.8,9.259413334214118,360,0.92,10.0,7,354,67
11.222222222222221,10.7,9.35,360,0.9,10.0,8,354,68
22.444444444444443,8.7,9.440586665785881,360,0.9,10.0,9,354,69
78.55555555555554,8.9,9.525,360,0.87,6.0,10,354,70
246.8888888888889,9.1,9.59748737341529,360,0.79,8.0,11,354,71
448.8888888888889,9.7,9.653108891324553,360,0.73,9.0,12,354,72
594.7777777777778,9.5,9.688074039201172,360,0.65,10.0,13,354,73
269.33333333333337,8.9,9.7,360,0.63,9.0,14,354,74
190.77777777777777,8.5,9.688074039201172,360,0.61,9.0,15,354,75
134.66666666666669,7.7,9.653108891324553,360,0.65,8.0,16,354,76
0.0,3.4,9.59748737341529,360,0.84,12.0,17,354,77
0.0,3.4,9.525,360,0.88,4.0,18,354,78
0.0,3.7,9.440586665785881,360,0.9,6.0,19,354,79
0.0,3.2,9.35,360,0.92,4.0,20,354,80
0.0,3.6,9.259413334214118,360,0.92,3.0,21,354,81
0.0,3.8,9.175,360,0.89,4.0,22,354,82
0.0,4.0,9.102512626584708,360,0.86,5.0,23,354,83
0.0,2.7,9.046891108675446,360,0.86,4.0,24,354,84
0.0,3.5,7.315333378169919,360,0.87,4.0,1,355,85
0.0,3.3,7.300000000000001,360,0.87,4.0,2,355,86
0.0,1.9,7.315333378169919,360,0.87,4.0,3,355,87
0.0,1.0,7.360288568297003,360,0.9,2.0,4,355,88
0.0,0.6,7.431801948466053,360,0.92,3.0,5,355,89
0.0,0.3,7.525,360,0.94,4.0,6,355,90
0.0,0.5,7.633531429703866,360,0.95,2.0,7,355,91
11.222222222222221,0.8,7.75,360,0.95,3.0,8,355,92
134.66666666666669,1.6,7.866468570296134,360,0.96,3.0,9,355,93
415.2222222222223,3.6,7.975,360,0.96,4.0,10,355,94
561.1111111111111,5.9,8.068198051533946,360,0.93,4.0,11,355,95
662.1111111111112,7.1,8.139711431702997,360,0.82,4.0,12,355,96
572.3333333333333,7.7,8.18466662183008,360,0.79,5.0,13,355,97
448.8888888888889,8.2,8.2,360,0.74,5.0,14,355,98
168.33333333333331,7.9,8.18466662183008,360,0.78,5.0,15,355,99
67.33333333333334,7.6,8.139711431702997,360,0.83,4.0,16,355,100
0.0,7.1,8.068198051533946,360,0.87,4.0,17,355,101
0.0,7.1,7.975,360,0.92,4.0,18,355,102
0.0,7.1,7.866468570296134,360,0.94,4.0,19,355,103
0.0,7.2,7.75,360,0.95,5.0,20,355,104
0.0,7.1,7.633531429703866,360,0.96,5.0,21,355,105
0.0,7.1,7.525,360,0.96,5.0,22,355,106
0.0,7.1,7.431801948466054,360,0.97,5.0,23,355,107
0.0,7.2,7.360288568297003,360,0.97,6.0,24,355,108
0.0,7.9,7.925555630283199,360,0.97,6.0,1,356,109
0.0,8.1,7.9,360,0.97,6.0,2,356,110
0.0,8.4,7.925555630283199,360,0.97,8.0,3,356,111
0.0,8.6,8.000480947161671,360,0.97,7.0,4,356,112
0.0,8.8,8.119669914110089,360,0.97,6.0,5,356,113
0.0,8.4,8.275,360,0.97,5.0,6,356,114
0.0,7.1,8.45588571617311,360,0.98,2.0,7,356,115
11.222222222222221,6.6,8.65,360,0.97,2.0,8,356,116
123.44444444444446,6.4,8.84411428382689,360,0.98,3.0,9,356,117
370.33333333333337,7.3,9.025,360,0.98,4.0,10,356,118
347.8888888888889,8.0,9.180330085889912,360,0.97,4.0,11,356,119
359.1111111111111,8.9,9.29951905283833,360,0.97,4.0,12,356,120
415.2222222222223,9.6,9.374444369716802,360,0.96,6.0,13,356,121
280.55555555555554,10.0,9.4,360,0.94,5.0,14,356,122
202.0,10.2,9.374444369716802,360,0.87,5.0,15,356,123
56.111111111111114,9.5,9.29951905283833,360,0.82,6.0,16,356,124
0.0,9.4,9.180330085889912,360,0.85,6.0,17,356,125
0.0,9.8,9.025,360,0.9,6.0,18,356,126
0.0,10.1,8.84411428382689,360,0.9,8.0,19,356,127
0.0,10.4,8.65,360,0.91,9.0,20,356,128
0.0,10.2,8.45588571617311,360,0.94,10.0,21,356,129
0.0,10.6,8.275,360,0.96,10.0,22,356,130
0.0,10.6,8.119669914110089,360,0.97,11.0,23,356,131
0.0,11.0,8.000480947161671,360,0.97,10.0,24,356,132
0.0,11.1,8.810222252113281,360,0.97,10.0,1,357,133
0.0,11.3,8.8,360,0.97,14.0,2,357,134
0.0,11.1,8.810222252113281,360,0.96,12.0,3,357,135
0.0,11.3,8.84019237886467,360,0.96,13.0,4,357,136
0.0,11.2,8.887867965644038,360,0.95,14.0,5,357,137
0.0,10.5,8.950000000000001,360,0.92,12.0,6,357,138
0.0,10.1,9.022354286469245,360,0.8,10.0,7,357,139
0.0,9.5,9.100000000000001,360,0.81,9.0,8,357,140
67.33333333333334,9.3,9.177645713530758,360,0.83,7.0,9,357,141
145.88888888888889,8.6,9.250000000000002,360,0.82,11.0,10,357,142
157.1111111111111,8.6,9.312132034355965,360,0.84,9.0,11,357,143
303.0,9.1,9.359807621135333,360,0.78,9.0,12,357,144
224.44444444444446,9.0,9.389777747886722,360,0.77,10.0,13,357,145
280.55555555555554,9.5,9.400000000000002,360,0.73,10.0,14,357,146
179.55555555555554,8.2,9.389777747886722,360,0.72,15.0,15,357,147
78.55555555555554,7.7,9.359807621135333,360,0.71,9.0,16,357,148
0.0,7.4,9.312132034355965,360,0.72,9.0,17,357,149
0.0,6.2,9.250000000000002,360,0.78,10.0,18,357,150
0.0,6.3,9.177645713530758,360,0.74,6.0,19,357,151
0.0,5.8,9.100000000000001,360,0.72,6.0,20,357,152
0.0,5.2,9.022354286469245,360,0.77,6.0,21,357,153
0.0,5.4,8.950000000000001,360,0.77,7.0,22,357,154
0.0,5.3,8.887867965644038,360,0.78,6.0,23,357,155
0.0,5.0,8.84019237886467,360,0.79,6.0,24,357,156
0.0,4.5,7.705111126056639,360,0.8,6.0,1,358,157
0.0,4.4,7.699999999999999,360,0.81,5.0,2,358,158
0.0,2.7,7.705111126056639,360,0.87,4.0,3,358,159
0.0,4.5,7.720096189432334,360,0.82,7.0,4,358,160
0.0,4.1,7.743933982822018,360,0.8,6.0,5,358,161
0.0,4.2,7.7749999999999995,360,0.81,6.0,6,358,162
0.0,4.4,7.811177143234621,360,0.79,6.0,7,358,163
11.222222222222221,4.1,7.85,360,0.81,4.0,8,358,164
112.22222222222223,4.8,7.888822856765378,360,0.79,5.0,9,358,165
314.2222222222222,6.0,7.925,360,0.76,4.0,10,358,166
527.4444444444445,7.1,7.956066017177982,360,0.7,7.0,11,358,167
617.2222222222222,7.6,7.979903810567666,360,0.64,7.0,12,358,168
561.1111111111111,7.9,7.99488887394336,360,0.63,8.0,13,358,169
404.0,7.8,8.0,360,0.63,6.0,14,358,170
370.33333333333337,8.1,7.99488887394336,360,0.62,6.0,15,358,171
213.22222222222223,7.4,7.979903810567666,360,0.66,7.0,16,358,172
11.222222222222221,6.6,7.956066017177982,360,0.69,6.0,17,358,173
0.0,5.9,7.925,360,0.77,2.0,18,358,174
0.0,5.9,7.888822856765378,360,0.8,3.0,19,358,175
0.0,6.1,7.85,360,0.8,4.0,20,358,176
0.0,6.5,7.811177143234621,360,0.79,4.0,21,358,177
0.0,6.1,7.7749999999999995,360,0.81,3.0,22,358,178
0.0,5.7,7.743933982822018,360,0.86,4.0,23,358,179
0.0,5.5,7.720096189432334,360,0.91,2.0,24,358,180
0.0,5.7,7.922148212912107,360,0.94,4.0,1,359,181
0.0,5.6,7.900000000000001,360,0.96,4.0,2,359,182
0.0,5.9,7.922148212912107,360,0.97,5.0,3,359,183
0.0,6.0,7.987083487540116,360,0.97,4.0,4,359,184
0.0,5.9,8.090380592228746,360,0.97,4.0,5,359,185
0.0,6.0,8.225000000000001,360,0.98,3.0,6,359,186
0.0,6.3,8.381767620683362,360,0.98,3.0,7,359,187
0.0,6.6,8.55,360,0.98,2.0,8,359,188
44.888888888888886,7.0,8.718232379316639,360,0.99,2.0,9,359,189
123.44444444444446,8.2,8.875,360,0.99,2.0,10,359,190
179.55555555555554,9.5,9.009619407771256,360,0.99,2.0,11,359,191
213.22222222222223,10.1,9.112916512459886,360,0.99,4.0,12,359,192
258.11111111111114,10.5,9.177851787087894,360,0.99,4.0,13,359,193
235.66666666666669,10.7,9.2,360,0.99,4.0,14,359,194
157.1111111111111,10.4,9.177851787087894,360,0.98,2.0,15,359,195
56.111111111111114,10.1,9.112916512459886,360,0.98,2.0,16,359,196
11.222222222222221,9.6,9.009619407771256,360,0.98,1.0,17,359,197
0.0,9.6,8.875,360,0.98,0.0,18,359,198
0.0,9.4,8.718232379316639,360,0.98,0.0,19,359,199
0.0,9.5,8.55,360,0.98,0.0,20,359,200
0.0,9.1,8.381767620683362,360,0.99,2.0,21,359,201
0.0,8.7,8.225000000000001,360,0.99,2.0,22,359,202
0.0,8.6,8.090380592228746,360,0.99,2.0,23,359,203
0.0,8.3,7.987083487540116,360,0.99,1.0,24,359,204
0.0,8.5,9.011925960798827,360,0.99,1.0,1,360,205
0.0,8.5,9.0,360,0.99,2.0,2,360,206
0.0,8.4,9.011925960798827,360,0.99,2.0,3,360,207
0.0,8.3,9.046891108675446,360,0.99,1.0,4,360,208
0.0,8.3,9.102512626584708,360,0.99,1.0,5,360,209
0.0,8.3,9.174999999999999,360,0.99,1.0,6,360,210
0.0,8.2,9.259413334214118,360,0.99,1.0,7,360,211
0.0,8.4,9.35,360,0.99,1.0,8,360,212
44.888888888888886,8.9,9.440586665785881,360,0.99,2.0,9,360,213
123.44444444444446,9.0,9.525,360,0.99,3.0,10,360,214
179.55555555555554,9.1,9.59748737341529,360,0.99,4.0,11,360,215
202.0,9.4,9.653108891324553,360,0.99,3.0,12,360,216
190.77777777777777,9.6,9.688074039201172,360,0.99,3.0,13,360,217
112.22222222222223,9.7,9.7,360,0.99,3.0,14,360,218
78.55555555555554,9.5,9.688074039201172,360,0.99,4.0,15,360,219
33.66666666666667,9.4,9.653108891324553,360,0.99,4.0,16,360,220
0.0,9.0,9.59748737341529,360,0.99,4.0,17,360,221
0.0,8.7,9.525,360,0.99,6.0,18,360,222
0.0,8.5,9.440586665785881,360,0.99,6.0,19,360,223
0.0,8.4,9.35,360,0.99,6.0,20,360,224
0.0,8.3,9.259413334214118,360,0.99,5.0,21,360,225
0.0,7.9,9.175,360,0.99,6.0,22,360,226
0.0,7.7,9.102512626584708,360,0.99,6.0,23,360,227
0.0,7.4,9.046891108675446,360,0.99,6.0,24,360,228
0.0,7.1,9.103407417371091,360,0.99,7.0,1,361,229
0.0,7.1,9.099999999999998,360,0.99,8.0,2,361,230
0.0,7.1,9.103407417371091,360,0.99,7.0,3,361,231
0.0,7.1,9.113397459621554,360,0.99,7.0,4,361,232
0.0,6.9,9.129289321881345,360,0.99,7.0,5,361,233
0.0,6.8,9.149999999999999,360,0.99,6.0,6,361,234
0.0,6.0,9.174118095489748,360,0.99,7.0,7,361,235
0.0,6.1,9.2,360,0.99,8.0,8,361,236
56.111111111111114,5.8,9.225881904510251,360,0.99,6.0,9,361,237
213.22222222222223,6.5,9.25,360,0.99,7.0,10,361,238
549.8888888888889,6.1,9.270710678118654,360,0.98,8.0,11,361,239
606.0,7.8,9.286602540378444,360,0.95,6.0,12,361,240
684.5555555555557,8.3,9.296592582628907,360,0.85,6.0,13,361,241
606.0,7.9,9.3,360,0.82,7.0,14,361,242
415.2222222222223,7.5,9.296592582628907,360,0.81,7.0,15,361,243
168.33333333333331,6.6,9.286602540378444,360,0.83,6.0,16,361,244
0.0,5.3,9.270710678118654,360,0.87,5.0,17,361,245
0.0,4.7,9.25,360,0.87,5.0,18,361,246
0.0,4.3,9.225881904510251,360,0.87,4.0,19,361,247
0.0,2.9,9.2,360,0.89,2.0,20,361,248
0.0,2.4,9.174118095489748,360,0.91,3.0,21,361,249
0.0,2.4,9.149999999999999,360,0.92,3.0,22,361,250
0.0,1.6,9.129289321881345,360,0.93,3.0,23,361,251
0.0,0.9,9.113397459621554,360,0.94,2.0,24,361,252
0.0,0.5,7.108518543427732,360,0.94,2.0,1,362,253
0.0,-0.1,7.1,360,0.95,1.0,2,362,254
0.0,-0.1,7.108518543427732,360,0.95,1.0,3,362,255
0.0,-0.7,7.13349364905389,360,0.96,1.0,4,362,256
0.0,-0.4,7.173223304703363,360,0.97,1.0,5,362,257
0.0,-0.6,7.225,360,0.97,2.0,6,362,258
0.0,-0.6,7.28529523872437,360,0.97,3.0,7,362,259
11.222222222222221,-0.1,7.35,360,0.98,2.0,8,362,260
56.111111111111114,0.3,7.41470476127563,360,0.98,2.0,9,362,261
112.22222222222223,1.0,7.475,360,0.98,2.0,10,362,262
168.33333333333331,1.6,7.526776695296636,360,0.98,2.0,11,362,263
213.22222222222223,2.6,7.566506350946109,360,0.99,2.0,12,362,264
145.88888888888889,2.7,7.591481456572267,360,0.99,2.0,13,362,265
101.0,2.6,7.6,360,0.99,2.0,14,362,266
67.33333333333334,2.8,7.591481456572267,360,0.99,2.0,15,362,267
33.66666666666667,3.1,7.566506350946109,360,0.99,2.0,16,362,268
0.0,3.2,7.526776695296636,360,0.99,2.0,17,362,269
0.0,3.4,7.475,360,0.99,2.0,18,362,270
0.0,3.5,7.41470476127563,360,0.99,2.0,19,362,271
0.0,3.3,7.35,360,0.99,2.0,20,362,272
0.0,2.8,7.28529523872437,360,0.99,2.0,21,362,273
0.0,2.3,7.225,360,0.99,2.0,22,362,274
0.0,1.9,7.173223304703363,360,0.99,2.0,23,362,275
0.0,1.5,7.13349364905389,360,0.99,2.0,24,362,276
0.0,1.4,7.2102222521132795,360,0.99,2.0,1,363,277
0.0,1.0,7.2,360,0.99,2.0,2,363,278
0.0,1.0,7.2102222521132795,360,0.99,2.0,3,363,279
0.0,1.1,7.240192378864668,360,0.99,3.0,4,363,280
0.0,0.7,7.287867965644036,360,0.99,3.0,5,363,281
0.0,0.4,7.35,360,0.99,3.0,6,363,282
0.0,0.9,7.422354286469244,360,0.99,2.0,7,363,283
11.222222222222221,0.8,7.5,360,0.99,3.0,8,363,284
56.111111111111114,1.1,7.577645713530756,360,0.99,3.0,9,363,285
179.55555555555554,1.9,7.65,360,0.99,2.0,10,363,286
269.33333333333337,2.9,7.712132034355964,360,0.99,3.0,11,363,287
314.2222222222222,4.0,7.759807621135331,360,0.99,2.0,12,363,288
269.33333333333337,4.1,7.7897777478867205,360,0.99,3.0,13,363,289
168.33333333333331,4.0,7.8,360,0.99,3.0,14,363,290
112.22222222222223,4.0,7.7897777478867205,360,0.99,3.0,15,363,291
44.888888888888886,4.1,7.759807621135331,360,0.99,4.0,16,363,292
0.0,4.1,7.712132034355964,360,0.99,3.0,17,363,293
0.0,3.8,7.65,360,0.99,3.0,18,363,294
0.0,3.1,7.577645713530756,360,0.99,3.0,19,363,295
0.0,3.0,7.5,360,0.99,3.0,20,363,296
0.0,2.7,7.422354286469244,360,0.99,3.0,21,363,297
0.0,2.6,7.3500000000000005,360,0.99,2.0,22,363,298
0.0,2.6,7.287867965644036,360,0.99,2.0,23,363,299
0.0,2.6,7.240192378864669,360,0.99,2.0,24,363,300
0.0,2.7,7.508518543427733,360,0.99,2.0,1,364,301
0.0,2.9,7.5,360,0.99,2.0,2,364,302
0.0,3.0,7.508518543427733,360,0.99,2.0,3,364,303
0.0,3.2,7.533493649053891,360,0.99,2.0,4,364,304
0.0,3.3,7.5732233047033635,360,0.99,1.0,5,364,305
0.0,3.4,7.625,360,0.99,2.0,6,364,306
0.0,3.4,7.68529523872437,360,0.99,2.0,7,364,307
0.0,2.7,7.75,360,0.99,2.0,8,364,308
134.66666666666669,3.9,7.81470476127563,360,0.99,2.0,9,364,309
213.22222222222223,3.8,7.875,360,0.99,2.0,10,364,310
224.44444444444446,4.1,7.9267766952966365,360,0.99,2.0,11,364,311
246.8888888888889,4.3,7.966506350946109,360,0.99,2.0,12,364,312
145.88888888888889,4.4,7.991481456572267,360,0.99,2.0,13,364,313
157.1111111111111,4.6,8.0,360,0.99,2.0,14,364,314
78.55555555555554,4.8,7.991481456572267,360,0.99,2.0,15,364,315
33.66666666666667,4.9,7.966506350946109,360,0.99,2.0,16,364,316
0.0,4.9,7.9267766952966365,360,0.99,2.0,17,364,317
0.0,4.8,7.875,360,0.99,2.0,18,364,318
0.0,4.6,7.81470476127563,360,0.99,2.0,19,364,319
0.0,4.3,7.75,360,0.99,3.0,20,364,320
0.0,4.1,7.68529523872437,360,0.99,2.0,21,364,321
0.0,4.1,7.625,360,0.99,2.0,22,364,322
0.0,4.1,7.5732233047033635,360,0.99,2.0,23,364,323
0.0,4.2,7.533493649053891,360,0.99,2.0,24,364,324
0.0,3.9,7.60511112605664,360,0.99,3.0,1,365,325
0.0,3.6,7.6,360,0.99,2.0,2,365,326
0.0,3.5,7.60511112605664,360,0.99,3.0,3,365,327
0.0,3.4,7.620096189432334,360,0.99,2.0,4,365,328
0.0,3.2,7.643933982822017,360,0.99,2.0,5,365,329
0.0,2.9,7.675,360,0.99,2.0,6,365,330
0.0,2.8,7.711177143234622,360,0.99,2.0,7,365,331
0.0,2.7,7.75,360,0.99,3.0,8,365,332
22.444444444444443,2.8,7.788822856765378,360,0.99,3.0,9,365,333
67.33333333333334,2.9,7.825,360,0.99,3.0,10,365,334
112.22222222222223,3.2,7.856066017177983,360,0.99,3.0,11,365,335
190.77777777777777,3.6,7.879903810567666,360,0.99,3.0,12,365,336
213.22222222222223,4.0,7.89488887394336,360,0.99,2.0,13,365,337
157.1111111111111,4.1,7.9,360,0.99,2.0,14,365,338
89.77777777777777,3.9,7.89488887394336,360,0.99,2.0,15,365,339
33.66666666666667,3.6,7.879903810567666,360,0.99,2.0,16,365,340
0.0,3.3,7.856066017177983,360,0.99,3.0,17,365,341
0.0,3.1,7.825,360,0.99,3.0,18,365,342
0.0,3.1,7.788822856765378,360,0.99,3.0,19,365,343
0.0,3.2,7.75,360,0.99,3.0,20,365,344
0.0,3.2,7.711177143234622,360,0.99,2.0,21,365,345
0.0,3.3,7.675,360,0.99,2.0,22,365,346
0.0,3.5,7.643933982822017,360,0.99,2.0,23,365,347
0.0,3.5,7.620096189432334,360,0.99,1.0,24,365,348
0.0,3.3,7.610222252113279,360,0.99,2.0,1,366,349
0.0,3.4,7.6,360,0.99,2.0,2,366,350
0.0,3.6,7.610222252113279,360,0.99,2.0,3,366,351
0.0,3.7,7.640192378864668,360,0.99,2.0,4,366,352
0.0,3.8,7.687867965644036,360,0.99,2.0,5,366,353
0.0,3.7,7.749999999999999,360,0.99,2.0,6,366,354
0.0,3.8,7.822354286469244,360,0.99,2.0,7,366,355
0.0,3.8,7.8999999999999995,360,0.99,2.0,8,366,356
67.33333333333334,4.2,7.977645713530755,360,0.99,2.0,9,366,357
213.22222222222223,5.0,8.049999999999999,360,0.99,3.0,10,366,358
437.6666666666667,5.7,8.112132034355964,360,0.99,3.0,11,366,359
505.0,7.1,8.15980762113533,360,0.99,4.0,12,366,360
527.4444444444445,6.3,8.189777747886719,360,0.95,4.0,13,366,361
291.77777777777777,6.0,8.2,360,0.93,4.0,14,366,362
145.88888888888889,5.2,8.189777747886719,360,0.93,3.0,15,366,363
56.111111111111114,4.8,8.15980762113533,360,0.94,3.0,16,366,364
11.222222222222221,3.9,8.112132034355964,360,0.95,3.0,17,366,365
0.0,3.1,8.049999999999999,360,0.96,3.0,18,366,366
0.0,3.0,7.977645713530755,360,0.97,3.0,19,366,367
0.0,2.9,7.8999999999999995,360,0.97,3.0,20,366,368
0.0,2.3,7.822354286469244,360,0.98,4.0,21,366,369
0.0,2.3,7.75,360,0.98,4.0,22,366,370
0.0,2.3,7.687867965644036,360,0.98,4.0,23,366,371
0.0,2.3,7.640192378864668,360,0.99,6.0,24,366,372
0.0,2.3,2.618740795541013,360,1.0,4.0,1,1,373
0.0,2.3,2.6000000000000005,360,1.0,4.0,2,1,374
0.0,2.3,2.6187407955410125,360,1.0,5.0,3,1,375
0.0,2.3,2.673686027918559,360,1.0,4.0,4,1,376
0.0,2.0,2.761091270347399,360,1.0,6.0,5,1,377
0.0,1.4,2.875,360,1.0,4.0,6,1,378
0.0,0.6,3.007649525193614,360,1.0,5.0,7,1,379
0.0,0.4,3.1500000000000004,360,1.0,4.0,8,1,380
123.44444444444446,1.1,3.292350474806387,360,1.0,4.0,9,1,381
224.44444444444446,1.4,3.4250000000000003,360,1.0,6.0,10,1,382
392.7777777777778,2.1,3.5389087296526016,360,1.0,6.0,11,1,383
392.7777777777778,3.0,3.6263139720814417,360,0.97,7.0,12,1,384
370.33333333333337,2.4,3.6812592044589882,360,1.0,8.0,13,1,385
336.66666666666663,3.7,3.7,360,0.89,7.0,14,1,386
303.0,3.6,3.6812592044589882,360,0.91,6.0,15,1,387
134.66666666666669,2.5,3.6263139720814417,360,0.93,6.0,16,1,388
11.222222222222221,1.1,3.5389087296526016,360,0.98,4.0,17,1,389
0.0,0.3,3.4250000000000003,360,1.0,4.0,18,1,390
0.0,0.2,3.292350474806387,360,1.0,5.0,19,1,391
0.0,-0.2,3.1500000000000004,360,1.0,5.0,20,1,392
0.0,-0.7,3.007649525193614,360,1.0,4.0,21,1,393
0.0,-0.9,2.8750000000000004,360,1.0,4.0,22,1,394
0.0,-1.3,2.761091270347399,360,1.0,4.0,23,1,395
0.0,-1.5,2.673686027918559,360,1.0,4.0,24,1,396
0.0,-1.6,0.8374815910820248,360,1.0,4.0,1,2,397
0.0,-2.0,0.7999999999999998,360,1.0,4.0,2,2,398
0.0,-2.4,0.8374815910820246,360,1.0,2.0,3,2,399
0.0,-2.5,0.9473720558371171,360,1.0,3.0,4,2,400
0.0,-2.9,1.1221825406947972,360,1.0,3.0,5,2,401
0.0,-2.8,1.3499999999999994,360,1.0,2.0,6,2,402
0.0,-3.0,1.615299050387227,360,1.0,2.0,7,2,403
0.0,-2.8,1.9,360,1.0,3.0,8,2,404
78.55555555555554,-2.0,2.1847009496127727,360,1.0,3.0,9,2,405
179.55555555555554,-0.8,2.45,360,1.0,4.0,10,2,406
325.44444444444446,0.4,2.6778174593052024,360,0.98,3.0,11,2,407
269.33333333333337,1.8,2.8526279441628826,360,0.97,4.0,12,2,408
347.8888888888889,3.2,2.9625184089179752,360,0.91,4.0,13,2,409
224.44444444444446,3.3,3.0,360,0.93,4.0,14,2,410
101.0,3.2,2.9625184089179752,360,0.94,4.0,15,2,411
22.444444444444443,3.0,2.8526279441628826,360,0.96,4.0,16,2,412
0.0,2.6,2.6778174593052024,360,1.0,4.0,17,2,413
0.0,2.5,2.45,360,1.0,3.0,18,2,414
0.0,2.3,2.1847009496127727,360,1.0,3.0,19,2,415
0.0,2.3,1.9,360,1.0,3.0,20,2,416
0.0,5.0,1.615299050387227,360,1.0,6.0,21,2,417
0.0,5.3,1.35,360,1.0,10.0,22,2,418
0.0,5.2,1.1221825406947976,360,1.0,10.0,23,2,419
0.0,5.2,0.9473720558371173,360,1.0,7.0,24,2,420
0.0,5.3,2.042592717138665,360,1.0,6.0,1,3,421
0.0,4.6,2.0,360,1.0,6.0,2,3,422
0.0,4.0,2.042592717138665,360,1.0,3.0,3,3,423
0.0,3.0,2.1674682452694514,360,1.0,2.0,4,3,424
0.0,4.1,2.366116523516815,360,1.0,3.0,5,3,425
0.0,2.9,2.6249999999999996,360,1.0,3.0,6,3,426
0.0,2.7,2.9264761936218493,360,1.0,3.0,7,3,427
0.0,3.0,3.25,360,1.0,5.0,8,3,428
123.44444444444446,4.4,3.5735238063781507,360,1.0,5.0,9,3,429
157.1111111111111,5.3,3.875,360,0.97,6.0,10,3,430
179.55555555555554,6.8,4.133883476483184,360,0.94,5.0,11,3,431
213.22222222222223,7.4,4.332531754730549,360,0.86,5.0,12,3,432
101.0,7.3,4.457407282861335,360,0.88,5.0,13,3,433
78.55555555555554,7.0,4.5,360,1.0,2.0,14,3,434
101.0,7.1,4.457407282861335,360,0.99,4.0,15,3,435
22.444444444444443,6.8,4.332531754730549,360,1.0,4.0,16,3,436
0.0,6.6,4.133883476483184,360,1.0,4.0,17,3,437
0.0,6.5,3.875,360,1.0,3.0,18,3,438
0.0,6.4,3.5735238063781507,360,1.0,3.0,19,3,439
0.0,6.4,3.25,360,1.0,4.0,20,3,440
0.0,6.8,2.9264761936218493,360,1.0,4.0,21,3,441
0.0,6.8,2.625,360,1.0,4.0,22,3,442
0.0,5.7,2.3661165235168156,360,1.0,4.0,23,3,443
0.0,5.8,2.1674682452694514,360,1.0,4.0,24,3,444
0.0,5.8,4.3442964258242105,360,1.0,2.0,1,4,445
0.0,6.1,4.299999999999999,360,1.0,3.0,2,4,446
0.0,5.7,4.3442964258242105,360,1.0,2.0,3,4,447
0.0,5.8,4.474166975080228,360,1.0,2.0,4,4,448
0.0,6.0,4.680761184457487,360,1.0,3.0,5,4,449
0.0,5.7,4.949999999999999,360,1.0,2.0,6,4,450
0.0,5.5,5.263535241366723,360,1.0,2.0,7,4,451
11.222222222222221,5.8,5.6,360,1.0,4.0,8,4,452
44.888888888888886,6.1,5.936464758633277,360,1.0,5.0,9,4,453
179.55555555555554,7.1,6.25,360,1.0,6.0,10,4,454
325.44444444444446,8.1,6.519238815542511,360,1.0,7.0,11,4,455
179.55555555555554,8.3,6.72583302491977,360,1.0,8.0,12,4,456
168.33333333333331,8.9,6.855703574175789,360,1.0,8.0,13,4,457
179.55555555555554,9.3,6.9,360,1.0,6.0,14,4,458
56.111111111111114,8.6,6.855703574175789,360,1.0,8.0,15,4,459
22.444444444444443,8.6,6.72583302491977,360,1.0,8.0,16,4,460
0.0,8.9,6.519238815542511,360,1.0,7.0,17,4,461
0.0,8.8,6.25,360,1.0,8.0,18,4,462
0.0,8.5,5.936464758633277,360,1.0,8.0,19,4,463
0.0,9.0,5.6,360,1.0,8.0,20,4,464
0.0,9.2,5.263535241366723,360,1.0,9.0,21,4,465
0.0,9.2,4.95,360,1.0,10.0,22,4,466
0.0,9.0,4.680761184457488,360,1.0,11.0,23,4,467
0.0,8.7,4.474166975080229,360,1.0,11.0,24,4,468
0.0,8.5,6.325555630283199,360,1.0,12.0,1,5,469
0.0,8.1,6.3,360,1.0,12.0,2,5,470
0.0,8.1,6.325555630283199,360,1.0,14.0,3,5,471
0.0,8.0,6.400480947161671,360,1.0,13.0,4,5,472
0.0,7.9,6.519669914110089,360,1.0,12.0,5,5,473
0.0,8.3,6.675,360,1.0,13.0,6,5,474
0.0,8.5,6.855885716173109,360,1.0,12.0,7,5,475
0.0,8.5,7.05,360,1.0,9.0,8,5,476
22.444444444444443,8.8,7.244114283826891,360,1.0,6.0,9,5,477
56.111111111111114,8.5,7.425,360,1.0,7.0,10,5,478
44.888888888888886,8.8,7.58033008588991,360,1.0,8.0,11,5,479
56.111111111111114,9.0,7.699519052838329,360,1.0,6.0,12,5,480
78.55555555555554,9.1,7.774444369716801,360,1.0,7.0,13,5,481
78.55555555555554,9.0,7.8,360,1.0,8.0,14,5,482
56.111111111111114,9.1,7.774444369716801,360,1.0,8.0,15,5,483
22.444444444444443,9.0,7.699519052838329,360,1.0,9.0,16,5,484
0.0,7.9,7.58033008588991,360,1.0,7.0,17,5,485
0.0,7.7,7.425,360,1.0,5.0,18,5,486
0.0,7.8,7.244114283826891,360,1.0,4.0,19,5,487
0.0,9.0,7.05,360,1.0,4.0,20,5,488
0.0,11.7,6.855885716173109,360,1.0,11.0,21,5,489
0.0,8.4,6.675,360,1.0,10.0,22,5,490
0.0,8.2,6.519669914110089,360,1.0,3.0,23,5,491
0.0,8.3,6.400480947161671,360,1.0,3.0,24,5,492
0.0,8.4,7.1425927171386645,360,1.0,4.0,1,6,493
0.0,8.0,7.1,360,1.0,4.0,2,6,494
0.0,7.9,7.1425927171386645,360,1.0,5.0,3,6,495
0.0,7.9,7.267468245269451,360,1.0,4.0,4,6,496
0.0,7.9,7.466116523516815,360,1.0,4.0,5,6,497
0.0,7.7,7.724999999999999,360,1.0,4.0,6,6,498
0.0,7.5,8.026476193621848,360,1.0,3.0,7,6,499
0.0,7.7,8.35,360,1.0,3.0,8,6,500
44.888888888888886,7.8,8.673523806378151,360,1.0,4.0,9,6,501
101.0,8.3,8.975,360,1.0,4.0,10,6,502
112.22222222222223,8.7,9.233883476483184,360,1.0,3.0,11,6,503
213.22222222222223,9.7,9.432531754730547,360,1.0,5.0,12,6,504
179.55555555555554,9.8,9.557407282861336,360,1.0,6.0,13,6,505
112.22222222222223,10.1,9.6,360,1.0,7.0,14,6,506
78.55555555555554,11.8,9.557407282861336,360,1.0,11.0,15,6,507
11.222222222222221,11.9,9.432531754730547,360,1.0,12.0,16,6,508
0.0,11.8,9.233883476483184,360,1.0,10.0,17,6,509
0.0,11.8,8.975,360,1.0,11.0,18,6,510
0.0,11.4,8.673523806378151,360,1.0,12.0,19,6,511
0.0,11.4,8.35,360,1.0,12.0,20,6,512
0.0,11.5,8.026476193621848,360,1.0,9.0,21,6,513
0.0,11.4,7.725,360,1.0,10.0,22,6,514
0.0,11.5,7.466116523516815,360,1.0,11.0,23,6,515
0.0,11.4,7.267468245269451,360,1.0,10.0,24,6,516
0.0,11.5,8.117037086855465,360,1.0,11.0,1,7,517
0.0,11.2,8.1,360,1.0,11.0,2,7,518
0.0,10.0,8.117037086855465,360,1.0,9.0,3,7,519
0.0,9.7,8.166987298107781,360,1.0,8.0,4,7,520
0.0,9.5,8.246446609406725,360,1.0,8.0,5,7,521
0.0,9.1,8.35,360,1.0,7.0,6,7,522
0.0,8.7,8.47059047744874,360,1.0,6.0,7,7,523
0.0,8.1,8.6,360,1.0,6.0,8,7,524
89.77777777777777,8.4,8.72940952255126,360,1.0,5.0,9,7,525
291.77777777777777,9.5,8.85,360,1.0,5.0,10,7,526
471.33333333333337,10.2,8.953553390593273,360,0.92,6.0,11,7,527
561.1111111111111,10.7,9.033012701892218,360,0.78,7.0,12,7,528
572.3333333333333,11.5,9.082962913144534,360,0.67,9.0,13,7,529
448.8888888888889,11.5,9.1,360,0.67,8.0,14,7,530
347.8888888888889,11.0,9.082962913144534,360,0.7,7.0,15,7,531
145.88888888888889,9.6,9.033012701892218,360,0.76,6.0,16,7,532
11.222222222222221,8.0,8.953553390593273,360,0.84,4.0,17,7,533
0.0,7.0,8.85,360,0.94,4.0,18,7,534
0.0,6.5,8.72940952255126,360,1.0,4.0,19,7,535
0.0,6.0,8.6,360,1.0,4.0,20,7,536
0.0,6.2,8.47059047744874,360,1.0,4.0,21,7,537
0.0,6.9,8.35,360,1.0,4.0,22,7,538
0.0,6.6,8.246446609406727,360,1.0,4.0,23,7,539
0.0,6.3,8.166987298107781,360,1.0,3.0,24,7,540
0.0,5.5,6.72044450422656,360,1.0,4.0,1,8,541
0.0,5.4,6.700000000000001,360,1.0,2.0,2,8,542
0.0,5.5,6.72044450422656,360,1.0,3.0,3,8,543
0.0,5.7,6.780384757729338,360,1.0,4.0,4,8,544
0.0,5.6,6.875735931288072,360,1.0,4.0,5,8,545
0.0,5.4,7.0,360,1.0,4.0,6,8,546
0.0,5.8,7.144708572938488,360,1.0,4.0,7,8,547
0.0,6.1,7.300000000000001,360,1.0,6.0,8,8,548
67.33333333333334,5.9,7.455291427061513,360,1.0,5.0,9,8,549
134.66666666666669,5.8,7.6000000000000005,360,1.0,6.0,10,8,550
157.1111111111111,6.1,7.724264068711929,360,1.0,5.0,11,8,551
224.44444444444446,7.1,7.819615242270664,360,1.0,6.0,12,8,552
280.55555555555554,6.6,7.879555495773442,360,1.0,6.0,13,8,553
359.1111111111111,7.4,7.9,360,1.0,4.0,14,8,554
179.55555555555554,6.4,7.879555495773442,360,1.0,5.0,15,8,555
112.22222222222223,5.4,7.819615242270664,360,1.0,6.0,16,8,556
0.0,4.7,7.724264068711929,360,1.0,4.0,17,8,557
0.0,4.8,7.6000000000000005,360,1.0,2.0,18,8,558
0.0,4.4,7.455291427061513,360,1.0,2.0,19,8,559
0.0,4.8,7.300000000000001,360,1.0,3.0,20,8,560
0.0,5.5,7.144708572938488,360,1.0,5.0,21,8,561
0.0,6.1,7.000000000000001,360,1.0,6.0,22,8,562
0.0,6.2,6.875735931288072,360,1.0,7.0,23,8,563
0.0,6.3,6.780384757729338,360,1.0,8.0,24,8,564
0.0,6.6,6.528963047654292,360,1.0,7.0,1,9,565
0.0,7.0,6.5,360,1.0,7.0,2,9,566
0.0,7.0,6.528963047654292,360,1.0,7.0,3,9,567
0.0,7.0,6.613878406783227,360,1.0,6.0,4,9,568
0.0,7.1,6.7489592359914345,360,1.0,8.0,5,9,569
0.0,7.4,6.925,360,1.0,8.0,6,9,570
0.0,8.3,7.130003811662857,360,1.0,8.0,7,9,571
0.0,8.5,7.35,360,1.0,7.0,8,9,572
33.66666666666667,8.5,7.569996188337142,360,1.0,7.0,9,9,573
67.33333333333334,8.8,7.7749999999999995,360,1.0,8.0,10,9,574
44.888888888888886,9.1,7.951040764008565,360,1.0,8.0,11,9,575
112.22222222222223,8.8,8.086121593216772,360,1.0,7.0,12,9,576
190.77777777777777,9.1,8.171036952345707,360,1.0,4.0,13,9,577
179.55555555555554,9.1,8.2,360,1.0,6.0,14,9,578
258.11111111111114,9.9,8.171036952345707,360,0.89,5.0,15,9,579
157.1111111111111,8.5,8.086121593216772,360,0.84,4.0,16,9,580
11.222222222222221,5.3,7.951040764008565,360,1.0,2.0,17,9,581
0.0,3.2,7.7749999999999995,360,1.0,2.0,18,9,582
0.0,4.9,7.569996188337142,360,1.0,2.0,19,9,583
0.0,4.0,7.35,360,1.0,1.0,20,9,584
0.0,4.1,7.130003811662857,360,1.0,2.0,21,9,585
0.0,3.4,6.925,360,1.0,2.0,22,9,586
0.0,3.2,6.7489592359914345,360,1.0,3.0,23,9,587
0.0,3.2,6.613878406783227,360,1.0,3.0,24,9,588
0.0,4.9,5.451111260566398,360,1.0,4.0,1,10,589
0.0,6.1,5.4,360,1.0,6.0,2,10,590
0.0,7.8,5.451111260566398,360,1.0,8.0,3,10,591
0.0,7.9,5.600961894323342,360,1.0,8.0,4,10,592
0.0,8.0,5.8393398282201785,360,1.0,10.0,5,10,593
0.0,8.1,6.1499999999999995,360,1.0,10.0,6,10,594
0.0,8.4,6.51177143234622,360,1.0,11.0,7,10,595
0.0,8.6,6.9,360,1.0,11.0,8,10,596
67.33333333333334,8.7,7.288228567653782,360,1.0,11.0,9,10,597
112.22222222222223,9.0,7.65,360,1.0,10.0,10,10,598
224.44444444444446,9.5,7.960660171779821,360,1.0,10.0,11,10,599
291.77777777777777,10.0,8.199038105676658,360,1.0,10.0,12,10,600
280.55555555555554,10.1,8.348888739433603,360,0.97,11.0,13,10,601
224.44444444444446,10.5,8.4,360,0.96,9.0,14,10,602
258.11111111111114,10.6,8.348888739433603,360,0.92,9.0,15,10,603
89.77777777777777,10.2,8.199038105676658,360,0.94,9.0,16,10,604
11.222222222222221,9.7,7.960660171779821,360,0.97,8.0,17,10,605
0.0,9.2,7.65,360,0.97,8.0,18,10,606
0.0,9.1,7.288228567653782,360,1.0,8.0,19,10,607
0.0,8.6,6.9,360,1.0,9.0,20,10,608
0.0,8.6,6.51177143234622,360,1.0,10.0,21,10,609
0.0,8.5,6.15,360,1.0,10.0,22,10,610
0.0,8.8,5.839339828220179,360,0.99,8.0,23,10,611
0.0,8.7,5.600961894323342,360,0.97,10.0,24,10,612
0.0,8.9,7.006814834742187,360,0.93,11.0,1,11,613
0.0,8.7,7.0,360,0.93,11.0,2,11,614
0.0,8.7,7.006814834742186,360,0.91,12.0,3,11,615
0.0,8.6,7.0267949192431125,360,0.92,12.0,4,11,616
0.0,8.2,7.05857864376269,360,0.93,11.0,5,11,617
0.0,8.6,7.1,360,0.88,12.0,6,11,618
0.0,9.5,7.148236190979496,360,0.82,12.0,7,11,619
0.0,9.1,7.2,360,0.88,12.0,8,11,620
44.888888888888886,9.5,7.251763809020504,360,0.86,13.0,9,11,621
56.111111111111114,9.8,7.300000000000001,360,0.81,12.0,10,11,622
67.33333333333334,8.2,7.341421356237309,360,1.0,11.0,11,11,623
56.111111111111114,7.9,7.373205080756888,360,1.0,8.0,12,11,624
44.888888888888886,6.8,7.393185165257814,360,0.97,14.0,13,11,625
56.111111111111114,6.7,7.4,360,1.0,8.0,14,11,626
44.888888888888886,6.8,7.393185165257814,360,1.0,12.0,15,11,627
56.111111111111114,7.0,7.373205080756888,360,0.99,10.0,16,11,628
0.0,7.0,7.341421356237309,360,1.0,14.0,17,11,629
0.0,6.8,7.300000000000001,360,0.95,12.0,18,11,630
0.0,7.0,7.251763809020504,360,0.9,12.0,19,11,631
0.0,6.6,7.2,360,0.9,14.0,20,11,632
0.0,6.5,7.148236190979496,360,0.91,11.0,21,11,633
0.0,6.0,7.1000000000000005,360,0.94,12.0,22,11,634
0.0,5.3,7.058578643762691,360,0.97,8.0,23,11,635
0.0,5.0,7.0267949192431125,360,1.0,7.0,24,11,636
0.0,4.8,4.328963047654292,360,0.96,5.0,1,12,637
0.0,3.6,4.300000000000001,360,1.0,6.0,2,12,638
0.0,3.1,4.328963047654292,360,1.0,5.0,3,12,639
0.0,3.7,4.413878406783227,360,1.0,5.0,4,12,640
0.0,3.9,4.548959235991434,360,1.0,5.0,5,12,641
0.0,3.5,4.725,360,1.0,6.0,6,12,642
0.0,2.5,4.930003811662858,360,1.0,4.0,7,12,643
11.222222222222221,1.8,5.15,360,1.0,4.0,8,12,644
145.88888888888889,2.8,5.369996188337143,360,1.0,4.0,9,12,645
370.33333333333337,4.8,5.575,360,0.97,4.0,10,12,646
460.11111111111114,6.6,5.751040764008566,360,0.84,5.0,11,12,647
617.2222222222222,7.7,5.886121593216774,360,0.66,5.0,12,12,648
527.4444444444445,8.2,5.971036952345709,360,0.58,6.0,13,12,649
404.0,7.8,6.0,360,0.66,5.0,14,12,650
291.77777777777777,7.7,5.971036952345709,360,0.71,7.0,15,12,651
157.1111111111111,7.6,5.886121593216774,360,0.75,6.0,16,12,652
22.444444444444443,5.9,5.751040764008566,360,0.86,4.0,17,12,653
0.0,5.8,5.575,360,0.9,3.0,18,12,654
0.0,6.0,5.369996188337143,360,0.9,5.0,19,12,655
0.0,5.5,5.15,360,0.95,5.0,20,12,656
0.0,5.1,4.930003811662858,360,0.96,5.0,21,12,657
0.0,4.9,4.7250000000000005,360,0.99,6.0,22,12,658
0.0,5.1,4.548959235991435,360,1.0,5.0,23,12,659
0.0,5.5,4.413878406783227,360,1.0,6.0,24,12,660
0.0,5.6,4.923851921597652,360,1.0,6.0,1,13,661
0.0,5.5,4.9,360,1.0,6.0,2,13,662
0.0,5.7,4.923851921597652,360,1.0,6.0,3,13,663
0.0,5.4,4.993782217350892,360,1.0,6.0,4,13,664
0.0,5.5,5.1050252531694165,360,1.0,6.0,5,13,665
0.0,5.3,5.249999999999999,360,1.0,6.0,6,13,666
0.0,4.4,5.418826668428236,360,1.0,6.0,7,13,667
11.222222222222221,4.3,5.6,360,1.0,7.0,8,13,668
123.44444444444446,4.4,5.781173331571764,360,1.0,6.0,9,13,669
291.77777777777777,6.1,5.949999999999999,360,0.96,7.0,10,13,670
336.66666666666663,6.5,6.094974746830583,360,0.91,6.0,11,13,671
303.0,7.1,6.206217782649107,360,0.85,7.0,12,13,672
314.2222222222222,7.8,6.276148078402347,360,0.78,7.0,13,13,673
381.55555555555554,8.8,6.299999999999999,360,0.64,6.0,14,13,674
269.33333333333337,8.5,6.276148078402347,360,0.59,8.0,15,13,675
101.0,6.8,6.206217782649107,360,0.71,8.0,16,13,676
11.222222222222221,6.8,6.094974746830583,360,0.68,6.0,17,13,677
0.0,6.5,5.949999999999999,360,0.69,7.0,18,13,678
0.0,6.3,5.781173331571764,360,0.74,8.0,19,13,679
0.0,6.6,5.6,360,0.72,8.0,20,13,680
0.0,6.5,5.418826668428236,360,0.71,9.0,21,13,681
0.0,6.3,5.25,360,0.77,10.0,22,13,682
0.0,6.4,5.1050252531694165,360,0.76,9.0,23,13,683
0.0,5.4,4.993782217350892,360,0.83,9.0,24,13,684
0.0,5.5,4.144296425824211,360,0.88,9.0,1,14,685
0.0,5.3,4.1,360,0.84,10.0,2,14,686
0.0,5.2,4.144296425824211,360,0.87,8.0,3,14,687
0.0,5.1,4.274166975080229,360,0.88,8.0,4,14,688
0.0,5.0,4.480761184457488,360,0.89,8.0,5,14,689
0.0,5.1,4.75,360,0.88,8.0,6,14,690
0.0,4.8,5.063535241366724,360,0.9,8.0,7,14,691
11.222222222222221,5.2,5.4,360,0.91,8.0,8,14,692
89.77777777777777,6.4,5.736464758633278,360,0.86,8.0,9,14,693
213.22222222222223,7.3,6.050000000000001,360,0.85,8.0,10,14,694
269.33333333333337,8.7,6.319238815542512,360,0.79,10.0,11,14,695
269.33333333333337,9.5,6.525833024919771,360,0.76,8.0,12,14,696
325.44444444444446,10.5,6.6557035741757895,360,0.73,10.0,13,14,697
336.66666666666663,10.5,6.700000000000001,360,0.76,9.0,14,14,698
157.1111111111111,10.0,6.6557035741757895,360,0.8,8.0,15,14,699
78.55555555555554,9.1,6.525833024919771,360,0.9,6.0,16,14,700
11.222222222222221,7.9,6.319238815542512,360,1.0,7.0,17,14,701
0.0,7.5,6.050000000000001,360,1.0,4.0,18,14,702
0.0,7.5,5.736464758633278,360,1.0,5.0,19,14,703
0.0,7.5,5.4,360,1.0,6.0,20,14,704
0.0,6.9,5.063535241366724,360,1.0,6.0,21,14,705
0.0,6.9,4.750000000000001,360,1.0,6.0,22,14,706
0.0,6.8,4.480761184457489,360,1.0,6.0,23,14,707
0.0,6.9,4.27416697508023,360,1.0,6.0,24,14,708
0.0,7.5,5.911925960798826,360,1.0,8.0,1,15,709
0.0,7.7,5.9,360,1.0,10.0,2,15,710
0.0,7.2,5.911925960798826,360,1.0,9.0,3,15,711
0.0,7.2,5.946891108675446,360,1.0,10.0,4,15,712
0.0,6.6,6.002512626584709,360,1.0,10.0,5,15,713
0.0,6.4,6.075,360,1.0,11.0,6,15,714
0.0,6.9,6.1594133342141175,360,0.9,11.0,7,15,715
0.0,6.3,6.25,360,0.96,11.0,8,15,716
22.444444444444443,5.9,6.3405866657858825,360,0.99,12.0,9,15,717
44.888888888888886,5.8,6.425,360,1.0,12.0,10,15,718
78.55555555555554,6.1,6.497487373415291,360,1.0,14.0,11,15,719
190.77777777777777,6.8,6.553108891324554,360,0.94,13.0,12,15,720
202.0,7.6,6.588074039201174,360,0.85,17.0,13,15,721
224.44444444444446,8.4,6.6,360,0.76,16.0,14,15,722
67.33333333333334,7.6,6.588074039201174,360,0.84,17.0,15,15,723
11.222222222222221,7.6,6.553108891324554,360,0.88,15.0,16,15,724
11.222222222222221,8.1,6.497487373415291,360,0.83,15.0,17,15,725
0.0,7.6,6.425,360,0.92,16.0,18,15,726
0.0,7.0,6.3405866657858825,360,1.0,15.0,19,15,727
0.0,7.5,6.25,360,1.0,12.0,20,15,728
0.0,7.8,6.1594133342141175,360,1.0,13.0,21,15,729
0.0,8.1,6.075,360,1.0,13.0,22,15,730
0.0,9.0,6.002512626584709,360,0.94,14.0,23,15,731
0.0,8.4,5.946891108675446,360,0.94,15.0,24,15,732
0.0,7.7,5.822148212912105,360,0.79,14.0,1,16,733
0.0,6.7,5.799999999999999,360,0.97,10.0,2,16,734
0.0,6.5,5.822148212912105,360,1.0,8.0,3,16,735
0.0,6.7,5.887083487540114,360,1.0,8.0,4,16,736
0.0,5.7,5.990380592228743,360,1.0,10.0,5,16,737
0.0,5.2,6.124999999999999,360,1.0,10.0,6,16,738
0.0,5.8,6.281767620683361,360,1.0,11.0,7,16,739
0.0,5.5,6.449999999999999,360,1.0,10.0,8,16,740
56.111111111111114,5.7,6.6182323793166375,360,1.0,8.0,9,16,741
101.0,6.3,6.7749999999999995,360,1.0,9.0,10,16,742
190.77777777777777,6.5,6.909619407771255,360,1.0,8.0,11,16,743
168.33333333333331,6.9,7.012916512459884,360,0.98,7.0,12,16,744
246.8888888888889,7.8,7.077851787087893,360,0.96,6.0,13,16,745
347.8888888888889,8.8,7.1,360,0.85,8.0,14,16,746
370.33333333333337,9.3,7.077851787087893,360,0.73,10.0,15,16,747
157.1111111111111,8.2,7.012916512459884,360,0.79,8.0,16,16,748
11.222222222222221,7.8,6.909619407771255,360,0.91,6.0,17,16,749
0.0,8.5,6.7749999999999995,360,0.98,8.0,18,16,750
0.0,7.5,6.6182323793166375,360,0.92,9.0,19,16,751
0.0,7.4,6.449999999999999,360,0.96,8.0,20,16,752
0.0,7.1,6.281767620683361,360,0.97,9.0,21,16,753
0.0,7.2,6.124999999999999,360,0.97,7.0,22,16,754
0.0,6.9,5.990380592228743,360,0.99,8.0,23,16,755
0.0,6.6,5.887083487540115,360,0.98,6.0,24,16,756
0.0,6.8,5.739185299767572,360,0.99,6.0,1,17,757
0.0,6.9,5.699999999999999,360,1.0,5.0,2,17,758
0.0,6.8,5.739185299767572,360,1.0,4.0,3,17,759
0.0,6.7,5.854070785647895,360,1.0,4.0,4,17,760
0.0,7.1,6.03682720163547,360,1.0,4.0,5,17,761
0.0,7.6,6.2749999999999995,360,1.0,6.0,6,17,762
0.0,7.5,6.552358098132101,360,1.0,6.0,7,17,763
0.0,7.1,6.85,360,1.0,5.0,8,17,764
67.33333333333334,7.7,7.147641901867899,360,1.0,8.0,9,17,765
78.55555555555554,7.7,7.425,360,1.0,9.0,10,17,766
101.0,7.8,7.6631727983645295,360,1.0,10.0,11,17,767
78.55555555555554,8.2,7.845929214352104,360,1.0,9.0,12,17,768
44.888888888888886,8.7,7.960814700232428,360,1.0,10.0,13,17,769
44.888888888888886,9.0,8.0,360,1.0,11.0,14,17,770
44.888888888888886,8.9,7.960814700232428,360,1.0,10.0,15,17,771
22.444444444444443,9.2,7.845929214352104,360,1.0,9.0,16,17,772
0.0,9.5,7.6631727983645295,360,1.0,6.0,17,17,773
0.0,9.7,7.425,360,1.0,7.0,18,17,774
0.0,9.9,7.147641901867899,360,1.0,6.0,19,17,775
0.0,10.3,6.85,360,1.0,8.0,20,17,776
0.0,10.9,6.552358098132101,360,1.0,7.0,21,17,777
0.0,10.5,6.275,360,1.0,7.0,22,17,778
0.0,10.1,6.03682720163547,360,1.0,6.0,23,17,779
0.0,10.1,5.854070785647895,360,1.0,6.0,24,17,780
0.0,9.5,7.535777882396479,360,1.0,5.0,1,18,781
0.0,9.3,7.500000000000001,360,1.0,6.0,2,18,782
0.0,9.6,7.535777882396479,360,1.0,6.0,3,18,783
0.0,9.6,7.64067332602634,360,1.0,7.0,4,18,784
0.0,9.5,7.8075378797541255,360,1.0,7.0,5,18,785
0.0,9.6,8.025,360,1.0,10.0,6,18,786
0.0,9.8,8.278240002642354,360,1.0,7.0,7,18,787
0.0,9.7,8.55,360,1.0,7.0,8,18,788
56.111111111111114,10.0,8.821759997357647,360,1.0,8.0,9,18,789
157.1111111111111,10.8,9.075000000000001,360,1.0,8.0,10,18,790
179.55555555555554,11.3,9.292462120245876,360,1.0,8.0,11,18,791
123.44444444444446,11.5,9.459326673973662,360,1.0,8.0,12,18,792
101.0,11.8,9.564222117603522,360,1.0,8.0,13,18,793
112.22222222222223,12.0,9.600000000000001,360,1.0,8.0,14,18,794
67.33333333333334,12.0,9.564222117603522,360,1.0,9.0,15,18,795
33.66666666666667,11.7,9.459326673973662,360,1.0,10.0,16,18,796
11.222222222222221,11.5,9.292462120245876,360,1.0,8.0,17,18,797
0.0,11.3,9.075000000000001,360,1.0,8.0,18,18,798
0.0,11.2,8.821759997357647,360,1.0,6.0,19,18,799
0.0,11.1,8.55,360,1.0,8.0,20,18,800
0.0,11.1,8.278240002642354,360,1.0,7.0,21,18,801
0.0,11.0,8.025,360,1.0,8.0,22,18,802
0.0,10.7,7.807537879754126,360,1.0,7.0,23,18,803
0.0,10.6,7.64067332602634,360,1.0,6.0,24,18,804
0.0,10.5,8.920444504226559,360,1.0,6.0,1,19,805
0.0,10.4,8.9,360,1.0,6.0,2,19,806
0.0,10.0,8.920444504226559,360,1.0,6.0,3,19,807
0.0,10.0,8.980384757729336,360,1.0,4.0,4,19,808
0.0,9.9,9.075735931288072,360,1.0,4.0,5,19,809
0.0,9.9,9.2,360,1.0,4.0,6,19,810
0.0,9.9,9.344708572938488,360,1.0,4.0,7,19,811
0.0,9.8,9.5,360,1.0,4.0,8,19,812
44.888888888888886,10.0,9.655291427061512,360,1.0,4.0,9,19,813
101.0,10.6,9.8,360,1.0,4.0,10,19,814
202.0,11.4,9.924264068711928,360,1.0,5.0,11,19,815
190.77777777777777,11.8,10.019615242270662,360,0.97,4.0,12,19,816
190.77777777777777,12.2,10.079555495773441,360,0.91,4.0,13,19,817
145.88888888888889,12.2,10.1,360,0.88,4.0,14,19,818
112.22222222222223,12.2,10.079555495773441,360,0.86,4.0,15,19,819
67.33333333333334,11.8,10.019615242270662,360,0.87,3.0,16,19,820
0.0,11.3,9.924264068711928,360,0.9,2.0,17,19,821
0.0,11.0,9.8,360,0.92,2.0,18,19,822
0.0,10.7,9.655291427061512,360,0.94,2.0,19,19,823
0.0,10.3,9.5,360,0.95,2.0,20,19,824
0.0,10.3,9.344708572938488,360,0.94,2.0,21,19,825
0.0,10.2,9.200000000000001,360,0.91,2.0,22,19,826
0.0,9.9,9.075735931288072,360,0.93,2.0,23,19,827
0.0,10.0,8.980384757729338,360,0.84,2.0,24,19,828
0.0,9.6,8.437481591082026,360,0.87,2.0,1,20,829
0.0,9.3,8.4,360,0.89,2.0,2,20,830
0.0,9.7,8.437481591082026,360,0.83,2.0,3,20,831
0.0,8.8,8.547372055837117,360,0.93,2.0,4,20,832
0.0,8.8,8.722182540694797,360,0.91,2.0,5,20,833
0.0,8.5,8.95,360,0.95,2.0,6,20,834
0.0,8.2,9.215299050387227,360,0.99,1.0,7,20,835
11.222222222222221,8.4,9.5,360,0.97,1.0,8,20,836
56.111111111111114,9.4,9.784700949612773,360,0.94,1.0,9,20,837
157.1111111111111,11.4,10.05,360,0.67,3.0,10,20,838
303.0,11.9,10.277817459305203,360,0.64,2.0,11,20,839
404.0,12.4,10.452627944162883,360,0.59,4.0,12,20,840
774.3333333333333,12.3,10.562518408917974,360,0.64,3.0,13,20,841
303.0,11.6,10.6,360,0.63,3.0,14,20,842
415.2222222222223,12.9,10.562518408917974,360,0.58,2.0,15,20,843
235.66666666666669,11.0,10.452627944162883,360,0.63,3.0,16,20,844
22.444444444444443,10.2,10.277817459305203,360,0.7,2.0,17,20,845
0.0,9.4,10.05,360,0.73,2.0,18,20,846
0.0,6.8,9.784700949612773,360,0.95,2.0,19,20,847
0.0,5.9,9.5,360,0.95,1.0,20,20,848
0.0,5.4,9.215299050387227,360,0.97,1.0,21,20,849
0.0,5.3,8.950000000000001,360,0.95,1.0,22,20,850
0.0,4.6,8.722182540694797,360,1.0,1.0,23,20,851
0.0,3.3,8.547372055837117,360,1.0,1.0,24,20,852
0.0,2.6,4.861333512679677,360,1.0,1.0,1,21,853
0.0,3.1,4.799999999999999,360,1.0,1.0,2,21,854
0.0,2.0,4.861333512679677,360,1.0,1.0,3,21,855
0.0,2.1,5.04115427318801,360,1.0,1.0,4,21,856
0.0,1.2,5.327207793864213,360,1.0,1.0,5,21,857
0.0,0.5,5.699999999999998,360,1.0,1.0,6,21,858
0.0,2.7,6.134125718815462,360,1.0,2.0,7,21,859
11.222222222222221,3.0,6.6,360,1.0,4.0,8,21,860
168.33333333333331,3.6,7.065874281184537,360,1.0,6.0,9,21,861
359.1111111111111,5.6,7.5,360,1.0,5.0,10,21,862
505.0,6.9,7.872792206135785,360,1.0,6.0,11,21,863
415.2222222222223,8.1,8.15884572681199,360,0.95,8.0,12,21,864
224.44444444444446,7.6,8.338666487320323,360,1.0,8.0,13,21,865
89.77777777777777,8.9,8.4,360,1.0,8.0,14,21,866
67.33333333333334,10.0,8.338666487320323,360,1.0,9.0,15,21,867
56.111111111111114,10.2,8.15884572681199,360,1.0,8.0,16,21,868
11.222222222222221,10.2,7.872792206135785,360,1.0,9.0,17,21,869
0.0,10.2,7.5,360,1.0,9.0,18,21,870
0.0,10.3,7.065874281184537,360,1.0,10.0,19,21,871
0.0,10.1,6.6,360,1.0,12.0,20,21,872
0.0,9.8,6.134125718815462,360,1.0,10.0,21,21,873
0.0,10.0,5.7,360,1.0,9.0,22,21,874
0.0,10.4,5.327207793864214,360,1.0,10.0,23,21,875
0.0,10.5,5.04115427318801,360,1.0,10.0,24,21,876
0.0,10.4,7.537481591082025,360,1.0,12.0,1,22,877
0.0,10.1,7.5,360,1.0,9.0,2,22,878
0.0,10.0,7.537481591082025,360,1.0,9.0,3,22,879
0.0,9.8,7.647372055837117,360,1.0,10.0,4,22,880
0.0,9.6,7.822182540694797,360,1.0,8.0,5,22,881
0.0,9.4,8.049999999999999,360,1.0,8.0,6,22,882
0.0,9.4,8.315299050387226,360,1.0,7.0,7,22,883
0.0,9.5,8.6,360,1.0,7.0,8,22,884
33.66666666666667,9.7,8.884700949612773,360,1.0,6.0,9,22,885
134.66666666666669,10.3,9.15,360,0.91,5.0,10,22,886
347.8888888888889,10.5,9.377817459305202,360,0.83,6.0,11,22,887
347.8888888888889,11.2,9.552627944162882,360,0.74,6.0,12,22,888
572.3333333333333,11.8,9.662518408917975,360,0.72,6.0,13,22,889
336.66666666666663,10.9,9.7,360,0.77,5.0,14,22,890
157.1111111111111,10.5,9.662518408917975,360,0.79,4.0,15,22,891
101.0,10.3,9.552627944162882,360,0.8,3.0,16,22,892
22.444444444444443,9.5,9.377817459305202,360,0.88,2.0,17,22,893
0.0,9.1,9.15,360,0.91,2.0,18,22,894
0.0,8.4,8.884700949612773,360,0.9,2.0,19,22,895
0.0,6.8,8.6,360,0.99,1.0,20,22,896
0.0,5.2,8.315299050387226,360,1.0,0.0,21,22,897
0.0,4.5,8.05,360,1.0,1.0,22,22,898
0.0,3.1,7.822182540694798,360,1.0,1.0,23,22,899
0.0,4.0,7.647372055837117,360,1.0,2.0,24,22,900
0.0,3.1,5.354518677937492,360,1.0,1.0,1,23,901
0.0,2.8,5.300000000000001,360,1.0,1.0,2,23,902
0.0,1.5,5.354518677937491,360,1.0,1.0,3,23,903
0.0,2.0,5.514359353944898,360,1.0,1.0,4,23,904
0.0,1.7,5.768629150101524,360,1.0,0.0,5,23,905
0.0,2.7,6.1,360,1.0,0.0,6,23,906
0.0,3.4,6.485889527835967,360,1.0,2.0,7,23,907
0.0,3.8,6.9,360,1.0,1.0,8,23,908
56.111111111111114,3.6,7.3141104721640335,360,1.0,2.0,9,23,909
280.55555555555554,7.7,7.700000000000001,360,1.0,2.0,10,23,910
505.0,9.9,8.031370849898476,360,0.8,3.0,11,23,911
606.0,11.2,8.285640646055102,360,0.73,3.0,12,23,912
628.4444444444443,11.9,8.44548132206251,360,0.71,2.0,13,23,913
549.8888888888889,11.7,8.5,360,0.74,3.0,14,23,914
392.7777777777778,11.9,8.44548132206251,360,0.73,3.0,15,23,915
190.77777777777777,11.0,8.285640646055102,360,0.76,0.0,16,23,916
22.444444444444443,8.4,8.031370849898476,360,0.98,1.0,17,23,917
0.0,5.9,7.700000000000001,360,1.0,1.0,18,23,918
0.0,5.3,7.3141104721640335,360,1.0,1.0,19,23,919
0.0,5.3,6.9,360,1.0,1.0,20,23,920
0.0,4.8,6.485889527835967,360,1.0,1.0,21,23,921
0.0,4.1,6.1000000000000005,360,1.0,1.0,22,23,922
0.0,3.7,5.768629150101525,360,1.0,1.0,23,23,923
0.0,2.7,5.514359353944898,360,1.0,1.0,24,23,924
0.0,2.8,4.1545186779374905,360,1.0,2.0,1,24,925
0.0,2.1,4.1,360,1.0,2.0,2,24,926
0.0,2.3,4.15451867793749,360,1.0,1.0,3,24,927
0.0,1.6,4.314359353944897,360,1.0,1.0,4,24,928
0.0,1.6,4.568629150101523,360,1.0,2.0,5,24,929
0.0,1.6,4.899999999999999,360,1.0,1.0,6,24,930
0.0,1.7,5.285889527835966,360,1.0,2.0,7,24,931
11.222222222222221,2.1,5.699999999999999,360,1.0,2.0,8,24,932
89.77777777777777,2.8,6.1141104721640325,360,1.0,1.0,9,24,933
258.11111111111114,5.0,6.5,360,1.0,2.0,10,24,934
448.8888888888889,7.0,6.831370849898476,360,1.0,2.0,11,24,935
404.0,8.3,7.085640646055102,360,0.94,2.0,12,24,936
359.1111111111111,8.7,7.245481322062509,360,0.99,2.0,13,24,937
224.44444444444446,9.2,7.299999999999999,360,0.99,3.0,14,24,938
168.33333333333331,9.4,7.245481322062509,360,1.0,2.0,15,24,939
56.111111111111114,9.3,7.085640646055102,360,1.0,2.0,16,24,940
0.0,8.9,6.831370849898476,360,1.0,2.0,17,24,941
0.0,8.6,6.5,360,1.0,2.0,18,24,942
0.0,8.4,6.1141104721640325,360,1.0,2.0,19,24,943
0.0,8.3,5.699999999999999,360,1.0,3.0,20,24,944
0.0,8.2,5.285889527835966,360,1.0,4.0,21,24,945
0.0,7.6,4.8999999999999995,360,1.0,6.0,22,24,946
0.0,7.1,4.568629150101524,360,1.0,6.0,23,24,947
0.0,6.4,4.314359353944897,360,1.0,7.0,24,24,948
0.0,5.4,4.339185299767571,360,1.0,6.0,1,25,949
0.0,4.6,4.299999999999999,360,1.0,5.0,2,25,950
0.0,4.0,4.339185299767571,360,1.0,5.0,3,25,951
0.0,3.5,4.454070785647895,360,1.0,5.0,4,25,952
0.0,2.5,4.6368272016354695,360,1.0,5.0,5,25,953
0.0,1.7,4.874999999999999,360,1.0,2.0,6,25,954
0.0,0.8,5.1523580981321,360,1.0,2.0,7,25,955
11.222222222222221,1.5,5.449999999999999,360,1.0,2.0,8,25,956
123.44444444444446,2.3,5.747641901867898,360,1.0,2.0,9,25,957
134.66666666666669,2.8,6.0249999999999995,360,1.0,6.0,10,25,958
213.22222222222223,3.1,6.263172798364529,360,1.0,4.0,11,25,959
561.1111111111111,5.4,6.445929214352104,360,1.0,5.0,12,25,960
673.3333333333333,7.2,6.560814700232427,360,0.8,6.0,13,25,961
617.2222222222222,8.2,6.6,360,0.71,6.0,14,25,962
482.5555555555556,8.7,6.560814700232427,360,0.64,6.0,15,25,963
269.33333333333337,7.4,6.445929214352104,360,0.63,7.0,16,25,964
67.33333333333334,5.6,6.263172798364529,360,0.72,4.0,17,25,965
0.0,3.9,6.0249999999999995,360,0.82,2.0,18,25,966
0.0,2.9,5.747641901867898,360,0.88,2.0,19,25,967
0.0,2.1,5.449999999999999,360,0.9,2.0,20,25,968
0.0,2.3,5.1523580981321,360,0.9,3.0,21,25,969
0.0,1.9,4.875,360,0.92,3.0,22,25,970
0.0,0.8,4.6368272016354695,360,0.97,2.0,23,25,971
0.0,0.7,4.454070785647895,360,0.96,2.0,24,25,972
0.0,0.6,1.8562223866230372,360,0.99,3.0,1,26,973
0.0,0.1,1.7999999999999998,360,1.0,3.0,2,26,974
0.0,-0.4,1.8562223866230372,360,1.0,2.0,3,26,975
0.0,-1.1,2.0210580837556757,360,1.0,2.0,4,26,976
0.0,-1.0,2.2832738110421955,360,1.0,3.0,5,26,977
0.0,-1.4,2.624999999999999,360,1.0,3.0,6,26,978
0.0,-0.6,3.0229485755808407,360,1.0,4.0,7,26,979
11.222222222222221,0.6,3.4499999999999997,360,0.91,5.0,8,26,980
190.77777777777777,1.4,3.877051424419159,360,0.89,4.0,9,26,981
392.7777777777778,2.6,4.275,360,0.84,3.0,10,26,982
583.5555555555555,5.6,4.616726188957803,360,0.68,3.0,11,26,983
695.7777777777778,9.2,4.878941916244323,360,0.52,4.0,12,26,984
729.4444444444443,12.0,5.043777613376962,360,0.41,4.0,13,26,985
650.8888888888889,13.1,5.1,360,0.38,5.0,14,26,986
505.0,12.0,5.043777613376962,360,0.5,6.0,15,26,987
280.55555555555554,10.3,4.878941916244323,360,0.57,5.0,16,26,988
67.33333333333334,7.6,4.616726188957803,360,0.64,4.0,17,26,989
0.0,5.7,4.275,360,0.69,5.0,18,26,990
0.0,4.9,3.877051424419159,360,0.69,5.0,19,26,991
0.0,4.2,3.4499999999999997,360,0.66,5.0,20,26,992
0.0,2.3,3.0229485755808407,360,0.76,4.0,21,26,993
0.0,1.4,2.625,360,0.82,2.0,22,26,994
0.0,-0.1,2.2832738110421964,360,0.87,3.0,23,26,995
0.0,-0.1,2.021058083755676,360,0.94,2.0,24,26,996
0.0,-1.4,1.2511112605663979,360,0.95,2.0,1,27,997
0.0,-2.0,1.2000000000000002,360,0.98,2.0,2,27,998
0.0,-2.0,1.2511112605663977,360,1.0,2.0,3,27,999
0.0,-2.2,1.400961894323342,360,1.0,1.0,4,27,1000
0.0,-2.8,1.6393398282201783,360,1.0,2.0,5,27,1001
0.0,-2.6,1.9499999999999995,360,1.0,2.0,6,27,1002
0.0,-3.0,2.311771432346219,360,1.0,2.0,7,27,1003
33.66666666666667,-2.7,2.7,360,1.0,1.0,8,27,1004
359.1111111111111,-0.4,3.0882285676537813,360,0.97,1.0,9,27,1005
606.0,1.7,3.45,360,0.81,2.0,10,27,1006
628.4444444444443,4.9,3.7606601717798216,360,0.71,2.0,11,27,1007
695.7777777777778,7.5,3.999038105676658,360,0.64,2.0,12,27,1008
729.4444444444443,9.9,4.148888739433603,360,0.55,2.0,13,27,1009
650.8888888888889,11.9,4.2,360,0.5,2.0,14,27,1010
505.0,12.1,4.148888739433603,360,0.48,1.0,15,27,1011
291.77777777777777,9.3,3.999038105676658,360,0.55,2.0,16,27,1012
56.111111111111114,6.7,3.7606601717798216,360,0.64,2.0,17,27,1013
0.0,2.8,3.45,360,0.86,1.0,18,27,1014
0.0,0.5,3.0882285676537813,360,0.95,1.0,19,27,1015
0.0,0.7,2.7,360,1.0,1.0,20,27,1016
0.0,0.7,2.311771432346219,360,1.0,1.0,21,27,1017
0.0,0.0,1.9500000000000006,360,1.0,1.0,22,27,1018
0.0,-0.1,1.639339828220179,360,1.0,1.0,23,27,1019
0.0,-1.0,1.4009618943233422,360,0.98,2.0,24,27,1020
0.0,-1.0,0.9340741737109317,360,1.0,1.0,1,28,1021
0.0,-1.5,0.8999999999999999,360,1.0,1.0,2,28,1022
0.0,-1.0,0.9340741737109316,360,1.0,2.0,3,28,1023
0.0,-1.8,1.033974596215561,360,1.0,1.0,4,28,1024
0.0,-2.1,1.192893218813452,360,1.0,1.0,5,28,1025
0.0,-2.9,1.3999999999999995,360,1.0,1.0,6,28,1026
0.0,-2.7,1.6411809548974792,360,1.0,1.0,7,28,1027
22.444444444444443,-3.3,1.9,360,1.0,1.0,8,28,1028
145.88888888888889,-2.4,2.1588190451025207,360,1.0,2.0,9,28,1029
336.66666666666663,0.5,2.4,360,1.0,2.0,10,28,1030
650.8888888888889,3.4,2.6071067811865474,360,0.83,3.0,11,28,1031
695.7777777777778,5.8,2.7660254037844387,360,0.71,2.0,12,28,1032
684.5555555555557,8.1,2.865925826289068,360,0.66,4.0,13,28,1033
572.3333333333333,7.7,2.9,360,0.66,5.0,14,28,1034
482.5555555555556,7.4,2.865925826289068,360,0.61,6.0,15,28,1035
280.55555555555554,6.6,2.7660254037844387,360,0.7,4.0,16,28,1036
56.111111111111114,3.6,2.6071067811865474,360,0.8,3.0,17,28,1037
0.0,2.7,2.4,360,0.8,2.0,18,28,1038
0.0,2.6,2.1588190451025207,360,0.8,2.0,19,28,1039
0.0,2.0,1.9,360,0.88,2.0,20,28,1040
0.0,1.1,1.6411809548974792,360,0.9,2.0,21,28,1041
0.0,0.1,1.4000000000000001,360,0.97,2.0,22,28,1042
0.0,-0.5,1.1928932188134524,360,1.0,2.0,23,28,1043
0.0,-0.8,1.033974596215561,360,1.0,3.0,24,28,1044
0.0,-1.1,0.8221482129121058,360,1.0,3.0,1,29,1045
0.0,-1.6,0.8000000000000002,360,1.0,2.0,2,29,1046
0.0,-0.9,0.8221482129121057,360,1.0,3.0,3,29,1047
0.0,-1.3,0.8870834875401149,360,1.0,3.0,4,29,1048
0.0,-1.6,0.9903805922287441,360,1.0,3.0,5,29,1049
0.0,-2.1,1.125,360,1.0,4.0,6,29,1050
0.0,-2.8,1.2817676206833617,360,1.0,4.0,7,29,1051
0.0,-3.1,1.4500000000000002,360,1.0,5.0,8,29,1052
67.33333333333334,-2.7,1.6182323793166387,360,1.0,5.0,9,29,1053
134.66666666666669,-2.0,1.7750000000000004,360,1.0,4.0,10,29,1054
179.55555555555554,-1.5,1.909619407771256,360,1.0,4.0,11,29,1055
190.77777777777777,-0.9,2.0129165124598853,360,1.0,3.0,12,29,1056
235.66666666666669,-0.7,2.0778517870878948,360,1.0,4.0,13,29,1057
235.66666666666669,-0.5,2.1,360,1.0,4.0,14,29,1058
145.88888888888889,-0.5,2.0778517870878948,360,1.0,3.0,15,29,1059
89.77777777777777,-0.6,2.0129165124598853,360,1.0,2.0,16,29,1060
22.444444444444443,-0.9,1.909619407771256,360,1.0,2.0,17,29,1061
0.0,-0.6,1.7750000000000004,360,1.0,2.0,18,29,1062
0.0,-0.6,1.6182323793166387,360,1.0,2.0,19,29,1063
0.0,-1.0,1.4500000000000002,360,1.0,3.0,20,29,1064
0.0,-1.0,1.2817676206833617,360,1.0,2.0,21,29,1065
0.0,-1.1,1.1250000000000004,360,1.0,3.0,22,29,1066
0.0,-2.4,0.9903805922287443,360,1.0,4.0,23,29,1067
0.0,-2.2,0.887083487540115,360,1.0,2.0,24,29,1068
0.0,-1.9,1.725555630283199,360,1.0,3.0,1,30,1069
0.0,-1.6,1.7000000000000002,360,1.0,3.0,2,30,1070
0.0,-1.3,1.725555630283199,360,1.0,2.0,3,30,1071
0.0,-1.1,1.800480947161671,360,1.0,3.0,4,30,1072
0.0,-0.8,1.9196699141100892,360,1.0,4.0,5,30,1073
0.0,-0.5,2.0749999999999997,360,1.0,3.0,6,30,1074
0.0,-0.1,2.25588571617311,360,1.0,3.0,7,30,1075
11.222222222222221,0.2,2.45,360,1.0,2.0,8,30,1076
89.77777777777777,0.5,2.644114283826891,360,1.0,5.0,9,30,1077
134.66666666666669,1.2,2.825,360,1.0,5.0,10,30,1078
145.88888888888889,2.2,2.9803300858899107,360,1.0,6.0,11,30,1079
157.1111111111111,2.5,3.099519052838329,360,0.99,6.0,12,30,1080
67.33333333333334,2.1,3.1744443697168014,360,1.0,5.0,13,30,1081
78.55555555555554,2.3,3.2,360,1.0,2.0,14,30,1082
67.33333333333334,2.7,3.1744443697168014,360,1.0,2.0,15,30,1083
56.111111111111114,3.1,3.099519052838329,360,1.0,6.0,16,30,1084
44.888888888888886,2.9,2.9803300858899107,360,1.0,6.0,17,30,1085
0.0,2.9,2.825,360,1.0,5.0,18,30,1086
0.0,1.3,2.644114283826891,360,1.0,3.0,19,30,1087
0.0,1.7,2.45,360,1.0,2.0,20,30,1088
0.0,-0.3,2.25588571617311,360,1.0,2.0,21,30,1089
0.0,-0.5,2.075,360,1.0,1.0,22,30,1090
0.0,-1.6,1.9196699141100895,360,1.0,2.0,23,30,1091
0.0,-1.4,1.8004809471616712,360,1.0,2.0,24,30,1092
0.0,-2.6,0.9783705995351433,360,1.0,2.0,1,31,1093
0.0,-3.6,0.9000000000000004,360,1.0,2.0,2,31,1094
0.0,-3.2,0.9783705995351433,360,1.0,2.0,3,31,1095
0.0,-2.9,1.208141571295791,360,1.0,2.0,4,31,1096
0.0,-2.5,1.57365440327094,360,1.0,2.0,5,31,1097
0.0,-2.3,2.049999999999999,360,1.0,3.0,6,31,1098
0.0,-2.1,2.604716196264203,360,1.0,4.0,7,31,1099
11.222222222222221,-1.5,3.2,360,1.0,5.0,8,31,1100
78.55555555555554,-1.0,3.795283803735798,360,1.0,6.0,9,31,1101
112.22222222222223,-0.1,4.3500000000000005,360,1.0,5.0,10,31,1102
303.0,2.2,4.826345596729059,360,1.0,6.0,11,31,1103
415.2222222222223,3.1,5.191858428704209,360,1.0,8.0,12,31,1104
549.8888888888889,4.8,5.421629400464857,360,0.89,10.0,13,31,1105
359.1111111111111,5.0,5.5,360,0.89,11.0,14,31,1106
258.11111111111114,5.2,5.421629400464857,360,0.91,12.0,15,31,1107
123.44444444444446,5.6,5.191858428704209,360,0.93,10.0,16,31,1108
22.444444444444443,5.1,4.826345596729059,360,0.99,10.0,17,31,1109
0.0,5.1,4.3500000000000005,360,1.0,10.0,18,31,1110
0.0,4.8,3.795283803735798,360,1.0,11.0,19,31,1111
0.0,4.9,3.2,360,1.0,10.0,20,31,1112
0.0,5.0,2.604716196264203,360,1.0,11.0,21,31,1113
0.0,5.585714285714285,2.0500000000000007,360,1.0,12.0,22,31,1114
0.0,6.171428571428571,1.5736544032709412,360,1.0,12.0,23,31,1115
0.0,6.757142857142857,1.2081415712957913,360,1.0,13.0,24,31,1116
0.0,7.3428571428571425,3.663037221365224,360,1.0,12.0,1,32,1117
0.0,7.928571428571428,3.6000000000000005,360,1.0,12.0,2,32,1118
0.0,8.514285714285714,3.663037221365224,360,1.0,13.0,3,32,1119
0.0,9.1,3.8478530029987885,360,1.0,12.0,4,32,1120
0.0,9.1,4.141852454804887,360,1.0,12.0,5,32,1121
0.0,8.9,4.5249999999999995,360,1.0,11.0,6,32,1122
0.0,8.9,4.971184766560337,360,1.0,10.0,7,32,1123
11.222222222222221,8.9,5.45,360,1.0,11.0,8,32,1124
22.444444444444443,9.2,5.928815233439663,360,1.0,12.0,9,32,1125
78.55555555555554,9.9,6.375,360,1.0,13.0,10,32,1126
145.88888888888889,10.0,6.758147545195113,360,1.0,13.0,11,32,1127
179.55555555555554,10.1,7.052146997001212,360,1.0,16.0,12,32,1128
157.1111111111111,9.9,7.236962778634776,360,1.0,14.0,13,32,1129
101.0,9.8,7.3,360,1.0,14.0,14,32,1130
44.888888888888886,7.0,7.236962778634776,360,1.0,15.0,15,32,1131
44.888888888888886,6.4,7.052146997001212,360,1.0,6.0,16,32,1132
11.222222222222221,6.0,6.758147545195113,360,1.0,4.0,17,32,1133
0.0,5.6,6.375,360,1.0,4.0,18,32,1134
0.0,5.2,5.928815233439663,360,1.0,3.0,19,32,1135
0.0,4.7,5.45,360,1.0,3.0,20,32,1136
0.0,3.9,4.971184766560337,360,1.0,2.0,21,32,1137
0.0,3.4,4.525,360,1.0,2.0,22,32,1138
0.0,3.3,4.141852454804887,360,1.0,4.0,23,32,1139
0.0,2.1,3.8478530029987885,360,1.0,4.0,24,32,1140
0.0,1.4,2.2562223866230378,360,1.0,3.0,1,33,1141
0.0,1.2,2.2,360,1.0,2.0,2,33,1142
0.0,0.7,2.2562223866230378,360,1.0,2.0,3,33,1143
0.0,-0.4,2.421058083755676,360,1.0,2.0,4,33,1144
0.0,-0.6,2.683273811042196,360,1.0,2.0,5,33,1145
0.0,-0.4,3.0249999999999995,360,1.0,1.0,6,33,1146
0.0,-0.6,3.422948575580841,360,1.0,2.0,7,33,1147
44.888888888888886,-0.6,3.85,360,1.0,1.0,8,33,1148
347.8888888888889,2.5,4.2770514244191595,360,1.0,1.0,9,33,1149
437.6666666666667,3.6,4.675000000000001,360,0.89,2.0,10,33,1150
628.4444444444443,6.5,5.016726188957803,360,0.76,2.0,11,33,1151
583.5555555555555,6.1,5.278941916244324,360,0.74,2.0,12,33,1152
516.2222222222223,5.7,5.443777613376962,360,0.85,4.0,13,33,1153
650.8888888888889,7.6,5.5,360,0.61,5.0,14,33,1154
527.4444444444445,6.8,5.443777613376962,360,0.59,4.0,15,33,1155
303.0,6.2,5.278941916244324,360,0.64,4.0,16,33,1156
78.55555555555554,4.0,5.016726188957803,360,0.84,3.0,17,33,1157
0.0,2.2,4.675000000000001,360,0.97,2.0,18,33,1158
0.0,1.4,4.2770514244191595,360,0.98,2.0,19,33,1159
0.0,0.7,3.85,360,1.0,2.0,20,33,1160
0.0,-0.3,3.422948575580841,360,0.99,2.0,21,33,1161
0.0,-0.3,3.0250000000000004,360,1.0,2.0,22,33,1162
0.0,-0.9,2.6832738110421968,360,1.0,3.0,23,33,1163
0.0,-1.2,2.4210580837556765,360,1.0,2.0,24,33,1164
0.0,-1.6,1.1613335126796775,360,1.0,2.0,1,34,1165
0.0,-1.7,1.1000000000000003,360,1.0,2.0,2,34,1166
0.0,-1.8,1.1613335126796773,360,0.99,3.0,3,34,1167
0.0,-2.1,1.3411542731880104,360,1.0,3.0,4,34,1168
0.0,-2.0,1.627207793864214,360,0.95,4.0,5,34,1169
0.0,-0.9,1.9999999999999996,360,0.85,4.0,6,34,1170
0.0,-0.5,2.434125718815463,360,0.79,6.0,7,34,1171
22.444444444444443,0.2,2.9000000000000004,360,0.75,8.0,8,34,1172
157.1111111111111,1.4,3.3658742811845377,360,0.65,8.0,9,34,1173
370.33333333333337,3.3,3.8000000000000007,360,0.49,10.0,10,34,1174
594.7777777777778,5.0,4.172792206135786,360,0.5,11.0,11,34,1175
740.6666666666667,6.9,4.45884572681199,360,0.46,11.0,12,34,1176
482.5555555555556,7.3,4.638666487320323,360,0.5,12.0,13,34,1177
493.7777777777778,8.1,4.7,360,0.51,10.0,14,34,1178
370.33333333333337,7.9,4.638666487320323,360,0.53,13.0,15,34,1179
145.88888888888889,7.1,4.45884572681199,360,0.58,11.0,16,34,1180
33.66666666666667,7.5,4.172792206135786,360,0.61,9.0,17,34,1181
0.0,8.1,3.8000000000000007,360,0.63,13.0,18,34,1182
0.0,7.2,3.3658742811845377,360,0.83,14.0,19,34,1183
0.0,6.9,2.9000000000000004,360,0.91,16.0,20,34,1184
0.0,7.2,2.434125718815463,360,0.95,14.0,21,34,1185
0.0,7.1,2.000000000000001,360,1.0,12.0,22,34,1186
0.0,6.6,1.6272077938642149,360,1.0,14.0,23,34,1187
0.0,6.6,1.3411542731880106,360,1.0,10.0,24,34,1188
0.0,6.0,3.6425927171386645,360,1.0,10.0,1,35,1189
0.0,5.1,3.5999999999999996,360,1.0,10.0,2,35,1190
0.0,5.1,3.6425927171386645,360,1.0,8.0,3,35,1191
0.0,5.3,3.767468245269451,360,1.0,11.0,4,35,1192
0.0,4.6,3.9661165235168148,360,0.95,11.0,5,35,1193
0.0,4.4,4.225,360,1.0,9.0,6,35,1194
11.222222222222221,3.3,4.526476193621849,360,1.0,10.0,7,35,1195
11.222222222222221,3.1,4.85,360,1.0,5.0,8,35,1196
44.888888888888886,3.6,5.17352380637815,360,1.0,6.0,9,35,1197
145.88888888888889,4.2,5.475,360,1.0,7.0,10,35,1198
404.0,5.6,5.733883476483184,360,0.91,8.0,11,35,1199
505.0,6.4,5.932531754730547,360,0.83,10.0,12,35,1200
617.2222222222222,6.9,6.057407282861335,360,0.81,10.0,13,35,1201
718.2222222222222,8.4,6.1,360,0.71,8.0,14,35,1202
516.2222222222223,8.1,6.057407282861335,360,0.71,8.0,15,35,1203
325.44444444444446,7.5,5.932531754730547,360,0.73,8.0,16,35,1204
101.0,6.6,5.733883476483184,360,0.78,6.0,17,35,1205
0.0,5.5,5.475,360,0.86,4.0,18,35,1206
0.0,4.6,5.17352380637815,360,0.92,4.0,19,35,1207
0.0,4.3,4.85,360,0.94,6.0,20,35,1208
0.0,3.9,4.526476193621849,360,0.94,7.0,21,35,1209
0.0,3.6,4.225,360,0.96,7.0,22,35,1210
0.0,4.6,3.966116523516815,360,0.9,6.0,23,35,1211
0.0,4.7,3.7674682452694515,360,0.95,8.0,24,35,1212
0.0,5.1,4.161333512679677,360,1.0,8.0,1,36,1213
0.0,5.7,4.1,360,1.0,9.0,2,36,1214
0.0,5.5,4.161333512679677,360,0.97,10.0,3,36,1215
0.0,5.6,4.34115427318801,360,0.92,10.0,4,36,1216
0.0,5.9,4.627207793864214,360,0.86,12.0,5,36,1217
0.0,5.8,4.999999999999999,360,0.87,11.0,6,36,1218
0.0,6.3,5.434125718815463,360,0.84,10.0,7,36,1219
0.0,6.4,5.9,360,0.85,11.0,8,36,1220
67.33333333333334,6.4,6.365874281184538,360,0.92,10.0,9,36,1221
202.0,7.7,6.800000000000001,360,0.85,11.0,10,36,1222
168.33333333333331,8.0,7.172792206135786,360,0.84,12.0,11,36,1223
179.55555555555554,8.5,7.45884572681199,360,0.8,11.0,12,36,1224
269.33333333333337,9.8,7.638666487320323,360,0.77,10.0,13,36,1225
179.55555555555554,10.6,7.700000000000001,360,0.79,9.0,14,36,1226
157.1111111111111,13.0,7.638666487320323,360,0.68,12.0,15,36,1227
134.66666666666669,12.8,7.45884572681199,360,0.66,12.0,16,36,1228
22.444444444444443,12.4,7.172792206135786,360,0.68,14.0,17,36,1229
0.0,12.1,6.800000000000001,360,0.68,11.0,18,36,1230
0.0,11.8,6.365874281184538,360,0.71,10.0,19,36,1231
0.0,11.8,5.9,360,0.69,11.0,20,36,1232
0.0,11.1,5.434125718815463,360,0.75,11.0,21,36,1233
0.0,10.4,5.000000000000001,360,0.85,12.0,22,36,1234
0.0,10.0,4.627207793864215,360,1.0,15.0,23,36,1235
0.0,9.9,4.34115427318801,360,1.0,14.0,24,36,1236
0.0,10.1,6.946000134509758,360,1.0,12.0,1,37,1237
0.0,10.5,6.9,360,1.0,12.0,2,37,1238
0.0,10.4,6.946000134509758,360,1.0,11.0,3,37,1239
0.0,10.5,7.080865704891008,360,1.0,10.0,4,37,1240
0.0,10.5,7.295405845398161,360,1.0,10.0,5,37,1241
0.0,9.8,7.574999999999999,360,1.0,6.0,6,37,1242
0.0,9.4,7.900594289111597,360,1.0,7.0,7,37,1243
11.222222222222221,9.4,8.25,360,1.0,7.0,8,37,1244
101.0,9.9,8.599405710888403,360,1.0,6.0,9,37,1245
291.77777777777777,11.1,8.925,360,0.99,6.0,10,37,1246
359.1111111111111,11.1,9.204594154601839,360,0.92,6.0,11,37,1247
493.7777777777778,12.4,9.419134295108993,360,0.81,5.0,12,37,1248
763.1111111111111,12.7,9.553999865490242,360,0.67,6.0,13,37,1249
471.33333333333337,12.4,9.6,360,0.68,6.0,14,37,1250
269.33333333333337,12.2,9.553999865490242,360,0.76,5.0,15,37,1251
202.0,12.7,9.419134295108993,360,0.75,4.0,16,37,1252
56.111111111111114,10.2,9.204594154601839,360,0.84,2.0,17,37,1253
0.0,8.9,8.925,360,0.95,2.0,18,37,1254
0.0,9.3,8.599405710888403,360,1.0,3.0,19,37,1255
0.0,6.8,8.25,360,1.0,2.0,20,37,1256
0.0,6.3,7.900594289111597,360,1.0,2.0,21,37,1257
0.0,5.5,7.575,360,1.0,2.0,22,37,1258
0.0,5.0,7.295405845398161,360,1.0,1.0,23,37,1259
0.0,4.5,7.080865704891008,360,1.0,0.0,24,37,1260
0.0,3.6,4.466444638736317,360,1.0,1.0,1,38,1261
0.0,2.6,4.4,360,1.0,1.0,2,38,1262
0.0,2.3,4.466444638736317,360,1.0,1.0,3,38,1263
0.0,1.1,4.661250462620345,360,1.0,1.0,4,38,1264
0.0,0.7,4.971141776686232,360,1.0,1.0,5,38,1265
0.0,0.7,5.375,360,1.0,1.0,6,38,1266
0.0,0.3,5.845302862050085,360,1.0,1.0,7,38,1267
33.66666666666667,0.7,6.3500000000000005,360,1.0,2.0,8,38,1268
168.33333333333331,1.7,6.854697137949916,360,1.0,2.0,9,38,1269
303.0,3.6,7.325000000000001,360,1.0,2.0,10,38,1270
482.5555555555556,6.0,7.728858223313768,360,1.0,2.0,11,38,1271
740.6666666666667,8.3,8.038749537379656,360,1.0,2.0,12,38,1272
796.7777777777777,10.9,8.233555361263683,360,0.91,4.0,13,38,1273
729.4444444444443,12.2,8.3,360,0.63,4.0,14,38,1274
572.3333333333333,12.5,8.233555361263683,360,0.54,4.0,15,38,1275
359.1111111111111,11.6,8.038749537379656,360,0.64,5.0,16,38,1276
123.44444444444446,9.2,7.728858223313768,360,0.72,5.0,17,38,1277
0.0,7.6,7.325000000000001,360,0.77,3.0,18,38,1278
0.0,8.4,6.854697137949916,360,0.74,6.0,19,38,1279
0.0,7.5,6.3500000000000005,360,0.75,6.0,20,38,1280
0.0,6.5,5.845302862050085,360,0.77,6.0,21,38,1281
0.0,5.3,5.375000000000001,360,0.8,4.0,22,38,1282
0.0,3.8,4.971141776686233,360,0.85,3.0,23,38,1283
0.0,3.3,4.661250462620345,360,0.87,2.0,24,38,1284
0.0,3.3,2.8817780169062357,360,0.89,3.0,1,39,1285
0.0,2.7,2.7999999999999994,360,0.9,3.0,2,39,1286
0.0,2.5,2.8817780169062353,360,0.92,2.0,3,39,1287
0.0,1.6,3.1215390309173463,360,0.96,2.0,4,39,1288
0.0,1.2,3.502943725152284,360,0.99,2.0,5,39,1289
0.0,0.7,3.9999999999999982,360,0.98,2.0,6,39,1290
0.0,0.8,4.5788342917539495,360,0.97,2.0,7,39,1291
56.111111111111114,1.3,5.199999999999999,360,0.92,2.0,8,39,1292
269.33333333333337,3.9,5.821165708246049,360,0.87,2.0,9,39,1293
493.7777777777778,6.7,6.3999999999999995,360,0.69,2.0,10,39,1294
673.3333333333333,8.6,6.8970562748477136,360,0.63,2.0,11,39,1295
796.7777777777777,11.4,7.278460969082652,360,0.52,2.0,12,39,1296
808.0,12.5,7.518221983093763,360,0.48,2.0,13,39,1297
751.8888888888888,14.0,7.6,360,0.48,2.0,14,39,1298
594.7777777777778,14.9,7.518221983093763,360,0.4,3.0,15,39,1299
370.33333333333337,14.0,7.278460969082652,360,0.46,2.0,16,39,1300
112.22222222222223,10.4,6.8970562748477136,360,0.54,2.0,17,39,1301
0.0,10.3,6.3999999999999995,360,0.53,2.0,18,39,1302
0.0,9.5,5.821165708246049,360,0.59,2.0,19,39,1303
0.0,7.6,5.199999999999999,360,0.74,2.0,20,39,1304
0.0,7.1,4.5788342917539495,360,0.78,2.0,21,39,1305
0.0,5.4,4.0,360,0.8,3.0,22,39,1306
0.0,4.6,3.5029437251522855,360,0.86,2.0,23,39,1307
0.0,3.0,3.1215390309173463,360,0.94,1.0,24,39,1308
0.0,2.7,2.3851854342773295,360,0.97,1.0,1,40,1309
0.0,1.8,2.3,360,0.99,2.0,2,40,1310
0.0,1.4,2.385185434277329,360,1.0,2.0,3,40,1311
0.0,0.3,2.6349364905389026,360,1.0,1.0,4,40,1312
0.0,0.5,3.03223304703363,360,1.0,1.0,5,40,1313
0.0,-0.3,3.549999999999999,360,1.0,1.0,6,40,1314
0.0,-1.2,4.152952387243698,360,1.0,1.0,7,40,1315
78.55555555555554,0.0,4.8,360,1.0,1.0,8,40,1316
246.8888888888889,3.6,5.447047612756302,360,1.0,2.0,9,40,1317
482.5555555555556,7.7,6.05,360,0.68,2.0,10,40,1318
684.5555555555557,10.3,6.567766952966369,360,0.54,2.0,11,40,1319
785.5555555555557,11.4,6.965063509461096,360,0.52,2.0,12,40,1320
808.0,12.7,7.214814565722671,360,0.47,2.0,13,40,1321
740.6666666666667,13.6,7.3,360,0.42,2.0,14,40,1322
594.7777777777778,13.3,7.214814565722671,360,0.45,3.0,15,40,1323
381.55555555555554,12.6,6.965063509461096,360,0.48,2.0,16,40,1324
123.44444444444446,11.2,6.567766952966369,360,0.51,2.0,17,40,1325
0.0,9.8,6.05,360,0.51,2.0,18,40,1326
0.0,8.0,5.447047612756302,360,0.58,2.0,19,40,1327
0.0,7.0,4.8,360,0.62,2.0,20,40,1328
0.0,6.1,4.152952387243698,360,0.71,2.0,21,40,1329
0.0,4.4,3.5500000000000003,360,0.82,2.0,22,40,1330
0.0,4.2,3.032233047033631,360,0.86,1.0,23,40,1331
0.0,1.9,2.634936490538903,360,0.94,1.0,24,40,1332
0.0,2.2,2.080074308220689,360,1.0,2.0,1,41,1333
0.0,1.7,1.9999999999999996,360,1.0,2.0,2,41,1334
0.0,0.6,2.080074308220689,360,1.0,1.0,3,41,1335
0.0,0.2,2.3148403011065684,360,1.0,1.0,4,41,1336
0.0,0.5,2.688299064211612,360,1.0,1.0,5,41,1337
0.0,-0.4,3.1749999999999985,360,1.0,1.0,6,41,1338
0.0,-0.6,3.741775244009076,360,1.0,0.0,7,41,1339
56.111111111111114,1.0,4.35,360,1.0,1.0,8,41,1340
303.0,2.2,4.958224755990924,360,1.0,1.0,9,41,1341
482.5555555555556,4.4,5.525,360,0.94,2.0,10,41,1342
673.3333333333333,7.1,6.011700935788387,360,0.82,2.0,11,41,1343
785.5555555555557,9.8,6.38515969889343,360,0.67,2.0,12,41,1344
808.0,10.6,6.61992569177931,360,0.65,3.0,13,41,1345
740.6666666666667,11.4,6.699999999999999,360,0.61,4.0,14,41,1346
583.5555555555555,11.8,6.61992569177931,360,0.57,4.0,15,41,1347
381.55555555555554,11.3,6.38515969889343,360,0.6,4.0,16,41,1348
123.44444444444446,9.0,6.011700935788387,360,0.69,4.0,17,41,1349
11.222222222222221,7.4,5.525,360,0.74,2.0,18,41,1350
0.0,6.4,4.958224755990924,360,0.76,3.0,19,41,1351
0.0,5.8,4.35,360,0.76,2.0,20,41,1352
0.0,5.3,3.741775244009076,360,0.75,2.0,21,41,1353
0.0,5.0,3.175,360,0.78,3.0,22,41,1354
0.0,4.3,2.688299064211613,360,0.8,2.0,23,41,1355
0.0,3.8,2.314840301106569,360,0.81,2.0,24,41,1356
0.0,3.3,1.9749631821640494,360,0.83,2.0,1,42,1357
0.0,2.6,1.8999999999999995,360,0.84,2.0,2,42,1358
0.0,1.7,1.974963182164049,360,0.87,3.0,3,42,1359
0.0,1.3,2.1947441116742343,360,0.9,3.0,4,42,1360
0.0,1.0,2.544365081389594,360,0.91,2.0,5,42,1361
0.0,-0.1,2.9999999999999987,360,0.94,2.0,6,42,1362
0.0,-0.5,3.530598100774454,360,0.98,3.0,7,42,1363
56.111111111111114,-0.1,4.1,360,0.98,2.0,8,42,1364
303.0,1.9,4.669401899225545,360,0.9,2.0,9,42,1365
471.33333333333337,4.6,5.2,360,0.83,2.0,10,42,1366
673.3333333333333,7.3,5.655634918610405,360,0.73,2.0,11,42,1367
774.3333333333333,9.0,6.005255888325765,360,0.68,4.0,12,42,1368
796.7777777777777,9.9,6.22503681783595,360,0.65,4.0,13,42,1369
729.4444444444443,10.6,6.3,360,0.57,4.0,14,42,1370
583.5555555555555,10.7,6.22503681783595,360,0.59,5.0,15,42,1371
370.33333333333337,10.2,6.005255888325765,360,0.64,6.0,16,42,1372
134.66666666666669,7.9,5.655634918610405,360,0.71,4.0,17,42,1373
0.0,6.5,5.2,360,0.77,4.0,18,42,1374
0.0,5.4,4.669401899225545,360,0.83,3.0,19,42,1375
0.0,5.0,4.1,360,0.86,3.0,20,42,1376
0.0,5.0,3.530598100774454,360,0.82,3.0,21,42,1377
0.0,4.3,3.0,360,0.83,3.0,22,42,1378
0.0,3.6,2.544365081389595,360,0.86,2.0,23,42,1379
0.0,2.4,2.1947441116742343,360,0.9,2.0,24,42,1380
0.0,2.4,1.778370599535143,360,0.95,2.0,1,43,1381
0.0,1.7,1.7000000000000002,360,0.98,2.0,2,43,1382
0.0,0.9,1.778370599535143,360,0.99,2.0,3,43,1383
0.0,0.6,2.008141571295791,360,0.99,2.0,4,43,1384
0.0,-0.5,2.37365440327094,360,0.96,3.0,5,43,1385
0.0,-0.5,2.8499999999999988,360,1.0,1.0,6,43,1386
0.0,-1.0,3.4047161962642027,360,1.0,2.0,7,43,1387
67.33333333333334,1.0,4.0,360,0.96,2.0,8,43,1388
314.2222222222222,3.0,4.595283803735798,360,0.87,2.0,9,43,1389
482.5555555555556,6.5,5.15,360,0.69,2.0,10,43,1390
695.7777777777778,10.4,5.62634559672906,360,0.5,2.0,11,43,1391
830.4444444444446,11.0,5.991858428704209,360,0.45,4.0,12,43,1392
841.6666666666666,11.3,6.221629400464857,360,0.47,5.0,13,43,1393
774.3333333333333,11.8,6.3,360,0.46,5.0,14,43,1394
606.0,11.9,6.221629400464857,360,0.52,6.0,15,43,1395
392.7777777777778,11.7,5.991858428704209,360,0.58,5.0,16,43,1396
134.66666666666669,9.0,5.62634559672906,360,0.7,4.0,17,43,1397
11.222222222222221,6.2,5.15,360,0.8,2.0,18,43,1398
0.0,5.8,4.595283803735798,360,0.84,3.0,19,43,1399
0.0,4.6,4.0,360,0.84,2.0,20,43,1400
0.0,3.6,3.4047161962642027,360,0.88,2.0,21,43,1401
0.0,2.8,2.8500000000000005,360,0.9,2.0,22,43,1402
0.0,2.9,2.3736544032709412,360,0.83,2.0,23,43,1403
0.0,2.6,2.0081415712957913,360,0.78,2.0,24,43,1404
0.0,1.9,1.578370599535143,360,0.81,2.0,1,44,1405
0.0,0.7,1.5,360,0.84,2.0,2,44,1406
0.0,1.0,1.578370599535143,360,0.85,2.0,3,44,1407
0.0,-0.1,1.8081415712957907,360,0.92,2.0,4,44,1408
0.0,-1.0,2.1736544032709397,360,0.94,2.0,5,44,1409
0.0,-0.5,2.6499999999999986,360,0.97,2.0,6,44,1410
0.0,-0.5,3.2047161962642026,360,0.94,2.0,7,44,1411
56.111111111111114,-0.2,3.8,360,0.94,2.0,8,44,1412
258.11111111111114,1.7,4.395283803735797,360,0.87,2.0,9,44,1413
493.7777777777778,4.0,4.95,360,0.8,3.0,10,44,1414
684.5555555555557,6.6,5.426345596729059,360,0.71,3.0,11,44,1415
796.7777777777777,8.9,5.7918584287042085,360,0.62,3.0,12,44,1416
841.6666666666666,10.7,6.021629400464857,360,0.42,3.0,13,44,1417
763.1111111111111,11.0,6.1,360,0.43,4.0,14,44,1418
617.2222222222222,11.5,6.021629400464857,360,0.39,4.0,15,44,1419
392.7777777777778,10.6,5.7918584287042085,360,0.49,4.0,16,44,1420
145.88888888888889,8.7,5.426345596729059,360,0.56,4.0,17,44,1421
11.222222222222221,7.5,4.95,360,0.57,2.0,18,44,1422
0.0,6.2,4.395283803735797,360,0.69,2.0,19,44,1423
0.0,5.1,3.8,360,0.78,2.0,20,44,1424
0.0,4.9,3.2047161962642026,360,0.78,2.0,21,44,1425
0.0,3.9,2.6500000000000004,360,0.81,2.0,22,44,1426
0.0,2.8,2.173654403270941,360,0.89,2.0,23,44,1427
0.0,2.7,1.808141571295791,360,0.89,2.0,24,44,1428
0.0,1.4,1.2800743082206898,360,0.93,1.0,1,45,1429
0.0,0.3,1.2000000000000002,360,0.99,1.0,2,45,1430
0.0,0.1,1.2800743082206898,360,0.94,2.0,3,45,1431
0.0,0.5,1.514840301106569,360,0.91,1.0,4,45,1432
0.0,0.4,1.8882990642116126,360,0.92,2.0,5,45,1433
0.0,-1.1,2.374999999999999,360,0.91,1.0,6,45,1434
0.0,-2.0,2.9417752440090768,360,0.97,2.0,7,45,1435
67.33333333333334,0.3,3.5500000000000003,360,0.82,2.0,8,45,1436
291.77777777777777,2.8,4.158224755990924,360,0.77,2.0,9,45,1437
527.4444444444445,5.3,4.7250000000000005,360,0.73,3.0,10,45,1438
740.6666666666667,9.0,5.211700935788388,360,0.55,4.0,11,45,1439
841.6666666666666,10.9,5.585159698893431,360,0.48,4.0,12,45,1440
864.1111111111111,11.8,5.819925691779311,360,0.47,5.0,13,45,1441
785.5555555555557,12.3,5.9,360,0.49,4.0,14,45,1442
628.4444444444443,12.6,5.819925691779311,360,0.46,4.0,15,45,1443
404.0,12.0,5.585159698893431,360,0.43,5.0,16,45,1444
157.1111111111111,9.2,5.211700935788388,360,0.54,4.0,17,45,1445
0.0,6.5,4.7250000000000005,360,0.73,2.0,18,45,1446
0.0,5.8,4.158224755990924,360,0.73,3.0,19,45,1447
0.0,5.4,3.5500000000000003,360,0.73,4.0,20,45,1448
0.0,4.0,2.9417752440090768,360,0.84,3.0,21,45,1449
0.0,2.3,2.375000000000001,360,0.93,2.0,22,45,1450
0.0,2.7,1.8882990642116138,360,0.91,2.0,23,45,1451
0.0,2.7,1.5148403011065694,360,0.88,2.0,24,45,1452
0.0,1.0,1.3391852997675717,360,0.92,2.0,1,46,1453
0.0,0.0,1.3000000000000003,360,0.98,2.0,2,46,1454
0.0,-1.1,1.3391852997675717,360,1.0,2.0,3,46,1455
0.0,-1.9,1.4540707856478956,360,1.0,2.0,4,46,1456
0.0,-1.3,1.6368272016354701,360,1.0,2.0,5,46,1457
0.0,-2.3,1.8749999999999996,360,1.0,2.0,6,46,1458
0.0,-1.7,2.1523580981321015,360,1.0,4.0,7,46,1459
22.444444444444443,-1.3,2.45,360,1.0,6.0,8,46,1460
78.55555555555554,-1.0,2.7476419018678993,360,1.0,5.0,9,46,1461
145.88888888888889,-0.4,3.0250000000000004,360,1.0,6.0,10,46,1462
258.11111111111114,0.7,3.26317279836453,360,1.0,6.0,11,46,1463
325.44444444444446,1.8,3.4459292143521045,360,1.0,6.0,12,46,1464
392.7777777777778,2.3,3.5608147002324286,360,1.0,7.0,13,46,1465
336.66666666666663,2.5,3.6,360,1.0,8.0,14,46,1466
291.77777777777777,2.6,3.5608147002324286,360,0.99,8.0,15,46,1467
224.44444444444446,2.9,3.4459292143521045,360,0.93,8.0,16,46,1468
101.0,2.1,3.26317279836453,360,0.95,8.0,17,46,1469
11.222222222222221,1.8,3.0250000000000004,360,0.96,9.0,18,46,1470
0.0,1.4,2.7476419018678993,360,0.98,8.0,19,46,1471
0.0,1.0,2.45,360,0.98,9.0,20,46,1472
0.0,0.9,2.1523580981321015,360,1.0,10.0,21,46,1473
0.0,0.6,1.8750000000000004,360,1.0,10.0,22,46,1474
0.0,0.4,1.6368272016354708,360,0.98,10.0,23,46,1475
0.0,0.2,1.4540707856478958,360,0.97,9.0,24,46,1476
0.0,0.0,1.446000134509758,360,0.97,9.0,1,47,1477
0.0,-0.2,1.4000000000000001,360,0.96,10.0,2,47,1478
0.0,-0.5,1.446000134509758,360,0.96,8.0,3,47,1479
0.0,-1.0,1.5808657048910078,360,0.99,8.0,4,47,1480
0.0,-1.0,1.7954058453981605,360,1.0,8.0,5,47,1481
0.0,-1.0,2.0749999999999993,360,0.99,9.0,6,47,1482
0.0,-1.4,2.4005942891115972,360,1.0,9.0,7,47,1483
56.111111111111114,-1.4,2.75,360,1.0,6.0,8,47,1484
291.77777777777777,-0.3,3.0994057108884028,360,0.92,8.0,9,47,1485
549.8888888888889,1.0,3.425,360,0.79,10.0,10,47,1486
751.8888888888888,2.4,3.704594154601839,360,0.72,9.0,11,47,1487
864.1111111111111,3.5,3.919134295108992,360,0.68,9.0,12,47,1488
886.5555555555555,4.2,4.053999865490242,360,0.63,9.0,13,47,1489
819.2222222222222,5.0,4.1,360,0.6,9.0,14,47,1490
650.8888888888889,5.2,4.053999865490242,360,0.6,9.0,15,47,1491
426.44444444444446,4.7,3.919134295108992,360,0.62,8.0,16,47,1492
157.1111111111111,3.6,3.704594154601839,360,0.67,8.0,17,47,1493
11.222222222222221,2.3,3.425,360,0.71,8.0,18,47,1494
0.0,1.6,3.0994057108884028,360,0.74,8.0,19,47,1495
0.0,1.6,2.75,360,0.74,7.0,20,47,1496
0.0,1.4,2.4005942891115972,360,0.73,7.0,21,47,1497
0.0,0.7,2.075,360,0.76,5.0,22,47,1498
0.0,-0.4,1.795405845398161,360,0.82,4.0,23,47,1499
0.0,-0.5,1.5808657048910078,360,0.84,4.0,24,47,1500
0.0,-0.9,0.7800743082206898,360,0.86,4.0,1,48,1501
0.0,-1.8,0.7000000000000002,360,0.9,3.0,2,48,1502
0.0,-2.3,0.7800743082206898,360,0.94,2.0,3,48,1503
0.0,-2.8,1.014840301106569,360,0.97,2.0,4,48,1504
0.0,-3.1,1.3882990642116126,360,0.97,2.0,5,48,1505
0.0,-3.5,1.8749999999999991,360,0.99,2.0,6,48,1506
0.0,-3.3,2.4417752440090768,360,1.0,2.0,7,48,1507
89.77777777777777,-2.0,3.0500000000000003,360,0.96,2.0,8,48,1508
381.55555555555554,0.2,3.658224755990924,360,0.88,3.0,9,48,1509
549.8888888888889,3.9,4.2250000000000005,360,0.8,3.0,10,48,1510
718.2222222222222,7.7,4.711700935788388,360,0.71,4.0,11,48,1511
830.4444444444446,10.8,5.085159698893431,360,0.64,5.0,12,48,1512
852.8888888888889,12.3,5.319925691779311,360,0.58,6.0,13,48,1513
774.3333333333333,12.9,5.4,360,0.54,6.0,14,48,1514
628.4444444444443,13.3,5.319925691779311,360,0.53,5.0,15,48,1515
392.7777777777778,12.5,5.085159698893431,360,0.53,4.0,16,48,1516
157.1111111111111,10.8,4.711700935788388,360,0.56,5.0,17,48,1517
11.222222222222221,8.7,4.2250000000000005,360,0.66,7.0,18,48,1518
0.0,7.5,3.658224755990924,360,0.67,5.0,19,48,1519
0.0,6.2,3.0500000000000003,360,0.7,4.0,20,48,1520
0.0,5.0,2.4417752440090768,360,0.75,3.0,21,48,1521
0.0,4.4,1.8750000000000007,360,0.78,2.0,22,48,1522
0.0,2.8,1.3882990642116138,360,0.87,2.0,23,48,1523
0.0,1.7,1.0148403011065694,360,0.9,1.0,24,48,1524
0.0,2.9,1.2834817255917832,360,0.86,2.0,1,49,1525
0.0,2.0,1.2000000000000002,360,0.87,2.0,2,49,1526
0.0,1.6,1.2834817255917828,360,0.88,2.0,3,49,1527
0.0,0.6,1.5282377607281252,360,0.91,2.0,4,49,1528
0.0,0.4,1.9175883860929577,360,0.93,2.0,5,49,1529
0.0,-0.1,2.424999999999999,360,0.95,2.0,6,49,1530
0.0,-0.4,3.0158933394988243,360,0.96,2.0,7,49,1531
78.55555555555554,0.8,3.65,360,0.93,2.0,8,49,1532
314.2222222222222,3.1,4.284106660501176,360,0.84,3.0,9,49,1533
572.3333333333333,6.1,4.875,360,0.76,4.0,10,49,1534
751.8888888888888,9.2,5.382411613907041,360,0.6,5.0,11,49,1535
875.3333333333334,10.9,5.771762239271874,360,0.55,6.0,12,49,1536
909.0,11.4,6.016518274408217,360,0.5,6.0,13,49,1537
830.4444444444446,11.9,6.1,360,0.51,7.0,14,49,1538
673.3333333333333,12.2,6.016518274408217,360,0.49,6.0,15,49,1539
448.8888888888889,12.0,5.771762239271874,360,0.53,6.0,16,49,1540
179.55555555555554,8.8,5.382411613907041,360,0.63,5.0,17,49,1541
11.222222222222221,7.0,4.875,360,0.68,4.0,18,49,1542
0.0,7.0,4.284106660501176,360,0.68,4.0,19,49,1543
0.0,5.1,3.65,360,0.75,4.0,20,49,1544
0.0,4.6,3.0158933394988243,360,0.75,3.0,21,49,1545
0.0,3.5,2.4250000000000007,360,0.8,2.0,22,49,1546
0.0,2.9,1.9175883860929588,360,0.84,2.0,23,49,1547
0.0,2.4,1.5282377607281252,360,0.9,2.0,24,49,1548
0.0,1.6,2.46474093005077,360,0.96,1.0,1,50,1549
0.0,1.6,2.3999999999999995,360,0.99,1.0,2,50,1550
0.0,0.9,2.4647409300507697,360,1.0,1.0,3,50,1551
0.0,1.9,2.654551732809566,360,1.0,2.0,4,50,1552
0.0,2.3,2.9564971157455586,360,1.0,2.0,5,50,1553
0.0,2.3,3.3499999999999988,360,1.0,2.0,6,50,1554
0.0,2.4,3.8082438143052104,360,1.0,2.0,7,50,1555
33.66666666666667,3.1,4.3,360,1.0,2.0,8,50,1556
112.22222222222223,4.1,4.79175618569479,360,0.98,2.0,9,50,1557
168.33333333333331,5.4,5.25,360,0.94,2.0,10,50,1558
224.44444444444446,7.1,5.64350288425444,360,0.88,3.0,11,50,1559
280.55555555555554,8.6,5.945448267190433,360,0.86,2.0,12,50,1560
280.55555555555554,9.9,6.13525906994923,360,0.82,3.0,13,50,1561
202.0,11.4,6.2,360,0.75,4.0,14,50,1562
168.33333333333331,11.1,6.13525906994923,360,0.75,4.0,15,50,1563
101.0,10.7,5.945448267190433,360,0.82,4.0,16,50,1564
56.111111111111114,9.6,5.64350288425444,360,0.93,4.0,17,50,1565
11.222222222222221,9.0,5.25,360,0.97,2.0,18,50,1566
0.0,8.5,4.79175618569479,360,1.0,2.0,19,50,1567
0.0,8.7,4.3,360,0.99,3.0,20,50,1568
0.0,8.5,3.8082438143052104,360,0.99,3.0,21,50,1569
0.0,8.9,3.35,360,0.9,6.0,22,50,1570
0.0,8.7,2.9564971157455595,360,0.88,6.0,23,50,1571
0.0,8.2,2.6545517328095665,360,0.92,7.0,24,50,1572
0.0,8.1,5.749407551880852,360,0.91,7.0,1,51,1573
0.0,8.0,5.700000000000001,360,0.9,7.0,2,51,1574
0.0,7.6,5.749407551880852,360,0.91,6.0,3,51,1575
0.0,7.7,5.894263164512564,360,0.91,6.0,4,51,1576
0.0,7.9,6.124695167279506,360,0.88,6.0,5,51,1577
0.0,7.9,6.425,360,0.87,6.0,6,51,1578
0.0,8.1,6.7747123846013455,360,0.87,8.0,7,51,1579
44.888888888888886,8.2,7.15,360,0.87,7.0,8,51,1580
157.1111111111111,8.9,7.525287615398655,360,0.85,8.0,9,51,1581
179.55555555555554,9.1,7.875,360,0.89,8.0,10,51,1582
179.55555555555554,9.6,8.175304832720494,360,0.88,7.0,11,51,1583
235.66666666666669,10.3,8.405736835487437,360,0.92,6.0,12,51,1584
269.33333333333337,11.2,8.550592448119149,360,0.92,6.0,13,51,1585
303.0,12.2,8.6,360,0.84,7.0,14,51,1586
415.2222222222223,12.6,8.550592448119149,360,0.81,6.0,15,51,1587
246.8888888888889,12.5,8.405736835487437,360,0.84,6.0,16,51,1588
89.77777777777777,11.9,8.175304832720494,360,0.9,5.0,17,51,1589
22.444444444444443,10.7,7.875,360,0.97,4.0,18,51,1590
0.0,10.2,7.525287615398655,360,1.0,4.0,19,51,1591
0.0,8.6,7.15,360,1.0,3.0,20,51,1592
0.0,8.6,6.7747123846013455,360,1.0,3.0,21,51,1593
0.0,8.6,6.425000000000001,360,1.0,2.0,22,51,1594
0.0,8.5,6.124695167279507,360,1.0,3.0,23,51,1595
0.0,7.8,5.894263164512564,360,1.0,3.0,24,51,1596
0.0,5.6,5.976666890849597,360,1.0,2.0,1,52,1597
0.0,5.6,5.9,360,1.0,2.0,2,52,1598
0.0,5.4,5.976666890849597,360,1.0,3.0,3,52,1599
0.0,4.2,6.201442841485013,360,1.0,2.0,4,52,1600
0.0,4.5,6.559009742330268,360,1.0,2.0,5,52,1601
0.0,4.1,7.0249999999999995,360,1.0,2.0,6,52,1602
0.0,3.7,7.567657148519329,360,1.0,2.0,7,52,1603
44.888888888888886,3.5,8.15,360,1.0,1.0,8,52,1604
190.77777777777777,4.2,8.732342851480672,360,1.0,1.0,9,52,1605
303.0,5.4,9.275,360,1.0,1.0,10,52,1606
448.8888888888889,7.6,9.740990257669733,360,1.0,2.0,11,52,1607
808.0,9.2,10.098557158514987,360,1.0,3.0,12,52,1608
909.0,11.9,10.323333109150404,360,0.78,3.0,13,52,1609
830.4444444444446,13.2,10.4,360,0.73,3.0,14,52,1610
673.3333333333333,13.7,10.323333109150404,360,0.62,3.0,15,52,1611
437.6666666666667,13.4,10.098557158514987,360,0.64,3.0,16,52,1612
202.0,12.3,9.740990257669733,360,0.74,3.0,17,52,1613
33.66666666666667,9.2,9.275,360,0.98,1.0,18,52,1614
0.0,7.2,8.732342851480672,360,1.0,2.0,19,52,1615
0.0,6.5,8.15,360,1.0,1.0,20,52,1616
0.0,5.3,7.567657148519329,360,1.0,2.0,21,52,1617
0.0,5.8,7.025,360,1.0,1.0,22,52,1618
0.0,4.8,6.559009742330268,360,1.0,1.0,23,52,1619
0.0,4.5,6.201442841485013,360,1.0,1.0,24,52,1620
0.0,3.8,4.98007430822069,360,1.0,1.0,1,53,1621
0.0,2.8,4.9,360,1.0,2.0,2,53,1622
0.0,2.2,4.98007430822069,360,1.0,1.0,3,53,1623
0.0,2.1,5.21484030110657,360,1.0,1.0,4,53,1624
0.0,1.4,5.588299064211613,360,1.0,1.0,5,53,1625
0.0,0.9,6.074999999999999,360,1.0,1.0,6,53,1626
0.0,0.4,6.641775244009077,360,1.0,1.0,7,53,1627
67.33333333333334,3.0,7.25,360,1.0,1.0,8,53,1628
112.22222222222223,5.9,7.858224755990924,360,1.0,1.0,9,53,1629
168.33333333333331,7.4,8.425,360,1.0,2.0,10,53,1630
224.44444444444446,8.9,8.911700935788387,360,1.0,1.0,11,53,1631
359.1111111111111,10.7,9.28515969889343,360,1.0,2.0,12,53,1632
662.1111111111112,12.8,9.51992569177931,360,0.78,4.0,13,53,1633
875.3333333333334,13.9,9.6,360,0.72,4.0,14,53,1634
673.3333333333333,14.2,9.51992569177931,360,0.74,4.0,15,53,1635
460.11111111111114,14.1,9.28515969889343,360,0.69,4.0,16,53,1636
168.33333333333331,12.5,8.911700935788387,360,0.81,4.0,17,53,1637
22.444444444444443,11.1,8.425,360,1.0,4.0,18,53,1638
0.0,10.3,7.858224755990924,360,1.0,4.0,19,53,1639
0.0,9.7,7.25,360,1.0,2.0,20,53,1640
0.0,9.1,6.641775244009077,360,1.0,1.0,21,53,1641
0.0,8.1,6.075000000000001,360,1.0,1.0,22,53,1642
0.0,6.1,5.588299064211614,360,1.0,1.0,23,53,1643
0.0,5.3,5.21484030110657,360,1.0,2.0,24,53,1644
0.0,4.5,5.588592851648423,360,1.0,1.0,1,54,1645
0.0,4.0,5.5,360,1.0,1.0,2,54,1646
0.0,3.1,5.588592851648422,360,1.0,1.0,3,54,1647
0.0,3.0,5.848333950160459,360,1.0,1.0,4,54,1648
0.0,2.4,6.261522368914975,360,1.0,1.0,5,54,1649
0.0,1.9,6.799999999999999,360,1.0,1.0,6,54,1650
11.222222222222221,1.1,7.427070482733446,360,1.0,1.0,7,54,1651
67.33333333333334,2.5,8.1,360,1.0,1.0,8,54,1652
246.8888888888889,4.9,8.772929517266553,360,1.0,2.0,9,54,1653
448.8888888888889,7.5,9.4,360,1.0,3.0,10,54,1654
808.0,9.9,9.938477631085023,360,1.0,4.0,11,54,1655
897.7777777777778,13.1,10.35166604983954,360,0.81,3.0,12,54,1656
931.4444444444445,14.7,10.611407148351578,360,0.64,4.0,13,54,1657
875.3333333333334,15.1,10.7,360,0.63,4.0,14,54,1658
707.0000000000001,15.9,10.611407148351578,360,0.54,4.0,15,54,1659
493.7777777777778,15.3,10.35166604983954,360,0.6,3.0,16,54,1660
213.22222222222223,13.9,9.938477631085023,360,0.65,2.0,17,54,1661
33.66666666666667,10.5,9.4,360,0.84,1.0,18,54,1662
0.0,8.1,8.772929517266553,360,1.0,1.0,19,54,1663
0.0,10.2,8.1,360,0.87,2.0,20,54,1664
0.0,8.6,7.427070482733446,360,0.91,2.0,21,54,1665
0.0,8.2,6.800000000000001,360,0.94,2.0,22,54,1666
0.0,6.7,6.261522368914976,360,1.0,1.0,23,54,1667
0.0,5.9,5.848333950160459,360,1.0,1.0,24,54,1668
0.0,4.7,5.383481725591784,360,1.0,1.0,1,55,1669
0.0,4.5,5.300000000000001,360,1.0,1.0,2,55,1670
0.0,4.2,5.383481725591783,360,1.0,2.0,3,55,1671
0.0,6.7,5.628237760728125,360,1.0,4.0,4,55,1672
0.0,7.6,6.0175883860929575,360,0.89,7.0,5,55,1673
0.0,7.4,6.524999999999999,360,0.87,8.0,6,55,1674
0.0,7.7,7.115893339498824,360,0.87,9.0,7,55,1675
112.22222222222223,8.7,7.75,360,0.85,12.0,8,55,1676
370.33333333333337,10.1,8.384106660501176,360,0.82,12.0,9,55,1677
617.2222222222222,11.6,8.975,360,0.76,12.0,10,55,1678
808.0,13.1,9.482411613907042,360,0.69,11.0,11,55,1679
909.0,14.8,9.871762239271874,360,0.65,9.0,12,55,1680
931.4444444444445,16.2,10.116518274408218,360,0.57,8.0,13,55,1681
864.1111111111111,16.8,10.2,360,0.5,10.0,14,55,1682
527.4444444444445,17.0,10.116518274408218,360,0.51,9.0,15,55,1683
482.5555555555556,16.4,9.871762239271874,360,0.5,9.0,16,55,1684
179.55555555555554,14.9,9.482411613907042,360,0.59,6.0,17,55,1685
22.444444444444443,13.0,8.975,360,0.67,4.0,18,55,1686
0.0,12.4,8.384106660501176,360,0.57,4.0,19,55,1687
0.0,11.2,7.75,360,0.58,4.0,20,55,1688
0.0,11.6,7.115893339498824,360,0.56,5.0,21,55,1689
0.0,11.2,6.525,360,0.6,6.0,22,55,1690
0.0,10.5,6.017588386092958,360,0.69,4.0,23,55,1691
0.0,10.0,5.628237760728125,360,0.81,4.0,24,55,1692
0.0,9.8,7.747703843195304,360,0.87,4.0,1,56,1693
0.0,9.9,7.699999999999999,360,0.87,4.0,2,56,1694
0.0,9.0,7.747703843195304,360,0.98,4.0,3,56,1695
0.0,9.1,7.887564434701785,360,0.93,6.0,4,56,1696
0.0,8.4,8.110050506338833,360,0.97,5.0,5,56,1697
0.0,8.6,8.399999999999999,360,0.95,4.0,6,56,1698
0.0,8.4,8.737653336856471,360,0.97,2.0,7,56,1699
22.444444444444443,8.9,9.1,360,0.91,5.0,8,56,1700
89.77777777777777,9.3,9.462346663143528,360,0.89,3.0,9,56,1701
179.55555555555554,10.2,9.799999999999999,360,0.83,5.0,10,56,1702
404.0,11.4,10.089949493661166,360,0.76,6.0,11,56,1703
213.22222222222223,11.2,10.312435565298214,360,0.8,4.0,12,56,1704
280.55555555555554,12.4,10.452296156804696,360,0.77,4.0,13,56,1705
448.8888888888889,14.8,10.5,360,0.71,3.0,14,56,1706
684.5555555555557,15.9,10.452296156804696,360,0.61,4.0,15,56,1707
448.8888888888889,16.1,10.312435565298214,360,0.64,3.0,16,56,1708
213.22222222222223,14.9,10.089949493661166,360,0.61,4.0,17,56,1709
22.444444444444443,10.7,9.799999999999999,360,0.8,2.0,18,56,1710
0.0,9.2,9.462346663143528,360,0.89,2.0,19,56,1711
0.0,9.4,9.1,360,0.83,2.0,20,56,1712
0.0,10.3,8.737653336856471,360,0.81,4.0,21,56,1713
0.0,8.3,8.4,360,0.94,4.0,22,56,1714
0.0,7.4,8.110050506338833,360,1.0,2.0,23,56,1715
0.0,8.0,7.887564434701785,360,1.0,3.0,24,56,1716
0.0,7.3,6.8374815910820255,360,1.0,4.0,1,57,1717
0.0,7.6,6.800000000000001,360,1.0,6.0,2,57,1718
0.0,6.7,6.837481591082025,360,1.0,6.0,3,57,1719
0.0,6.5,6.947372055837118,360,1.0,4.0,4,57,1720
0.0,6.5,7.122182540694798,360,1.0,5.0,5,57,1721
0.0,6.5,7.35,360,1.0,6.0,6,57,1722
0.0,6.2,7.615299050387228,360,1.0,7.0,7,57,1723
33.66666666666667,6.7,7.9,360,1.0,5.0,8,57,1724
89.77777777777777,7.5,8.184700949612774,360,1.0,7.0,9,57,1725
78.55555555555554,8.8,8.450000000000001,360,1.0,8.0,10,57,1726
101.0,9.7,8.677817459305203,360,1.0,8.0,11,57,1727
157.1111111111111,10.3,8.852627944162883,360,1.0,9.0,12,57,1728
145.88888888888889,10.7,8.962518408917976,360,1.0,9.0,13,57,1729
157.1111111111111,11.4,9.0,360,1.0,10.0,14,57,1730
190.77777777777777,10.7,8.962518408917976,360,1.0,13.0,15,57,1731
78.55555555555554,10.4,8.852627944162883,360,1.0,11.0,16,57,1732
22.444444444444443,10.1,8.677817459305203,360,1.0,8.0,17,57,1733
11.222222222222221,10.3,8.450000000000001,360,1.0,7.0,18,57,1734
0.0,10.3,8.184700949612774,360,1.0,7.0,19,57,1735
0.0,10.2,7.9,360,1.0,6.0,20,57,1736
0.0,9.5,7.615299050387228,360,1.0,6.0,21,57,1737
0.0,8.6,7.3500000000000005,360,1.0,5.0,22,57,1738
0.0,7.2,7.122182540694798,360,1.0,4.0,23,57,1739
0.0,6.7,6.947372055837118,360,1.0,4.0,24,57,1740
0.0,6.0,7.042592717138665,360,1.0,3.0,1,58,1741
0.0,6.3,7.0,360,1.0,4.0,2,58,1742
0.0,5.9,7.042592717138665,360,1.0,4.0,3,58,1743
0.0,5.8,7.167468245269451,360,1.0,3.0,4,58,1744
0.0,5.8,7.366116523516816,360,1.0,2.0,5,58,1745
0.0,5.7,7.624999999999999,360,1.0,2.0,6,58,1746
0.0,5.8,7.926476193621849,360,1.0,2.0,7,58,1747
44.888888888888886,6.2,8.25,360,1.0,2.0,8,58,1748
179.55555555555554,7.1,8.573523806378152,360,1.0,2.0,9,58,1749
291.77777777777777,8.2,8.875,360,1.0,2.0,10,58,1750
471.33333333333337,9.6,9.133883476483184,360,0.86,3.0,11,58,1751
314.2222222222222,9.4,9.332531754730548,360,0.79,3.0,12,58,1752
269.33333333333337,8.5,9.457407282861336,360,0.91,4.0,13,58,1753
224.44444444444446,8.4,9.5,360,1.0,4.0,14,58,1754
269.33333333333337,9.1,9.457407282861336,360,1.0,4.0,15,58,1755
202.0,9.0,9.332531754730548,360,1.0,4.0,16,58,1756
78.55555555555554,8.8,9.133883476483184,360,1.0,4.0,17,58,1757
11.222222222222221,8.8,8.875,360,1.0,3.0,18,58,1758
0.0,9.0,8.573523806378152,360,1.0,3.0,19,58,1759
0.0,9.0,8.25,360,1.0,3.0,20,58,1760
0.0,9.0,7.926476193621849,360,1.0,4.0,21,58,1761
0.0,9.1,7.625,360,1.0,4.0,22,58,1762
0.0,9.2,7.366116523516816,360,1.0,4.0,23,58,1763
0.0,9.4,7.167468245269451,360,1.0,4.0,24,58,1764
0.0,9.6,8.839185299767571,360,1.0,4.0,1,59,1765
0.0,9.6,8.8,360,1.0,4.0,2,59,1766
0.0,9.6,8.839185299767571,360,1.0,2.0,3,59,1767
0.0,9.7,8.954070785647895,360,1.0,3.0,4,59,1768
0.0,9.7,9.13682720163547,360,1.0,4.0,5,59,1769
0.0,9.7,9.374999999999998,360,1.0,3.0,6,59,1770
0.0,9.7,9.652358098132101,360,1.0,4.0,7,59,1771
33.66666666666667,10.1,9.95,360,1.0,4.0,8,59,1772
89.77777777777777,10.5,10.247641901867897,360,1.0,4.0,9,59,1773
213.22222222222223,11.2,10.524999999999999,360,1.0,5.0,10,59,1774
269.33333333333337,11.6,10.76317279836453,360,1.0,4.0,11,59,1775
202.0,11.7,10.945929214352104,360,1.0,6.0,12,59,1776
179.55555555555554,11.8,11.060814700232427,360,1.0,6.0,13,59,1777
303.0,12.8,11.099999999999998,360,1.0,6.0,14,59,1778
269.33333333333337,13.3,11.060814700232427,360,1.0,6.0,15,59,1779
134.66666666666669,12.7,10.945929214352104,360,1.0,5.0,16,59,1780
134.66666666666669,12.9,10.76317279836453,360,1.0,4.0,17,59,1781
22.444444444444443,11.9,10.524999999999999,360,1.0,4.0,18,59,1782
0.0,11.6,10.247641901867897,360,1.0,2.0,19,59,1783
0.0,11.1,9.95,360,1.0,3.0,20,59,1784
0.0,11.0,9.652358098132101,360,1.0,2.0,21,59,1785
0.0,10.8,9.375,360,1.0,4.0,22,59,1786
0.0,9.9,9.13682720163547,360,1.0,3.0,23,59,1787
0.0,10.1,8.954070785647895,360,1.0,4.0,24,59,1788
0.0,10.2,9.523851921597652,360,1.0,3.0,1,60,1789
0.0,10.3,9.5,360,1.0,4.0,2,60,1790
0.0,10.3,9.523851921597652,360,1.0,4.0,3,60,1791
0.0,10.2,9.593782217350892,360,1.0,4.0,4,60,1792
0.0,10.0,9.705025253169415,360,1.0,4.0,5,60,1793
0.0,9.8,9.85,360,1.0,4.0,6,60,1794
0.0,9.9,10.018826668428234,360,1.0,5.0,7,60,1795
11.222222222222221,9.9,10.2,360,1.0,5.0,8,60,1796
56.111111111111114,10.2,10.381173331571764,360,1.0,6.0,9,60,1797
123.44444444444446,10.8,10.549999999999999,360,1.0,6.0,10,60,1798
213.22222222222223,11.6,10.694974746830583,360,1.0,7.0,11,60,1799
258.11111111111114,12.0,10.806217782649107,360,1.0,9.0,12,60,1800
404.0,12.9,10.876148078402347,360,0.97,10.0,13,60,1801
325.44444444444446,12.6,10.899999999999999,360,0.91,11.0,14,60,1802
157.1111111111111,11.9,10.876148078402347,360,0.98,9.0,15,60,1803
67.33333333333334,11.1,10.806217782649107,360,1.0,9.0,16,60,1804
44.888888888888886,11.0,10.694974746830583,360,1.0,8.0,17,60,1805
11.222222222222221,10.8,10.549999999999999,360,1.0,8.0,18,60,1806
0.0,10.6,10.381173331571764,360,1.0,9.0,19,60,1807
0.0,10.2,10.2,360,1.0,11.0,20,60,1808
0.0,10.4,10.018826668428234,360,1.0,11.0,21,60,1809
0.0,10.4,9.85,360,1.0,10.0,22,60,1810
0.0,10.4,9.705025253169415,360,1.0,10.0,23,60,1811
0.0,10.4,9.593782217350892,360,1.0,10.0,24,60,1812
0.0,10.4,9.546000134509757,360,1.0,11.0,1,61,1813
0.0,10.4,9.5,360,1.0,11.0,2,61,1814
0.0,10.4,9.546000134509757,360,1.0,12.0,3,61,1815
0.0,10.4,9.680865704891009,360,1.0,12.0,4,61,1816
0.0,10.4,9.89540584539816,360,1.0,11.0,5,61,1817
0.0,10.2,10.174999999999999,360,1.0,12.0,6,61,1818
0.0,10.0,10.500594289111596,360,1.0,11.0,7,61,1819
33.66666666666667,10.0,10.85,360,1.0,10.0,8,61,1820
56.111111111111114,10.3,11.199405710888403,360,1.0,10.0,9,61,1821
258.11111111111114,11.4,11.525,360,1.0,7.0,10,61,1822
392.7777777777778,12.3,11.804594154601839,360,1.0,6.0,11,61,1823
718.2222222222222,12.7,12.01913429510899,360,0.95,8.0,12,61,1824
707.0000000000001,13.6,12.153999865490242,360,0.81,9.0,13,61,1825
841.6666666666666,13.5,12.2,360,0.74,10.0,14,61,1826
662.1111111111112,13.8,12.153999865490242,360,0.7,9.0,15,61,1827
426.44444444444446,13.2,12.01913429510899,360,0.72,9.0,16,61,1828
213.22222222222223,12.0,11.804594154601839,360,0.81,8.0,17,61,1829
33.66666666666667,10.4,11.525,360,0.93,7.0,18,61,1830
0.0,9.0,11.199405710888403,360,1.0,7.0,19,61,1831
0.0,8.1,10.85,360,1.0,6.0,20,61,1832
0.0,7.5,10.500594289111596,360,1.0,6.0,21,61,1833
0.0,8.3,10.175,360,1.0,7.0,22,61,1834
0.0,8.3,9.89540584539816,360,1.0,7.0,23,61,1835
0.0,8.4,9.680865704891009,360,1.0,8.0,24,61,1836
0.0,8.1,8.739185299767572,360,1.0,7.0,1,62,1837
0.0,7.8,8.7,360,1.0,4.0,2,62,1838
0.0,7.8,8.73918529976757,360,1.0,5.0,3,62,1839
0.0,7.9,8.854070785647895,360,1.0,5.0,4,62,1840
0.0,8.3,9.03682720163547,360,1.0,4.0,5,62,1841
0.0,8.7,9.274999999999999,360,1.0,6.0,6,62,1842
0.0,8.7,9.552358098132101,360,1.0,4.0,7,62,1843
44.888888888888886,8.7,9.85,360,1.0,4.0,8,62,1844
258.11111111111114,9.4,10.147641901867898,360,1.0,6.0,9,62,1845
370.33333333333337,9.7,10.425,360,1.0,6.0,10,62,1846
336.66666666666663,10.4,10.66317279836453,360,1.0,7.0,11,62,1847
404.0,10.9,10.845929214352104,360,1.0,7.0,12,62,1848
359.1111111111111,11.1,10.96081470023243,360,1.0,6.0,13,62,1849
269.33333333333337,11.3,11.0,360,1.0,6.0,14,62,1850
202.0,10.8,10.96081470023243,360,1.0,6.0,15,62,1851
112.22222222222223,10.4,10.845929214352104,360,1.0,6.0,16,62,1852
56.111111111111114,10.5,10.66317279836453,360,1.0,4.0,17,62,1853
22.444444444444443,10.4,10.425,360,1.0,6.0,18,62,1854
0.0,10.1,10.147641901867898,360,1.0,4.0,19,62,1855
0.0,9.8,9.85,360,1.0,4.0,20,62,1856
0.0,9.9,9.552358098132101,360,1.0,5.0,21,62,1857
0.0,9.4,9.275,360,1.0,5.0,22,62,1858
0.0,9.6,9.03682720163547,360,1.0,5.0,23,62,1859
0.0,9.8,8.854070785647895,360,1.0,6.0,24,62,1860
0.0,10.0,9.327259338968748,360,1.0,6.0,1,63,1861
0.0,9.8,9.3,360,1.0,7.0,2,63,1862
0.0,8.9,9.327259338968746,360,1.0,10.0,3,63,1863
0.0,8.6,9.40717967697245,360,1.0,6.0,4,63,1864
0.0,8.8,9.534314575050763,360,1.0,5.0,5,63,1865
0.0,8.6,9.700000000000001,360,1.0,6.0,6,63,1866
0.0,8.8,9.892944763917985,360,1.0,6.0,7,63,1867
89.77777777777777,9.2,10.100000000000001,360,1.0,6.0,8,63,1868
145.88888888888889,6.8,10.307055236082018,360,1.0,8.0,9,63,1869
202.0,7.2,10.500000000000002,360,1.0,7.0,10,63,1870
246.8888888888889,6.8,10.66568542494924,360,1.0,10.0,11,63,1871
718.2222222222222,9.2,10.792820323027552,360,0.82,7.0,12,63,1872
493.7777777777778,9.3,10.872740661031257,360,0.75,7.0,13,63,1873
774.3333333333333,9.1,10.900000000000002,360,0.62,6.0,14,63,1874
628.4444444444443,10.0,10.872740661031257,360,0.56,8.0,15,63,1875
415.2222222222223,8.7,10.792820323027552,360,0.59,9.0,16,63,1876
258.11111111111114,8.2,10.66568542494924,360,0.57,8.0,17,63,1877
33.66666666666667,6.6,10.500000000000002,360,0.71,6.0,18,63,1878
0.0,5.1,10.307055236082018,360,0.89,9.0,19,63,1879
0.0,5.2,10.100000000000001,360,0.98,7.0,20,63,1880
0.0,4.5,9.892944763917985,360,1.0,11.0,21,63,1881
0.0,4.1,9.700000000000001,360,1.0,8.0,22,63,1882
0.0,3.2,9.534314575050765,360,1.0,8.0,23,63,1883
0.0,2.8,9.40717967697245,360,1.0,6.0,24,63,1884
0.0,2.7,5.628963047654291,360,1.0,6.0,1,64,1885
0.0,3.5,5.6,360,1.0,9.0,2,64,1886
0.0,2.8,5.628963047654291,360,1.0,8.0,3,64,1887
0.0,2.9,5.713878406783226,360,1.0,8.0,4,64,1888
0.0,2.6,5.848959235991433,360,1.0,6.0,5,64,1889
0.0,2.0,6.024999999999999,360,1.0,5.0,6,64,1890
11.222222222222221,2.2,6.230003811662857,360,1.0,5.0,7,64,1891
112.22222222222223,2.8,6.449999999999999,360,1.0,7.0,8,64,1892
224.44444444444446,3.3,6.669996188337142,360,1.0,10.0,9,64,1893
336.66666666666663,4.3,6.874999999999999,360,0.92,13.0,10,64,1894
740.6666666666667,5.5,7.051040764008565,360,0.8,13.0,11,64,1895
875.3333333333334,6.6,7.186121593216773,360,0.64,15.0,12,64,1896
561.1111111111111,6.1,7.271036952345708,360,0.76,12.0,13,64,1897
650.8888888888889,3.6,7.299999999999999,360,0.83,14.0,14,64,1898
493.7777777777778,5.5,7.271036952345708,360,0.71,12.0,15,64,1899
482.5555555555556,4.0,7.186121593216773,360,0.82,13.0,16,64,1900
303.0,3.2,7.051040764008565,360,0.83,12.0,17,64,1901
33.66666666666667,3.4,6.874999999999999,360,0.71,10.0,18,64,1902
0.0,2.8,6.669996188337142,360,0.73,12.0,19,64,1903
0.0,2.8,6.449999999999999,360,0.73,7.0,20,64,1904
0.0,2.7,6.230003811662857,360,0.75,9.0,21,64,1905
0.0,2.5,6.0249999999999995,360,0.77,9.0,22,64,1906
0.0,2.1,5.848959235991434,360,0.82,8.0,23,64,1907
0.0,2.0,5.713878406783226,360,0.88,8.0,24,64,1908
0.0,1.8,3.5460001345097574,360,0.91,7.0,1,65,1909
0.0,1.8,3.4999999999999996,360,0.9,7.0,2,65,1910
0.0,1.2,3.5460001345097574,360,0.97,7.0,3,65,1911
0.0,1.2,3.680865704891007,360,0.97,6.0,4,65,1912
0.0,1.4,3.8954058453981597,360,0.98,7.0,5,65,1913
0.0,0.5,4.174999999999999,360,1.0,7.0,6,65,1914
11.222222222222221,0.2,4.500594289111596,360,1.0,8.0,7,65,1915
179.55555555555554,1.3,4.85,360,0.9,10.0,8,65,1916
493.7777777777778,2.0,5.199405710888403,360,0.72,12.0,9,65,1917
751.8888888888888,3.2,5.5249999999999995,360,0.64,12.0,10,65,1918
965.1111111111112,4.3,5.804594154601839,360,0.57,13.0,11,65,1919
1043.6666666666665,4.9,6.019134295108992,360,0.54,12.0,12,65,1920
1088.5555555555557,5.4,6.153999865490242,360,0.48,12.0,13,65,1921
852.8888888888889,5.2,6.199999999999999,360,0.49,11.0,14,65,1922
650.8888888888889,6.0,6.153999865490242,360,0.47,12.0,15,65,1923
505.0,5.3,6.019134295108992,360,0.47,12.0,16,65,1924
258.11111111111114,5.1,5.804594154601839,360,0.49,10.0,17,65,1925
56.111111111111114,3.7,5.5249999999999995,360,0.56,9.0,18,65,1926
0.0,2.8,5.199405710888403,360,0.63,5.0,19,65,1927
0.0,2.2,4.85,360,0.65,6.0,20,65,1928
0.0,1.9,4.500594289111596,360,0.67,5.0,21,65,1929
0.0,1.2,4.175,360,0.72,4.0,22,65,1930
0.0,0.8,3.8954058453981606,360,0.73,3.0,23,65,1931
0.0,0.6,3.6808657048910076,360,0.76,4.0,24,65,1932
0.0,0.0,2.2681483474218638,360,0.8,4.0,1,66,1933
0.0,-0.9,2.2,360,0.86,3.0,2,66,1934
0.0,-1.2,2.2681483474218638,360,0.88,3.0,3,66,1935
0.0,-1.6,2.4679491924311225,360,0.91,3.0,4,66,1936
0.0,-1.7,2.7857864376269044,360,0.94,2.0,5,66,1937
0.0,-1.5,3.1999999999999993,360,0.97,2.0,6,66,1938
22.444444444444443,-1.3,3.6823619097949587,360,0.95,2.0,7,66,1939
67.33333333333334,-0.5,4.2,360,0.93,4.0,8,66,1940
112.22222222222223,0.9,4.717638090205042,360,0.93,2.0,9,66,1941
224.44444444444446,2.5,5.2,360,0.86,2.0,10,66,1942
303.0,3.8,5.614213562373095,360,0.82,3.0,11,66,1943
392.7777777777778,4.7,5.932050807568878,360,0.88,4.0,12,66,1944
516.2222222222223,6.2,6.131851652578137,360,0.87,4.0,13,66,1945
527.4444444444445,7.4,6.2,360,0.74,6.0,14,66,1946
415.2222222222223,7.4,6.131851652578137,360,0.71,6.0,15,66,1947
213.22222222222223,7.4,5.932050807568878,360,0.73,6.0,16,66,1948
67.33333333333334,6.9,5.614213562373095,360,0.82,5.0,17,66,1949
22.444444444444443,6.3,5.2,360,0.86,5.0,18,66,1950
0.0,5.9,4.717638090205042,360,0.93,3.0,19,66,1951
0.0,5.5,4.2,360,1.0,2.0,20,66,1952
0.0,5.7,3.6823619097949587,360,1.0,2.0,21,66,1953
0.0,5.8,3.2000000000000006,360,1.0,3.0,22,66,1954
0.0,5.8,2.7857864376269053,360,1.0,3.0,23,66,1955
0.0,5.7,2.4679491924311225,360,1.0,4.0,24,66,1956
0.0,5.7,5.434074173710933,360,1.0,3.0,1,67,1957
0.0,5.6,5.4,360,1.0,4.0,2,67,1958
0.0,5.5,5.434074173710932,360,1.0,3.0,3,67,1959
0.0,5.2,5.533974596215561,360,1.0,2.0,4,67,1960
0.0,5.1,5.6928932188134524,360,1.0,2.0,5,67,1961
0.0,5.2,5.9,360,1.0,3.0,6,67,1962
0.0,5.3,6.14118095489748,360,0.96,2.0,7,67,1963
44.888888888888886,5.8,6.4,360,0.89,2.0,8,67,1964
101.0,6.3,6.658819045102521,360,0.9,4.0,9,67,1965
224.44444444444446,7.5,6.9,360,0.71,4.0,10,67,1966
347.8888888888889,8.0,7.107106781186548,360,0.63,3.0,11,67,1967
336.66666666666663,8.1,7.266025403784439,360,0.69,6.0,12,67,1968
392.7777777777778,8.5,7.365925826289069,360,0.71,6.0,13,67,1969
202.0,8.2,7.4,360,0.72,6.0,14,67,1970
134.66666666666669,7.7,7.365925826289069,360,0.81,6.0,15,67,1971
112.22222222222223,7.8,7.266025403784439,360,0.83,4.0,16,67,1972
44.888888888888886,7.3,7.107106781186548,360,0.93,7.0,17,67,1973
22.444444444444443,7.4,6.9,360,0.88,6.0,18,67,1974
0.0,6.8,6.658819045102521,360,1.0,5.0,19,67,1975
0.0,6.3,6.4,360,1.0,6.0,20,67,1976
0.0,6.3,6.14118095489748,360,1.0,6.0,21,67,1977
0.0,6.3,5.9,360,1.0,5.0,22,67,1978
0.0,6.1,5.6928932188134524,360,1.0,4.0,23,67,1979
0.0,4.7,5.533974596215562,360,1.0,4.0,24,67,1980
0.0,3.9,4.286889142962876,360,1.0,4.0,1,68,1981
0.0,3.1,4.199999999999999,360,1.0,4.0,2,68,1982
0.0,2.6,4.286889142962876,360,1.0,3.0,3,68,1983
0.0,2.2,4.541635220349681,360,1.0,2.0,4,68,1984
0.0,1.5,4.946877707974303,360,1.0,2.0,5,68,1985
0.0,-1.2,5.474999999999999,360,1.0,1.0,6,68,1986
22.444444444444443,-0.8,6.090011434988572,360,1.0,1.0,7,68,1987
213.22222222222223,2.5,6.75,360,1.0,2.0,8,68,1988
482.5555555555556,5.8,7.409988565011428,360,1.0,2.0,9,68,1989
662.1111111111112,6.6,8.025,360,0.94,3.0,10,68,1990
864.1111111111111,7.8,8.553122292025696,360,0.8,6.0,11,68,1991
942.6666666666667,9.1,8.958364779650319,360,0.72,6.0,12,68,1992
808.0,9.5,9.213110857037124,360,0.72,6.0,13,68,1993
920.2222222222223,10.2,9.3,360,0.68,6.0,14,68,1994
437.6666666666667,9.5,9.213110857037124,360,0.73,6.0,15,68,1995
145.88888888888889,9.0,8.958364779650319,360,0.76,6.0,16,68,1996
101.0,8.8,8.553122292025696,360,0.82,6.0,17,68,1997
22.444444444444443,8.5,8.025,360,0.82,4.0,18,68,1998
0.0,8.0,7.409988565011428,360,0.92,4.0,19,68,1999
0.0,7.7,6.75,360,0.97,4.0,20,68,2000
0.0,7.6,6.090011434988572,360,1.0,5.0,21,68,2001
0.0,7.3,5.4750000000000005,360,1.0,6.0,22,68,2002
0.0,7.3,4.946877707974304,360,1.0,6.0,23,68,2003
0.0,7.0,4.541635220349681,360,1.0,6.0,24,68,2004
0.0,7.1,7.034074173710932,360,1.0,7.0,1,69,2005
0.0,6.6,7.0,360,1.0,6.0,2,69,2006
0.0,6.4,7.034074173710931,360,1.0,7.0,3,69,2007
0.0,6.5,7.133974596215561,360,1.0,9.0,4,69,2008
0.0,6.5,7.292893218813452,360,1.0,9.0,5,69,2009
0.0,6.4,7.5,360,1.0,9.0,6,69,2010
0.0,6.3,7.741180954897479,360,1.0,8.0,7,69,2011
33.66666666666667,6.7,8.0,360,1.0,10.0,8,69,2012
56.111111111111114,6.6,8.25881904510252,360,1.0,10.0,9,69,2013
112.22222222222223,7.3,8.5,360,1.0,8.0,10,69,2014
359.1111111111111,8.1,8.707106781186548,360,1.0,7.0,11,69,2015
325.44444444444446,7.7,8.86602540378444,360,1.0,7.0,12,69,2016
381.55555555555554,8.6,8.965925826289068,360,1.0,6.0,13,69,2017
583.5555555555555,7.9,9.0,360,0.94,10.0,14,69,2018
684.5555555555557,9.3,8.965925826289068,360,0.87,11.0,15,69,2019
516.2222222222223,9.1,8.86602540378444,360,0.8,10.0,16,69,2020
246.8888888888889,7.5,8.707106781186548,360,0.96,9.0,17,69,2021
67.33333333333334,6.7,8.5,360,0.93,6.0,18,69,2022
0.0,5.8,8.25881904510252,360,0.99,6.0,19,69,2023
0.0,5.0,8.0,360,1.0,6.0,20,69,2024
0.0,4.6,7.741180954897479,360,1.0,7.0,21,69,2025
0.0,3.7,7.5,360,1.0,6.0,22,69,2026
0.0,3.0,7.292893218813452,360,1.0,6.0,23,69,2027
0.0,2.9,7.133974596215562,360,1.0,7.0,24,69,2028
0.0,3.5,5.534074173710932,360,1.0,8.0,1,70,2029
0.0,3.7,5.5,360,1.0,8.0,2,70,2030
0.0,4.1,5.534074173710931,360,1.0,9.0,3,70,2031
0.0,4.3,5.633974596215561,360,1.0,11.0,4,70,2032
0.0,4.9,5.792893218813452,360,1.0,12.0,5,70,2033
0.0,5.2,6.0,360,1.0,13.0,6,70,2034
11.222222222222221,5.4,6.241180954897479,360,1.0,16.0,7,70,2035
22.444444444444443,5.3,6.5,360,1.0,19.0,8,70,2036
44.888888888888886,5.3,6.758819045102521,360,1.0,17.0,9,70,2037
224.44444444444446,5.9,7.0,360,1.0,21.0,10,70,2038
202.0,6.0,7.207106781186548,360,1.0,21.0,11,70,2039
202.0,7.2,7.366025403784438,360,1.0,17.0,12,70,2040
527.4444444444445,9.2,7.465925826289069,360,0.9,12.0,13,70,2041
493.7777777777778,5.8,7.5,360,0.9,16.0,14,70,2042
426.44444444444446,8.7,7.465925826289069,360,0.88,14.0,15,70,2043
471.33333333333337,9.3,7.366025403784438,360,0.79,14.0,16,70,2044
179.55555555555554,8.6,7.207106781186548,360,0.82,15.0,17,70,2045
33.66666666666667,7.8,7.0,360,0.83,15.0,18,70,2046
0.0,7.5,6.758819045102521,360,0.88,12.0,19,70,2047
0.0,7.4,6.5,360,0.91,13.0,20,70,2048
0.0,7.4,6.241180954897479,360,0.85,11.0,21,70,2049
0.0,6.6,6.0,360,0.91,10.0,22,70,2050
0.0,6.6,5.792893218813452,360,0.89,10.0,23,70,2051
0.0,5.7,5.633974596215562,360,0.88,9.0,24,70,2052
0.0,6.0,5.957926095308585,360,0.91,10.0,1,71,2053
0.0,6.1,5.9,360,0.97,11.0,2,71,2054
0.0,5.9,5.957926095308585,360,1.0,10.0,3,71,2055
0.0,6.5,6.127756813566455,360,1.0,6.0,4,71,2056
0.0,6.8,6.3979184719828694,360,1.0,8.0,5,71,2057
0.0,7.0,6.75,360,1.0,6.0,6,71,2058
0.0,7.6,7.160007623325716,360,1.0,6.0,7,71,2059
78.55555555555554,8.1,7.6000000000000005,360,1.0,7.0,8,71,2060
157.1111111111111,9.4,8.039992376674286,360,1.0,8.0,9,71,2061
202.0,11.4,8.450000000000001,360,1.0,11.0,10,71,2062
179.55555555555554,11.5,8.802081528017132,360,1.0,11.0,11,71,2063
246.8888888888889,11.4,9.072243186433546,360,1.0,14.0,12,71,2064
168.33333333333331,11.3,9.242073904691416,360,1.0,12.0,13,71,2065
145.88888888888889,11.1,9.3,360,1.0,13.0,14,71,2066
112.22222222222223,11.3,9.242073904691416,360,1.0,14.0,15,71,2067
112.22222222222223,11.1,9.072243186433546,360,1.0,13.0,16,71,2068
67.33333333333334,11.0,8.802081528017132,360,1.0,14.0,17,71,2069
11.222222222222221,10.8,8.450000000000001,360,1.0,13.0,18,71,2070
11.222222222222221,10.8,8.039992376674286,360,1.0,13.0,19,71,2071
0.0,10.8,7.6000000000000005,360,1.0,15.0,20,71,2072
0.0,10.8,7.160007623325716,360,1.0,14.0,21,71,2073
0.0,10.9,6.750000000000001,360,1.0,13.0,22,71,2074
0.0,11.0,6.3979184719828694,360,1.0,13.0,23,71,2075
0.0,11.0,6.127756813566455,360,1.0,15.0,24,71,2076
0.0,10.8,9.235777882396478,360,1.0,14.0,1,72,2077
0.0,10.8,9.2,360,1.0,14.0,2,72,2078
0.0,10.5,9.235777882396478,360,1.0,16.0,3,72,2079
0.0,10.3,9.340673326026339,360,1.0,15.0,4,72,2080
0.0,10.3,9.507537879754125,360,1.0,15.0,5,72,2081
0.0,10.4,9.725,360,1.0,14.0,6,72,2082
0.0,10.5,9.978240002642353,360,1.0,16.0,7,72,2083
44.888888888888886,10.1,10.25,360,1.0,15.0,8,72,2084
123.44444444444446,10.1,10.521759997357647,360,1.0,8.0,9,72,2085
392.7777777777778,11.1,10.775,360,1.0,11.0,10,72,2086
819.2222222222222,11.7,10.992462120245875,360,0.65,11.0,11,72,2087
583.5555555555555,11.4,11.159326673973661,360,0.61,10.0,12,72,2088
796.7777777777777,13.1,11.264222117603522,360,0.62,10.0,13,72,2089
583.5555555555555,11.4,11.3,360,0.63,11.0,14,72,2090
684.5555555555557,12.4,11.264222117603522,360,0.59,10.0,15,72,2091
448.8888888888889,11.2,11.159326673973661,360,0.61,9.0,16,72,2092
359.1111111111111,10.4,10.992462120245875,360,0.56,9.0,17,72,2093
78.55555555555554,8.8,10.775,360,0.61,8.0,18,72,2094
0.0,6.5,10.521759997357647,360,0.83,4.0,19,72,2095
0.0,5.8,10.25,360,0.94,4.0,20,72,2096
0.0,5.0,9.978240002642353,360,1.0,4.0,21,72,2097
0.0,4.7,9.725,360,1.0,4.0,22,72,2098
0.0,4.5,9.507537879754125,360,1.0,4.0,23,72,2099
0.0,4.4,9.340673326026339,360,1.0,4.0,24,72,2100
0.0,5.4,7.273259473478503,360,1.0,4.0,1,73,2101
0.0,5.6,7.199999999999999,360,1.0,3.0,2,73,2102
0.0,5.8,7.273259473478503,360,1.0,4.0,3,73,2103
0.0,6.0,7.488045381863456,360,1.0,3.0,4,73,2104
0.0,6.1,7.829720420448922,360,1.0,2.0,5,73,2105
0.0,6.2,8.274999999999999,360,1.0,2.0,6,73,2106
22.444444444444443,6.7,8.79353905302958,360,1.0,3.0,7,73,2107
134.66666666666669,7.7,9.35,360,1.0,4.0,8,73,2108
583.5555555555555,9.6,9.90646094697042,360,1.0,5.0,9,73,2109
695.7777777777778,10.5,10.425,360,0.98,6.0,10,73,2110
740.6666666666667,12.6,10.870279579551077,360,0.7,5.0,11,73,2111
549.8888888888889,12.1,11.211954618136543,360,0.7,5.0,12,73,2112
785.5555555555557,12.4,11.426740526521495,360,0.69,6.0,13,73,2113
729.4444444444443,12.8,11.5,360,0.7,8.0,14,73,2114
583.5555555555555,13.0,11.426740526521495,360,0.68,8.0,15,73,2115
269.33333333333337,12.8,11.211954618136543,360,0.71,7.0,16,73,2116
179.55555555555554,12.5,10.870279579551077,360,0.77,6.0,17,73,2117
33.66666666666667,12.1,10.425,360,0.79,6.0,18,73,2118
0.0,11.6,9.90646094697042,360,0.82,5.0,19,73,2119
0.0,10.5,9.35,360,0.86,5.0,20,73,2120
0.0,10.1,8.79353905302958,360,0.94,5.0,21,73,2121
0.0,9.4,8.275,360,1.0,3.0,22,73,2122
0.0,8.8,7.829720420448923,360,1.0,4.0,23,73,2123
0.0,7.6,7.488045381863456,360,1.0,3.0,24,73,2124
0.0,7.2,9.088592851648423,360,1.0,4.0,1,74,2125
0.0,7.5,9.0,360,1.0,3.0,2,74,2126
0.0,7.8,9.088592851648421,360,1.0,3.0,3,74,2127
0.0,8.1,9.348333950160459,360,1.0,2.0,4,74,2128
0.0,8.4,9.761522368914974,360,1.0,3.0,5,74,2129
0.0,8.3,10.299999999999999,360,1.0,3.0,6,74,2130
22.444444444444443,8.4,10.927070482733447,360,1.0,3.0,7,74,2131
157.1111111111111,9.3,11.6,360,1.0,3.0,8,74,2132
370.33333333333337,10.4,12.272929517266553,360,1.0,4.0,9,74,2133
583.5555555555555,11.2,12.9,360,1.0,4.0,10,74,2134
965.1111111111112,13.5,13.438477631085023,360,0.81,4.0,11,74,2135
1122.2222222222222,13.9,13.85166604983954,360,0.74,4.0,12,74,2136
897.7777777777778,13.5,14.111407148351578,360,0.77,4.0,13,74,2137
852.8888888888889,15.9,14.2,360,0.61,6.0,14,74,2138
740.6666666666667,17.0,14.111407148351578,360,0.57,4.0,15,74,2139
684.5555555555557,16.1,13.85166604983954,360,0.56,4.0,16,74,2140
224.44444444444446,13.7,13.438477631085023,360,0.72,3.0,17,74,2141
78.55555555555554,13.0,12.9,360,0.8,1.0,18,74,2142
0.0,11.2,12.272929517266553,360,0.88,2.0,19,74,2143
0.0,9.1,11.6,360,1.0,1.0,20,74,2144
0.0,9.7,10.927070482733447,360,0.92,1.0,21,74,2145
0.0,8.3,10.3,360,0.95,1.0,22,74,2146
0.0,8.3,9.761522368914976,360,0.96,2.0,23,74,2147
0.0,7.7,9.348333950160459,360,1.0,2.0,24,74,2148
0.0,7.1,8.547703843195304,360,1.0,2.0,1,75,2149
0.0,7.2,8.5,360,1.0,2.0,2,75,2150
0.0,6.6,8.547703843195304,360,1.0,2.0,3,75,2151
0.0,6.3,8.687564434701786,360,1.0,1.0,4,75,2152
0.0,5.7,8.910050506338832,360,1.0,1.0,5,75,2153
0.0,6.1,9.2,360,1.0,2.0,6,75,2154
22.444444444444443,6.9,9.537653336856472,360,1.0,2.0,7,75,2155
179.55555555555554,9.0,9.9,360,1.0,3.0,8,75,2156
303.0,11.1,10.26234666314353,360,0.95,3.0,9,75,2157
325.44444444444446,13.6,10.600000000000001,360,0.84,5.0,10,75,2158
404.0,16.3,10.889949493661167,360,0.63,6.0,11,75,2159
437.6666666666667,16.3,11.112435565298215,360,0.58,9.0,12,75,2160
437.6666666666667,15.9,11.252296156804697,360,0.64,10.0,13,75,2161
325.44444444444446,13.5,11.3,360,0.92,11.0,14,75,2162
33.66666666666667,10.3,11.252296156804697,360,1.0,10.0,15,75,2163
101.0,10.0,11.112435565298215,360,1.0,9.0,16,75,2164
33.66666666666667,9.2,10.889949493661167,360,1.0,13.0,17,75,2165
67.33333333333334,9.3,10.600000000000001,360,1.0,7.0,18,75,2166
0.0,9.8,10.26234666314353,360,1.0,10.0,19,75,2167
0.0,9.7,9.9,360,1.0,10.0,20,75,2168
0.0,9.0,9.537653336856472,360,0.94,14.0,21,75,2169
0.0,8.4,9.200000000000001,360,1.0,12.0,22,75,2170
0.0,8.0,8.910050506338834,360,1.0,16.0,23,75,2171
0.0,8.9,8.687564434701786,360,1.0,16.0,24,75,2172
0.0,8.9,8.730666756339838,360,1.0,14.0,1,76,2173
0.0,8.6,8.7,360,1.0,16.0,2,76,2174
0.0,8.0,8.730666756339838,360,1.0,14.0,3,76,2175
0.0,8.2,8.820577136594004,360,1.0,12.0,4,76,2176
0.0,8.7,8.963603896932106,360,1.0,10.0,5,76,2177
0.0,8.6,9.149999999999999,360,1.0,10.0,6,76,2178
22.444444444444443,9.0,9.367062859407731,360,1.0,13.0,7,76,2179
123.44444444444446,9.3,9.6,360,1.0,12.0,8,76,2180
280.55555555555554,9.7,9.832937140592268,360,1.0,13.0,9,76,2181
404.0,10.4,10.05,360,0.98,14.0,10,76,2182
415.2222222222223,10.2,10.236396103067893,360,0.96,15.0,11,76,2183
572.3333333333333,9.5,10.379422863405996,360,1.0,13.0,12,76,2184
269.33333333333337,9.4,10.469333243660161,360,1.0,15.0,13,76,2185
561.1111111111111,9.5,10.5,360,1.0,14.0,14,76,2186
235.66666666666669,9.2,10.469333243660161,360,1.0,14.0,15,76,2187
179.55555555555554,9.6,10.379422863405996,360,1.0,12.0,16,76,2188
56.111111111111114,9.7,10.236396103067893,360,1.0,13.0,17,76,2189
22.444444444444443,9.0,10.05,360,1.0,14.0,18,76,2190
11.222222222222221,9.0,9.832937140592268,360,1.0,11.0,19,76,2191
0.0,9.0,9.6,360,1.0,10.0,20,76,2192
0.0,8.5,9.367062859407731,360,1.0,9.0,21,76,2193
0.0,8.0,9.15,360,0.99,8.0,22,76,2194
0.0,7.8,8.963603896932106,360,0.94,7.0,23,76,2195
0.0,7.5,8.820577136594004,360,0.95,8.0,24,76,2196
0.0,7.4,8.32044450422656,360,0.99,10.0,1,77,2197
0.0,7.4,8.3,360,0.99,6.0,2,77,2198
0.0,7.1,8.32044450422656,360,0.99,5.0,3,77,2199
0.0,7.1,8.380384757729338,360,0.94,6.0,4,77,2200
0.0,6.7,8.475735931288073,360,0.97,5.0,5,77,2201
0.0,6.7,8.6,360,0.98,4.0,6,77,2202
11.222222222222221,6.8,8.744708572938489,360,0.93,4.0,7,77,2203
67.33333333333334,7.0,8.9,360,0.94,3.0,8,77,2204
145.88888888888889,7.2,9.055291427061512,360,0.97,4.0,9,77,2205
134.66666666666669,7.0,9.200000000000001,360,1.0,3.0,10,77,2206
145.88888888888889,7.0,9.324264068711928,360,1.0,3.0,11,77,2207
246.8888888888889,7.2,9.419615242270662,360,1.0,2.0,12,77,2208
269.33333333333337,7.5,9.479555495773441,360,1.0,3.0,13,77,2209
258.11111111111114,7.8,9.5,360,0.95,3.0,14,77,2210
101.0,7.6,9.479555495773441,360,1.0,3.0,15,77,2211
89.77777777777777,7.4,9.419615242270662,360,1.0,3.0,16,77,2212
44.888888888888886,7.1,9.324264068711928,360,1.0,3.0,17,77,2213
11.222222222222221,6.8,9.200000000000001,360,1.0,4.0,18,77,2214
0.0,6.4,9.055291427061512,360,1.0,5.0,19,77,2215
0.0,6.0,8.9,360,1.0,6.0,20,77,2216
0.0,5.6,8.744708572938489,360,1.0,7.0,21,77,2217
0.0,5.5,8.600000000000001,360,1.0,8.0,22,77,2218
0.0,5.5,8.475735931288073,360,1.0,6.0,23,77,2219
0.0,5.3,8.380384757729338,360,1.0,6.0,24,77,2220
0.0,4.8,5.854518677937492,360,0.91,7.0,1,78,2221
0.0,4.0,5.800000000000001,360,0.88,9.0,2,78,2222
0.0,3.1,5.854518677937491,360,0.89,8.0,3,78,2223
0.0,2.6,6.014359353944898,360,0.88,7.0,4,78,2224
0.0,1.8,6.268629150101524,360,0.89,7.0,5,78,2225
0.0,1.0,6.6,360,0.89,7.0,6,78,2226
78.55555555555554,1.3,6.985889527835967,360,0.92,7.0,7,78,2227
325.44444444444446,3.2,7.4,360,0.83,8.0,8,78,2228
639.6666666666667,4.7,7.8141104721640335,360,0.7,10.0,9,78,2229
897.7777777777778,5.6,8.200000000000001,360,0.59,12.0,10,78,2230
1088.5555555555557,6.4,8.531370849898476,360,0.59,12.0,11,78,2231
1167.111111111111,7.2,8.785640646055102,360,0.55,12.0,12,78,2232
1200.7777777777778,7.8,8.94548132206251,360,0.53,12.0,13,78,2233
1099.7777777777778,7.8,9.0,360,0.54,12.0,14,78,2234
965.1111111111112,8.1,8.94548132206251,360,0.51,10.0,15,78,2235
606.0,7.8,8.785640646055102,360,0.52,10.0,16,78,2236
359.1111111111111,6.9,8.531370849898476,360,0.57,8.0,17,78,2237
112.22222222222223,5.3,8.200000000000001,360,0.6,9.0,18,78,2238
11.222222222222221,3.5,7.8141104721640335,360,0.71,6.0,19,78,2239
0.0,3.2,7.4,360,0.73,6.0,20,78,2240
0.0,2.2,6.985889527835967,360,0.75,6.0,21,78,2241
0.0,1.8,6.6000000000000005,360,0.74,6.0,22,78,2242
0.0,1.3,6.268629150101525,360,0.76,6.0,23,78,2243
0.0,0.7,6.014359353944898,360,0.78,5.0,24,78,2244
0.0,0.1,3.959629803994131,360,0.86,6.0,1,79,2245
0.0,0.3,3.9000000000000004,360,0.97,6.0,2,79,2246
0.0,0.3,3.9596298039941304,360,0.99,6.0,3,79,2247
0.0,-0.1,4.134455543377232,360,1.0,6.0,4,79,2248
0.0,-0.3,4.412563132923541,360,1.0,6.0,5,79,2249
0.0,-0.4,4.7749999999999995,360,1.0,6.0,6,79,2250
67.33333333333334,0.4,5.197066671070589,360,1.0,6.0,7,79,2251
336.66666666666663,2.7,5.65,360,0.92,8.0,8,79,2252
650.8888888888889,4.6,6.102933328929412,360,0.77,9.0,9,79,2253
819.2222222222222,4.9,6.525,360,0.77,10.0,10,79,2254
1021.2222222222222,5.9,6.887436867076459,360,0.67,11.0,11,79,2255
617.2222222222222,5.7,7.165544456622769,360,0.56,11.0,12,79,2256
695.7777777777778,6.5,7.34037019600587,360,0.55,11.0,13,79,2257
673.3333333333333,6.0,7.4,360,0.54,10.0,14,79,2258
617.2222222222222,6.8,7.34037019600587,360,0.51,10.0,15,79,2259
460.11111111111114,6.7,7.165544456622769,360,0.52,10.0,16,79,2260
370.33333333333337,7.0,6.887436867076459,360,0.53,8.0,17,79,2261
78.55555555555554,4.3,6.525,360,0.65,7.0,18,79,2262
0.0,2.9,6.102933328929412,360,0.72,3.0,19,79,2263
0.0,3.7,5.65,360,0.69,3.0,20,79,2264
0.0,3.2,5.197066671070589,360,0.73,6.0,21,79,2265
0.0,2.1,4.775,360,0.81,6.0,22,79,2266
0.0,1.2,4.412563132923542,360,0.88,4.0,23,79,2267
0.0,0.8,4.134455543377232,360,0.92,4.0,24,79,2268
0.0,0.7,3.392000269019516,360,0.93,5.0,1,80,2269
0.0,0.6,3.3000000000000003,360,0.92,5.0,2,80,2270
0.0,-0.3,3.392000269019516,360,0.99,4.0,3,80,2271
0.0,-0.7,3.6617314097820155,360,1.0,3.0,4,80,2272
0.0,-1.1,4.090811690796321,360,1.0,3.0,5,80,2273
0.0,-1.1,4.649999999999999,360,1.0,3.0,6,80,2274
89.77777777777777,-0.4,5.3011885782231944,360,1.0,3.0,7,80,2275
347.8888888888889,1.7,6.0,360,0.94,3.0,8,80,2276
639.6666666666667,4.5,6.6988114217768056,360,0.82,3.0,9,80,2277
886.5555555555555,6.4,7.35,360,0.68,6.0,10,80,2278
1021.2222222222222,7.7,7.909188309203678,360,0.56,6.0,11,80,2279
1111.0,8.2,8.338268590217984,360,0.48,5.0,12,80,2280
931.4444444444445,8.0,8.607999730980485,360,0.47,6.0,13,80,2281
538.6666666666667,8.1,8.7,360,0.52,5.0,14,80,2282
549.8888888888889,8.2,8.607999730980485,360,0.5,5.0,15,80,2283
370.33333333333337,8.3,8.338268590217984,360,0.51,6.0,16,80,2284
291.77777777777777,7.4,7.909188309203678,360,0.56,6.0,17,80,2285
44.888888888888886,6.3,7.35,360,0.71,6.0,18,80,2286
0.0,6.1,6.6988114217768056,360,0.77,6.0,19,80,2287
0.0,5.7,6.0,360,0.83,7.0,20,80,2288
0.0,5.5,5.3011885782231944,360,0.87,7.0,21,80,2289
0.0,5.4,4.65,360,0.95,7.0,22,80,2290
0.0,6.1,4.090811690796322,360,0.96,8.0,23,80,2291
0.0,6.2,3.6617314097820155,360,0.92,9.0,24,80,2292
0.0,6.5,6.540889008453118,360,0.86,10.0,1,81,2293
0.0,6.5,6.5,360,0.92,10.0,2,81,2294
0.0,6.7,6.540889008453118,360,1.0,10.0,3,81,2295
0.0,7.0,6.660769515458673,360,1.0,12.0,4,81,2296
0.0,7.1,6.851471862576142,360,1.0,12.0,5,81,2297
0.0,7.5,7.1,360,1.0,12.0,6,81,2298
11.222222222222221,7.7,7.389417145876975,360,1.0,12.0,7,81,2299
44.888888888888886,8.0,7.7,360,1.0,13.0,8,81,2300
67.33333333333334,8.4,8.010582854123026,360,1.0,14.0,9,81,2301
67.33333333333334,8.7,8.3,360,1.0,13.0,10,81,2302
145.88888888888889,9.0,8.548528137423858,360,1.0,12.0,11,81,2303
359.1111111111111,10.2,8.739230484541327,360,1.0,12.0,12,81,2304
392.7777777777778,9.6,8.859110991546883,360,1.0,12.0,13,81,2305
258.11111111111114,7.8,8.9,360,1.0,12.0,14,81,2306
493.7777777777778,6.4,8.859110991546883,360,0.93,14.0,15,81,2307
404.0,8.1,8.739230484541327,360,0.88,10.0,16,81,2308
415.2222222222223,8.7,8.548528137423858,360,0.62,10.0,17,81,2309
101.0,7.3,8.3,360,0.6,10.0,18,81,2310
0.0,5.3,8.010582854123026,360,0.73,6.0,19,81,2311
0.0,5.9,7.7,360,0.67,6.0,20,81,2312
0.0,5.1,7.389417145876975,360,0.77,7.0,21,81,2313
0.0,4.3,7.1000000000000005,360,0.82,6.0,22,81,2314
0.0,3.1,6.851471862576143,360,0.9,5.0,23,81,2315
0.0,2.1,6.660769515458673,360,1.0,5.0,24,81,2316
0.0,2.6,5.251111260566398,360,1.0,6.0,1,82,2317
0.0,2.0,5.199999999999999,360,1.0,6.0,2,82,2318
0.0,2.4,5.251111260566397,360,1.0,6.0,3,82,2319
0.0,2.4,5.400961894323341,360,1.0,5.0,4,82,2320
0.0,3.5,5.639339828220177,360,1.0,5.0,5,82,2321
0.0,2.9,5.949999999999999,360,1.0,6.0,6,82,2322
22.444444444444443,2.3,6.311771432346219,360,1.0,6.0,7,82,2323
314.2222222222222,3.5,6.699999999999999,360,0.9,8.0,8,82,2324
695.7777777777778,4.6,7.08822856765378,360,0.73,8.0,9,82,2325
751.8888888888888,4.8,7.449999999999999,360,0.68,9.0,10,82,2326
707.0000000000001,5.6,7.76066017177982,360,0.67,9.0,11,82,2327
538.6666666666667,5.8,7.999038105676657,360,0.69,8.0,12,82,2328
808.0,6.7,8.148888739433602,360,0.61,9.0,13,82,2329
538.6666666666667,5.4,8.2,360,0.79,10.0,14,82,2330
931.4444444444445,6.6,8.148888739433602,360,0.64,8.0,15,82,2331
202.0,5.3,7.999038105676657,360,0.87,14.0,16,82,2332
280.55555555555554,5.4,7.76066017177982,360,0.84,8.0,17,82,2333
56.111111111111114,3.0,7.449999999999999,360,0.99,12.0,18,82,2334
0.0,2.5,7.08822856765378,360,1.0,10.0,19,82,2335
0.0,3.1,6.699999999999999,360,0.98,7.0,20,82,2336
0.0,2.9,6.311771432346219,360,0.99,7.0,21,82,2337
0.0,2.5,5.95,360,0.98,8.0,22,82,2338
0.0,2.5,5.639339828220178,360,0.98,8.0,23,82,2339
0.0,2.6,5.400961894323341,360,0.95,8.0,24,82,2340
0.0,2.0,4.073259473478503,360,0.98,10.0,1,83,2341
0.0,1.9,4.0,360,0.95,8.0,2,83,2342
0.0,1.3,4.073259473478503,360,0.92,9.0,3,83,2343
0.0,0.0,4.288045381863457,360,0.99,8.0,4,83,2344
0.0,-0.6,4.629720420448923,360,1.0,8.0,5,83,2345
0.0,-0.8,5.074999999999999,360,1.0,7.0,6,83,2346
101.0,0.0,5.5935390530295805,360,0.96,8.0,7,83,2347
381.55555555555554,1.1,6.15,360,0.84,8.0,8,83,2348
650.8888888888889,1.8,6.70646094697042,360,0.79,8.0,9,83,2349
808.0,3.0,7.2250000000000005,360,0.68,8.0,10,83,2350
875.3333333333334,4.2,7.670279579551078,360,0.56,7.0,11,83,2351
1111.0,4.4,8.011954618136544,360,0.53,7.0,12,83,2352
1234.4444444444443,6.0,8.226740526521498,360,0.51,7.0,13,83,2353
718.2222222222222,5.3,8.3,360,0.52,8.0,14,83,2354
493.7777777777778,5.4,8.226740526521498,360,0.55,9.0,15,83,2355
415.2222222222223,5.2,8.011954618136544,360,0.64,9.0,16,83,2356
134.66666666666669,4.8,7.670279579551078,360,0.68,8.0,17,83,2357
44.888888888888886,4.4,7.2250000000000005,360,0.77,10.0,18,83,2358
0.0,3.3,6.70646094697042,360,1.0,11.0,19,83,2359
0.0,1.5,6.15,360,1.0,10.0,20,83,2360
0.0,1.6,5.5935390530295805,360,1.0,8.0,21,83,2361
0.0,2.8,5.075000000000001,360,1.0,6.0,22,83,2362
0.0,3.4,4.629720420448923,360,1.0,7.0,23,83,2363
0.0,2.7,4.288045381863457,360,0.99,10.0,24,83,2364
0.0,1.9,4.156222386623037,360,1.0,9.0,1,84,2365
0.0,1.1,4.1,360,1.0,6.0,2,84,2366
0.0,0.9,4.156222386623037,360,1.0,6.0,3,84,2367
0.0,0.2,4.321058083755675,360,1.0,4.0,4,84,2368
0.0,0.3,4.583273811042195,360,1.0,4.0,5,84,2369
0.0,0.5,4.924999999999999,360,1.0,3.0,6,84,2370
56.111111111111114,1.1,5.322948575580841,360,1.0,4.0,7,84,2371
190.77777777777777,2.7,5.75,360,1.0,4.0,8,84,2372
303.0,3.4,6.177051424419159,360,1.0,5.0,9,84,2373
381.55555555555554,4.8,6.575,360,0.95,6.0,10,84,2374
471.33333333333337,5.5,6.916726188957804,360,0.85,6.0,11,84,2375
572.3333333333333,6.1,7.178941916244324,360,0.86,7.0,12,84,2376
505.0,7.5,7.343777613376963,360,0.7,8.0,13,84,2377
482.5555555555556,7.4,7.4,360,0.71,7.0,14,84,2378
224.44444444444446,7.6,7.343777613376963,360,0.75,8.0,15,84,2379
224.44444444444446,7.8,7.178941916244324,360,0.8,8.0,16,84,2380
112.22222222222223,6.6,6.916726188957804,360,1.0,10.0,17,84,2381
33.66666666666667,6.6,6.575,360,1.0,9.0,18,84,2382
0.0,7.3,6.177051424419159,360,1.0,8.0,19,84,2383
0.0,7.9,5.75,360,1.0,8.0,20,84,2384
0.0,8.3,5.322948575580841,360,1.0,7.0,21,84,2385
0.0,7.6,4.925,360,0.95,8.0,22,84,2386
0.0,6.5,4.583273811042196,360,0.99,6.0,23,84,2387
0.0,6.4,4.321058083755676,360,1.0,5.0,24,84,2388
0.0,6.0,5.195407686390609,360,1.0,4.0,1,85,2389
0.0,5.1,5.1,360,1.0,3.0,2,85,2390
0.0,4.7,5.195407686390608,360,1.0,3.0,3,85,2391
0.0,3.4,5.475128869403571,360,1.0,3.0,4,85,2392
0.0,3.1,5.920101012677666,360,1.0,2.0,5,85,2393
0.0,2.5,6.499999999999998,360,1.0,2.0,6,85,2394
123.44444444444446,3.9,7.175306673712941,360,1.0,2.0,7,85,2395
325.44444444444446,5.4,7.8999999999999995,360,0.92,5.0,8,85,2396
639.6666666666667,6.4,8.624693326287058,360,0.75,7.0,9,85,2397
808.0,6.9,9.299999999999999,360,0.56,8.0,10,85,2398
1144.6666666666665,8.2,9.879898987322333,360,0.49,7.0,11,85,2399
1189.5555555555557,8.9,10.324871130596428,360,0.49,6.0,12,85,2400
1234.4444444444443,9.4,10.604592313609391,360,0.47,6.0,13,85,2401
1178.3333333333335,10.0,10.7,360,0.46,6.0,14,85,2402
875.3333333333334,11.1,10.604592313609391,360,0.53,5.0,15,85,2403
561.1111111111111,10.6,10.324871130596428,360,0.47,6.0,16,85,2404
460.11111111111114,10.1,9.879898987322333,360,0.54,6.0,17,85,2405
157.1111111111111,7.8,9.299999999999999,360,0.65,5.0,18,85,2406
0.0,8.0,8.624693326287058,360,0.84,6.0,19,85,2407
0.0,7.5,7.8999999999999995,360,0.89,5.0,20,85,2408
0.0,6.8,7.175306673712941,360,0.93,5.0,21,85,2409
0.0,6.0,6.5,360,0.92,5.0,22,85,2410
0.0,5.0,5.920101012677667,360,1.0,4.0,23,85,2411
0.0,5.6,5.475128869403571,360,1.0,3.0,24,85,2412
0.0,5.6,7.639185299767571,360,1.0,4.0,1,86,2413
0.0,5.7,7.6,360,1.0,4.0,2,86,2414
0.0,6.3,7.639185299767571,360,1.0,4.0,3,86,2415
0.0,6.7,7.754070785647895,360,1.0,4.0,4,86,2416
0.0,6.8,7.936827201635469,360,1.0,4.0,5,86,2417
0.0,6.8,8.174999999999999,360,1.0,4.0,6,86,2418
44.888888888888886,6.9,8.452358098132102,360,1.0,5.0,7,86,2419
269.33333333333337,8.1,8.75,360,1.0,7.0,8,86,2420
415.2222222222223,8.5,9.047641901867898,360,1.0,6.0,9,86,2421
673.3333333333333,9.9,9.325000000000001,360,0.9,7.0,10,86,2422
606.0,9.9,9.56317279836453,360,0.82,7.0,11,86,2423
448.8888888888889,10.2,9.745929214352104,360,0.79,6.0,12,86,2424
325.44444444444446,7.6,9.860814700232428,360,1.0,9.0,13,86,2425
224.44444444444446,8.0,9.9,360,1.0,8.0,14,86,2426
179.55555555555554,6.9,9.860814700232428,360,1.0,9.0,15,86,2427
145.88888888888889,6.6,9.745929214352104,360,0.98,10.0,16,86,2428
303.0,6.9,9.56317279836453,360,0.84,11.0,17,86,2429
89.77777777777777,6.0,9.325000000000001,360,0.88,9.0,18,86,2430
0.0,4.7,9.047641901867898,360,0.94,6.0,19,86,2431
0.0,5.0,8.75,360,1.0,7.0,20,86,2432
0.0,4.8,8.452358098132102,360,0.95,7.0,21,86,2433
0.0,3.5,8.175,360,1.0,6.0,22,86,2434
0.0,2.5,7.93682720163547,360,1.0,5.0,23,86,2435
0.0,2.1,7.754070785647896,360,1.0,4.0,24,86,2436
0.0,1.9,5.156222386623037,360,1.0,4.0,1,87,2437
0.0,1.3,5.1,360,1.0,4.0,2,87,2438
0.0,0.9,5.156222386623037,360,1.0,4.0,3,87,2439
0.0,0.9,5.321058083755675,360,1.0,4.0,4,87,2440
0.0,1.1,5.583273811042195,360,1.0,4.0,5,87,2441
0.0,1.1,5.924999999999999,360,1.0,4.0,6,87,2442
112.22222222222223,2.7,6.322948575580841,360,1.0,4.0,7,87,2443
190.77777777777777,4.1,6.75,360,1.0,4.0,8,87,2444
370.33333333333337,5.4,7.177051424419159,360,1.0,5.0,9,87,2445
718.2222222222222,6.0,7.575,360,1.0,6.0,10,87,2446
280.55555555555554,6.1,7.916726188957804,360,1.0,6.0,11,87,2447
235.66666666666669,5.7,8.178941916244325,360,1.0,6.0,12,87,2448
471.33333333333337,7.6,8.343777613376963,360,0.86,4.0,13,87,2449
280.55555555555554,7.1,8.4,360,0.84,4.0,14,87,2450
303.0,6.9,8.343777613376963,360,0.9,3.0,15,87,2451
213.22222222222223,6.2,8.178941916244325,360,1.0,4.0,16,87,2452
101.0,6.3,7.916726188957804,360,1.0,2.0,17,87,2453
44.888888888888886,6.0,7.575,360,1.0,1.0,18,87,2454
0.0,5.5,7.177051424419159,360,1.0,1.0,19,87,2455
0.0,3.9,6.75,360,1.0,2.0,20,87,2456
0.0,2.7,6.322948575580841,360,1.0,2.0,21,87,2457
0.0,2.7,5.925,360,1.0,3.0,22,87,2458
0.0,2.2,5.583273811042196,360,1.0,4.0,23,87,2459
0.0,3.7,5.321058083755676,360,1.0,4.0,24,87,2460
0.0,3.6,6.249407551880852,360,1.0,3.0,1,88,2461
0.0,3.8,6.200000000000001,360,1.0,2.0,2,88,2462
0.0,3.4,6.249407551880852,360,1.0,3.0,3,88,2463
0.0,4.2,6.394263164512564,360,1.0,4.0,4,88,2464
0.0,4.4,6.624695167279506,360,1.0,4.0,5,88,2465
0.0,4.7,6.925,360,1.0,5.0,6,88,2466
44.888888888888886,5.2,7.2747123846013455,360,1.0,6.0,7,88,2467
112.22222222222223,6.1,7.65,360,1.0,8.0,8,88,2468
101.0,6.4,8.025287615398655,360,1.0,10.0,9,88,2469
123.44444444444446,7.1,8.375,360,1.0,9.0,10,88,2470
235.66666666666669,8.7,8.675304832720494,360,1.0,9.0,11,88,2471
359.1111111111111,10.7,8.905736835487437,360,1.0,8.0,12,88,2472
280.55555555555554,11.6,9.050592448119149,360,1.0,10.0,13,88,2473
145.88888888888889,11.1,9.1,360,1.0,11.0,14,88,2474
246.8888888888889,11.7,9.050592448119149,360,1.0,14.0,15,88,2475
336.66666666666663,11.7,8.905736835487437,360,1.0,14.0,16,88,2476
448.8888888888889,11.2,8.675304832720494,360,0.86,14.0,17,88,2477
168.33333333333331,9.8,8.375,360,0.88,10.0,18,88,2478
0.0,8.2,8.025287615398655,360,0.91,10.0,19,88,2479
0.0,7.3,7.65,360,0.93,8.0,20,88,2480
0.0,6.0,7.2747123846013455,360,1.0,6.0,21,88,2481
0.0,6.3,6.925000000000001,360,1.0,6.0,22,88,2482
0.0,5.2,6.624695167279507,360,1.0,6.0,23,88,2483
0.0,5.1,6.394263164512564,360,1.0,4.0,24,88,2484
0.0,4.0,5.797111395076156,360,1.0,4.0,1,89,2485
0.0,4.4,5.700000000000001,360,1.0,3.0,2,89,2486
0.0,3.8,5.797111395076156,360,1.0,4.0,3,89,2487
0.0,3.5,6.08182759921435,360,1.0,4.0,4,89,2488
0.0,3.9,6.534745673618339,360,1.0,6.0,5,89,2489
11.222222222222221,3.7,7.124999999999999,360,1.0,5.0,6,89,2490
134.66666666666669,5.3,7.812365721457817,360,1.0,6.0,7,89,2491
415.2222222222223,6.7,8.55,360,1.0,6.0,8,89,2492
718.2222222222222,9.0,9.287634278542185,360,0.96,7.0,9,89,2493
976.3333333333333,10.8,9.975000000000001,360,0.86,8.0,10,89,2494
1066.1111111111113,11.3,10.56525432638166,360,0.72,11.0,11,89,2495
1268.1111111111113,12.3,11.018172400785652,360,0.59,10.0,12,89,2496
1290.5555555555554,13.5,11.302888604923846,360,0.58,10.0,13,89,2497
1178.3333333333335,14.5,11.4,360,0.51,9.0,14,89,2498
1032.4444444444446,14.9,11.302888604923846,360,0.49,10.0,15,89,2499
718.2222222222222,14.4,11.018172400785652,360,0.41,9.0,16,89,2500
359.1111111111111,13.9,10.56525432638166,360,0.47,8.0,17,89,2501
179.55555555555554,12.4,9.975000000000001,360,0.56,7.0,18,89,2502
11.222222222222221,9.5,9.287634278542185,360,0.67,4.0,19,89,2503
0.0,10.4,8.55,360,0.6,4.0,20,89,2504
0.0,10.6,7.812365721457817,360,0.54,6.0,21,89,2505
