PARi,air_temperature,soil_temperature,ambient_CO2,humidity,Wind,hour,DOY,t
729.4444444444443,3.3,5.259807621135331,360,0.53,10.0,12,351,0
718.2222222222222,4.0,5.2897777478867205,360,0.52,10.0,13,351,1
606.0,4.3,5.3,360,0.48,10.0,14,351,2
392.7777777777778,3.9,5.2897777478867205,360,0.63,8.0,15,351,3
134.66666666666669,2.8,5.259807621135331,360,0.71,7.0,16,351,4
11.222222222222221,1.1,5.212132034355964,360,0.85,6.0,17,351,5
0.0,0.7,5.15,360,0.88,6.0,18,351,6
0.0,0.0,5.077645713530756,360,0.92,6.0,19,351,7
0.0,-0.6,5.0,360,0.94,6.0,20,351,8
0.0,-1.5,4.922354286469244,360,0.97,4.0,21,351,9
0.0,-2.0,4.8500000000000005,360,0.98,4.0,22,351,10
0.0,-2.8,4.787867965644036,360,0.97,4.0,23,351,11
0.0,-3.0,4.740192378864669,360,0.97,4.0,24,351,12
0.0,-3.0,3.506814834742187,360,0.98,6.0,1,352,13
0.0,-3.3,3.5,360,0.96,6.0,2,352,14
0.0,-3.7,3.5068148347421864,360,0.96,6.0,3,352,15
0.0,-3.5,3.5267949192431125,360,0.96,6.0,4,352,16
0.0,-3.6,3.5585786437626905,360,0.96,5.0,5,352,17
0.0,-3.8,3.6,360,0.96,4.0,6,352,18
0.0,-4.0,3.648236190979496,360,0.96,4.0,7,352,19
22.444444444444443,-3.9,3.7,360,0.94,6.0,8,352,20
123.44444444444446,-3.4,3.7517638090205043,360,0.92,7.0,9,352,21
314.2222222222222,-2.5,3.8000000000000003,360,0.88,6.0,10,352,22
594.7777777777778,-1.0,3.84142135623731,360,0.82,6.0,11,352,23
415.2222222222223,-0.5,3.873205080756888,360,0.78,6.0,12,352,24
673.3333333333333,0.7,3.893185165257814,360,0.71,6.0,13,352,25
819.2222222222222,1.6,3.9000000000000004,360,0.63,6.0,14,352,26
359.1111111111111,1.6,3.893185165257814,360,0.66,4.0,15,352,27
145.88888888888889,0.6,3.873205080756888,360,0.69,4.0,16,352,28
11.222222222222221,-0.6,3.84142135623731,360,0.76,3.0,17,352,29
0.0,-1.7,3.8000000000000003,360,0.83,2.0,18,352,30
0.0,-2.3,3.7517638090205043,360,0.84,1.0,19,352,31
0.0,-3.0,3.7,360,0.88,0.0,20,352,32
0.0,-3.5,3.648236190979496,360,0.9,0.0,21,352,33
0.0,-3.9,3.6,360,0.92,0.0,22,352,34
0.0,-4.3,3.558578643762691,360,0.94,0.0,23,352,35
0.0,-4.8,3.5267949192431125,360,0.95,0.0,24,352,36
0.0,-5.1,2.847703843195304,360,0.95,0.0,1,353,37
0.0,-4.7,2.7999999999999994,360,0.95,0.0,2,353,38
0.0,-3.4,2.847703843195304,360,0.95,0.0,3,353,39
0.0,-4.0,2.987564434701785,360,0.91,0.0,4,353,40
0.0,-4.4,3.210050506338832,360,0.92,0.0,5,353,41
0.0,-4.1,3.4999999999999987,360,0.94,0.0,6,353,42
0.0,-4.0,3.8376533368564703,360,0.94,0.0,7,353,43
0.0,-1.7,4.199999999999999,360,0.95,0.0,8,353,44
67.33333333333334,1.9,4.562346663143528,360,0.96,5.0,9,353,45
213.22222222222223,4.1,4.8999999999999995,360,0.88,7.0,10,353,46
235.66666666666669,4.6,5.189949493661166,360,0.88,8.0,11,353,47
471.33333333333337,6.3,5.412435565298214,360,0.82,7.0,12,353,48
157.1111111111111,6.7,5.552296156804695,360,0.79,6.0,13,353,49
269.33333333333337,8.1,5.6,360,0.69,7.0,14,353,50
179.55555555555554,8.2,5.552296156804695,360,0.66,10.0,15,353,51
67.33333333333334,8.1,5.412435565298214,360,0.66,9.0,16,353,52
11.222222222222221,8.5,5.189949493661166,360,0.69,8.0,17,353,53
0.0,9.3,4.8999999999999995,360,0.73,10.0,18,353,54
0.0,9.8,4.562346663143528,360,0.75,10.0,19,353,55
0.0,10.0,4.199999999999999,360,0.75,11.0,20,353,56
0.0,9.8,3.8376533368564703,360,0.77,10.0,21,353,57
0.0,9.7,3.4999999999999996,360,0.79,10.0,22,353,58
0.0,9.6,3.210050506338833,360,0.81,10.0,23,353,59
0.0,9.5,2.987564434701785,360,0.82,9.0,24,353,60
0.0,9.2,4.254518677937492,360,0.84,10.0,1,354,61
0.0,9.0,4.200000000000001,360,0.85,9.0,2,354,62
0.0,9.4,4.254518677937491,360,0.85,7.0,3,354,63
0.0,9.0,4.414359353944898,360,0.86,7.0,4,354,64
0.0,9.1,4.668629150101524,360,0.86,6.0,5,354,65
0.0,9.4,5.0,360,0.85,10.0,6,354,66
0.0,9.5,5.3858895278359675,360,0.86,10.0,7,354,67
0.0,9.2,5.800000000000001,360,0.88,8.0,8,354,68
78.55555555555554,9.5,6.214110472164034,360,0.88,8.0,9,354,69
190.77777777777777,10.6,6.600000000000001,360,0.85,8.0,10,354,70
314.2222222222222,11.4,6.931370849898477,360,0.83,8.0,11,354,71
482.5555555555556,13.3,7.185640646055103,360,0.76,9.0,12,354,72
336.66666666666663,13.4,7.34548132206251,360,0.73,7.0,13,354,73
291.77777777777777,13.5,7.4,360,0.73,7.0,14,354,74
101.0,13.1,7.34548132206251,360,0.75,6.0,15,354,75
78.55555555555554,12.2,7.185640646055103,360,0.77,5.0,16,354,76
0.0,11.6,6.931370849898477,360,0.81,4.0,17,354,77
0.0,12.7,6.600000000000001,360,0.77,6.0,18,354,78
0.0,12.7,6.214110472164034,360,0.8,6.0,19,354,79
0.0,12.1,5.800000000000001,360,0.82,7.0,20,354,80
0.0,11.6,5.3858895278359675,360,0.84,6.0,21,354,81
0.0,11.7,5.000000000000001,360,0.85,6.0,22,354,82
0.0,11.4,4.668629150101525,360,0.84,6.0,23,354,83
0.0,11.5,4.414359353944898,360,0.84,8.0,24,354,84
0.0,11.4,7.230666756339838,360,0.83,7.0,1,355,85
0.0,11.4,7.199999999999999,360,0.83,7.0,2,355,86
0.0,10.9,7.230666756339838,360,0.86,8.0,3,355,87
0.0,11.3,7.320577136594005,360,0.84,7.0,4,355,88
0.0,11.2,7.463603896932106,360,0.84,6.0,5,355,89
0.0,11.3,7.6499999999999995,360,0.83,6.0,6,355,90
0.0,10.9,7.867062859407731,360,0.84,7.0,7,355,91
0.0,11.6,8.1,360,0.83,8.0,8,355,92
33.66666666666667,11.9,8.332937140592268,360,0.81,8.0,9,355,93
56.111111111111114,12.4,8.549999999999999,360,0.79,8.0,10,355,94
157.1111111111111,13.3,8.736396103067893,360,0.75,8.0,11,355,95
325.44444444444446,13.6,8.879422863405994,360,0.74,10.0,12,355,96
179.55555555555554,13.7,8.969333243660161,360,0.75,10.0,13,355,97
67.33333333333334,13.4,9.0,360,0.77,10.0,14,355,98
78.55555555555554,12.5,8.969333243660161,360,0.85,9.0,15,355,99
33.66666666666667,12.5,8.879422863405994,360,0.83,10.0,16,355,100
0.0,12.4,8.736396103067893,360,0.85,10.0,17,355,101
0.0,12.4,8.549999999999999,360,0.85,7.0,18,355,102
0.0,12.3,8.332937140592268,360,0.86,6.0,19,355,103
0.0,11.4,8.1,360,0.94,7.0,20,355,104
0.0,11.2,7.867062859407731,360,0.98,6.0,21,355,105
0.0,11.4,7.65,360,0.97,6.0,22,355,106
0.0,11.2,7.463603896932107,360,0.96,8.0,23,355,107
0.0,11.0,7.320577136594005,360,0.98,6.0,24,355,108
0.0,11.2,8.622148212912105,360,0.98,6.0,1,356,109
0.0,11.1,8.6,360,0.99,5.0,2,356,110
0.0,11.1,8.622148212912105,360,0.99,6.0,3,356,111
0.0,10.8,8.687083487540114,360,0.98,6.0,4,356,112
0.0,9.9,8.790380592228743,360,0.99,5.0,5,356,113
0.0,9.4,8.924999999999999,360,0.99,7.0,6,356,114
0.0,9.3,9.081767620683362,360,0.99,6.0,7,356,115
11.222222222222221,9.8,9.25,360,0.99,5.0,8,356,116
56.111111111111114,10.2,9.418232379316638,360,0.99,6.0,9,356,117
179.55555555555554,10.9,9.575000000000001,360,0.97,9.0,10,356,118
202.0,11.2,9.709619407771257,360,0.96,9.0,11,356,119
145.88888888888889,11.2,9.812916512459886,360,0.96,8.0,12,356,120
179.55555555555554,11.7,9.877851787087895,360,0.94,9.0,13,356,121
157.1111111111111,12.0,9.9,360,0.93,8.0,14,356,122
112.22222222222223,12.5,9.877851787087895,360,0.9,11.0,15,356,123
22.444444444444443,11.9,9.812916512459886,360,0.98,9.0,16,356,124
0.0,11.9,9.709619407771257,360,0.99,10.0,17,356,125
0.0,11.8,9.575000000000001,360,0.99,10.0,18,356,126
0.0,12.5,9.418232379316638,360,0.96,11.0,19,356,127
0.0,12.6,9.25,360,0.94,12.0,20,356,128
0.0,13.0,9.081767620683362,360,0.92,12.0,21,356,129
0.0,13.1,8.925,360,0.9,12.0,22,356,130
0.0,13.1,8.790380592228743,360,0.88,11.0,23,356,131
0.0,12.8,8.687083487540114,360,0.89,12.0,24,356,132
0.0,12.7,9.62896304765429,360,0.86,13.0,1,357,133
0.0,12.7,9.599999999999998,360,0.88,12.0,2,357,134
0.0,12.4,9.62896304765429,360,0.87,11.0,3,357,135
0.0,12.2,9.713878406783225,360,0.89,10.0,4,357,136
0.0,12.2,9.848959235991433,360,0.89,10.0,5,357,137
0.0,12.0,10.024999999999999,360,0.9,10.0,6,357,138
0.0,12.3,10.230003811662856,360,0.9,9.0,7,357,139
11.222222222222221,12.3,10.45,360,0.91,9.0,8,357,140
44.888888888888886,12.6,10.669996188337143,360,0.91,9.0,9,357,141
101.0,13.1,10.875,360,0.9,10.0,10,357,142
101.0,13.5,11.051040764008565,360,0.92,8.0,11,357,143
168.33333333333331,13.4,11.186121593216773,360,0.96,9.0,12,357,144
78.55555555555554,13.6,11.271036952345709,360,0.95,10.0,13,357,145
56.111111111111114,13.3,11.3,360,0.97,10.0,14,357,146
44.888888888888886,13.6,11.271036952345709,360,0.99,10.0,15,357,147
22.444444444444443,13.8,11.186121593216773,360,0.98,12.0,16,357,148
0.0,14.1,11.051040764008565,360,0.99,12.0,17,357,149
0.0,14.0,10.875,360,0.98,12.0,18,357,150
0.0,13.9,10.669996188337143,360,0.99,11.0,19,357,151
0.0,14.0,10.45,360,0.99,10.0,20,357,152
0.0,14.0,10.230003811662856,360,0.99,11.0,21,357,153
0.0,14.0,10.024999999999999,360,0.99,11.0,22,357,154
0.0,14.0,9.848959235991433,360,0.99,12.0,23,357,155
0.0,13.9,9.713878406783225,360,0.99,10.0,24,357,156
0.0,13.7,10.717037086855465,360,0.99,10.0,1,358,157
0.0,13.6,10.7,360,0.99,9.0,2,358,158
0.0,14.1,10.717037086855465,360,0.97,12.0,3,358,159
0.0,14.1,10.76698729810778,360,0.95,12.0,4,358,160
0.0,13.8,10.846446609406726,360,0.97,10.0,5,358,161
0.0,13.9,10.95,360,0.93,10.0,6,358,162
11.222222222222221,13.7,11.07059047744874,360,0.92,10.0,7,358,163
0.0,13.3,11.2,360,0.94,10.0,8,358,164
11.222222222222221,13.3,11.32940952255126,360,0.93,8.0,9,358,165
56.111111111111114,13.4,11.45,360,0.93,12.0,10,358,166
101.0,13.8,11.553553390593272,360,0.92,11.0,11,358,167
112.22222222222223,13.7,11.633012701892218,360,0.95,12.0,12,358,168
67.33333333333334,13.5,11.682962913144534,360,0.99,11.0,13,358,169
44.888888888888886,13.7,11.7,360,0.98,12.0,14,358,170
44.888888888888886,13.2,11.682962913144534,360,0.99,11.0,15,358,171
11.222222222222221,12.8,11.633012701892218,360,0.99,10.0,16,358,172
11.222222222222221,12.3,11.553553390593272,360,0.99,8.0,17,358,173
0.0,12.7,11.45,360,0.99,6.0,18,358,174
0.0,12.6,11.32940952255126,360,0.97,8.0,19,358,175
0.0,12.2,11.2,360,0.97,7.0,20,358,176
0.0,12.1,11.07059047744874,360,0.97,7.0,21,358,177
0.0,12.1,10.95,360,0.98,6.0,22,358,178
0.0,11.9,10.846446609406726,360,0.96,6.0,23,358,179
0.0,11.3,10.76698729810778,360,0.95,5.0,24,358,180
0.0,10.8,10.708518543427733,360,0.93,4.0,1,359,181
0.0,10.8,10.7,360,0.95,4.0,2,359,182
0.0,10.3,10.708518543427733,360,0.95,5.0,3,359,183
0.0,10.0,10.733493649053889,360,0.97,4.0,4,359,184
0.0,9.8,10.773223304703363,360,0.97,3.0,5,359,185
0.0,10.1,10.825,360,0.99,4.0,6,359,186
0.0,10.2,10.88529523872437,360,0.99,4.0,7,359,187
0.0,10.0,10.95,360,0.99,4.0,8,359,188
78.55555555555554,10.5,11.01470476127563,360,0.99,4.0,9,359,189
157.1111111111111,10.9,11.075,360,0.99,5.0,10,359,190
246.8888888888889,11.5,11.126776695296636,360,0.99,4.0,11,359,191
246.8888888888889,11.6,11.16650635094611,360,0.99,5.0,12,359,192
179.55555555555554,12.0,11.191481456572266,360,0.99,4.0,13,359,193
101.0,12.0,11.2,360,0.97,3.0,14,359,194
67.33333333333334,12.1,11.191481456572266,360,0.99,2.0,15,359,195
44.888888888888886,11.9,11.16650635094611,360,0.99,1.0,16,359,196
11.222222222222221,11.7,11.126776695296636,360,0.99,1.0,17,359,197
0.0,11.7,11.075,360,0.99,0.0,18,359,198
0.0,9.8,11.01470476127563,360,0.99,0.0,19,359,199
0.0,10.7,10.95,360,0.99,2.0,20,359,200
0.0,11.1,10.88529523872437,360,0.93,4.0,21,359,201
0.0,10.5,10.825,360,0.93,4.0,22,359,202
0.0,10.2,10.773223304703363,360,0.95,4.0,23,359,203
0.0,10.2,10.733493649053889,360,0.96,4.0,24,359,204
0.0,9.4,9.808518543427734,360,0.96,4.0,1,360,205
0.0,8.7,9.8,360,0.97,3.0,2,360,206
0.0,9.7,9.808518543427734,360,0.95,5.0,3,360,207
0.0,10.0,9.83349364905389,360,0.92,4.0,4,360,208
0.0,10.7,9.873223304703364,360,0.9,5.0,5,360,209
0.0,10.0,9.925,360,0.92,6.0,6,360,210
0.0,9.8,9.98529523872437,360,0.91,6.0,7,360,211
0.0,10.0,10.05,360,0.88,6.0,8,360,212
112.22222222222223,10.6,10.11470476127563,360,0.87,6.0,9,360,213
202.0,11.1,10.175,360,0.85,8.0,10,360,214
258.11111111111114,12.0,10.226776695296637,360,0.81,7.0,11,360,215
246.8888888888889,13.0,10.266506350946111,360,0.78,9.0,12,360,216
392.7777777777778,14.1,10.291481456572267,360,0.74,10.0,13,360,217
303.0,14.1,10.3,360,0.74,8.0,14,360,218
280.55555555555554,14.0,10.291481456572267,360,0.74,8.0,15,360,219
67.33333333333334,13.2,10.266506350946111,360,0.78,9.0,16,360,220
11.222222222222221,12.5,10.226776695296637,360,0.79,8.0,17,360,221
0.0,12.8,10.175,360,0.78,8.0,18,360,222
0.0,13.0,10.11470476127563,360,0.77,6.0,19,360,223
0.0,12.3,10.05,360,0.82,6.0,20,360,224
0.0,12.0,9.98529523872437,360,0.85,4.0,21,360,225
0.0,11.9,9.925,360,0.85,4.0,22,360,226
0.0,11.4,9.873223304703364,360,0.89,4.0,23,360,227
0.0,11.7,9.83349364905389,360,0.89,4.0,24,360,228
0.0,11.2,10.011925960798827,360,0.92,4.0,1,361,229
0.0,11.2,10.0,360,0.95,5.0,2,361,230
0.0,11.2,10.011925960798827,360,0.97,5.0,3,361,231
0.0,11.0,10.046891108675446,360,0.96,6.0,4,361,232
0.0,10.8,10.102512626584708,360,0.96,5.0,5,361,233
0.0,10.7,10.174999999999999,360,0.97,6.0,6,361,234
0.0,9.9,10.259413334214118,360,0.98,4.0,7,361,235
0.0,10.3,10.35,360,0.99,3.0,8,361,236
56.111111111111114,10.3,10.440586665785881,360,0.99,6.0,9,361,237
134.66666666666669,11.3,10.525,360,0.97,5.0,10,361,238
101.0,11.0,10.59748737341529,360,0.97,6.0,11,361,239
269.33333333333337,12.0,10.653108891324553,360,0.96,5.0,12,361,240
325.44444444444446,12.0,10.688074039201172,360,0.9,7.0,13,361,241
392.7777777777778,12.4,10.7,360,0.86,6.0,14,361,242
314.2222222222222,12.4,10.688074039201172,360,0.82,7.0,15,361,243
145.88888888888889,10.8,10.653108891324553,360,0.88,5.0,16,361,244
11.222222222222221,9.7,10.59748737341529,360,0.93,5.0,17,361,245
0.0,9.1,10.525,360,0.93,3.0,18,361,246
0.0,8.1,10.440586665785881,360,0.98,2.0,19,361,247
0.0,7.6,10.35,360,0.99,2.0,20,361,248
0.0,6.6,10.259413334214118,360,0.99,1.0,21,361,249
0.0,5.8,10.175,360,0.99,0.0,22,361,250
0.0,6.0,10.102512626584708,360,0.99,3.0,23,361,251
0.0,4.7,10.046891108675446,360,0.99,0.0,24,361,252
0.0,4.8,8.617037086855465,360,0.99,0.0,1,362,253
0.0,4.4,8.6,360,0.99,0.0,2,362,254
0.0,3.3,8.617037086855465,360,0.99,0.0,3,362,255
0.0,4.7,8.666987298107781,360,0.99,1.0,4,362,256
0.0,4.5,8.746446609406725,360,0.99,0.0,5,362,257
0.0,4.1,8.85,360,0.99,0.0,6,362,258
0.0,4.6,8.97059047744874,360,0.99,0.0,7,362,259
0.0,5.0,9.1,360,0.99,0.0,8,362,260
67.33333333333334,5.7,9.22940952255126,360,0.99,2.0,9,362,261
213.22222222222223,6.8,9.35,360,0.99,4.0,10,362,262
269.33333333333337,7.8,9.453553390593273,360,0.99,4.0,11,362,263
280.55555555555554,8.4,9.533012701892218,360,0.99,4.0,12,362,264
280.55555555555554,8.4,9.582962913144534,360,0.99,4.0,13,362,265
179.55555555555554,8.3,9.6,360,0.99,4.0,14,362,266
101.0,8.5,9.582962913144534,360,0.99,4.0,15,362,267
33.66666666666667,8.7,9.533012701892218,360,0.99,5.0,16,362,268
0.0,8.9,9.453553390593273,360,0.99,4.0,17,362,269
0.0,9.0,9.35,360,0.99,4.0,18,362,270
0.0,8.8,9.22940952255126,360,0.99,6.0,19,362,271
0.0,8.4,9.1,360,0.99,7.0,20,362,272
0.0,8.2,8.97059047744874,360,0.99,6.0,21,362,273
0.0,8.4,8.85,360,0.99,5.0,22,362,274
0.0,8.6,8.746446609406727,360,0.99,6.0,23,362,275
0.0,8.7,8.666987298107781,360,0.99,6.0,24,362,276
0.0,8.5,9.311925960798828,360,0.99,6.0,1,363,277
0.0,8.6,9.3,360,0.99,6.0,2,363,278
0.0,8.5,9.311925960798828,360,0.99,6.0,3,363,279
0.0,8.2,9.346891108675447,360,0.99,6.0,4,363,280
0.0,8.6,9.40251262658471,360,0.99,6.0,5,363,281
0.0,9.1,9.475,360,0.99,6.0,6,363,282
0.0,9.0,9.559413334214119,360,0.99,6.0,7,363,283
0.0,8.8,9.65,360,0.99,7.0,8,363,284
33.66666666666667,8.8,9.740586665785882,360,0.99,8.0,9,363,285
134.66666666666669,9.0,9.825000000000001,360,0.99,8.0,10,363,286
134.66666666666669,9.4,9.897487373415292,360,0.99,7.0,11,363,287
134.66666666666669,9.8,9.953108891324554,360,0.99,10.0,12,363,288
258.11111111111114,10.5,9.988074039201173,360,0.99,8.0,13,363,289
246.8888888888889,10.4,10.0,360,0.97,9.0,14,363,290
78.55555555555554,10.7,9.988074039201173,360,0.97,9.0,15,363,291
44.888888888888886,11.3,9.953108891324554,360,0.9,11.0,16,363,292
0.0,11.2,9.897487373415292,360,0.9,8.0,17,363,293
0.0,11.7,9.825000000000001,360,0.8,9.0,18,363,294
0.0,11.2,9.740586665785882,360,0.87,12.0,19,363,295
0.0,11.6,9.65,360,0.83,10.0,20,363,296
0.0,11.8,9.559413334214119,360,0.85,12.0,21,363,297
0.0,11.8,9.475000000000001,360,0.87,10.0,22,363,298
0.0,11.5,9.40251262658471,360,0.94,12.0,23,363,299
0.0,11.4,9.346891108675447,360,0.94,14.0,24,363,300
0.0,10.8,9.906814834742187,360,0.96,13.0,1,364,301
0.0,11.4,9.900000000000002,360,0.95,13.0,2,364,302
0.0,11.4,9.906814834742187,360,0.93,11.0,3,364,303
0.0,10.9,9.926794919243113,360,0.9,10.0,4,364,304
0.0,11.1,9.958578643762692,360,0.95,8.0,5,364,305
0.0,11.3,10.000000000000002,360,0.92,8.0,6,364,306
0.0,10.9,10.048236190979496,360,0.95,8.0,7,364,307
0.0,10.4,10.100000000000001,360,0.96,6.0,8,364,308
67.33333333333334,10.7,10.151763809020506,360,0.96,6.0,9,364,309
168.33333333333331,11.2,10.200000000000001,360,0.95,6.0,10,364,310
134.66666666666669,10.3,10.24142135623731,360,0.94,8.0,11,364,311
145.88888888888889,9.9,10.27320508075689,360,0.95,7.0,12,364,312
168.33333333333331,9.8,10.293185165257816,360,0.92,6.0,13,364,313
179.55555555555554,9.8,10.3,360,0.93,5.0,14,364,314
145.88888888888889,10.0,10.293185165257816,360,0.89,5.0,15,364,315
67.33333333333334,9.7,10.27320508075689,360,0.91,6.0,16,364,316
0.0,8.9,10.24142135623731,360,0.93,4.0,17,364,317
0.0,8.5,10.200000000000001,360,0.97,4.0,18,364,318
0.0,8.6,10.151763809020506,360,0.96,6.0,19,364,319
0.0,7.3,10.100000000000001,360,0.98,3.0,20,364,320
0.0,7.3,10.048236190979496,360,0.99,3.0,21,364,321
0.0,7.1,10.000000000000002,360,0.99,4.0,22,364,322
0.0,7.2,9.958578643762692,360,0.99,6.0,23,364,323
0.0,7.4,9.926794919243113,360,0.99,7.0,24,364,324
0.0,8.1,9.228963047654291,360,0.99,7.0,1,365,325
0.0,8.6,9.2,360,0.99,7.0,2,365,326
0.0,8.9,9.228963047654291,360,0.99,8.0,3,365,327
0.0,9.2,9.313878406783227,360,0.99,9.0,4,365,328
0.0,9.1,9.448959235991435,360,0.98,9.0,5,365,329
0.0,9.2,9.625,360,0.98,8.0,6,365,330
0.0,9.4,9.830003811662857,360,0.97,11.0,7,365,331
0.0,9.7,10.05,360,0.99,13.0,8,365,332
11.222222222222221,10.1,10.269996188337144,360,0.98,12.0,9,365,333
56.111111111111114,11.0,10.475000000000001,360,0.99,12.0,10,365,334
123.44444444444446,12.3,10.651040764008567,360,0.98,13.0,11,365,335
89.77777777777777,12.7,10.786121593216775,360,0.98,12.0,12,365,336
78.55555555555554,13.5,10.87103695234571,360,0.96,13.0,13,365,337
67.33333333333334,13.6,10.900000000000002,360,0.97,12.0,14,365,338
44.888888888888886,14.3,10.87103695234571,360,0.94,10.0,15,365,339
22.444444444444443,15.2,10.786121593216775,360,0.85,14.0,16,365,340
0.0,14.7,10.651040764008567,360,0.88,11.0,17,365,341
0.0,14.3,10.475000000000001,360,0.9,8.0,18,365,342
0.0,14.6,10.269996188337144,360,0.87,9.0,19,365,343
0.0,14.2,10.05,360,0.89,8.0,20,365,344
0.0,14.1,9.830003811662857,360,0.92,9.0,21,365,345
0.0,13.8,9.625,360,0.93,8.0,22,365,346
0.0,14.2,9.448959235991435,360,0.89,8.0,23,365,347
0.0,14.0,9.313878406783227,360,0.88,8.0,24,365,348
0.0,13.9,10.508518543427734,360,0.86,8.0,1,366,349
0.0,13.5,10.5,360,0.86,8.0,2,366,350
0.0,13.1,10.508518543427734,360,0.87,8.0,3,366,351
0.0,12.6,10.53349364905389,360,0.88,8.0,4,366,352
0.0,12.5,10.573223304703363,360,0.87,8.0,5,366,353
0.0,12.0,10.625,360,0.86,8.0,6,366,354
0.0,12.2,10.68529523872437,360,0.83,8.0,7,366,355
0.0,12.4,10.75,360,0.8,9.0,8,366,356
78.55555555555554,12.7,10.81470476127563,360,0.77,8.0,9,366,357
168.33333333333331,12.4,10.875,360,0.82,8.0,10,366,358
269.33333333333337,13.2,10.926776695296637,360,0.78,8.0,11,366,359
347.8888888888889,14.4,10.96650635094611,360,0.68,9.0,12,366,360
336.66666666666663,14.4,10.991481456572266,360,0.69,10.0,13,366,361
280.55555555555554,14.7,11.0,360,0.64,10.0,14,366,362
246.8888888888889,15.0,10.991481456572266,360,0.64,9.0,15,366,363
190.77777777777777,14.5,10.96650635094611,360,0.64,10.0,16,366,364
11.222222222222221,13.7,10.926776695296637,360,0.66,8.0,17,366,365
0.0,13.5,10.875,360,0.66,8.0,18,366,366
0.0,13.2,10.81470476127563,360,0.64,8.0,19,366,367
0.0,13.0,10.75,360,0.68,9.0,20,366,368
0.0,12.9,10.68529523872437,360,0.74,10.0,21,366,369
0.0,13.1,10.625,360,0.73,10.0,22,366,370
0.0,13.4,10.573223304703363,360,0.71,12.0,23,366,371
0.0,12.9,10.53349364905389,360,0.75,12.0,24,366,372
0.0,12.3,10.111925960798825,360,0.79,10.0,1,1,373
0.0,11.7,10.099999999999998,360,0.82,9.0,2,1,374
0.0,11.7,10.111925960798825,360,0.8,8.0,3,1,375
0.0,11.5,10.146891108675446,360,0.81,7.0,4,1,376
0.0,11.2,10.202512626584706,360,0.84,6.0,5,1,377
0.0,10.9,10.274999999999999,360,0.88,6.0,6,1,378
0.0,11.1,10.359413334214118,360,0.87,8.0,7,1,379
0.0,11.1,10.45,360,0.89,6.0,8,1,380
67.33333333333334,11.7,10.54058666578588,360,0.88,7.0,9,1,381
112.22222222222223,12.0,10.625,360,0.87,8.0,10,1,382
145.88888888888889,12.4,10.697487373415292,360,0.86,7.0,11,1,383
246.8888888888889,13.7,10.753108891324553,360,0.78,10.0,12,1,384
213.22222222222223,14.5,10.788074039201174,360,0.71,10.0,13,1,385
291.77777777777777,15.9,10.8,360,0.65,10.0,14,1,386
224.44444444444446,16.5,10.788074039201174,360,0.62,10.0,15,1,387
56.111111111111114,16.0,10.753108891324553,360,0.63,10.0,16,1,388
11.222222222222221,15.3,10.697487373415292,360,0.66,8.0,17,1,389
0.0,15.4,10.625,360,0.65,9.0,18,1,390
0.0,14.9,10.54058666578588,360,0.67,11.0,19,1,391
0.0,14.2,10.45,360,0.73,8.0,20,1,392
0.0,14.6,10.359413334214118,360,0.72,9.0,21,1,393
0.0,13.7,10.274999999999999,360,0.78,6.0,22,1,394
0.0,13.5,10.202512626584708,360,0.81,7.0,23,1,395
0.0,12.2,10.146891108675446,360,0.9,6.0,24,1,396
0.0,11.7,10.51022225211328,360,0.95,4.0,1,2,397
0.0,11.3,10.5,360,0.98,3.0,2,2,398
0.0,10.8,10.51022225211328,360,0.99,4.0,3,2,399
0.0,10.8,10.540192378864669,360,0.99,3.0,4,2,400
0.0,10.9,10.587867965644037,360,0.99,4.0,5,2,401
0.0,9.6,10.65,360,0.99,6.0,6,2,402
0.0,9.4,10.722354286469244,360,0.97,6.0,7,2,403
0.0,9.2,10.8,360,0.95,4.0,8,2,404
44.888888888888886,8.8,10.877645713530757,360,0.98,4.0,9,2,405
325.44444444444446,10.3,10.950000000000001,360,0.93,4.0,10,2,406
527.4444444444445,10.9,11.012132034355965,360,0.78,6.0,11,2,407
695.7777777777778,11.6,11.059807621135333,360,0.83,6.0,12,2,408
673.3333333333333,11.8,11.089777747886721,360,0.83,6.0,13,2,409
549.8888888888889,12.3,11.100000000000001,360,0.82,6.0,14,2,410
437.6666666666667,12.1,11.089777747886721,360,0.79,6.0,15,2,411
123.44444444444446,10.6,11.059807621135333,360,0.86,6.0,16,2,412
11.222222222222221,9.5,11.012132034355965,360,0.89,4.0,17,2,413
0.0,7.9,10.950000000000001,360,0.91,2.0,18,2,414
0.0,7.8,10.877645713530757,360,0.93,3.0,19,2,415
0.0,7.4,10.8,360,0.93,4.0,20,2,416
0.0,7.3,10.722354286469244,360,0.97,3.0,21,2,417
0.0,7.2,10.65,360,0.98,4.0,22,2,418
0.0,7.1,10.587867965644037,360,0.96,3.0,23,2,419
0.0,5.3,10.540192378864669,360,0.97,3.0,24,2,420
0.0,6.6,8.418740795541012,360,0.99,4.0,1,3,421
0.0,6.8,8.399999999999999,360,0.98,4.0,2,3,422
0.0,6.9,8.418740795541012,360,0.98,4.0,3,3,423
0.0,6.1,8.473686027918559,360,0.99,3.0,4,3,424
0.0,6.0,8.561091270347399,360,0.99,3.0,5,3,425
0.0,5.9,8.674999999999999,360,0.99,4.0,6,3,426
0.0,5.8,8.807649525193613,360,0.99,4.0,7,3,427
0.0,3.0,8.95,360,0.99,4.0,8,3,428
145.88888888888889,5.9,9.092350474806386,360,0.99,4.0,9,3,429
381.55555555555554,7.5,9.225,360,0.99,4.0,10,3,430
572.3333333333333,9.1,9.3389087296526,360,0.92,4.0,11,3,431
684.5555555555557,10.8,9.42631397208144,360,0.88,5.0,12,3,432
695.7777777777778,12.2,9.481259204458986,360,0.77,5.0,13,3,433
594.7777777777778,12.1,9.5,360,0.77,6.0,14,3,434
370.33333333333337,11.3,9.481259204458986,360,0.82,6.0,15,3,435
168.33333333333331,11.1,9.42631397208144,360,0.82,4.0,16,3,436
22.444444444444443,9.5,9.3389087296526,360,0.9,4.0,17,3,437
0.0,9.3,9.225,360,0.9,4.0,18,3,438
0.0,8.4,9.092350474806386,360,0.95,5.0,19,3,439
0.0,7.7,8.95,360,0.98,6.0,20,3,440
0.0,7.0,8.807649525193613,360,0.99,6.0,21,3,441
0.0,7.1,8.674999999999999,360,0.99,7.0,22,3,442
0.0,7.1,8.561091270347399,360,0.99,8.0,23,3,443
0.0,7.5,8.473686027918559,360,0.99,9.0,24,3,444
0.0,7.7,9.023851921597652,360,0.99,8.0,1,4,445
0.0,7.7,9.0,360,0.97,7.0,2,4,446
0.0,7.6,9.023851921597652,360,0.96,6.0,3,4,447
0.0,7.6,9.093782217350892,360,0.97,6.0,4,4,448
0.0,7.7,9.205025253169415,360,0.96,7.0,5,4,449
0.0,7.6,9.35,360,0.97,8.0,6,4,450
0.0,7.5,9.518826668428234,360,0.97,6.0,7,4,451
0.0,7.5,9.7,360,0.98,7.0,8,4,452
33.66666666666667,7.7,9.881173331571764,360,0.99,7.0,9,4,453
123.44444444444446,8.6,10.049999999999999,360,0.99,7.0,10,4,454
179.55555555555554,9.5,10.194974746830583,360,0.99,8.0,11,4,455
157.1111111111111,10.5,10.306217782649107,360,0.98,8.0,12,4,456
134.66666666666669,11.4,10.376148078402347,360,0.96,8.0,13,4,457
101.0,11.6,10.399999999999999,360,0.99,8.0,14,4,458
78.55555555555554,12.0,10.376148078402347,360,0.99,7.0,15,4,459
33.66666666666667,12.4,10.306217782649107,360,0.98,7.0,16,4,460
11.222222222222221,12.2,10.194974746830583,360,0.98,8.0,17,4,461
0.0,12.1,10.049999999999999,360,0.98,7.0,18,4,462
0.0,12.1,9.881173331571764,360,0.99,7.0,19,4,463
0.0,12.2,9.7,360,0.98,8.0,20,4,464
0.0,12.2,9.518826668428234,360,0.98,8.0,21,4,465
0.0,12.2,9.35,360,0.98,8.0,22,4,466
0.0,12.2,9.205025253169415,360,0.97,6.0,23,4,467
0.0,12.1,9.093782217350892,360,0.96,6.0,24,4,468
0.0,12.1,9.925555630283199,360,0.96,8.0,1,5,469
0.0,11.9,9.9,360,0.97,6.0,2,5,470
0.0,11.6,9.925555630283199,360,0.98,6.0,3,5,471
0.0,11.5,10.000480947161671,360,0.98,6.0,4,5,472
0.0,11.5,10.119669914110089,360,0.98,6.0,5,5,473
0.0,11.5,10.275,360,0.97,5.0,6,5,474
0.0,11.3,10.45588571617311,360,0.98,4.0,7,5,475
0.0,11.2,10.65,360,0.99,4.0,8,5,476
56.111111111111114,11.5,10.84411428382689,360,0.99,2.0,9,5,477
157.1111111111111,12.0,11.025,360,0.99,3.0,10,5,478
359.1111111111111,12.8,11.180330085889912,360,0.94,4.0,11,5,479
392.7777777777778,13.1,11.29951905283833,360,0.86,4.0,12,5,480
404.0,13.2,11.374444369716802,360,0.79,4.0,13,5,481
258.11111111111114,12.9,11.4,360,0.82,5.0,14,5,482
123.44444444444446,12.2,11.374444369716802,360,0.83,4.0,15,5,483
78.55555555555554,11.4,11.29951905283833,360,0.88,5.0,16,5,484
11.222222222222221,11.0,11.180330085889912,360,0.92,3.0,17,5,485
0.0,10.9,11.025,360,0.93,2.0,18,5,486
0.0,10.3,10.84411428382689,360,0.95,2.0,19,5,487
0.0,9.9,10.65,360,0.97,0.0,20,5,488
0.0,9.8,10.45588571617311,360,0.98,1.0,21,5,489
0.0,9.8,10.275,360,0.99,0.0,22,5,490
0.0,9.9,10.119669914110089,360,0.99,1.0,23,5,491
0.0,9.9,10.000480947161671,360,0.99,2.0,24,5,492
0.0,9.8,10.410222252113279,360,0.97,2.0,1,6,493
0.0,9.8,10.399999999999999,360,0.95,2.0,2,6,494
0.0,9.9,10.410222252113279,360,0.94,1.0,3,6,495
0.0,9.9,10.440192378864667,360,0.95,2.0,4,6,496
0.0,9.8,10.487867965644035,360,0.97,2.0,5,6,497
0.0,9.7,10.549999999999999,360,0.96,0.0,6,6,498
0.0,10.0,10.622354286469243,360,0.94,2.0,7,6,499
0.0,9.8,10.7,360,0.95,3.0,8,6,500
56.111111111111114,10.2,10.777645713530756,360,0.91,4.0,9,6,501
179.55555555555554,10.9,10.85,360,0.88,5.0,10,6,502
291.77777777777777,11.5,10.912132034355963,360,0.86,4.0,11,6,503
235.66666666666669,11.6,10.959807621135331,360,0.82,4.0,12,6,504
235.66666666666669,11.7,10.98977774788672,360,0.84,4.0,13,6,505
224.44444444444446,11.9,11.0,360,0.81,5.0,14,6,506
145.88888888888889,11.6,10.98977774788672,360,0.85,4.0,15,6,507
78.55555555555554,11.4,10.959807621135331,360,0.87,4.0,16,6,508
0.0,10.9,10.912132034355963,360,0.9,4.0,17,6,509
0.0,10.9,10.85,360,0.85,4.0,18,6,510
0.0,10.0,10.777645713530756,360,0.87,4.0,19,6,511
0.0,8.8,10.7,360,0.84,3.0,20,6,512
0.0,7.1,10.622354286469243,360,0.89,2.0,21,6,513
0.0,7.0,10.549999999999999,360,0.92,2.0,22,6,514
0.0,7.5,10.487867965644035,360,0.92,3.0,23,6,515
0.0,5.7,10.440192378864667,360,0.94,3.0,24,6,516
0.0,5.6,8.708518543427733,360,0.96,2.0,1,7,517
0.0,4.9,8.7,360,0.97,2.0,2,7,518
0.0,6.8,8.708518543427733,360,0.97,6.0,3,7,519
0.0,6.7,8.733493649053889,360,0.95,7.0,4,7,520
0.0,6.5,8.773223304703363,360,0.95,8.0,5,7,521
0.0,6.4,8.825,360,0.95,9.0,6,7,522
0.0,6.0,8.88529523872437,360,0.96,8.0,7,7,523
11.222222222222221,6.4,8.95,360,0.95,9.0,8,7,524
67.33333333333334,7.1,9.01470476127563,360,0.92,10.0,9,7,525
157.1111111111111,8.0,9.075,360,0.88,10.0,10,7,526
190.77777777777777,8.6,9.126776695296636,360,0.85,11.0,11,7,527
179.55555555555554,8.9,9.16650635094611,360,0.87,12.0,12,7,528
123.44444444444446,8.5,9.191481456572266,360,0.9,10.0,13,7,529
56.111111111111114,8.4,9.2,360,0.93,12.0,14,7,530
89.77777777777777,8.7,9.191481456572266,360,0.94,9.0,15,7,531
56.111111111111114,9.0,9.16650635094611,360,0.93,11.0,16,7,532
0.0,9.0,9.126776695296636,360,0.92,11.0,17,7,533
0.0,9.3,9.075,360,0.9,9.0,18,7,534
0.0,9.3,9.01470476127563,360,0.93,9.0,19,7,535
0.0,9.5,8.95,360,0.92,9.0,20,7,536
0.0,9.3,8.88529523872437,360,0.95,7.0,21,7,537
0.0,9.2,8.825,360,0.97,8.0,22,7,538
0.0,9.1,8.773223304703363,360,0.99,8.0,23,7,539
0.0,9.0,8.733493649053889,360,0.98,9.0,24,7,540
0.0,8.9,9.10511112605664,360,0.96,10.0,1,8,541
0.0,8.8,9.1,360,0.96,10.0,2,8,542
0.0,9.2,9.10511112605664,360,0.95,10.0,3,8,543
0.0,7.4,9.120096189432333,360,0.96,10.0,4,8,544
0.0,8.8,9.143933982822018,360,0.94,8.0,5,8,545
0.0,8.9,9.174999999999999,360,0.92,9.0,6,8,546
0.0,9.2,9.211177143234622,360,0.98,9.0,7,8,547
0.0,9.2,9.25,360,0.97,12.0,8,8,548
78.55555555555554,9.2,9.288822856765378,360,0.97,8.0,9,8,549
134.66666666666669,9.4,9.325000000000001,360,0.95,9.0,10,8,550
134.66666666666669,9.5,9.356066017177982,360,0.94,9.0,11,8,551
67.33333333333334,9.1,9.379903810567667,360,0.97,9.0,12,8,552
44.888888888888886,9.2,9.39488887394336,360,0.99,8.0,13,8,553
67.33333333333334,9.1,9.4,360,0.97,8.0,14,8,554
78.55555555555554,8.9,9.39488887394336,360,0.95,8.0,15,8,555
67.33333333333334,9.0,9.379903810567667,360,0.94,9.0,16,8,556
0.0,8.6,9.356066017177982,360,0.93,8.0,17,8,557
0.0,8.5,9.325000000000001,360,0.89,8.0,18,8,558
0.0,8.0,9.288822856765378,360,0.9,10.0,19,8,559
0.0,7.0,9.25,360,0.91,8.0,20,8,560
0.0,6.9,9.211177143234622,360,0.95,6.0,21,8,561
0.0,5.8,9.175,360,0.95,4.0,22,8,562
0.0,6.2,9.143933982822018,360,0.92,6.0,23,8,563
0.0,6.1,9.120096189432333,360,0.92,5.0,24,8,564
0.0,6.8,7.911925960798826,360,0.89,7.0,1,9,565
0.0,6.6,7.9,360,0.91,7.0,2,9,566
0.0,7.2,7.911925960798826,360,0.87,8.0,3,9,567
0.0,5.9,7.946891108675446,360,0.89,9.0,4,9,568
0.0,5.6,8.002512626584709,360,0.93,6.0,5,9,569
0.0,5.8,8.075,360,0.89,6.0,6,9,570
0.0,5.9,8.159413334214118,360,0.85,10.0,7,9,571
11.222222222222221,5.3,8.25,360,0.87,10.0,8,9,572
101.0,5.4,8.340586665785882,360,0.9,8.0,9,9,573
280.55555555555554,7.0,8.425,360,0.86,6.0,10,9,574
516.2222222222223,7.9,8.497487373415291,360,0.77,9.0,11,9,575
695.7777777777778,8.5,8.553108891324554,360,0.75,9.0,12,9,576
718.2222222222222,9.4,8.588074039201173,360,0.71,8.0,13,9,577
437.6666666666667,9.8,8.6,360,0.67,9.0,14,9,578
336.66666666666663,9.4,8.588074039201173,360,0.77,10.0,15,9,579
190.77777777777777,8.4,8.553108891324554,360,0.77,8.0,16,9,580
11.222222222222221,7.0,8.497487373415291,360,0.86,6.0,17,9,581
0.0,6.4,8.425,360,0.85,5.0,18,9,582
0.0,5.7,8.340586665785882,360,0.88,6.0,19,9,583
0.0,4.9,8.25,360,0.93,6.0,20,9,584
0.0,4.6,8.159413334214118,360,0.95,6.0,21,9,585
0.0,4.8,8.075000000000001,360,0.95,6.0,22,9,586
0.0,4.6,8.002512626584709,360,0.95,5.0,23,9,587
0.0,6.0,7.946891108675446,360,0.92,4.0,24,9,588
0.0,5.6,7.632370465025386,360,0.96,3.0,1,10,589
0.0,5.5,7.6000000000000005,360,0.96,4.0,2,10,590
0.0,5.7,7.632370465025385,360,0.95,4.0,3,10,591
0.0,6.0,7.727275866404784,360,0.96,5.0,4,10,592
0.0,6.3,7.87824855787278,360,0.96,5.0,5,10,593
0.0,6.4,8.075,360,0.97,6.0,6,10,594
0.0,6.7,8.304121907152606,360,0.98,6.0,7,10,595
0.0,6.6,8.55,360,0.98,6.0,8,10,596
56.111111111111114,7.2,8.795878092847396,360,0.99,7.0,9,10,597
89.77777777777777,8.1,9.025,360,0.99,7.0,10,10,598
157.1111111111111,9.0,9.221751442127221,360,0.99,9.0,11,10,599
202.0,9.9,9.372724133595218,360,0.99,8.0,12,10,600
123.44444444444446,10.3,9.467629534974616,360,0.99,8.0,13,10,601
67.33333333333334,11.1,9.5,360,0.99,6.0,14,10,602
78.55555555555554,11.5,9.467629534974616,360,0.96,9.0,15,10,603
56.111111111111114,11.5,9.372724133595218,360,0.96,8.0,16,10,604
0.0,11.2,9.221751442127221,360,0.96,8.0,17,10,605
0.0,10.8,9.025,360,0.99,8.0,18,10,606
0.0,10.7,8.795878092847396,360,0.99,8.0,19,10,607
0.0,11.0,8.55,360,0.99,8.0,20,10,608
0.0,11.1,8.304121907152606,360,0.99,8.0,21,10,609
0.0,10.8,8.075000000000001,360,0.97,9.0,22,10,610
0.0,11.0,7.87824855787278,360,0.93,9.0,23,10,611
0.0,10.8,7.727275866404784,360,0.95,11.0,24,10,612
0.0,10.9,8.918740795541012,360,0.91,9.0,1,11,613
0.0,11.1,8.899999999999999,360,0.87,8.0,2,11,614
0.0,10.2,8.918740795541012,360,0.97,11.0,3,11,615
0.0,9.9,8.973686027918559,360,0.99,9.0,4,11,616
0.0,10.7,9.061091270347399,360,0.99,6.0,5,11,617
0.0,11.0,9.174999999999999,360,0.98,7.0,6,11,618
0.0,10.4,9.307649525193613,360,0.98,4.0,7,11,619
0.0,10.0,9.45,360,0.98,5.0,8,11,620
67.33333333333334,10.2,9.592350474806386,360,0.97,5.0,9,11,621
168.33333333333331,10.1,9.725,360,0.97,5.0,10,11,622
258.11111111111114,10.1,9.8389087296526,360,0.96,4.0,11,11,623
314.2222222222222,10.8,9.92631397208144,360,0.92,5.0,12,11,624
549.8888888888889,11.0,9.981259204458986,360,0.83,6.0,13,11,625
527.4444444444445,12.0,10.0,360,0.74,8.0,14,11,626
426.44444444444446,11.8,9.981259204458986,360,0.78,8.0,15,11,627
157.1111111111111,10.3,9.92631397208144,360,0.81,6.0,16,11,628
11.222222222222221,8.9,9.8389087296526,360,0.89,8.0,17,11,629
0.0,8.5,9.725,360,0.93,4.0,18,11,630
0.0,8.6,9.592350474806386,360,0.94,6.0,19,11,631
0.0,8.9,9.45,360,0.93,6.0,20,11,632
0.0,9.2,9.307649525193613,360,0.91,6.0,21,11,633
0.0,9.0,9.174999999999999,360,0.91,7.0,22,11,634
0.0,8.6,9.061091270347399,360,0.92,6.0,23,11,635
0.0,8.6,8.973686027918559,360,0.94,6.0,24,11,636
0.0,8.9,9.117037086855465,360,0.94,6.0,1,12,637
0.0,9.0,9.1,360,0.94,7.0,2,12,638
0.0,9.2,9.117037086855465,360,0.93,8.0,3,12,639
0.0,9.3,9.166987298107781,360,0.92,6.0,4,12,640
0.0,9.5,9.246446609406725,360,0.9,7.0,5,12,641
0.0,9.4,9.35,360,0.9,8.0,6,12,642
0.0,9.4,9.47059047744874,360,0.91,7.0,7,12,643
11.222222222222221,9.4,9.6,360,0.94,7.0,8,12,644
44.888888888888886,10.2,9.72940952255126,360,0.89,8.0,9,12,645
89.77777777777777,10.1,9.85,360,0.92,9.0,10,12,646
123.44444444444446,10.2,9.953553390593273,360,0.94,9.0,11,12,647
381.55555555555554,11.9,10.033012701892218,360,0.85,8.0,12,12,648
415.2222222222223,11.1,10.082962913144534,360,0.84,12.0,13,12,649
359.1111111111111,11.8,10.1,360,0.85,10.0,14,12,650
190.77777777777777,11.2,10.082962913144534,360,0.87,10.0,15,12,651
78.55555555555554,10.8,10.033012701892218,360,0.92,9.0,16,12,652
11.222222222222221,10.1,9.953553390593273,360,0.95,13.0,17,12,653
0.0,10.5,9.85,360,0.96,11.0,18,12,654
0.0,10.5,9.72940952255126,360,0.96,10.0,19,12,655
0.0,10.7,9.6,360,0.95,10.0,20,12,656
0.0,10.5,9.47059047744874,360,0.98,11.0,21,12,657
0.0,10.6,9.35,360,0.99,10.0,22,12,658
0.0,10.9,9.246446609406727,360,0.99,9.0,23,12,659
0.0,11.2,9.166987298107781,360,0.99,8.0,24,12,660
0.0,11.5,9.71022225211328,360,0.99,8.0,1,13,661
0.0,11.4,9.7,360,0.98,9.0,2,13,662
0.0,10.7,9.71022225211328,360,0.95,9.0,3,13,663
0.0,10.4,9.740192378864668,360,0.97,10.0,4,13,664
0.0,10.3,9.787867965644034,360,0.94,7.0,5,13,665
0.0,9.5,9.85,360,0.95,7.0,6,13,666
0.0,8.4,9.922354286469243,360,0.98,5.0,7,13,667
0.0,8.6,10.0,360,0.98,4.0,8,13,668
67.33333333333334,8.7,10.077645713530757,360,0.98,5.0,9,13,669
336.66666666666663,9.7,10.15,360,0.92,6.0,10,13,670
482.5555555555556,10.5,10.212132034355966,360,0.86,7.0,11,13,671
583.5555555555555,11.6,10.259807621135332,360,0.81,6.0,12,13,672
415.2222222222223,11.3,10.28977774788672,360,0.82,8.0,13,13,673
168.33333333333331,10.7,10.3,360,0.91,8.0,14,13,674
235.66666666666669,11.5,10.28977774788672,360,0.85,8.0,15,13,675
101.0,10.7,10.259807621135332,360,0.9,7.0,16,13,676
22.444444444444443,10.2,10.212132034355966,360,0.94,8.0,17,13,677
0.0,9.7,10.15,360,0.96,6.0,18,13,678
0.0,9.9,10.077645713530757,360,0.98,5.0,19,13,679
0.0,9.7,10.0,360,0.97,6.0,20,13,680
0.0,8.9,9.922354286469243,360,0.97,4.0,21,13,681
0.0,8.5,9.85,360,0.98,4.0,22,13,682
0.0,8.6,9.787867965644034,360,0.97,6.0,23,13,683
0.0,8.2,9.740192378864668,360,0.96,6.0,24,13,684
0.0,7.8,9.318740795541014,360,0.95,6.0,1,14,685
0.0,7.5,9.3,360,0.97,5.0,2,14,686
0.0,7.6,9.318740795541014,360,0.97,6.0,3,14,687
0.0,7.7,9.373686027918561,360,0.97,7.0,4,14,688
0.0,7.8,9.461091270347401,360,0.97,8.0,5,14,689
0.0,8.4,9.575000000000001,360,0.99,9.0,6,14,690
0.0,8.4,9.707649525193615,360,0.99,10.0,7,14,691
0.0,8.3,9.850000000000001,360,0.99,10.0,8,14,692
22.444444444444443,8.6,9.992350474806388,360,0.99,11.0,9,14,693
89.77777777777777,9.4,10.125000000000002,360,0.98,11.0,10,14,694
168.33333333333331,10.0,10.238908729652602,360,0.94,10.0,11,14,695
303.0,10.8,10.326313972081442,360,0.9,12.0,12,14,696
325.44444444444446,11.4,10.381259204458988,360,0.89,11.0,13,14,697
168.33333333333331,11.2,10.400000000000002,360,0.96,10.0,14,14,698
56.111111111111114,11.8,10.381259204458988,360,0.99,10.0,15,14,699
33.66666666666667,11.9,10.326313972081442,360,0.99,10.0,16,14,700
0.0,11.6,10.238908729652602,360,0.98,11.0,17,14,701
0.0,11.4,10.125000000000002,360,0.99,12.0,18,14,702
0.0,11.6,9.992350474806388,360,0.99,11.0,19,14,703
0.0,11.2,9.850000000000001,360,0.99,12.0,20,14,704
0.0,11.4,9.707649525193615,360,0.99,13.0,21,14,705
0.0,11.7,9.575000000000001,360,0.98,12.0,22,14,706
11.222222222222221,8.5,9.461091270347401,360,0.93,12.0,23,14,707
0.0,7.7,9.373686027918561,360,0.98,9.0,24,14,708
0.0,7.4,9.013629669484374,360,0.97,4.0,1,15,709
0.0,7.5,9.0,360,0.99,4.0,2,15,710
0.0,7.1,9.013629669484372,360,0.96,6.0,3,15,711
0.0,6.9,9.053589838486225,360,0.93,6.0,4,15,712
0.0,5.6,9.11715728752538,360,0.92,7.0,5,15,713
0.0,5.7,9.2,360,0.93,7.0,6,15,714
0.0,5.0,9.296472381958992,360,0.92,6.0,7,15,715
0.0,4.5,9.4,360,0.94,6.0,8,15,716
112.22222222222223,5.2,9.503527618041009,360,0.89,4.0,9,15,717
415.2222222222223,7.0,9.600000000000001,360,0.85,6.0,10,15,718
549.8888888888889,7.8,9.682842712474619,360,0.8,8.0,11,15,719
684.5555555555557,9.2,9.746410161513776,360,0.8,8.0,12,15,720
493.7777777777778,7.9,9.786370330515629,360,0.86,10.0,13,15,721
370.33333333333337,8.8,9.8,360,0.78,9.0,14,15,722
493.7777777777778,9.1,9.786370330515629,360,0.77,11.0,15,15,723
134.66666666666669,7.7,9.746410161513776,360,0.83,9.0,16,15,724
11.222222222222221,7.1,9.682842712474619,360,0.88,10.0,17,15,725
0.0,6.9,9.600000000000001,360,0.94,9.0,18,15,726
0.0,6.4,9.503527618041009,360,0.95,8.0,19,15,727
0.0,5.9,9.4,360,0.94,8.0,20,15,728
0.0,6.1,9.296472381958992,360,0.95,8.0,21,15,729
0.0,6.2,9.200000000000001,360,0.96,10.0,22,15,730
0.0,6.4,9.117157287525382,360,0.95,10.0,23,15,731
0.0,6.6,9.053589838486225,360,0.95,13.0,24,15,732
0.0,6.9,7.910222252113279,360,0.97,15.0,1,16,733
0.0,7.9,7.8999999999999995,360,0.93,18.0,2,16,734
0.0,7.6,7.910222252113279,360,0.86,19.0,3,16,735
0.0,7.7,7.940192378864667,360,0.75,13.0,4,16,736
0.0,6.9,7.9878679656440355,360,0.86,13.0,5,16,737
0.0,7.1,8.049999999999999,360,0.77,13.0,6,16,738
0.0,6.5,8.122354286469243,360,0.85,19.0,7,16,739
11.222222222222221,5.9,8.2,360,0.89,11.0,8,16,740
112.22222222222223,6.2,8.277645713530756,360,0.89,12.0,9,16,741
325.44444444444446,7.4,8.35,360,0.84,9.0,10,16,742
460.11111111111114,7.6,8.412132034355963,360,0.82,10.0,11,16,743
695.7777777777778,7.6,8.459807621135331,360,0.76,11.0,12,16,744
594.7777777777778,7.2,8.48977774788672,360,0.8,14.0,13,16,745
538.6666666666667,6.6,8.5,360,0.85,8.0,14,16,746
303.0,6.3,8.48977774788672,360,0.84,9.0,15,16,747
123.44444444444446,6.1,8.459807621135331,360,0.84,7.0,16,16,748
22.444444444444443,4.8,8.412132034355963,360,0.88,5.0,17,16,749
0.0,4.4,8.35,360,0.9,4.0,18,16,750
0.0,4.0,8.277645713530756,360,0.92,4.0,19,16,751
0.0,3.1,8.2,360,0.94,4.0,20,16,752
0.0,3.3,8.122354286469243,360,0.97,4.0,21,16,753
0.0,3.9,8.049999999999999,360,0.97,6.0,22,16,754
0.0,4.3,7.9878679656440355,360,0.97,5.0,23,16,755
0.0,4.8,7.940192378864668,360,0.99,6.0,24,16,756
0.0,4.5,7.010222252113279,360,0.97,6.0,1,17,757
0.0,4.3,7.0,360,0.97,5.0,2,17,758
0.0,4.1,7.010222252113279,360,0.97,7.0,3,17,759
0.0,4.0,7.040192378864669,360,0.97,6.0,4,17,760
0.0,3.5,7.087867965644036,360,0.97,6.0,5,17,761
0.0,4.5,7.1499999999999995,360,0.99,6.0,6,17,762
0.0,4.4,7.222354286469244,360,0.93,6.0,7,17,763
0.0,3.5,7.3,360,0.94,7.0,8,17,764
157.1111111111111,4.1,7.377645713530756,360,0.92,6.0,9,17,765
291.77777777777777,4.5,7.45,360,0.9,8.0,10,17,766
303.0,4.7,7.512132034355964,360,0.88,8.0,11,17,767
516.2222222222223,5.8,7.559807621135331,360,0.85,7.0,12,17,768
291.77777777777777,5.4,7.58977774788672,360,0.86,7.0,13,17,769
527.4444444444445,5.7,7.6,360,0.81,8.0,14,17,770
291.77777777777777,5.2,7.58977774788672,360,0.83,8.0,15,17,771
123.44444444444446,4.5,7.559807621135331,360,0.89,6.0,16,17,772
11.222222222222221,4.0,7.512132034355964,360,0.92,5.0,17,17,773
0.0,4.0,7.45,360,0.93,6.0,18,17,774
0.0,4.3,7.377645713530756,360,0.94,8.0,19,17,775
0.0,4.2,7.3,360,0.93,8.0,20,17,776
0.0,4.2,7.222354286469244,360,0.94,6.0,21,17,777
0.0,3.3,7.15,360,0.95,5.0,22,17,778
0.0,2.4,7.087867965644036,360,0.96,6.0,23,17,779
0.0,2.1,7.040192378864669,360,0.97,8.0,24,17,780
0.0,2.2,5.8136296694843725,360,0.95,8.0,1,18,781
0.0,1.8,5.799999999999999,360,0.94,8.0,2,18,782
0.0,1.9,5.813629669484372,360,0.93,9.0,3,18,783
0.0,1.6,5.853589838486224,360,0.91,6.0,4,18,784
0.0,0.2,5.91715728752538,360,0.94,6.0,5,18,785
0.0,-0.3,5.999999999999999,360,0.94,6.0,6,18,786
0.0,-1.0,6.096472381958991,360,0.95,4.0,7,18,787
11.222222222222221,-1.3,6.199999999999999,360,0.96,1.0,8,18,788
179.55555555555554,-0.1,6.303527618041008,360,0.95,3.0,9,18,789
482.5555555555556,1.1,6.3999999999999995,360,0.92,4.0,10,18,790
505.0,2.9,6.482842712474619,360,0.87,4.0,11,18,791
662.1111111111112,3.7,6.546410161513775,360,0.82,5.0,12,18,792
370.33333333333337,3.0,6.586370330515627,360,0.79,6.0,13,18,793
246.8888888888889,3.4,6.6,360,0.83,6.0,14,18,794
448.8888888888889,4.0,6.586370330515627,360,0.82,6.0,15,18,795
213.22222222222223,2.9,6.546410161513775,360,0.88,6.0,16,18,796
33.66666666666667,1.7,6.482842712474619,360,0.91,4.0,17,18,797
0.0,1.9,6.3999999999999995,360,0.97,6.0,18,18,798
0.0,1.5,6.303527618041008,360,0.98,5.0,19,18,799
0.0,1.7,6.199999999999999,360,0.99,4.0,20,18,800
0.0,1.5,6.096472381958991,360,0.99,6.0,21,18,801
0.0,0.7,5.999999999999999,360,0.99,5.0,22,18,802
0.0,0.3,5.917157287525381,360,0.99,5.0,23,18,803
0.0,0.0,5.853589838486224,360,0.99,4.0,24,18,804
0.0,-0.3,4.906814834742186,360,0.99,4.0,1,19,805
0.0,-0.6,4.9,360,0.99,3.0,2,19,806
0.0,-0.3,4.906814834742186,360,0.99,4.0,3,19,807
0.0,-0.9,4.926794919243112,360,0.98,3.0,4,19,808
0.0,-0.8,4.95857864376269,360,0.99,4.0,5,19,809
0.0,-0.8,5.0,360,0.99,4.0,6,19,810
0.0,-0.6,5.0482361909794955,360,0.99,4.0,7,19,811
11.222222222222221,-0.3,5.1,360,0.98,4.0,8,19,812
78.55555555555554,-0.1,5.151763809020504,360,0.97,5.0,9,19,813
179.55555555555554,0.1,5.199999999999999,360,0.98,6.0,10,19,814
235.66666666666669,1.2,5.241421356237309,360,0.99,6.0,11,19,815
179.55555555555554,1.8,5.273205080756887,360,0.98,6.0,12,19,816
145.88888888888889,2.5,5.293185165257813,360,0.98,6.0,13,19,817
78.55555555555554,2.5,5.299999999999999,360,0.99,5.0,14,19,818
44.888888888888886,2.2,5.293185165257813,360,0.98,6.0,15,19,819
22.444444444444443,1.2,5.273205080756887,360,0.98,5.0,16,19,820
0.0,1.3,5.241421356237309,360,0.99,4.0,17,19,821
0.0,1.1,5.199999999999999,360,0.99,4.0,18,19,822
0.0,1.1,5.151763809020504,360,0.99,4.0,19,19,823
0.0,1.4,5.1,360,0.99,5.0,20,19,824
0.0,1.9,5.0482361909794955,360,0.99,5.0,21,19,825
0.0,1.9,5.0,360,0.99,4.0,22,19,826
0.0,2.2,4.95857864376269,360,0.98,4.0,23,19,827
0.0,2.2,4.926794919243112,360,0.96,6.0,24,19,828
0.0,2.1,4.923851921597652,360,0.94,7.0,1,20,829
0.0,1.0,4.9,360,0.95,5.0,2,20,830
0.0,0.7,4.923851921597652,360,0.96,3.0,3,20,831
0.0,0.4,4.993782217350892,360,0.97,4.0,4,20,832
0.0,0.3,5.1050252531694165,360,0.99,4.0,5,20,833
0.0,0.2,5.249999999999999,360,0.99,2.0,6,20,834
0.0,0.1,5.418826668428236,360,0.99,0.0,7,20,835
11.222222222222221,-0.8,5.6,360,0.99,1.0,8,20,836
78.55555555555554,-1.1,5.781173331571764,360,0.99,2.0,9,20,837
258.11111111111114,-0.6,5.949999999999999,360,0.99,2.0,10,20,838
460.11111111111114,-0.2,6.094974746830583,360,0.99,2.0,11,20,839
606.0,0.4,6.206217782649107,360,0.99,4.0,12,20,840
796.7777777777777,3.4,6.276148078402347,360,0.99,2.0,13,20,841
751.8888888888888,5.2,6.299999999999999,360,0.84,3.0,14,20,842
370.33333333333337,3.9,6.276148078402347,360,0.92,3.0,15,20,843
101.0,1.7,6.206217782649107,360,0.99,5.0,16,20,844
22.444444444444443,1.5,6.094974746830583,360,0.99,5.0,17,20,845
0.0,1.2,5.949999999999999,360,0.99,5.0,18,20,846
0.0,1.3,5.781173331571764,360,0.99,4.0,19,20,847
0.0,0.8,5.6,360,0.99,4.0,20,20,848
0.0,0.9,5.418826668428236,360,0.99,4.0,21,20,849
0.0,0.9,5.25,360,0.99,2.0,22,20,850
0.0,0.8,5.1050252531694165,360,0.99,2.0,23,20,851
0.0,0.5,4.993782217350892,360,0.99,2.0,24,20,852
0.0,-0.1,4.908518543427733,360,0.99,0.0,1,21,853
0.0,-0.8,4.9,360,0.99,0.0,2,21,854
0.0,-1.1,4.908518543427733,360,0.99,0.0,3,21,855
0.0,0.2,4.933493649053891,360,0.99,0.0,4,21,856
0.0,0.8,4.973223304703364,360,0.99,4.0,5,21,857
0.0,0.7,5.025,360,0.99,4.0,6,21,858
0.0,0.7,5.08529523872437,360,0.98,4.0,7,21,859
11.222222222222221,0.9,5.15,360,0.97,5.0,8,21,860
78.55555555555554,1.3,5.21470476127563,360,0.94,7.0,9,21,861
347.8888888888889,2.1,5.275,360,0.92,7.0,10,21,862
404.0,1.7,5.326776695296637,360,0.86,8.0,11,21,863
594.7777777777778,2.2,5.36650635094611,360,0.83,9.0,12,21,864
572.3333333333333,1.6,5.391481456572268,360,0.82,8.0,13,21,865
381.55555555555554,1.9,5.4,360,0.78,10.0,14,21,866
314.2222222222222,2.0,5.391481456572268,360,0.76,8.0,15,21,867
134.66666666666669,1.4,5.36650635094611,360,0.8,8.0,16,21,868
11.222222222222221,1.3,5.326776695296637,360,0.8,8.0,17,21,869
0.0,1.4,5.275,360,0.79,8.0,18,21,870
0.0,0.9,5.21470476127563,360,0.82,6.0,19,21,871
0.0,0.0,5.15,360,0.86,6.0,20,21,872
0.0,-0.5,5.08529523872437,360,0.88,5.0,21,21,873
0.0,-0.6,5.025,360,0.9,5.0,22,21,874
0.0,-1.4,4.973223304703364,360,0.92,4.0,23,21,875
0.0,-1.4,4.933493649053891,360,0.92,5.0,24,21,876
0.0,-1.7,3.7102222521132795,360,0.92,5.0,1,22,877
0.0,-2.2,3.7,360,0.93,4.0,2,22,878
0.0,-2.4,3.7102222521132795,360,0.95,3.0,3,22,879
0.0,-1.7,3.7401923788646685,360,0.93,7.0,4,22,880
0.0,-1.7,3.7878679656440357,360,0.91,6.0,5,22,881
0.0,-1.8,3.85,360,0.9,5.0,6,22,882
0.0,-1.9,3.922354286469244,360,0.91,6.0,7,22,883
11.222222222222221,-2.0,4.0,360,0.89,8.0,8,22,884
78.55555555555554,-1.8,4.077645713530756,360,0.88,7.0,9,22,885
235.66666666666669,-1.8,4.15,360,0.85,8.0,10,22,886
303.0,-1.1,4.212132034355964,360,0.83,8.0,11,22,887
392.7777777777778,-0.7,4.259807621135331,360,0.81,7.0,12,22,888
549.8888888888889,0.0,4.2897777478867205,360,0.8,7.0,13,22,889
370.33333333333337,-0.4,4.3,360,0.81,6.0,14,22,890
246.8888888888889,0.1,4.2897777478867205,360,0.82,5.0,15,22,891
123.44444444444446,0.0,4.259807621135331,360,0.83,5.0,16,22,892
22.444444444444443,-0.5,4.212132034355964,360,0.83,4.0,17,22,893
0.0,-0.5,4.15,360,0.87,2.0,18,22,894
0.0,-0.5,4.077645713530756,360,0.89,2.0,19,22,895
0.0,-0.1,4.0,360,0.89,1.0,20,22,896
0.0,0.2,3.922354286469244,360,0.85,3.0,21,22,897
0.0,0.1,3.85,360,0.85,4.0,22,22,898
0.0,0.2,3.7878679656440357,360,0.87,4.0,23,22,899
0.0,0.3,3.7401923788646685,360,0.87,4.0,24,22,900
0.0,0.1,4.11022225211328,360,0.89,4.0,1,23,901
0.0,0.0,4.1,360,0.9,4.0,2,23,902
0.0,0.1,4.11022225211328,360,0.9,4.0,3,23,903
0.0,0.1,4.140192378864668,360,0.91,4.0,4,23,904
0.0,0.0,4.187867965644036,360,0.93,4.0,5,23,905
0.0,0.0,4.25,360,0.93,5.0,6,23,906
0.0,0.2,4.322354286469244,360,0.93,5.0,7,23,907
11.222222222222221,0.3,4.4,360,0.91,5.0,8,23,908
56.111111111111114,0.6,4.477645713530757,360,0.9,8.0,9,23,909
134.66666666666669,1.1,4.550000000000001,360,0.89,7.0,10,23,910
269.33333333333337,1.7,4.612132034355965,360,0.86,8.0,11,23,911
415.2222222222223,2.4,4.659807621135332,360,0.8,8.0,12,23,912
381.55555555555554,2.7,4.689777747886721,360,0.77,9.0,13,23,913
325.44444444444446,2.8,4.700000000000001,360,0.76,8.0,14,23,914
101.0,2.5,4.689777747886721,360,0.74,10.0,15,23,915
44.888888888888886,2.5,4.659807621135332,360,0.75,8.0,16,23,916
11.222222222222221,2.4,4.612132034355965,360,0.77,10.0,17,23,917
0.0,2.3,4.550000000000001,360,0.78,10.0,18,23,918
0.0,1.7,4.477645713530757,360,0.81,10.0,19,23,919
0.0,1.5,4.4,360,0.81,9.0,20,23,920
0.0,1.5,4.322354286469244,360,0.81,9.0,21,23,921
0.0,1.5,4.25,360,0.82,7.0,22,23,922
0.0,1.6,4.187867965644036,360,0.81,7.0,23,23,923
0.0,1.6,4.140192378864668,360,0.82,8.0,24,23,924
0.0,1.1,4.208518543427733,360,0.85,8.0,1,24,925
0.0,1.5,4.2,360,0.85,6.0,2,24,926
0.0,1.7,4.208518543427733,360,0.83,8.0,3,24,927
0.0,1.6,4.233493649053891,360,0.84,8.0,4,24,928
0.0,1.6,4.273223304703363,360,0.84,8.0,5,24,929
0.0,1.5,4.325,360,0.85,8.0,6,24,930
0.0,1.6,4.38529523872437,360,0.87,8.0,7,24,931
0.0,1.5,4.45,360,0.89,8.0,8,24,932
33.66666666666667,1.5,4.51470476127563,360,0.9,8.0,9,24,933
67.33333333333334,1.6,4.575,360,0.9,7.0,10,24,934
89.77777777777777,1.8,4.626776695296637,360,0.91,7.0,11,24,935
134.66666666666669,2.1,4.6665063509461095,360,0.89,8.0,12,24,936
157.1111111111111,2.5,4.691481456572268,360,0.88,6.0,13,24,937
134.66666666666669,2.7,4.7,360,0.88,6.0,14,24,938
78.55555555555554,2.7,4.691481456572268,360,0.87,5.0,15,24,939
33.66666666666667,2.7,4.6665063509461095,360,0.89,4.0,16,24,940
11.222222222222221,2.6,4.626776695296637,360,0.89,5.0,17,24,941
0.0,2.6,4.575,360,0.9,5.0,18,24,942
0.0,2.4,4.51470476127563,360,0.92,4.0,19,24,943
0.0,2.4,4.45,360,0.92,4.0,20,24,944
0.0,2.3,4.38529523872437,360,0.93,4.0,21,24,945
0.0,2.2,4.325,360,0.93,4.0,22,24,946
0.0,2.1,4.273223304703364,360,0.94,4.0,23,24,947
0.0,2.2,4.233493649053891,360,0.94,5.0,24,24,948
0.0,2.3,4.60511112605664,360,0.92,4.0,1,25,949
0.0,2.2,4.6,360,0.94,4.0,2,25,950
0.0,2.1,4.60511112605664,360,0.94,4.0,3,25,951
0.0,2.0,4.620096189432334,360,0.94,4.0,4,25,952
0.0,2.0,4.643933982822017,360,0.94,4.0,5,25,953
0.0,1.9,4.675,360,0.94,3.0,6,25,954
0.0,2.0,4.711177143234622,360,0.92,4.0,7,25,955
0.0,2.0,4.75,360,0.94,4.0,8,25,956
22.444444444444443,2.1,4.788822856765378,360,0.95,4.0,9,25,957
44.888888888888886,2.3,4.825,360,0.95,4.0,10,25,958
89.77777777777777,2.6,4.856066017177983,360,0.95,5.0,11,25,959
101.0,2.7,4.879903810567666,360,0.93,5.0,12,25,960
89.77777777777777,2.8,4.89488887394336,360,0.94,5.0,13,25,961
67.33333333333334,2.7,4.9,360,0.91,5.0,14,25,962
78.55555555555554,2.6,4.89488887394336,360,0.88,6.0,15,25,963
44.888888888888886,2.3,4.879903810567666,360,0.91,5.0,16,25,964
11.222222222222221,1.8,4.856066017177983,360,0.97,5.0,17,25,965
0.0,1.5,4.825,360,0.97,6.0,18,25,966
0.0,1.0,4.788822856765378,360,0.99,7.0,19,25,967
0.0,0.6,4.75,360,0.99,6.0,20,25,968
0.0,0.4,4.711177143234622,360,0.99,4.0,21,25,969
0.0,0.3,4.675,360,0.99,3.0,22,25,970
0.0,0.2,4.643933982822017,360,0.99,3.0,23,25,971
0.0,-0.2,4.620096189432334,360,0.99,4.0,24,25,972
0.0,-0.5,4.411925960798826,360,0.99,4.0,1,26,973
0.0,-0.6,4.4,360,0.98,4.0,2,26,974
0.0,-0.8,4.411925960798826,360,0.94,4.0,3,26,975
0.0,-0.7,4.446891108675446,360,0.96,0.0,4,26,976
0.0,-0.6,4.502512626584709,360,0.96,0.0,5,26,977
0.0,-0.6,4.575,360,0.96,0.0,6,26,978
0.0,-0.6,4.6594133342141175,360,0.99,0.0,7,26,979
11.222222222222221,-0.5,4.75,360,0.99,0.0,8,26,980
56.111111111111114,0.0,4.8405866657858825,360,0.99,2.0,9,26,981
168.33333333333331,0.7,4.925,360,0.99,3.0,10,26,982
190.77777777777777,1.3,4.997487373415291,360,0.98,4.0,11,26,983
213.22222222222223,2.0,5.053108891324554,360,0.97,4.0,12,26,984
202.0,2.3,5.088074039201174,360,0.97,4.0,13,26,985
168.33333333333331,2.5,5.1,360,0.98,5.0,14,26,986
145.88888888888889,3.2,5.088074039201174,360,0.98,6.0,15,26,987
44.888888888888886,3.4,5.053108891324554,360,0.96,6.0,16,26,988
11.222222222222221,3.4,4.997487373415291,360,0.95,8.0,17,26,989
0.0,3.5,4.925,360,0.94,6.0,18,26,990
0.0,3.3,4.8405866657858825,360,0.96,7.0,19,26,991
0.0,3.2,4.75,360,0.99,5.0,20,26,992
0.0,3.6,4.6594133342141175,360,0.99,8.0,21,26,993
0.0,3.7,4.575,360,0.99,8.0,22,26,994
0.0,4.1,4.502512626584709,360,0.95,10.0,23,26,995
0.0,4.0,4.446891108675446,360,0.96,8.0,24,26,996
0.0,3.9,5.010222252113279,360,0.88,7.0,1,27,997
0.0,3.6,5.0,360,0.88,8.0,2,27,998
0.0,3.7,5.010222252113279,360,0.9,7.0,3,27,999
0.0,3.6,5.040192378864669,360,0.88,8.0,4,27,1000
0.0,3.6,5.087867965644036,360,0.9,8.0,5,27,1001
0.0,3.6,5.1499999999999995,360,0.9,8.0,6,27,1002
0.0,3.7,5.222354286469244,360,0.86,8.0,7,27,1003
0.0,3.7,5.3,360,0.87,8.0,8,27,1004
78.55555555555554,3.8,5.377645713530756,360,0.87,9.0,9,27,1005
224.44444444444446,4.1,5.45,360,0.85,8.0,10,27,1006
280.55555555555554,3.9,5.512132034355964,360,0.86,9.0,11,27,1007
370.33333333333337,4.9,5.559807621135331,360,0.82,12.0,12,27,1008
325.44444444444446,4.6,5.58977774788672,360,0.79,9.0,13,27,1009
460.11111111111114,5.5,5.6,360,0.74,12.0,14,27,1010
359.1111111111111,4.8,5.58977774788672,360,0.76,11.0,15,27,1011
123.44444444444446,4.6,5.559807621135331,360,0.79,9.0,16,27,1012
33.66666666666667,3.9,5.512132034355964,360,0.85,9.0,17,27,1013
0.0,3.8,5.45,360,0.86,8.0,18,27,1014
0.0,3.8,5.377645713530756,360,0.81,8.0,19,27,1015
0.0,3.4,5.3,360,0.83,8.0,20,27,1016
0.0,3.3,5.222354286469244,360,0.86,8.0,21,27,1017
0.0,3.1,5.15,360,0.87,8.0,22,27,1018
0.0,3.0,5.087867965644036,360,0.86,7.0,23,27,1019
0.0,2.9,5.040192378864669,360,0.87,6.0,24,27,1020
0.0,2.8,4.906814834742186,360,0.88,8.0,1,28,1021
0.0,2.8,4.9,360,0.86,7.0,2,28,1022
0.0,2.8,4.906814834742186,360,0.88,8.0,3,28,1023
0.0,2.6,4.926794919243112,360,0.9,6.0,4,28,1024
0.0,2.7,4.95857864376269,360,0.89,8.0,5,28,1025
0.0,2.6,5.0,360,0.9,8.0,6,28,1026
0.0,2.4,5.0482361909794955,360,0.9,8.0,7,28,1027
0.0,2.5,5.1,360,0.93,8.0,8,28,1028
78.55555555555554,2.9,5.151763809020504,360,0.9,10.0,9,28,1029
134.66666666666669,3.1,5.199999999999999,360,0.88,8.0,10,28,1030
134.66666666666669,3.2,5.241421356237309,360,0.87,9.0,11,28,1031
347.8888888888889,3.8,5.273205080756887,360,0.83,8.0,12,28,1032
303.0,3.7,5.293185165257813,360,0.83,8.0,13,28,1033
224.44444444444446,3.7,5.299999999999999,360,0.82,9.0,14,28,1034
157.1111111111111,3.8,5.293185165257813,360,0.79,9.0,15,28,1035
78.55555555555554,3.6,5.273205080756887,360,0.79,8.0,16,28,1036
22.444444444444443,3.3,5.241421356237309,360,0.77,7.0,17,28,1037
0.0,3.0,5.199999999999999,360,0.77,8.0,18,28,1038
0.0,2.6,5.151763809020504,360,0.79,8.0,19,28,1039
0.0,1.8,5.1,360,0.82,8.0,20,28,1040
0.0,0.9,5.0482361909794955,360,0.84,6.0,21,28,1041
0.0,0.9,5.0,360,0.83,6.0,22,28,1042
0.0,1.3,4.95857864376269,360,0.81,6.0,23,28,1043
0.0,1.0,4.926794919243112,360,0.8,8.0,24,28,1044
0.0,0.1,3.5204445042265586,360,0.83,6.0,1,29,1045
0.0,-0.5,3.4999999999999996,360,0.86,6.0,2,29,1046
0.0,-1.0,3.5204445042265586,360,0.88,6.0,3,29,1047
0.0,-1.5,3.580384757729336,360,0.9,6.0,4,29,1048
0.0,-1.8,3.675735931288071,360,0.91,5.0,5,29,1049
0.0,-2.5,3.7999999999999994,360,0.92,2.0,6,29,1050
0.0,-2.4,3.944708572938487,360,0.93,2.0,7,29,1051
33.66666666666667,-2.7,4.1,360,0.94,2.0,8,29,1052
336.66666666666663,-1.1,4.255291427061512,360,0.91,2.0,9,29,1053
718.2222222222222,1.1,4.3999999999999995,360,0.81,4.0,10,29,1054
785.5555555555557,2.6,4.524264068711928,360,0.73,4.0,11,29,1055
875.3333333333334,3.4,4.619615242270663,360,0.67,4.0,12,29,1056
561.1111111111111,3.3,4.679555495773441,360,0.69,4.0,13,29,1057
740.6666666666667,4.2,4.699999999999999,360,0.67,4.0,14,29,1058
628.4444444444443,3.8,4.679555495773441,360,0.7,4.0,15,29,1059
359.1111111111111,3.3,4.619615242270663,360,0.71,4.0,16,29,1060
78.55555555555554,1.8,4.524264068711928,360,0.78,1.0,17,29,1061
0.0,1.0,4.3999999999999995,360,0.8,0.0,18,29,1062
0.0,-0.4,4.255291427061512,360,0.88,0.0,19,29,1063
0.0,-2.0,4.1,360,0.92,0.0,20,29,1064
0.0,-2.8,3.944708572938487,360,0.96,0.0,21,29,1065
0.0,-2.9,3.8,360,0.97,0.0,22,29,1066
0.0,-2.8,3.675735931288071,360,0.97,0.0,23,29,1067
0.0,-2.7,3.5803847577293366,360,0.97,0.0,24,29,1068
0.0,-2.9,3.035777882396478,360,0.96,0.0,1,30,1069
0.0,-2.2,3.0,360,0.96,0.0,2,30,1070
0.0,-2.1,3.035777882396478,360,0.97,0.0,3,30,1071
0.0,-1.1,3.1406733260263393,360,0.95,0.0,4,30,1072
0.0,-0.8,3.3075378797541246,360,0.94,1.0,5,30,1073
0.0,-0.6,3.5249999999999995,360,0.92,4.0,6,30,1074
0.0,-0.5,3.7782400026423533,360,0.94,4.0,7,30,1075
11.222222222222221,0.0,4.05,360,0.92,4.0,8,30,1076
101.0,0.3,4.321759997357646,360,0.93,4.0,9,30,1077
258.11111111111114,1.5,4.575,360,0.9,4.0,10,30,1078
493.7777777777778,3.5,4.792462120245875,360,0.84,5.0,11,30,1079
448.8888888888889,4.2,4.95932667397366,360,0.79,5.0,12,30,1080
347.8888888888889,3.3,5.064222117603522,360,0.92,6.0,13,30,1081
325.44444444444446,3.7,5.1,360,0.92,6.0,14,30,1082
246.8888888888889,3.9,5.064222117603522,360,0.9,6.0,15,30,1083
123.44444444444446,3.8,4.95932667397366,360,0.92,5.0,16,30,1084
44.888888888888886,3.7,4.792462120245875,360,0.94,5.0,17,30,1085
0.0,3.7,4.575,360,0.94,4.0,18,30,1086
0.0,3.6,4.321759997357646,360,0.97,4.0,19,30,1087
0.0,3.6,4.05,360,0.99,4.0,20,30,1088
0.0,3.8,3.7782400026423533,360,0.99,4.0,21,30,1089
0.0,3.9,3.5250000000000004,360,0.99,2.0,22,30,1090
0.0,4.1,3.307537879754125,360,0.99,4.0,23,30,1091
0.0,4.2,3.1406733260263393,360,0.99,4.0,24,30,1092
0.0,4.2,4.830666756339838,360,0.99,3.0,1,31,1093
0.0,4.2,4.799999999999999,360,0.99,4.0,2,31,1094
0.0,4.2,4.830666756339838,360,0.99,2.0,3,31,1095
0.0,4.3,4.920577136594004,360,0.99,0.0,4,31,1096
0.0,4.3,5.063603896932106,360,0.99,0.0,5,31,1097
0.0,4.4,5.249999999999999,360,0.99,0.0,6,31,1098
0.0,4.4,5.467062859407731,360,0.99,0.0,7,31,1099
0.0,4.5,5.699999999999999,360,0.99,1.0,8,31,1100
78.55555555555554,4.9,5.9329371405922675,360,0.99,0.0,9,31,1101
157.1111111111111,5.6,6.1499999999999995,360,0.99,0.0,10,31,1102
168.33333333333331,6.0,6.336396103067892,360,0.99,0.0,11,31,1103
303.0,6.2,6.479422863405994,360,0.99,0.0,12,31,1104
314.2222222222222,7.1,6.569333243660161,360,0.99,1.0,13,31,1105
258.11111111111114,7.3,6.6,360,0.99,0.0,14,31,1106
202.0,7.6,6.569333243660161,360,0.97,0.0,15,31,1107
78.55555555555554,7.6,6.479422863405994,360,0.97,0.0,16,31,1108
33.66666666666667,7.0,6.336396103067892,360,0.87,3.0,17,31,1109
0.0,6.1,6.1499999999999995,360,0.83,4.0,18,31,1110
0.0,3.6,5.9329371405922675,360,0.9,0.0,19,31,1111
0.0,4.6,5.699999999999999,360,0.86,2.0,20,31,1112
0.0,3.7,5.467062859407731,360,0.88,0.0,21,31,1113
0.0,3.2,5.25,360,0.97,0.0,22,31,1114
0.0,3.5,5.063603896932107,360,0.95,0.0,23,31,1115
0.0,3.2,4.920577136594004,360,0.97,0.0,24,31,1116
0.0,3.6,5.723851921597653,360,0.97,0.0,1,32,1117
0.0,4.2,5.700000000000001,360,0.94,2.0,2,32,1118
0.0,4.3,5.723851921597653,360,0.92,0.0,3,32,1119
0.0,4.1,5.793782217350893,360,0.94,0.0,4,32,1120
0.0,4.2,5.905025253169417,360,0.95,0.0,5,32,1121
0.0,4.1,6.05,360,0.95,1.0,6,32,1122
0.0,4.2,6.218826668428236,360,0.97,0.0,7,32,1123
11.222222222222221,4.3,6.4,360,0.99,0.0,8,32,1124
123.44444444444446,6.3,6.581173331571764,360,0.87,4.0,9,32,1125
190.77777777777777,7.3,6.75,360,0.79,4.0,10,32,1126
291.77777777777777,7.8,6.8949747468305835,360,0.71,2.0,11,32,1127
426.44444444444446,8.4,7.006217782649108,360,0.68,4.0,12,32,1128
527.4444444444445,8.5,7.076148078402348,360,0.67,4.0,13,32,1129
347.8888888888889,8.2,7.1,360,0.67,2.0,14,32,1130
224.44444444444446,8.0,7.076148078402348,360,0.68,4.0,15,32,1131
235.66666666666669,8.6,7.006217782649108,360,0.64,2.0,16,32,1132
67.33333333333334,6.7,6.8949747468305835,360,0.75,0.0,17,32,1133
0.0,6.4,6.75,360,0.78,0.0,18,32,1134
0.0,6.5,6.581173331571764,360,0.76,0.0,19,32,1135
0.0,5.8,6.4,360,0.83,0.0,20,32,1136
0.0,5.7,6.218826668428236,360,0.84,0.0,21,32,1137
0.0,5.8,6.050000000000001,360,0.83,2.0,22,32,1138
0.0,5.7,5.905025253169417,360,0.84,2.0,23,32,1139
0.0,5.5,5.793782217350893,360,0.85,2.0,24,32,1140
0.0,5.5,6.322148212912105,360,0.85,1.0,1,33,1141
0.0,5.4,6.299999999999999,360,0.85,2.0,2,33,1142
0.0,5.3,6.322148212912105,360,0.87,2.0,3,33,1143
0.0,5.1,6.387083487540114,360,0.88,2.0,4,33,1144
0.0,5.0,6.490380592228743,360,0.9,1.0,5,33,1145
0.0,4.8,6.624999999999999,360,0.91,0.0,6,33,1146
0.0,4.7,6.781767620683361,360,0.92,0.0,7,33,1147
11.222222222222221,5.5,6.949999999999999,360,0.86,0.0,8,33,1148
123.44444444444446,6.3,7.1182323793166375,360,0.82,0.0,9,33,1149
269.33333333333337,7.8,7.2749999999999995,360,0.74,0.0,10,33,1150
404.0,8.7,7.409619407771255,360,0.66,1.0,11,33,1151
460.11111111111114,9.2,7.512916512459884,360,0.58,3.0,12,33,1152
359.1111111111111,9.0,7.577851787087893,360,0.59,4.0,13,33,1153
336.66666666666663,8.7,7.6,360,0.6,4.0,14,33,1154
269.33333333333337,8.8,7.577851787087893,360,0.59,2.0,15,33,1155
157.1111111111111,8.4,7.512916512459884,360,0.6,4.0,16,33,1156
33.66666666666667,8.2,7.409619407771255,360,0.61,2.0,17,33,1157
11.222222222222221,7.9,7.2749999999999995,360,0.65,2.0,18,33,1158
0.0,6.9,7.1182323793166375,360,0.74,0.0,19,33,1159
0.0,7.4,6.949999999999999,360,0.68,1.0,20,33,1160
0.0,6.6,6.781767620683361,360,0.73,0.0,21,33,1161
0.0,6.9,6.624999999999999,360,0.71,0.0,22,33,1162
0.0,5.7,6.490380592228743,360,0.82,0.0,23,33,1163
0.0,6.6,6.387083487540115,360,0.74,0.0,24,33,1164
0.0,6.1,6.415333378169919,360,0.75,0.0,1,34,1165
0.0,5.9,6.4,360,0.76,0.0,2,34,1166
0.0,5.5,6.415333378169919,360,0.79,0.0,3,34,1167
0.0,5.5,6.460288568297003,360,0.8,0.0,4,34,1168
0.0,4.2,6.531801948466053,360,0.86,0.0,5,34,1169
0.0,3.6,6.625,360,0.87,0.0,6,34,1170
0.0,5.2,6.7335314297038655,360,0.8,0.0,7,34,1171
11.222222222222221,5.5,6.85,360,0.79,2.0,8,34,1172
134.66666666666669,6.6,6.966468570296134,360,0.74,0.0,9,34,1173
258.11111111111114,7.0,7.074999999999999,360,0.7,4.0,10,34,1174
269.33333333333337,7.0,7.168198051533945,360,0.72,5.0,11,34,1175
269.33333333333337,7.2,7.239711431702997,360,0.73,5.0,12,34,1176
325.44444444444446,7.3,7.28466662183008,360,0.7,5.0,13,34,1177
460.11111111111114,7.1,7.299999999999999,360,0.69,6.0,14,34,1178
662.1111111111112,8.3,7.28466662183008,360,0.68,4.0,15,34,1179
415.2222222222223,8.1,7.239711431702997,360,0.7,4.0,16,34,1180
89.77777777777777,7.7,7.168198051533945,360,0.73,7.0,17,34,1181
0.0,7.1,7.074999999999999,360,0.76,6.0,18,34,1182
0.0,6.8,6.966468570296134,360,0.79,2.0,19,34,1183
0.0,6.0,6.85,360,0.83,1.0,20,34,1184
0.0,5.8,6.7335314297038655,360,0.83,0.0,21,34,1185
0.0,6.3,6.625,360,0.83,0.0,22,34,1186
0.0,6.5,6.531801948466054,360,0.83,0.0,23,34,1187
0.0,6.5,6.460288568297003,360,0.84,0.0,24,34,1188
0.0,7.0,6.817037086855466,360,0.82,3.0,1,35,1189
0.0,7.2,6.8,360,0.83,3.0,2,35,1190
0.0,7.1,6.817037086855466,360,0.84,2.0,3,35,1191
0.0,7.0,6.86698729810778,360,0.87,3.0,4,35,1192
0.0,7.0,6.946446609406726,360,0.87,3.0,5,35,1193
0.0,6.8,7.05,360,0.86,4.0,6,35,1194
0.0,7.0,7.17059047744874,360,0.85,3.0,7,35,1195
22.444444444444443,7.0,7.3,360,0.87,3.0,8,35,1196
78.55555555555554,7.5,7.429409522551261,360,0.87,2.0,9,35,1197
145.88888888888889,8.1,7.55,360,0.82,4.0,10,35,1198
179.55555555555554,8.7,7.653553390593274,360,0.79,4.0,11,35,1199
269.33333333333337,9.1,7.7330127018922195,360,0.77,6.0,12,35,1200
448.8888888888889,9.3,7.782962913144534,360,0.83,6.0,13,35,1201
325.44444444444446,9.2,7.8,360,0.88,7.0,14,35,1202
202.0,9.2,7.782962913144534,360,0.86,6.0,15,35,1203
56.111111111111114,8.7,7.7330127018922195,360,0.89,6.0,16,35,1204
22.444444444444443,8.6,7.653553390593274,360,0.89,3.0,17,35,1205
0.0,8.4,7.55,360,0.86,3.0,18,35,1206
0.0,8.3,7.429409522551261,360,0.81,4.0,19,35,1207
0.0,8.2,7.3,360,0.76,5.0,20,35,1208
0.0,8.4,7.17059047744874,360,0.69,7.0,21,35,1209
0.0,7.6,7.05,360,0.81,5.0,22,35,1210
0.0,7.3,6.946446609406726,360,0.85,4.0,23,35,1211
0.0,7.2,6.86698729810778,360,0.86,4.0,24,35,1212
0.0,7.2,7.120444504226558,360,0.87,4.0,1,36,1213
0.0,7.1,7.1,360,0.86,4.0,2,36,1214
0.0,6.9,7.120444504226558,360,0.85,5.0,3,36,1215
0.0,6.6,7.180384757729336,360,0.84,4.0,4,36,1216
0.0,6.4,7.275735931288071,360,0.85,4.0,5,36,1217
0.0,6.2,7.3999999999999995,360,0.86,5.0,6,36,1218
0.0,6.0,7.544708572938488,360,0.86,6.0,7,36,1219
11.222222222222221,6.1,7.7,360,0.81,6.0,8,36,1220
134.66666666666669,6.6,7.855291427061513,360,0.79,6.0,9,36,1221
505.0,8.3,8.0,360,0.69,7.0,10,36,1222
729.4444444444443,9.3,8.124264068711929,360,0.69,8.0,11,36,1223
987.5555555555557,10.2,8.219615242270663,360,0.67,8.0,12,36,1224
852.8888888888889,10.1,8.279555495773442,360,0.68,8.0,13,36,1225
448.8888888888889,10.0,8.3,360,0.72,7.0,14,36,1226
460.11111111111114,10.1,8.279555495773442,360,0.76,8.0,15,36,1227
347.8888888888889,9.4,8.219615242270663,360,0.79,7.0,16,36,1228
134.66666666666669,8.6,8.124264068711929,360,0.79,6.0,17,36,1229
11.222222222222221,7.4,8.0,360,0.79,6.0,18,36,1230
0.0,6.6,7.855291427061513,360,0.77,6.0,19,36,1231
0.0,5.7,7.7,360,0.77,7.0,20,36,1232
0.0,4.9,7.544708572938488,360,0.78,7.0,21,36,1233
0.0,4.0,7.4,360,0.82,6.0,22,36,1234
0.0,3.3,7.275735931288072,360,0.84,6.0,23,36,1235
0.0,3.0,7.180384757729336,360,0.85,6.0,24,36,1236
0.0,2.9,5.7221482129121055,360,0.86,7.0,1,37,1237
0.0,2.2,5.699999999999999,360,0.88,6.0,2,37,1238
0.0,1.9,5.7221482129121055,360,0.9,6.0,3,37,1239
0.0,1.4,5.787083487540114,360,0.93,6.0,4,37,1240
0.0,1.7,5.890380592228744,360,0.94,5.0,5,37,1241
0.0,1.3,6.0249999999999995,360,0.95,4.0,6,37,1242
0.0,0.3,6.181767620683361,360,0.97,4.0,7,37,1243
22.444444444444443,0.7,6.35,360,0.98,4.0,8,37,1244
213.22222222222223,1.8,6.518232379316638,360,0.97,6.0,9,37,1245
482.5555555555556,3.2,6.675,360,0.91,7.0,10,37,1246
841.6666666666666,5.5,6.8096194077712555,360,0.81,8.0,11,37,1247
875.3333333333334,6.4,6.912916512459884,360,0.76,9.0,12,37,1248
1066.1111111111113,7.1,6.977851787087894,360,0.68,8.0,13,37,1249
841.6666666666666,7.9,7.0,360,0.67,10.0,14,37,1250
606.0,7.1,6.977851787087894,360,0.68,9.0,15,37,1251
448.8888888888889,6.7,6.912916512459884,360,0.72,9.0,16,37,1252
145.88888888888889,5.7,6.8096194077712555,360,0.76,8.0,17,37,1253
0.0,3.8,6.675,360,0.83,4.0,18,37,1254
0.0,5.0,6.518232379316638,360,0.81,6.0,19,37,1255
0.0,4.0,6.35,360,0.85,6.0,20,37,1256
0.0,3.3,6.181767620683361,360,0.88,7.0,21,37,1257
0.0,2.6,6.0249999999999995,360,0.89,6.0,22,37,1258
0.0,2.1,5.890380592228744,360,0.89,6.0,23,37,1259
0.0,1.8,5.787083487540115,360,0.89,5.0,24,37,1260
0.0,1.4,4.617037086855466,360,0.9,6.0,1,38,1261
0.0,0.5,4.6,360,0.92,5.0,2,38,1262
0.0,0.5,4.617037086855466,360,0.9,6.0,3,38,1263
0.0,0.3,4.66698729810778,360,0.91,6.0,4,38,1264
0.0,-0.2,4.746446609406726,360,0.92,7.0,5,38,1265
0.0,0.0,4.85,360,0.88,8.0,6,38,1266
0.0,-0.8,4.97059047744874,360,0.93,8.0,7,38,1267
44.888888888888886,-0.6,5.1,360,0.93,8.0,8,38,1268
291.77777777777777,0.3,5.22940952255126,360,0.88,8.0,9,38,1269
594.7777777777778,2.1,5.35,360,0.78,11.0,10,38,1270
707.0000000000001,3.1,5.453553390593274,360,0.72,10.0,11,38,1271
774.3333333333333,4.3,5.533012701892219,360,0.67,10.0,12,38,1272
381.55555555555554,4.4,5.5829629131445335,360,0.67,8.0,13,38,1273
415.2222222222223,5.5,5.6,360,0.67,8.0,14,38,1274
729.4444444444443,6.4,5.5829629131445335,360,0.62,8.0,15,38,1275
448.8888888888889,6.4,5.533012701892219,360,0.63,7.0,16,38,1276
145.88888888888889,5.1,5.453553390593274,360,0.69,7.0,17,38,1277
11.222222222222221,4.0,5.35,360,0.74,6.0,18,38,1278
0.0,3.9,5.22940952255126,360,0.74,6.0,19,38,1279
0.0,3.3,5.1,360,0.76,5.0,20,38,1280
0.0,2.8,4.97059047744874,360,0.78,4.0,21,38,1281
0.0,2.4,4.85,360,0.81,3.0,22,38,1282
0.0,1.1,4.746446609406726,360,0.84,2.0,23,38,1283
0.0,0.9,4.66698729810778,360,0.83,2.0,24,38,1284
0.0,0.6,3.632370465025385,360,0.84,2.0,1,39,1285
0.0,0.4,3.5999999999999996,360,0.85,0.0,2,39,1286
0.0,-1.3,3.632370465025385,360,0.92,0.0,3,39,1287
0.0,-2.0,3.727275866404783,360,0.94,0.0,4,39,1288
0.0,-1.9,3.8782485578727792,360,0.94,0.0,5,39,1289
0.0,-2.2,4.074999999999999,360,0.94,0.0,6,39,1290
0.0,-2.3,4.304121907152605,360,0.96,0.0,7,39,1291
56.111111111111114,-2.0,4.55,360,0.95,0.0,8,39,1292
325.44444444444446,0.1,4.795878092847395,360,0.91,2.0,9,39,1293
639.6666666666667,2.4,5.025,360,0.78,4.0,10,39,1294
852.8888888888889,4.2,5.2217514421272195,360,0.68,4.0,11,39,1295
998.7777777777778,5.9,5.3727241335952165,360,0.6,3.0,12,39,1296
1043.6666666666665,6.6,5.4676295349746145,360,0.56,5.0,13,39,1297
953.8888888888889,7.5,5.5,360,0.56,4.0,14,39,1298
763.1111111111111,6.9,5.4676295349746145,360,0.55,5.0,15,39,1299
471.33333333333337,6.7,5.3727241335952165,360,0.53,4.0,16,39,1300
157.1111111111111,4.2,5.2217514421272195,360,0.66,4.0,17,39,1301
0.0,1.7,5.025,360,0.76,2.0,18,39,1302
0.0,1.8,4.795878092847395,360,0.73,0.0,19,39,1303
0.0,-0.2,4.55,360,0.8,0.0,20,39,1304
0.0,0.0,4.304121907152605,360,0.81,0.0,21,39,1305
0.0,-0.2,4.075,360,0.81,0.0,22,39,1306
0.0,-1.1,3.8782485578727797,360,0.88,0.0,23,39,1307
0.0,-0.9,3.727275866404783,360,0.86,0.0,24,39,1308
0.0,-1.6,2.8340741737109316,360,0.92,0.0,1,40,1309
0.0,-3.0,2.8,360,0.92,0.0,2,40,1310
0.0,-2.7,2.8340741737109316,360,0.96,0.0,3,40,1311
0.0,-2.4,2.933974596215561,360,0.94,0.0,4,40,1312
0.0,-3.5,3.092893218813452,360,0.94,0.0,5,40,1313
0.0,-4.1,3.2999999999999994,360,0.96,0.0,6,40,1314
0.0,-3.8,3.541180954897479,360,0.97,0.0,7,40,1315
101.0,-3.2,3.8,360,0.97,0.0,8,40,1316
437.6666666666667,-0.9,4.058819045102521,360,0.9,0.0,9,40,1317
808.0,3.2,4.3,360,0.81,0.0,10,40,1318
864.1111111111111,4.0,4.507106781186548,360,0.75,2.0,11,40,1319
987.5555555555557,6.0,4.666025403784438,360,0.67,2.0,12,40,1320
998.7777777777778,7.0,4.7659258262890685,360,0.57,2.0,13,40,1321
897.7777777777778,8.6,4.8,360,0.45,1.0,14,40,1322
740.6666666666667,8.6,4.7659258262890685,360,0.46,0.0,15,40,1323
392.7777777777778,8.0,4.666025403784438,360,0.51,0.0,16,40,1324
123.44444444444446,6.2,4.507106781186548,360,0.55,0.0,17,40,1325
0.0,4.4,4.3,360,0.61,0.0,18,40,1326
0.0,1.1,4.058819045102521,360,0.78,0.0,19,40,1327
0.0,0.2,3.8,360,0.8,0.0,20,40,1328
0.0,1.9,3.541180954897479,360,0.69,0.0,21,40,1329
0.0,0.0,3.3,360,0.78,0.0,22,40,1330
0.0,-1.7,3.0928932188134524,360,0.89,0.0,23,40,1331
0.0,-2.0,2.933974596215561,360,0.88,0.0,24,40,1332
0.0,-1.7,2.535777882396478,360,0.9,0.0,1,41,1333
0.0,-2.8,2.5,360,0.94,0.0,2,41,1334
0.0,-2.9,2.535777882396478,360,0.94,0.0,3,41,1335
0.0,-3.0,2.6406733260263393,360,0.94,0.0,4,41,1336
0.0,-3.3,2.8075378797541246,360,0.96,0.0,5,41,1337
0.0,-3.0,3.0249999999999995,360,0.96,0.0,6,41,1338
0.0,-3.2,3.2782400026423533,360,0.98,0.0,7,41,1339
112.22222222222223,-2.7,3.55,360,0.98,0.0,8,41,1340
460.11111111111114,0.3,3.8217599973576464,360,0.95,0.0,9,41,1341
774.3333333333333,2.9,4.075,360,0.82,0.0,10,41,1342
864.1111111111111,5.1,4.292462120245875,360,0.78,3.0,11,41,1343
1010.0,7.2,4.45932667397366,360,0.69,3.0,12,41,1344
1032.4444444444446,8.0,4.564222117603522,360,0.58,4.0,13,41,1345
953.8888888888889,8.8,4.6,360,0.56,6.0,14,41,1346
774.3333333333333,9.0,4.564222117603522,360,0.57,6.0,15,41,1347
471.33333333333337,8.4,4.45932667397366,360,0.58,6.0,16,41,1348
168.33333333333331,6.4,4.292462120245875,360,0.67,4.0,17,41,1349
11.222222222222221,4.4,4.075,360,0.71,0.0,18,41,1350
0.0,3.7,3.8217599973576464,360,0.73,0.0,19,41,1351
0.0,2.9,3.55,360,0.76,0.0,20,41,1352
0.0,2.1,3.2782400026423533,360,0.79,0.0,21,41,1353
0.0,1.6,3.0250000000000004,360,0.8,0.0,22,41,1354
0.0,1.8,2.807537879754125,360,0.78,0.0,23,41,1355
0.0,1.1,2.6406733260263393,360,0.79,0.0,24,41,1356
0.0,0.8,2.6357778823964786,360,0.79,0.0,1,42,1357
0.0,-0.4,2.6000000000000005,360,0.81,0.0,2,42,1358
0.0,-0.9,2.6357778823964786,360,0.79,0.0,3,42,1359
0.0,-0.7,2.7406733260263394,360,0.8,0.0,4,42,1360
0.0,-0.6,2.907537879754125,360,0.8,0.0,5,42,1361
0.0,-0.4,3.125,360,0.77,0.0,6,42,1362
0.0,-1.2,3.378240002642354,360,0.8,0.0,7,42,1363
67.33333333333334,0.4,3.6500000000000004,360,0.79,0.0,8,42,1364
336.66666666666663,2.5,3.921759997357647,360,0.72,3.0,9,42,1365
650.8888888888889,4.8,4.175000000000001,360,0.63,6.0,10,42,1366
897.7777777777778,7.2,4.392462120245876,360,0.55,6.0,11,42,1367
1032.4444444444446,8.8,4.559326673973661,360,0.45,8.0,12,42,1368
1066.1111111111113,10.0,4.664222117603522,360,0.43,6.0,13,42,1369
875.3333333333334,10.7,4.7,360,0.4,6.0,14,42,1370
650.8888888888889,10.7,4.664222117603522,360,0.36,5.0,15,42,1371
471.33333333333337,10.3,4.559326673973661,360,0.44,5.0,16,42,1372
179.55555555555554,8.0,4.392462120245876,360,0.52,5.0,17,42,1373
11.222222222222221,6.7,4.175000000000001,360,0.56,4.0,18,42,1374
0.0,4.8,3.921759997357647,360,0.64,4.0,19,42,1375
0.0,3.9,3.6500000000000004,360,0.66,0.0,20,42,1376
0.0,3.7,3.378240002642354,360,0.72,0.0,21,42,1377
0.0,4.0,3.1250000000000004,360,0.7,0.0,22,42,1378
0.0,3.6,2.9075378797541256,360,0.72,0.0,23,42,1379
0.0,3.2,2.74067332602634,360,0.74,0.0,24,42,1380
0.0,3.1,3.1442964258242116,360,0.73,0.0,1,43,1381
0.0,1.4,3.1000000000000005,360,0.8,0.0,2,43,1382
0.0,1.3,3.144296425824211,360,0.81,0.0,3,43,1383
0.0,0.9,3.27416697508023,360,0.83,0.0,4,43,1384
0.0,0.8,3.480761184457488,360,0.84,0.0,5,43,1385
0.0,0.1,3.75,360,0.86,0.0,6,43,1386
0.0,-0.2,4.063535241366724,360,0.87,0.0,7,43,1387
67.33333333333334,0.9,4.4,360,0.86,0.0,8,43,1388
336.66666666666663,2.5,4.736464758633277,360,0.82,3.0,9,43,1389
650.8888888888889,4.3,5.050000000000001,360,0.73,4.0,10,43,1390
864.1111111111111,6.4,5.319238815542512,360,0.64,2.0,11,43,1391
1032.4444444444446,9.1,5.525833024919771,360,0.58,3.0,12,43,1392
1043.6666666666665,10.6,5.6557035741757895,360,0.52,4.0,13,43,1393
965.1111111111112,11.4,5.7,360,0.47,4.0,14,43,1394
774.3333333333333,11.6,5.6557035741757895,360,0.53,4.0,15,43,1395
493.7777777777778,10.5,5.525833024919771,360,0.54,4.0,16,43,1396
190.77777777777777,8.2,5.319238815542512,360,0.63,4.0,17,43,1397
11.222222222222221,6.1,5.050000000000001,360,0.73,2.0,18,43,1398
0.0,4.9,4.736464758633277,360,0.83,2.0,19,43,1399
0.0,4.5,4.4,360,0.85,2.0,20,43,1400
0.0,4.3,4.063535241366724,360,0.85,0.0,21,43,1401
0.0,3.4,3.750000000000001,360,0.88,0.0,22,43,1402
0.0,2.0,3.4807611844574886,360,0.91,0.0,23,43,1403
0.0,0.8,3.27416697508023,360,0.95,0.0,24,43,1404
0.0,0.1,3.0511112605663975,360,0.98,0.0,1,44,1405
0.0,-0.1,3.0,360,0.99,0.0,2,44,1406
0.0,-0.7,3.0511112605663975,360,0.99,0.0,3,44,1407
0.0,-1.0,3.200961894323342,360,0.99,0.0,4,44,1408
0.0,-2.2,3.439339828220178,360,0.99,0.0,5,44,1409
0.0,-2.3,3.749999999999999,360,0.99,0.0,6,44,1410
0.0,-2.8,4.111771432346219,360,0.99,0.0,7,44,1411
157.1111111111111,-1.0,4.5,360,0.99,0.0,8,44,1412
527.4444444444445,2.6,4.8882285676537816,360,0.97,0.0,9,44,1413
673.3333333333333,6.9,5.25,360,0.75,0.0,10,44,1414
931.4444444444445,10.0,5.560660171779821,360,0.56,4.0,11,44,1415
1066.1111111111113,12.0,5.799038105676658,360,0.51,5.0,12,44,1416
1099.7777777777778,13.9,5.9488887394336025,360,0.4,4.0,13,44,1417
1010.0,14.9,6.0,360,0.35,2.0,14,44,1418
796.7777777777777,15.2,5.9488887394336025,360,0.37,1.0,15,44,1419
516.2222222222223,14.4,5.799038105676658,360,0.37,1.0,16,44,1420
190.77777777777777,12.3,5.560660171779821,360,0.44,0.0,17,44,1421
11.222222222222221,6.0,5.25,360,0.67,0.0,18,44,1422
0.0,5.7,4.8882285676537816,360,0.62,0.0,19,44,1423
0.0,6.2,4.5,360,0.59,0.0,20,44,1424
0.0,5.6,4.111771432346219,360,0.6,0.0,21,44,1425
0.0,4.6,3.7500000000000004,360,0.61,0.0,22,44,1426
0.0,5.5,3.439339828220179,360,0.6,0.0,23,44,1427
0.0,4.8,3.200961894323342,360,0.61,0.0,24,44,1428
0.0,2.9,3.149407551880851,360,0.68,0.0,1,45,1429
0.0,4.2,3.0999999999999996,360,0.62,0.0,2,45,1430
0.0,1.1,3.149407551880851,360,0.75,0.0,3,45,1431
0.0,-0.5,3.2942631645125635,360,0.84,0.0,4,45,1432
0.0,-0.8,3.5246951672795053,360,0.84,0.0,5,45,1433
0.0,-1.2,3.8249999999999993,360,0.85,0.0,6,45,1434
0.0,-1.4,4.174712384601345,360,0.88,0.0,7,45,1435
123.44444444444446,0.4,4.55,360,0.83,0.0,8,45,1436
460.11111111111114,3.9,4.925287615398655,360,0.74,0.0,9,45,1437
684.5555555555557,7.3,5.275,360,0.72,0.0,10,45,1438
931.4444444444445,9.9,5.5753048327204935,360,0.57,2.0,11,45,1439
1088.5555555555557,12.0,5.805736835487436,360,0.42,4.0,12,45,1440
1111.0,13.7,5.950592448119149,360,0.36,3.0,13,45,1441
987.5555555555557,13.7,6.0,360,0.36,4.0,14,45,1442
695.7777777777778,14.8,5.950592448119149,360,0.3,2.0,15,45,1443
572.3333333333333,14.5,5.805736835487436,360,0.35,2.0,16,45,1444
190.77777777777777,12.5,5.5753048327204935,360,0.36,0.0,17,45,1445
11.222222222222221,7.2,5.275,360,0.61,0.0,18,45,1446
0.0,7.9,4.925287615398655,360,0.49,0.0,19,45,1447
0.0,4.6,4.55,360,0.63,0.0,20,45,1448
0.0,5.6,4.174712384601345,360,0.55,0.0,21,45,1449
0.0,4.9,3.825,360,0.56,0.0,22,45,1450
0.0,2.5,3.524695167279506,360,0.7,0.0,23,45,1451
0.0,1.7,3.2942631645125635,360,0.8,0.0,24,45,1452
0.0,4.0,4.049407551880851,360,0.69,0.0,1,46,1453
0.0,6.9,4.0,360,0.59,0.0,2,46,1454
0.0,5.8,4.049407551880851,360,0.74,0.0,3,46,1455
0.0,3.3,4.194263164512564,360,0.84,0.0,4,46,1456
0.0,3.4,4.424695167279506,360,0.83,0.0,5,46,1457
0.0,3.0,4.725,360,0.85,0.0,6,46,1458
0.0,4.9,5.074712384601345,360,0.79,0.0,7,46,1459
67.33333333333334,6.6,5.45,360,0.7,0.0,8,46,1460
224.44444444444446,7.3,5.825287615398655,360,0.68,6.0,9,46,1461
437.6666666666667,8.9,6.175000000000001,360,0.67,7.0,10,46,1462
707.0000000000001,11.0,6.475304832720495,360,0.64,8.0,11,46,1463
1032.4444444444446,12.8,6.7057368354874365,360,0.59,6.0,12,46,1464
998.7777777777778,14.9,6.85059244811915,360,0.51,6.0,13,46,1465
998.7777777777778,15.5,6.9,360,0.44,6.0,14,46,1466
796.7777777777777,15.2,6.85059244811915,360,0.48,6.0,15,46,1467
516.2222222222223,15.1,6.7057368354874365,360,0.49,5.0,16,46,1468
202.0,12.9,6.475304832720495,360,0.57,6.0,17,46,1469
11.222222222222221,9.4,6.175000000000001,360,0.68,2.0,18,46,1470
0.0,7.6,5.825287615398655,360,0.78,0.0,19,46,1471
0.0,8.1,5.45,360,0.78,2.0,20,46,1472
0.0,7.3,5.074712384601345,360,0.75,1.0,21,46,1473
0.0,8.0,4.7250000000000005,360,0.71,3.0,22,46,1474
0.0,8.3,4.4246951672795065,360,0.71,4.0,23,46,1475
0.0,6.8,4.194263164512564,360,0.76,4.0,24,46,1476
0.0,5.2,5.444296425824212,360,0.82,0.0,1,47,1477
0.0,5.5,5.4,360,0.86,0.0,2,47,1478
0.0,4.7,5.444296425824211,360,0.99,0.0,3,47,1479
0.0,5.8,5.57416697508023,360,0.99,4.0,4,47,1480
0.0,5.9,5.7807611844574875,360,0.99,4.0,5,47,1481
0.0,5.9,6.05,360,0.99,4.0,6,47,1482
0.0,5.7,6.363535241366724,360,0.99,4.0,7,47,1483
33.66666666666667,5.1,6.7,360,0.99,4.0,8,47,1484
112.22222222222223,5.6,7.036464758633277,360,0.99,4.0,9,47,1485
336.66666666666663,6.2,7.3500000000000005,360,0.99,4.0,10,47,1486
314.2222222222222,6.8,7.619238815542512,360,0.99,4.0,11,47,1487
751.8888888888888,9.2,7.8258330249197705,360,0.99,5.0,12,47,1488
707.0000000000001,10.7,7.955703574175789,360,0.86,5.0,13,47,1489
549.8888888888889,11.6,8.0,360,0.84,4.0,14,47,1490
460.11111111111114,12.8,7.955703574175789,360,0.78,5.0,15,47,1491
325.44444444444446,12.5,7.8258330249197705,360,0.79,6.0,16,47,1492
123.44444444444446,12.3,7.619238815542512,360,0.8,6.0,17,47,1493
11.222222222222221,11.6,7.3500000000000005,360,0.81,4.0,18,47,1494
0.0,10.8,7.036464758633277,360,0.82,3.0,19,47,1495
0.0,10.3,6.7,360,0.86,4.0,20,47,1496
0.0,9.8,6.363535241366724,360,0.93,4.0,21,47,1497
0.0,9.0,6.050000000000001,360,0.97,4.0,22,47,1498
0.0,9.1,5.780761184457488,360,0.99,4.0,23,47,1499
0.0,8.9,5.57416697508023,360,0.99,4.0,24,47,1500
0.0,8.9,7.627259338968744,360,0.99,4.0,1,48,1501
0.0,9.1,7.599999999999999,360,0.99,4.0,2,48,1502
0.0,9.1,7.627259338968744,360,0.99,4.0,3,48,1503
0.0,9.1,7.707179676972448,360,0.99,4.0,4,48,1504
0.0,9.4,7.83431457505076,360,0.99,5.0,5,48,1505
0.0,9.7,7.999999999999998,360,0.99,5.0,6,48,1506
0.0,9.9,8.192944763917982,360,0.99,5.0,7,48,1507
22.444444444444443,9.8,8.399999999999999,360,0.99,4.0,8,48,1508
134.66666666666669,10.1,8.607055236082015,360,0.99,5.0,9,48,1509
280.55555555555554,11.4,8.799999999999999,360,0.99,5.0,10,48,1510
235.66666666666669,11.7,8.965685424949237,360,0.99,5.0,11,48,1511
269.33333333333337,11.8,9.09282032302755,360,0.99,5.0,12,48,1512
291.77777777777777,12.4,9.172740661031254,360,0.97,6.0,13,48,1513
280.55555555555554,12.7,9.2,360,0.97,4.0,14,48,1514
168.33333333333331,12.8,9.172740661031254,360,0.97,4.0,15,48,1515
112.22222222222223,12.6,9.09282032302755,360,0.99,4.0,16,48,1516
33.66666666666667,12.4,8.965685424949237,360,0.99,3.0,17,48,1517
11.222222222222221,12.3,8.799999999999999,360,0.99,2.0,18,48,1518
0.0,12.0,8.607055236082015,360,0.99,2.0,19,48,1519
0.0,11.8,8.399999999999999,360,0.99,4.0,20,48,1520
0.0,11.1,8.192944763917982,360,0.99,4.0,21,48,1521
0.0,10.8,7.999999999999999,360,0.99,4.0,22,48,1522
0.0,10.6,7.834314575050761,360,0.99,4.0,23,48,1523
0.0,10.8,7.707179676972448,360,0.99,4.0,24,48,1524
0.0,10.7,8.62896304765429,360,0.99,3.0,1,49,1525
0.0,10.4,8.599999999999998,360,0.99,3.0,2,49,1526
0.0,9.9,8.62896304765429,360,0.99,2.0,3,49,1527
0.0,9.6,8.713878406783225,360,0.99,0.0,4,49,1528
0.0,9.5,8.848959235991433,360,0.99,2.0,5,49,1529
0.0,8.6,9.024999999999999,360,0.99,2.0,6,49,1530
0.0,7.6,9.230003811662856,360,0.99,0.0,7,49,1531
56.111111111111114,8.3,9.45,360,0.99,0.0,8,49,1532
246.8888888888889,10.0,9.669996188337143,360,0.99,0.0,9,49,1533
639.6666666666667,11.6,9.875,360,0.99,4.0,10,49,1534
695.7777777777778,12.5,10.051040764008565,360,0.91,4.0,11,49,1535
370.33333333333337,12.6,10.186121593216773,360,0.9,4.0,12,49,1536
336.66666666666663,13.1,10.271036952345709,360,0.86,4.0,13,49,1537
325.44444444444446,13.6,10.3,360,0.85,4.0,14,49,1538
303.0,13.7,10.271036952345709,360,0.82,3.0,15,49,1539
202.0,13.5,10.186121593216773,360,0.84,2.0,16,49,1540
67.33333333333334,13.1,10.051040764008565,360,0.86,0.0,17,49,1541
11.222222222222221,12.5,9.875,360,0.89,0.0,18,49,1542
0.0,12.2,9.669996188337143,360,0.89,0.0,19,49,1543
0.0,11.9,9.45,360,0.9,0.0,20,49,1544
0.0,11.4,9.230003811662856,360,0.94,0.0,21,49,1545
0.0,10.9,9.024999999999999,360,0.97,0.0,22,49,1546
0.0,10.7,8.848959235991433,360,0.98,0.0,23,49,1547
0.0,9.7,8.713878406783225,360,0.96,2.0,24,49,1548
0.0,9.3,9.117037086855465,360,0.96,3.0,1,50,1549
0.0,8.5,9.1,360,0.98,4.0,2,50,1550
0.0,8.5,9.117037086855465,360,0.93,2.0,3,50,1551
0.0,8.2,9.166987298107781,360,0.92,2.0,4,50,1552
0.0,7.9,9.246446609406725,360,0.92,1.0,5,50,1553
0.0,7.6,9.35,360,0.94,3.0,6,50,1554
0.0,7.4,9.47059047744874,360,0.97,2.0,7,50,1555
11.222222222222221,7.5,9.6,360,0.99,0.0,8,50,1556
78.55555555555554,8.0,9.72940952255126,360,0.99,0.0,9,50,1557
168.33333333333331,8.9,9.85,360,0.97,0.0,10,50,1558
325.44444444444446,9.8,9.953553390593273,360,0.86,2.0,11,50,1559
303.0,10.2,10.033012701892218,360,0.82,1.0,12,50,1560
370.33333333333337,10.8,10.082962913144534,360,0.77,2.0,13,50,1561
460.11111111111114,11.0,10.1,360,0.76,3.0,14,50,1562
325.44444444444446,10.8,10.082962913144534,360,0.77,4.0,15,50,1563
246.8888888888889,10.7,10.033012701892218,360,0.76,4.0,16,50,1564
202.0,9.3,9.953553390593273,360,0.79,4.0,17,50,1565
11.222222222222221,7.1,9.85,360,0.88,0.0,18,50,1566
0.0,5.4,9.72940952255126,360,0.95,0.0,19,50,1567
0.0,5.1,9.6,360,0.96,0.0,20,50,1568
0.0,4.2,9.47059047744874,360,0.99,0.0,21,50,1569
0.0,4.7,9.35,360,0.99,0.0,22,50,1570
0.0,4.1,9.246446609406727,360,0.99,0.0,23,50,1571
0.0,3.7,9.166987298107781,360,0.99,0.0,24,50,1572
0.0,2.3,6.449407551880851,360,0.99,0.0,1,51,1573
0.0,2.9,6.4,360,0.99,0.0,2,51,1574
0.0,2.7,6.449407551880851,360,0.99,0.0,3,51,1575
0.0,3.1,6.594263164512564,360,0.99,2.0,4,51,1576
0.0,3.0,6.824695167279506,360,0.99,0.0,5,51,1577
0.0,2.4,7.125,360,0.99,0.0,6,51,1578
0.0,2.1,7.474712384601346,360,0.99,0.0,7,51,1579
123.44444444444446,2.8,7.8500000000000005,360,0.99,0.0,8,51,1580
448.8888888888889,6.0,8.225287615398656,360,0.93,2.0,9,51,1581
751.8888888888888,8.4,8.575000000000001,360,0.82,3.0,10,51,1582
998.7777777777778,10.6,8.875304832720495,360,0.73,2.0,11,51,1583
1144.6666666666665,13.2,9.105736835487438,360,0.7,4.0,12,51,1584
1167.111111111111,15.2,9.25059244811915,360,0.61,4.0,13,51,1585
1054.888888888889,16.5,9.3,360,0.54,4.0,14,51,1586
897.7777777777778,17.3,9.25059244811915,360,0.53,4.0,15,51,1587
594.7777777777778,17.0,9.105736835487438,360,0.5,4.0,16,51,1588
246.8888888888889,15.2,8.875304832720495,360,0.55,3.0,17,51,1589
11.222222222222221,12.3,8.575000000000001,360,0.6,0.0,18,51,1590
0.0,10.2,8.225287615398656,360,0.7,0.0,19,51,1591
0.0,9.4,7.8500000000000005,360,0.74,0.0,20,51,1592
0.0,9.8,7.474712384601346,360,0.79,1.0,21,51,1593
0.0,7.1,7.125000000000001,360,0.88,2.0,22,51,1594
0.0,6.7,6.824695167279507,360,0.88,2.0,23,51,1595
0.0,5.2,6.594263164512564,360,0.96,0.0,24,51,1596
0.0,4.5,6.447703843195304,360,0.95,0.0,1,52,1597
0.0,3.9,6.4,360,0.97,0.0,2,52,1598
0.0,3.5,6.447703843195304,360,0.99,0.0,3,52,1599
0.0,3.8,6.587564434701786,360,0.99,0.0,4,52,1600
0.0,3.2,6.8100505063388335,360,0.99,0.0,5,52,1601
0.0,2.8,7.1,360,0.99,0.0,6,52,1602
0.0,2.5,7.437653336856471,360,0.99,0.0,7,52,1603
78.55555555555554,3.0,7.8,360,0.99,0.0,8,52,1604
224.44444444444446,5.8,8.162346663143529,360,0.99,0.0,9,52,1605
448.8888888888889,8.7,8.5,360,0.9,0.0,10,52,1606
684.5555555555557,12.6,8.789949493661165,360,0.68,4.0,11,52,1607
897.7777777777778,15.0,9.012435565298214,360,0.66,4.0,12,52,1608
763.1111111111111,16.1,9.152296156804695,360,0.54,4.0,13,52,1609
448.8888888888889,15.7,9.2,360,0.58,4.0,14,52,1610
392.7777777777778,15.7,9.152296156804695,360,0.6,4.0,15,52,1611
246.8888888888889,15.0,9.012435565298214,360,0.62,3.0,16,52,1612
145.88888888888889,13.5,8.789949493661165,360,0.7,2.0,17,52,1613
22.444444444444443,12.3,8.5,360,0.74,2.0,18,52,1614
0.0,10.8,8.162346663143529,360,0.82,3.0,19,52,1615
0.0,9.5,7.8,360,0.9,3.0,20,52,1616
0.0,10.0,7.437653336856471,360,0.94,0.0,21,52,1617
0.0,10.6,7.1000000000000005,360,0.94,2.0,22,52,1618
0.0,10.7,6.8100505063388335,360,0.93,4.0,23,52,1619
0.0,10.5,6.587564434701786,360,0.94,5.0,24,52,1620
0.0,10.1,8.718740795541011,360,0.95,5.0,1,53,1621
0.0,9.9,8.7,360,0.96,6.0,2,53,1622
0.0,9.9,8.718740795541011,360,0.95,6.0,3,53,1623
0.0,9.8,8.773686027918558,360,0.95,6.0,4,53,1624
0.0,9.6,8.861091270347398,360,0.97,4.0,5,53,1625
0.0,9.4,8.975,360,0.99,2.0,6,53,1626
0.0,9.3,9.107649525193613,360,0.99,2.0,7,53,1627
22.444444444444443,9.5,9.25,360,0.99,3.0,8,53,1628
44.888888888888886,9.6,9.392350474806387,360,0.99,4.0,9,53,1629
134.66666666666669,10.0,9.525,360,0.99,5.0,10,53,1630
314.2222222222222,11.0,9.638908729652602,360,0.98,6.0,11,53,1631
336.66666666666663,11.3,9.726313972081442,360,0.96,5.0,12,53,1632
280.55555555555554,11.4,9.781259204458989,360,0.96,4.0,13,53,1633
246.8888888888889,10.5,9.8,360,0.95,4.0,14,53,1634
291.77777777777777,10.9,9.781259204458989,360,0.9,4.0,15,53,1635
145.88888888888889,10.4,9.726313972081442,360,0.86,4.0,16,53,1636
78.55555555555554,9.9,9.638908729652602,360,0.9,3.0,17,53,1637
11.222222222222221,9.2,9.525,360,0.94,2.0,18,53,1638
0.0,8.9,9.392350474806387,360,0.98,2.0,19,53,1639
0.0,9.1,9.25,360,0.99,2.0,20,53,1640
0.0,8.8,9.107649525193613,360,0.99,3.0,21,53,1641
0.0,7.3,8.975,360,0.99,5.0,22,53,1642
0.0,6.8,8.861091270347398,360,0.97,6.0,23,53,1643
0.0,6.7,8.773686027918558,360,0.97,4.0,24,53,1644
0.0,6.3,7.913629669484374,360,0.97,5.0,1,54,1645
0.0,6.0,7.900000000000001,360,0.98,5.0,2,54,1646
0.0,5.9,7.913629669484374,360,0.97,6.0,3,54,1647
0.0,5.6,7.953589838486225,360,0.99,6.0,4,54,1648
0.0,5.4,8.017157287525382,360,0.99,7.0,5,54,1649
0.0,5.2,8.100000000000001,360,0.99,7.0,6,54,1650
0.0,5.2,8.196472381958992,360,0.99,7.0,7,54,1651
22.444444444444443,5.4,8.3,360,0.99,8.0,8,54,1652
33.66666666666667,5.4,8.403527618041009,360,0.99,9.0,9,54,1653
56.111111111111114,5.5,8.5,360,0.99,8.0,10,54,1654
67.33333333333334,5.7,8.58284271247462,360,0.99,8.0,11,54,1655
67.33333333333334,5.7,8.646410161513776,360,0.99,8.0,12,54,1656
89.77777777777777,5.9,8.686370330515627,360,0.99,8.0,13,54,1657
78.55555555555554,6.3,8.7,360,0.99,6.0,14,54,1658
56.111111111111114,7.1,8.686370330515627,360,0.99,4.0,15,54,1659
44.888888888888886,8.5,8.646410161513776,360,0.99,3.0,16,54,1660
44.888888888888886,9.0,8.58284271247462,360,0.99,4.0,17,54,1661
11.222222222222221,9.0,8.5,360,0.99,3.0,18,54,1662
0.0,9.2,8.403527618041009,360,0.99,4.0,19,54,1663
0.0,9.3,8.3,360,0.99,4.0,20,54,1664
0.0,9.4,8.196472381958992,360,0.99,6.0,21,54,1665
0.0,9.2,8.100000000000001,360,0.98,7.0,22,54,1666
0.0,9.0,8.017157287525382,360,0.97,7.0,23,54,1667
0.0,8.7,7.953589838486225,360,0.97,6.0,24,54,1668
0.0,8.6,8.015333378169919,360,0.99,6.0,1,55,1669
0.0,8.5,7.999999999999999,360,0.99,7.0,2,55,1670
0.0,8.5,8.015333378169919,360,0.99,6.0,3,55,1671
0.0,8.3,8.060288568297002,360,0.99,8.0,4,55,1672
0.0,8.2,8.131801948466052,360,0.99,8.0,5,55,1673
0.0,8.1,8.225,360,0.99,7.0,6,55,1674
0.0,8.0,8.333531429703864,360,0.99,7.0,7,55,1675
11.222222222222221,5.5,8.45,360,0.98,6.0,8,55,1676
67.33333333333334,5.6,8.566468570296134,360,0.99,6.0,9,55,1677
190.77777777777777,5.5,8.674999999999999,360,0.97,6.0,10,55,1678
246.8888888888889,5.9,8.768198051533945,360,0.94,4.0,11,55,1679
303.0,6.4,8.839711431702996,360,0.91,4.0,12,55,1680
426.44444444444446,7.3,8.88466662183008,360,0.86,3.0,13,55,1681
269.33333333333337,7.3,8.899999999999999,360,0.8,6.0,14,55,1682
460.11111111111114,7.3,8.88466662183008,360,0.83,7.0,15,55,1683
190.77777777777777,6.3,8.839711431702996,360,0.94,4.0,16,55,1684
67.33333333333334,6.3,8.768198051533945,360,0.98,3.0,17,55,1685
11.222222222222221,6.2,8.674999999999999,360,0.98,4.0,18,55,1686
0.0,5.9,8.566468570296134,360,0.99,1.0,19,55,1687
0.0,5.9,8.45,360,0.99,0.0,20,55,1688
0.0,4.9,8.333531429703864,360,0.99,0.0,21,55,1689
0.0,5.2,8.225,360,0.99,0.0,22,55,1690
0.0,4.4,8.131801948466054,360,0.99,0.0,23,55,1691
0.0,4.3,8.060288568297002,360,0.99,1.0,24,55,1692
0.0,3.9,7.305111126056639,360,0.99,1.0,1,56,1693
0.0,3.9,7.299999999999999,360,0.99,0.0,2,56,1694
0.0,4.4,7.305111126056639,360,0.99,0.0,3,56,1695
0.0,4.9,7.320096189432333,360,0.99,0.0,4,56,1696
0.0,5.1,7.343933982822017,360,0.99,2.0,5,56,1697
0.0,5.0,7.374999999999999,360,0.99,0.0,6,56,1698
0.0,5.3,7.411177143234621,360,0.99,4.0,7,56,1699
44.888888888888886,5.2,7.449999999999999,360,0.97,6.0,8,56,1700
101.0,5.5,7.488822856765378,360,0.95,7.0,9,56,1701
202.0,5.9,7.5249999999999995,360,0.91,8.0,10,56,1702
213.22222222222223,5.4,7.556066017177981,360,0.93,7.0,11,56,1703
190.77777777777777,5.0,7.579903810567665,360,0.97,8.0,12,56,1704
202.0,5.3,7.5948888739433595,360,0.9,8.0,13,56,1705
213.22222222222223,5.9,7.6,360,0.86,8.0,14,56,1706
202.0,6.3,7.5948888739433595,360,0.79,8.0,15,56,1707
145.88888888888889,6.3,7.579903810567665,360,0.74,8.0,16,56,1708
78.55555555555554,6.1,7.556066017177981,360,0.71,9.0,17,56,1709
11.222222222222221,5.8,7.5249999999999995,360,0.73,8.0,18,56,1710
0.0,5.2,7.488822856765378,360,0.73,7.0,19,56,1711
0.0,4.9,7.449999999999999,360,0.73,6.0,20,56,1712
0.0,4.9,7.411177143234621,360,0.64,8.0,21,56,1713
0.0,4.3,7.374999999999999,360,0.67,8.0,22,56,1714
0.0,4.2,7.343933982822017,360,0.71,6.0,23,56,1715
0.0,4.2,7.320096189432333,360,0.75,8.0,24,56,1716
0.0,3.1,5.513629669484374,360,0.83,9.0,1,57,1717
0.0,2.6,5.5,360,0.84,8.0,2,57,1718
0.0,2.1,5.513629669484373,360,0.84,0.0,3,57,1719
0.0,1.5,5.553589838486225,360,0.86,0.0,4,57,1720
0.0,0.9,5.617157287525381,360,0.86,0.0,5,57,1721
0.0,0.2,5.7,360,0.84,0.0,6,57,1722
11.222222222222221,-0.2,5.796472381958992,360,0.81,0.0,7,57,1723
179.55555555555554,0.5,5.9,360,0.76,0.0,8,57,1724
538.6666666666667,1.8,6.003527618041009,360,0.67,12.0,9,57,1725
852.8888888888889,3.1,6.1000000000000005,360,0.53,13.0,10,57,1726
1122.2222222222222,4.3,6.18284271247462,360,0.48,14.0,11,57,1727
1256.8888888888887,5.0,6.246410161513776,360,0.41,14.0,12,57,1728
1290.5555555555554,5.2,6.286370330515628,360,0.47,14.0,13,57,1729
1178.3333333333335,4.5,6.300000000000001,360,0.44,15.0,14,57,1730
864.1111111111111,4.5,6.286370330515628,360,0.45,16.0,15,57,1731
606.0,4.1,6.246410161513776,360,0.45,14.0,16,57,1732
336.66666666666663,3.5,6.18284271247462,360,0.41,12.0,17,57,1733
44.888888888888886,2.8,6.1000000000000005,360,0.46,12.0,18,57,1734
0.0,2.2,6.003527618041009,360,0.51,0.0,19,57,1735
0.0,1.4,5.9,360,0.55,0.0,20,57,1736
0.0,1.2,5.796472381958992,360,0.56,0.0,21,57,1737
0.0,0.8,5.7,360,0.58,0.0,22,57,1738
0.0,0.4,5.617157287525382,360,0.6,0.0,23,57,1739
0.0,0.2,5.553589838486225,360,0.62,0.0,24,57,1740
0.0,-0.1,3.7272593389687456,360,0.62,0.0,1,58,1741
0.0,-0.6,3.7,360,0.64,0.0,2,58,1742
0.0,-0.9,3.7272593389687456,360,0.65,0.0,3,58,1743
0.0,-0.9,3.8071796769724493,360,0.65,0.0,4,58,1744
0.0,-1.1,3.9343145750507618,360,0.66,0.0,5,58,1745
0.0,-1.2,4.1,360,0.66,0.0,6,58,1746
0.0,-1.5,4.292944763917983,360,0.67,0.0,7,58,1747
190.77777777777777,-0.7,4.5,360,0.64,0.0,8,58,1748
527.4444444444445,0.5,4.707055236082017,360,0.61,12.0,9,58,1749
852.8888888888889,1.3,4.9,360,0.56,12.0,10,58,1750
1122.2222222222222,2.7,5.065685424949238,360,0.52,12.0,11,58,1751
1167.111111111111,4.1,5.192820323027551,360,0.5,12.0,12,58,1752
1144.6666666666665,4.4,5.272740661031254,360,0.49,11.0,13,58,1753
1223.2222222222222,5.0,5.3,360,0.45,11.0,14,58,1754
998.7777777777778,5.4,5.272740661031254,360,0.44,12.0,15,58,1755
673.3333333333333,5.1,5.192820323027551,360,0.43,10.0,16,58,1756
336.66666666666663,4.2,5.065685424949238,360,0.47,9.0,17,58,1757
44.888888888888886,2.4,4.9,360,0.54,8.0,18,58,1758
0.0,0.7,4.707055236082017,360,0.61,3.0,19,58,1759
0.0,0.8,4.5,360,0.62,4.0,20,58,1760
0.0,0.4,4.292944763917983,360,0.58,4.0,21,58,1761
0.0,0.2,4.1000000000000005,360,0.58,5.0,22,58,1762
0.0,-0.1,3.934314575050762,360,0.57,6.0,23,58,1763
0.0,-0.6,3.8071796769724493,360,0.6,6.0,24,58,1764
0.0,-0.9,3.230666756339838,360,0.64,6.0,1,59,1765
0.0,-1.5,3.1999999999999997,360,0.7,6.0,2,59,1766
0.0,-1.5,3.230666756339838,360,0.73,6.0,3,59,1767
0.0,-1.9,3.3205771365940047,360,0.75,6.0,4,59,1768
0.0,-2.3,3.4636038969321064,360,0.77,6.0,5,59,1769
0.0,-2.6,3.6499999999999995,360,0.79,6.0,6,59,1770
11.222222222222221,-2.6,3.867062859407731,360,0.8,6.0,7,59,1771
190.77777777777777,-1.4,4.1,360,0.79,7.0,8,59,1772
561.1111111111111,0.3,4.332937140592268,360,0.68,8.0,9,59,1773
886.5555555555555,1.9,4.55,360,0.58,8.0,10,59,1774
1155.888888888889,2.6,4.736396103067892,360,0.49,12.0,11,59,1775
1313.0,3.7,4.879422863405995,360,0.47,11.0,12,59,1776
1313.0,4.2,4.969333243660161,360,0.43,10.0,13,59,1777
1122.2222222222222,3.7,5.0,360,0.45,10.0,14,59,1778
942.6666666666667,4.2,4.969333243660161,360,0.42,10.0,15,59,1779
505.0,4.2,4.879422863405995,360,0.46,10.0,16,59,1780
179.55555555555554,3.4,4.736396103067892,360,0.46,9.0,17,59,1781
22.444444444444443,3.1,4.55,360,0.47,7.0,18,59,1782
0.0,2.5,4.332937140592268,360,0.5,7.0,19,59,1783
0.0,1.6,4.1,360,0.54,4.0,20,59,1784
0.0,1.0,3.867062859407731,360,0.56,3.0,21,59,1785
0.0,0.6,3.65,360,0.61,2.0,22,59,1786
0.0,0.6,3.4636038969321072,360,0.65,2.0,23,59,1787
0.0,0.0,3.3205771365940047,360,0.68,2.0,24,59,1788
0.0,1.0,3.8374815910820255,360,0.65,7.0,1,61,1789
0.0,0.3,3.8000000000000003,360,0.72,7.0,2,61,1790
0.0,-1.1,3.837481591082025,360,0.78,4.0,3,61,1791
0.0,-0.9,3.9473720558371177,360,0.83,4.0,4,61,1792
0.0,-0.5,4.122182540694798,360,0.82,4.0,5,61,1793
0.0,-0.8,4.35,360,0.77,4.0,6,61,1794
11.222222222222221,-1.4,4.615299050387228,360,0.77,4.0,7,61,1795
190.77777777777777,-0.1,4.9,360,0.76,5.0,8,61,1796
538.6666666666667,1.1,5.184700949612774,360,0.7,5.0,9,61,1797
864.1111111111111,2.4,5.45,360,0.64,6.0,10,61,1798
1099.7777777777778,3.9,5.677817459305203,360,0.6,7.0,11,61,1799
1200.7777777777778,5.3,5.852627944162883,360,0.55,9.0,12,61,1800
1245.6666666666665,6.4,5.962518408917976,360,0.52,9.0,13,61,1801
1167.111111111111,7.3,6.0,360,0.49,8.0,14,61,1802
998.7777777777778,7.7,5.962518408917976,360,0.49,9.0,15,61,1803
673.3333333333333,7.3,5.852627944162883,360,0.49,9.0,16,61,1804
347.8888888888889,6.4,5.677817459305203,360,0.51,8.0,17,61,1805
44.888888888888886,4.5,5.45,360,0.57,6.0,18,61,1806
0.0,3.2,5.184700949612774,360,0.64,5.0,19,61,1807
0.0,2.8,4.9,360,0.65,5.0,20,61,1808
0.0,2.1,4.615299050387228,360,0.67,6.0,21,61,1809
0.0,1.3,4.3500000000000005,360,0.69,6.0,22,61,1810
0.0,-0.5,4.122182540694798,360,0.74,3.0,23,61,1811
0.0,-0.4,3.9473720558371177,360,0.76,2.0,24,61,1812
0.0,-0.6,3.6391852997675715,360,0.76,3.0,1,62,1813
0.0,-0.8,3.5999999999999996,360,0.78,3.0,2,62,1814
0.0,-1.1,3.639185299767571,360,0.8,3.0,3,62,1815
0.0,-1.5,3.754070785647895,360,0.81,2.0,4,62,1816
0.0,-1.8,3.9368272016354697,360,0.82,3.0,5,62,1817
0.0,-2.0,4.174999999999999,360,0.83,2.0,6,62,1818
11.222222222222221,-2.3,4.452358098132101,360,0.84,2.0,7,62,1819
145.88888888888889,-1.3,4.75,360,0.83,2.0,8,62,1820
381.55555555555554,0.2,5.047641901867899,360,0.81,4.0,9,62,1821
639.6666666666667,1.8,5.325,360,0.75,4.0,10,62,1822
1032.4444444444446,3.7,5.56317279836453,360,0.67,4.0,11,62,1823
931.4444444444445,5.6,5.745929214352104,360,0.62,4.0,12,62,1824
774.3333333333333,6.3,5.860814700232429,360,0.58,4.0,13,62,1825
594.7777777777778,6.6,5.9,360,0.55,4.0,14,62,1826
572.3333333333333,6.9,5.860814700232429,360,0.55,5.0,15,62,1827
415.2222222222223,6.5,5.745929214352104,360,0.57,5.0,16,62,1828
179.55555555555554,6.2,5.56317279836453,360,0.58,4.0,17,62,1829
33.66666666666667,4.4,5.325,360,0.72,1.0,18,62,1830
0.0,4.9,5.047641901867899,360,0.69,0.0,19,62,1831
0.0,4.6,4.75,360,0.73,1.0,20,62,1832
0.0,4.9,4.452358098132101,360,0.68,2.0,21,62,1833
0.0,4.7,4.175,360,0.72,2.0,22,62,1834
0.0,5.0,3.93682720163547,360,0.68,3.0,23,62,1835
0.0,4.9,3.7540707856478956,360,0.67,4.0,24,62,1836
0.0,4.4,5.2340741737109315,360,0.7,3.0,1,63,1837
0.0,3.5,5.2,360,0.74,4.0,2,63,1838
0.0,2.9,5.2340741737109315,360,0.78,3.0,3,63,1839
0.0,2.6,5.333974596215562,360,0.8,4.0,4,63,1840
0.0,2.3,5.492893218813452,360,0.82,4.0,5,63,1841
0.0,2.0,5.699999999999999,360,0.84,2.0,6,63,1842
0.0,2.0,5.941180954897479,360,0.84,2.0,7,63,1843
44.888888888888886,2.2,6.2,360,0.85,4.0,8,63,1844
89.77777777777777,2.6,6.458819045102521,360,0.85,3.0,9,63,1845
280.55555555555554,3.7,6.7,360,0.83,4.0,10,63,1846
482.5555555555556,4.7,6.907106781186548,360,0.79,4.0,11,63,1847
617.2222222222222,5.9,7.0660254037844386,360,0.75,4.0,12,63,1848
785.5555555555557,7.5,7.165925826289069,360,0.69,4.0,13,63,1849
796.7777777777777,7.9,7.2,360,0.66,4.0,14,63,1850
583.5555555555555,7.8,7.165925826289069,360,0.68,4.0,15,63,1851
381.55555555555554,7.7,7.0660254037844386,360,0.69,5.0,16,63,1852
168.33333333333331,7.2,6.907106781186548,360,0.7,4.0,17,63,1853
44.888888888888886,5.7,6.7,360,0.75,2.0,18,63,1854
0.0,2.7,6.458819045102521,360,0.81,0.0,19,63,1855
0.0,3.8,6.2,360,0.86,0.0,20,63,1856
0.0,5.6,5.941180954897479,360,0.82,2.0,21,63,1857
0.0,4.7,5.7,360,0.8,2.0,22,63,1858
0.0,4.9,5.492893218813453,360,0.83,2.0,23,63,1859
0.0,4.8,5.333974596215562,360,0.81,2.0,24,63,1860
0.0,4.0,5.140889008453118,360,0.83,4.0,1,64,1861
0.0,3.1,5.1,360,0.82,4.0,2,64,1862
0.0,1.6,5.140889008453118,360,0.82,2.0,3,64,1863
0.0,0.3,5.260769515458673,360,0.85,3.0,4,64,1864
0.0,-0.8,5.451471862576142,360,0.88,2.0,5,64,1865
0.0,-1.1,5.699999999999999,360,0.9,3.0,6,64,1866
11.222222222222221,-1.0,5.989417145876975,360,0.91,3.0,7,64,1867
202.0,0.1,6.3,360,0.92,5.0,8,64,1868
561.1111111111111,1.9,6.610582854123025,360,0.92,6.0,9,64,1869
875.3333333333334,3.5,6.9,360,0.88,5.0,10,64,1870
1133.4444444444443,4.9,7.148528137423857,360,0.8,6.0,11,64,1871
1268.1111111111113,6.6,7.339230484541327,360,0.72,7.0,12,64,1872
1301.7777777777778,7.9,7.459110991546882,360,0.65,6.0,13,64,1873
1212.0,8.9,7.5,360,0.57,6.0,14,64,1874
1010.0,9.2,7.459110991546882,360,0.54,6.0,15,64,1875
695.7777777777778,9.0,7.339230484541327,360,0.56,6.0,16,64,1876
347.8888888888889,7.9,7.148528137423857,360,0.59,6.0,17,64,1877
56.111111111111114,5.0,6.9,360,0.67,6.0,18,64,1878
0.0,4.3,6.610582854123025,360,0.74,4.0,19,64,1879
0.0,3.4,6.3,360,0.77,3.0,20,64,1880
0.0,3.0,5.989417145876975,360,0.77,5.0,21,64,1881
0.0,1.7,5.7,360,0.8,5.0,22,64,1882
0.0,0.2,5.451471862576143,360,0.83,4.0,23,64,1883
0.0,-0.3,5.260769515458673,360,0.86,2.0,24,64,1884
0.0,-0.8,4.3494075518808515,360,0.88,2.0,1,65,1885
0.0,-1.9,4.3,360,0.89,2.0,2,65,1886
0.0,-1.9,4.349407551880851,360,0.9,2.0,3,65,1887
0.0,-1.9,4.494263164512564,360,0.91,2.0,4,65,1888
0.0,-2.0,4.7246951672795054,360,0.92,2.0,5,65,1889
0.0,-2.3,5.0249999999999995,360,0.91,2.0,6,65,1890
11.222222222222221,-0.9,5.374712384601345,360,0.92,3.0,7,65,1891
123.44444444444446,0.5,5.75,360,0.91,3.0,8,65,1892
381.55555555555554,2.5,6.125287615398655,360,0.87,6.0,9,65,1893
763.1111111111111,3.3,6.4750000000000005,360,0.73,6.0,10,65,1894
1155.888888888889,4.9,6.775304832720494,360,0.68,6.0,11,65,1895
1335.4444444444443,5.9,7.005736835487436,360,0.63,6.0,12,65,1896
1357.8888888888891,6.9,7.150592448119149,360,0.59,6.0,13,65,1897
1256.8888888888887,8.2,7.2,360,0.56,5.0,14,65,1898
1043.6666666666665,8.4,7.150592448119149,360,0.55,6.0,15,65,1899
740.6666666666667,8.5,7.005736835487436,360,0.53,6.0,16,65,1900
392.7777777777778,7.7,6.775304832720494,360,0.56,5.0,17,65,1901
67.33333333333334,5.7,6.4750000000000005,360,0.62,2.0,18,65,1902
0.0,2.4,6.125287615398655,360,0.75,1.0,19,65,1903
0.0,1.2,5.75,360,0.79,0.0,20,65,1904
0.0,1.8,5.374712384601345,360,0.83,2.0,21,65,1905
0.0,1.9,5.025,360,0.8,3.0,22,65,1906
0.0,1.3,4.724695167279506,360,0.81,4.0,23,65,1907
0.0,0.4,4.494263164512564,360,0.84,3.0,24,65,1908
0.0,-0.1,4.735777882396478,360,0.86,3.0,1,66,1909
0.0,-0.1,4.7,360,0.86,4.0,2,66,1910
0.0,-0.9,4.735777882396478,360,0.86,4.0,3,66,1911
0.0,0.0,4.840673326026339,360,0.86,2.0,4,66,1912
0.0,1.1,5.007537879754125,360,0.85,3.0,5,66,1913
0.0,1.3,5.225,360,0.84,3.0,6,66,1914
11.222222222222221,1.7,5.4782400026423534,360,0.85,3.0,7,66,1915
89.77777777777777,2.4,5.75,360,0.87,3.0,8,66,1916
258.11111111111114,3.4,6.0217599973576466,360,0.87,2.0,9,66,1917
493.7777777777778,4.8,6.275,360,0.81,3.0,10,66,1918
516.2222222222223,5.0,6.492462120245875,360,0.6,4.0,11,66,1919
684.5555555555557,6.4,6.659326673973661,360,0.55,4.0,12,66,1920
527.4444444444445,6.3,6.764222117603522,360,0.53,4.0,13,66,1921
448.8888888888889,6.3,6.8,360,0.52,3.0,14,66,1922
336.66666666666663,6.3,6.764222117603522,360,0.54,3.0,15,66,1923
235.66666666666669,6.3,6.659326673973661,360,0.54,3.0,16,66,1924
123.44444444444446,5.7,6.492462120245875,360,0.59,4.0,17,66,1925
44.888888888888886,5.0,6.275,360,0.61,3.0,18,66,1926
0.0,4.2,6.0217599973576466,360,0.67,2.0,19,66,1927
0.0,4.0,5.75,360,0.69,3.0,20,66,1928
0.0,3.6,5.4782400026423534,360,0.69,4.0,21,66,1929
0.0,3.3,5.2250000000000005,360,0.71,2.0,22,66,1930
0.0,3.2,5.007537879754126,360,0.72,3.0,23,66,1931
0.0,3.1,4.840673326026339,360,0.71,3.0,24,66,1932
0.0,2.9,5.332370465025385,360,0.72,2.0,1,67,1933
0.0,3.0,5.3,360,0.71,4.0,2,67,1934
0.0,2.5,5.3323704650253845,360,0.72,3.0,3,67,1935
0.0,2.4,5.427275866404783,360,0.72,2.0,4,67,1936
0.0,0.4,5.578248557872779,360,0.74,3.0,5,67,1937
0.0,0.9,5.7749999999999995,360,0.74,2.0,6,67,1938
11.222222222222221,1.4,6.004121907152605,360,0.78,0.0,7,67,1939
44.888888888888886,1.7,6.25,360,0.8,2.0,8,67,1940
123.44444444444446,2.6,6.495878092847395,360,0.8,2.0,9,67,1941
190.77777777777777,3.6,6.7250000000000005,360,0.72,5.0,10,67,1942
381.55555555555554,4.7,6.921751442127221,360,0.68,5.0,11,67,1943
482.5555555555556,5.1,7.072724133595217,360,0.68,6.0,12,67,1944
920.2222222222223,6.2,7.1676295349746155,360,0.71,5.0,13,67,1945
1099.7777777777778,7.4,7.2,360,0.7,8.0,14,67,1946
1043.6666666666665,8.3,7.1676295349746155,360,0.67,6.0,15,67,1947
583.5555555555555,7.9,7.072724133595217,360,0.69,8.0,16,67,1948
202.0,7.2,6.921751442127221,360,0.72,6.0,17,67,1949
11.222222222222221,6.7,6.7250000000000005,360,0.77,6.0,18,67,1950
0.0,6.7,6.495878092847395,360,0.8,6.0,19,67,1951
0.0,6.0,6.25,360,0.84,8.0,20,67,1952
0.0,5.8,6.004121907152605,360,0.88,8.0,21,67,1953
0.0,5.9,5.775,360,0.9,8.0,22,67,1954
0.0,5.7,5.578248557872779,360,0.92,8.0,23,67,1955
0.0,6.2,5.427275866404783,360,0.94,9.0,24,67,1956
0.0,7.0,6.840889008453118,360,0.95,8.0,1,68,1957
0.0,7.6,6.800000000000001,360,0.96,10.0,2,68,1958
0.0,8.1,6.840889008453118,360,0.97,13.0,3,68,1959
0.0,8.7,6.960769515458674,360,0.97,12.0,4,68,1960
0.0,8.8,7.151471862576143,360,0.97,14.0,5,68,1961
0.0,8.8,7.3999999999999995,360,0.97,10.0,6,68,1962
0.0,9.6,7.689417145876975,360,0.97,10.0,7,68,1963
56.111111111111114,10.5,8.0,360,0.97,10.0,8,68,1964
101.0,10.6,8.310582854123025,360,0.97,10.0,9,68,1965
123.44444444444446,10.9,8.6,360,0.97,11.0,10,68,1966
134.66666666666669,11.5,8.848528137423857,360,0.97,12.0,11,68,1967
190.77777777777777,13.0,9.039230484541326,360,0.97,15.0,12,68,1968
415.2222222222223,13.5,9.159110991546882,360,0.95,15.0,13,68,1969
381.55555555555554,13.8,9.2,360,0.88,14.0,14,68,1970
359.1111111111111,14.1,9.159110991546882,360,0.83,12.0,15,68,1971
168.33333333333331,12.5,9.039230484541326,360,0.88,12.0,16,68,1972
56.111111111111114,12.7,8.848528137423857,360,0.93,10.0,17,68,1973
33.66666666666667,12.8,8.6,360,0.93,11.0,18,68,1974
0.0,13.3,8.310582854123025,360,0.92,13.0,19,68,1975
0.0,12.9,8.0,360,0.86,15.0,20,68,1976
0.0,12.5,7.689417145876975,360,0.84,16.0,21,68,1977
0.0,11.9,7.4,360,0.81,18.0,22,68,1978
0.0,10.3,7.151471862576143,360,0.81,16.0,23,68,1979
0.0,9.9,6.960769515458674,360,0.85,10.0,24,68,1980
0.0,10.1,8.734074173710932,360,0.88,6.0,1,69,1981
0.0,10.5,8.7,360,0.9,8.0,2,69,1982
0.0,10.7,8.734074173710932,360,0.91,8.0,3,69,1983
0.0,10.4,8.83397459621556,360,0.92,8.0,4,69,1984
0.0,10.3,8.992893218813451,360,0.93,7.0,5,69,1985
0.0,10.2,9.2,360,0.93,6.0,6,69,1986
11.222222222222221,10.1,9.44118095489748,360,0.94,6.0,7,69,1987
101.0,10.6,9.7,360,0.95,6.0,8,69,1988
112.22222222222223,10.8,9.95881904510252,360,0.96,6.0,9,69,1989
437.6666666666667,12.6,10.2,360,0.96,8.0,10,69,1990
572.3333333333333,13.7,10.407106781186547,360,0.95,9.0,11,69,1991
976.3333333333333,15.5,10.566025403784439,360,0.86,10.0,12,69,1992
673.3333333333333,13.8,10.665925826289067,360,0.71,11.0,13,69,1993
1010.0,15.3,10.7,360,0.72,9.0,14,69,1994
785.5555555555557,16.1,10.665925826289067,360,0.73,11.0,15,69,1995
213.22222222222223,11.9,10.566025403784439,360,0.8,18.0,16,69,1996
67.33333333333334,11.2,10.407106781186547,360,0.89,14.0,17,69,1997
22.444444444444443,11.0,10.2,360,0.91,12.0,18,69,1998
0.0,11.3,9.95881904510252,360,0.92,13.0,19,69,1999
0.0,11.6,9.7,360,0.92,14.0,20,69,2000
0.0,11.6,9.44118095489748,360,0.91,14.0,21,69,2001
0.0,11.7,9.2,360,0.9,15.0,22,69,2002
0.0,11.6,8.992893218813451,360,0.88,16.0,23,69,2003
0.0,11.7,8.83397459621556,360,0.85,16.0,24,69,2004
0.0,10.1,9.206814834742184,360,0.89,19.0,1,70,2005
0.0,10.5,9.2,360,0.84,16.0,2,70,2006
0.0,9.7,9.206814834742184,360,0.8,16.0,3,70,2007
0.0,9.0,9.22679491924311,360,0.83,16.0,4,70,2008
0.0,9.0,9.25857864376269,360,0.83,16.0,5,70,2009
0.0,9.1,9.299999999999999,360,0.79,15.0,6,70,2010
33.66666666666667,9.2,9.348236190979494,360,0.73,15.0,7,70,2011
235.66666666666669,9.8,9.399999999999999,360,0.7,14.0,8,70,2012
527.4444444444445,9.9,9.451763809020504,360,0.68,14.0,9,70,2013
561.1111111111111,9.8,9.499999999999998,360,0.67,15.0,10,70,2014
662.1111111111112,10.2,9.541421356237308,360,0.66,14.0,11,70,2015
628.4444444444443,10.6,9.573205080756887,360,0.63,13.0,12,70,2016
763.1111111111111,10.5,9.593185165257813,360,0.67,13.0,13,70,2017
325.44444444444446,9.9,9.599999999999998,360,0.73,11.0,14,70,2018
213.22222222222223,8.8,9.593185165257813,360,0.77,10.0,15,70,2019
112.22222222222223,7.7,9.573205080756887,360,0.88,9.0,16,70,2020
44.888888888888886,7.4,9.541421356237308,360,0.92,6.0,17,70,2021
11.222222222222221,7.1,9.499999999999998,360,0.94,2.0,18,70,2022
0.0,7.1,9.451763809020504,360,0.95,2.0,19,70,2023
0.0,7.2,9.399999999999999,360,0.96,2.0,20,70,2024
0.0,7.3,9.348236190979494,360,0.97,3.0,21,70,2025
0.0,7.5,9.299999999999999,360,0.97,2.0,22,70,2026
0.0,7.4,9.25857864376269,360,0.98,3.0,23,70,2027
0.0,7.6,9.22679491924311,360,0.98,4.0,24,70,2028
0.0,11.9,8.942592717138666,360,0.98,10.0,1,71,2029
0.0,12.3,8.9,360,0.98,11.0,2,71,2030
0.0,12.3,8.942592717138664,360,0.98,10.0,3,71,2031
0.0,12.0,9.067468245269453,360,0.99,9.0,4,71,2032
0.0,12.1,9.266116523516816,360,0.98,9.0,5,71,2033
0.0,12.0,9.525,360,0.98,8.0,6,71,2034
22.444444444444443,12.0,9.826476193621849,360,0.99,8.0,7,71,2035
101.0,12.1,10.15,360,0.99,8.0,8,71,2036
123.44444444444446,12.3,10.473523806378152,360,0.99,7.0,9,71,2037
269.33333333333337,12.6,10.775,360,0.99,9.0,10,71,2038
448.8888888888889,13.3,11.033883476483185,360,0.99,7.0,11,71,2039
516.2222222222223,13.6,11.232531754730548,360,0.98,9.0,12,71,2040
527.4444444444445,14.0,11.357407282861336,360,0.98,8.0,13,71,2041
594.7777777777778,14.5,11.4,360,0.95,8.0,14,71,2042
785.5555555555557,14.9,11.357407282861336,360,0.85,8.0,15,71,2043
258.11111111111114,13.7,11.232531754730548,360,0.88,6.0,16,71,2044
157.1111111111111,13.3,11.033883476483185,360,0.88,7.0,17,71,2045
33.66666666666667,12.4,10.775,360,0.91,8.0,18,71,2046
0.0,12.1,10.473523806378152,360,0.93,6.0,19,71,2047
0.0,11.9,10.15,360,0.94,7.0,20,71,2048
0.0,11.5,9.826476193621849,360,0.95,6.0,21,71,2049
0.0,11.4,9.525,360,0.95,6.0,22,71,2050
0.0,11.3,9.266116523516816,360,0.96,6.0,23,71,2051
0.0,11.2,9.067468245269453,360,0.96,5.0,24,71,2052
0.0,11.1,10.427259338968746,360,0.96,6.0,1,72,2053
0.0,10.9,10.399999999999999,360,0.97,6.0,2,72,2054
0.0,10.8,10.427259338968744,360,0.97,5.0,3,72,2055
0.0,10.7,10.507179676972449,360,0.97,5.0,4,72,2056
0.0,10.6,10.63431457505076,360,0.97,6.0,5,72,2057
0.0,10.5,10.799999999999999,360,0.97,5.0,6,72,2058
22.444444444444443,10.6,10.992944763917983,360,0.98,4.0,7,72,2059
101.0,11.0,11.2,360,0.98,4.0,8,72,2060
303.0,11.8,11.407055236082016,360,0.97,6.0,9,72,2061
538.6666666666667,13.2,11.6,360,0.97,7.0,10,72,2062
751.8888888888888,13.4,11.765685424949238,360,0.84,6.0,11,72,2063
729.4444444444443,14.3,11.89282032302755,360,0.76,7.0,12,72,2064
864.1111111111111,15.0,11.972740661031255,360,0.69,8.0,13,72,2065
583.5555555555555,13.8,12.0,360,0.75,8.0,14,72,2066
471.33333333333337,13.7,11.972740661031255,360,0.76,9.0,15,72,2067
202.0,13.0,11.89282032302755,360,0.84,8.0,16,72,2068
123.44444444444446,12.7,11.765685424949238,360,0.91,8.0,17,72,2069
22.444444444444443,12.8,11.6,360,0.94,8.0,18,72,2070
0.0,13.2,11.407055236082016,360,0.95,8.0,19,72,2071
0.0,13.1,11.2,360,0.96,8.0,20,72,2072
0.0,13.1,10.992944763917983,360,0.96,8.0,21,72,2073
0.0,13.2,10.799999999999999,360,0.96,8.0,22,72,2074
0.0,12.7,10.634314575050762,360,0.95,6.0,23,72,2075
0.0,12.6,10.507179676972449,360,0.95,4.0,24,72,2076
0.0,12.6,11.215333378169918,360,0.95,6.0,1,73,2077
0.0,12.3,11.2,360,0.96,7.0,2,73,2078
0.0,12.1,11.215333378169918,360,0.96,6.0,3,73,2079
0.0,12.1,11.260288568297002,360,0.97,8.0,4,73,2080
0.0,12.9,11.331801948466051,360,0.97,8.0,5,73,2081
0.0,13.3,11.424999999999999,360,0.97,9.0,6,73,2082
33.66666666666667,12.7,11.533531429703864,360,0.96,10.0,7,73,2083
336.66666666666663,13.8,11.649999999999999,360,0.95,11.0,8,73,2084
516.2222222222223,14.4,11.766468570296134,360,0.91,8.0,9,73,2085
493.7777777777778,15.0,11.874999999999998,360,0.86,7.0,10,73,2086
606.0,15.1,11.968198051533944,360,0.85,8.0,11,73,2087
381.55555555555554,14.7,12.039711431702996,360,0.83,6.0,12,73,2088
190.77777777777777,14.6,12.08466662183008,360,0.81,9.0,13,73,2089
179.55555555555554,13.6,12.099999999999998,360,0.84,12.0,14,73,2090
123.44444444444446,12.5,12.08466662183008,360,0.84,10.0,15,73,2091
33.66666666666667,12.1,12.039711431702996,360,0.88,8.0,16,73,2092
22.444444444444443,11.6,11.968198051533944,360,0.88,8.0,17,73,2093
22.444444444444443,11.5,11.874999999999998,360,0.89,10.0,18,73,2094
0.0,11.3,11.766468570296134,360,0.86,12.0,19,73,2095
0.0,10.6,11.649999999999999,360,0.84,12.0,20,73,2096
0.0,10.3,11.533531429703864,360,0.89,13.0,21,73,2097
0.0,10.3,11.424999999999999,360,0.9,12.0,22,73,2098
0.0,10.7,11.331801948466053,360,0.9,14.0,23,73,2099
0.0,9.8,11.260288568297002,360,0.9,13.0,24,73,2100
0.0,10.1,10.12896304765429,360,0.93,11.0,1,74,2101
0.0,10.4,10.099999999999998,360,0.95,13.0,2,74,2102
0.0,9.7,10.12896304765429,360,0.95,13.0,3,74,2103
0.0,9.2,10.213878406783225,360,0.88,12.0,4,74,2104
0.0,8.9,10.348959235991433,360,0.81,11.0,5,74,2105
0.0,8.1,10.524999999999999,360,0.83,8.0,6,74,2106
22.444444444444443,7.7,10.730003811662856,360,0.82,11.0,7,74,2107
325.44444444444446,9.0,10.95,360,0.78,8.0,8,74,2108
707.0000000000001,10.0,11.169996188337143,360,0.68,10.0,9,74,2109
987.5555555555557,10.7,11.375,360,0.62,9.0,10,74,2110
796.7777777777777,10.2,11.551040764008565,360,0.63,10.0,11,74,2111
886.5555555555555,10.8,11.686121593216773,360,0.71,9.0,12,74,2112
1346.6666666666665,12.5,11.771036952345709,360,0.63,10.0,13,74,2113
1391.5555555555557,12.5,11.8,360,0.58,9.0,14,74,2114
1167.111111111111,12.5,11.771036952345709,360,0.59,10.0,15,74,2115
965.1111111111112,12.6,11.686121593216773,360,0.53,10.0,16,74,2116
482.5555555555556,11.2,11.551040764008565,360,0.5,10.0,17,74,2117
101.0,9.5,11.375,360,0.55,8.0,18,74,2118
0.0,6.9,11.169996188337143,360,0.7,4.0,19,74,2119
0.0,6.5,10.95,360,0.79,4.0,20,74,2120
0.0,5.7,10.730003811662856,360,0.84,4.0,21,74,2121
0.0,5.2,10.524999999999999,360,0.88,4.0,22,74,2122
0.0,4.8,10.348959235991433,360,0.91,3.0,23,74,2123
0.0,4.3,10.213878406783225,360,0.93,3.0,24,74,2124
0.0,4.2,8.75451867793749,360,0.94,2.0,1,75,2125
0.0,3.6,8.7,360,0.95,2.0,2,75,2126
0.0,4.4,8.75451867793749,360,0.96,2.0,3,75,2127
0.0,3.8,8.914359353944898,360,0.96,2.0,4,75,2128
0.0,3.0,9.168629150101523,360,0.97,2.0,5,75,2129
0.0,3.3,9.5,360,0.98,0.0,6,75,2130
33.66666666666667,3.4,9.885889527835968,360,0.98,2.0,7,75,2131
224.44444444444446,4.2,10.3,360,0.98,3.0,8,75,2132
527.4444444444445,5.8,10.714110472164034,360,0.99,2.0,9,75,2133
1054.888888888889,8.3,11.100000000000001,360,0.98,3.0,10,75,2134
1301.7777777777778,10.5,11.431370849898478,360,0.96,4.0,11,75,2135
1447.6666666666667,11.7,11.685640646055102,360,0.63,4.0,12,75,2136
1234.4444444444443,12.6,11.845481322062511,360,0.6,5.0,13,75,2137
1021.2222222222222,12.7,11.900000000000002,360,0.59,6.0,14,75,2138
1122.2222222222222,13.3,11.845481322062511,360,0.57,5.0,15,75,2139
505.0,12.3,11.685640646055102,360,0.64,4.0,16,75,2140
269.33333333333337,11.9,11.431370849898478,360,0.67,4.0,17,75,2141
101.0,10.2,11.100000000000001,360,0.75,3.0,18,75,2142
0.0,7.1,10.714110472164034,360,0.84,1.0,19,75,2143
0.0,6.8,10.3,360,0.89,1.0,20,75,2144
0.0,7.1,9.885889527835968,360,0.88,1.0,21,75,2145
0.0,7.5,9.5,360,0.9,1.0,22,75,2146
0.0,6.6,9.168629150101525,360,0.9,1.0,23,75,2147
0.0,6.2,8.9143593539449,360,0.91,2.0,24,75,2148
0.0,5.4,8.559629803994131,360,0.91,2.0,1,76,2149
0.0,5.0,8.5,360,0.92,2.0,2,76,2150
0.0,5.0,8.559629803994131,360,0.91,2.0,3,76,2151
0.0,4.3,8.734455543377232,360,0.91,2.0,4,76,2152
0.0,3.1,9.01256313292354,360,0.91,2.0,5,76,2153
0.0,2.7,9.375,360,0.92,2.0,6,76,2154
101.0,4.9,9.797066671070588,360,0.94,2.0,7,76,2155
303.0,6.7,10.25,360,0.9,3.0,8,76,2156
662.1111111111112,11.2,10.702933328929412,360,0.75,4.0,9,76,2157
1054.888888888889,13.7,11.125,360,0.6,6.0,10,76,2158
1279.3333333333335,16.3,11.487436867076458,360,0.46,9.0,11,76,2159
1458.8888888888887,17.9,11.765544456622768,360,0.41,9.0,12,76,2160
1447.6666666666667,18.8,11.940370196005869,360,0.4,8.0,13,76,2161
1189.5555555555557,19.7,12.0,360,0.4,6.0,14,76,2162
987.5555555555557,19.9,11.940370196005869,360,0.43,7.0,15,76,2163
392.7777777777778,18.5,11.765544456622768,360,0.49,5.0,16,76,2164
202.0,16.3,11.487436867076458,360,0.62,4.0,17,76,2165
33.66666666666667,15.0,11.125,360,0.6,2.0,18,76,2166
0.0,13.6,10.702933328929412,360,0.71,2.0,19,76,2167
0.0,13.3,10.25,360,0.66,3.0,20,76,2168
0.0,14.4,9.797066671070588,360,0.63,4.0,21,76,2169
0.0,12.7,9.375,360,0.69,4.0,22,76,2170
0.0,13.1,9.012563132923542,360,0.65,6.0,23,76,2171
0.0,12.7,8.734455543377232,360,0.58,8.0,24,76,2172
0.0,11.9,10.023851921597652,360,0.55,8.0,1,77,2173
0.0,11.4,10.0,360,0.55,6.0,2,77,2174
0.0,10.7,10.023851921597652,360,0.53,5.0,3,77,2175
0.0,11.5,10.093782217350892,360,0.54,10.0,4,77,2176
0.0,10.8,10.205025253169415,360,0.6,10.0,5,77,2177
0.0,11.1,10.35,360,0.64,9.0,6,77,2178
44.888888888888886,11.4,10.518826668428234,360,0.67,11.0,7,77,2179
213.22222222222223,11.8,10.7,360,0.7,10.0,8,77,2180
370.33333333333337,12.8,10.881173331571764,360,0.69,9.0,9,77,2181
280.55555555555554,12.9,11.049999999999999,360,0.7,8.0,10,77,2182
381.55555555555554,13.6,11.194974746830583,360,0.7,8.0,11,77,2183
707.0000000000001,14.8,11.306217782649107,360,0.68,8.0,12,77,2184
751.8888888888888,14.3,11.376148078402347,360,0.69,9.0,13,77,2185
426.44444444444446,13.6,11.399999999999999,360,0.76,8.0,14,77,2186
179.55555555555554,13.4,11.376148078402347,360,0.79,6.0,15,77,2187
370.33333333333337,13.6,11.306217782649107,360,0.87,8.0,16,77,2188
213.22222222222223,12.4,11.194974746830583,360,0.86,6.0,17,77,2189
134.66666666666669,10.4,11.049999999999999,360,0.87,2.0,18,77,2190
0.0,7.8,10.881173331571764,360,0.91,1.0,19,77,2191
0.0,8.5,10.7,360,0.94,2.0,20,77,2192
0.0,9.0,10.518826668428234,360,0.95,2.0,21,77,2193
0.0,10.1,10.35,360,0.96,4.0,22,77,2194
0.0,9.6,10.205025253169415,360,0.96,8.0,23,77,2195
0.0,8.1,10.093782217350892,360,0.96,4.0,24,77,2196
0.0,7.9,9.8255556302832,360,0.96,5.0,1,78,2197
0.0,8.5,9.8,360,0.96,4.0,2,78,2198
0.0,9.2,9.8255556302832,360,0.96,6.0,3,78,2199
0.0,9.4,9.900480947161672,360,0.96,6.0,4,78,2200
0.0,9.6,10.01966991411009,360,0.97,6.0,5,78,2201
0.0,9.4,10.175,360,0.97,7.0,6,78,2202
44.888888888888886,9.7,10.35588571617311,360,0.97,7.0,7,78,2203
168.33333333333331,10.1,10.55,360,0.96,7.0,8,78,2204
426.44444444444446,10.9,10.74411428382689,360,0.95,10.0,9,78,2205
460.11111111111114,11.6,10.925,360,0.92,9.0,10,78,2206
650.8888888888889,12.3,11.080330085889912,360,0.86,12.0,11,78,2207
448.8888888888889,11.2,11.19951905283833,360,0.87,11.0,12,78,2208
673.3333333333333,11.8,11.274444369716802,360,0.84,9.0,13,78,2209
347.8888888888889,11.7,11.3,360,0.87,9.0,14,78,2210
213.22222222222223,11.2,11.274444369716802,360,0.91,6.0,15,78,2211
404.0,12.0,11.19951905283833,360,0.93,6.0,16,78,2212
168.33333333333331,11.3,11.080330085889912,360,0.91,4.0,17,78,2213
101.0,10.5,10.925,360,0.92,3.0,18,78,2214
0.0,9.2,10.74411428382689,360,0.94,2.0,19,78,2215
0.0,8.8,10.55,360,0.94,4.0,20,78,2216
0.0,9.7,10.35588571617311,360,0.95,3.0,21,78,2217
0.0,10.0,10.175,360,0.96,4.0,22,78,2218
0.0,9.8,10.01966991411009,360,0.97,5.0,23,78,2219
0.0,9.6,9.900480947161672,360,0.97,4.0,24,78,2220
0.0,9.6,10.323851921597653,360,0.97,4.0,1,79,2221
0.0,9.4,10.3,360,0.98,3.0,2,79,2222
0.0,9.2,10.323851921597653,360,0.98,4.0,3,79,2223
0.0,9.2,10.393782217350893,360,0.98,4.0,4,79,2224
0.0,9.2,10.505025253169418,360,0.98,4.0,5,79,2225
0.0,9.0,10.65,360,0.98,4.0,6,79,2226
33.66666666666667,9.2,10.818826668428235,360,0.99,4.0,7,79,2227
168.33333333333331,9.8,11.0,360,0.99,4.0,8,79,2228
213.22222222222223,10.1,11.181173331571765,360,0.98,4.0,9,79,2229
291.77777777777777,10.5,11.35,360,0.98,3.0,10,79,2230
370.33333333333337,10.7,11.494974746830582,360,0.95,4.0,11,79,2231
415.2222222222223,11.5,11.606217782649107,360,0.88,6.0,12,79,2232
909.0,12.6,11.676148078402347,360,0.74,6.0,13,79,2233
594.7777777777778,12.2,11.7,360,0.76,6.0,14,79,2234
572.3333333333333,12.1,11.676148078402347,360,0.78,8.0,15,79,2235
336.66666666666663,12.0,11.606217782649107,360,0.77,6.0,16,79,2236
527.4444444444445,11.9,11.494974746830582,360,0.73,8.0,17,79,2237
145.88888888888889,10.0,11.35,360,0.79,7.0,18,79,2238
0.0,9.1,11.181173331571765,360,0.82,5.0,19,79,2239
0.0,7.7,11.0,360,0.86,4.0,20,79,2240
0.0,6.7,10.818826668428235,360,0.88,3.0,21,79,2241
0.0,5.6,10.65,360,0.9,3.0,22,79,2242
0.0,4.7,10.505025253169418,360,0.92,2.0,23,79,2243
0.0,4.0,10.393782217350893,360,0.93,1.0,24,79,2244
0.0,4.0,8.763037221365224,360,0.94,1.0,1,80,2245
0.0,3.6,8.7,360,0.95,2.0,2,80,2246
0.0,3.6,8.763037221365224,360,0.96,2.0,3,80,2247
0.0,3.3,8.947853002998789,360,0.96,2.0,4,80,2248
0.0,3.3,9.241852454804887,360,0.97,2.0,5,80,2249
0.0,2.9,9.625,360,0.97,1.0,6,80,2250
56.111111111111114,3.9,10.071184766560338,360,0.97,0.0,7,80,2251
370.33333333333337,8.1,10.55,360,0.98,0.0,8,80,2252
763.1111111111111,9.5,11.028815233439664,360,0.96,3.0,9,80,2253
1077.3333333333335,10.8,11.475000000000001,360,0.83,4.0,10,80,2254
1301.7777777777778,11.9,11.858147545195115,360,0.68,4.0,11,80,2255
1470.111111111111,13.0,12.152146997001212,360,0.66,6.0,12,80,2256
1346.6666666666665,13.4,12.336962778634778,360,0.64,4.0,13,80,2257
1189.5555555555557,13.7,12.400000000000002,360,0.61,4.0,14,80,2258
965.1111111111112,14.2,12.336962778634778,360,0.61,4.0,15,80,2259
695.7777777777778,14.1,12.152146997001212,360,0.6,4.0,16,80,2260
460.11111111111114,13.8,11.858147545195115,360,0.61,3.0,17,80,2261
157.1111111111111,12.3,11.475000000000001,360,0.68,2.0,18,80,2262
0.0,9.3,11.028815233439664,360,0.79,1.0,19,80,2263
0.0,7.2,10.55,360,0.88,1.0,20,80,2264
0.0,6.7,10.071184766560338,360,0.91,1.0,21,80,2265
0.0,6.3,9.625,360,0.93,2.0,22,80,2266
0.0,7.0,9.241852454804887,360,0.92,2.0,23,80,2267
0.0,6.7,8.947853002998789,360,0.9,2.0,24,80,2268
0.0,5.3,9.734074173710932,360,0.86,2.0,1,81,2269
0.0,6.0,9.7,360,0.9,1.0,2,81,2270
0.0,8.8,9.734074173710932,360,0.82,4.0,3,81,2271
0.0,8.0,9.83397459621556,360,0.83,3.0,4,81,2272
0.0,7.7,9.992893218813451,360,0.84,3.0,5,81,2273
0.0,6.7,10.2,360,0.88,3.0,6,81,2274
44.888888888888886,6.7,10.44118095489748,360,0.91,2.0,7,81,2275
269.33333333333337,8.8,10.7,360,0.92,3.0,8,81,2276
258.11111111111114,9.4,10.95881904510252,360,0.9,3.0,9,81,2277
325.44444444444446,10.5,11.2,360,0.9,4.0,10,81,2278
505.0,11.3,11.407106781186547,360,0.91,5.0,11,81,2279
415.2222222222223,12.1,11.566025403784439,360,0.92,6.0,12,81,2280
516.2222222222223,12.7,11.665925826289067,360,0.91,5.0,13,81,2281
639.6666666666667,13.4,11.7,360,0.91,6.0,14,81,2282
695.7777777777778,13.2,11.665925826289067,360,0.88,7.0,15,81,2283
493.7777777777778,14.5,11.566025403784439,360,0.81,8.0,16,81,2284
460.11111111111114,14.1,11.407106781186547,360,0.69,7.0,17,81,2285
157.1111111111111,12.5,11.2,360,0.76,6.0,18,81,2286
0.0,10.4,10.95881904510252,360,0.84,5.0,19,81,2287
0.0,10.1,10.7,360,0.89,4.0,20,81,2288
0.0,9.6,10.44118095489748,360,0.91,4.0,21,81,2289
0.0,9.2,10.2,360,0.92,4.0,22,81,2290
0.0,8.9,9.992893218813451,360,0.93,5.0,23,81,2291
0.0,9.2,9.83397459621556,360,0.95,7.0,24,81,2292
0.0,9.2,10.327259338968748,360,0.96,7.0,1,82,2293
0.0,9.2,10.3,360,0.97,8.0,2,82,2294
0.0,8.6,10.327259338968746,360,0.97,6.0,3,82,2295
0.0,8.4,10.40717967697245,360,0.97,6.0,4,82,2296
0.0,8.2,10.534314575050763,360,0.98,4.0,5,82,2297
0.0,8.1,10.700000000000001,360,0.98,5.0,6,82,2298
67.33333333333334,8.5,10.892944763917985,360,0.98,4.0,7,82,2299
145.88888888888889,9.0,11.100000000000001,360,0.98,4.0,8,82,2300
246.8888888888889,10.2,11.307055236082018,360,0.98,4.0,9,82,2301
471.33333333333337,11.5,11.500000000000002,360,0.97,6.0,10,82,2302
516.2222222222223,12.8,11.66568542494924,360,0.94,6.0,11,82,2303
549.8888888888889,13.9,11.792820323027552,360,0.84,8.0,12,82,2304
650.8888888888889,14.4,11.872740661031257,360,0.79,8.0,13,82,2305
493.7777777777778,14.6,11.900000000000002,360,0.73,9.0,14,82,2306
505.0,14.9,11.872740661031257,360,0.73,9.0,15,82,2307
415.2222222222223,15.0,11.792820323027552,360,0.68,8.0,16,82,2308
224.44444444444446,14.0,11.66568542494924,360,0.68,7.0,17,82,2309
145.88888888888889,13.2,11.500000000000002,360,0.69,6.0,18,82,2310
0.0,12.8,11.307055236082018,360,0.67,6.0,19,82,2311
0.0,11.7,11.100000000000001,360,0.78,6.0,20,82,2312
0.0,11.3,10.892944763917985,360,0.83,6.0,21,82,2313
0.0,11.3,10.700000000000001,360,0.81,4.0,22,82,2314
0.0,10.0,10.534314575050765,360,0.86,8.0,23,82,2315
0.0,10.5,10.40717967697245,360,0.93,4.0,24,82,2316
0.0,10.8,11.032370465025384,360,0.94,4.0,1,83,2317
0.0,11.4,11.0,360,0.89,6.0,2,83,2318
0.0,11.0,11.032370465025384,360,0.83,6.0,3,83,2319
0.0,11.8,11.127275866404782,360,0.87,6.0,4,83,2320
0.0,11.2,11.278248557872779,360,0.88,3.0,5,83,2321
0.0,11.1,11.474999999999998,360,0.9,2.0,6,83,2322
22.444444444444443,10.9,11.704121907152604,360,0.92,4.0,7,83,2323
123.44444444444446,11.2,11.95,360,0.94,4.0,8,83,2324
269.33333333333337,12.4,12.195878092847394,360,0.95,6.0,9,83,2325
583.5555555555555,13.2,12.424999999999999,360,0.91,6.0,10,83,2326
516.2222222222223,14.3,12.62175144212722,360,0.85,7.0,11,83,2327
864.1111111111111,15.2,12.772724133595217,360,0.74,8.0,12,83,2328
796.7777777777777,16.2,12.867629534974615,360,0.69,8.0,13,83,2329
897.7777777777778,16.2,12.899999999999999,360,0.6,9.0,14,83,2330
460.11111111111114,15.9,12.867629534974615,360,0.65,6.0,15,83,2331
291.77777777777777,15.8,12.772724133595217,360,0.71,4.0,16,83,2332
157.1111111111111,15.0,12.62175144212722,360,0.77,3.0,17,83,2333
56.111111111111114,14.8,12.424999999999999,360,0.8,4.0,18,83,2334
0.0,15.4,12.195878092847394,360,0.73,5.0,19,83,2335
0.0,16.0,11.95,360,0.68,9.0,20,83,2336
0.0,13.5,11.704121907152604,360,0.82,11.0,21,83,2337
0.0,13.2,11.475,360,0.86,10.0,22,83,2338
0.0,12.4,11.278248557872779,360,0.91,11.0,23,83,2339
0.0,12.2,11.127275866404782,360,0.94,7.0,24,83,2340
0.0,12.2,11.728963047654291,360,0.95,8.0,1,84,2341
0.0,12.3,11.7,360,0.95,6.0,2,84,2342
0.0,12.3,11.728963047654291,360,0.95,9.0,3,84,2343
0.0,12.0,11.813878406783227,360,0.95,6.0,4,84,2344
0.0,10.9,11.948959235991435,360,0.95,8.0,5,84,2345
0.0,10.6,12.125,360,0.94,8.0,6,84,2346
56.111111111111114,10.7,12.330003811662857,360,0.94,6.0,7,84,2347
336.66666666666663,11.5,12.55,360,0.93,8.0,8,84,2348
639.6666666666667,11.9,12.769996188337144,360,0.84,10.0,9,84,2349
886.5555555555555,13.3,12.975000000000001,360,0.74,10.0,10,84,2350
909.0,14.2,13.151040764008567,360,0.7,11.0,11,84,2351
1638.4444444444443,14.9,13.286121593216775,360,0.62,12.0,12,84,2352
1458.8888888888887,14.4,13.37103695234571,360,0.66,13.0,13,84,2353
1335.4444444444443,14.1,13.400000000000002,360,0.68,12.0,14,84,2354
1066.1111111111113,13.5,13.37103695234571,360,0.66,13.0,15,84,2355
695.7777777777778,13.9,13.286121593216775,360,0.67,14.0,16,84,2356
437.6666666666667,12.2,13.151040764008567,360,0.72,13.0,17,84,2357
89.77777777777777,11.2,12.975000000000001,360,0.81,11.0,18,84,2358
0.0,11.0,12.769996188337144,360,0.82,12.0,19,84,2359
0.0,10.8,12.55,360,0.84,10.0,20,84,2360
0.0,10.7,12.330003811662857,360,0.86,10.0,21,84,2361
0.0,10.4,12.125,360,0.85,12.0,22,84,2362
0.0,10.4,11.948959235991435,360,0.85,11.0,23,84,2363
0.0,10.5,11.813878406783227,360,0.87,10.0,24,84,2364
0.0,10.3,11.223851921597651,360,0.88,14.0,1,85,2365
0.0,10.2,11.2,360,0.89,10.0,2,85,2366
0.0,10.4,11.223851921597651,360,0.89,10.0,3,85,2367
0.0,9.3,11.293782217350891,360,0.88,12.0,4,85,2368
0.0,9.2,11.405025253169415,360,0.89,8.0,5,85,2369
0.0,9.9,11.549999999999999,360,0.91,8.0,6,85,2370
56.111111111111114,9.9,11.718826668428234,360,0.91,8.0,7,85,2371
179.55555555555554,10.5,11.899999999999999,360,0.91,8.0,8,85,2372
381.55555555555554,11.0,12.081173331571764,360,0.88,10.0,9,85,2373
650.8888888888889,12.0,12.249999999999998,360,0.78,10.0,10,85,2374
808.0,12.8,12.394974746830583,360,0.67,7.0,11,85,2375
774.3333333333333,12.6,12.506217782649106,360,0.65,8.0,12,85,2376
617.2222222222222,12.5,12.576148078402346,360,0.65,8.0,13,85,2377
740.6666666666667,13.3,12.599999999999998,360,0.66,7.0,14,85,2378
583.5555555555555,12.7,12.576148078402346,360,0.64,7.0,15,85,2379
370.33333333333337,12.8,12.506217782649106,360,0.66,6.0,16,85,2380
336.66666666666663,12.1,12.394974746830583,360,0.67,7.0,17,85,2381
78.55555555555554,11.5,12.249999999999998,360,0.72,6.0,18,85,2382
0.0,10.6,12.081173331571764,360,0.73,5.0,19,85,2383
0.0,9.8,11.899999999999999,360,0.81,5.0,20,85,2384
0.0,9.1,11.718826668428234,360,0.87,2.0,21,85,2385
0.0,10.2,11.549999999999999,360,0.9,6.0,22,85,2386
0.0,10.7,11.405025253169415,360,0.88,9.0,23,85,2387
0.0,10.7,11.293782217350891,360,0.9,11.0,24,85,2388
0.0,11.0,10.91533337816992,360,0.92,12.0,1,86,2389
0.0,10.6,10.900000000000002,360,0.88,11.0,2,86,2390
0.0,9.5,10.91533337816992,360,0.85,10.0,3,86,2391
0.0,9.2,10.960288568297004,360,0.85,8.0,4,86,2392
0.0,8.7,11.031801948466054,360,0.86,7.0,5,86,2393
0.0,8.2,11.125000000000002,360,0.89,12.0,6,86,2394
44.888888888888886,7.5,11.233531429703866,360,0.89,12.0,7,86,2395
392.7777777777778,9.8,11.350000000000001,360,0.89,10.0,8,86,2396
763.1111111111111,11.2,11.466468570296136,360,0.8,11.0,9,86,2397
909.0,11.7,11.575000000000001,360,0.72,12.0,10,86,2398
583.5555555555555,9.1,11.668198051533947,360,0.74,11.0,11,86,2399
763.1111111111111,12.1,11.739711431702998,360,0.82,12.0,12,86,2400
718.2222222222222,11.2,11.784666621830082,360,0.69,12.0,13,86,2401
157.1111111111111,8.6,11.8,360,0.88,11.0,14,86,2402
505.0,10.8,11.784666621830082,360,0.92,8.0,15,86,2403
471.33333333333337,9.7,11.739711431702998,360,0.83,8.0,16,86,2404
471.33333333333337,10.4,11.668198051533947,360,0.8,8.0,17,86,2405
179.55555555555554,10.1,11.575000000000001,360,0.75,8.0,18,86,2406
11.222222222222221,9.0,11.466468570296136,360,0.78,4.0,19,86,2407
0.0,9.1,11.350000000000001,360,0.77,5.0,20,86,2408
0.0,9.2,11.233531429703866,360,0.8,5.0,21,86,2409
0.0,8.6,11.125000000000002,360,0.8,5.0,22,86,2410
0.0,7.2,11.031801948466056,360,0.84,3.0,23,86,2411
0.0,6.4,10.960288568297004,360,0.87,3.0,24,86,2412
0.0,5.7,10.046000134509757,360,0.9,2.0,1,87,2413
0.0,6.4,10.0,360,0.91,4.0,2,87,2414
0.0,6.8,10.046000134509757,360,0.91,4.0,3,87,2415
0.0,6.9,10.180865704891009,360,0.91,4.0,4,87,2416
0.0,6.9,10.39540584539816,360,0.91,4.0,5,87,2417
0.0,6.9,10.674999999999999,360,0.91,2.0,6,87,2418
67.33333333333334,7.0,11.000594289111596,360,0.92,3.0,7,87,2419
258.11111111111114,7.6,11.35,360,0.91,4.0,8,87,2420
662.1111111111112,9.4,11.699405710888403,360,0.85,5.0,9,87,2421
1279.3333333333335,10.3,12.025,360,0.67,4.0,10,87,2422
1447.6666666666667,10.6,12.304594154601839,360,0.58,6.0,11,87,2423
1604.7777777777778,11.2,12.51913429510899,360,0.51,6.0,12,87,2424
1627.2222222222224,11.9,12.653999865490242,360,0.47,7.0,13,87,2425
1256.8888888888887,10.9,12.7,360,0.49,7.0,14,87,2426
976.3333333333333,11.5,12.653999865490242,360,0.45,6.0,15,87,2427
707.0000000000001,11.2,12.51913429510899,360,0.51,6.0,16,87,2428
549.8888888888889,10.0,12.304594154601839,360,0.52,6.0,17,87,2429
179.55555555555554,8.2,12.025,360,0.6,4.0,18,87,2430
11.222222222222221,6.9,11.699405710888403,360,0.66,2.0,19,87,2431
0.0,5.9,11.35,360,0.69,2.0,20,87,2432
0.0,4.9,11.000594289111596,360,0.71,1.0,21,87,2433
0.0,2.5,10.675,360,0.84,1.0,22,87,2434
0.0,2.3,10.39540584539816,360,0.86,1.0,23,87,2435
0.0,2.5,10.180865704891009,360,0.89,1.0,24,87,2436
0.0,1.6,8.75962980399413,360,0.87,1.0,1,88,2437
0.0,1.0,8.7,360,0.89,0.0,2,88,2438
0.0,1.2,8.75962980399413,360,0.91,1.0,3,88,2439
0.0,0.9,8.934455543377231,360,0.92,1.0,4,88,2440
0.0,0.9,9.21256313292354,360,0.93,1.0,5,88,2441
0.0,0.6,9.575,360,0.93,2.0,6,88,2442
145.88888888888889,2.4,9.997066671070588,360,0.93,2.0,7,88,2443
392.7777777777778,5.3,10.45,360,0.89,4.0,8,88,2444
909.0,7.9,10.90293332892941,360,0.72,6.0,9,88,2445
1200.7777777777778,9.5,11.325,360,0.63,6.0,10,88,2446
1301.7777777777778,11.6,11.687436867076457,360,0.59,6.0,11,88,2447
1111.0,12.5,11.965544456622768,360,0.56,6.0,12,88,2448
1324.2222222222224,13.9,12.140370196005868,360,0.54,6.0,13,88,2449
1301.7777777777778,15.4,12.2,360,0.48,6.0,14,88,2450
953.8888888888889,15.2,12.140370196005868,360,0.49,6.0,15,88,2451
718.2222222222222,15.8,11.965544456622768,360,0.48,6.0,16,88,2452
583.5555555555555,15.6,11.687436867076457,360,0.5,6.0,17,88,2453
179.55555555555554,14.0,11.325,360,0.54,6.0,18,88,2454
0.0,12.5,10.90293332892941,360,0.62,5.0,19,88,2455
0.0,12.3,10.45,360,0.65,4.0,20,88,2456
0.0,12.5,9.997066671070588,360,0.62,6.0,21,88,2457
0.0,12.3,9.575,360,0.63,7.0,22,88,2458
0.0,12.2,9.212563132923542,360,0.63,7.0,23,88,2459
0.0,12.1,8.934455543377231,360,0.6,7.0,24,88,2460
0.0,12.0,10.647703843195304,360,0.6,7.0,1,89,2461
0.0,12.4,10.6,360,0.58,8.0,2,89,2462
0.0,12.1,10.647703843195304,360,0.57,7.0,3,89,2463
0.0,12.1,10.787564434701785,360,0.55,6.0,4,89,2464
0.0,11.0,11.010050506338832,360,0.6,7.0,5,89,2465
0.0,11.1,11.299999999999999,360,0.6,4.0,6,89,2466
89.77777777777777,12.4,11.637653336856472,360,0.54,6.0,7,89,2467
359.1111111111111,13.4,12.0,360,0.52,7.0,8,89,2468
583.5555555555555,13.8,12.36234666314353,360,0.56,8.0,9,89,2469
852.8888888888889,16.3,12.700000000000001,360,0.55,8.0,10,89,2470
942.6666666666667,18.1,12.989949493661166,360,0.51,8.0,11,89,2471
1346.6666666666665,19.4,13.212435565298215,360,0.48,9.0,12,89,2472
718.2222222222222,19.7,13.352296156804696,360,0.56,6.0,13,89,2473
796.7777777777777,19.9,13.4,360,0.53,7.0,14,89,2474
572.3333333333333,19.8,13.352296156804696,360,0.57,6.0,15,89,2475
381.55555555555554,19.3,13.212435565298215,360,0.6,6.0,16,89,2476
213.22222222222223,18.8,12.989949493661166,360,0.6,5.0,17,89,2477
123.44444444444446,18.1,12.700000000000001,360,0.57,6.0,18,89,2478
11.222222222222221,17.0,12.36234666314353,360,0.63,3.0,19,89,2479
0.0,17.4,12.0,360,0.61,5.0,20,89,2480
0.0,14.9,11.637653336856472,360,0.7,6.0,21,89,2481
0.0,14.4,11.3,360,0.68,4.0,22,89,2482
0.0,14.0,11.010050506338834,360,0.67,5.0,23,89,2483
0.0,12.4,10.787564434701785,360,0.79,3.0,24,89,2484
0.0,12.3,11.740889008453117,360,0.86,4.0,1,90,2485
0.0,11.8,11.7,360,0.84,5.0,2,90,2486
0.0,11.7,11.740889008453117,360,0.85,6.0,3,90,2487
0.0,11.7,11.860769515458673,360,0.89,7.0,4,90,2488
0.0,11.5,12.051471862576141,360,0.91,6.0,5,90,2489
0.0,11.0,12.299999999999997,360,0.93,7.0,6,90,2490
78.55555555555554,11.6,12.589417145876974,360,0.94,7.0,7,90,2491
280.55555555555554,12.7,12.899999999999999,360,0.93,8.0,8,90,2492
796.7777777777777,13.6,13.210582854123023,360,0.84,10.0,9,90,2493
931.4444444444445,14.6,13.499999999999998,360,0.74,9.0,10,90,2494
1077.3333333333335,15.6,13.748528137423856,360,0.7,10.0,11,90,2495
1380.3333333333333,16.2,13.939230484541325,360,0.64,12.0,12,90,2496
1604.7777777777778,16.5,14.05911099154688,360,0.62,12.0,13,90,2497
1313.0,15.9,14.099999999999998,360,0.6,11.0,14,90,2498
1010.0,16.2,14.05911099154688,360,0.64,11.0,15,90,2499
673.3333333333333,15.0,13.939230484541325,360,0.65,10.0,16,90,2500
