PARi,air_temperature,soil_temperature,ambient_CO2,humidity,Wind,hour,DOY,t
258.11111111111114,13.1,10.012916512459885,360,0.91,4.0,12,351,0
280.55555555555554,13.9,10.077851787087893,360,0.91,4.0,13,351,1
168.33333333333331,13.7,10.099999999999998,360,0.9,4.0,14,351,2
101.0,13.4,10.077851787087893,360,0.91,4.0,15,351,3
44.888888888888886,12.4,10.012916512459885,360,0.95,2.0,16,351,4
0.0,12.4,9.909619407771254,360,0.92,4.0,17,351,5
0.0,12.2,9.774999999999999,360,0.95,4.0,18,351,6
0.0,12.8,9.618232379316638,360,0.9,5.0,19,351,7
0.0,13.3,9.45,360,0.83,5.0,20,351,8
0.0,12.5,9.281767620683361,360,0.86,5.0,21,351,9
0.0,11.1,9.125,360,0.9,4.0,22,351,10
0.0,10.7,8.990380592228744,360,0.92,4.0,23,351,11
0.0,11.0,8.887083487540114,360,0.92,3.0,24,351,12
0.0,10.2,9.017037086855465,360,0.93,2.0,1,352,13
0.0,9.2,9.0,360,0.94,2.0,2,352,14
0.0,8.3,9.017037086855465,360,0.99,1.0,3,352,15
0.0,7.1,9.066987298107781,360,0.99,1.0,4,352,16
0.0,6.8,9.146446609406727,360,1.0,2.0,5,352,17
0.0,9.0,9.25,360,0.98,2.0,6,352,18
0.0,8.8,9.37059047744874,360,0.96,3.0,7,352,19
11.222222222222221,11.7,9.5,360,0.86,5.0,8,352,20
202.0,12.1,9.62940952255126,360,0.86,4.0,9,352,21
370.33333333333337,13.9,9.75,360,0.78,6.0,10,352,22
505.0,14.7,9.853553390593273,360,0.77,8.0,11,352,23
471.33333333333337,14.9,9.933012701892219,360,0.77,8.0,12,352,24
448.8888888888889,15.0,9.982962913144535,360,0.77,8.0,13,352,25
280.55555555555554,14.2,10.0,360,0.83,7.0,14,352,26
134.66666666666669,13.8,9.982962913144535,360,0.83,5.0,15,352,27
56.111111111111114,13.2,9.933012701892219,360,0.83,5.0,16,352,28
0.0,12.8,9.853553390593273,360,0.84,6.0,17,352,29
0.0,12.2,9.75,360,0.85,6.0,18,352,30
0.0,11.9,9.62940952255126,360,0.85,6.0,19,352,31
0.0,11.7,9.5,360,0.86,6.0,20,352,32
0.0,11.7,9.37059047744874,360,0.86,7.0,21,352,33
0.0,11.4,9.25,360,0.88,7.0,22,352,34
0.0,10.7,9.146446609406727,360,0.91,6.0,23,352,35
0.0,10.7,9.066987298107781,360,0.93,5.0,24,352,36
0.0,10.6,9.718740795541011,360,0.95,4.0,1,353,37
0.0,10.9,9.7,360,0.95,6.0,2,353,38
0.0,11.0,9.718740795541011,360,0.95,7.0,3,353,39
0.0,11.0,9.773686027918558,360,0.95,8.0,4,353,40
0.0,10.8,9.861091270347398,360,0.95,6.0,5,353,41
0.0,10.9,9.975,360,0.95,6.0,6,353,42
0.0,10.7,10.107649525193613,360,0.96,6.0,7,353,43
0.0,10.7,10.25,360,0.95,6.0,8,353,44
78.55555555555554,11.0,10.392350474806387,360,0.95,6.0,9,353,45
202.0,11.8,10.525,360,0.92,6.0,10,353,46
269.33333333333337,12.6,10.638908729652602,360,0.89,5.0,11,353,47
415.2222222222223,13.3,10.726313972081442,360,0.87,6.0,12,353,48
460.11111111111114,14.4,10.781259204458989,360,0.85,4.0,13,353,49
415.2222222222223,14.5,10.8,360,0.86,4.0,14,353,50
314.2222222222222,14.6,10.781259204458989,360,0.85,4.0,15,353,51
89.77777777777777,12.3,10.726313972081442,360,0.89,3.0,16,353,52
0.0,12.0,10.638908729652602,360,0.91,3.0,17,353,53
0.0,10.9,10.525,360,0.92,3.0,18,353,54
0.0,10.1,10.392350474806387,360,0.93,2.0,19,353,55
0.0,11.2,10.25,360,0.9,3.0,20,353,56
0.0,9.2,10.107649525193613,360,0.95,4.0,21,353,57
0.0,8.6,9.975,360,0.98,2.0,22,353,58
0.0,8.6,9.861091270347398,360,0.97,2.0,23,353,59
0.0,8.1,9.773686027918558,360,0.98,2.0,24,353,60
0.0,8.8,9.117037086855465,360,0.96,3.0,1,354,61
0.0,8.5,9.1,360,0.96,3.0,2,354,62
0.0,7.7,9.117037086855465,360,0.99,3.0,3,354,63
0.0,7.0,9.166987298107781,360,0.98,3.0,4,354,64
0.0,7.9,9.246446609406725,360,0.98,3.0,5,354,65
0.0,7.9,9.35,360,0.97,3.0,6,354,66
0.0,7.0,9.47059047744874,360,0.98,2.0,7,354,67
11.222222222222221,8.6,9.6,360,0.95,4.0,8,354,68
145.88888888888889,11.2,9.72940952255126,360,0.86,6.0,9,354,69
347.8888888888889,13.2,9.85,360,0.78,7.0,10,354,70
561.1111111111111,14.6,9.953553390593273,360,0.71,7.0,11,354,71
583.5555555555555,15.1,10.033012701892218,360,0.7,7.0,12,354,72
505.0,15.4,10.082962913144534,360,0.71,6.0,13,354,73
471.33333333333337,15.9,10.1,360,0.72,5.0,14,354,74
314.2222222222222,15.3,10.082962913144534,360,0.73,5.0,15,354,75
145.88888888888889,14.5,10.033012701892218,360,0.73,5.0,16,354,76
11.222222222222221,13.7,9.953553390593273,360,0.75,6.0,17,354,77
0.0,14.1,9.85,360,0.73,7.0,18,354,78
0.0,14.0,9.72940952255126,360,0.71,8.0,19,354,79
0.0,13.3,9.6,360,0.75,8.0,20,354,80
0.0,12.6,9.47059047744874,360,0.79,7.0,21,354,81
0.0,12.5,9.35,360,0.81,8.0,22,354,82
0.0,12.3,9.246446609406727,360,0.82,9.0,23,354,83
0.0,11.4,9.166987298107781,360,0.86,10.0,24,354,84
0.0,11.1,9.317037086855466,360,0.87,9.0,1,355,85
0.0,10.8,9.3,360,0.88,9.0,2,355,86
0.0,10.8,9.317037086855466,360,0.87,11.0,3,355,87
0.0,10.0,9.366987298107782,360,0.9,8.0,4,355,88
0.0,9.9,9.446446609406728,360,0.91,5.0,5,355,89
0.0,9.5,9.55,360,0.93,5.0,6,355,90
0.0,9.3,9.67059047744874,360,0.94,5.0,7,355,91
0.0,9.4,9.8,360,0.94,6.0,8,355,92
56.111111111111114,9.4,9.92940952255126,360,0.94,5.0,9,355,93
336.66666666666663,11.5,10.05,360,0.89,8.0,10,355,94
493.7777777777778,12.7,10.153553390593274,360,0.85,8.0,11,355,95
426.44444444444446,12.9,10.23301270189222,360,0.85,8.0,12,355,96
426.44444444444446,13.8,10.282962913144535,360,0.84,6.0,13,355,97
258.11111111111114,13.6,10.3,360,0.84,6.0,14,355,98
190.77777777777777,13.4,10.282962913144535,360,0.87,6.0,15,355,99
22.444444444444443,13.1,10.23301270189222,360,0.88,4.0,16,355,100
0.0,12.8,10.153553390593274,360,0.91,4.0,17,355,101
0.0,12.0,10.05,360,0.96,4.0,18,355,102
0.0,11.6,9.92940952255126,360,0.97,4.0,19,355,103
0.0,11.2,9.8,360,0.97,5.0,20,355,104
0.0,10.9,9.67059047744874,360,0.93,6.0,21,355,105
0.0,10.4,9.55,360,0.97,6.0,22,355,106
0.0,10.0,9.446446609406728,360,0.95,6.0,23,355,107
0.0,9.6,9.366987298107782,360,0.96,6.0,24,355,108
0.0,9.2,9.508518543427734,360,0.97,6.0,1,356,109
0.0,9.3,9.5,360,0.97,5.0,2,356,110
0.0,9.0,9.508518543427734,360,0.98,6.0,3,356,111
0.0,8.7,9.53349364905389,360,0.99,5.0,4,356,112
0.0,8.3,9.573223304703363,360,1.0,6.0,5,356,113
0.0,8.3,9.625,360,1.0,6.0,6,356,114
0.0,8.7,9.68529523872437,360,1.0,7.0,7,356,115
11.222222222222221,8.5,9.75,360,0.99,6.0,8,356,116
145.88888888888889,8.9,9.81470476127563,360,0.99,5.0,9,356,117
359.1111111111111,10.6,9.875,360,0.93,6.0,10,356,118
561.1111111111111,12.1,9.926776695296637,360,0.88,8.0,11,356,119
650.8888888888889,13.2,9.96650635094611,360,0.83,8.0,12,356,120
426.44444444444446,12.9,9.991481456572266,360,0.81,10.0,13,356,121
258.11111111111114,12.7,10.0,360,0.83,9.0,14,356,122
202.0,12.2,9.991481456572266,360,0.79,8.0,15,356,123
44.888888888888886,11.7,9.96650635094611,360,0.82,6.0,16,356,124
0.0,11.5,9.926776695296637,360,0.85,6.0,17,356,125
0.0,11.5,9.875,360,0.85,6.0,18,356,126
0.0,11.5,9.81470476127563,360,0.84,7.0,19,356,127
0.0,11.1,9.75,360,0.85,7.0,20,356,128
0.0,10.4,9.68529523872437,360,0.86,7.0,21,356,129
0.0,9.2,9.625,360,0.93,6.0,22,356,130
0.0,9.6,9.573223304703363,360,0.89,6.0,23,356,131
0.0,9.4,9.53349364905389,360,0.89,6.0,24,356,132
0.0,8.2,9.01022225211328,360,0.94,6.0,1,357,133
0.0,7.5,9.0,360,0.96,5.0,2,357,134
0.0,7.7,9.01022225211328,360,0.96,6.0,3,357,135
0.0,7.6,9.040192378864669,360,0.97,6.0,4,357,136
0.0,7.4,9.087867965644037,360,0.98,7.0,5,357,137
0.0,7.0,9.15,360,0.99,6.0,6,357,138
0.0,6.7,9.222354286469244,360,1.0,6.0,7,357,139
11.222222222222221,6.7,9.3,360,1.0,7.0,8,357,140
157.1111111111111,7.8,9.377645713530757,360,0.97,8.0,9,357,141
336.66666666666663,7.5,9.450000000000001,360,1.0,8.0,10,357,142
280.55555555555554,8.9,9.512132034355965,360,1.0,8.0,11,357,143
269.33333333333337,9.5,9.559807621135333,360,0.98,8.0,12,357,144
437.6666666666667,9.7,9.589777747886721,360,0.96,8.0,13,357,145
505.0,10.5,9.600000000000001,360,0.92,8.0,14,357,146
370.33333333333337,10.8,9.589777747886721,360,0.9,8.0,15,357,147
123.44444444444446,10.0,9.559807621135333,360,0.92,6.0,16,357,148
0.0,8.8,9.512132034355965,360,0.96,6.0,17,357,149
0.0,8.2,9.450000000000001,360,0.98,6.0,18,357,150
0.0,8.7,9.377645713530757,360,0.99,7.0,19,357,151
0.0,9.3,9.3,360,0.99,8.0,20,357,152
0.0,10.0,9.222354286469244,360,0.97,8.0,21,357,153
0.0,10.4,9.15,360,0.96,9.0,22,357,154
0.0,10.4,9.087867965644037,360,0.95,9.0,23,357,155
0.0,10.2,9.040192378864669,360,0.94,9.0,24,357,156
0.0,10.2,9.31533337816992,360,0.94,8.0,1,358,157
0.0,9.7,9.3,360,0.97,7.0,2,358,158
0.0,10.0,9.31533337816992,360,0.95,9.0,3,358,159
0.0,10.0,9.360288568297003,360,0.94,7.0,4,358,160
0.0,9.9,9.431801948466054,360,0.94,8.0,5,358,161
0.0,9.1,9.525,360,0.99,7.0,6,358,162
0.0,9.1,9.633531429703867,360,0.99,6.0,7,358,163
0.0,9.1,9.75,360,0.98,5.0,8,358,164
44.888888888888886,8.8,9.866468570296135,360,1.0,6.0,9,358,165
123.44444444444446,8.9,9.975,360,1.0,4.0,10,358,166
157.1111111111111,9.2,10.068198051533946,360,1.0,5.0,11,358,167
123.44444444444446,9.2,10.139711431702997,360,1.0,4.0,12,358,168
258.11111111111114,9.9,10.18466662183008,360,1.0,4.0,13,358,169
314.2222222222222,10.1,10.2,360,1.0,4.0,14,358,170
101.0,9.9,10.18466662183008,360,1.0,3.0,15,358,171
56.111111111111114,9.8,10.139711431702997,360,1.0,2.0,16,358,172
0.0,9.6,10.068198051533946,360,1.0,4.0,17,358,173
0.0,9.0,9.975,360,1.0,4.0,18,358,174
0.0,9.1,9.866468570296135,360,1.0,2.0,19,358,175
0.0,8.4,9.75,360,1.0,2.0,20,358,176
0.0,7.6,9.633531429703867,360,1.0,2.0,21,358,177
0.0,8.9,9.525,360,1.0,2.0,22,358,178
0.0,8.6,9.431801948466054,360,1.0,3.0,23,358,179
0.0,8.0,9.360288568297003,360,1.0,2.0,24,358,180
0.0,9.3,9.408518543427734,360,0.98,4.0,1,359,181
0.0,9.5,9.4,360,0.94,6.0,2,359,182
0.0,9.7,9.408518543427734,360,0.93,6.0,3,359,183
0.0,9.4,9.43349364905389,360,0.94,9.0,4,359,184
0.0,9.1,9.473223304703364,360,0.95,8.0,5,359,185
0.0,9.0,9.525,360,0.95,9.0,6,359,186
0.0,8.6,9.58529523872437,360,0.96,10.0,7,359,187
11.222222222222221,8.5,9.65,360,0.96,10.0,8,359,188
89.77777777777777,8.8,9.71470476127563,360,0.97,8.0,9,359,189
67.33333333333334,9.2,9.775,360,0.96,7.0,10,359,190
67.33333333333334,9.4,9.826776695296637,360,0.96,6.0,11,359,191
179.55555555555554,10.0,9.86650635094611,360,0.96,8.0,12,359,192
280.55555555555554,10.6,9.891481456572267,360,0.94,8.0,13,359,193
347.8888888888889,11.2,9.9,360,0.93,8.0,14,359,194
145.88888888888889,11.3,9.891481456572267,360,0.92,7.0,15,359,195
78.55555555555554,11.5,9.86650635094611,360,0.92,6.0,16,359,196
0.0,10.8,9.826776695296637,360,0.93,6.0,17,359,197
0.0,10.8,9.775,360,0.92,6.0,18,359,198
0.0,10.7,9.71470476127563,360,0.91,7.0,19,359,199
0.0,10.5,9.65,360,0.92,6.0,20,359,200
0.0,10.3,9.58529523872437,360,0.91,7.0,21,359,201
0.0,9.5,9.525,360,0.93,8.0,22,359,202
0.0,9.4,9.473223304703364,360,0.93,7.0,23,359,203
0.0,9.7,9.43349364905389,360,0.93,8.0,24,359,204
0.0,9.5,9.213629669484373,360,0.94,7.0,1,360,205
0.0,9.4,9.2,360,0.95,6.0,2,360,206
0.0,9.2,9.213629669484371,360,0.98,7.0,3,360,207
0.0,9.1,9.253589838486224,360,0.99,8.0,4,360,208
0.0,8.8,9.31715728752538,360,1.0,6.0,5,360,209
0.0,8.3,9.399999999999999,360,1.0,8.0,6,360,210
0.0,8.4,9.496472381958991,360,1.0,8.0,7,360,211
11.222222222222221,8.4,9.6,360,1.0,8.0,8,360,212
89.77777777777777,8.8,9.703527618041008,360,1.0,7.0,9,360,213
314.2222222222222,10.4,9.8,360,0.96,6.0,10,360,214
516.2222222222223,12.3,9.882842712474618,360,0.91,9.0,11,360,215
606.0,13.1,9.946410161513775,360,0.89,10.0,12,360,216
617.2222222222222,13.9,9.986370330515628,360,0.86,7.0,13,360,217
460.11111111111114,13.9,10.0,360,0.86,6.0,14,360,218
280.55555555555554,13.5,9.986370330515628,360,0.87,6.0,15,360,219
123.44444444444446,11.8,9.946410161513775,360,0.9,5.0,16,360,220
11.222222222222221,10.9,9.882842712474618,360,0.91,4.0,17,360,221
0.0,9.1,9.8,360,0.95,2.0,18,360,222
0.0,8.8,9.703527618041008,360,0.96,2.0,19,360,223
0.0,11.1,9.6,360,0.9,5.0,20,360,224
0.0,11.0,9.496472381958991,360,0.9,4.0,21,360,225
0.0,9.2,9.4,360,0.94,4.0,22,360,226
0.0,9.1,9.317157287525381,360,0.96,4.0,23,360,227
0.0,8.8,9.253589838486224,360,0.97,4.0,24,360,228
0.0,8.7,8.715333378169918,360,0.97,4.0,1,361,229
0.0,8.8,8.7,360,0.97,5.0,2,361,230
0.0,8.9,8.715333378169918,360,0.96,6.0,3,361,231
0.0,8.4,8.760288568297002,360,0.96,6.0,4,361,232
0.0,7.3,8.831801948466051,360,0.99,4.0,5,361,233
0.0,6.5,8.924999999999999,360,0.98,3.0,6,361,234
0.0,7.3,9.033531429703864,360,0.98,4.0,7,361,235
11.222222222222221,7.9,9.149999999999999,360,0.97,6.0,8,361,236
145.88888888888889,9.2,9.266468570296134,360,0.94,8.0,9,361,237
325.44444444444446,10.4,9.374999999999998,360,0.91,8.0,10,361,238
561.1111111111111,11.5,9.468198051533944,360,0.9,8.0,11,361,239
662.1111111111112,13.1,9.539711431702996,360,0.86,8.0,12,361,240
628.4444444444443,13.6,9.58466662183008,360,0.84,7.0,13,361,241
527.4444444444445,14.1,9.599999999999998,360,0.82,8.0,14,361,242
347.8888888888889,13.2,9.58466662183008,360,0.84,6.0,15,361,243
123.44444444444446,12.1,9.539711431702996,360,0.88,6.0,16,361,244
11.222222222222221,11.1,9.468198051533944,360,0.9,5.0,17,361,245
0.0,10.4,9.374999999999998,360,0.91,5.0,18,361,246
0.0,10.2,9.266468570296134,360,0.92,6.0,19,361,247
0.0,9.9,9.149999999999999,360,0.92,5.0,20,361,248
0.0,10.4,9.033531429703864,360,0.91,7.0,21,361,249
0.0,9.4,8.924999999999999,360,0.94,7.0,22,361,250
0.0,8.0,8.831801948466053,360,0.98,4.0,23,361,251
0.0,9.2,8.760288568297002,360,0.97,6.0,24,361,252
0.0,8.9,8.711925960798826,360,0.97,6.0,1,362,253
0.0,8.9,8.7,360,0.98,6.0,2,362,254
0.0,8.3,8.711925960798826,360,0.99,6.0,3,362,255
0.0,7.9,8.746891108675447,360,0.99,5.0,4,362,256
0.0,7.9,8.802512626584708,360,0.98,6.0,5,362,257
0.0,7.7,8.875,360,0.98,6.0,6,362,258
0.0,7.4,8.95941333421412,360,0.98,6.0,7,362,259
0.0,7.5,9.05,360,0.97,7.0,8,362,260
112.22222222222223,8.8,9.140586665785882,360,0.93,8.0,9,362,261
325.44444444444446,9.3,9.225000000000001,360,0.92,7.0,10,362,262
493.7777777777778,10.9,9.297487373415294,360,0.88,7.0,11,362,263
594.7777777777778,12.1,9.353108891324554,360,0.84,6.0,12,362,264
561.1111111111111,13.1,9.388074039201175,360,0.81,6.0,13,362,265
471.33333333333337,13.1,9.400000000000002,360,0.8,7.0,14,362,266
291.77777777777777,11.8,9.388074039201175,360,0.85,4.0,15,362,267
78.55555555555554,10.3,9.353108891324554,360,0.88,2.0,16,362,268
0.0,9.2,9.297487373415294,360,0.91,2.0,17,362,269
0.0,9.0,9.225000000000001,360,0.91,2.0,18,362,270
0.0,8.5,9.140586665785882,360,0.9,3.0,19,362,271
0.0,7.2,9.05,360,0.93,2.0,20,362,272
0.0,6.6,8.95941333421412,360,0.94,2.0,21,362,273
0.0,6.5,8.875,360,0.96,2.0,22,362,274
0.0,6.8,8.80251262658471,360,0.95,1.0,23,362,275
0.0,6.7,8.746891108675447,360,0.92,2.0,24,362,276
0.0,6.0,7.823851921597653,360,0.93,2.0,1,363,277
0.0,5.9,7.800000000000001,360,0.94,2.0,2,363,278
0.0,5.7,7.823851921597653,360,0.94,3.0,3,363,279
0.0,5.7,7.893782217350893,360,0.97,2.0,4,363,280
0.0,5.6,8.005025253169416,360,0.98,2.0,5,363,281
0.0,8.6,8.15,360,0.91,4.0,6,363,282
0.0,8.9,8.318826668428235,360,0.89,6.0,7,363,283
0.0,10.2,8.5,360,0.84,8.0,8,363,284
67.33333333333334,10.9,8.681173331571765,360,0.81,8.0,9,363,285
145.88888888888889,11.9,8.85,360,0.77,9.0,10,363,286
280.55555555555554,12.6,8.994974746830582,360,0.75,10.0,11,363,287
404.0,13.2,9.106217782649107,360,0.73,12.0,12,363,288
269.33333333333337,13.6,9.176148078402347,360,0.72,12.0,13,363,289
235.66666666666669,14.1,9.2,360,0.7,11.0,14,363,290
168.33333333333331,13.2,9.176148078402347,360,0.74,8.0,15,363,291
56.111111111111114,13.6,9.106217782649107,360,0.71,8.0,16,363,292
11.222222222222221,13.2,8.994974746830582,360,0.72,10.0,17,363,293
0.0,13.5,8.85,360,0.7,9.0,18,363,294
0.0,13.1,8.681173331571765,360,0.72,10.0,19,363,295
0.0,12.8,8.5,360,0.72,11.0,20,363,296
0.0,12.6,8.318826668428235,360,0.73,11.0,21,363,297
0.0,12.3,8.15,360,0.76,10.0,22,363,298
0.0,12.5,8.005025253169418,360,0.76,11.0,23,363,299
0.0,11.4,7.893782217350893,360,0.85,9.0,24,363,300
0.0,10.5,8.910222252113279,360,0.95,8.0,1,364,301
0.0,9.3,8.899999999999999,360,0.96,8.0,2,364,302
0.0,8.8,8.910222252113279,360,0.99,4.0,3,364,303
0.0,8.6,8.940192378864667,360,0.99,4.0,4,364,304
0.0,9.0,8.987867965644035,360,0.98,8.0,5,364,305
0.0,8.3,9.049999999999999,360,0.96,8.0,6,364,306
0.0,7.1,9.122354286469243,360,0.98,5.0,7,364,307
11.222222222222221,7.4,9.2,360,0.99,6.0,8,364,308
134.66666666666669,8.4,9.277645713530756,360,0.98,6.0,9,364,309
370.33333333333337,10.0,9.35,360,0.93,7.0,10,364,310
426.44444444444446,11.4,9.412132034355963,360,0.9,6.0,11,364,311
561.1111111111111,11.9,9.459807621135331,360,0.84,6.0,12,364,312
527.4444444444445,11.6,9.48977774788672,360,0.82,8.0,13,364,313
426.44444444444446,12.4,9.5,360,0.8,6.0,14,364,314
370.33333333333337,11.7,9.48977774788672,360,0.86,6.0,15,364,315
101.0,9.9,9.459807621135331,360,0.89,4.0,16,364,316
11.222222222222221,7.2,9.412132034355963,360,0.96,2.0,17,364,317
0.0,7.4,9.35,360,0.97,2.0,18,364,318
0.0,8.2,9.277645713530756,360,0.96,4.0,19,364,319
0.0,8.6,9.2,360,0.92,6.0,20,364,320
0.0,9.2,9.122354286469243,360,0.92,5.0,21,364,321
0.0,9.2,9.049999999999999,360,0.91,5.0,22,364,322
0.0,9.3,8.987867965644035,360,0.91,5.0,23,364,323
0.0,9.0,8.940192378864667,360,0.92,5.0,24,364,324
0.0,8.6,8.217037086855465,360,0.94,6.0,1,365,325
0.0,8.0,8.2,360,0.94,5.0,2,365,326
0.0,6.5,8.217037086855465,360,0.98,2.0,3,365,327
0.0,6.0,8.26698729810778,360,0.98,2.0,4,365,328
0.0,5.5,8.346446609406726,360,0.99,3.0,5,365,329
0.0,5.2,8.45,360,0.99,3.0,6,365,330
0.0,5.4,8.57059047744874,360,0.98,4.0,7,365,331
11.222222222222221,5.6,8.7,360,0.97,4.0,8,365,332
112.22222222222223,6.3,8.82940952255126,360,0.95,4.0,9,365,333
336.66666666666663,9.0,8.95,360,0.86,4.0,10,365,334
505.0,10.6,9.053553390593272,360,0.8,4.0,11,365,335
628.4444444444443,12.6,9.133012701892218,360,0.63,7.0,12,365,336
617.2222222222222,13.2,9.182962913144534,360,0.62,9.0,13,365,337
549.8888888888889,13.5,9.2,360,0.59,8.0,14,365,338
280.55555555555554,13.0,9.182962913144534,360,0.64,7.0,15,365,339
123.44444444444446,11.5,9.133012701892218,360,0.7,7.0,16,365,340
11.222222222222221,11.8,9.053553390593272,360,0.65,6.0,17,365,341
0.0,11.4,8.95,360,0.68,7.0,18,365,342
0.0,12.2,8.82940952255126,360,0.65,10.0,19,365,343
0.0,12.1,8.7,360,0.7,10.0,20,365,344
0.0,12.2,8.57059047744874,360,0.71,9.0,21,365,345
0.0,11.9,8.45,360,0.76,10.0,22,365,346
0.0,10.3,8.346446609406726,360,0.91,10.0,23,365,347
0.0,9.8,8.26698729810778,360,0.99,8.0,24,365,348
0.0,9.8,8.611925960798825,360,1.0,4.0,1,366,349
0.0,10.1,8.599999999999998,360,1.0,6.0,2,366,350
0.0,10.6,8.611925960798825,360,0.97,7.0,3,366,351
0.0,9.6,8.646891108675446,360,0.98,8.0,4,366,352
0.0,8.6,8.702512626584706,360,0.99,4.0,5,366,353
0.0,7.6,8.774999999999999,360,1.0,3.0,6,366,354
0.0,5.8,8.859413334214118,360,1.0,2.0,7,366,355
0.0,6.8,8.95,360,1.0,3.0,8,366,356
112.22222222222223,7.8,9.04058666578588,360,0.99,4.0,9,366,357
235.66666666666669,8.8,9.125,360,0.98,6.0,10,366,358
426.44444444444446,9.7,9.197487373415292,360,0.96,4.0,11,366,359
404.0,10.6,9.253108891324553,360,0.93,6.0,12,366,360
527.4444444444445,11.5,9.288074039201174,360,0.85,6.0,13,366,361
404.0,11.3,9.3,360,0.82,6.0,14,366,362
145.88888888888889,10.2,9.288074039201174,360,0.87,4.0,15,366,363
67.33333333333334,10.0,9.253108891324553,360,0.86,5.0,16,366,364
11.222222222222221,8.1,9.197487373415292,360,0.93,8.0,17,366,365
0.0,8.0,9.125,360,0.9,3.0,18,366,366
0.0,7.8,9.04058666578588,360,0.93,4.0,19,366,367
0.0,7.6,8.95,360,0.93,6.0,20,366,368
0.0,6.9,8.859413334214118,360,0.97,5.0,21,366,369
0.0,6.9,8.774999999999999,360,0.99,5.0,22,366,370
0.0,6.9,8.702512626584708,360,1.0,5.0,23,366,371
0.0,6.8,8.646891108675446,360,1.0,5.0,24,366,372
0.0,6.7,8.217037086855465,360,1.0,5.0,1,1,373
0.0,6.4,8.2,360,1.0,5.0,2,1,374
0.0,5.4,8.217037086855465,360,1.0,4.0,3,1,375
0.0,5.5,8.26698729810778,360,1.0,3.0,4,1,376
0.0,5.6,8.346446609406726,360,1.0,4.0,5,1,377
0.0,4.9,8.45,360,1.0,5.0,6,1,378
0.0,4.6,8.57059047744874,360,1.0,4.0,7,1,379
11.222222222222221,4.6,8.7,360,1.0,3.0,8,1,380
67.33333333333334,4.7,8.82940952255126,360,1.0,4.0,9,1,381
157.1111111111111,5.3,8.95,360,1.0,3.0,10,1,382
549.8888888888889,7.6,9.053553390593272,360,1.0,4.0,11,1,383
527.4444444444445,8.8,9.133012701892218,360,0.99,5.0,12,1,384
381.55555555555554,9.2,9.182962913144534,360,0.9,6.0,13,1,385
538.6666666666667,10.2,9.2,360,0.86,6.0,14,1,386
213.22222222222223,10.1,9.182962913144534,360,0.89,5.0,15,1,387
44.888888888888886,9.6,9.133012701892218,360,0.9,5.0,16,1,388
11.222222222222221,9.5,9.053553390593272,360,0.92,4.0,17,1,389
0.0,10.0,8.95,360,0.91,5.0,18,1,390
0.0,10.4,8.82940952255126,360,0.91,8.0,19,1,391
0.0,10.9,8.7,360,0.91,9.0,20,1,392
0.0,10.9,8.57059047744874,360,0.9,9.0,21,1,393
0.0,11.2,8.45,360,0.9,11.0,22,1,394
0.0,11.1,8.346446609406726,360,0.91,10.0,23,1,395
0.0,10.3,8.26698729810778,360,0.99,10.0,24,1,396
0.0,9.9,8.810222252113281,360,0.99,9.0,1,2,397
0.0,9.6,8.8,360,0.99,10.0,2,2,398
0.0,9.2,8.810222252113281,360,0.98,7.0,3,2,399
0.0,9.0,8.84019237886467,360,0.97,7.0,4,2,400
0.0,8.7,8.887867965644038,360,0.96,8.0,5,2,401
0.0,8.1,8.950000000000001,360,0.96,8.0,6,2,402
0.0,7.9,9.022354286469245,360,0.94,7.0,7,2,403
0.0,8.1,9.100000000000001,360,0.9,8.0,8,2,404
33.66666666666667,7.8,9.177645713530758,360,0.91,8.0,9,2,405
202.0,8.7,9.250000000000002,360,0.9,10.0,10,2,406
381.55555555555554,9.8,9.312132034355965,360,0.85,8.0,11,2,407
662.1111111111112,10.9,9.359807621135333,360,0.82,9.0,12,2,408
303.0,9.2,9.389777747886722,360,0.89,12.0,13,2,409
482.5555555555556,9.8,9.400000000000002,360,0.82,12.0,14,2,410
381.55555555555554,10.4,9.389777747886722,360,0.8,10.0,15,2,411
190.77777777777777,8.7,9.359807621135333,360,0.87,8.0,16,2,412
11.222222222222221,7.7,9.312132034355965,360,0.91,7.0,17,2,413
0.0,7.4,9.250000000000002,360,0.92,10.0,18,2,414
0.0,7.3,9.177645713530758,360,0.92,7.0,19,2,415
0.0,6.3,9.100000000000001,360,0.97,5.0,20,2,416
0.0,6.6,9.022354286469245,360,0.98,5.0,21,2,417
0.0,6.4,8.950000000000001,360,0.98,5.0,22,2,418
0.0,6.4,8.887867965644038,360,0.97,4.0,23,2,419
0.0,5.3,8.84019237886467,360,0.99,4.0,24,2,420
0.0,5.8,8.303407417371094,360,0.99,5.0,1,3,421
0.0,5.9,8.3,360,0.99,6.0,2,3,422
0.0,6.2,8.303407417371094,360,1.0,5.0,3,3,423
0.0,6.2,8.313397459621557,360,1.0,7.0,4,3,424
0.0,6.4,8.329289321881346,360,1.0,7.0,5,3,425
0.0,6.5,8.35,360,1.0,8.0,6,3,426
0.0,6.7,8.374118095489749,360,1.0,8.0,7,3,427
11.222222222222221,6.8,8.4,360,0.98,9.0,8,3,428
22.444444444444443,6.8,8.425881904510252,360,0.97,9.0,9,3,429
56.111111111111114,7.1,8.450000000000001,360,0.94,10.0,10,3,430
56.111111111111114,6.7,8.470710678118655,360,0.98,12.0,11,3,431
89.77777777777777,6.7,8.486602540378444,360,0.98,12.0,12,3,432
78.55555555555554,6.8,8.496592582628907,360,0.99,14.0,13,3,433
56.111111111111114,7.0,8.5,360,0.99,14.0,14,3,434
44.888888888888886,7.0,8.496592582628907,360,1.0,12.0,15,3,435
22.444444444444443,7.6,8.486602540378444,360,1.0,11.0,16,3,436
0.0,8.4,8.470710678118655,360,1.0,11.0,17,3,437
0.0,8.5,8.450000000000001,360,1.0,10.0,18,3,438
0.0,9.0,8.425881904510252,360,1.0,9.0,19,3,439
0.0,8.9,8.4,360,1.0,8.0,20,3,440
0.0,9.2,8.374118095489749,360,0.97,10.0,21,3,441
0.0,7.8,8.350000000000001,360,0.93,10.0,22,3,442
0.0,7.3,8.329289321881346,360,0.97,9.0,23,3,443
0.0,7.3,8.313397459621557,360,0.94,11.0,24,3,444
0.0,7.0,7.711925960798827,360,0.96,6.0,1,4,445
0.0,7.0,7.700000000000001,360,0.95,7.0,2,4,446
0.0,5.8,7.711925960798827,360,0.97,8.0,3,4,447
0.0,7.0,7.746891108675447,360,0.97,9.0,4,4,448
0.0,5.9,7.802512626584709,360,0.98,9.0,5,4,449
0.0,6.0,7.875000000000001,360,0.97,6.0,6,4,450
0.0,5.5,7.959413334214118,360,0.99,6.0,7,4,451
0.0,5.8,8.05,360,0.98,6.0,8,4,452
78.55555555555554,6.0,8.140586665785882,360,0.98,5.0,9,4,453
347.8888888888889,8.0,8.225000000000001,360,0.96,6.0,10,4,454
314.2222222222222,8.9,8.297487373415292,360,0.91,8.0,11,4,455
269.33333333333337,9.1,8.353108891324554,360,0.93,10.0,12,4,456
460.11111111111114,10.0,8.388074039201175,360,0.92,9.0,13,4,457
291.77777777777777,9.7,8.4,360,0.91,11.0,14,4,458
246.8888888888889,9.0,8.388074039201175,360,0.83,9.0,15,4,459
89.77777777777777,8.1,8.353108891324554,360,0.93,6.0,16,4,460
0.0,7.3,8.297487373415292,360,0.98,4.0,17,4,461
0.0,7.4,8.225000000000001,360,0.98,7.0,18,4,462
0.0,6.1,8.140586665785882,360,0.98,6.0,19,4,463
0.0,5.4,8.05,360,1.0,4.0,20,4,464
0.0,6.1,7.959413334214118,360,0.98,6.0,21,4,465
0.0,6.0,7.875000000000001,360,0.99,8.0,22,4,466
0.0,5.8,7.802512626584709,360,0.97,9.0,23,4,467
0.0,5.6,7.746891108675447,360,0.98,6.0,24,4,468
0.0,5.5,7.511925960798826,360,0.98,6.0,1,5,469
0.0,6.1,7.5,360,0.97,6.0,2,5,470
0.0,5.9,7.511925960798826,360,0.98,7.0,3,5,471
0.0,5.8,7.546891108675446,360,0.98,8.0,4,5,472
0.0,6.2,7.6025126265847085,360,0.97,10.0,5,5,473
0.0,6.2,7.675,360,0.99,9.0,6,5,474
0.0,5.6,7.759413334214117,360,0.98,7.0,7,5,475
11.222222222222221,5.8,7.85,360,0.98,8.0,8,5,476
112.22222222222223,6.3,7.940586665785882,360,0.96,7.0,9,5,477
224.44444444444446,6.9,8.025,360,0.96,6.0,10,5,478
527.4444444444445,8.1,8.09748737341529,360,0.92,9.0,11,5,479
448.8888888888889,8.3,8.153108891324553,360,0.86,10.0,12,5,480
325.44444444444446,7.0,8.188074039201172,360,0.92,10.0,13,5,481
280.55555555555554,7.5,8.2,360,0.9,8.0,14,5,482
179.55555555555554,7.3,8.188074039201172,360,0.92,9.0,15,5,483
101.0,6.5,8.153108891324553,360,0.94,7.0,16,5,484
0.0,6.2,8.09748737341529,360,0.97,8.0,17,5,485
0.0,6.5,8.025,360,0.99,6.0,18,5,486
0.0,6.6,7.940586665785882,360,0.99,6.0,19,5,487
0.0,6.1,7.85,360,0.99,6.0,20,5,488
0.0,6.1,7.759413334214117,360,1.0,8.0,21,5,489
0.0,5.7,7.675,360,1.0,8.0,22,5,490
0.0,6.1,7.6025126265847085,360,1.0,8.0,23,5,491
0.0,6.2,7.546891108675446,360,1.0,8.0,24,5,492
0.0,6.5,7.41533337816992,360,1.0,8.0,1,6,493
0.0,6.6,7.4,360,1.0,8.0,2,6,494
0.0,6.8,7.41533337816992,360,1.0,6.0,3,6,495
0.0,7.0,7.460288568297003,360,1.0,5.0,4,6,496
0.0,6.1,7.531801948466054,360,1.0,6.0,5,6,497
0.0,5.7,7.625,360,1.0,8.0,6,6,498
0.0,4.7,7.733531429703866,360,1.0,4.0,7,6,499
11.222222222222221,4.6,7.8500000000000005,360,1.0,5.0,8,6,500
112.22222222222223,5.5,7.966468570296135,360,1.0,5.0,9,6,501
359.1111111111111,7.0,8.075000000000001,360,1.0,6.0,10,6,502
224.44444444444446,7.6,8.168198051533947,360,0.96,6.0,11,6,503
381.55555555555554,8.8,8.239711431702998,360,0.92,6.0,12,6,504
684.5555555555557,10.7,8.284666621830082,360,0.82,7.0,13,6,505
404.0,9.7,8.3,360,0.85,6.0,14,6,506
168.33333333333331,9.6,8.284666621830082,360,0.86,6.0,15,6,507
67.33333333333334,8.6,8.239711431702998,360,0.93,7.0,16,6,508
11.222222222222221,8.0,8.168198051533947,360,0.98,6.0,17,6,509
0.0,7.0,8.075000000000001,360,0.98,4.0,18,6,510
0.0,7.4,7.966468570296135,360,0.99,6.0,19,6,511
0.0,7.7,7.8500000000000005,360,1.0,8.0,20,6,512
0.0,7.8,7.733531429703866,360,1.0,8.0,21,6,513
0.0,7.7,7.625000000000001,360,1.0,8.0,22,6,514
0.0,7.5,7.531801948466054,360,0.98,11.0,23,6,515
0.0,7.1,7.460288568297003,360,0.99,12.0,24,6,516
0.0,6.9,8.10511112605664,360,1.0,11.0,1,7,517
0.0,7.3,8.1,360,1.0,12.0,2,7,518
0.0,8.6,8.10511112605664,360,1.0,10.0,3,7,519
0.0,12.1,8.120096189432333,360,1.0,8.0,4,7,520
0.0,12.8,8.143933982822018,360,1.0,12.0,5,7,521
0.0,13.0,8.174999999999999,360,1.0,14.0,6,7,522
0.0,13.0,8.211177143234622,360,0.99,14.0,7,7,523
0.0,13.1,8.25,360,0.97,16.0,8,7,524
44.888888888888886,11.9,8.288822856765378,360,0.96,14.0,9,7,525
123.44444444444446,11.7,8.325000000000001,360,0.96,10.0,10,7,526
359.1111111111111,12.2,8.356066017177982,360,0.84,11.0,11,7,527
392.7777777777778,11.5,8.379903810567667,360,0.8,11.0,12,7,528
471.33333333333337,10.8,8.39488887394336,360,0.71,10.0,13,7,529
325.44444444444446,10.5,8.4,360,0.73,8.0,14,7,530
269.33333333333337,10.4,8.39488887394336,360,0.79,8.0,15,7,531
134.66666666666669,9.2,8.379903810567667,360,0.84,7.0,16,7,532
11.222222222222221,8.4,8.356066017177982,360,0.87,4.0,17,7,533
0.0,8.2,8.325000000000001,360,0.9,6.0,18,7,534
0.0,7.4,8.288822856765378,360,0.96,3.0,19,7,535
0.0,6.8,8.25,360,0.96,2.0,20,7,536
0.0,7.4,8.211177143234622,360,0.96,3.0,21,7,537
0.0,7.4,8.175,360,0.98,3.0,22,7,538
0.0,7.3,8.143933982822018,360,0.97,3.0,23,7,539
0.0,7.3,8.120096189432333,360,0.98,2.0,24,7,540
0.0,7.5,8.611925960798825,360,0.98,4.0,1,8,541
0.0,7.2,8.599999999999998,360,0.99,4.0,2,8,542
0.0,7.0,8.611925960798825,360,0.99,2.0,3,8,543
0.0,6.9,8.646891108675446,360,1.0,2.0,4,8,544
0.0,6.8,8.702512626584706,360,1.0,1.0,5,8,545
0.0,6.8,8.774999999999999,360,1.0,2.0,6,8,546
0.0,6.7,8.859413334214118,360,1.0,2.0,7,8,547
0.0,6.6,8.95,360,1.0,3.0,8,8,548
33.66666666666667,6.8,9.04058666578588,360,1.0,2.0,9,8,549
123.44444444444446,7.3,9.125,360,1.0,4.0,10,8,550
202.0,7.8,9.197487373415292,360,1.0,4.0,11,8,551
179.55555555555554,8.1,9.253108891324553,360,1.0,3.0,12,8,552
235.66666666666669,8.5,9.288074039201174,360,0.98,2.0,13,8,553
202.0,8.7,9.3,360,0.97,2.0,14,8,554
123.44444444444446,8.9,9.288074039201174,360,0.97,2.0,15,8,555
78.55555555555554,8.8,9.253108891324553,360,0.98,2.0,16,8,556
0.0,8.6,9.197487373415292,360,0.99,2.0,17,8,557
0.0,8.6,9.125,360,1.0,1.0,18,8,558
0.0,8.5,9.04058666578588,360,1.0,1.0,19,8,559
0.0,8.6,8.95,360,1.0,4.0,20,8,560
0.0,8.6,8.859413334214118,360,1.0,3.0,21,8,561
0.0,8.4,8.774999999999999,360,1.0,4.0,22,8,562
0.0,8.3,8.702512626584708,360,1.0,4.0,23,8,563
0.0,8.5,8.646891108675446,360,1.0,4.0,24,8,564
0.0,8.9,8.81533337816992,360,1.0,6.0,1,9,565
0.0,9.1,8.8,360,1.0,6.0,2,9,566
0.0,9.4,8.81533337816992,360,1.0,8.0,3,9,567
0.0,9.4,8.860288568297003,360,0.99,6.0,4,9,568
0.0,8.5,8.931801948466054,360,0.99,6.0,5,9,569
0.0,7.9,9.025,360,1.0,4.0,6,9,570
0.0,7.6,9.133531429703867,360,1.0,6.0,7,9,571
11.222222222222221,7.6,9.25,360,1.0,6.0,8,9,572
78.55555555555554,7.7,9.366468570296135,360,1.0,6.0,9,9,573
235.66666666666669,8.7,9.475,360,1.0,6.0,10,9,574
538.6666666666667,10.1,9.568198051533946,360,0.95,8.0,11,9,575
639.6666666666667,11.0,9.639711431702997,360,0.93,8.0,12,9,576
426.44444444444446,11.4,9.68466662183008,360,0.92,9.0,13,9,577
325.44444444444446,11.4,9.7,360,0.91,10.0,14,9,578
303.0,11.4,9.68466662183008,360,0.89,9.0,15,9,579
123.44444444444446,10.7,9.639711431702997,360,0.93,10.0,16,9,580
0.0,10.1,9.568198051533946,360,0.94,9.0,17,9,581
0.0,10.4,9.475,360,0.94,10.0,18,9,582
0.0,10.5,9.366468570296135,360,0.93,10.0,19,9,583
0.0,7.4,9.25,360,0.97,13.0,20,9,584
0.0,8.6,9.133531429703867,360,0.9,10.0,21,9,585
0.0,8.2,9.025,360,0.94,11.0,22,9,586
0.0,8.5,8.931801948466054,360,0.92,9.0,23,9,587
0.0,8.8,8.860288568297003,360,0.95,11.0,24,9,588
0.0,8.6,8.703407417371093,360,0.95,13.0,1,10,589
0.0,8.2,8.7,360,0.94,8.0,2,10,590
0.0,8.0,8.703407417371093,360,0.86,6.0,3,10,591
0.0,7.8,8.713397459621556,360,0.93,8.0,4,10,592
0.0,7.6,8.729289321881346,360,0.97,7.0,5,10,593
0.0,7.7,8.75,360,0.97,10.0,6,10,594
0.0,7.5,8.774118095489749,360,0.97,8.0,7,10,595
0.0,7.5,8.8,360,0.98,8.0,8,10,596
22.444444444444443,7.6,8.825881904510252,360,0.98,10.0,9,10,597
33.66666666666667,7.7,8.850000000000001,360,0.96,12.0,10,10,598
56.111111111111114,7.3,8.870710678118655,360,0.98,11.0,11,10,599
123.44444444444446,7.6,8.886602540378446,360,0.98,11.0,12,10,600
123.44444444444446,7.6,8.896592582628909,360,0.99,10.0,13,10,601
202.0,8.7,8.900000000000002,360,0.95,12.0,14,10,602
224.44444444444446,8.8,8.896592582628909,360,0.92,12.0,15,10,603
101.0,8.7,8.886602540378446,360,0.95,10.0,16,10,604
11.222222222222221,8.6,8.870710678118655,360,0.95,8.0,17,10,605
0.0,8.2,8.850000000000001,360,0.95,8.0,18,10,606
0.0,7.7,8.825881904510252,360,0.98,8.0,19,10,607
0.0,8.1,8.8,360,0.99,7.0,20,10,608
0.0,8.0,8.774118095489749,360,0.97,8.0,21,10,609
0.0,7.6,8.75,360,0.97,8.0,22,10,610
0.0,7.5,8.729289321881346,360,0.98,10.0,23,10,611
0.0,7.3,8.713397459621556,360,0.98,10.0,24,10,612
0.0,7.2,8.20511112605664,360,0.98,12.0,1,11,613
0.0,7.1,8.2,360,0.99,8.0,2,11,614
0.0,7.0,8.20511112605664,360,1.0,11.0,3,11,615
0.0,7.4,8.220096189432333,360,0.98,12.0,4,11,616
0.0,7.8,8.243933982822018,360,0.95,10.0,5,11,617
0.0,7.5,8.274999999999999,360,0.95,10.0,6,11,618
0.0,5.8,8.311177143234621,360,0.91,12.0,7,11,619
0.0,7.6,8.35,360,0.89,16.0,8,11,620
78.55555555555554,7.1,8.388822856765378,360,0.92,16.0,9,11,621
314.2222222222222,8.5,8.425,360,0.89,12.0,10,11,622
190.77777777777777,8.8,8.456066017177982,360,0.84,14.0,11,11,623
224.44444444444446,7.8,8.479903810567667,360,0.85,12.0,12,11,624
314.2222222222222,7.6,8.49488887394336,360,0.92,11.0,13,11,625
202.0,7.5,8.5,360,0.92,10.0,14,11,626
235.66666666666669,8.0,8.49488887394336,360,0.84,18.0,15,11,627
78.55555555555554,7.3,8.479903810567667,360,0.9,11.0,16,11,628
0.0,8.1,8.456066017177982,360,0.88,13.0,17,11,629
0.0,8.4,8.425,360,0.86,12.0,18,11,630
0.0,8.3,8.388822856765378,360,0.9,12.0,19,11,631
0.0,8.2,8.35,360,0.86,12.0,20,11,632
0.0,7.8,8.311177143234621,360,0.93,12.0,21,11,633
0.0,8.0,8.275,360,0.92,10.0,22,11,634
0.0,7.9,8.243933982822018,360,0.9,11.0,23,11,635
0.0,7.8,8.220096189432333,360,0.9,9.0,24,11,636
0.0,7.4,7.408518543427733,360,0.89,9.0,1,12,637
0.0,6.9,7.4,360,0.89,8.0,2,12,638
0.0,6.6,7.408518543427733,360,0.91,6.0,3,12,639
0.0,6.7,7.433493649053891,360,0.9,6.0,4,12,640
0.0,5.9,7.473223304703364,360,0.93,8.0,5,12,641
0.0,6.0,7.525,360,0.94,6.0,6,12,642
0.0,5.8,7.58529523872437,360,0.93,6.0,7,12,643
0.0,6.3,7.65,360,0.9,6.0,8,12,644
112.22222222222223,7.0,7.71470476127563,360,0.85,6.0,9,12,645
269.33333333333337,7.4,7.775,360,0.87,11.0,10,12,646
415.2222222222223,7.5,7.826776695296637,360,0.9,6.0,11,12,647
269.33333333333337,7.0,7.86650635094611,360,0.91,12.0,12,12,648
336.66666666666663,7.3,7.891481456572268,360,0.9,7.0,13,12,649
269.33333333333337,6.3,7.9,360,0.91,10.0,14,12,650
280.55555555555554,6.8,7.891481456572268,360,0.91,11.0,15,12,651
224.44444444444446,6.8,7.86650635094611,360,0.89,8.0,16,12,652
22.444444444444443,5.5,7.826776695296637,360,0.94,6.0,17,12,653
0.0,5.3,7.775,360,0.84,8.0,18,12,654
0.0,4.3,7.71470476127563,360,0.88,6.0,19,12,655
0.0,3.5,7.65,360,0.96,4.0,20,12,656
0.0,3.3,7.58529523872437,360,0.93,6.0,21,12,657
0.0,3.1,7.525,360,0.93,6.0,22,12,658
0.0,3.0,7.473223304703364,360,0.93,6.0,23,12,659
0.0,2.5,7.433493649053891,360,0.95,6.0,24,12,660
0.0,2.3,6.018740795541013,360,0.95,5.0,1,13,661
0.0,1.6,6.0,360,0.97,6.0,2,13,662
0.0,2.1,6.018740795541012,360,0.97,4.0,3,13,663
0.0,1.8,6.0736860279185585,360,0.97,4.0,4,13,664
0.0,1.8,6.161091270347399,360,0.97,4.0,5,13,665
0.0,1.6,6.2749999999999995,360,0.98,4.0,6,13,666
0.0,1.4,6.407649525193613,360,0.99,3.0,7,13,667
11.222222222222221,1.9,6.55,360,0.99,4.0,8,13,668
134.66666666666669,2.4,6.6923504748063865,360,0.98,4.0,9,13,669
314.2222222222222,3.9,6.825,360,0.95,4.0,10,13,670
460.11111111111114,5.9,6.938908729652601,360,0.91,4.0,11,13,671
606.0,7.0,7.026313972081441,360,0.89,5.0,12,13,672
538.6666666666667,7.6,7.081259204458988,360,0.86,5.0,13,13,673
269.33333333333337,7.3,7.1,360,0.87,5.0,14,13,674
291.77777777777777,7.1,7.081259204458988,360,0.9,4.0,15,13,675
78.55555555555554,6.7,7.026313972081441,360,0.93,4.0,16,13,676
11.222222222222221,6.0,6.938908729652601,360,0.96,4.0,17,13,677
0.0,5.5,6.825,360,0.97,4.0,18,13,678
0.0,5.1,6.6923504748063865,360,0.96,7.0,19,13,679
0.0,4.7,6.55,360,0.97,6.0,20,13,680
0.0,4.7,6.407649525193613,360,0.97,5.0,21,13,681
0.0,5.2,6.275,360,0.96,6.0,22,13,682
0.0,4.9,6.161091270347399,360,0.96,6.0,23,13,683
0.0,4.8,6.0736860279185585,360,0.96,5.0,24,13,684
0.0,4.9,6.815333378169919,360,0.94,6.0,1,14,685
0.0,4.9,6.8,360,0.94,6.0,2,14,686
0.0,4.9,6.815333378169919,360,0.98,5.0,3,14,687
0.0,4.8,6.860288568297002,360,0.99,4.0,4,14,688
0.0,5.0,6.931801948466053,360,0.99,4.0,5,14,689
0.0,4.9,7.0249999999999995,360,1.0,2.0,6,14,690
0.0,4.8,7.133531429703866,360,1.0,2.0,7,14,691
0.0,4.8,7.25,360,1.0,2.0,8,14,692
33.66666666666667,5.2,7.366468570296134,360,1.0,5.0,9,14,693
235.66666666666669,6.0,7.4750000000000005,360,1.0,6.0,10,14,694
325.44444444444446,6.9,7.568198051533947,360,0.97,5.0,11,14,695
426.44444444444446,7.6,7.639711431702998,360,0.89,7.0,12,14,696
493.7777777777778,8.0,7.684666621830081,360,0.79,6.0,13,14,697
684.5555555555557,8.6,7.7,360,0.68,7.0,14,14,698
482.5555555555556,7.9,7.684666621830081,360,0.69,7.0,15,14,699
213.22222222222223,7.1,7.639711431702998,360,0.75,6.0,16,14,700
33.66666666666667,4.8,7.568198051533947,360,0.83,4.0,17,14,701
0.0,4.1,7.4750000000000005,360,0.85,4.0,18,14,702
0.0,3.2,7.366468570296134,360,0.89,4.0,19,14,703
0.0,3.0,7.25,360,0.91,4.0,20,14,704
0.0,2.6,7.133531429703866,360,0.93,4.0,21,14,705
0.0,3.0,7.025,360,0.94,4.0,22,14,706
0.0,1.3,6.931801948466053,360,0.97,2.0,23,14,707
0.0,1.8,6.860288568297002,360,0.97,2.0,24,14,708
0.0,1.5,5.41022225211328,360,0.98,2.0,1,15,709
0.0,1.8,5.4,360,0.96,3.0,2,15,710
0.0,1.2,5.41022225211328,360,0.97,2.0,3,15,711
0.0,0.9,5.440192378864669,360,0.98,2.0,4,15,712
0.0,0.4,5.487867965644036,360,0.98,2.0,5,15,713
0.0,-0.6,5.55,360,0.98,2.0,6,15,714
0.0,-1.7,5.622354286469244,360,1.0,2.0,7,15,715
0.0,-0.1,5.7,360,1.0,4.0,8,15,716
78.55555555555554,0.9,5.777645713530756,360,0.94,4.0,9,15,717
448.8888888888889,2.7,5.8500000000000005,360,0.92,4.0,10,15,718
628.4444444444443,4.6,5.912132034355964,360,0.83,6.0,11,15,719
751.8888888888888,5.3,5.959807621135331,360,0.81,8.0,12,15,720
662.1111111111112,5.7,5.989777747886721,360,0.74,8.0,13,15,721
404.0,5.4,6.0,360,0.73,8.0,14,15,722
224.44444444444446,4.5,5.989777747886721,360,0.81,8.0,15,15,723
101.0,3.9,5.959807621135331,360,0.86,6.0,16,15,724
33.66666666666667,3.0,5.912132034355964,360,0.91,4.0,17,15,725
0.0,1.6,5.8500000000000005,360,0.93,6.0,18,15,726
0.0,1.3,5.777645713530756,360,0.95,4.0,19,15,727
0.0,1.3,5.7,360,0.95,4.0,20,15,728
0.0,0.9,5.622354286469244,360,0.95,4.0,21,15,729
0.0,0.6,5.550000000000001,360,0.96,4.0,22,15,730
0.0,0.2,5.487867965644036,360,0.97,4.0,23,15,731
0.0,-0.6,5.440192378864669,360,0.98,2.0,24,15,732
0.0,-1.0,4.317037086855466,360,0.98,2.0,1,16,733
0.0,-0.3,4.3,360,0.98,2.0,2,16,734
0.0,-1.6,4.317037086855466,360,0.98,2.0,3,16,735
0.0,-2.0,4.36698729810778,360,0.99,2.0,4,16,736
0.0,-2.3,4.446446609406726,360,1.0,2.0,5,16,737
0.0,-2.1,4.55,360,1.0,2.0,6,16,738
0.0,-2.7,4.67059047744874,360,1.0,3.0,7,16,739
11.222222222222221,-2.3,4.8,360,1.0,3.0,8,16,740
314.2222222222222,-0.7,4.929409522551261,360,0.99,3.0,9,16,741
628.4444444444443,1.9,5.05,360,0.96,3.0,10,16,742
628.4444444444443,4.5,5.153553390593274,360,0.84,4.0,11,16,743
763.1111111111111,6.3,5.2330127018922195,360,0.78,4.0,12,16,744
718.2222222222222,6.3,5.282962913144534,360,0.75,6.0,13,16,745
303.0,6.6,5.3,360,0.74,4.0,14,16,746
168.33333333333331,5.5,5.282962913144534,360,0.79,4.0,15,16,747
145.88888888888889,5.7,5.2330127018922195,360,0.77,3.0,16,16,748
22.444444444444443,4.4,5.153553390593274,360,0.8,4.0,17,16,749
0.0,2.8,5.05,360,0.88,1.0,18,16,750
0.0,1.3,4.929409522551261,360,0.93,1.0,19,16,751
0.0,0.3,4.8,360,0.96,1.0,20,16,752
0.0,0.0,4.67059047744874,360,0.97,1.0,21,16,753
0.0,0.1,4.55,360,0.99,1.0,22,16,754
0.0,-2.0,4.446446609406726,360,1.0,1.0,23,16,755
0.0,-1.9,4.36698729810778,360,1.0,1.0,24,16,756
0.0,-1.6,3.8204445042265593,360,1.0,0.0,1,17,757
0.0,-2.5,3.8000000000000003,360,1.0,1.0,2,17,758
0.0,-2.7,3.8204445042265593,360,1.0,1.0,3,17,759
0.0,-2.0,3.880384757729337,360,1.0,0.0,4,17,760
0.0,-2.2,3.975735931288072,360,1.0,0.0,5,17,761
0.0,-3.3,4.1,360,1.0,1.0,6,17,762
0.0,-2.9,4.244708572938488,360,1.0,2.0,7,17,763
22.444444444444443,-2.5,4.4,360,1.0,0.0,8,17,764
145.88888888888889,-1.3,4.555291427061513,360,1.0,1.0,9,17,765
482.5555555555556,3.0,4.7,360,1.0,2.0,10,17,766
594.7777777777778,4.9,4.824264068711929,360,0.92,2.0,11,17,767
594.7777777777778,5.1,4.919615242270663,360,0.92,2.0,12,17,768
650.8888888888889,6.1,4.979555495773441,360,0.82,3.0,13,17,769
493.7777777777778,5.6,5.0,360,0.83,4.0,14,17,770
258.11111111111114,5.3,4.979555495773441,360,0.86,3.0,15,17,771
145.88888888888889,4.5,4.919615242270663,360,0.88,3.0,16,17,772
22.444444444444443,2.8,4.824264068711929,360,0.92,2.0,17,17,773
0.0,2.8,4.7,360,0.94,1.0,18,17,774
0.0,1.8,4.555291427061513,360,0.97,2.0,19,17,775
0.0,2.2,4.4,360,0.95,2.0,20,17,776
0.0,1.9,4.244708572938488,360,0.94,3.0,21,17,777
0.0,1.6,4.1000000000000005,360,0.96,3.0,22,17,778
0.0,1.7,3.975735931288072,360,0.95,2.0,23,17,779
0.0,1.5,3.8803847577293373,360,0.95,3.0,24,17,780
0.0,1.6,4.820444504226559,360,0.94,4.0,1,18,781
0.0,1.7,4.800000000000001,360,0.93,4.0,2,18,782
0.0,1.9,4.820444504226559,360,0.9,4.0,3,18,783
0.0,1.7,4.880384757729337,360,0.9,4.0,4,18,784
0.0,1.4,4.975735931288072,360,0.92,2.0,5,18,785
0.0,1.4,5.1,360,0.93,3.0,6,18,786
0.0,1.4,5.244708572938488,360,0.92,4.0,7,18,787
0.0,0.4,5.4,360,0.99,5.0,8,18,788
22.444444444444443,0.7,5.555291427061513,360,1.0,6.0,9,18,789
78.55555555555554,1.7,5.7,360,0.99,5.0,10,18,790
145.88888888888889,2.8,5.824264068711929,360,0.97,5.0,11,18,791
224.44444444444446,4.3,5.919615242270663,360,0.96,6.0,12,18,792
246.8888888888889,4.5,5.979555495773441,360,0.98,7.0,13,18,793
213.22222222222223,5.4,6.0,360,0.97,6.0,14,18,794
145.88888888888889,5.6,5.979555495773441,360,0.98,7.0,15,18,795
78.55555555555554,5.3,5.919615242270663,360,0.99,6.0,16,18,796
22.444444444444443,5.1,5.824264068711929,360,1.0,6.0,17,18,797
0.0,5.5,5.7,360,1.0,4.0,18,18,798
0.0,5.3,5.555291427061513,360,1.0,3.0,19,18,799
0.0,6.2,5.4,360,1.0,3.0,20,18,800
0.0,6.2,5.244708572938488,360,1.0,4.0,21,18,801
0.0,6.3,5.1000000000000005,360,1.0,3.0,22,18,802
0.0,6.1,4.975735931288072,360,1.0,3.0,23,18,803
0.0,5.8,4.880384757729337,360,1.0,3.0,24,18,804
0.0,4.7,5.72044450422656,360,1.0,3.0,1,19,805
0.0,4.5,5.700000000000001,360,1.0,1.0,2,19,806
0.0,3.8,5.72044450422656,360,1.0,2.0,3,19,807
0.0,3.5,5.780384757729338,360,1.0,2.0,4,19,808
0.0,3.1,5.875735931288072,360,1.0,2.0,5,19,809
0.0,3.1,6.0,360,1.0,1.0,6,19,810
0.0,2.9,6.144708572938488,360,1.0,2.0,7,19,811
0.0,2.8,6.300000000000001,360,1.0,2.0,8,19,812
67.33333333333334,3.2,6.455291427061513,360,1.0,2.0,9,19,813
168.33333333333331,3.9,6.6000000000000005,360,1.0,2.0,10,19,814
246.8888888888889,4.5,6.724264068711929,360,1.0,2.0,11,19,815
213.22222222222223,4.8,6.819615242270664,360,1.0,2.0,12,19,816
269.33333333333337,5.0,6.879555495773442,360,1.0,2.0,13,19,817
190.77777777777777,4.8,6.9,360,1.0,2.0,14,19,818
157.1111111111111,4.6,6.879555495773442,360,1.0,2.0,15,19,819
145.88888888888889,4.6,6.819615242270664,360,1.0,2.0,16,19,820
22.444444444444443,4.3,6.724264068711929,360,1.0,3.0,17,19,821
0.0,3.7,6.6000000000000005,360,1.0,4.0,18,19,822
0.0,3.1,6.455291427061513,360,1.0,4.0,19,19,823
0.0,3.0,6.300000000000001,360,1.0,3.0,20,19,824
0.0,2.5,6.144708572938488,360,1.0,4.0,21,19,825
0.0,2.4,6.000000000000001,360,1.0,4.0,22,19,826
0.0,2.1,5.875735931288072,360,1.0,4.0,23,19,827
0.0,1.8,5.780384757729338,360,1.0,3.0,24,19,828
0.0,1.9,6.008518543427733,360,1.0,4.0,1,20,829
0.0,2.1,6.0,360,1.0,3.0,2,20,830
0.0,2.2,6.008518543427733,360,1.0,3.0,3,20,831
0.0,2.4,6.033493649053891,360,1.0,4.0,4,20,832
0.0,2.2,6.0732233047033635,360,1.0,4.0,5,20,833
0.0,2.2,6.125,360,1.0,4.0,6,20,834
0.0,2.1,6.18529523872437,360,1.0,3.0,7,20,835
0.0,2.1,6.25,360,1.0,4.0,8,20,836
78.55555555555554,2.2,6.31470476127563,360,1.0,4.0,9,20,837
168.33333333333331,2.6,6.375,360,1.0,4.0,10,20,838
269.33333333333337,3.1,6.4267766952966365,360,0.99,4.0,11,20,839
336.66666666666663,3.4,6.466506350946109,360,0.96,4.0,12,20,840
594.7777777777778,3.9,6.491481456572267,360,0.94,6.0,13,20,841
493.7777777777778,2.5,6.5,360,0.96,6.0,14,20,842
168.33333333333331,2.0,6.491481456572267,360,0.99,5.0,15,20,843
67.33333333333334,1.5,6.466506350946109,360,1.0,6.0,16,20,844
11.222222222222221,1.5,6.4267766952966365,360,1.0,6.0,17,20,845
0.0,1.6,6.375,360,0.99,6.0,18,20,846
0.0,2.0,6.31470476127563,360,0.98,6.0,19,20,847
0.0,1.9,6.25,360,0.97,6.0,20,20,848
0.0,1.9,6.18529523872437,360,0.97,5.0,21,20,849
0.0,1.8,6.125,360,0.97,6.0,22,20,850
0.0,1.4,6.0732233047033635,360,0.98,5.0,23,20,851
0.0,0.9,6.033493649053891,360,0.99,6.0,24,20,852
0.0,0.8,5.415333378169919,360,0.99,7.0,1,21,853
0.0,1.1,5.4,360,0.99,6.0,2,21,854
0.0,1.1,5.415333378169919,360,1.0,7.0,3,21,855
0.0,1.1,5.460288568297003,360,0.99,5.0,4,21,856
0.0,1.0,5.531801948466053,360,0.99,6.0,5,21,857
0.0,0.9,5.625,360,1.0,6.0,6,21,858
0.0,0.6,5.7335314297038655,360,1.0,7.0,7,21,859
0.0,0.8,5.85,360,1.0,6.0,8,21,860
78.55555555555554,1.4,5.966468570296134,360,0.99,6.0,9,21,861
392.7777777777778,3.0,6.074999999999999,360,0.95,7.0,10,21,862
583.5555555555555,4.6,6.168198051533945,360,0.91,5.0,11,21,863
785.5555555555557,5.8,6.239711431702997,360,0.87,6.0,12,21,864
808.0,6.5,6.28466662183008,360,0.83,4.0,13,21,865
561.1111111111111,6.8,6.299999999999999,360,0.83,5.0,14,21,866
437.6666666666667,7.7,6.28466662183008,360,0.8,4.0,15,21,867
291.77777777777777,7.5,6.239711431702997,360,0.81,3.0,16,21,868
44.888888888888886,5.8,6.168198051533945,360,0.88,2.0,17,21,869
0.0,2.6,6.074999999999999,360,0.96,1.0,18,21,870
0.0,3.2,5.966468570296134,360,0.95,2.0,19,21,871
0.0,2.3,5.85,360,0.97,2.0,20,21,872
0.0,1.5,5.7335314297038655,360,0.98,1.0,21,21,873
0.0,1.7,5.625,360,0.99,2.0,22,21,874
0.0,0.9,5.531801948466054,360,1.0,2.0,23,21,875
0.0,0.7,5.460288568297003,360,1.0,2.0,24,21,876
0.0,0.4,5.228963047654292,360,1.0,2.0,1,22,877
0.0,2.8,5.200000000000001,360,1.0,4.0,2,22,878
0.0,4.5,5.228963047654292,360,0.99,6.0,3,22,879
0.0,4.7,5.313878406783227,360,0.99,5.0,4,22,880
0.0,4.8,5.448959235991435,360,0.97,6.0,5,22,881
0.0,4.3,5.625,360,0.97,6.0,6,22,882
0.0,5.2,5.830003811662858,360,0.95,6.0,7,22,883
0.0,5.2,6.050000000000001,360,0.94,8.0,8,22,884
33.66666666666667,4.8,6.269996188337143,360,0.98,6.0,9,22,885
123.44444444444446,5.0,6.4750000000000005,360,0.99,7.0,10,22,886
157.1111111111111,5.5,6.651040764008567,360,1.0,7.0,11,22,887
179.55555555555554,6.0,6.786121593216774,360,1.0,6.0,12,22,888
123.44444444444446,6.3,6.871036952345709,360,1.0,8.0,13,22,889
101.0,6.6,6.9,360,1.0,8.0,14,22,890
56.111111111111114,6.8,6.871036952345709,360,1.0,7.0,15,22,891
33.66666666666667,7.0,6.786121593216774,360,1.0,7.0,16,22,892
0.0,7.3,6.651040764008567,360,1.0,6.0,17,22,893
0.0,7.5,6.4750000000000005,360,1.0,6.0,18,22,894
0.0,7.7,6.269996188337143,360,1.0,6.0,19,22,895
0.0,7.7,6.050000000000001,360,1.0,6.0,20,22,896
0.0,7.8,5.830003811662858,360,1.0,5.0,21,22,897
0.0,7.8,5.625000000000001,360,1.0,4.0,22,22,898
0.0,8.0,5.448959235991436,360,1.0,2.0,23,22,899
0.0,8.0,5.313878406783227,360,1.0,3.0,24,22,900
0.0,7.8,6.325555630283199,360,1.0,1.0,1,23,901
0.0,7.8,6.3,360,1.0,2.0,2,23,902
0.0,7.6,6.325555630283199,360,1.0,1.0,3,23,903
0.0,7.6,6.400480947161671,360,1.0,2.0,4,23,904
0.0,7.7,6.519669914110089,360,1.0,2.0,5,23,905
0.0,7.4,6.675,360,1.0,2.0,6,23,906
0.0,7.3,6.855885716173109,360,1.0,2.0,7,23,907
11.222222222222221,6.7,7.05,360,0.98,2.0,8,23,908
78.55555555555554,6.2,7.244114283826891,360,0.99,2.0,9,23,909
325.44444444444446,8.7,7.425,360,0.99,3.0,10,23,910
359.1111111111111,9.0,7.58033008588991,360,0.94,3.0,11,23,911
628.4444444444443,10.5,7.699519052838329,360,0.92,4.0,12,23,912
707.0000000000001,11.1,7.774444369716801,360,0.88,4.0,13,23,913
808.0,11.7,7.8,360,0.85,4.0,14,23,914
437.6666666666667,10.4,7.774444369716801,360,0.9,4.0,15,23,915
157.1111111111111,9.6,7.699519052838329,360,0.93,2.0,16,23,916
44.888888888888886,8.3,7.58033008588991,360,0.97,2.0,17,23,917
0.0,7.1,7.425,360,0.99,1.0,18,23,918
0.0,6.8,7.244114283826891,360,1.0,1.0,19,23,919
0.0,6.9,7.05,360,1.0,2.0,20,23,920
0.0,7.0,6.855885716173109,360,1.0,2.0,21,23,921
0.0,7.0,6.675,360,1.0,2.0,22,23,922
0.0,6.9,6.519669914110089,360,1.0,2.0,23,23,923
0.0,6.7,6.400480947161671,360,1.0,3.0,24,23,924
0.0,6.4,6.425555630283199,360,1.0,2.0,1,24,925
0.0,4.9,6.4,360,1.0,2.0,2,24,926
0.0,5.6,6.425555630283199,360,1.0,2.0,3,24,927
0.0,4.2,6.500480947161671,360,1.0,2.0,4,24,928
0.0,4.4,6.619669914110089,360,1.0,3.0,5,24,929
0.0,3.9,6.775,360,1.0,2.0,6,24,930
0.0,3.1,6.95588571617311,360,1.0,2.0,7,24,931
22.444444444444443,3.6,7.15,360,1.0,2.0,8,24,932
190.77777777777777,5.5,7.344114283826891,360,1.0,2.0,9,24,933
460.11111111111114,9.9,7.525,360,0.99,3.0,10,24,934
673.3333333333333,12.0,7.680330085889911,360,0.77,3.0,11,24,935
740.6666666666667,12.9,7.799519052838329,360,0.77,3.0,12,24,936
763.1111111111111,13.7,7.874444369716802,360,0.68,4.0,13,24,937
740.6666666666667,15.1,7.9,360,0.63,4.0,14,24,938
561.1111111111111,14.9,7.874444369716802,360,0.63,3.0,15,24,939
303.0,13.6,7.799519052838329,360,0.65,2.0,16,24,940
67.33333333333334,11.7,7.680330085889911,360,0.76,2.0,17,24,941
0.0,10.3,7.525,360,0.82,2.0,18,24,942
0.0,9.6,7.344114283826891,360,0.82,3.0,19,24,943
0.0,8.2,7.15,360,0.84,2.0,20,24,944
0.0,6.4,6.95588571617311,360,0.89,2.0,21,24,945
0.0,7.9,6.775,360,0.78,2.0,22,24,946
0.0,7.6,6.61966991411009,360,0.69,3.0,23,24,947
0.0,10.0,6.500480947161671,360,0.62,8.0,24,24,948
0.0,9.3,6.723851921597653,360,0.73,10.0,1,25,949
0.0,8.9,6.700000000000001,360,0.79,9.0,2,25,950
0.0,8.5,6.723851921597653,360,0.82,9.0,3,25,951
0.0,7.8,6.793782217350893,360,0.87,9.0,4,25,952
0.0,7.5,6.905025253169417,360,0.88,8.0,5,25,953
0.0,7.1,7.05,360,0.89,8.0,6,25,954
0.0,7.2,7.218826668428236,360,0.89,8.0,7,25,955
11.222222222222221,7.3,7.4,360,0.89,8.0,8,25,956
202.0,8.2,7.581173331571764,360,0.87,8.0,9,25,957
460.11111111111114,9.7,7.75,360,0.84,8.0,10,25,958
662.1111111111112,11.4,7.8949747468305835,360,0.82,7.0,11,25,959
684.5555555555557,12.6,8.006217782649108,360,0.79,6.0,12,25,960
662.1111111111112,13.2,8.076148078402348,360,0.79,6.0,13,25,961
684.5555555555557,14.5,8.1,360,0.77,7.0,14,25,962
505.0,14.2,8.076148078402348,360,0.8,6.0,15,25,963
235.66666666666669,12.7,8.006217782649108,360,0.87,5.0,16,25,964
33.66666666666667,11.2,7.8949747468305835,360,0.9,3.0,17,25,965
0.0,9.9,7.75,360,0.93,3.0,18,25,966
0.0,10.8,7.581173331571764,360,0.92,4.0,19,25,967
0.0,10.9,7.4,360,0.91,6.0,20,25,968
0.0,11.2,7.218826668428236,360,0.91,8.0,21,25,969
0.0,10.7,7.050000000000001,360,0.94,8.0,22,25,970
0.0,10.3,6.905025253169417,360,0.96,6.0,23,25,971
0.0,9.8,6.793782217350893,360,0.97,5.0,24,25,972
0.0,10.2,7.918740795541012,360,0.98,5.0,1,26,973
0.0,10.0,7.8999999999999995,360,0.99,5.0,2,26,974
0.0,9.7,7.918740795541012,360,1.0,5.0,3,26,975
0.0,9.5,7.973686027918558,360,1.0,7.0,4,26,976
0.0,9.3,8.061091270347399,360,1.0,7.0,5,26,977
0.0,9.2,8.174999999999999,360,1.0,6.0,6,26,978
0.0,9.0,8.307649525193613,360,1.0,6.0,7,26,979
11.222222222222221,9.1,8.45,360,1.0,6.0,8,26,980
56.111111111111114,9.1,8.592350474806386,360,1.0,5.0,9,26,981
145.88888888888889,9.1,8.725,360,1.0,6.0,10,26,982
190.77777777777777,9.4,8.8389087296526,360,1.0,6.0,11,26,983
190.77777777777777,9.7,8.92631397208144,360,1.0,8.0,12,26,984
269.33333333333337,10.6,8.981259204458986,360,1.0,6.0,13,26,985
269.33333333333337,11.5,9.0,360,0.98,8.0,14,26,986
224.44444444444446,11.5,8.981259204458986,360,0.95,6.0,15,26,987
145.88888888888889,11.9,8.92631397208144,360,0.94,6.0,16,26,988
78.55555555555554,10.1,8.8389087296526,360,0.99,6.0,17,26,989
0.0,9.8,8.725,360,1.0,6.0,18,26,990
0.0,9.6,8.592350474806386,360,1.0,8.0,19,26,991
0.0,9.4,8.45,360,1.0,7.0,20,26,992
0.0,9.3,8.307649525193613,360,1.0,7.0,21,26,993
0.0,9.3,8.174999999999999,360,1.0,6.0,22,26,994
0.0,9.3,8.061091270347399,360,1.0,6.0,23,26,995
0.0,9.4,7.973686027918558,360,1.0,8.0,24,26,996
0.0,9.2,8.608518543427733,360,1.0,7.0,1,27,997
0.0,8.9,8.6,360,1.0,7.0,2,27,998
0.0,8.4,8.608518543427733,360,1.0,6.0,3,27,999
0.0,7.9,8.63349364905389,360,1.0,8.0,4,27,1000
0.0,7.6,8.673223304703363,360,1.0,8.0,5,27,1001
0.0,7.6,8.725,360,1.0,8.0,6,27,1002
0.0,7.6,8.78529523872437,360,1.0,7.0,7,27,1003
0.0,7.2,8.85,360,1.0,8.0,8,27,1004
44.888888888888886,7.2,8.91470476127563,360,1.0,8.0,9,27,1005
101.0,7.4,8.975,360,1.0,7.0,10,27,1006
145.88888888888889,7.7,9.026776695296636,360,1.0,8.0,11,27,1007
246.8888888888889,8.3,9.06650635094611,360,1.0,8.0,12,27,1008
213.22222222222223,8.9,9.091481456572266,360,1.0,8.0,13,27,1009
258.11111111111114,9.4,9.1,360,0.98,7.0,14,27,1010
202.0,10.1,9.091481456572266,360,0.96,8.0,15,27,1011
168.33333333333331,10.3,9.06650635094611,360,0.96,6.0,16,27,1012
67.33333333333334,9.8,9.026776695296636,360,0.97,6.0,17,27,1013
0.0,9.5,8.975,360,0.99,6.0,18,27,1014
0.0,9.2,8.91470476127563,360,0.99,7.0,19,27,1015
0.0,9.0,8.85,360,0.99,8.0,20,27,1016
0.0,8.8,8.78529523872437,360,0.99,8.0,21,27,1017
0.0,8.6,8.725,360,1.0,8.0,22,27,1018
0.0,8.6,8.673223304703363,360,1.0,8.0,23,27,1019
0.0,8.4,8.63349364905389,360,1.0,7.0,24,27,1020
0.0,8.6,8.70511112605664,360,1.0,6.0,1,28,1021
0.0,8.8,8.7,360,1.0,6.0,2,28,1022
0.0,8.8,8.70511112605664,360,1.0,6.0,3,28,1023
0.0,8.7,8.720096189432333,360,1.0,5.0,4,28,1024
0.0,8.6,8.743933982822018,360,1.0,4.0,5,28,1025
0.0,8.7,8.774999999999999,360,1.0,6.0,6,28,1026
0.0,8.7,8.811177143234621,360,1.0,6.0,7,28,1027
11.222222222222221,8.7,8.85,360,0.99,5.0,8,28,1028
22.444444444444443,8.7,8.888822856765378,360,1.0,2.0,9,28,1029
67.33333333333334,8.9,8.925,360,1.0,2.0,10,28,1030
145.88888888888889,9.3,8.956066017177982,360,0.99,3.0,11,28,1031
67.33333333333334,9.1,8.979903810567667,360,0.99,3.0,12,28,1032
101.0,8.3,8.99488887394336,360,1.0,4.0,13,28,1033
101.0,8.1,9.0,360,1.0,6.0,14,28,1034
89.77777777777777,7.9,8.99488887394336,360,1.0,4.0,15,28,1035
67.33333333333334,7.9,8.979903810567667,360,1.0,4.0,16,28,1036
11.222222222222221,7.7,8.956066017177982,360,1.0,4.0,17,28,1037
0.0,7.7,8.925,360,1.0,5.0,18,28,1038
0.0,7.5,8.888822856765378,360,1.0,4.0,19,28,1039
0.0,7.3,8.85,360,1.0,4.0,20,28,1040
0.0,7.1,8.811177143234621,360,1.0,5.0,21,28,1041
0.0,6.9,8.775,360,0.99,3.0,22,28,1042
0.0,6.1,8.743933982822018,360,1.0,4.0,23,28,1043
0.0,5.4,8.720096189432333,360,1.0,6.0,24,28,1044
0.0,4.3,7.120444504226558,360,1.0,2.0,1,29,1045
0.0,2.9,7.1,360,1.0,2.0,2,29,1046
0.0,0.8,7.120444504226558,360,1.0,1.0,3,29,1047
235.66666666666669,3.5,7.180384757729336,360,1.0,4.0,4,29,1048
583.5555555555555,4.3,7.275735931288071,360,1.0,5.0,5,29,1049
808.0,6.8,7.3999999999999995,360,1.0,6.0,6,29,1050
886.5555555555555,8.7,7.544708572938488,360,0.9,6.0,7,29,1051
482.5555555555556,8.9,7.7,360,0.9,5.0,8,29,1052
291.77777777777777,8.9,7.855291427061513,360,0.89,6.0,9,29,1053
145.88888888888889,8.9,8.0,360,0.89,6.0,10,29,1054
395.3839486526169,7.418295712969994,8.124264068711929,360,0.9095308183896159,7.226540919692001,11,29,1055
527.5539132689687,7.264953826385311,8.219615242270663,360,0.8622354980099968,7.84852813742354,12,29,1056
376.95719784813093,8.116080810124965,8.279555495773442,360,0.9089949493667724,8.814213562410256,13,29,1057
400.9306495632457,8.466963927679005,8.3,360,0.8462598846349393,8.80000000001219,14,29,1058
215.18507019877038,8.885119563396715,8.279555495773442,360,0.8572084879257663,7.900471551245044,15,29,1059
11.222222222222221,8.8,8.219615242270663,360,0.88,5.0,16,29,1060
33.66666666666667,8.5,8.124264068711929,360,0.9,6.0,17,29,1061
0.0,8.6,8.0,360,0.9,6.0,18,29,1062
0.0,8.4,7.855291427061513,360,0.9,6.0,19,29,1063
0.0,8.4,7.7,360,0.87,6.0,20,29,1064
0.0,8.2,7.544708572938488,360,0.86,6.0,21,29,1065
0.0,8.2,7.4,360,0.84,7.0,22,29,1066
0.0,8.1,7.275735931288072,360,0.84,7.0,23,29,1067
0.0,7.8,7.180384757729336,360,0.86,6.0,24,29,1068
0.0,7.7,7.923851921597653,360,0.88,8.0,1,30,1069
0.0,7.5,7.900000000000001,360,0.9,8.0,2,30,1070
0.0,7.3,7.923851921597653,360,0.9,8.0,3,30,1071
0.0,7.1,7.993782217350894,360,0.91,8.0,4,30,1072
0.0,7.1,8.105025253169417,360,0.93,8.0,5,30,1073
0.0,7.2,8.250000000000002,360,0.95,10.0,6,30,1074
0.0,7.0,8.418826668428236,360,0.95,9.0,7,30,1075
11.222222222222221,7.4,8.600000000000001,360,0.96,9.0,8,30,1076
56.111111111111114,7.6,8.781173331571766,360,0.96,13.0,9,30,1077
157.1111111111111,8.1,8.950000000000001,360,0.98,10.0,10,30,1078
202.0,8.9,9.094974746830585,360,0.99,10.0,11,30,1079
101.0,9.3,9.206217782649109,360,0.99,10.0,12,30,1080
101.0,10.2,9.276148078402349,360,0.99,12.0,13,30,1081
101.0,10.6,9.3,360,0.98,14.0,14,30,1082
89.77777777777777,10.7,9.276148078402349,360,0.99,12.0,15,30,1083
33.66666666666667,10.9,9.206217782649109,360,0.99,13.0,16,30,1084
11.222222222222221,11.0,9.094974746830585,360,0.99,14.0,17,30,1085
0.0,11.0,8.950000000000001,360,0.99,12.0,18,30,1086
11.222222222222221,10.1,8.781173331571766,360,1.0,8.0,19,30,1087
0.0,9.9,8.600000000000001,360,1.0,6.0,20,30,1088
0.0,11.0,8.418826668428236,360,1.0,8.0,21,30,1089
0.0,11.4,8.250000000000002,360,1.0,12.0,22,30,1090
0.0,11.3,8.105025253169417,360,0.99,12.0,23,30,1091
0.0,11.2,7.993782217350894,360,0.99,12.0,24,30,1092
0.0,11.1,8.627259338968745,360,0.99,11.0,1,31,1093
0.0,11.0,8.599999999999998,360,1.0,10.0,2,31,1094
0.0,11.1,8.627259338968743,360,1.0,12.0,3,31,1095
0.0,11.3,8.707179676972448,360,1.0,10.0,4,31,1096
0.0,11.6,8.83431457505076,360,1.0,11.0,5,31,1097
0.0,11.9,8.999999999999998,360,1.0,10.0,6,31,1098
0.0,11.8,9.192944763917982,360,0.99,12.0,7,31,1099
0.0,11.9,9.399999999999999,360,0.99,12.0,8,31,1100
44.888888888888886,12.1,9.607055236082015,360,0.99,14.0,9,31,1101
89.77777777777777,12.3,9.799999999999999,360,0.99,12.0,10,31,1102
157.1111111111111,12.4,9.965685424949237,360,0.99,11.0,11,31,1103
179.55555555555554,12.6,10.09282032302755,360,0.98,11.0,12,31,1104
269.33333333333337,12.7,10.172740661031254,360,0.98,10.0,13,31,1105
134.66666666666669,12.6,10.2,360,0.97,10.0,14,31,1106
112.22222222222223,12.5,10.172740661031254,360,0.97,10.0,15,31,1107
67.33333333333334,12.2,10.09282032302755,360,0.98,10.0,16,31,1108
22.444444444444443,12.0,9.965685424949237,360,0.99,9.0,17,31,1109
0.0,11.9,9.799999999999999,360,1.0,9.0,18,31,1110
0.0,11.8,9.607055236082015,360,1.0,8.0,19,31,1111
0.0,11.7,9.399999999999999,360,1.0,9.0,20,31,1112
0.0,11.6,9.192944763917982,360,1.0,10.0,21,31,1113
0.0,11.7,8.999999999999998,360,0.99,11.0,22,31,1114
0.0,11.5,8.834314575050762,360,1.0,10.0,23,31,1115
0.0,11.3,8.707179676972448,360,1.0,8.0,24,31,1116
0.0,11.0,9.910222252113279,360,0.99,8.0,1,32,1117
0.0,11.0,9.899999999999999,360,0.99,8.0,2,32,1118
0.0,10.9,9.910222252113279,360,0.98,10.0,3,32,1119
0.0,10.6,9.940192378864667,360,0.97,6.0,4,32,1120
0.0,10.5,9.987867965644035,360,0.96,5.0,5,32,1121
0.0,9.9,10.049999999999999,360,0.96,4.0,6,32,1122
0.0,10.2,10.122354286469243,360,0.98,4.0,7,32,1123
22.444444444444443,10.5,10.2,360,0.97,5.0,8,32,1124
67.33333333333334,10.6,10.277645713530756,360,0.97,6.0,9,32,1125
157.1111111111111,10.7,10.35,360,0.98,7.0,10,32,1126
213.22222222222223,11.2,10.412132034355963,360,0.98,8.0,11,32,1127
336.66666666666663,11.9,10.459807621135331,360,0.97,9.0,12,32,1128
370.33333333333337,11.7,10.48977774788672,360,0.95,8.0,13,32,1129
258.11111111111114,11.6,10.5,360,0.95,10.0,14,32,1130
190.77777777777777,11.9,10.48977774788672,360,0.93,8.0,15,32,1131
78.55555555555554,11.3,10.459807621135331,360,0.96,7.0,16,32,1132
22.444444444444443,10.8,10.412132034355963,360,0.97,8.0,17,32,1133
0.0,10.5,10.35,360,0.99,6.0,18,32,1134
0.0,10.3,10.277645713530756,360,0.99,5.0,19,32,1135
0.0,10.4,10.2,360,0.98,6.0,20,32,1136
0.0,10.2,10.122354286469243,360,0.98,4.0,21,32,1137
0.0,9.9,10.049999999999999,360,0.99,4.0,22,32,1138
0.0,10.0,9.987867965644035,360,0.98,5.0,23,32,1139
0.0,10.2,9.940192378864667,360,0.99,5.0,24,32,1140
0.0,10.2,9.911925960798827,360,0.99,5.0,1,33,1141
0.0,10.2,9.9,360,0.99,6.0,2,33,1142
0.0,10.1,9.911925960798827,360,0.99,5.0,3,33,1143
0.0,9.7,9.946891108675446,360,1.0,6.0,4,33,1144
0.0,9.6,10.002512626584709,360,1.0,4.0,5,33,1145
0.0,9.6,10.075,360,1.0,4.0,6,33,1146
0.0,9.6,10.159413334214118,360,0.99,4.0,7,33,1147
11.222222222222221,9.7,10.25,360,0.99,6.0,8,33,1148
134.66666666666669,10.2,10.340586665785882,360,0.97,6.0,9,33,1149
246.8888888888889,10.7,10.425,360,0.95,6.0,10,33,1150
381.55555555555554,11.2,10.497487373415291,360,0.93,8.0,11,33,1151
235.66666666666669,11.2,10.553108891324554,360,0.92,8.0,12,33,1152
235.66666666666669,11.7,10.588074039201173,360,0.9,8.0,13,33,1153
359.1111111111111,12.1,10.6,360,0.88,8.0,14,33,1154
325.44444444444446,12.1,10.588074039201173,360,0.84,9.0,15,33,1155
190.77777777777777,11.6,10.553108891324554,360,0.89,9.0,16,33,1156
33.66666666666667,10.6,10.497487373415291,360,0.97,8.0,17,33,1157
0.0,10.6,10.425,360,0.99,6.0,18,33,1158
0.0,10.9,10.340586665785882,360,0.99,7.0,19,33,1159
0.0,11.0,10.25,360,1.0,7.0,20,33,1160
0.0,9.5,10.159413334214118,360,1.0,6.0,21,33,1161
0.0,8.6,10.075000000000001,360,1.0,6.0,22,33,1162
0.0,8.1,10.002512626584709,360,0.98,2.0,23,33,1163
0.0,7.7,9.946891108675446,360,0.98,2.0,24,33,1164
0.0,7.5,9.208518543427733,360,0.99,2.0,1,34,1165
0.0,7.2,9.2,360,1.0,3.0,2,34,1166
0.0,7.4,9.208518543427733,360,1.0,4.0,3,34,1167
0.0,7.2,9.233493649053889,360,0.99,6.0,4,34,1168
0.0,6.6,9.273223304703363,360,0.96,6.0,5,34,1169
0.0,6.4,9.325,360,0.97,4.0,6,34,1170
0.0,5.4,9.38529523872437,360,0.98,5.0,7,34,1171
44.888888888888886,5.7,9.45,360,0.99,6.0,8,34,1172
246.8888888888889,6.5,9.51470476127563,360,0.91,6.0,9,34,1173
572.3333333333333,7.1,9.575,360,0.84,7.0,10,34,1174
785.5555555555557,8.0,9.626776695296636,360,0.73,8.0,11,34,1175
920.2222222222223,8.2,9.66650635094611,360,0.68,8.0,12,34,1176
830.4444444444446,7.9,9.691481456572266,360,0.62,8.0,13,34,1177
808.0,8.6,9.7,360,0.57,8.0,14,34,1178
695.7777777777778,8.8,9.691481456572266,360,0.54,8.0,15,34,1179
404.0,8.4,9.66650635094611,360,0.61,7.0,16,34,1180
67.33333333333334,6.3,9.626776695296636,360,0.71,6.0,17,34,1181
11.222222222222221,5.1,9.575,360,0.77,3.0,18,34,1182
0.0,4.9,9.51470476127563,360,0.81,4.0,19,34,1183
0.0,3.5,9.45,360,0.87,4.0,20,34,1184
0.0,3.1,9.38529523872437,360,0.89,6.0,21,34,1185
0.0,2.6,9.325,360,0.93,4.0,22,34,1186
0.0,1.9,9.273223304703363,360,0.94,3.0,23,34,1187
0.0,1.3,9.233493649053889,360,0.96,3.0,24,34,1188
0.0,1.1,7.127259338968745,360,0.96,2.0,1,35,1189
0.0,1.2,7.1,360,0.97,4.0,2,35,1190
0.0,1.3,7.127259338968745,360,0.98,3.0,3,35,1191
0.0,0.9,7.207179676972449,360,0.98,4.0,4,35,1192
0.0,1.4,7.334314575050762,360,0.98,4.0,5,35,1193
0.0,1.9,7.499999999999999,360,0.98,4.0,6,35,1194
0.0,2.3,7.692944763917983,360,0.97,4.0,7,35,1195
11.222222222222221,2.9,7.8999999999999995,360,0.96,4.0,8,35,1196
157.1111111111111,4.2,8.107055236082015,360,0.95,5.0,9,35,1197
404.0,6.6,8.299999999999999,360,0.91,6.0,10,35,1198
370.33333333333337,8.0,8.465685424949237,360,0.91,8.0,11,35,1199
303.0,8.0,8.592820323027551,360,0.96,8.0,12,35,1200
213.22222222222223,8.3,8.672740661031254,360,0.98,8.0,13,35,1201
112.22222222222223,9.1,8.7,360,0.98,8.0,14,35,1202
112.22222222222223,9.7,8.672740661031254,360,0.99,6.0,15,35,1203
123.44444444444446,10.1,8.592820323027551,360,0.97,6.0,16,35,1204
33.66666666666667,10.0,8.465685424949237,360,0.98,6.0,17,35,1205
0.0,9.8,8.299999999999999,360,0.98,8.0,18,35,1206
0.0,9.6,8.107055236082015,360,0.99,6.0,19,35,1207
0.0,9.5,7.8999999999999995,360,0.99,4.0,20,35,1208
0.0,9.5,7.692944763917983,360,1.0,4.0,21,35,1209
0.0,9.5,7.5,360,1.0,4.0,22,35,1210
0.0,9.4,7.334314575050762,360,1.0,4.0,23,35,1211
0.0,9.4,7.207179676972449,360,1.0,4.0,24,35,1212
0.0,9.2,8.323851921597653,360,1.0,2.0,1,36,1213
0.0,9.1,8.3,360,1.0,2.0,2,36,1214
0.0,9.1,8.323851921597653,360,1.0,2.0,3,36,1215
0.0,9.0,8.393782217350893,360,1.0,0.0,4,36,1216
0.0,8.9,8.505025253169418,360,1.0,1.0,5,36,1217
0.0,8.8,8.65,360,1.0,2.0,6,36,1218
0.0,8.8,8.818826668428235,360,1.0,2.0,7,36,1219
11.222222222222221,8.8,9.0,360,1.0,2.0,8,36,1220
78.55555555555554,9.0,9.181173331571765,360,1.0,3.0,9,36,1221
202.0,9.4,9.35,360,1.0,4.0,10,36,1222
213.22222222222223,9.7,9.494974746830582,360,1.0,4.0,11,36,1223
258.11111111111114,9.7,9.606217782649107,360,0.94,5.0,12,36,1224
258.11111111111114,9.8,9.676148078402347,360,0.94,4.0,13,36,1225
314.2222222222222,10.0,9.7,360,0.92,5.0,14,36,1226
493.7777777777778,10.8,9.676148078402347,360,0.9,4.0,15,36,1227
359.1111111111111,10.9,9.606217782649107,360,0.91,3.0,16,36,1228
101.0,9.6,9.494974746830582,360,0.95,2.0,17,36,1229
0.0,7.5,9.35,360,0.98,1.0,18,36,1230
0.0,7.4,9.181173331571765,360,0.99,2.0,19,36,1231
0.0,9.1,9.0,360,0.97,4.0,20,36,1232
0.0,9.3,8.818826668428235,360,0.93,6.0,21,36,1233
0.0,9.0,8.65,360,0.93,7.0,22,36,1234
0.0,8.6,8.505025253169418,360,0.92,6.0,23,36,1235
0.0,8.8,8.393782217350893,360,0.95,8.0,24,36,1236
0.0,8.9,8.715333378169918,360,0.97,8.0,1,37,1237
0.0,8.7,8.7,360,0.98,8.0,2,37,1238
0.0,8.6,8.715333378169918,360,0.98,7.0,3,37,1239
0.0,8.1,8.760288568297002,360,1.0,7.0,4,37,1240
0.0,8.6,8.831801948466051,360,1.0,8.0,5,37,1241
0.0,8.6,8.924999999999999,360,1.0,8.0,6,37,1242
0.0,8.3,9.033531429703864,360,1.0,8.0,7,37,1243
33.66666666666667,7.7,9.149999999999999,360,0.98,8.0,8,37,1244
303.0,8.0,9.266468570296134,360,0.96,10.0,9,37,1245
572.3333333333333,9.3,9.374999999999998,360,0.89,11.0,10,37,1246
819.2222222222222,10.9,9.468198051533944,360,0.82,11.0,11,37,1247
942.6666666666667,12.5,9.539711431702996,360,0.76,10.0,12,37,1248
976.3333333333333,13.6,9.58466662183008,360,0.71,10.0,13,37,1249
852.8888888888889,13.7,9.599999999999998,360,0.7,12.0,14,37,1250
650.8888888888889,14.1,9.58466662183008,360,0.7,12.0,15,37,1251
269.33333333333337,13.1,9.539711431702996,360,0.72,11.0,16,37,1252
67.33333333333334,12.4,9.468198051533944,360,0.72,9.0,17,37,1253
0.0,12.0,9.374999999999998,360,0.72,11.0,18,37,1254
0.0,12.0,9.266468570296134,360,0.71,12.0,19,37,1255
0.0,11.7,9.149999999999999,360,0.72,11.0,20,37,1256
0.0,12.0,9.033531429703864,360,0.73,12.0,21,37,1257
0.0,10.1,8.924999999999999,360,0.89,13.0,22,37,1258
0.0,9.3,8.831801948466053,360,0.93,11.0,23,37,1259
0.0,8.3,8.760288568297002,360,0.97,10.0,24,37,1260
0.0,8.2,8.411925960798827,360,0.97,10.0,1,38,1261
0.0,7.6,8.4,360,0.93,16.0,2,38,1262
0.0,7.6,8.411925960798827,360,0.96,6.0,3,38,1263
0.0,7.3,8.446891108675446,360,0.95,6.0,4,38,1264
0.0,6.3,8.502512626584709,360,0.93,7.0,5,38,1265
0.0,5.1,8.575,360,0.95,4.0,6,38,1266
0.0,4.5,8.659413334214118,360,0.97,4.0,7,38,1267
22.444444444444443,4.8,8.75,360,0.99,3.0,8,38,1268
202.0,6.1,8.840586665785882,360,0.94,4.0,9,38,1269
572.3333333333333,8.3,8.925,360,0.86,8.0,10,38,1270
740.6666666666667,9.2,8.997487373415291,360,0.82,10.0,11,38,1271
538.6666666666667,9.7,9.053108891324554,360,0.81,10.0,12,38,1272
875.3333333333334,9.7,9.088074039201173,360,0.78,12.0,13,38,1273
628.4444444444443,8.8,9.1,360,0.84,15.0,14,38,1274
516.2222222222223,9.6,9.088074039201173,360,0.8,10.0,15,38,1275
437.6666666666667,9.2,9.053108891324554,360,0.76,11.0,16,38,1276
89.77777777777777,8.3,8.997487373415291,360,0.85,10.0,17,38,1277
0.0,7.3,8.925,360,0.93,8.0,18,38,1278
0.0,7.5,8.840586665785882,360,0.93,7.0,19,38,1279
0.0,7.9,8.75,360,0.93,10.0,20,38,1280
0.0,7.7,8.659413334214118,360,0.97,10.0,21,38,1281
0.0,7.9,8.575000000000001,360,0.99,8.0,22,38,1282
0.0,9.1,8.502512626584709,360,0.98,10.0,23,38,1283
0.0,9.7,8.446891108675446,360,0.98,14.0,24,38,1284
0.0,10.3,8.818740795541014,360,0.97,14.0,1,39,1285
0.0,10.6,8.8,360,0.97,16.0,2,39,1286
0.0,10.9,8.818740795541014,360,0.96,18.0,3,39,1287
0.0,10.9,8.873686027918561,360,0.96,16.0,4,39,1288
0.0,11.2,8.961091270347401,360,0.93,21.0,5,39,1289
0.0,11.2,9.075000000000001,360,0.93,20.0,6,39,1290
0.0,11.1,9.207649525193615,360,0.94,16.0,7,39,1291
22.444444444444443,11.4,9.350000000000001,360,0.94,18.0,8,39,1292
89.77777777777777,11.1,9.492350474806388,360,0.93,15.0,9,39,1293
303.0,10.8,9.625000000000002,360,0.92,16.0,10,39,1294
404.0,11.2,9.738908729652602,360,0.92,15.0,11,39,1295
572.3333333333333,11.6,9.826313972081442,360,0.84,19.0,12,39,1296
471.33333333333337,11.3,9.881259204458988,360,0.81,20.0,13,39,1297
415.2222222222223,11.1,9.900000000000002,360,0.9,15.0,14,39,1298
291.77777777777777,10.4,9.881259204458988,360,0.86,17.0,15,39,1299
347.8888888888889,11.1,9.826313972081442,360,0.83,15.0,16,39,1300
78.55555555555554,10.6,9.738908729652602,360,0.82,18.0,17,39,1301
0.0,10.2,9.625000000000002,360,0.87,13.0,18,39,1302
0.0,10.4,9.492350474806388,360,0.87,12.0,19,39,1303
0.0,9.9,9.350000000000001,360,0.89,12.0,20,39,1304
0.0,9.3,9.207649525193615,360,0.94,12.0,21,39,1305
0.0,8.7,9.075000000000001,360,0.93,8.0,22,39,1306
0.0,9.5,8.961091270347401,360,0.96,8.0,23,39,1307
0.0,9.6,8.873686027918561,360,0.94,10.0,24,39,1308
0.0,9.4,9.310222252113281,360,0.95,10.0,1,40,1309
0.0,9.1,9.3,360,0.97,10.0,2,40,1310
0.0,9.3,9.310222252113281,360,0.97,10.0,3,40,1311
0.0,9.3,9.34019237886467,360,0.98,11.0,4,40,1312
0.0,9.7,9.387867965644038,360,0.99,12.0,5,40,1313
0.0,10.4,9.450000000000001,360,0.98,15.0,6,40,1314
0.0,11.2,9.522354286469245,360,0.98,16.0,7,40,1315
0.0,11.2,9.600000000000001,360,0.98,19.0,8,40,1316
67.33333333333334,11.3,9.677645713530758,360,0.98,17.0,9,40,1317
123.44444444444446,11.9,9.750000000000002,360,0.97,20.0,10,40,1318
280.55555555555554,11.9,9.812132034355965,360,0.88,24.0,11,40,1319
325.44444444444446,7.7,9.859807621135333,360,0.94,19.0,12,40,1320
583.5555555555555,9.1,9.889777747886722,360,0.85,15.0,13,40,1321
291.77777777777777,7.9,9.900000000000002,360,0.79,17.0,14,40,1322
347.8888888888889,7.8,9.889777747886722,360,0.72,13.0,15,40,1323
112.22222222222223,7.0,9.859807621135333,360,0.73,16.0,16,40,1324
112.22222222222223,5.8,9.812132034355965,360,0.8,14.0,17,40,1325
0.0,4.1,9.750000000000002,360,0.88,16.0,18,40,1326
0.0,4.5,9.677645713530758,360,0.83,13.0,19,40,1327
0.0,4.3,9.600000000000001,360,0.85,11.0,20,40,1328
0.0,3.4,9.522354286469245,360,0.86,8.0,21,40,1329
0.0,3.8,9.450000000000001,360,0.86,9.0,22,40,1330
0.0,3.2,9.387867965644038,360,0.9,8.0,23,40,1331
0.0,3.2,9.34019237886467,360,0.92,8.0,24,40,1332
0.0,2.4,7.022148212912105,360,0.94,7.0,1,41,1333
0.0,2.4,7.0,360,0.95,6.0,2,41,1334
0.0,2.0,7.022148212912105,360,0.95,6.0,3,41,1335
0.0,2.0,7.087083487540115,360,0.96,6.0,4,41,1336
0.0,2.1,7.190380592228744,360,0.96,5.0,5,41,1337
0.0,1.7,7.325,360,0.97,5.0,6,41,1338
0.0,1.9,7.481767620683362,360,0.97,6.0,7,41,1339
33.66666666666667,2.6,7.65,360,0.98,6.0,8,41,1340
224.44444444444446,3.6,7.818232379316639,360,0.96,6.0,9,41,1341
740.6666666666667,5.9,7.9750000000000005,360,0.9,7.0,10,41,1342
729.4444444444443,6.6,8.109619407771257,360,0.83,7.0,11,41,1343
729.4444444444443,6.7,8.212916512459886,360,0.81,8.0,12,41,1344
953.8888888888889,8.2,8.277851787087895,360,0.78,8.0,13,41,1345
606.0,7.5,8.3,360,0.74,8.0,14,41,1346
662.1111111111112,7.9,8.277851787087895,360,0.72,7.0,15,41,1347
314.2222222222222,7.3,8.212916512459886,360,0.79,8.0,16,41,1348
168.33333333333331,5.2,8.109619407771257,360,0.85,6.0,17,41,1349
11.222222222222221,4.1,7.9750000000000005,360,0.91,4.0,18,41,1350
0.0,3.0,7.818232379316639,360,0.94,4.0,19,41,1351
0.0,2.1,7.65,360,0.97,3.0,20,41,1352
0.0,2.2,7.481767620683362,360,0.97,4.0,21,41,1353
0.0,2.4,7.325,360,0.97,4.0,22,41,1354
0.0,2.2,7.1903805922287445,360,0.97,2.0,23,41,1355
0.0,2.5,7.087083487540115,360,0.98,2.0,24,41,1356
0.0,2.1,7.020444504226559,360,0.98,2.0,1,42,1357
0.0,2.3,7.0,360,0.99,1.0,2,42,1358
0.0,3.7,7.020444504226559,360,0.98,3.0,3,42,1359
0.0,3.6,7.080384757729337,360,0.98,4.0,4,42,1360
0.0,4.0,7.175735931288071,360,0.92,3.0,5,42,1361
0.0,4.0,7.3,360,0.97,2.0,6,42,1362
0.0,4.1,7.444708572938487,360,0.99,3.0,7,42,1363
11.222222222222221,4.2,7.6,360,1.0,2.0,8,42,1364
78.55555555555554,4.4,7.755291427061512,360,1.0,2.0,9,42,1365
202.0,4.8,7.8999999999999995,360,0.99,2.0,10,42,1366
482.5555555555556,5.9,8.024264068711927,360,0.91,2.0,11,42,1367
381.55555555555554,6.0,8.119615242270662,360,0.91,4.0,12,42,1368
269.33333333333337,6.2,8.17955549577344,360,0.92,4.0,13,42,1369
269.33333333333337,6.8,8.2,360,0.89,4.0,14,42,1370
830.4444444444446,8.5,8.17955549577344,360,0.8,5.0,15,42,1371
235.66666666666669,6.6,8.119615242270662,360,0.87,4.0,16,42,1372
67.33333333333334,5.9,8.024264068711927,360,0.92,4.0,17,42,1373
0.0,5.1,7.8999999999999995,360,0.92,3.0,18,42,1374
0.0,5.2,7.755291427061512,360,0.94,4.0,19,42,1375
0.0,4.9,7.6,360,0.95,3.0,20,42,1376
0.0,5.2,7.444708572938487,360,0.95,5.0,21,42,1377
0.0,5.4,7.3,360,0.96,5.0,22,42,1378
0.0,5.4,7.175735931288071,360,0.97,6.0,23,42,1379
0.0,5.4,7.080384757729337,360,0.97,6.0,24,42,1380
0.0,5.5,7.520444504226559,360,0.98,6.0,1,43,1381
0.0,5.7,7.5,360,0.99,6.0,2,43,1382
0.0,5.9,7.520444504226559,360,0.99,6.0,3,43,1383
0.0,6.1,7.580384757729337,360,0.99,8.0,4,43,1384
0.0,6.6,7.675735931288071,360,0.99,11.0,5,43,1385
0.0,7.3,7.8,360,1.0,8.0,6,43,1386
0.0,7.4,7.944708572938487,360,1.0,7.0,7,43,1387
11.222222222222221,7.8,8.1,360,0.99,7.0,8,43,1388
78.55555555555554,7.8,8.255291427061511,360,0.98,6.0,9,43,1389
291.77777777777777,9.8,8.4,360,0.94,12.0,10,43,1390
606.0,10.9,8.524264068711927,360,0.86,11.0,11,43,1391
707.0000000000001,11.5,8.619615242270662,360,0.77,12.0,12,43,1392
448.8888888888889,9.5,8.67955549577344,360,0.87,13.0,13,43,1393
864.1111111111111,11.0,8.7,360,0.83,12.0,14,43,1394
493.7777777777778,10.3,8.67955549577344,360,0.85,12.0,15,43,1395
314.2222222222222,10.2,8.619615242270662,360,0.86,12.0,16,43,1396
145.88888888888889,9.7,8.524264068711927,360,0.84,10.0,17,43,1397
0.0,8.4,8.4,360,0.9,10.0,18,43,1398
0.0,7.7,8.255291427061511,360,0.93,6.0,19,43,1399
0.0,7.1,8.1,360,0.94,6.0,20,43,1400
0.0,6.5,7.944708572938487,360,0.96,5.0,21,43,1401
0.0,6.3,7.8,360,0.97,6.0,22,43,1402
0.0,7.1,7.675735931288071,360,0.97,5.0,23,43,1403
0.0,6.6,7.580384757729337,360,0.97,4.0,24,43,1404
0.0,6.2,7.9170370868554665,360,0.98,4.0,1,44,1405
0.0,6.7,7.9,360,0.99,5.0,2,44,1406
0.0,7.3,7.9170370868554665,360,0.99,6.0,3,44,1407
0.0,7.7,7.966987298107781,360,0.99,7.0,4,44,1408
0.0,8.3,8.046446609406726,360,0.99,8.0,5,44,1409
0.0,8.8,8.15,360,0.99,11.0,6,44,1410
0.0,10.8,8.27059047744874,360,0.97,12.0,7,44,1411
33.66666666666667,11.1,8.4,360,0.91,19.0,8,44,1412
145.88888888888889,10.8,8.52940952255126,360,0.91,16.0,9,44,1413
179.55555555555554,10.7,8.65,360,0.85,16.0,10,44,1414
303.0,9.4,8.753553390593273,360,0.9,18.0,11,44,1415
650.8888888888889,11.2,8.833012701892219,360,0.82,19.0,12,44,1416
336.66666666666663,10.6,8.882962913144535,360,0.83,19.0,13,44,1417
392.7777777777778,10.9,8.9,360,0.84,21.0,14,44,1418
314.2222222222222,10.1,8.882962913144535,360,0.89,21.0,15,44,1419
190.77777777777777,9.3,8.833012701892219,360,0.93,21.0,16,44,1420
78.55555555555554,9.1,8.753553390593273,360,0.93,16.0,17,44,1421
0.0,8.7,8.65,360,0.94,15.0,18,44,1422
0.0,8.5,8.52940952255126,360,0.93,10.0,19,44,1423
0.0,8.3,8.4,360,0.95,8.0,20,44,1424
0.0,8.3,8.27059047744874,360,0.94,7.0,21,44,1425
0.0,8.0,8.15,360,0.96,6.0,22,44,1426
0.0,7.5,8.046446609406727,360,0.98,6.0,23,44,1427
0.0,7.0,7.966987298107781,360,0.98,6.0,24,44,1428
0.0,6.6,8.015333378169919,360,0.99,5.0,1,45,1429
0.0,6.6,7.999999999999999,360,0.99,6.0,2,45,1430
0.0,6.3,8.015333378169919,360,0.99,6.0,3,45,1431
0.0,6.1,8.060288568297002,360,0.99,7.0,4,45,1432
0.0,5.7,8.131801948466052,360,0.98,7.0,5,45,1433
0.0,5.3,8.225,360,0.98,6.0,6,45,1434
0.0,5.0,8.333531429703864,360,0.99,6.0,7,45,1435
56.111111111111114,5.0,8.45,360,0.99,5.0,8,45,1436
314.2222222222222,5.8,8.566468570296134,360,0.97,6.0,9,45,1437
538.6666666666667,7.0,8.674999999999999,360,0.94,7.0,10,45,1438
684.5555555555557,8.0,8.768198051533945,360,0.88,6.0,11,45,1439
695.7777777777778,8.2,8.839711431702996,360,0.84,5.0,12,45,1440
594.7777777777778,8.3,8.88466662183008,360,0.84,6.0,13,45,1441
493.7777777777778,8.6,8.899999999999999,360,0.84,6.0,14,45,1442
471.33333333333337,8.5,8.88466662183008,360,0.82,6.0,15,45,1443
336.66666666666663,8.2,8.839711431702996,360,0.82,6.0,16,45,1444
145.88888888888889,6.2,8.768198051533945,360,0.85,9.0,17,45,1445
0.0,3.7,8.674999999999999,360,0.97,6.0,18,45,1446
0.0,5.4,8.566468570296134,360,0.89,4.0,19,45,1447
0.0,4.7,8.45,360,0.93,3.0,20,45,1448
0.0,4.9,8.333531429703864,360,0.9,4.0,21,45,1449
0.0,4.7,8.225,360,0.91,6.0,22,45,1450
0.0,4.2,8.131801948466054,360,0.96,4.0,23,45,1451
0.0,4.8,8.060288568297002,360,0.96,7.0,24,45,1452
0.0,3.6,6.708518543427733,360,0.94,9.0,1,46,1453
0.0,2.7,6.7,360,0.96,7.0,2,46,1454
0.0,2.1,6.708518543427733,360,0.97,8.0,3,46,1455
0.0,1.9,6.733493649053891,360,0.97,8.0,4,46,1456
0.0,1.8,6.773223304703363,360,0.96,8.0,5,46,1457
0.0,1.4,6.825,360,0.95,8.0,6,46,1458
0.0,1.0,6.88529523872437,360,0.94,8.0,7,46,1459
44.888888888888886,1.6,6.95,360,0.93,10.0,8,46,1460
123.44444444444446,1.8,7.01470476127563,360,0.96,9.0,9,46,1461
179.55555555555554,2.2,7.075,360,0.97,10.0,10,46,1462
179.55555555555554,2.6,7.126776695296637,360,0.97,8.0,11,46,1463
314.2222222222222,4.0,7.1665063509461095,360,0.91,9.0,12,46,1464
662.1111111111112,4.7,7.191481456572268,360,0.83,11.0,13,46,1465
751.8888888888888,5.5,7.2,360,0.75,11.0,14,46,1466
516.2222222222223,5.9,7.191481456572268,360,0.73,11.0,15,46,1467
505.0,5.4,7.1665063509461095,360,0.73,12.0,16,46,1468
123.44444444444446,4.9,7.126776695296637,360,0.76,8.0,17,46,1469
22.444444444444443,3.4,7.075,360,0.81,8.0,18,46,1470
0.0,3.5,7.01470476127563,360,0.81,7.0,19,46,1471
0.0,2.8,6.95,360,0.84,6.0,20,46,1472
0.0,2.4,6.88529523872437,360,0.86,6.0,21,46,1473
0.0,2.1,6.825,360,0.86,6.0,22,46,1474
0.0,1.9,6.773223304703364,360,0.88,8.0,23,46,1475
0.0,1.4,6.733493649053891,360,0.91,8.0,24,46,1476
0.0,0.7,5.415333378169919,360,0.94,7.0,1,47,1477
0.0,0.1,5.4,360,0.96,7.0,2,47,1478
0.0,-0.5,5.415333378169919,360,0.97,5.0,3,47,1479
0.0,-0.6,5.460288568297003,360,0.98,4.0,4,47,1480
0.0,-0.9,5.531801948466053,360,0.98,4.0,5,47,1481
0.0,-0.9,5.625,360,0.98,5.0,6,47,1482
0.0,-0.8,5.7335314297038655,360,0.98,5.0,7,47,1483
168.33333333333331,-0.3,5.85,360,0.98,6.0,8,47,1484
606.0,1.2,5.966468570296134,360,0.95,6.0,9,47,1485
740.6666666666667,2.9,6.074999999999999,360,0.86,6.0,10,47,1486
942.6666666666667,3.9,6.168198051533945,360,0.8,7.0,11,47,1487
1099.7777777777778,4.8,6.239711431702997,360,0.69,7.0,12,47,1488
1122.2222222222222,5.7,6.28466662183008,360,0.7,7.0,13,47,1489
1043.6666666666665,6.1,6.299999999999999,360,0.59,8.0,14,47,1490
852.8888888888889,6.0,6.28466662183008,360,0.55,8.0,15,47,1491
572.3333333333333,5.7,6.239711431702997,360,0.55,8.0,16,47,1492
246.8888888888889,4.3,6.168198051533945,360,0.57,6.0,17,47,1493
11.222222222222221,1.3,6.074999999999999,360,0.68,5.0,18,47,1494
0.0,1.5,5.966468570296134,360,0.69,2.0,19,47,1495
0.0,0.7,5.85,360,0.74,2.0,20,47,1496
0.0,1.0,5.7335314297038655,360,0.75,4.0,21,47,1497
0.0,0.6,5.625,360,0.77,3.0,22,47,1498
0.0,-1.3,5.531801948466054,360,0.84,3.0,23,47,1499
0.0,-2.2,5.460288568297003,360,0.87,2.0,24,47,1500
0.0,-2.0,4.023851921597652,360,0.9,2.0,1,48,1501
0.0,-2.6,4.0,360,0.9,2.0,2,48,1502
0.0,-2.5,4.023851921597652,360,0.93,4.0,3,48,1503
0.0,-4.2,4.093782217350893,360,0.94,3.0,4,48,1504
0.0,-4.9,4.205025253169416,360,0.97,1.0,5,48,1505
0.0,-5.1,4.35,360,0.98,2.0,6,48,1506
0.0,-5.5,4.518826668428236,360,0.99,2.0,7,48,1507
202.0,-3.5,4.7,360,0.98,2.0,8,48,1508
527.4444444444445,-0.9,4.881173331571765,360,0.93,2.0,9,48,1509
875.3333333333334,1.2,5.050000000000001,360,0.84,2.0,10,48,1510
1223.2222222222222,2.2,5.194974746830583,360,0.81,4.0,11,48,1511
1133.4444444444443,3.3,5.3062177826491075,360,0.74,5.0,12,48,1512
1144.6666666666665,3.8,5.376148078402348,360,0.73,6.0,13,48,1513
1021.2222222222222,4.4,5.4,360,0.65,5.0,14,48,1514
763.1111111111111,4.5,5.376148078402348,360,0.62,4.0,15,48,1515
471.33333333333337,3.8,5.3062177826491075,360,0.63,3.0,16,48,1516
134.66666666666669,1.8,5.194974746830583,360,0.71,2.0,17,48,1517
0.0,-0.7,5.050000000000001,360,0.85,2.0,18,48,1518
0.0,-0.3,4.881173331571765,360,0.81,2.0,19,48,1519
0.0,0.0,4.7,360,0.79,2.0,20,48,1520
0.0,1.1,4.518826668428236,360,0.7,4.0,21,48,1521
0.0,1.5,4.3500000000000005,360,0.68,4.0,22,48,1522
0.0,2.1,4.205025253169417,360,0.64,4.0,23,48,1523
0.0,1.6,4.093782217350893,360,0.71,4.0,24,48,1524
0.0,1.5,4.8136296694843725,360,0.74,4.0,1,49,1525
0.0,1.9,4.799999999999999,360,0.76,4.0,2,49,1526
0.0,1.5,4.813629669484372,360,0.85,5.0,3,49,1527
0.0,0.5,4.853589838486224,360,0.96,4.0,4,49,1528
0.0,0.3,4.91715728752538,360,0.98,3.0,5,49,1529
0.0,0.6,4.999999999999999,360,0.99,5.0,6,49,1530
0.0,1.0,5.096472381958991,360,1.0,4.0,7,49,1531
11.222222222222221,1.4,5.199999999999999,360,1.0,3.0,8,49,1532
33.66666666666667,1.5,5.303527618041008,360,1.0,5.0,9,49,1533
89.77777777777777,0.6,5.3999999999999995,360,1.0,6.0,10,49,1534
314.2222222222222,1.9,5.482842712474619,360,1.0,6.0,11,49,1535
202.0,1.2,5.546410161513775,360,1.0,8.0,12,49,1536
336.66666666666663,1.6,5.586370330515627,360,1.0,6.0,13,49,1537
246.8888888888889,2.4,5.6,360,0.98,7.0,14,49,1538
291.77777777777777,3.2,5.586370330515627,360,0.96,5.0,15,49,1539
179.55555555555554,3.9,5.546410161513775,360,0.95,4.0,16,49,1540
89.77777777777777,4.2,5.482842712474619,360,0.93,5.0,17,49,1541
11.222222222222221,0.6,5.3999999999999995,360,0.97,3.0,18,49,1542
0.0,1.5,5.303527618041008,360,0.99,2.0,19,49,1543
0.0,0.9,5.199999999999999,360,0.99,2.0,20,49,1544
0.0,1.4,5.096472381958991,360,0.99,3.0,21,49,1545
0.0,0.9,4.999999999999999,360,0.99,3.0,22,49,1546
0.0,0.7,4.917157287525381,360,1.0,4.0,23,49,1547
0.0,0.1,4.853589838486224,360,1.0,3.0,24,49,1548
0.0,-0.1,4.432370465025385,360,1.0,2.0,1,50,1549
0.0,0.5,4.4,360,1.0,2.0,2,50,1550
0.0,0.9,4.432370465025385,360,1.0,3.0,3,50,1551
0.0,0.1,4.527275866404783,360,1.0,4.0,4,50,1552
0.0,0.8,4.678248557872779,360,1.0,3.0,5,50,1553
0.0,0.6,4.874999999999999,360,1.0,3.0,6,50,1554
0.0,0.8,5.104121907152605,360,1.0,3.0,7,50,1555
78.55555555555554,1.4,5.35,360,0.99,5.0,8,50,1556
426.44444444444446,2.5,5.595878092847395,360,0.98,4.0,9,50,1557
740.6666666666667,4.8,5.824999999999999,360,0.95,5.0,10,50,1558
965.1111111111112,7.0,6.021751442127219,360,0.88,6.0,11,50,1559
852.8888888888889,7.5,6.172724133595216,360,0.85,7.0,12,50,1560
729.4444444444443,8.4,6.267629534974614,360,0.8,7.0,13,50,1561
796.7777777777777,8.7,6.299999999999999,360,0.76,6.0,14,50,1562
852.8888888888889,9.1,6.267629534974614,360,0.72,8.0,15,50,1563
448.8888888888889,8.3,6.172724133595216,360,0.78,6.0,16,50,1564
67.33333333333334,6.7,6.021751442127219,360,0.89,8.0,17,50,1565
22.444444444444443,5.2,5.824999999999999,360,0.94,5.0,18,50,1566
0.0,5.0,5.595878092847395,360,0.93,5.0,19,50,1567
0.0,5.2,5.35,360,0.93,4.0,20,50,1568
0.0,5.0,5.104121907152605,360,0.94,5.0,21,50,1569
0.0,5.0,4.875,360,0.94,6.0,22,50,1570
0.0,5.1,4.67824855787278,360,0.94,8.0,23,50,1571
0.0,5.5,4.527275866404783,360,0.94,7.0,24,50,1572
0.0,6.0,5.939185299767572,360,0.95,6.0,1,51,1573
0.0,6.2,5.9,360,0.95,8.0,2,51,1574
0.0,6.4,5.939185299767572,360,0.98,8.0,3,51,1575
0.0,6.8,6.0540707856478955,360,0.98,9.0,4,51,1576
0.0,7.3,6.23682720163547,360,0.99,8.0,5,51,1577
0.0,7.4,6.475,360,0.99,9.0,6,51,1578
0.0,7.6,6.752358098132102,360,0.99,12.0,7,51,1579
44.888888888888886,8.4,7.05,360,0.99,10.0,8,51,1580
78.55555555555554,8.4,7.347641901867899,360,0.99,11.0,9,51,1581
145.88888888888889,9.1,7.625,360,0.99,10.0,10,51,1582
269.33333333333337,10.1,7.863172798364529,360,0.99,10.0,11,51,1583
314.2222222222222,11.1,8.045929214352103,360,0.98,10.0,12,51,1584
437.6666666666667,11.9,8.160814700232429,360,0.93,12.0,13,51,1585
392.7777777777778,11.8,8.2,360,0.94,11.0,14,51,1586
291.77777777777777,11.4,8.160814700232429,360,0.94,12.0,15,51,1587
235.66666666666669,11.4,8.045929214352103,360,0.95,12.0,16,51,1588
89.77777777777777,10.8,7.863172798364529,360,0.96,10.0,17,51,1589
11.222222222222221,10.5,7.625,360,0.98,10.0,18,51,1590
0.0,10.2,7.347641901867899,360,0.99,9.0,19,51,1591
0.0,10.1,7.05,360,0.98,10.0,20,51,1592
0.0,10.0,6.752358098132102,360,0.99,10.0,21,51,1593
0.0,9.8,6.4750000000000005,360,0.99,9.0,22,51,1594
0.0,9.8,6.236827201635471,360,1.0,8.0,23,51,1595
0.0,9.7,6.0540707856478955,360,1.0,7.0,24,51,1596
0.0,9.6,8.025555630283199,360,1.0,7.0,1,52,1597
0.0,9.6,8.0,360,1.0,7.0,2,52,1598
0.0,9.5,8.025555630283199,360,1.0,7.0,3,52,1599
0.0,9.5,8.100480947161671,360,1.0,6.0,4,52,1600
0.0,9.5,8.219669914110089,360,1.0,7.0,5,52,1601
0.0,9.5,8.375,360,1.0,6.0,6,52,1602
0.0,9.4,8.55588571617311,360,1.0,7.0,7,52,1603
67.33333333333334,9.6,8.75,360,1.0,6.0,8,52,1604
168.33333333333331,10.1,8.94411428382689,360,1.0,6.0,9,52,1605
246.8888888888889,10.5,9.125,360,1.0,6.0,10,52,1606
336.66666666666663,10.8,9.280330085889911,360,0.99,6.0,11,52,1607
370.33333333333337,11.0,9.399519052838329,360,0.99,6.0,12,52,1608
404.0,11.1,9.474444369716801,360,0.98,6.0,13,52,1609
347.8888888888889,11.2,9.5,360,0.98,6.0,14,52,1610
291.77777777777777,11.3,9.474444369716801,360,0.98,5.0,15,52,1611
134.66666666666669,10.9,9.399519052838329,360,0.99,6.0,16,52,1612
67.33333333333334,10.7,9.280330085889911,360,0.99,5.0,17,52,1613
11.222222222222221,10.4,9.125,360,1.0,6.0,18,52,1614
0.0,10.2,8.94411428382689,360,1.0,4.0,19,52,1615
0.0,10.1,8.75,360,1.0,4.0,20,52,1616
0.0,9.9,8.55588571617311,360,1.0,4.0,21,52,1617
0.0,9.5,8.375,360,1.0,5.0,22,52,1618
0.0,9.3,8.219669914110089,360,0.99,5.0,23,52,1619
0.0,9.2,8.100480947161671,360,0.98,5.0,24,52,1620
0.0,8.9,8.81533337816992,360,0.98,4.0,1,53,1621
0.0,8.9,8.8,360,0.99,4.0,2,53,1622
0.0,8.7,8.81533337816992,360,0.98,5.0,3,53,1623
0.0,8.7,8.860288568297003,360,0.98,6.0,4,53,1624
0.0,8.5,8.931801948466054,360,0.98,5.0,5,53,1625
0.0,8.3,9.025,360,0.99,3.0,6,53,1626
0.0,8.3,9.133531429703867,360,0.99,4.0,7,53,1627
33.66666666666667,8.3,9.25,360,1.0,5.0,8,53,1628
134.66666666666669,8.8,9.366468570296135,360,1.0,5.0,9,53,1629
280.55555555555554,9.7,9.475,360,0.98,7.0,10,53,1630
516.2222222222223,10.8,9.568198051533946,360,0.94,6.0,11,53,1631
213.22222222222223,10.0,9.639711431702997,360,0.95,7.0,12,53,1632
224.44444444444446,10.1,9.68466662183008,360,0.98,6.0,13,53,1633
213.22222222222223,10.1,9.7,360,0.96,6.0,14,53,1634
415.2222222222223,10.6,9.68466662183008,360,0.94,7.0,15,53,1635
224.44444444444446,10.3,9.639711431702997,360,0.96,7.0,16,53,1636
78.55555555555554,10.0,9.568198051533946,360,0.97,8.0,17,53,1637
11.222222222222221,9.7,9.475,360,0.97,10.0,18,53,1638
0.0,9.6,9.366468570296135,360,0.97,8.0,19,53,1639
0.0,9.3,9.25,360,0.99,7.0,20,53,1640
0.0,9.5,9.133531429703867,360,1.0,7.0,21,53,1641
0.0,9.7,9.025,360,1.0,7.0,22,53,1642
0.0,9.7,8.931801948466054,360,1.0,6.0,23,53,1643
0.0,9.6,8.860288568297003,360,1.0,6.0,24,53,1644
0.0,9.6,9.108518543427733,360,0.99,6.0,1,54,1645
0.0,9.5,9.1,360,0.98,8.0,2,54,1646
0.0,9.1,9.108518543427733,360,0.97,8.0,3,54,1647
0.0,8.9,9.13349364905389,360,0.98,7.0,4,54,1648
0.0,8.9,9.173223304703363,360,0.99,6.0,5,54,1649
0.0,8.8,9.225,360,0.99,6.0,6,54,1650
0.0,9.3,9.28529523872437,360,0.99,6.0,7,54,1651
44.888888888888886,9.7,9.35,360,0.99,6.0,8,54,1652
101.0,9.9,9.41470476127563,360,0.98,7.0,9,54,1653
134.66666666666669,10.0,9.475,360,0.99,6.0,10,54,1654
325.44444444444446,10.7,9.526776695296636,360,0.97,6.0,11,54,1655
224.44444444444446,8.1,9.56650635094611,360,0.98,6.0,12,54,1656
246.8888888888889,7.7,9.591481456572266,360,0.99,6.0,13,54,1657
246.8888888888889,7.5,9.6,360,0.98,5.0,14,54,1658
224.44444444444446,6.7,9.591481456572266,360,0.98,6.0,15,54,1659
123.44444444444446,6.3,9.56650635094611,360,0.99,4.0,16,54,1660
101.0,6.9,9.526776695296636,360,0.98,3.0,17,54,1661
11.222222222222221,6.7,9.475,360,0.98,2.0,18,54,1662
0.0,6.6,9.41470476127563,360,0.98,2.0,19,54,1663
0.0,6.2,9.35,360,0.98,2.0,20,54,1664
0.0,6.2,9.28529523872437,360,0.99,2.0,21,54,1665
0.0,6.1,9.225,360,1.0,2.0,22,54,1666
0.0,6.1,9.173223304703363,360,1.0,4.0,23,54,1667
0.0,5.7,9.13349364905389,360,1.0,4.0,24,54,1668
0.0,5.6,8.517037086855465,360,1.0,4.0,1,55,1669
0.0,5.6,8.5,360,1.0,4.0,2,55,1670
0.0,5.7,8.517037086855465,360,1.0,3.0,3,55,1671
0.0,5.8,8.566987298107781,360,1.0,4.0,4,55,1672
0.0,5.6,8.646446609406727,360,1.0,4.0,5,55,1673
0.0,5.9,8.75,360,1.0,4.0,6,55,1674
0.0,6.3,8.87059047744874,360,1.0,3.0,7,55,1675
44.888888888888886,7.8,9.0,360,1.0,4.0,8,55,1676
168.33333333333331,9.7,9.12940952255126,360,1.0,7.0,9,55,1677
202.0,10.1,9.25,360,0.99,6.0,10,55,1678
280.55555555555554,10.4,9.353553390593273,360,0.96,7.0,11,55,1679
224.44444444444446,10.7,9.433012701892219,360,0.96,8.0,12,55,1680
303.0,10.3,9.482962913144535,360,0.97,9.0,13,55,1681
246.8888888888889,10.1,9.5,360,0.93,9.0,14,55,1682
157.1111111111111,9.9,9.482962913144535,360,0.94,8.0,15,55,1683
101.0,9.7,9.433012701892219,360,0.95,8.0,16,55,1684
56.111111111111114,9.4,9.353553390593273,360,0.96,8.0,17,55,1685
11.222222222222221,9.3,9.25,360,0.96,8.0,18,55,1686
0.0,9.2,9.12940952255126,360,0.96,9.0,19,55,1687
0.0,8.9,9.0,360,0.96,6.0,20,55,1688
0.0,8.6,8.87059047744874,360,0.96,6.0,21,55,1689
0.0,8.6,8.75,360,0.97,4.0,22,55,1690
0.0,8.4,8.646446609406727,360,0.97,2.0,23,55,1691
0.0,6.6,8.566987298107781,360,0.97,6.0,24,55,1692
0.0,5.5,8.21022225211328,360,0.97,6.0,1,56,1693
0.0,4.5,8.2,360,0.97,6.0,2,56,1694
0.0,3.8,8.21022225211328,360,0.97,6.0,3,56,1695
0.0,3.5,8.240192378864668,360,0.97,6.0,4,56,1696
0.0,3.2,8.287867965644034,360,0.96,7.0,5,56,1697
0.0,3.2,8.35,360,0.95,8.0,6,56,1698
0.0,3.3,8.422354286469243,360,0.94,8.0,7,56,1699
22.444444444444443,3.5,8.5,360,0.94,8.0,8,56,1700
101.0,3.8,8.577645713530757,360,0.93,8.0,9,56,1701
269.33333333333337,4.5,8.65,360,0.91,7.0,10,56,1702
549.8888888888889,5.6,8.712132034355966,360,0.87,7.0,11,56,1703
852.8888888888889,6.6,8.759807621135332,360,0.78,8.0,12,56,1704
852.8888888888889,7.6,8.78977774788672,360,0.71,6.0,13,56,1705
886.5555555555555,7.5,8.8,360,0.66,7.0,14,56,1706
808.0,7.7,8.78977774788672,360,0.6,6.0,15,56,1707
347.8888888888889,6.9,8.759807621135332,360,0.62,6.0,16,56,1708
202.0,6.4,8.712132034355966,360,0.62,6.0,17,56,1709
11.222222222222221,5.3,8.65,360,0.68,4.0,18,56,1710
0.0,5.9,8.577645713530757,360,0.64,2.0,19,56,1711
0.0,5.5,8.5,360,0.7,2.0,20,56,1712
0.0,5.2,8.422354286469243,360,0.77,2.0,21,56,1713
0.0,5.0,8.35,360,0.78,2.0,22,56,1714
0.0,4.7,8.287867965644034,360,0.78,2.0,23,56,1715
0.0,4.1,8.240192378864668,360,0.81,3.0,24,56,1716
0.0,3.7,7.22044450422656,360,0.84,2.0,1,57,1717
0.0,3.0,7.200000000000001,360,0.89,1.0,2,57,1718
0.0,3.2,7.22044450422656,360,0.87,1.0,3,57,1719
0.0,2.8,7.280384757729338,360,0.88,1.0,4,57,1720
0.0,2.2,7.375735931288072,360,0.89,1.0,5,57,1721
0.0,1.7,7.5,360,0.9,2.0,6,57,1722
11.222222222222221,0.3,7.644708572938488,360,0.92,1.0,7,57,1723
123.44444444444446,1.3,7.800000000000001,360,0.92,1.0,8,57,1724
448.8888888888889,4.1,7.955291427061513,360,0.86,3.0,9,57,1725
628.4444444444443,5.9,8.100000000000001,360,0.74,4.0,10,57,1726
931.4444444444445,6.9,8.22426406871193,360,0.56,5.0,11,57,1727
852.8888888888889,7.5,8.319615242270665,360,0.49,5.0,12,57,1728
1212.0,7.4,8.379555495773442,360,0.52,6.0,13,57,1729
1189.5555555555557,8.1,8.4,360,0.49,9.0,14,57,1730
942.6666666666667,7.9,8.379555495773442,360,0.46,6.0,15,57,1731
527.4444444444445,6.7,8.319615242270665,360,0.5,6.0,16,57,1732
202.0,5.8,8.22426406871193,360,0.57,4.0,17,57,1733
22.444444444444443,4.8,8.100000000000001,360,0.63,4.0,18,57,1734
0.0,3.6,7.955291427061513,360,0.69,3.0,19,57,1735
0.0,2.8,7.800000000000001,360,0.75,3.0,20,57,1736
0.0,2.5,7.644708572938488,360,0.76,4.0,21,57,1737
0.0,2.1,7.500000000000001,360,0.77,5.0,22,57,1738
0.0,1.7,7.375735931288072,360,0.79,4.0,23,57,1739
0.0,1.1,7.280384757729338,360,0.83,4.0,24,57,1740
0.0,1.1,6.415333378169919,360,0.82,4.0,1,58,1741
0.0,0.5,6.4,360,0.85,4.0,2,58,1742
0.0,0.6,6.415333378169919,360,0.84,4.0,3,58,1743
0.0,0.6,6.460288568297003,360,0.84,4.0,4,58,1744
0.0,0.5,6.531801948466053,360,0.85,5.0,5,58,1745
0.0,0.5,6.625,360,0.85,5.0,6,58,1746
0.0,0.6,6.7335314297038655,360,0.86,5.0,7,58,1747
56.111111111111114,1.2,6.85,360,0.85,6.0,8,58,1748
67.33333333333334,1.9,6.966468570296134,360,0.84,6.0,9,58,1749
134.66666666666669,2.8,7.074999999999999,360,0.82,6.0,10,58,1750
269.33333333333337,3.8,7.168198051533945,360,0.82,7.0,11,58,1751
493.7777777777778,5.3,7.239711431702997,360,0.79,7.0,12,58,1752
583.5555555555555,5.9,7.28466662183008,360,0.79,8.0,13,58,1753
583.5555555555555,6.8,7.299999999999999,360,0.78,9.0,14,58,1754
527.4444444444445,7.6,7.28466662183008,360,0.75,9.0,15,58,1755
280.55555555555554,7.7,7.239711431702997,360,0.76,10.0,16,58,1756
89.77777777777777,7.4,7.168198051533945,360,0.77,8.0,17,58,1757
11.222222222222221,6.6,7.074999999999999,360,0.84,8.0,18,58,1758
0.0,6.3,6.966468570296134,360,0.85,9.0,19,58,1759
0.0,6.0,6.85,360,0.84,8.0,20,58,1760
0.0,5.8,6.7335314297038655,360,0.82,9.0,21,58,1761
0.0,5.5,6.625,360,0.81,8.0,22,58,1762
0.0,5.2,6.531801948466054,360,0.81,8.0,23,58,1763
0.0,4.6,6.460288568297003,360,0.81,10.0,24,58,1764
0.0,4.5,6.111925960798826,360,0.8,8.0,1,59,1765
0.0,3.7,6.1,360,0.79,9.0,2,59,1766
0.0,3.8,6.111925960798826,360,0.78,10.0,3,59,1767
0.0,3.4,6.146891108675446,360,0.78,10.0,4,59,1768
0.0,2.3,6.202512626584707,360,0.8,9.0,5,59,1769
0.0,1.2,6.2749999999999995,360,0.83,8.0,6,59,1770
0.0,0.7,6.359413334214117,360,0.83,7.0,7,59,1771
134.66666666666669,1.0,6.449999999999999,360,0.83,10.0,8,59,1772
359.1111111111111,1.9,6.540586665785882,360,0.81,9.0,9,59,1773
684.5555555555557,3.6,6.624999999999999,360,0.76,10.0,10,59,1774
886.5555555555555,3.8,6.697487373415291,360,0.75,10.0,11,59,1775
617.2222222222222,3.6,6.753108891324553,360,0.76,11.0,12,59,1776
460.11111111111114,3.6,6.788074039201173,360,0.77,10.0,13,59,1777
460.11111111111114,4.0,6.799999999999999,360,0.76,10.0,14,59,1778
437.6666666666667,4.4,6.788074039201173,360,0.73,10.0,15,59,1779
392.7777777777778,4.5,6.753108891324553,360,0.76,10.0,16,59,1780
190.77777777777777,4.3,6.697487373415291,360,0.74,10.0,17,59,1781
56.111111111111114,3.9,6.624999999999999,360,0.74,10.0,18,59,1782
0.0,3.7,6.540586665785882,360,0.78,10.0,19,59,1783
0.0,3.3,6.449999999999999,360,0.82,11.0,20,59,1784
0.0,3.2,6.359413334214117,360,0.83,12.0,21,59,1785
0.0,3.1,6.2749999999999995,360,0.81,12.0,22,59,1786
0.0,2.7,6.202512626584707,360,0.8,10.0,23,59,1787
0.0,2.0,6.146891108675446,360,0.8,9.0,24,59,1788
0.0,2.2,5.223851921597653,360,0.76,7.0,1,60,1789
0.0,1.7,5.200000000000001,360,0.74,9.0,2,60,1790
0.0,0.7,5.223851921597653,360,0.78,9.0,3,60,1791
0.0,-0.2,5.293782217350893,360,0.81,9.0,4,60,1792
0.0,-0.5,5.405025253169417,360,0.83,8.0,5,60,1793
0.0,-1.0,5.55,360,0.85,9.0,6,60,1794
0.0,-1.3,5.718826668428236,360,0.86,8.0,7,60,1795
179.55555555555554,-0.2,5.9,360,0.83,8.0,8,60,1796
538.6666666666667,1.1,6.081173331571764,360,0.8,12.0,9,60,1797
864.1111111111111,2.5,6.25,360,0.76,9.0,10,60,1798
1111.0,4.4,6.3949747468305835,360,0.72,9.0,11,60,1799
1234.4444444444443,5.2,6.506217782649108,360,0.65,8.0,12,60,1800
1279.3333333333335,6.5,6.576148078402348,360,0.61,8.0,13,60,1801
1178.3333333333335,7.7,6.6,360,0.6,8.0,14,60,1802
976.3333333333333,8.2,6.576148078402348,360,0.51,9.0,15,60,1803
673.3333333333333,8.2,6.506217782649108,360,0.5,8.0,16,60,1804
336.66666666666663,7.5,6.3949747468305835,360,0.51,7.0,17,60,1805
56.111111111111114,5.7,6.25,360,0.56,6.0,18,60,1806
0.0,4.1,6.081173331571764,360,0.63,4.0,19,60,1807
0.0,4.2,5.9,360,0.63,3.0,20,60,1808
0.0,2.6,5.718826668428236,360,0.71,2.0,21,60,1809
0.0,1.5,5.550000000000001,360,0.77,2.0,22,60,1810
0.0,2.4,5.405025253169417,360,0.74,3.0,23,60,1811
0.0,1.0,5.293782217350893,360,0.81,3.0,24,60,1812
0.0,1.5,5.139185299767571,360,0.81,1.0,1,61,1813
0.0,1.7,5.1,360,0.81,1.0,2,61,1814
0.0,1.2,5.139185299767571,360,0.84,1.0,3,61,1815
0.0,-1.0,5.254070785647895,360,0.9,2.0,4,61,1816
0.0,-1.2,5.436827201635469,360,0.9,1.0,5,61,1817
0.0,-0.3,5.674999999999999,360,0.89,2.0,6,61,1818
11.222222222222221,0.6,5.952358098132101,360,0.88,4.0,7,61,1819
101.0,1.3,6.25,360,0.87,4.0,8,61,1820
437.6666666666667,4.2,6.547641901867899,360,0.81,5.0,9,61,1821
516.2222222222223,7.0,6.825,360,0.78,6.0,10,61,1822
516.2222222222223,7.8,7.06317279836453,360,0.79,6.0,11,61,1823
538.6666666666667,9.0,7.245929214352104,360,0.77,7.0,12,61,1824
493.7777777777778,9.4,7.360814700232429,360,0.78,10.0,13,61,1825
359.1111111111111,9.2,7.4,360,0.81,10.0,14,61,1826
123.44444444444446,8.3,7.360814700232429,360,0.91,10.0,15,61,1827
89.77777777777777,8.4,7.245929214352104,360,0.91,9.0,16,61,1828
33.66666666666667,8.5,7.06317279836453,360,0.91,10.0,17,61,1829
11.222222222222221,8.5,6.825,360,0.94,10.0,18,61,1830
0.0,8.3,6.547641901867899,360,0.95,9.0,19,61,1831
0.0,8.4,6.25,360,0.96,9.0,20,61,1832
0.0,8.6,5.952358098132101,360,0.96,10.0,21,61,1833
0.0,8.9,5.675,360,0.97,8.0,22,61,1834
0.0,9.0,5.43682720163547,360,0.97,8.0,23,61,1835
0.0,9.4,5.254070785647896,360,0.97,6.0,24,61,1836
0.0,9.6,7.027259338968745,360,0.97,8.0,1,62,1837
0.0,9.8,7.0,360,0.98,6.0,2,62,1838
0.0,10.0,7.027259338968745,360,0.98,7.0,3,62,1839
0.0,10.2,7.107179676972449,360,0.98,8.0,4,62,1840
0.0,10.2,7.234314575050762,360,0.98,6.0,5,62,1841
0.0,10.4,7.3999999999999995,360,0.96,11.0,6,62,1842
0.0,9.5,7.592944763917983,360,0.92,12.0,7,62,1843
67.33333333333334,8.6,7.8,360,0.89,8.0,8,62,1844
269.33333333333337,8.6,8.007055236082016,360,0.86,8.0,9,62,1845
269.33333333333337,8.6,8.2,360,0.88,8.0,10,62,1846
303.0,9.0,8.365685424949238,360,0.79,7.0,11,62,1847
594.7777777777778,9.1,8.492820323027551,360,0.73,10.0,12,62,1848
942.6666666666667,9.7,8.572740661031254,360,0.63,11.0,13,62,1849
942.6666666666667,10.2,8.6,360,0.64,9.0,14,62,1850
841.6666666666666,9.0,8.572740661031254,360,0.66,12.0,15,62,1851
549.8888888888889,9.0,8.492820323027551,360,0.62,13.0,16,62,1852
258.11111111111114,8.2,8.365685424949238,360,0.7,11.0,17,62,1853
22.444444444444443,7.9,8.2,360,0.74,10.0,18,62,1854
0.0,6.4,8.007055236082016,360,0.84,12.0,19,62,1855
0.0,6.3,7.8,360,0.88,8.0,20,62,1856
0.0,6.3,7.592944763917983,360,0.88,8.0,21,62,1857
0.0,6.6,7.4,360,0.86,10.0,22,62,1858
0.0,6.1,7.234314575050762,360,0.89,9.0,23,62,1859
0.0,6.5,7.107179676972449,360,0.85,8.0,24,62,1860
0.0,6.0,7.022148212912105,360,0.87,10.0,1,63,1861
0.0,5.5,7.0,360,0.89,7.0,2,63,1862
0.0,5.1,7.022148212912105,360,0.9,6.0,3,63,1863
0.0,5.1,7.087083487540115,360,0.91,8.0,4,63,1864
0.0,4.9,7.190380592228744,360,0.9,7.0,5,63,1865
0.0,4.4,7.325,360,0.91,7.0,6,63,1866
11.222222222222221,4.0,7.481767620683362,360,0.92,6.0,7,63,1867
213.22222222222223,5.4,7.65,360,0.88,6.0,8,63,1868
471.33333333333337,7.3,7.818232379316639,360,0.81,8.0,9,63,1869
572.3333333333333,8.2,7.9750000000000005,360,0.76,8.0,10,63,1870
583.5555555555555,8.9,8.109619407771257,360,0.68,8.0,11,63,1871
538.6666666666667,9.0,8.212916512459886,360,0.68,8.0,12,63,1872
415.2222222222223,9.1,8.277851787087895,360,0.68,9.0,13,63,1873
594.7777777777778,9.6,8.3,360,0.7,9.0,14,63,1874
538.6666666666667,9.5,8.277851787087895,360,0.67,8.0,15,63,1875
460.11111111111114,10.2,8.212916512459886,360,0.63,7.0,16,63,1876
336.66666666666663,8.5,8.109619407771257,360,0.73,7.0,17,63,1877
22.444444444444443,8.1,7.9750000000000005,360,0.78,4.0,18,63,1878
0.0,7.6,7.818232379316639,360,0.88,6.0,19,63,1879
0.0,7.0,7.65,360,0.93,6.0,20,63,1880
0.0,6.8,7.481767620683362,360,0.94,6.0,21,63,1881
0.0,7.0,7.325,360,0.96,7.0,22,63,1882
0.0,7.2,7.1903805922287445,360,0.96,9.0,23,63,1883
0.0,7.8,7.087083487540115,360,0.97,9.0,24,63,1884
0.0,9.0,8.013629669484374,360,0.97,8.0,1,64,1885
0.0,9.7,8.0,360,0.97,8.0,2,64,1886
0.0,9.9,8.013629669484372,360,0.97,9.0,3,64,1887
0.0,10.2,8.053589838486225,360,0.97,11.0,4,64,1888
0.0,10.3,8.11715728752538,360,0.96,11.0,5,64,1889
0.0,10.4,8.2,360,0.96,10.0,6,64,1890
11.222222222222221,8.1,8.296472381958992,360,0.93,12.0,7,64,1891
67.33333333333334,8.7,8.4,360,0.94,9.0,8,64,1892
145.88888888888889,8.9,8.503527618041009,360,0.91,10.0,9,64,1893
190.77777777777777,7.9,8.600000000000001,360,0.91,10.0,10,64,1894
190.77777777777777,6.1,8.682842712474619,360,0.93,5.0,11,64,1895
258.11111111111114,6.9,8.746410161513776,360,0.92,4.0,12,64,1896
258.11111111111114,7.0,8.786370330515629,360,0.93,5.0,13,64,1897
246.8888888888889,7.3,8.8,360,0.94,6.0,14,64,1898
325.44444444444446,7.5,8.786370330515629,360,0.92,10.0,15,64,1899
303.0,7.5,8.746410161513776,360,0.89,8.0,16,64,1900
190.77777777777777,7.4,8.682842712474619,360,0.9,8.0,17,64,1901
22.444444444444443,6.4,8.600000000000001,360,0.91,6.0,18,64,1902
0.0,5.4,8.503527618041009,360,0.94,7.0,19,64,1903
0.0,5.5,8.4,360,0.94,6.0,20,64,1904
0.0,4.6,8.296472381958992,360,0.94,6.0,21,64,1905
0.0,3.5,8.200000000000001,360,0.95,4.0,22,64,1906
0.0,2.4,8.117157287525382,360,0.95,4.0,23,64,1907
0.0,2.2,8.053589838486225,360,0.96,4.0,24,64,1908
0.0,1.8,7.113629669484372,360,0.96,4.0,1,65,1909
0.0,2.4,7.1,360,0.95,4.0,2,65,1910
0.0,2.8,7.113629669484372,360,0.95,7.0,3,65,1911
0.0,3.5,7.153589838486224,360,0.95,6.0,4,65,1912
0.0,3.8,7.217157287525381,360,0.95,8.0,5,65,1913
0.0,4.6,7.3,360,0.94,9.0,6,65,1914
0.0,4.4,7.396472381958992,360,0.92,7.0,7,65,1915
157.1111111111111,4.3,7.5,360,0.93,6.0,8,65,1916
381.55555555555554,5.4,7.603527618041008,360,0.88,8.0,9,65,1917
347.8888888888889,5.4,7.7,360,0.85,8.0,10,65,1918
258.11111111111114,4.1,7.782842712474619,360,0.91,8.0,11,65,1919
516.2222222222223,4.0,7.846410161513775,360,0.88,8.0,12,65,1920
336.66666666666663,4.6,7.886370330515628,360,0.85,6.0,13,65,1921
572.3333333333333,6.0,7.9,360,0.76,6.0,14,65,1922
460.11111111111114,6.0,7.886370330515628,360,0.69,6.0,15,65,1923
415.2222222222223,6.4,7.846410161513775,360,0.72,5.0,16,65,1924
258.11111111111114,5.9,7.782842712474619,360,0.75,4.0,17,65,1925
33.66666666666667,4.3,7.7,360,0.82,2.0,18,65,1926
0.0,4.4,7.603527618041008,360,0.85,2.0,19,65,1927
0.0,3.9,7.5,360,0.86,8.0,20,65,1928
0.0,3.3,7.396472381958992,360,0.91,3.0,21,65,1929
0.0,2.7,7.3,360,0.92,2.0,22,65,1930
0.0,2.5,7.217157287525381,360,0.89,2.0,23,65,1931
0.0,1.9,7.153589838486225,360,0.9,2.0,24,65,1932
0.0,1.3,6.027259338968745,360,0.9,2.0,1,66,1933
0.0,0.3,6.0,360,0.92,2.0,2,66,1934
0.0,0.3,6.027259338968745,360,0.93,2.0,3,66,1935
0.0,0.0,6.107179676972449,360,0.93,2.0,4,66,1936
0.0,-0.2,6.234314575050762,360,0.94,2.0,5,66,1937
0.0,0.1,6.3999999999999995,360,0.94,2.0,6,66,1938
11.222222222222221,-0.6,6.592944763917983,360,0.94,2.0,7,66,1939
280.55555555555554,2.5,6.8,360,0.92,2.0,8,66,1940
415.2222222222223,4.0,7.007055236082016,360,0.89,3.0,9,66,1941
864.1111111111111,6.1,7.2,360,0.81,4.0,10,66,1942
1077.3333333333335,7.5,7.365685424949238,360,0.77,4.0,11,66,1943
448.8888888888889,6.7,7.4928203230275505,360,0.77,5.0,12,66,1944
650.8888888888889,7.6,7.572740661031254,360,0.68,5.0,13,66,1945
325.44444444444446,5.3,7.6,360,0.81,6.0,14,66,1946
359.1111111111111,6.3,7.572740661031254,360,0.85,3.0,15,66,1947
437.6666666666667,7.0,7.4928203230275505,360,0.77,3.0,16,66,1948
190.77777777777777,7.0,7.365685424949238,360,0.69,4.0,17,66,1949
22.444444444444443,5.6,7.2,360,0.81,6.0,18,66,1950
0.0,3.8,7.007055236082016,360,0.87,3.0,19,66,1951
0.0,3.3,6.8,360,0.9,2.0,20,66,1952
0.0,2.9,6.592944763917983,360,0.92,2.0,21,66,1953
0.0,2.7,6.4,360,0.93,2.0,22,66,1954
0.0,2.7,6.234314575050762,360,0.93,2.0,23,66,1955
0.0,2.5,6.107179676972449,360,0.93,2.0,24,66,1956
0.0,2.6,6.22044450422656,360,0.93,2.0,1,67,1957
0.0,1.5,6.200000000000001,360,0.94,3.0,2,67,1958
0.0,1.4,6.22044450422656,360,0.95,1.0,3,67,1959
0.0,1.2,6.280384757729338,360,0.96,1.0,4,67,1960
0.0,1.6,6.375735931288072,360,0.96,2.0,5,67,1961
0.0,2.0,6.5,360,0.96,1.0,6,67,1962
11.222222222222221,2.9,6.644708572938488,360,0.96,3.0,7,67,1963
78.55555555555554,3.4,6.800000000000001,360,0.95,4.0,8,67,1964
269.33333333333337,3.8,6.955291427061513,360,0.88,6.0,9,67,1965
886.5555555555555,6.0,7.1000000000000005,360,0.76,8.0,10,67,1966
1189.5555555555557,7.1,7.224264068711929,360,0.65,6.0,11,67,1967
763.1111111111111,7.2,7.319615242270664,360,0.62,8.0,12,67,1968
695.7777777777778,6.9,7.379555495773442,360,0.57,8.0,13,67,1969
404.0,6.7,7.4,360,0.6,7.0,14,67,1970
224.44444444444446,5.7,7.379555495773442,360,0.65,10.0,15,67,1971
370.33333333333337,6.2,7.319615242270664,360,0.5,10.0,16,67,1972
224.44444444444446,5.5,7.224264068711929,360,0.55,9.0,17,67,1973
56.111111111111114,4.9,7.1000000000000005,360,0.59,5.0,18,67,1974
0.0,3.1,6.955291427061513,360,0.67,4.0,19,67,1975
0.0,1.7,6.800000000000001,360,0.75,1.0,20,67,1976
0.0,1.4,6.644708572938488,360,0.76,3.0,21,67,1977
0.0,1.4,6.500000000000001,360,0.78,3.0,22,67,1978
0.0,0.5,6.375735931288072,360,0.8,3.0,23,67,1979
0.0,0.2,6.280384757729338,360,0.79,2.0,24,67,1980
0.0,-1.6,4.942592717138665,360,0.85,2.0,1,68,1981
0.0,-2.1,4.9,360,0.88,1.0,2,68,1982
0.0,-1.0,4.942592717138665,360,0.83,2.0,3,68,1983
0.0,-1.7,5.067468245269452,360,0.84,2.0,4,68,1984
0.0,-1.8,5.266116523516816,360,0.84,2.0,5,68,1985
0.0,-2.6,5.5249999999999995,360,0.89,2.0,6,68,1986
56.111111111111114,-2.8,5.82647619362185,360,0.91,2.0,7,68,1987
471.33333333333337,0.8,6.15,360,0.86,2.0,8,68,1988
751.8888888888888,4.1,6.473523806378151,360,0.69,2.0,9,68,1989
965.1111111111112,5.6,6.775,360,0.55,3.0,10,68,1990
987.5555555555557,5.5,7.033883476483185,360,0.57,5.0,11,68,1991
1391.5555555555557,7.5,7.232531754730549,360,0.57,6.0,12,68,1992
1155.888888888889,7.6,7.3574072828613355,360,0.56,5.0,13,68,1993
1043.6666666666665,7.6,7.4,360,0.6,5.0,14,68,1994
774.3333333333333,8.7,7.3574072828613355,360,0.6,4.0,15,68,1995
460.11111111111114,8.2,7.232531754730549,360,0.62,5.0,16,68,1996
179.55555555555554,8.0,7.033883476483185,360,0.68,4.0,17,68,1997
11.222222222222221,7.1,6.775,360,0.79,2.0,18,68,1998
0.0,5.7,6.473523806378151,360,0.9,6.0,19,68,1999
0.0,6.1,6.15,360,0.88,2.0,20,68,2000
0.0,5.5,5.82647619362185,360,0.9,4.0,21,68,2001
0.0,5.2,5.525,360,0.92,4.0,22,68,2002
0.0,4.9,5.266116523516816,360,0.93,4.0,23,68,2003
0.0,5.2,5.067468245269452,360,0.94,5.0,24,68,2004
0.0,5.6,6.922148212912106,360,0.94,5.0,1,69,2005
0.0,5.7,6.9,360,0.93,7.0,2,69,2006
0.0,5.9,6.922148212912106,360,0.92,7.0,3,69,2007
0.0,5.7,6.987083487540115,360,0.95,9.0,4,69,2008
0.0,6.1,7.090380592228744,360,0.96,10.0,5,69,2009
0.0,6.8,7.225,360,0.96,12.0,6,69,2010
0.0,7.7,7.381767620683362,360,0.96,10.0,7,69,2011
33.66666666666667,8.0,7.55,360,0.96,13.0,8,69,2012
291.77777777777777,9.1,7.718232379316638,360,0.87,11.0,9,69,2013
808.0,8.9,7.875,360,0.72,12.0,10,69,2014
909.0,9.6,8.009619407771256,360,0.72,11.0,11,69,2015
1043.6666666666665,10.3,8.112916512459885,360,0.65,12.0,12,69,2016
628.4444444444443,6.1,8.177851787087894,360,0.87,14.0,13,69,2017
527.4444444444445,7.6,8.2,360,0.8,10.0,14,69,2018
505.0,8.2,8.177851787087894,360,0.76,9.0,15,69,2019
224.44444444444446,7.4,8.112916512459885,360,0.75,9.0,16,69,2020
112.22222222222223,7.3,8.009619407771256,360,0.74,8.0,17,69,2021
33.66666666666667,7.0,7.875,360,0.72,6.0,18,69,2022
0.0,6.6,7.718232379316638,360,0.72,8.0,19,69,2023
0.0,6.2,7.55,360,0.75,8.0,20,69,2024
0.0,5.7,7.381767620683362,360,0.75,6.0,21,69,2025
0.0,5.9,7.2250000000000005,360,0.75,6.0,22,69,2026
0.0,5.5,7.090380592228744,360,0.79,6.0,23,69,2027
0.0,5.0,6.987083487540115,360,0.84,7.0,24,69,2028
0.0,4.4,7.1187407955410125,360,0.91,6.0,1,70,2029
0.0,4.2,7.1,360,0.93,5.0,2,70,2030
0.0,4.3,7.118740795541012,360,0.94,4.0,3,70,2031
0.0,4.3,7.173686027918558,360,0.95,5.0,4,70,2032
0.0,4.4,7.261091270347398,360,0.95,4.0,5,70,2033
0.0,4.3,7.374999999999999,360,0.96,3.0,6,70,2034
11.222222222222221,4.3,7.507649525193613,360,0.96,2.0,7,70,2035
78.55555555555554,4.8,7.6499999999999995,360,0.96,2.0,8,70,2036
291.77777777777777,5.9,7.792350474806386,360,0.94,3.0,9,70,2037
370.33333333333337,6.2,7.925,360,0.9,3.0,10,70,2038
538.6666666666667,7.3,8.0389087296526,360,0.86,4.0,11,70,2039
527.4444444444445,7.2,8.12631397208144,360,0.79,4.0,12,70,2040
291.77777777777777,7.5,8.181259204458987,360,0.79,3.0,13,70,2041
246.8888888888889,7.2,8.2,360,0.83,2.0,14,70,2042
179.55555555555554,7.0,8.181259204458987,360,0.84,4.0,15,70,2043
89.77777777777777,6.6,8.12631397208144,360,0.84,5.0,16,70,2044
33.66666666666667,6.3,8.0389087296526,360,0.85,4.0,17,70,2045
11.222222222222221,5.9,7.925,360,0.88,5.0,18,70,2046
0.0,5.6,7.792350474806386,360,0.91,4.0,19,70,2047
0.0,5.7,7.6499999999999995,360,0.9,4.0,20,70,2048
0.0,5.5,7.507649525193613,360,0.9,3.0,21,70,2049
0.0,5.5,7.375,360,0.9,3.0,22,70,2050
0.0,5.4,7.261091270347398,360,0.9,4.0,23,70,2051
0.0,5.0,7.173686027918558,360,0.91,4.0,24,70,2052
0.0,4.2,7.020444504226559,360,0.92,3.0,1,71,2053
0.0,3.6,7.0,360,0.93,2.0,2,71,2054
0.0,2.8,7.020444504226559,360,0.94,3.0,3,71,2055
0.0,3.0,7.080384757729337,360,0.94,4.0,4,71,2056
0.0,3.9,7.175735931288071,360,0.93,3.0,5,71,2057
0.0,3.9,7.3,360,0.92,3.0,6,71,2058
11.222222222222221,4.1,7.444708572938487,360,0.93,4.0,7,71,2059
67.33333333333334,4.6,7.6,360,0.93,4.0,8,71,2060
246.8888888888889,5.6,7.755291427061512,360,0.92,4.0,9,71,2061
291.77777777777777,6.3,7.8999999999999995,360,0.91,4.0,10,71,2062
516.2222222222223,7.5,8.024264068711927,360,0.84,4.0,11,71,2063
864.1111111111111,8.5,8.119615242270662,360,0.72,6.0,12,71,2064
336.66666666666663,8.4,8.17955549577344,360,0.76,6.0,13,71,2065
370.33333333333337,8.5,8.2,360,0.72,5.0,14,71,2066
303.0,8.6,8.17955549577344,360,0.73,5.0,15,71,2067
179.55555555555554,8.2,8.119615242270662,360,0.69,5.0,16,71,2068
145.88888888888889,7.8,8.024264068711927,360,0.63,6.0,17,71,2069
44.888888888888886,6.9,7.8999999999999995,360,0.68,5.0,18,71,2070
0.0,6.4,7.755291427061512,360,0.75,3.0,19,71,2071
0.0,6.5,7.6,360,0.73,4.0,20,71,2072
0.0,6.4,7.444708572938487,360,0.72,3.0,21,71,2073
0.0,6.5,7.3,360,0.72,2.0,22,71,2074
0.0,6.5,7.175735931288071,360,0.71,4.0,23,71,2075
0.0,5.9,7.080384757729337,360,0.74,2.0,24,71,2076
0.0,5.8,6.830666756339838,360,0.74,2.0,1,72,2077
0.0,5.6,6.799999999999999,360,0.76,2.0,2,72,2078
0.0,5.4,6.830666756339838,360,0.77,3.0,3,72,2079
0.0,3.6,6.920577136594004,360,0.83,2.0,4,72,2080
0.0,3.4,7.063603896932106,360,0.86,2.0,5,72,2081
0.0,2.4,7.249999999999999,360,0.88,2.0,6,72,2082
44.888888888888886,2.1,7.467062859407731,360,0.9,3.0,7,72,2083
280.55555555555554,3.3,7.699999999999999,360,0.9,3.0,8,72,2084
639.6666666666667,5.5,7.9329371405922675,360,0.84,4.0,9,72,2085
931.4444444444445,7.5,8.149999999999999,360,0.76,5.0,10,72,2086
1178.3333333333335,9.0,8.336396103067893,360,0.66,7.0,11,72,2087
1290.5555555555554,9.6,8.479422863405993,360,0.68,7.0,12,72,2088
1200.7777777777778,10.8,8.56933324366016,360,0.6,8.0,13,72,2089
1088.5555555555557,11.3,8.6,360,0.59,8.0,14,72,2090
953.8888888888889,11.0,8.56933324366016,360,0.57,8.0,15,72,2091
729.4444444444443,10.7,8.479422863405993,360,0.58,8.0,16,72,2092
370.33333333333337,9.7,8.336396103067893,360,0.63,8.0,17,72,2093
78.55555555555554,7.3,8.149999999999999,360,0.72,6.0,18,72,2094
0.0,5.3,7.9329371405922675,360,0.79,2.0,19,72,2095
0.0,5.6,7.699999999999999,360,0.79,4.0,20,72,2096
0.0,4.7,7.467062859407731,360,0.83,4.0,21,72,2097
0.0,4.6,7.25,360,0.83,3.0,22,72,2098
0.0,3.8,7.063603896932107,360,0.85,4.0,23,72,2099
0.0,2.3,6.920577136594004,360,0.88,2.0,24,72,2100
0.0,1.9,6.4289630476542925,360,0.89,2.0,1,73,2101
0.0,2.8,6.4,360,0.87,4.0,2,73,2102
0.0,2.3,6.4289630476542925,360,0.89,4.0,3,73,2103
0.0,2.0,6.513878406783228,360,0.9,4.0,4,73,2104
0.0,1.9,6.648959235991435,360,0.9,4.0,5,73,2105
0.0,1.4,6.825,360,0.91,4.0,6,73,2106
44.888888888888886,1.4,7.030003811662858,360,0.92,4.0,7,73,2107
314.2222222222222,2.8,7.25,360,0.9,6.0,8,73,2108
673.3333333333333,4.3,7.469996188337142,360,0.87,7.0,9,73,2109
976.3333333333333,6.2,7.675,360,0.82,8.0,10,73,2110
1200.7777777777778,7.4,7.851040764008565,360,0.77,8.0,11,73,2111
1290.5555555555554,7.4,7.986121593216772,360,0.72,10.0,12,73,2112
1189.5555555555557,8.2,8.071036952345708,360,0.68,10.0,13,73,2113
942.6666666666667,9.4,8.1,360,0.58,10.0,14,73,2114
1043.6666666666665,9.9,8.071036952345708,360,0.59,10.0,15,73,2115
830.4444444444446,10.2,7.986121593216772,360,0.56,8.0,16,73,2116
325.44444444444446,9.1,7.851040764008565,360,0.63,9.0,17,73,2117
11.222222222222221,8.7,7.675,360,0.64,8.0,18,73,2118
0.0,7.1,7.469996188337142,360,0.71,10.0,19,73,2119
0.0,6.9,7.25,360,0.72,9.0,20,73,2120
0.0,6.9,7.030003811662858,360,0.73,6.0,21,73,2121
0.0,6.6,6.825,360,0.76,5.0,22,73,2122
0.0,6.6,6.648959235991435,360,0.78,5.0,23,73,2123
0.0,6.9,6.513878406783228,360,0.78,5.0,24,73,2124
0.0,6.6,7.132370465025386,360,0.8,6.0,1,74,2125
0.0,6.3,7.1000000000000005,360,0.81,6.0,2,74,2126
0.0,5.9,7.132370465025385,360,0.82,6.0,3,74,2127
0.0,5.6,7.227275866404784,360,0.83,5.0,4,74,2128
0.0,4.5,7.37824855787278,360,0.85,5.0,5,74,2129
0.0,3.9,7.575,360,0.87,4.0,6,74,2130
56.111111111111114,4.6,7.804121907152606,360,0.86,6.0,7,74,2131
325.44444444444446,5.8,8.05,360,0.82,8.0,8,74,2132
673.3333333333333,7.0,8.295878092847396,360,0.78,10.0,9,74,2133
1010.0,8.5,8.525,360,0.74,9.0,10,74,2134
1245.6666666666665,9.8,8.721751442127221,360,0.68,8.0,11,74,2135
1369.1111111111113,11.2,8.872724133595218,360,0.63,8.0,12,74,2136
1380.3333333333333,12.0,8.967629534974616,360,0.57,8.0,13,74,2137
1290.5555555555554,12.8,9.0,360,0.56,8.0,14,74,2138
1066.1111111111113,13.0,8.967629534974616,360,0.58,8.0,15,74,2139
763.1111111111111,12.7,8.872724133595218,360,0.58,8.0,16,74,2140
415.2222222222223,11.7,8.721751442127221,360,0.61,7.0,17,74,2141
112.22222222222223,9.7,8.525,360,0.66,6.0,18,74,2142
0.0,9.0,8.295878092847396,360,0.71,6.0,19,74,2143
0.0,8.2,8.05,360,0.71,5.0,20,74,2144
0.0,7.3,7.804121907152606,360,0.73,6.0,21,74,2145
0.0,6.7,7.575000000000001,360,0.78,6.0,22,74,2146
0.0,5.6,7.37824855787278,360,0.82,6.0,23,74,2147
0.0,4.4,7.227275866404784,360,0.86,4.0,24,74,2148
0.0,3.7,6.940889008453119,360,0.87,3.0,1,75,2149
0.0,2.8,6.900000000000001,360,0.89,4.0,2,75,2150
0.0,1.4,6.940889008453119,360,0.91,2.0,3,75,2151
0.0,1.2,7.0607695154586745,360,0.92,2.0,4,75,2152
0.0,0.7,7.251471862576144,360,0.93,2.0,5,75,2153
0.0,0.5,7.500000000000001,360,0.93,2.0,6,75,2154
44.888888888888886,0.6,7.7894171458769765,360,0.94,2.0,7,75,2155
303.0,3.7,8.100000000000001,360,0.9,4.0,8,75,2156
729.4444444444443,6.4,8.410582854123026,360,0.83,5.0,9,75,2157
998.7777777777778,8.7,8.700000000000001,360,0.76,4.0,10,75,2158
1223.2222222222222,10.8,8.948528137423859,360,0.69,5.0,11,75,2159
1357.8888888888891,12.6,9.139230484541327,360,0.6,6.0,12,75,2160
1391.5555555555557,13.1,9.259110991546883,360,0.55,6.0,13,75,2161
1290.5555555555554,13.4,9.3,360,0.54,5.0,14,75,2162
1088.5555555555557,13.4,9.259110991546883,360,0.57,6.0,15,75,2163
808.0,12.3,9.139230484541327,360,0.56,7.0,16,75,2164
415.2222222222223,10.7,8.948528137423859,360,0.61,6.0,17,75,2165
123.44444444444446,8.5,8.700000000000001,360,0.64,6.0,18,75,2166
0.0,6.4,8.410582854123026,360,0.72,4.0,19,75,2167
0.0,6.8,8.100000000000001,360,0.68,3.0,20,75,2168
0.0,6.1,7.7894171458769765,360,0.74,4.0,21,75,2169
0.0,5.7,7.500000000000002,360,0.74,5.0,22,75,2170
0.0,6.3,7.251471862576144,360,0.7,5.0,23,75,2171
0.0,6.4,7.060769515458675,360,0.69,5.0,24,75,2172
0.0,6.2,7.611925960798826,360,0.71,6.0,1,76,2173
0.0,6.0,7.6,360,0.74,6.0,2,76,2174
0.0,6.0,7.611925960798826,360,0.81,6.0,3,76,2175
0.0,5.2,7.6468911086754465,360,0.93,6.0,4,76,2176
0.0,5.9,7.702512626584708,360,0.92,6.0,5,76,2177
0.0,4.6,7.7749999999999995,360,0.82,11.0,6,76,2178
44.888888888888886,3.6,7.859413334214118,360,0.82,10.0,7,76,2179
303.0,3.9,7.95,360,0.81,9.0,8,76,2180
729.4444444444443,5.3,8.040586665785883,360,0.74,10.0,9,76,2181
606.0,5.3,8.125,360,0.72,10.0,10,76,2182
684.5555555555557,6.0,8.197487373415292,360,0.67,10.0,11,76,2183
808.0,6.1,8.253108891324555,360,0.67,10.0,12,76,2184
1088.5555555555557,7.5,8.288074039201174,360,0.64,10.0,13,76,2185
561.1111111111111,7.5,8.3,360,0.64,8.0,14,76,2186
628.4444444444443,7.6,8.288074039201174,360,0.58,9.0,15,76,2187
123.44444444444446,6.8,8.253108891324555,360,0.6,10.0,16,76,2188
44.888888888888886,5.7,8.197487373415292,360,0.64,9.0,17,76,2189
11.222222222222221,5.5,8.125,360,0.58,7.0,18,76,2190
0.0,4.2,8.040586665785883,360,0.67,6.0,19,76,2191
0.0,3.5,7.95,360,0.74,3.0,20,76,2192
0.0,4.0,7.859413334214118,360,0.74,4.0,21,76,2193
0.0,3.8,7.775,360,0.76,4.0,22,76,2194
0.0,3.3,7.702512626584708,360,0.79,4.0,23,76,2195
0.0,3.2,7.6468911086754465,360,0.8,3.0,24,76,2196
0.0,3.1,6.839185299767571,360,0.8,4.0,1,77,2197
0.0,2.7,6.799999999999999,360,0.82,4.0,2,77,2198
0.0,2.5,6.839185299767571,360,0.84,4.0,3,77,2199
0.0,2.6,6.954070785647895,360,0.84,3.0,4,77,2200
0.0,2.5,7.1368272016354695,360,0.87,4.0,5,77,2201
0.0,2.3,7.374999999999999,360,0.9,4.0,6,77,2202
78.55555555555554,2.4,7.6523580981321,360,0.91,3.0,7,77,2203
303.0,3.8,7.949999999999999,360,0.86,5.0,8,77,2204
718.2222222222222,5.5,8.247641901867897,360,0.79,5.0,9,77,2205
1066.1111111111113,7.1,8.524999999999999,360,0.73,5.0,10,77,2206
1324.2222222222224,8.5,8.76317279836453,360,0.65,7.0,11,77,2207
965.1111111111112,9.4,8.945929214352104,360,0.62,6.0,12,77,2208
1245.6666666666665,10.4,9.060814700232427,360,0.49,6.0,13,77,2209
1391.5555555555557,11.5,9.1,360,0.43,6.0,14,77,2210
549.8888888888889,10.8,9.060814700232427,360,0.48,8.0,15,77,2211
347.8888888888889,10.1,8.945929214352104,360,0.53,6.0,16,77,2212
179.55555555555554,9.5,8.76317279836453,360,0.6,4.0,17,77,2213
33.66666666666667,8.5,8.524999999999999,360,0.68,2.0,18,77,2214
0.0,8.1,8.247641901867897,360,0.72,2.0,19,77,2215
0.0,7.8,7.949999999999999,360,0.75,2.0,20,77,2216
0.0,6.3,7.6523580981321,360,0.85,2.0,21,77,2217
0.0,5.9,7.375,360,0.87,1.0,22,77,2218
0.0,5.6,7.1368272016354695,360,0.87,1.0,23,77,2219
0.0,4.7,6.954070785647895,360,0.9,1.0,24,77,2220
0.0,4.2,7.139185299767571,360,0.91,1.0,1,78,2221
0.0,3.0,7.1,360,0.92,2.0,2,78,2222
0.0,1.9,7.139185299767571,360,0.94,1.0,3,78,2223
0.0,1.7,7.254070785647895,360,0.94,2.0,4,78,2224
0.0,1.8,7.436827201635469,360,0.95,1.0,5,78,2225
0.0,2.4,7.674999999999999,360,0.92,2.0,6,78,2226
89.77777777777777,3.2,7.952358098132101,360,0.89,2.0,7,78,2227
359.1111111111111,5.4,8.25,360,0.87,2.0,8,78,2228
785.5555555555557,8.8,8.547641901867898,360,0.76,5.0,9,78,2229
1054.888888888889,10.6,8.825000000000001,360,0.68,6.0,10,78,2230
1279.3333333333335,11.8,9.06317279836453,360,0.6,6.0,11,78,2231
1425.2222222222222,12.7,9.245929214352104,360,0.57,7.0,12,78,2232
1425.2222222222222,13.4,9.360814700232428,360,0.51,7.0,13,78,2233
1313.0,13.8,9.4,360,0.51,7.0,14,78,2234
1111.0,13.6,9.360814700232428,360,0.5,6.0,15,78,2235
808.0,13.2,9.245929214352104,360,0.51,7.0,16,78,2236
460.11111111111114,12.5,9.06317279836453,360,0.54,5.0,17,78,2237
123.44444444444446,10.0,8.825000000000001,360,0.62,4.0,18,78,2238
0.0,7.7,8.547641901867898,360,0.7,2.0,19,78,2239
0.0,6.1,8.25,360,0.72,2.0,20,78,2240
0.0,6.0,7.952358098132101,360,0.74,2.0,21,78,2241
0.0,5.5,7.675,360,0.79,4.0,22,78,2242
0.0,5.5,7.43682720163547,360,0.82,4.0,23,78,2243
0.0,4.4,7.254070785647896,360,0.85,5.0,24,78,2244
0.0,3.9,7.037481591082025,360,0.87,3.0,1,79,2245
0.0,3.8,7.0,360,0.87,4.0,2,79,2246
0.0,2.1,7.037481591082025,360,0.9,3.0,3,79,2247
0.0,1.5,7.147372055837117,360,0.92,2.0,4,79,2248
0.0,2.3,7.322182540694797,360,0.93,4.0,5,79,2249
0.0,2.1,7.549999999999999,360,0.93,5.0,6,79,2250
67.33333333333334,2.3,7.815299050387227,360,0.93,4.0,7,79,2251
347.8888888888889,4.0,8.1,360,0.91,6.0,8,79,2252
763.1111111111111,6.1,8.384700949612773,360,0.85,7.0,9,79,2253
1054.888888888889,7.6,8.65,360,0.82,8.0,10,79,2254
1290.5555555555554,8.6,8.877817459305202,360,0.79,8.0,11,79,2255
1425.2222222222222,10.0,9.052627944162882,360,0.76,8.0,12,79,2256
1436.4444444444443,10.8,9.162518408917975,360,0.72,8.0,13,79,2257
1346.6666666666665,11.9,9.2,360,0.67,8.0,14,79,2258
1133.4444444444443,12.9,9.162518408917975,360,0.61,8.0,15,79,2259
819.2222222222222,13.1,9.052627944162882,360,0.59,8.0,16,79,2260
460.11111111111114,12.2,8.877817459305202,360,0.61,8.0,17,79,2261
134.66666666666669,10.6,8.65,360,0.66,6.0,18,79,2262
0.0,9.0,8.384700949612773,360,0.71,7.0,19,79,2263
0.0,7.5,8.1,360,0.81,8.0,20,79,2264
0.0,5.9,7.815299050387227,360,0.85,7.0,21,79,2265
0.0,5.0,7.55,360,0.88,7.0,22,79,2266
0.0,4.3,7.322182540694798,360,0.89,8.0,23,79,2267
0.0,3.8,7.147372055837117,360,0.9,8.0,24,79,2268
0.0,3.3,7.330666756339838,360,0.9,8.0,1,80,2269
0.0,3.0,7.299999999999999,360,0.91,8.0,2,80,2270
0.0,2.6,7.330666756339838,360,0.92,7.0,3,80,2271
0.0,2.5,7.420577136594004,360,0.92,7.0,4,80,2272
0.0,2.4,7.563603896932106,360,0.93,6.0,5,80,2273
0.0,2.5,7.749999999999999,360,0.93,8.0,6,80,2274
33.66666666666667,2.8,7.967062859407731,360,0.92,8.0,7,80,2275
202.0,3.3,8.2,360,0.92,8.0,8,80,2276
314.2222222222222,4.1,8.432937140592268,360,0.91,7.0,9,80,2277
482.5555555555556,4.6,8.649999999999999,360,0.9,7.0,10,80,2278
852.8888888888889,6.3,8.836396103067893,360,0.86,7.0,11,80,2279
998.7777777777778,8.5,8.979422863405993,360,0.81,6.0,12,80,2280
796.7777777777777,6.9,9.06933324366016,360,0.83,6.0,13,80,2281
774.3333333333333,9.9,9.1,360,0.76,6.0,14,80,2282
1111.0,10.3,9.06933324366016,360,0.73,6.0,15,80,2283
841.6666666666666,10.2,8.979422863405993,360,0.74,6.0,16,80,2284
392.7777777777778,9.8,8.836396103067893,360,0.76,5.0,17,80,2285
67.33333333333334,8.4,8.649999999999999,360,0.81,5.0,18,80,2286
11.222222222222221,7.1,8.432937140592268,360,0.86,2.0,19,80,2287
0.0,6.4,8.2,360,0.86,4.0,20,80,2288
0.0,6.5,7.967062859407731,360,0.81,6.0,21,80,2289
0.0,4.9,7.75,360,0.85,6.0,22,80,2290
0.0,4.2,7.563603896932107,360,0.86,4.0,23,80,2291
0.0,3.3,7.420577136594004,360,0.89,5.0,24,80,2292
0.0,2.9,7.132370465025386,360,0.9,6.0,1,81,2293
0.0,2.2,7.1000000000000005,360,0.91,5.0,2,81,2294
0.0,1.7,7.132370465025385,360,0.92,4.0,3,81,2295
0.0,1.8,7.227275866404784,360,0.92,7.0,4,81,2296
0.0,1.4,7.37824855787278,360,0.92,7.0,5,81,2297
0.0,1.4,7.575,360,0.92,5.0,6,81,2298
89.77777777777777,2.2,7.804121907152606,360,0.92,5.0,7,81,2299
392.7777777777778,4.5,8.05,360,0.88,8.0,8,81,2300
751.8888888888888,5.5,8.295878092847396,360,0.82,9.0,9,81,2301
1122.2222222222222,7.4,8.525,360,0.76,8.0,10,81,2302
1346.6666666666665,8.4,8.721751442127221,360,0.69,10.0,11,81,2303
1458.8888888888887,9.8,8.872724133595218,360,0.65,10.0,12,81,2304
1492.5555555555557,10.8,8.967629534974616,360,0.63,10.0,13,81,2305
1391.5555555555557,11.7,9.0,360,0.55,10.0,14,81,2306
1189.5555555555557,12.1,8.967629534974616,360,0.53,10.0,15,81,2307
875.3333333333334,11.6,8.872724133595218,360,0.58,10.0,16,81,2308
493.7777777777778,10.0,8.721751442127221,360,0.6,10.0,17,81,2309
145.88888888888889,8.6,8.525,360,0.65,10.0,18,81,2310
0.0,8.0,8.295878092847396,360,0.64,8.0,19,81,2311
0.0,6.5,8.05,360,0.7,8.0,20,81,2312
0.0,4.6,7.804121907152606,360,0.78,6.0,21,81,2313
0.0,4.5,7.575000000000001,360,0.78,4.0,22,81,2314
0.0,4.4,7.37824855787278,360,0.79,5.0,23,81,2315
0.0,4.0,7.227275866404784,360,0.79,6.0,24,81,2316
0.0,3.1,6.934074173710933,360,0.83,4.0,1,82,2317
0.0,2.8,6.9,360,0.85,4.0,2,82,2318
0.0,2.5,6.934074173710932,360,0.87,4.0,3,82,2319
0.0,2.5,7.033974596215561,360,0.89,4.0,4,82,2320
0.0,2.5,7.1928932188134524,360,0.9,5.0,5,82,2321
0.0,2.4,7.4,360,0.9,5.0,6,82,2322
123.44444444444446,4.0,7.64118095489748,360,0.84,6.0,7,82,2323
437.6666666666667,6.1,7.9,360,0.78,8.0,8,82,2324
796.7777777777777,7.8,8.158819045102522,360,0.7,10.0,9,82,2325
1122.2222222222222,9.2,8.4,360,0.59,13.0,10,82,2326
1335.4444444444443,10.2,8.607106781186548,360,0.55,12.0,11,82,2327
1470.111111111111,11.2,8.76602540378444,360,0.54,12.0,12,82,2328
1447.6666666666667,11.9,8.865925826289068,360,0.53,10.0,13,82,2329
1391.5555555555557,12.2,8.9,360,0.5,12.0,14,82,2330
1144.6666666666665,11.8,8.865925826289068,360,0.51,11.0,15,82,2331
864.1111111111111,11.1,8.76602540378444,360,0.55,10.0,16,82,2332
471.33333333333337,10.3,8.607106781186548,360,0.54,10.0,17,82,2333
145.88888888888889,8.3,8.4,360,0.64,9.0,18,82,2334
0.0,7.4,8.158819045102522,360,0.69,5.0,19,82,2335
0.0,6.7,7.9,360,0.72,6.0,20,82,2336
0.0,5.7,7.64118095489748,360,0.76,6.0,21,82,2337
0.0,4.8,7.4,360,0.79,4.0,22,82,2338
0.0,4.3,7.1928932188134524,360,0.8,4.0,23,82,2339
0.0,4.3,7.033974596215562,360,0.8,6.0,24,82,2340
0.0,3.6,6.940889008453119,360,0.82,4.0,1,83,2341
0.0,3.1,6.900000000000001,360,0.84,4.0,2,83,2342
0.0,3.0,6.940889008453119,360,0.84,4.0,3,83,2343
0.0,2.7,7.0607695154586745,360,0.85,4.0,4,83,2344
0.0,2.5,7.251471862576144,360,0.86,4.0,5,83,2345
0.0,1.9,7.500000000000001,360,0.89,5.0,6,83,2346
112.22222222222223,3.2,7.7894171458769765,360,0.87,5.0,7,83,2347
437.6666666666667,5.2,8.100000000000001,360,0.84,6.0,8,83,2348
785.5555555555557,7.6,8.410582854123026,360,0.8,8.0,9,83,2349
1111.0,9.8,8.700000000000001,360,0.74,7.0,10,83,2350
1324.2222222222224,11.0,8.948528137423859,360,0.65,8.0,11,83,2351
1346.6666666666665,12.4,9.139230484541327,360,0.57,10.0,12,83,2352
1301.7777777777778,12.0,9.259110991546883,360,0.55,10.0,13,83,2353
1234.4444444444443,12.9,9.3,360,0.53,10.0,14,83,2354
1032.4444444444446,12.9,9.259110991546883,360,0.54,9.0,15,83,2355
796.7777777777777,12.0,9.139230484541327,360,0.56,9.0,16,83,2356
448.8888888888889,11.2,8.948528137423859,360,0.61,8.0,17,83,2357
123.44444444444446,9.3,8.700000000000001,360,0.64,8.0,18,83,2358
0.0,8.0,8.410582854123026,360,0.68,6.0,19,83,2359
0.0,8.1,8.100000000000001,360,0.71,4.0,20,83,2360
0.0,7.0,7.7894171458769765,360,0.68,6.0,21,83,2361
0.0,4.3,7.500000000000002,360,0.78,3.0,22,83,2362
0.0,4.3,7.251471862576144,360,0.78,2.0,23,83,2363
0.0,5.3,7.060769515458675,360,0.74,2.0,24,83,2364
0.0,2.6,6.851111260566398,360,0.83,2.0,1,84,2365
0.0,2.8,6.800000000000001,360,0.82,3.0,2,84,2366
0.0,2.3,6.851111260566398,360,0.85,2.0,3,84,2367
0.0,1.3,7.000961894323342,360,0.88,1.0,4,84,2368
0.0,1.5,7.239339828220179,360,0.89,1.0,5,84,2369
11.222222222222221,-0.4,7.55,360,0.91,1.0,6,84,2370
134.66666666666669,2.6,7.91177143234622,360,0.9,1.0,7,84,2371
505.0,6.4,8.3,360,0.78,2.0,8,84,2372
763.1111111111111,8.9,8.688228567653782,360,0.68,2.0,9,84,2373
976.3333333333333,10.1,9.05,360,0.59,3.0,10,84,2374
886.5555555555555,10.3,9.360660171779822,360,0.63,4.0,11,84,2375
1189.5555555555557,11.4,9.599038105676659,360,0.57,6.0,12,84,2376
953.8888888888889,11.2,9.748888739433603,360,0.56,4.0,13,84,2377
976.3333333333333,12.2,9.8,360,0.55,5.0,14,84,2378
897.7777777777778,12.4,9.748888739433603,360,0.57,5.0,15,84,2379
460.11111111111114,11.6,9.599038105676659,360,0.62,6.0,16,84,2380
235.66666666666669,11.1,9.360660171779822,360,0.69,5.0,17,84,2381
78.55555555555554,9.8,9.05,360,0.72,6.0,18,84,2382
0.0,8.7,8.688228567653782,360,0.75,5.0,19,84,2383
0.0,7.5,8.3,360,0.8,3.0,20,84,2384
0.0,7.3,7.91177143234622,360,0.83,3.0,21,84,2385
0.0,7.2,7.550000000000001,360,0.84,3.0,22,84,2386
0.0,6.9,7.23933982822018,360,0.87,4.0,23,84,2387
0.0,6.9,7.000961894323343,360,0.89,4.0,24,84,2388
0.0,6.9,8.527259338968747,360,0.89,4.0,1,85,2389
0.0,7.0,8.5,360,0.91,3.0,2,85,2390
0.0,7.2,8.527259338968745,360,0.93,4.0,3,85,2391
0.0,7.4,8.60717967697245,360,0.93,4.0,4,85,2392
0.0,7.4,8.734314575050762,360,0.94,5.0,5,85,2393
0.0,7.5,8.9,360,0.95,4.0,6,85,2394
33.66666666666667,7.9,9.092944763917984,360,0.95,6.0,7,85,2395
89.77777777777777,8.2,9.3,360,0.94,7.0,8,85,2396
168.33333333333331,8.5,9.507055236082017,360,0.95,7.0,9,85,2397
370.33333333333337,9.3,9.700000000000001,360,0.95,9.0,10,85,2398
280.55555555555554,10.0,9.86568542494924,360,0.96,8.0,11,85,2399
336.66666666666663,11.0,9.992820323027551,360,0.95,8.0,12,85,2400
505.0,11.2,10.072740661031256,360,0.95,10.0,13,85,2401
448.8888888888889,11.6,10.100000000000001,360,0.96,8.0,14,85,2402
291.77777777777777,11.9,10.072740661031256,360,0.96,7.0,15,85,2403
684.5555555555557,13.1,9.992820323027551,360,0.9,6.0,16,85,2404
437.6666666666667,12.5,9.86568542494924,360,0.91,8.0,17,85,2405
67.33333333333334,11.3,9.700000000000001,360,0.93,6.0,18,85,2406
0.0,10.2,9.507055236082017,360,0.95,4.0,19,85,2407
0.0,10.2,9.3,360,0.96,4.0,20,85,2408
0.0,9.9,9.092944763917984,360,0.96,4.0,21,85,2409
0.0,9.1,8.9,360,0.97,6.0,22,85,2410
0.0,8.3,8.734314575050764,360,0.95,7.0,23,85,2411
0.0,8.2,8.60717967697245,360,0.92,6.0,24,85,2412
0.0,8.4,9.437481591082026,360,0.93,5.0,1,86,2413
0.0,8.4,9.4,360,0.96,4.0,2,86,2414
0.0,8.7,9.437481591082026,360,0.97,4.0,3,86,2415
0.0,9.1,9.547372055837117,360,0.97,4.0,4,86,2416
0.0,9.8,9.722182540694797,360,0.98,5.0,5,86,2417
0.0,9.9,9.95,360,0.98,6.0,6,86,2418
33.66666666666667,10.0,10.215299050387227,360,0.98,6.0,7,86,2419
112.22222222222223,10.1,10.5,360,0.97,7.0,8,86,2420
303.0,10.9,10.784700949612773,360,0.97,7.0,9,86,2421
437.6666666666667,11.9,11.05,360,0.93,8.0,10,86,2422
617.2222222222222,12.8,11.277817459305203,360,0.9,10.0,11,86,2423
695.7777777777778,13.0,11.452627944162883,360,0.91,10.0,12,86,2424
751.8888888888888,14.8,11.562518408917974,360,0.87,8.0,13,86,2425
695.7777777777778,15.8,11.6,360,0.83,8.0,14,86,2426
549.8888888888889,16.0,11.562518408917974,360,0.82,8.0,15,86,2427
673.3333333333333,17.5,11.452627944162883,360,0.74,6.0,16,86,2428
448.8888888888889,17.5,11.277817459305203,360,0.72,8.0,17,86,2429
145.88888888888889,15.7,11.05,360,0.76,7.0,18,86,2430
11.222222222222221,15.8,10.784700949612773,360,0.74,7.0,19,86,2431
0.0,15.7,10.5,360,0.74,8.0,20,86,2432
0.0,12.4,10.215299050387227,360,0.94,12.0,21,86,2433
0.0,11.4,9.950000000000001,360,0.95,10.0,22,86,2434
0.0,8.2,9.722182540694797,360,0.92,11.0,23,86,2435
0.0,7.8,9.547372055837117,360,0.93,8.0,24,86,2436
0.0,7.5,9.827259338968748,360,0.93,9.0,1,87,2437
0.0,7.3,9.8,360,0.93,8.0,2,87,2438
0.0,7.3,9.827259338968746,360,0.94,6.0,3,87,2439
0.0,7.1,9.90717967697245,360,0.95,7.0,4,87,2440
0.0,6.6,10.034314575050763,360,0.95,7.0,5,87,2441
0.0,6.6,10.200000000000001,360,0.96,7.0,6,87,2442
78.55555555555554,7.1,10.392944763917985,360,0.95,8.0,7,87,2443
280.55555555555554,8.0,10.600000000000001,360,0.93,8.0,8,87,2444
628.4444444444443,9.8,10.807055236082018,360,0.87,9.0,9,87,2445
864.1111111111111,11.0,11.000000000000002,360,0.77,11.0,10,87,2446
830.4444444444446,11.3,11.16568542494924,360,0.83,12.0,11,87,2447
1492.5555555555557,12.6,11.292820323027552,360,0.72,12.0,12,87,2448
1189.5555555555557,13.1,11.372740661031257,360,0.62,10.0,13,87,2449
1245.6666666666665,13.3,11.400000000000002,360,0.58,12.0,14,87,2450
1032.4444444444446,13.3,11.372740661031257,360,0.54,12.0,15,87,2451
549.8888888888889,11.8,11.292820323027552,360,0.68,12.0,16,87,2452
370.33333333333337,11.1,11.16568542494924,360,0.69,10.0,17,87,2453
157.1111111111111,10.2,11.000000000000002,360,0.68,9.0,18,87,2454
0.0,8.7,10.807055236082018,360,0.78,7.0,19,87,2455
0.0,8.3,10.600000000000001,360,0.8,7.0,20,87,2456
0.0,9.1,10.392944763917985,360,0.73,8.0,21,87,2457
0.0,9.1,10.200000000000001,360,0.72,9.0,22,87,2458
0.0,9.3,10.034314575050765,360,0.65,8.0,23,87,2459
0.0,9.4,9.90717967697245,360,0.65,10.0,24,87,2460
0.0,9.5,9.723851921597651,360,0.72,12.0,1,88,2461
0.0,9.0,9.7,360,0.83,13.0,2,88,2462
0.0,8.8,9.723851921597651,360,0.87,13.0,3,88,2463
0.0,8.2,9.793782217350891,360,0.93,13.0,4,88,2464
0.0,8.4,9.905025253169415,360,0.94,15.0,5,88,2465
0.0,9.1,10.049999999999999,360,0.93,14.0,6,88,2466
78.55555555555554,10.3,10.218826668428234,360,0.94,15.0,7,88,2467
314.2222222222222,11.6,10.399999999999999,360,0.9,16.0,8,88,2468
303.0,12.3,10.581173331571764,360,0.85,16.0,9,88,2469
336.66666666666663,9.9,10.749999999999998,360,0.9,16.0,10,88,2470
1043.6666666666665,13.1,10.894974746830583,360,0.76,16.0,11,88,2471
617.2222222222222,11.9,11.006217782649106,360,0.84,15.0,12,88,2472
1380.3333333333333,13.1,11.076148078402346,360,0.73,14.0,13,88,2473
897.7777777777778,12.4,11.099999999999998,360,0.78,14.0,14,88,2474
976.3333333333333,12.7,11.076148078402346,360,0.69,16.0,15,88,2475
314.2222222222222,11.1,11.006217782649106,360,0.84,13.0,16,88,2476
347.8888888888889,11.0,10.894974746830583,360,0.77,16.0,17,88,2477
78.55555555555554,9.6,10.749999999999998,360,0.78,12.0,18,88,2478
11.222222222222221,9.0,10.581173331571764,360,0.83,10.0,19,88,2479
0.0,9.1,10.399999999999999,360,0.83,9.0,20,88,2480
0.0,8.8,10.218826668428234,360,0.86,9.0,21,88,2481
0.0,8.5,10.049999999999999,360,0.88,9.0,22,88,2482
0.0,7.8,9.905025253169415,360,0.91,8.0,23,88,2483
0.0,7.6,9.793782217350891,360,0.92,7.0,24,88,2484
0.0,7.2,9.230666756339838,360,0.92,7.0,1,89,2485
0.0,6.7,9.2,360,0.93,6.0,2,89,2486
0.0,6.3,9.230666756339838,360,0.94,5.0,3,89,2487
0.0,6.0,9.320577136594004,360,0.95,5.0,4,89,2488
0.0,6.3,9.463603896932106,360,0.95,5.0,5,89,2489
0.0,6.4,9.649999999999999,360,0.96,4.0,6,89,2490
101.0,7.4,9.867062859407731,360,0.96,6.0,7,89,2491
224.44444444444446,8.5,10.1,360,0.95,6.0,8,89,2492
336.66666666666663,10.1,10.332937140592268,360,0.94,6.0,9,89,2493
628.4444444444443,11.7,10.55,360,0.88,7.0,10,89,2494
785.5555555555557,12.6,10.736396103067893,360,0.79,9.0,11,89,2495
662.1111111111112,13.2,10.879422863405996,360,0.75,9.0,12,89,2496
819.2222222222222,13.4,10.969333243660161,360,0.74,8.0,13,89,2497
246.8888888888889,12.9,11.0,360,0.8,8.0,14,89,2498
224.44444444444446,12.0,10.969333243660161,360,0.87,8.0,15,89,2499
202.0,12.1,10.879422863405996,360,0.91,7.0,16,89,2500
235.66666666666669,12.7,10.736396103067893,360,0.87,6.0,17,89,2501
134.66666666666669,12.3,10.55,360,0.87,5.0,18,89,2502
0.0,11.2,10.332937140592268,360,0.9,4.0,19,89,2503
0.0,10.4,10.1,360,0.92,2.0,20,89,2504
0.0,10.1,9.867062859407731,360,0.94,2.0,21,89,2505
