PARi,air_temperature,soil_temperature,ambient_CO2,humidity,Wind,hour,DOY,t
639.6666666666667,13.5,5.199519052838329,360,0.61,6.0,12,351,0
639.6666666666667,14.3,5.274444369716801,360,0.57,6.0,13,351,1
392.7777777777778,17.1,5.3,360,0.64,6.0,14,351,2
246.8888888888889,14.2,5.274444369716801,360,0.64,6.0,15,351,3
89.77777777777777,12.8,5.199519052838329,360,0.67,6.0,16,351,4
11.222222222222221,12.1,5.08033008588991,360,0.71,6.0,17,351,5
0.0,11.4,4.925,360,0.71,6.0,18,351,6
0.0,10.4,4.744114283826891,360,0.75,6.0,19,351,7
0.0,10.0,4.55,360,0.77,6.0,20,351,8
0.0,9.4,4.355885716173109,360,0.8,6.0,21,351,9
0.0,9.7,4.175,360,0.78,8.0,22,351,10
0.0,9.3,4.019669914110089,360,0.82,8.0,23,351,11
0.0,8.7,3.900480947161671,360,0.84,8.0,24,351,12
0.0,8.7,5.022148212912106,360,0.84,10.0,1,352,13
0.0,8.5,5.0,360,0.84,8.251580318478938,2,352,14
0.0,8.4,5.022148212912106,360,0.84,8.0,3,352,15
0.0,8.6,5.087083487540115,360,0.84,8.251580318478938,4,352,16
0.0,8.7,5.1903805922287445,360,0.82,8.251580318478938,5,352,17
0.0,8.5,5.325,360,0.84,8.251580318478938,6,352,18
0.0,8.6,5.481767620683362,360,0.84,10.0,7,352,19
11.222222222222221,8.8,5.65,360,0.84,8.251580318478938,8,352,20
67.33333333333334,9.3,5.818232379316639,360,0.85,8.251580318478938,9,352,21
145.88888888888889,10.3,5.9750000000000005,360,0.84,8.0,10,352,22
336.66666666666663,12.3,6.109619407771256,360,0.82,8.0,11,352,23
359.1111111111111,13.2,6.212916512459885,360,0.77,8.251580318478938,12,352,24
303.0,13.0,6.2778517870878945,360,0.82,10.0,13,352,25
168.33333333333331,12.8,6.300000000000001,360,0.8,8.251580318478938,14,352,26
112.22222222222223,12.5,6.2778517870878945,360,0.8,8.0,15,352,27
33.66666666666667,11.2,6.212916512459885,360,0.84,6.0,16,352,28
0.0,10.9,6.109619407771256,360,0.86,6.0,17,352,29
0.0,10.3,5.9750000000000005,360,0.87,6.0,18,352,30
0.0,9.3,5.818232379316639,360,0.9,4.0,19,352,31
0.0,9.5,5.65,360,0.9,6.0,20,352,32
0.0,9.1,5.481767620683362,360,0.91,6.0,21,352,33
0.0,9.1,5.325,360,0.91,6.0,22,352,34
0.0,9.4,5.1903805922287445,360,0.92,5.0,23,352,35
0.0,9.4,5.087083487540116,360,0.93,6.0,24,352,36
0.0,9.3,6.223851921597653,360,1.0,6.0,1,353,37
0.0,9.1,6.200000000000001,360,1.0,6.0,2,353,38
0.0,8.8,6.223851921597653,360,1.0,4.0,3,353,39
0.0,8.9,6.293782217350893,360,0.93,4.0,4,353,40
0.0,8.5,6.405025253169417,360,1.0,4.0,5,353,41
0.0,8.3,6.55,360,1.0,4.0,6,353,42
0.0,8.3,6.718826668428236,360,1.0,6.0,7,353,43
11.222222222222221,8.2,6.9,360,1.0,5.0,8,353,44
67.33333333333334,8.4,7.081173331571764,360,1.0,5.0,9,353,45
190.77777777777777,9.5,7.25,360,1.0,6.0,10,353,46
280.55555555555554,9.8,7.3949747468305835,360,1.0,6.0,11,353,47
190.77777777777777,10.4,7.506217782649108,360,1.0,6.0,12,353,48
314.2222222222222,13.4,7.576148078402348,360,0.92,6.0,13,353,49
347.8888888888889,13.9,7.6,360,0.88,6.0,14,353,50
157.1111111111111,12.7,7.576148078402348,360,0.92,6.0,15,353,51
44.888888888888886,12.1,7.506217782649108,360,0.93,6.0,16,353,52
0.0,12.1,7.3949747468305835,360,0.93,6.0,17,353,53
0.0,11.2,7.25,360,0.94,8.0,18,353,54
0.0,11.7,7.081173331571764,360,0.92,10.0,19,353,55
0.0,12.1,6.9,360,0.88,10.0,20,353,56
0.0,12.4,6.718826668428236,360,0.82,12.0,21,353,57
0.0,12.7,6.550000000000001,360,0.8,10.0,22,353,58
0.0,10.3,6.405025253169417,360,1.0,12.0,23,353,59
0.0,9.9,6.293782217350893,360,1.0,12.0,24,353,60
0.0,9.9,7.306814834742186,360,1.0,14.0,1,354,61
0.0,10.2,7.3,360,1.0,14.0,2,354,62
0.0,10.3,7.306814834742186,360,1.0,12.0,3,354,63
0.0,10.8,7.326794919243112,360,1.0,8.0,4,354,64
0.0,11.4,7.35857864376269,360,1.0,8.0,5,354,65
0.0,9.6,7.3999999999999995,360,1.0,8.0,6,354,66
0.0,8.9,7.448236190979496,360,0.94,6.0,7,354,67
0.0,9.1,7.5,360,0.88,8.0,8,354,68
44.888888888888886,9.1,7.551763809020504,360,0.89,8.0,9,354,69
157.1111111111111,10.2,7.6000000000000005,360,0.86,6.0,10,354,70
359.1111111111111,11.0,7.641421356237309,360,0.77,6.0,11,354,71
381.55555555555554,11.4,7.673205080756888,360,0.78,6.0,12,354,72
280.55555555555554,11.2,7.693185165257814,360,0.76,4.0,13,354,73
381.55555555555554,12.8,7.7,360,0.69,4.0,14,354,74
190.77777777777777,12.1,7.693185165257814,360,0.72,4.0,15,354,75
33.66666666666667,7.8,7.673205080756888,360,0.88,3.0,16,354,76
0.0,4.4,7.641421356237309,360,1.0,3.0,17,354,77
0.0,3.8,7.6000000000000005,360,1.0,3.0,18,354,78
0.0,5.3,7.551763809020504,360,1.0,1.0,19,354,79
0.0,6.695159892628085,7.5,360,0.94,1.0,20,354,80
0.0,7.7,7.448236190979496,360,1.0,4.0,21,354,81
0.0,7.3,7.4,360,1.0,4.0,22,354,82
0.0,7.3,7.358578643762691,360,1.0,5.0,23,354,83
0.0,6.4,7.326794919243112,360,1.0,3.0,24,354,84
0.0,5.4,5.21533337816992,360,1.0,3.0,1,355,85
0.0,4.3,5.200000000000001,360,1.0,4.0,2,355,86
0.0,3.3,5.21533337816992,360,1.0,3.0,3,355,87
0.0,2.7,5.260288568297003,360,1.0,3.0,4,355,88
0.0,2.3,5.331801948466054,360,0.94,3.0,5,355,89
0.0,2.1,5.425000000000001,360,0.94,3.0,6,355,90
0.0,2.1,5.533531429703866,360,0.92,3.0,7,355,91
11.222222222222221,0.9,5.65,360,1.0,3.0,8,355,92
112.22222222222223,1.4,5.7664685702961345,360,1.0,3.0,9,355,93
291.77777777777777,4.4,5.875,360,0.92,4.0,10,355,94
392.7777777777778,7.6,5.968198051533946,360,0.89,3.0,11,355,95
639.6666666666667,9.4,6.039711431702997,360,0.8,3.0,12,355,96
639.6666666666667,10.4,6.084666621830081,360,0.73,3.0,13,355,97
426.44444444444446,11.0,6.1,360,0.59,3.0,14,355,98
235.66666666666669,10.4,6.084666621830081,360,0.67,3.0,15,355,99
67.33333333333334,6.4,6.039711431702997,360,0.88,3.0,16,355,100
11.222222222222221,3.1,5.968198051533946,360,0.89,3.0,17,355,101
0.0,4.9,5.875,360,0.85,3.0,18,355,102
0.0,4.7,5.7664685702961345,360,0.86,3.0,19,355,103
0.0,4.4,5.65,360,0.86,4.0,20,355,104
0.0,4.3,5.533531429703866,360,0.87,4.0,21,355,105
0.0,3.1,5.425000000000001,360,0.89,4.0,22,355,106
0.0,3.9,5.331801948466055,360,0.84,5.0,23,355,107
0.0,3.4,5.260288568297003,360,0.87,5.0,24,355,108
0.0,3.1,4.515333378169919,360,0.86,5.0,1,356,109
0.0,3.1,4.5,360,0.85,6.0,2,356,110
0.0,2.7,4.515333378169919,360,0.87,5.0,3,356,111
0.0,2.7,4.560288568297002,360,0.88,6.0,4,356,112
0.0,3.3,4.6318019484660535,360,0.88,6.0,5,356,113
0.0,2.0,4.725,360,0.9,6.0,6,356,114
0.0,1.8,4.833531429703866,360,0.9,8.0,7,356,115
0.0,2.0,4.95,360,0.88,10.0,8,356,116
56.111111111111114,1.8,5.066468570296134,360,0.9,8.0,9,356,117
123.44444444444446,2.5,5.175000000000001,360,0.89,6.0,10,356,118
168.33333333333331,3.6,5.268198051533947,360,0.87,8.0,11,356,119
224.44444444444446,4.4,5.339711431702998,360,0.86,8.0,12,356,120
190.77777777777777,4.9,5.384666621830081,360,0.87,8.0,13,356,121
190.77777777777777,6.0,5.4,360,0.86,6.0,14,356,122
145.88888888888889,5.8,5.384666621830081,360,0.86,6.0,15,356,123
33.66666666666667,4.9,5.339711431702998,360,0.86,8.0,16,356,124
0.0,4.4,5.268198051533947,360,0.86,6.0,17,356,125
0.0,4.1,5.175000000000001,360,0.88,6.0,18,356,126
0.0,4.6,5.066468570296134,360,0.87,6.0,19,356,127
0.0,5.4,4.95,360,0.86,10.0,20,356,128
0.0,6.1,4.833531429703866,360,0.84,8.251580318478938,21,356,129
0.0,4.9,4.7250000000000005,360,0.93,8.0,22,356,130
0.0,4.6,4.6318019484660535,360,1.0,8.0,23,356,131
0.0,5.0,4.560288568297002,360,1.0,8.251580318478938,24,356,132
0.0,5.4,5.140889008453118,360,1.0,8.0,1,357,133
0.0,6.0,5.1,360,1.0,8.251580318478938,2,357,134
0.0,6.4,5.140889008453118,360,1.0,10.0,3,357,135
0.0,6.3,5.260769515458673,360,1.0,10.0,4,357,136
0.0,6.695159892628085,5.451471862576142,360,1.0,10.0,5,357,137
0.0,6.9,5.699999999999999,360,1.0,10.0,6,357,138
0.0,6.1,5.989417145876975,360,1.0,10.0,7,357,139
0.0,6.695159892628085,6.3,360,1.0,8.251580318478938,8,357,140
33.66666666666667,7.1,6.610582854123025,360,1.0,10.0,9,357,141
123.44444444444446,8.4,6.9,360,1.0,10.0,10,357,142
190.77777777777777,9.5,7.148528137423857,360,0.92,10.0,11,357,143
123.44444444444446,10.2,7.339230484541327,360,0.92,8.251580318478938,12,357,144
123.44444444444446,12.3,7.459110991546882,360,0.94,10.0,13,357,145
67.33333333333334,12.1,7.5,360,1.0,10.0,14,357,146
44.888888888888886,12.7,7.459110991546882,360,1.0,10.0,15,357,147
11.222222222222221,11.0,7.339230484541327,360,1.0,10.0,16,357,148
11.222222222222221,11.7,7.148528137423857,360,1.0,8.251580318478938,17,357,149
0.0,12.4,6.9,360,1.0,8.0,18,357,150
0.0,12.5,6.610582854123025,360,1.0,8.0,19,357,151
0.0,12.5,6.3,360,1.0,6.0,20,357,152
0.0,12.4,5.989417145876975,360,1.0,6.0,21,357,153
0.0,11.7,5.7,360,1.0,8.0,22,357,154
0.0,11.4,5.451471862576143,360,1.0,8.0,23,357,155
0.0,10.8,5.260769515458673,360,1.0,6.0,24,357,156
0.0,10.4,6.920444504226559,360,1.0,5.0,1,358,157
0.0,10.3,6.9,360,1.0,5.0,2,358,158
0.0,10.2,6.920444504226559,360,1.0,6.0,3,358,159
0.0,10.0,6.980384757729337,360,1.0,6.0,4,358,160
0.0,10.0,7.075735931288071,360,1.0,6.0,5,358,161
0.0,9.7,7.2,360,1.0,6.0,6,358,162
0.0,9.5,7.344708572938488,360,1.0,8.0,7,358,163
0.0,9.4,7.5,360,1.0,8.0,8,358,164
78.55555555555554,9.5,7.655291427061512,360,1.0,8.0,9,358,165
235.66666666666669,10.6,7.8,360,0.9,8.0,10,358,166
426.44444444444446,12.1,7.924264068711929,360,0.82,12.0,11,358,167
639.6666666666667,13.4,8.019615242270662,360,0.78,12.0,12,358,168
359.1111111111111,13.6,8.079555495773441,360,0.8,14.0,13,358,169
336.66666666666663,13.9,8.1,360,0.75,14.0,14,358,170
213.22222222222223,13.2,8.079555495773441,360,0.72,12.0,15,358,171
78.55555555555554,12.1,8.019615242270662,360,0.76,10.0,16,358,172
0.0,10.8,7.924264068711929,360,0.8,10.0,17,358,173
0.0,10.9,7.8,360,0.8,10.0,18,358,174
0.0,11.4,7.655291427061512,360,0.8,12.0,19,358,175
0.0,11.2,7.5,360,0.78,12.0,20,358,176
0.0,11.2,7.344708572938488,360,0.8,12.0,21,358,177
0.0,11.2,7.2,360,0.8,12.0,22,358,178
0.0,11.2,7.075735931288071,360,0.78,12.0,23,358,179
0.0,10.2,6.980384757729337,360,0.82,12.0,24,358,180
0.0,9.7,7.511925960798826,360,0.88,14.0,1,359,181
0.0,8.9,7.5,360,0.92,14.0,2,359,182
0.0,9.3,7.511925960798826,360,0.92,14.0,3,359,183
0.0,9.7,7.546891108675446,360,0.91,16.0,4,359,184
0.0,9.8,7.6025126265847085,360,0.92,14.0,5,359,185
0.0,10.0,7.675,360,0.92,16.0,6,359,186
0.0,9.8,7.759413334214117,360,0.93,14.0,7,359,187
0.0,9.8,7.85,360,1.0,12.0,8,359,188
11.222222222222221,9.9,7.940586665785882,360,0.93,16.0,9,359,189
33.66666666666667,10.3,8.025,360,0.93,25.0,10,359,190
44.888888888888886,10.8,8.09748737341529,360,0.92,14.0,11,359,191
44.888888888888886,11.6,8.153108891324553,360,0.9,16.0,12,359,192
56.111111111111114,12.4,8.188074039201172,360,0.89,14.0,13,359,193
56.111111111111114,12.7,8.2,360,0.88,25.0,14,359,194
33.66666666666667,13.0,8.188074039201172,360,0.88,16.0,15,359,195
11.222222222222221,12.7,8.153108891324553,360,0.91,12.0,16,359,196
0.0,11.0,8.09748737341529,360,1.0,12.0,17,359,197
0.0,12.1,8.025,360,0.93,10.0,18,359,198
0.0,11.2,7.940586665785882,360,1.0,10.0,19,359,199
0.0,10.8,7.85,360,1.0,8.251580318478938,20,359,200
0.0,11.2,7.759413334214117,360,1.0,12.0,21,359,201
0.0,10.4,7.675,360,1.0,12.0,22,359,202
0.0,10.0,7.6025126265847085,360,1.0,8.0,23,359,203
0.0,9.8,7.546891108675446,360,1.0,6.0,24,359,204
0.0,9.6,7.406814834742186,360,1.0,5.0,1,360,205
0.0,9.3,7.4,360,1.0,6.0,2,360,206
0.0,8.6,7.406814834742186,360,1.0,6.0,3,360,207
0.0,7.8,7.426794919243112,360,1.0,8.0,4,360,208
0.0,7.1,7.45857864376269,360,1.0,6.0,5,360,209
0.0,6.9,7.5,360,1.0,6.0,6,360,210
0.0,7.3,7.5482361909794955,360,1.0,8.0,7,360,211
0.0,7.7,7.6,360,1.0,8.0,8,360,212
56.111111111111114,8.1,7.651763809020504,360,0.93,10.0,9,360,213
280.55555555555554,8.7,7.699999999999999,360,0.93,8.0,10,360,214
347.8888888888889,8.6,7.741421356237309,360,0.9,10.0,11,360,215
145.88888888888889,8.6,7.773205080756887,360,0.92,12.0,12,360,216
336.66666666666663,9.4,7.793185165257813,360,0.9,10.0,13,360,217
280.55555555555554,9.4,7.799999999999999,360,0.88,12.0,14,360,218
101.0,8.7,7.793185165257813,360,0.9,10.0,15,360,219
11.222222222222221,6.695159892628085,7.773205080756887,360,1.0,14.0,16,360,220
0.0,6.0,7.741421356237309,360,0.92,12.0,17,360,221
0.0,5.3,7.699999999999999,360,0.93,10.0,18,360,222
0.0,5.3,7.651763809020504,360,0.93,6.0,19,360,223
0.0,5.3,7.6,360,1.0,8.0,20,360,224
0.0,5.4,7.5482361909794955,360,1.0,4.0,21,360,225
0.0,5.3,7.5,360,1.0,3.0,22,360,226
0.0,5.0,7.45857864376269,360,1.0,4.0,23,360,227
0.0,5.8,7.426794919243112,360,1.0,6.0,24,360,228
0.0,5.4,5.71533337816992,360,1.0,6.0,1,361,229
0.0,4.1,5.700000000000001,360,1.0,6.0,2,361,230
0.0,3.3,5.71533337816992,360,1.0,4.0,3,361,231
0.0,3.6,5.760288568297003,360,1.0,4.0,4,361,232
0.0,2.5,5.831801948466054,360,1.0,5.0,5,361,233
0.0,2.1,5.925000000000001,360,1.0,4.0,6,361,234
0.0,2.1,6.033531429703866,360,1.0,4.0,7,361,235
0.0,2.2,6.15,360,1.0,4.0,8,361,236
101.0,3.4,6.2664685702961345,360,1.0,4.0,9,361,237
235.66666666666669,4.9,6.375,360,1.0,4.0,10,361,238
493.7777777777778,8.1,6.468198051533946,360,0.91,6.0,11,361,239
639.6666666666667,9.5,6.539711431702997,360,0.88,6.0,12,361,240
561.1111111111111,10.0,6.584666621830081,360,0.88,6.0,13,361,241
426.44444444444446,10.2,6.6,360,0.84,6.0,14,361,242
157.1111111111111,10.9,6.584666621830081,360,0.75,5.0,15,361,243
67.33333333333334,8.2,6.539711431702997,360,0.88,6.0,16,361,244
0.0,7.3,6.468198051533946,360,0.9,4.0,17,361,245
0.0,7.098340707622211,6.375,360,0.91,4.0,18,361,246
0.0,5.6,6.2664685702961345,360,0.93,4.0,19,361,247
0.0,4.3,6.15,360,1.0,4.0,20,361,248
0.0,5.3,6.033531429703866,360,1.0,6.0,21,361,249
0.0,6.0,5.925000000000001,360,0.93,6.0,22,361,250
0.0,6.3,5.831801948466055,360,1.0,6.0,23,361,251
0.0,7.1,5.760288568297003,360,0.94,8.0,24,361,252
0.0,7.6,6.042592717138665,360,1.0,8.251580318478938,1,362,253
0.0,8.0,6.0,360,1.0,10.0,2,362,254
0.0,8.5,6.042592717138665,360,1.0,10.0,3,362,255
0.0,8.3,6.167468245269451,360,1.0,10.0,4,362,256
0.0,8.3,6.366116523516816,360,1.0,10.0,5,362,257
0.0,8.6,6.624999999999999,360,1.0,12.0,6,362,258
0.0,9.3,6.926476193621849,360,1.0,10.0,7,362,259
0.0,10.6,7.25,360,1.0,12.0,8,362,260
33.66666666666667,10.8,7.573523806378151,360,1.0,10.0,9,362,261
101.0,11.6,7.875,360,1.0,10.0,10,362,262
157.1111111111111,13.0,8.133883476483184,360,0.93,10.0,11,362,263
303.0,13.9,8.332531754730548,360,0.91,10.0,12,362,264
235.66666666666669,14.5,8.457407282861336,360,0.89,10.0,13,362,265
123.44444444444446,17.1,8.5,360,0.87,12.0,14,362,266
56.111111111111114,14.2,8.457407282861336,360,0.9,10.0,15,362,267
11.222222222222221,14.2,8.332531754730548,360,0.89,12.0,16,362,268
11.222222222222221,13.4,8.133883476483184,360,0.9,10.0,17,362,269
0.0,13.0,7.875,360,0.91,8.251580318478938,18,362,270
0.0,13.2,7.573523806378151,360,0.9,8.0,19,362,271
0.0,13.3,7.25,360,0.9,8.251580318478938,20,362,272
0.0,13.2,6.926476193621849,360,0.9,8.0,21,362,273
0.0,13.0,6.625,360,0.91,6.0,22,362,274
0.0,11.7,6.366116523516816,360,1.0,5.0,23,362,275
0.0,12.1,6.167468245269451,360,1.0,8.0,24,362,276
0.0,11.7,8.206814834742184,360,1.0,8.0,1,363,277
0.0,11.6,8.2,360,1.0,8.0,2,363,278
0.0,12.3,8.206814834742184,360,1.0,10.0,3,363,279
0.0,12.3,8.22679491924311,360,1.0,8.251580318478938,4,363,280
0.0,11.4,8.25857864376269,360,1.0,8.0,5,363,281
0.0,10.9,8.299999999999999,360,1.0,6.0,6,363,282
0.0,10.9,8.348236190979494,360,1.0,8.0,7,363,283
0.0,10.6,8.399999999999999,360,1.0,8.251580318478938,8,363,284
22.444444444444443,10.2,8.451763809020504,360,1.0,8.251580318478938,9,363,285
56.111111111111114,10.2,8.499999999999998,360,0.93,10.0,10,363,286
190.77777777777777,9.4,8.541421356237308,360,1.0,12.0,11,363,287
157.1111111111111,7.6,8.573205080756887,360,0.91,10.0,12,363,288
190.77777777777777,8.0,8.593185165257813,360,0.89,6.0,13,363,289
269.33333333333337,8.2,8.599999999999998,360,0.9,6.0,14,363,290
112.22222222222223,7.6,8.593185165257813,360,0.92,6.0,15,363,291
56.111111111111114,7.5,8.573205080756887,360,0.93,6.0,16,363,292
0.0,6.695159892628085,8.541421356237308,360,1.0,6.0,17,363,293
0.0,6.9,8.499999999999998,360,0.93,4.0,18,363,294
0.0,4.7,8.451763809020504,360,1.0,8.0,19,363,295
0.0,5.8,8.399999999999999,360,1.0,6.0,20,363,296
0.0,5.8,8.348236190979494,360,1.0,6.0,21,363,297
0.0,5.6,8.299999999999999,360,1.0,6.0,22,363,298
0.0,5.6,8.25857864376269,360,1.0,6.0,23,363,299
0.0,5.8,8.22679491924311,360,1.0,6.0,24,363,300
0.0,5.9,6.411925960798826,360,1.0,6.0,1,364,301
0.0,5.9,6.4,360,1.0,4.0,2,364,302
0.0,5.8,6.411925960798826,360,1.0,6.0,3,364,303
0.0,5.0,6.446891108675446,360,1.0,6.0,4,364,304
0.0,4.7,6.502512626584709,360,1.0,6.0,5,364,305
0.0,4.6,6.575,360,1.0,4.0,6,364,306
0.0,3.8,6.6594133342141175,360,1.0,4.0,7,364,307
11.222222222222221,3.6,6.75,360,1.0,5.0,8,364,308
44.888888888888886,4.3,6.8405866657858825,360,1.0,4.0,9,364,309
213.22222222222223,7.5,6.925,360,1.0,4.0,10,364,310
493.7777777777778,8.8,6.997487373415291,360,0.9,5.0,11,364,311
639.6666666666667,9.1,7.053108891324554,360,0.88,6.0,12,364,312
493.7777777777778,9.7,7.088074039201174,360,0.86,6.0,13,364,313
527.4444444444445,10.8,7.1,360,0.8,5.0,14,364,314
246.8888888888889,10.3,7.088074039201174,360,0.8,5.0,15,364,315
112.22222222222223,8.9,7.053108891324554,360,0.85,5.0,16,364,316
0.0,2.9,6.997487373415291,360,0.93,3.0,17,364,317
0.0,3.3,6.925,360,1.0,3.0,18,364,318
0.0,5.3,6.8405866657858825,360,0.92,3.0,19,364,319
0.0,4.0,6.75,360,0.93,3.0,20,364,320
0.0,4.7,6.6594133342141175,360,0.93,4.0,21,364,321
0.0,3.8,6.575,360,0.93,4.0,22,364,322
0.0,3.8,6.502512626584709,360,1.0,4.0,23,364,323
0.0,4.3,6.446891108675446,360,0.94,4.0,24,364,324
0.0,4.3,5.515333378169919,360,0.93,6.0,1,365,325
0.0,3.8,5.5,360,0.94,6.0,2,365,326
0.0,3.6,5.515333378169919,360,1.0,6.0,3,365,327
0.0,3.8,5.560288568297002,360,1.0,6.0,4,365,328
0.0,3.8,5.6318019484660535,360,1.0,6.0,5,365,329
0.0,2.7,5.725,360,1.0,6.0,6,365,330
0.0,2.5,5.833531429703866,360,1.0,8.0,7,365,331
11.222222222222221,2.9,5.95,360,1.0,8.0,8,365,332
22.444444444444443,3.6,6.066468570296134,360,1.0,6.0,9,365,333
67.33333333333334,4.6,6.175000000000001,360,1.0,6.0,10,365,334
168.33333333333331,5.9,6.268198051533947,360,1.0,8.251580318478938,11,365,335
145.88888888888889,6.4,6.339711431702998,360,1.0,8.0,12,365,336
112.22222222222223,7.098340707622211,6.384666621830081,360,0.92,8.0,13,365,337
123.44444444444446,7.5,6.4,360,0.91,8.0,14,365,338
157.1111111111111,7.3,6.384666621830081,360,0.91,8.0,15,365,339
56.111111111111114,7.098340707622211,6.339711431702998,360,0.91,8.251580318478938,16,365,340
11.222222222222221,6.695159892628085,6.268198051533947,360,0.91,8.0,17,365,341
0.0,6.9,6.175000000000001,360,0.9,8.0,18,365,342
0.0,7.098340707622211,6.066468570296134,360,0.9,8.0,19,365,343
0.0,6.695159892628085,5.95,360,0.91,6.0,20,365,344
0.0,6.9,5.833531429703866,360,0.92,6.0,21,365,345
0.0,6.9,5.7250000000000005,360,0.92,6.0,22,365,346
0.0,6.9,5.6318019484660535,360,0.91,6.0,23,365,347
0.0,7.1,5.560288568297002,360,0.9,6.0,24,365,348
0.0,7.6,6.2102222521132795,360,0.89,8.0,1,366,349
0.0,8.0,6.2,360,0.86,8.0,2,366,350
0.0,8.1,6.2102222521132795,360,0.84,8.0,3,366,351
0.0,8.3,6.240192378864668,360,0.76,10.0,4,366,352
0.0,7.8,6.287867965644036,360,0.8,8.0,5,366,353
0.0,7.7,6.35,360,0.77,10.0,6,366,354
0.0,6.4,6.422354286469244,360,0.8,10.0,7,366,355
0.0,6.1,6.5,360,0.78,10.0,8,366,356
112.22222222222223,6.3,6.577645713530756,360,0.82,10.0,9,366,357
168.33333333333331,7.8,6.65,360,0.75,10.0,10,366,358
303.0,8.2,6.712132034355964,360,0.76,12.0,11,366,359
213.22222222222223,8.6,6.759807621135331,360,0.77,10.0,12,366,360
157.1111111111111,8.8,6.7897777478867205,360,0.82,10.0,13,366,361
123.44444444444446,8.9,6.8,360,0.84,8.251580318478938,14,366,362
89.77777777777777,9.1,6.7897777478867205,360,0.84,10.0,15,366,363
22.444444444444443,9.3,6.759807621135331,360,0.84,10.0,16,366,364
0.0,7.8,6.712132034355964,360,1.0,8.251580318478938,17,366,365
0.0,7.8,6.65,360,1.0,8.0,18,366,366
0.0,8.0,6.577645713530756,360,1.0,8.0,19,366,367
0.0,7.7,6.5,360,1.0,6.0,20,366,368
0.0,7.1,6.422354286469244,360,1.0,6.0,21,366,369
0.0,6.171428571428571,6.3500000000000005,360,1.0,5.629488881012287,22,366,370
0.0,5.242857142857142,6.287867965644036,360,1.0,5.258977762024574,23,366,371
0.0,4.314285714285714,6.240192378864669,360,1.0,4.888466643036861,24,366,372
0.0,3.385714285714285,7.10511112605664,360,1.0,4.517955524049149,1,1,373
0.0,2.4571428571428564,7.1,360,1.0,4.147444405061435,2,1,374
0.0,1.5285714285714285,7.10511112605664,360,1.0,3.7769332860737226,3,1,375
0.0,0.6,7.120096189432334,360,1.0,3.40642216708601,4,1,376
0.0,0.9,7.143933982822017,360,1.0,3.40642216708601,5,1,377
0.0,0.5,7.175,360,1.0,5.0,6,1,378
0.0,0.4,7.211177143234622,360,1.0,5.0,7,1,379
0.0,0.2,7.25,360,1.0,4.0,8,1,380
78.55555555555554,0.2,7.288822856765378,360,1.0,7.900471551245044,9,1,381
190.77777777777777,0.9,7.325,360,1.0,7.900471551245044,10,1,382
269.33333333333337,0.9,7.356066017177983,360,1.0,7.900471551245044,11,1,383
381.55555555555554,1.5,7.379903810567666,360,1.0,7.900471551245044,12,1,384
448.8888888888889,2.0,7.39488887394336,360,1.0,7.900471551245044,13,1,385
280.55555555555554,2.0,7.4,360,1.0,7.900471551245044,14,1,386
168.33333333333331,2.2,7.39488887394336,360,1.0,6.0,15,1,387
56.111111111111114,3.0,7.379903810567666,360,1.0,5.0,16,1,388
11.222222222222221,2.9,7.356066017177983,360,1.0,6.0,17,1,389
0.0,3.4,7.325,360,1.0,3.40642216708601,18,1,390
0.0,4.2,7.288822856765378,360,1.0,7.900471551245044,19,1,391
0.0,5.1,7.25,360,1.0,7.900471551245044,20,1,392
0.0,5.4,7.211177143234622,360,0.99,7.900471551245044,21,1,393
0.0,5.7,7.175,360,0.98,7.900471551245044,22,1,394
0.0,5.8,7.143933982822017,360,0.96,7.900471551245044,23,1,395
0.0,6.0,7.120096189432334,360,0.96,7.900471551245044,24,1,396
0.0,6.4,6.911925960798826,360,0.97,7.900471551245044,1,2,397
0.0,6.9,6.9,360,0.97,7.900471551245044,2,2,398
0.0,6.6,6.911925960798826,360,0.94,8.0,3,2,399
0.0,6.5,6.946891108675446,360,0.92,9.0,4,2,400
0.0,6.9,7.002512626584709,360,0.94,9.0,5,2,401
0.0,7.5,7.075,360,0.92,9.0,6,2,402
0.0,7.8,7.1594133342141175,360,0.92,8.0,7,2,403
0.0,7.9,7.25,360,0.95,9.0,8,2,404
11.222222222222221,8.466963927679005,7.3405866657858825,360,0.97,10.0,9,2,405
44.888888888888886,8.885119563396715,7.425,360,0.98,11.0,10,2,406
22.444444444444443,8.885119563396715,7.497487373415291,360,0.99,10.0,11,2,407
33.66666666666667,6.4,7.553108891324554,360,0.99,7.900471551245044,12,2,408
56.111111111111114,5.8,7.588074039201174,360,0.99,4.0,13,2,409
78.55555555555554,5.6,7.6,360,0.99,3.40642216708601,14,2,410
101.0,5.6,7.588074039201174,360,0.99,4.0,15,2,411
33.66666666666667,5.5,7.553108891324554,360,0.99,3.40642216708601,16,2,412
0.0,5.2,7.497487373415291,360,0.99,3.40642216708601,17,2,413
0.0,5.1,7.425,360,0.99,2.0,18,2,414
0.0,5.1,7.3405866657858825,360,0.99,2.0,19,2,415
0.0,5.1,7.25,360,0.99,0.0,20,2,416
0.0,4.9,7.1594133342141175,360,0.99,2.0,21,2,417
0.0,5.1,7.075,360,1.0,2.0,22,2,418
0.0,4.9,7.002512626584709,360,1.0,2.0,23,2,419
0.0,4.7,6.946891108675446,360,1.0,2.0,24,2,420
0.0,4.5,7.203407417371094,360,1.0,2.0,1,3,421
0.0,4.5,7.200000000000001,360,1.0,2.0,2,3,422
0.0,4.2,7.203407417371094,360,1.0,3.40642216708601,3,3,423
0.0,4.2,7.213397459621556,360,1.0,3.40642216708601,4,3,424
0.0,3.9,7.229289321881346,360,1.0,3.40642216708601,5,3,425
0.0,3.6,7.250000000000001,360,1.0,3.40642216708601,6,3,426
0.0,3.4,7.274118095489748,360,1.0,3.40642216708601,7,3,427
0.0,3.2,7.300000000000001,360,1.0,3.40642216708601,8,3,428
56.111111111111114,3.2,7.325881904510253,360,1.0,4.0,9,3,429
89.77777777777777,3.2,7.3500000000000005,360,0.99,4.0,10,3,430
123.44444444444446,3.4,7.370710678118655,360,0.99,5.0,11,3,431
202.0,4.0,7.386602540378445,360,0.99,5.0,12,3,432
224.44444444444446,4.2,7.396592582628908,360,0.96,5.0,13,3,433
190.77777777777777,3.6,7.4,360,0.89,6.0,14,3,434
168.33333333333331,3.5,7.396592582628908,360,0.8572084879257663,5.0,15,3,435
89.77777777777777,2.4,7.386602540378445,360,0.8572084879257663,5.0,16,3,436
11.222222222222221,1.9,7.370710678118655,360,0.88,5.0,17,3,437
0.0,1.6,7.3500000000000005,360,0.91,4.0,18,3,438
0.0,1.3,7.325881904510253,360,0.91,4.0,19,3,439
0.0,1.5,7.300000000000001,360,0.92,5.0,20,3,440
0.0,1.5,7.274118095489748,360,0.92,5.0,21,3,441
0.0,1.6,7.250000000000001,360,0.92,5.0,22,3,442
0.0,1.7,7.229289321881346,360,0.92,5.0,23,3,443
0.0,1.7,7.213397459621556,360,0.91,5.0,24,3,444
0.0,1.6,6.237481591082026,360,0.9089949493667724,4.0,1,4,445
0.0,1.5,6.200000000000001,360,0.91,3.40642216708601,2,4,446
0.0,1.3,6.237481591082025,360,0.92,4.0,3,4,447
0.0,1.5,6.347372055837118,360,0.92,4.0,4,4,448
0.0,1.5,6.522182540694798,360,0.92,3.40642216708601,5,4,449
0.0,1.5,6.75,360,0.92,3.40642216708601,6,4,450
0.0,1.2,7.015299050387228,360,0.94,3.40642216708601,7,4,451
0.0,1.2,7.300000000000001,360,0.97,3.40642216708601,8,4,452
89.77777777777777,1.6,7.584700949612774,360,0.98,2.0,9,4,453
134.66666666666669,2.1,7.8500000000000005,360,0.99,2.0,10,4,454
190.77777777777777,2.9,8.077817459305203,360,0.99,2.0,11,4,455
145.88888888888889,4.0,8.252627944162883,360,1.0,2.0,12,4,456
157.1111111111111,5.7,8.362518408917976,360,1.0,2.0,13,4,457
78.55555555555554,7.280410768442359,8.4,360,1.0,3.40642216708601,14,4,458
56.111111111111114,10.3,8.362518408917976,360,1.0,7.900471551245044,15,4,459
33.66666666666667,11.1,8.252627944162883,360,1.0,8.0,16,4,460
0.0,11.3,8.077817459305203,360,1.0,11.0,17,4,461
0.0,11.5,7.8500000000000005,360,1.0,9.0,18,4,462
0.0,11.1,7.584700949612774,360,1.0,9.0,19,4,463
0.0,11.1,7.300000000000001,360,0.99,9.0,20,4,464
0.0,10.3,7.015299050387228,360,0.99,9.0,21,4,465
0.0,10.5,6.750000000000001,360,0.99,9.0,22,4,466
0.0,11.5,6.522182540694798,360,0.98,6.0,23,4,467
0.0,11.5,6.347372055837118,360,0.99,7.900471551245044,24,4,468
0.0,11.6,7.230666756339838,360,0.98,7.900471551245044,1,5,469
0.0,11.5,7.199999999999999,360,0.98,8.0,2,5,470
0.0,11.1,7.230666756339838,360,0.97,7.900471551245044,3,5,471
0.0,10.8,7.320577136594005,360,0.95,7.900471551245044,4,5,472
0.0,10.5,7.463603896932106,360,0.94,7.900471551245044,5,5,473
0.0,9.8,7.6499999999999995,360,0.95,6.0,6,5,474
0.0,9.3,7.867062859407731,360,0.95,8.0,7,5,475
0.0,9.4,8.1,360,0.92,8.0,8,5,476
33.66666666666667,9.6,8.332937140592268,360,0.87,8.0,9,5,477
101.0,9.2,8.549999999999999,360,0.89,9.0,10,5,478
215.18507019877038,9.8,8.736396103067893,360,0.86,9.0,11,5,479
325.44444444444446,12.1,8.879422863405994,360,0.78,9.0,12,5,480
404.0,13.0,8.969333243660161,360,0.76,9.0,13,5,481
215.18507019877038,12.4,9.0,360,0.78,10.0,14,5,482
202.0,11.9,8.969333243660161,360,0.78,8.0,15,5,483
112.22222222222223,11.6,8.879422863405994,360,0.79,9.0,16,5,484
11.222222222222221,11.1,8.736396103067893,360,0.78,9.0,17,5,485
0.0,10.8,8.549999999999999,360,0.79,10.0,18,5,486
0.0,10.0,8.332937140592268,360,0.84,11.0,19,5,487
0.0,9.8,8.1,360,0.8572084879257663,11.0,20,5,488
0.0,10.0,7.867062859407731,360,0.86,11.0,21,5,489
0.0,10.8,7.65,360,0.83,13.0,22,5,490
0.0,11.1,7.463603896932107,360,0.82,11.0,23,5,491
0.0,11.3,7.320577136594005,360,0.81,11.0,24,5,492
0.0,11.3,9.001703708685547,360,0.79,11.0,1,6,493
0.0,10.3,9.0,360,0.83,11.0,2,6,494
0.0,11.1,9.001703708685547,360,0.82,11.0,3,6,495
0.0,10.3,9.006698729810779,360,0.82,11.0,4,6,496
0.0,11.1,9.014644660940673,360,0.79,11.0,5,6,497
0.0,10.0,9.025,360,0.81,13.0,6,6,498
0.0,9.6,9.037059047744874,360,0.9089949493667724,15.0,7,6,499
0.0,9.0,9.05,360,0.94,15.0,8,6,500
56.111111111111114,8.7,9.062940952255127,360,0.92,13.0,9,6,501
179.55555555555554,8.7,9.075000000000001,360,0.91,13.0,10,6,502
258.11111111111114,8.6,9.085355339059328,360,0.86,10.0,11,6,503
291.77777777777777,8.4,9.093301270189222,360,0.8572084879257663,9.0,12,6,504
235.66666666666669,8.3,9.098296291314455,360,0.8572084879257663,9.0,13,6,505
538.6666666666667,8.6,9.100000000000001,360,0.73,9.0,14,6,506
325.44444444444446,8.6,9.098296291314455,360,0.73,7.900471551245044,15,6,507
190.77777777777777,8.1,9.093301270189222,360,0.71,6.0,16,6,508
0.0,7.0,9.085355339059328,360,0.82,7.900471551245044,17,6,509
0.0,7.0,9.075000000000001,360,0.8572084879257663,5.0,18,6,510
0.0,6.9,9.062940952255127,360,0.87,8.0,19,6,511
0.0,6.4,9.05,360,0.89,6.0,20,6,512
0.0,6.3,9.037059047744874,360,0.91,5.0,21,6,513
0.0,6.3,9.025,360,0.92,7.900471551245044,22,6,514
0.0,5.6,9.014644660940673,360,0.91,9.0,23,6,515
0.0,5.6,9.006698729810779,360,0.92,5.0,24,6,516
0.0,5.3,7.72044450422656,360,0.95,5.0,1,7,517
0.0,5.1,7.700000000000001,360,0.96,5.0,2,7,518
0.0,4.7,7.72044450422656,360,0.97,5.0,3,7,519
0.0,4.7,7.780384757729338,360,0.98,3.40642216708601,4,7,520
0.0,4.9,7.875735931288072,360,0.98,3.40642216708601,5,7,521
0.0,4.5,8.0,360,0.99,2.0,6,7,522
0.0,4.2,8.14470857293849,360,0.99,3.40642216708601,7,7,523
11.222222222222221,4.0,8.3,360,0.99,3.40642216708601,8,7,524
134.66666666666669,4.7,8.455291427061514,360,0.99,3.40642216708601,9,7,525
269.33333333333337,6.3,8.600000000000001,360,0.99,3.40642216708601,10,7,526
381.55555555555554,7.3,8.72426406871193,360,0.97,4.0,11,7,527
224.44444444444446,8.0,8.819615242270665,360,0.95,3.40642216708601,12,7,528
258.11111111111114,8.3,8.879555495773442,360,0.91,5.0,13,7,529
134.66666666666669,8.2,8.9,360,0.95,4.0,14,7,530
101.0,8.3,8.879555495773442,360,0.97,5.0,15,7,531
22.444444444444443,8.3,8.819615242270665,360,0.97,5.0,16,7,532
11.222222222222221,8.3,8.72426406871193,360,0.98,6.0,17,7,533
0.0,8.1,8.600000000000001,360,0.98,9.0,18,7,534
0.0,7.8,8.455291427061514,360,0.97,8.0,19,7,535
0.0,7.418295712969994,8.3,360,0.97,7.900471551245044,20,7,536
0.0,7.3,8.14470857293849,360,0.98,6.0,21,7,537
0.0,7.5,8.0,360,0.99,5.0,22,7,538
0.0,8.4,7.875735931288072,360,0.99,5.0,23,7,539
0.0,10.8,7.780384757729338,360,0.99,8.0,24,7,540
0.0,11.9,8.228963047654291,360,0.99,8.0,1,8,541
0.0,12.4,8.2,360,0.99,7.900471551245044,2,8,542
0.0,12.6,8.228963047654291,360,1.0,8.0,3,8,543
0.0,14.1,8.313878406783227,360,0.99,11.0,4,8,544
0.0,14.5,8.448959235991435,360,0.99,11.0,5,8,545
0.0,13.0,8.625,360,0.97,11.0,6,8,546
0.0,12.6,8.830003811662857,360,0.97,7.900471551245044,7,8,547
0.0,12.6,9.05,360,0.96,7.900471551245044,8,8,548
44.888888888888886,12.4,9.269996188337144,360,0.94,7.900471551245044,9,8,549
123.44444444444446,13.2,9.475000000000001,360,0.88,9.0,10,8,550
168.33333333333331,13.6,9.651040764008567,360,0.83,13.0,11,8,551
325.44444444444446,16.5,9.786121593216775,360,0.73,11.0,12,8,552
134.66666666666669,13.0,9.87103695234571,360,0.84,13.0,13,8,553
89.77777777777777,11.8,9.900000000000002,360,0.89,11.0,14,8,554
33.66666666666667,11.8,9.87103695234571,360,0.92,10.0,15,8,555
11.222222222222221,11.5,9.786121593216775,360,0.95,10.0,16,8,556
11.222222222222221,11.6,9.651040764008567,360,0.96,10.0,17,8,557
0.0,11.3,9.475000000000001,360,0.96,9.0,18,8,558
0.0,11.1,9.269996188337144,360,0.95,8.0,19,8,559
0.0,11.3,9.05,360,0.92,8.0,20,8,560
0.0,10.8,8.830003811662857,360,0.9089949493667724,11.0,21,8,561
0.0,10.5,8.625,360,0.92,11.0,22,8,562
0.0,10.0,8.448959235991435,360,0.94,13.0,23,8,563
0.0,10.0,8.313878406783227,360,0.95,11.0,24,8,564
0.0,11.3,9.706814834742184,360,0.97,11.0,1,9,565
0.0,12.4,9.7,360,0.96,13.0,2,9,566
0.0,12.1,9.706814834742184,360,0.94,15.0,3,9,567
0.0,12.4,9.72679491924311,360,0.95,13.0,4,9,568
0.0,12.1,9.75857864376269,360,0.95,21.0,5,9,569
0.0,11.8,9.799999999999999,360,0.96,11.0,6,9,570
0.0,10.8,9.848236190979494,360,0.96,11.0,7,9,571
0.0,10.0,9.899999999999999,360,0.97,9.0,8,9,572
89.77777777777777,10.5,9.951763809020504,360,0.98,9.0,9,9,573
123.44444444444446,11.1,9.999999999999998,360,0.98,7.900471551245044,10,9,574
202.0,8.6,10.041421356237308,360,0.97,9.0,11,9,575
224.44444444444446,7.6,10.073205080756887,360,0.91,10.0,12,9,576
426.44444444444446,8.0,10.093185165257813,360,0.73,8.0,13,9,577
246.8888888888889,7.6,10.099999999999998,360,0.73,7.900471551245044,14,9,578
291.77777777777777,7.9,10.093185165257813,360,0.71,6.0,15,9,579
258.11111111111114,7.280410768442359,10.073205080756887,360,0.68,5.0,16,9,580
22.444444444444443,6.1,10.041421356237308,360,0.75,2.0,17,9,581
0.0,5.8,9.999999999999998,360,0.79,2.0,18,9,582
0.0,4.3,9.951763809020504,360,0.89,0.0,19,9,583
0.0,4.6,9.899999999999999,360,0.94,2.0,20,9,584
0.0,4.6,9.848236190979494,360,0.95,0.0,21,9,585
0.0,4.3,9.799999999999999,360,0.96,0.0,22,9,586
0.0,4.7,9.75857864376269,360,0.97,2.0,23,9,587
0.0,4.9,9.72679491924311,360,0.97,2.0,24,9,588
0.0,5.1,8.406814834742187,360,0.94,2.0,1,10,589
0.0,4.7,8.400000000000002,360,0.94,2.0,2,10,590
0.0,4.8,8.406814834742187,360,0.94,3.40642216708601,3,10,591
0.0,4.5,8.426794919243113,360,0.95,3.40642216708601,4,10,592
0.0,4.6,8.458578643762692,360,0.97,3.40642216708601,5,10,593
0.0,4.6,8.500000000000002,360,0.99,4.0,6,10,594
0.0,4.6,8.548236190979496,360,0.99,4.0,7,10,595
0.0,4.6,8.600000000000001,360,0.99,4.0,8,10,596
44.888888888888886,4.9,8.651763809020506,360,0.99,4.0,9,10,597
78.55555555555554,5.1,8.700000000000001,360,1.0,4.0,10,10,598
112.22222222222223,5.4,8.74142135623731,360,1.0,2.0,11,10,599
145.88888888888889,5.4,8.77320508075689,360,1.0,2.0,12,10,600
168.33333333333331,5.5,8.793185165257816,360,1.0,2.0,13,10,601
179.55555555555554,5.7,8.8,360,1.0,2.0,14,10,602
134.66666666666669,6.0,8.793185165257816,360,1.0,2.0,15,10,603
44.888888888888886,5.8,8.77320508075689,360,1.0,2.0,16,10,604
11.222222222222221,5.7,8.74142135623731,360,1.0,2.0,17,10,605
0.0,5.5,8.700000000000001,360,1.0,2.0,18,10,606
0.0,5.4,8.651763809020506,360,1.0,2.0,19,10,607
0.0,5.3,8.600000000000001,360,1.0,3.40642216708601,20,10,608
0.0,4.7,8.548236190979496,360,1.0,3.40642216708601,21,10,609
0.0,4.3,8.500000000000002,360,1.0,3.40642216708601,22,10,610
0.0,3.9,8.458578643762692,360,1.0,3.40642216708601,23,10,611
0.0,3.7,8.426794919243113,360,1.0,3.40642216708601,24,10,612
0.0,3.6,7.805111126056639,360,1.0,3.40642216708601,1,11,613
0.0,3.4,7.799999999999999,360,1.0,3.40642216708601,2,11,614
0.0,3.2,7.805111126056639,360,1.0,5.0,3,11,615
0.0,3.4,7.820096189432333,360,1.0,6.0,4,11,616
0.0,3.5,7.843933982822017,360,1.0,5.0,5,11,617
0.0,3.5,7.874999999999999,360,1.0,4.0,6,11,618
0.0,3.4,7.911177143234621,360,1.0,3.40642216708601,7,11,619
0.0,3.0,7.949999999999999,360,1.0,4.0,8,11,620
56.111111111111114,2.8,7.988822856765378,360,1.0,3.40642216708601,9,11,621
112.22222222222223,2.6,8.024999999999999,360,0.99,5.0,10,11,622
381.55555555555554,3.9,8.056066017177981,360,0.99,4.0,11,11,623
314.2222222222222,3.4,8.079903810567664,360,0.98,5.0,12,11,624
729.4444444444443,4.6,8.09488887394336,360,0.92,5.0,13,11,625
628.4444444444443,5.1,8.1,360,0.81,5.0,14,11,626
448.8888888888889,4.5,8.09488887394336,360,0.82,5.0,15,11,627
224.44444444444446,2.5,8.079903810567664,360,0.88,4.0,16,11,628
22.444444444444443,1.8,8.056066017177981,360,0.92,4.0,17,11,629
0.0,1.5,8.024999999999999,360,0.95,4.0,18,11,630
0.0,1.2,7.988822856765378,360,0.94,5.0,19,11,631
0.0,0.5,7.949999999999999,360,0.94,5.0,20,11,632
0.0,-0.2,7.911177143234621,360,0.94,5.0,21,11,633
0.0,-0.7,7.874999999999999,360,0.94,3.40642216708601,22,11,634
0.0,-1.0,7.843933982822017,360,0.95,3.40642216708601,23,11,635
0.0,-0.4,7.820096189432333,360,0.96,4.0,24,11,636
0.0,-0.7,6.4051111260566405,360,0.96,5.0,1,12,637
0.0,-0.7,6.4,360,0.96,5.0,2,12,638
0.0,-0.3,6.4051111260566405,360,0.97,4.0,3,12,639
0.0,0.2,6.420096189432335,360,0.97,5.0,4,12,640
0.0,0.4,6.443933982822019,360,0.97,6.0,5,12,641
0.0,0.9,6.4750000000000005,360,0.95,5.0,6,12,642
0.0,1.0,6.511177143234622,360,0.91,5.0,7,12,643
11.222222222222221,0.9,6.550000000000001,360,0.88,5.0,8,12,644
157.1111111111111,1.2,6.588822856765379,360,0.87,5.0,9,12,645
381.55555555555554,1.8,6.625000000000001,360,0.84,6.0,10,12,646
606.0,2.4,6.656066017177983,360,0.81,6.0,11,12,647
729.4444444444443,2.6,6.679903810567667,360,0.84,5.0,12,12,648
774.3333333333333,3.2,6.694888873943361,360,0.81,6.0,13,12,649
662.1111111111112,4.2,6.700000000000001,360,0.78,5.0,14,12,650
303.0,3.7,6.694888873943361,360,0.78,6.0,15,12,651
89.77777777777777,3.2,6.679903810567667,360,0.69,7.900471551245044,16,12,652
11.222222222222221,3.0,6.656066017177983,360,0.71,8.0,17,12,653
0.0,2.8,6.625000000000001,360,0.75,7.900471551245044,18,12,654
0.0,2.6,6.588822856765379,360,0.73,7.900471551245044,19,12,655
0.0,2.3,6.550000000000001,360,0.71,9.0,20,12,656
0.0,2.0,6.511177143234622,360,0.71,7.900471551245044,21,12,657
0.0,1.2,6.4750000000000005,360,0.78,7.900471551245044,22,12,658
0.0,1.2,6.443933982822019,360,0.78,5.0,23,12,659
0.0,0.6,6.420096189432335,360,0.78,7.900471551245044,24,12,660
0.0,0.0,5.1068148347421864,360,0.79,7.900471551245044,1,13,661
0.0,-0.4,5.1,360,0.81,5.0,2,13,662
0.0,-0.9,5.106814834742186,360,0.82,5.0,3,13,663
0.0,-1.4,5.126794919243112,360,0.84,5.0,4,13,664
0.0,-1.6,5.15857864376269,360,0.86,5.0,5,13,665
0.0,-1.4,5.199999999999999,360,0.8572084879257663,5.0,6,13,666
0.0,-1.7,5.248236190979496,360,0.8572084879257663,5.0,7,13,667
11.222222222222221,-3.1,5.3,360,0.87,4.0,8,13,668
190.77777777777777,-0.7,5.351763809020504,360,0.88,5.0,9,13,669
404.0,0.9,5.4,360,0.82,5.0,10,13,670
628.4444444444443,1.5,5.441421356237309,360,0.75,6.0,11,13,671
808.0,1.9,5.4732050807568875,360,0.71,6.0,12,13,672
852.8888888888889,2.2,5.493185165257814,360,0.69,5.0,13,13,673
707.0000000000001,2.8,5.5,360,0.66,5.0,14,13,674
538.6666666666667,3.0,5.493185165257814,360,0.63,5.0,15,13,675
258.11111111111114,2.1,5.4732050807568875,360,0.66,6.0,16,13,676
33.66666666666667,1.0,5.441421356237309,360,0.81,4.0,17,13,677
0.0,0.6,5.4,360,0.83,5.0,18,13,678
0.0,0.0,5.351763809020504,360,0.8572084879257663,5.0,19,13,679
0.0,-0.4,5.3,360,0.88,4.0,20,13,680
0.0,-2.4,5.248236190979496,360,0.9089949493667724,4.0,21,13,681
0.0,-2.7,5.2,360,0.92,3.40642216708601,22,13,682
0.0,-3.5,5.158578643762691,360,0.92,2.0,23,13,683
0.0,-3.1,5.126794919243112,360,0.95,3.40642216708601,24,13,684
0.0,-3.8,3.908518543427733,360,0.94,3.40642216708601,1,14,685
0.0,-4.3,3.9000000000000004,360,0.94,5.0,2,14,686
0.0,-3.4,3.908518543427733,360,0.92,3.40642216708601,3,14,687
0.0,-5.5,3.9334936490538905,360,0.91,3.40642216708601,4,14,688
0.0,-6.8,3.9732233047033634,360,0.92,2.0,5,14,689
0.0,-8.0,4.025,360,0.94,2.0,6,14,690
0.0,-7.3,4.08529523872437,360,0.96,2.0,7,14,691
11.222222222222221,-8.8,4.15,360,0.96,2.0,8,14,692
336.66666666666663,-4.8,4.21470476127563,360,0.97,3.40642216708601,9,14,693
606.0,-2.4,4.275,360,0.97,4.0,10,14,694
707.0000000000001,-0.2,4.326776695296638,360,0.92,5.0,11,14,695
1155.888888888889,1.8,4.366506350946111,360,0.81,5.0,12,14,696
897.7777777777778,2.2,4.391481456572268,360,0.69,4.0,13,14,697
751.8888888888888,3.1,4.4,360,0.64,3.40642216708601,14,14,698
538.6666666666667,3.1,4.391481456572268,360,0.62,4.0,15,14,699
246.8888888888889,2.0,4.366506350946111,360,0.66,4.0,16,14,700
22.444444444444443,0.2,4.326776695296638,360,0.78,2.0,17,14,701
0.0,-0.4,4.275,360,0.88,2.0,18,14,702
0.0,-2.4,4.21470476127563,360,0.9089949493667724,2.0,19,14,703
0.0,-1.6,4.15,360,0.9089949493667724,2.0,20,14,704
0.0,-1.4,4.08529523872437,360,0.89,2.0,21,14,705
0.0,-1.7,4.025,360,0.89,2.0,22,14,706
0.0,-3.1,3.9732233047033634,360,0.89,2.0,23,14,707
0.0,-2.9,3.9334936490538905,360,0.92,2.0,24,14,708
0.0,-3.5,3.5221482129121062,360,0.92,2.0,1,15,709
0.0,-3.4,3.5000000000000004,360,0.94,2.0,2,15,710
0.0,-4.3,3.5221482129121062,360,0.94,2.0,3,15,711
0.0,-4.8,3.587083487540115,360,0.95,3.40642216708601,4,15,712
0.0,-5.7,3.6903805922287445,360,0.96,2.0,5,15,713
0.0,-5.7,3.825,360,0.96,3.40642216708601,6,15,714
0.0,-6.2,3.981767620683362,360,0.96,2.0,7,15,715
11.222222222222221,-4.6,4.15,360,0.97,2.0,8,15,716
290.1870941323785,-2.4,4.318232379316639,360,0.97,2.0,9,15,717
662.1111111111112,0.9,4.4750000000000005,360,0.95,3.40642216708601,10,15,718
774.3333333333333,2.2,4.609619407771256,360,0.84,3.40642216708601,11,15,719
673.3333333333333,4.2,4.712916512459885,360,0.64,3.40642216708601,12,15,720
662.1111111111112,4.6,4.7778517870878945,360,0.57,4.0,13,15,721
572.3333333333333,4.9,4.800000000000001,360,0.53,4.0,14,15,722
381.55555555555554,5.1,4.7778517870878945,360,0.62,3.40642216708601,15,15,723
112.22222222222223,3.9,4.712916512459885,360,0.76,3.40642216708601,16,15,724
11.222222222222221,3.4,4.609619407771256,360,0.9089949493667724,4.0,17,15,725
0.0,2.9,4.4750000000000005,360,0.95,3.40642216708601,18,15,726
0.0,2.6,4.318232379316639,360,0.98,3.40642216708601,19,15,727
0.0,2.8,4.15,360,0.99,3.40642216708601,20,15,728
0.0,3.0,3.981767620683362,360,0.99,4.0,21,15,729
0.0,3.1,3.8250000000000006,360,1.0,4.0,22,15,730
0.0,3.2,3.6903805922287445,360,1.0,5.0,23,15,731
0.0,3.0,3.587083487540115,360,1.0,5.0,24,15,732
0.0,2.8,4.315333378169919,360,1.0,6.0,1,16,733
0.0,2.5,4.3,360,1.0,7.900471551245044,2,16,734
0.0,2.3,4.315333378169919,360,1.0,7.900471551245044,3,16,735
0.0,2.6,4.360288568297002,360,1.0,8.0,4,16,736
0.0,2.5,4.431801948466053,360,1.0,9.0,5,16,737
0.0,2.5,4.5249999999999995,360,1.0,8.0,6,16,738
0.0,2.8,4.633531429703866,360,1.0,8.0,7,16,739
0.0,2.5,4.75,360,0.99,9.0,8,16,740
33.66666666666667,2.5,4.866468570296134,360,0.99,7.900471551245044,9,16,741
101.0,2.3,4.9750000000000005,360,0.98,7.900471551245044,10,16,742
145.88888888888889,2.3,5.068198051533947,360,0.97,7.900471551245044,11,16,743
157.1111111111111,2.5,5.139711431702998,360,0.96,8.0,12,16,744
258.11111111111114,3.7,5.184666621830081,360,0.92,7.900471551245044,13,16,745
168.33333333333331,4.0,5.2,360,0.87,6.0,14,16,746
145.88888888888889,4.3,5.184666621830081,360,0.8572084879257663,6.0,15,16,747
235.66666666666669,3.8,5.139711431702998,360,0.83,7.900471551245044,16,16,748
44.888888888888886,2.6,5.068198051533947,360,0.86,5.0,17,16,749
0.0,2.1,4.9750000000000005,360,0.9089949493667724,3.40642216708601,18,16,750
0.0,1.6,4.866468570296134,360,0.92,3.40642216708601,19,16,751
0.0,0.9,4.75,360,0.94,2.0,20,16,752
0.0,0.4,4.633531429703866,360,0.96,2.0,21,16,753
0.0,-0.2,4.525,360,0.96,2.0,22,16,754
0.0,-0.7,4.431801948466053,360,0.97,2.0,23,16,755
0.0,-0.3,4.360288568297002,360,0.97,2.0,24,16,756
0.0,-1.1,3.7136296694843725,360,0.98,2.0,1,17,757
0.0,-1.8,3.6999999999999997,360,0.98,2.0,2,17,758
0.0,-3.0,3.7136296694843725,360,0.98,0.0,3,17,759
0.0,-2.9,3.7535898384862243,360,0.99,2.0,4,17,760
0.0,-3.8,3.8171572875253803,360,0.99,0.0,5,17,761
0.0,-4.1,3.8999999999999995,360,0.99,0.0,6,17,762
0.0,-4.8,3.9964723819589913,360,0.99,0.0,7,17,763
11.222222222222221,-6.2,4.1,360,0.99,2.0,8,17,764
269.33333333333337,-1.4,4.203527618041008,360,1.0,0.0,9,17,765
606.0,1.3,4.3,360,0.99,2.0,10,17,766
673.3333333333333,3.0,4.382842712474619,360,0.99,2.0,11,17,767
785.5555555555557,5.2,4.446410161513775,360,0.95,2.0,12,17,768
852.8888888888889,6.8,4.486370330515627,360,0.78,2.0,13,17,769
673.3333333333333,7.6,4.5,360,0.68,2.0,14,17,770
538.6666666666667,7.8,4.486370330515627,360,0.68,2.0,15,17,771
269.33333333333337,7.0,4.446410161513775,360,0.68,2.0,16,17,772
44.888888888888886,4.8,4.382842712474619,360,0.81,2.0,17,17,773
0.0,2.1,4.3,360,0.86,0.0,18,17,774
0.0,1.7,4.203527618041008,360,0.92,2.0,19,17,775
0.0,1.5,4.1,360,0.95,2.0,20,17,776
0.0,1.2,3.9964723819589913,360,0.96,2.0,21,17,777
0.0,0.4,3.9,360,0.97,2.0,22,17,778
0.0,-1.1,3.8171572875253807,360,0.98,2.0,23,17,779
0.0,-1.7,3.7535898384862243,360,0.99,3.40642216708601,24,17,780
0.0,-2.7,3.7085185434277332,360,0.99,3.40642216708601,1,18,781
0.0,-2.0,3.7,360,0.99,3.40642216708601,2,18,782
0.0,-1.8,3.7085185434277332,360,0.99,3.40642216708601,3,18,783
0.0,-1.8,3.7334936490538904,360,1.0,3.40642216708601,4,18,784
0.0,-2.0,3.773223304703363,360,1.0,3.40642216708601,5,18,785
0.0,-2.0,3.825,360,1.0,3.40642216708601,6,18,786
0.0,-2.0,3.88529523872437,360,1.0,3.40642216708601,7,18,787
0.0,-2.4,3.95,360,1.0,3.40642216708601,8,18,788
22.444444444444443,-2.0,4.01470476127563,360,1.0,4.0,9,18,789
78.55555555555554,-1.1,4.075,360,1.0,3.40642216708601,10,18,790
89.77777777777777,-0.7,4.126776695296637,360,1.0,3.40642216708601,11,18,791
112.22222222222223,-0.4,4.1665063509461095,360,1.0,3.40642216708601,12,18,792
101.0,-0.3,4.191481456572268,360,1.0,3.40642216708601,13,18,793
145.88888888888889,0.0,4.2,360,1.0,2.0,14,18,794
101.0,0.2,4.191481456572268,360,1.0,2.0,15,18,795
44.888888888888886,0.2,4.1665063509461095,360,1.0,0.0,16,18,796
0.0,0.0,4.126776695296637,360,1.0,0.0,17,18,797
0.0,0.0,4.075,360,1.0,2.0,18,18,798
0.0,0.0,4.01470476127563,360,0.99,2.0,19,18,799
0.0,-0.2,3.95,360,0.99,2.0,20,18,800
0.0,-0.3,3.88529523872437,360,0.99,2.0,21,18,801
0.0,-0.7,3.825,360,0.98,3.40642216708601,22,18,802
0.0,-0.9,3.773223304703363,360,0.98,3.40642216708601,23,18,803
0.0,-1.0,3.7334936490538904,360,0.98,2.0,24,18,804
0.0,-1.1,4.008518543427733,360,0.98,2.0,1,19,805
0.0,-1.6,4.0,360,0.98,2.0,2,19,806
0.0,-1.7,4.008518543427733,360,0.98,2.0,3,19,807
0.0,-1.6,4.033493649053891,360,0.98,3.40642216708601,4,19,808
0.0,-1.4,4.0732233047033635,360,0.99,2.0,5,19,809
0.0,-0.4,4.125,360,0.99,2.0,6,19,810
0.0,-1.1,4.18529523872437,360,0.99,2.0,7,19,811
11.222222222222221,-2.7,4.25,360,0.99,0.0,8,19,812
145.88888888888889,-0.3,4.31470476127563,360,0.99,2.0,9,19,813
482.5555555555556,0.9,4.375,360,0.99,3.40642216708601,10,19,814
290.1870941323785,1.0,4.4267766952966365,360,0.99,4.0,11,19,815
303.0,1.5,4.466506350946109,360,0.99,5.0,12,19,816
426.44444444444446,1.8,4.491481456572267,360,0.99,3.40642216708601,13,19,817
549.8888888888889,2.8,4.5,360,0.98,3.40642216708601,14,19,818
538.6666666666667,2.8,4.491481456572267,360,0.92,4.0,15,19,819
168.33333333333331,1.8,4.466506350946109,360,0.92,4.0,16,19,820
44.888888888888886,1.0,4.4267766952966365,360,0.94,3.40642216708601,17,19,821
0.0,1.0,4.375,360,0.96,3.40642216708601,18,19,822
0.0,-0.4,4.31470476127563,360,0.97,3.40642216708601,19,19,823
0.0,-0.9,4.25,360,0.98,3.40642216708601,20,19,824
0.0,-0.7,4.18529523872437,360,0.99,3.40642216708601,21,19,825
0.0,-0.9,4.125,360,0.99,3.40642216708601,22,19,826
0.0,-0.4,4.0732233047033635,360,0.99,3.40642216708601,23,19,827
0.0,-0.3,4.033493649053891,360,1.0,3.40642216708601,24,19,828
0.0,-1.0,4.113629669484372,360,1.0,3.40642216708601,1,20,829
0.0,-1.1,4.1,360,1.0,3.40642216708601,2,20,830
0.0,-1.4,4.113629669484372,360,1.0,3.40642216708601,3,20,831
0.0,-2.0,4.153589838486224,360,1.0,3.40642216708601,4,20,832
0.0,-2.0,4.217157287525381,360,1.0,3.40642216708601,5,20,833
0.0,-2.0,4.3,360,1.0,3.40642216708601,6,20,834
0.0,-2.0,4.396472381958992,360,1.0,3.40642216708601,7,20,835
11.222222222222221,-1.8,4.5,360,1.0,3.40642216708601,8,20,836
101.0,-1.0,4.603527618041008,360,1.0,3.40642216708601,9,20,837
168.33333333333331,-0.7,4.7,360,1.0,3.40642216708601,10,20,838
303.0,0.4,4.782842712474619,360,1.0,3.40642216708601,11,20,839
404.0,1.5,4.846410161513775,360,1.0,2.0,12,20,840
572.3333333333333,3.2,4.886370330515628,360,1.0,2.0,13,20,841
707.0000000000001,5.7,4.9,360,1.0,2.0,14,20,842
538.6666666666667,6.8,4.886370330515628,360,1.0,2.0,15,20,843
235.66666666666669,5.4,4.846410161513775,360,0.89,2.0,16,20,844
44.888888888888886,4.0,4.782842712474619,360,0.87,2.0,17,20,845
0.0,3.4,4.7,360,0.91,2.0,18,20,846
0.0,2.4,4.603527618041008,360,0.91,2.0,19,20,847
0.0,2.0,4.5,360,0.95,0.0,20,20,848
0.0,1.7,4.396472381958992,360,0.97,2.0,21,20,849
0.0,0.5,4.3,360,0.97,2.0,22,20,850
0.0,1.0,4.217157287525381,360,0.98,2.0,23,20,851
0.0,0.4,4.153589838486225,360,0.99,0.0,24,20,852
0.0,0.0,3.734074173710932,360,0.99,0.0,1,21,853
0.0,0.2,3.7,360,0.99,2.0,2,21,854
0.0,-0.3,3.734074173710932,360,0.99,2.0,3,21,855
0.0,-2.0,3.8339745962155614,360,0.99,2.0,4,21,856
0.0,-1.4,3.9928932188134523,360,1.0,2.0,5,21,857
0.0,-2.4,4.199999999999999,360,1.0,2.0,6,21,858
0.0,-2.4,4.441180954897479,360,1.0,0.0,7,21,859
0.0,-2.4,4.7,360,1.0,0.0,8,21,860
246.8888888888889,1.0,4.958819045102521,360,1.0,2.0,9,21,861
448.8888888888889,3.8,5.2,360,1.0,2.0,10,21,862
572.3333333333333,5.4,5.407106781186548,360,0.99,2.0,11,21,863
471.33333333333337,6.9,5.5660254037844386,360,0.99,3.40642216708601,12,21,864
628.4444444444443,8.7,5.665925826289069,360,0.8572084879257663,3.40642216708601,13,21,865
493.7777777777778,9.0,5.7,360,0.73,4.0,14,21,866
258.11111111111114,8.9,5.665925826289069,360,0.78,3.40642216708601,15,21,867
134.66666666666669,8.5,5.5660254037844386,360,0.82,2.0,16,21,868
11.222222222222221,8.3,5.407106781186548,360,0.84,2.0,17,21,869
0.0,7.9,5.2,360,0.84,0.0,18,21,870
0.0,7.0,4.958819045102521,360,0.87,0.0,19,21,871
0.0,7.0,4.7,360,0.9089949493667724,0.0,20,21,872
0.0,8.2,4.441180954897479,360,0.92,2.0,21,21,873
0.0,8.3,4.2,360,0.91,4.0,22,21,874
0.0,8.0,3.9928932188134527,360,0.94,4.0,23,21,875
0.0,8.6,3.8339745962155614,360,0.94,7.900471551245044,24,21,876
0.0,8.5,4.942592717138665,360,0.91,7.900471551245044,1,22,877
0.0,8.6,4.9,360,0.91,8.0,2,22,878
0.0,8.5,4.942592717138665,360,0.92,7.900471551245044,3,22,879
0.0,7.8,5.067468245269452,360,0.94,5.0,4,22,880
0.0,7.6,5.266116523516816,360,0.95,6.0,5,22,881
0.0,7.3,5.5249999999999995,360,0.97,5.0,6,22,882
0.0,7.418295712969994,5.82647619362185,360,0.97,7.900471551245044,7,22,883
22.444444444444443,7.3,6.15,360,0.98,5.0,8,22,884
157.1111111111111,7.8,6.473523806378151,360,0.98,4.0,9,22,885
290.1870941323785,9.0,6.775,360,0.97,5.0,10,22,886
493.7777777777778,11.6,7.033883476483185,360,0.87,5.0,11,22,887
415.2222222222223,11.9,7.232531754730549,360,0.83,7.900471551245044,12,22,888
215.18507019877038,11.5,7.3574072828613355,360,0.87,5.0,13,22,889
123.44444444444446,11.9,7.4,360,0.84,6.0,14,22,890
78.55555555555554,10.3,7.3574072828613355,360,0.91,7.900471551245044,15,22,891
56.111111111111114,10.8,7.232531754730549,360,0.92,6.0,16,22,892
0.0,9.6,7.033883476483185,360,0.95,7.900471551245044,17,22,893
0.0,9.7,6.775,360,0.97,6.0,18,22,894
0.0,9.7,6.473523806378151,360,0.98,6.0,19,22,895
0.0,9.8,6.15,360,0.98,7.900471551245044,20,22,896
0.0,9.7,5.82647619362185,360,0.99,7.900471551245044,21,22,897
0.0,8.2,5.525,360,0.99,6.0,22,22,898
0.0,7.418295712969994,5.266116523516816,360,0.98,6.0,23,22,899
11.222222222222221,6.9,5.067468245269452,360,0.97,5.0,24,22,900
0.0,6.4,6.510222252113279,360,0.92,5.0,1,23,901
0.0,5.1,6.5,360,0.92,3.40642216708601,2,23,902
0.0,3.0,6.510222252113279,360,0.94,2.0,3,23,903
0.0,3.1,6.540192378864669,360,0.97,2.0,4,23,904
0.0,2.8,6.587867965644036,360,0.99,3.40642216708601,5,23,905
0.0,3.6,6.6499999999999995,360,0.99,3.40642216708601,6,23,906
0.0,4.3,6.722354286469244,360,0.99,3.40642216708601,7,23,907
11.222222222222221,3.9,6.8,360,0.99,2.0,8,23,908
190.77777777777777,5.2,6.877645713530756,360,1.0,3.40642216708601,9,23,909
471.33333333333337,7.0,6.95,360,1.0,4.0,10,23,910
549.8888888888889,7.6,7.012132034355964,360,0.99,4.0,11,23,911
347.8888888888889,6.8,7.059807621135331,360,0.95,5.0,12,23,912
606.0,8.466963927679005,7.08977774788672,360,0.89,7.900471551245044,13,23,913
471.33333333333337,8.6,7.1,360,0.83,6.0,14,23,914
157.1111111111111,8.6,7.08977774788672,360,0.81,6.0,15,23,915
202.0,8.6,7.059807621135331,360,0.78,6.0,16,23,916
56.111111111111114,7.9,7.012132034355964,360,0.8572084879257663,5.0,17,23,917
0.0,7.8,6.95,360,0.86,5.0,18,23,918
0.0,7.280410768442359,6.877645713530756,360,0.88,5.0,19,23,919
0.0,6.5,6.8,360,0.9089949493667724,5.0,20,23,920
0.0,6.6,6.722354286469244,360,0.9089949493667724,5.0,21,23,921
0.0,6.3,6.65,360,0.91,7.900471551245044,22,23,922
0.0,6.3,6.587867965644036,360,0.9089949493667724,7.900471551245044,23,23,923
0.0,5.8,6.540192378864669,360,0.89,7.900471551245044,24,23,924
0.0,5.8,6.420444504226559,360,0.89,8.0,1,24,925
0.0,5.7,6.4,360,0.89,8.0,2,24,926
0.0,6.0,6.420444504226559,360,0.87,9.0,3,24,927
0.0,5.7,6.480384757729337,360,0.8572084879257663,10.0,4,24,928
0.0,5.8,6.575735931288071,360,0.8572084879257663,10.0,5,24,929
0.0,6.0,6.7,360,0.86,7.900471551245044,6,24,930
0.0,6.4,6.844708572938488,360,0.86,8.0,7,24,931
11.222222222222221,6.8,7.0,360,0.8572084879257663,8.0,8,24,932
89.77777777777777,7.1,7.155291427061512,360,0.86,7.900471551245044,9,24,933
168.33333333333331,8.1,7.3,360,0.86,9.0,10,24,934
325.44444444444446,8.9,7.424264068711929,360,0.81,9.0,11,24,935
415.2222222222223,9.7,7.519615242270663,360,0.76,9.0,12,24,936
291.77777777777777,11.1,7.579555495773441,360,0.75,8.0,13,24,937
347.8888888888889,12.4,7.6,360,0.72,9.0,14,24,938
145.88888888888889,12.1,7.579555495773441,360,0.75,7.900471551245044,15,24,939
56.111111111111114,11.8,7.519615242270663,360,0.79,5.0,16,24,940
11.222222222222221,11.6,7.424264068711929,360,0.79,4.0,17,24,941
0.0,11.1,7.3,360,0.78,3.40642216708601,18,24,942
0.0,10.3,7.155291427061512,360,0.78,5.0,19,24,943
0.0,10.8,7.0,360,0.72,7.900471551245044,20,24,944
0.0,10.3,6.844708572938488,360,0.71,7.900471551245044,21,24,945
0.0,10.0,6.7,360,0.71,7.900471551245044,22,24,946
0.0,10.8,6.575735931288071,360,0.68,9.0,23,24,947
0.0,9.8,6.480384757729337,360,0.72,9.0,24,24,948
0.0,9.4,7.3136296694843725,360,0.75,9.0,1,25,949
0.0,10.3,7.299999999999999,360,0.75,9.0,2,25,950
0.0,10.0,7.313629669484372,360,0.76,8.0,3,25,951
0.0,10.8,7.353589838486224,360,0.78,7.900471551245044,4,25,952
0.0,9.6,7.41715728752538,360,0.82,7.900471551245044,5,25,953
0.0,9.4,7.499999999999999,360,0.84,7.900471551245044,6,25,954
0.0,9.3,7.596472381958991,360,0.84,7.900471551245044,7,25,955
11.222222222222221,8.7,7.699999999999999,360,0.87,6.0,8,25,956
78.55555555555554,9.1,7.803527618041008,360,0.88,5.0,9,25,957
134.66666666666669,9.3,7.8999999999999995,360,0.88,5.0,10,25,958
246.8888888888889,10.5,7.982842712474619,360,0.86,5.0,11,25,959
112.22222222222223,9.1,8.046410161513775,360,0.92,7.900471551245044,12,25,960
145.88888888888889,9.6,8.086370330515626,360,0.96,7.900471551245044,13,25,961
112.22222222222223,9.4,8.1,360,0.95,9.0,14,25,962
157.1111111111111,9.0,8.086370330515626,360,0.87,10.0,15,25,963
101.0,8.9,8.046410161513775,360,0.91,8.0,16,25,964
33.66666666666667,9.0,7.982842712474619,360,0.92,8.0,17,25,965
0.0,8.466963927679005,7.8999999999999995,360,0.86,15.0,18,25,966
0.0,6.0,7.803527618041008,360,0.8572084879257663,17.0,19,25,967
0.0,4.8,7.699999999999999,360,0.87,15.0,20,25,968
0.0,4.2,7.596472381958991,360,0.88,11.0,21,25,969
0.0,3.7,7.499999999999999,360,0.89,9.0,22,25,970
0.0,2.3,7.417157287525381,360,0.92,5.0,23,25,971
0.0,1.8,7.353589838486224,360,0.94,3.40642216708601,24,25,972
0.0,1.9,6.72044450422656,360,0.96,2.0,1,26,973
0.0,2.2,6.700000000000001,360,0.96,3.40642216708601,2,26,974
0.0,3.5,6.72044450422656,360,0.95,4.0,3,26,975
0.0,4.6,6.780384757729338,360,0.94,5.0,4,26,976
0.0,4.9,6.875735931288072,360,0.94,6.0,5,26,977
0.0,5.3,7.0,360,0.95,6.0,6,26,978
0.0,5.5,7.144708572938488,360,0.96,7.900471551245044,7,26,979
0.0,6.0,7.300000000000001,360,0.96,7.900471551245044,8,26,980
33.66666666666667,6.3,7.455291427061513,360,0.94,8.0,9,26,981
44.888888888888886,6.6,7.6000000000000005,360,0.88,9.0,10,26,982
101.0,6.3,7.724264068711929,360,0.91,11.0,11,26,983
202.0,7.3,7.819615242270664,360,0.91,9.0,12,26,984
179.55555555555554,8.1,7.879555495773442,360,0.88,11.0,13,26,985
202.0,8.9,7.9,360,0.73,13.0,14,26,986
112.22222222222223,8.9,7.879555495773442,360,0.81,13.0,15,26,987
78.55555555555554,9.1,7.819615242270664,360,0.79,13.0,16,26,988
22.444444444444443,9.6,7.724264068711929,360,0.79,13.0,17,26,989
0.0,8.8,7.6000000000000005,360,0.88,10.0,18,26,990
0.0,8.3,7.455291427061513,360,0.92,9.0,19,26,991
0.0,8.885119563396715,7.300000000000001,360,0.87,11.0,20,26,992
0.0,9.2,7.144708572938488,360,0.76,13.0,21,26,993
0.0,11.1,7.000000000000001,360,0.78,13.0,22,26,994
0.0,11.5,6.875735931288072,360,0.83,15.0,23,26,995
0.0,11.3,6.780384757729338,360,0.92,17.0,24,26,996
0.0,10.3,7.122148212912105,360,0.95,11.0,1,27,997
0.0,10.3,7.1,360,0.97,10.0,2,27,998
0.0,10.5,7.122148212912105,360,0.97,9.0,3,27,999
0.0,10.3,7.187083487540114,360,0.96,10.0,4,27,1000
0.0,10.3,7.290380592228743,360,0.92,9.0,5,27,1001
0.0,9.3,7.425,360,0.9089949493667724,9.0,6,27,1002
0.0,9.1,7.581767620683362,360,0.9089949493667724,7.900471551245044,7,27,1003
0.0,9.2,7.75,360,0.91,9.0,8,27,1004
235.66666666666669,10.3,7.918232379316638,360,0.91,7.900471551245044,9,27,1005
359.1111111111111,10.0,8.075000000000001,360,0.83,11.0,10,27,1006
314.2222222222222,10.3,8.209619407771257,360,0.86,9.0,11,27,1007
347.8888888888889,10.0,8.312916512459886,360,0.9089949493667724,11.0,12,27,1008
246.8888888888889,7.9,8.377851787087895,360,0.92,10.0,13,27,1009
359.1111111111111,9.1,8.4,360,0.8572084879257663,9.0,14,27,1010
202.0,9.0,8.377851787087895,360,0.81,10.0,15,27,1011
89.77777777777777,8.7,8.312916512459886,360,0.83,9.0,16,27,1012
22.444444444444443,7.3,8.209619407771257,360,0.91,11.0,17,27,1013
0.0,7.9,8.075000000000001,360,0.92,7.900471551245044,18,27,1014
0.0,7.8,7.918232379316638,360,0.84,9.0,19,27,1015
0.0,7.6,7.75,360,0.83,10.0,20,27,1016
0.0,7.1,7.581767620683362,360,0.87,9.0,21,27,1017
0.0,7.280410768442359,7.425,360,0.87,9.0,22,27,1018
0.0,7.0,7.290380592228744,360,0.92,10.0,23,27,1019
0.0,6.6,7.187083487540114,360,0.88,10.0,24,27,1020
0.0,6.4,7.311925960798827,360,0.89,10.0,1,28,1021
0.0,6.6,7.300000000000001,360,0.9089949493667724,10.0,2,28,1022
0.0,6.1,7.311925960798827,360,0.9089949493667724,13.0,3,28,1023
0.0,6.3,7.346891108675447,360,0.88,9.0,4,28,1024
0.0,6.6,7.402512626584708,360,0.9089949493667724,9.0,5,28,1025
0.0,6.9,7.4750000000000005,360,0.92,11.0,6,28,1026
0.0,6.6,7.559413334214118,360,0.95,11.0,7,28,1027
11.222222222222221,6.8,7.65,360,0.97,10.0,8,28,1028
11.222222222222221,7.418295712969994,7.740586665785883,360,0.97,11.0,9,28,1029
78.55555555555554,7.6,7.825,360,0.98,7.900471551245044,10,28,1030
168.33333333333331,8.4,7.897487373415292,360,0.98,6.0,11,28,1031
314.2222222222222,8.8,7.953108891324554,360,0.96,7.900471551245044,12,28,1032
347.8888888888889,9.2,7.988074039201174,360,0.94,7.900471551245044,13,28,1033
215.18507019877038,9.2,8.0,360,0.91,8.0,14,28,1034
246.8888888888889,9.8,7.988074039201174,360,0.88,7.900471551245044,15,28,1035
179.55555555555554,9.4,7.953108891324554,360,0.87,7.900471551245044,16,28,1036
33.66666666666667,9.0,7.897487373415292,360,0.79,9.0,17,28,1037
0.0,8.466963927679005,7.825,360,0.86,8.0,18,28,1038
0.0,8.1,7.740586665785883,360,0.87,7.900471551245044,19,28,1039
0.0,8.0,7.65,360,0.89,8.0,20,28,1040
0.0,7.9,7.559413334214118,360,0.88,6.0,21,28,1041
0.0,7.8,7.4750000000000005,360,0.87,7.900471551245044,22,28,1042
0.0,7.418295712969994,7.402512626584708,360,0.9089949493667724,6.0,23,28,1043
0.0,7.280410768442359,7.346891108675447,360,0.89,5.0,24,28,1044
0.0,6.9,7.305111126056639,360,0.92,5.0,1,29,1045
0.0,6.6,7.299999999999999,360,0.92,5.0,2,29,1046
0.0,6.0,7.305111126056639,360,0.92,5.0,3,29,1047
0.0,5.7,7.320096189432333,360,0.94,4.0,4,29,1048
0.0,6.1,7.343933982822017,360,0.95,5.0,5,29,1049
0.0,6.3,7.374999999999999,360,0.96,6.0,6,29,1050
0.0,6.3,7.411177143234621,360,0.96,6.0,7,29,1051
11.222222222222221,6.5,7.449999999999999,360,0.98,7.900471551245044,8,29,1052
33.66666666666667,6.9,7.488822856765378,360,0.98,7.900471551245044,9,29,1053
112.22222222222223,7.280410768442359,7.5249999999999995,360,0.99,9.0,10,29,1054
246.8888888888889,7.418295712969994,7.556066017177981,360,0.98,11.0,11,29,1055
202.0,7.7,7.579903810567665,360,0.92,9.0,12,29,1056
202.0,8.0,7.5948888739433595,360,0.86,10.0,13,29,1057
202.0,8.3,7.6,360,0.8572084879257663,9.0,14,29,1058
112.22222222222223,8.0,7.5948888739433595,360,0.8572084879257663,7.900471551245044,15,29,1059
44.888888888888886,8.0,7.579903810567665,360,0.86,9.0,16,29,1060
11.222222222222221,7.9,7.556066017177981,360,0.89,11.0,17,29,1061
0.0,7.280410768442359,7.5249999999999995,360,0.91,11.0,18,29,1062
0.0,7.418295712969994,7.488822856765378,360,0.92,7.900471551245044,19,29,1063
0.0,7.3,7.449999999999999,360,0.91,9.0,20,29,1064
0.0,6.9,7.411177143234621,360,0.92,7.900471551245044,21,29,1065
0.0,6.6,7.374999999999999,360,0.9089949493667724,8.0,22,29,1066
0.0,6.3,7.343933982822017,360,0.91,7.900471551245044,23,29,1067
0.0,4.8,7.320096189432333,360,0.92,5.0,24,29,1068
0.0,4.5,6.61022225211328,360,0.94,2.0,1,30,1069
0.0,3.8,6.6,360,0.95,2.0,2,30,1070
0.0,4.2,6.61022225211328,360,0.95,2.0,3,30,1071
0.0,4.0,6.640192378864668,360,0.95,2.0,4,30,1072
0.0,3.5,6.687867965644036,360,0.95,2.0,5,30,1073
0.0,4.2,6.75,360,0.97,2.0,6,30,1074
0.0,3.7,6.822354286469244,360,0.97,2.0,7,30,1075
22.444444444444443,3.2,6.9,360,0.97,3.40642216708601,8,30,1076
215.18507019877038,5.4,6.977645713530757,360,0.97,4.0,9,30,1077
482.5555555555556,7.1,7.050000000000001,360,0.92,5.0,10,30,1078
381.55555555555554,8.2,7.112132034355965,360,0.89,5.0,11,30,1079
751.8888888888888,8.3,7.159807621135332,360,0.86,7.900471551245044,12,30,1080
269.33333333333337,7.418295712969994,7.189777747886721,360,0.9089949493667724,7.900471551245044,13,30,1081
157.1111111111111,7.6,7.200000000000001,360,0.88,6.0,14,30,1082
157.1111111111111,7.5,7.189777747886721,360,0.84,7.900471551245044,15,30,1083
89.77777777777777,7.280410768442359,7.159807621135332,360,0.8572084879257663,7.900471551245044,16,30,1084
22.444444444444443,7.0,7.112132034355965,360,0.82,6.0,17,30,1085
0.0,6.8,7.050000000000001,360,0.84,4.0,18,30,1086
0.0,7.0,6.977645713530757,360,0.71,7.900471551245044,19,30,1087
0.0,6.5,6.9,360,0.82,7.900471551245044,20,30,1088
0.0,6.3,6.822354286469244,360,0.82,5.0,21,30,1089
0.0,5.3,6.75,360,0.81,5.0,22,30,1090
0.0,3.8,6.687867965644036,360,0.88,3.40642216708601,23,30,1091
0.0,3.4,6.640192378864668,360,0.9089949493667724,2.0,24,30,1092
0.0,2.9,5.6187407955410125,360,0.91,3.40642216708601,1,31,1093
0.0,2.3,5.6,360,0.92,4.0,2,31,1094
0.0,1.6,5.6187407955410125,360,0.94,2.0,3,31,1095
0.0,0.4,5.673686027918559,360,0.96,2.0,4,31,1096
0.0,1.2,5.761091270347399,360,0.98,2.0,5,31,1097
0.0,-1.1,5.875,360,0.98,2.0,6,31,1098
0.0,-3.5,6.007649525193614,360,0.98,0.0,7,31,1099
78.55555555555554,-3.1,6.15,360,0.99,0.0,8,31,1100
359.1111111111111,1.9,6.292350474806387,360,0.99,0.0,9,31,1101
482.5555555555556,5.5,6.425000000000001,360,0.99,0.0,10,31,1102
707.0000000000001,5.7,6.538908729652602,360,0.94,2.0,11,31,1103
471.33333333333337,6.3,6.626313972081442,360,0.83,3.40642216708601,12,31,1104
628.4444444444443,7.5,6.681259204458988,360,0.75,4.0,13,31,1105
729.4444444444443,7.6,6.700000000000001,360,0.69,5.0,14,31,1106
426.44444444444446,7.5,6.681259204458988,360,0.75,5.0,15,31,1107
134.66666666666669,6.8,6.626313972081442,360,0.79,5.0,16,31,1108
22.444444444444443,6.1,6.538908729652602,360,0.88,5.0,17,31,1109
0.0,6.1,6.425000000000001,360,0.9089949493667724,6.0,18,31,1110
0.0,6.4,6.292350474806387,360,0.89,7.900471551245044,19,31,1111
0.0,6.0,6.15,360,0.92,6.0,20,31,1112
0.0,5.5,6.007649525193614,360,0.95,3.40642216708601,21,31,1113
0.0,5.271428571428571,5.875,360,0.95,3.63407614321658,22,31,1114
0.0,5.042857142857143,5.761091270347399,360,0.95,3.86173011934715,23,31,1115
0.0,4.814285714285714,5.673686027918559,360,0.95,4.08938409547772,24,31,1116
0.0,4.585714285714285,3.9068148347421863,360,0.95,4.31703807160829,1,32,1117
0.0,4.357142857142857,3.8999999999999995,360,0.95,4.54469204773886,2,32,1118
0.0,4.128571428571428,3.906814834742186,360,0.95,4.77234602386943,3,32,1119
0.0,3.9,3.926794919243112,360,0.95,5.0,4,32,1120
0.0,4.1,3.95857864376269,360,0.95,5.0,5,32,1121
0.0,4.0,3.9999999999999996,360,0.94,8.0,6,32,1122
0.0,3.7,4.0482361909794955,360,0.94,6.0,7,32,1123
0.0,3.2,4.1,360,0.93,8.0,8,32,1124
78.55555555555554,2.9,4.151763809020504,360,0.91,8.0,9,32,1125
145.88888888888889,2.9,4.199999999999999,360,0.92,8.0,10,32,1126
157.1111111111111,2.5,4.241421356237309,360,0.94,8.0,11,32,1127
179.55555555555554,2.3,4.273205080756887,360,0.95,8.0,12,32,1128
426.44444444444446,3.2,4.293185165257813,360,0.93,8.0,13,32,1129
404.0,3.4,4.3,360,0.92,10.0,14,32,1130
246.8888888888889,3.4,4.293185165257813,360,0.9,10.0,15,32,1131
89.77777777777777,3.2,4.273205080756887,360,0.91,10.0,16,32,1132
22.444444444444443,2.1,4.241421356237309,360,0.88,10.0,17,32,1133
0.0,2.5,4.199999999999999,360,0.87,10.0,18,32,1134
0.0,2.5,4.151763809020504,360,0.86,10.0,19,32,1135
0.0,2.3,4.1,360,0.86,10.0,20,32,1136
0.0,2.0,4.0482361909794955,360,0.87,10.0,21,32,1137
0.0,1.7,3.9999999999999996,360,0.88,10.0,22,32,1138
0.0,1.4,3.9585786437626904,360,0.89,10.0,23,32,1139
0.0,1.4,3.926794919243112,360,0.9,10.0,24,32,1140
0.0,1.1,2.806814834742186,360,0.93,8.0,1,33,1141
0.0,0.3,2.8,360,0.97,8.0,2,33,1142
0.0,0.3,2.806814834742186,360,0.99,8.0,3,33,1143
0.0,0.3,2.826794919243112,360,0.99,8.0,4,33,1144
0.0,0.3,2.8585786437626903,360,0.99,8.0,5,33,1145
0.0,0.7,2.9,360,0.99,8.0,6,33,1146
0.0,0.7,2.948236190979496,360,0.99,8.0,7,33,1147
0.0,0.7,3.0,360,0.99,8.0,8,33,1148
44.888888888888886,0.7,3.051763809020504,360,0.99,8.0,9,33,1149
89.77777777777777,0.3,3.1,360,0.99,8.0,10,33,1150
112.22222222222223,0.7,3.1414213562373097,360,0.99,8.0,11,33,1151
179.55555555555554,0.7,3.1732050807568877,360,0.99,8.0,12,33,1152
190.77777777777777,1.1,3.193185165257814,360,0.99,6.0,13,33,1153
145.88888888888889,0.7,3.2,360,0.98,5.0,14,33,1154
101.0,0.7,3.193185165257814,360,0.99,3.0,15,33,1155
44.888888888888886,-0.1,3.1732050807568877,360,0.99,5.0,16,33,1156
22.444444444444443,-0.3,3.1414213562373097,360,0.97,3.0,17,33,1157
0.0,-0.1,3.1,360,0.98,5.0,18,33,1158
0.0,-0.3,3.051763809020504,360,0.96,5.0,19,33,1159
0.0,-1.4,3.0,360,0.97,2.0,20,33,1160
0.0,-3.4,2.948236190979496,360,0.97,2.0,21,33,1161
0.0,-5.8,2.9,360,0.99,0.0,22,33,1162
0.0,-5.8,2.8585786437626903,360,0.99,2.0,23,33,1163
0.0,-5.4,2.8267949192431123,360,0.99,2.0,24,33,1164
0.0,-6.4,1.1153333781699195,360,0.97,2.0,1,34,1165
0.0,-7.1,1.1,360,0.97,2.0,2,34,1166
0.0,-6.4,1.1153333781699193,360,0.96,2.0,3,34,1167
0.0,-8.6,1.1602885682970026,360,0.97,2.0,4,34,1168
0.0,-9.4,1.2318019484660536,360,0.97,2.0,5,34,1169
0.0,-7.9,1.325,360,0.97,2.0,6,34,1170
0.0,-10.6,1.4335314297038657,360,0.97,0.0,7,34,1171
56.111111111111114,-7.5,1.55,360,0.99,0.0,8,34,1172
325.44444444444446,-1.4,1.6664685702961344,360,0.9,3.0,9,34,1173
538.6666666666667,1.7,1.7750000000000001,360,0.82,2.0,10,34,1174
897.7777777777778,2.9,1.8681980515339465,360,0.85,3.0,11,34,1175
852.8888888888889,4.9,1.9397114317029973,360,0.75,3.0,12,34,1176
875.3333333333334,5.4,1.9846666218300808,360,0.66,5.0,13,34,1177
763.1111111111111,5.9,2.0,360,0.64,5.0,14,34,1178
572.3333333333333,6.1,1.9846666218300808,360,0.66,5.0,15,34,1179
291.77777777777777,4.5,1.9397114317029973,360,0.73,5.0,16,34,1180
67.33333333333334,2.7,1.8681980515339465,360,0.85,2.0,17,34,1181
0.0,-0.1,1.7750000000000001,360,0.94,2.0,18,34,1182
0.0,-0.3,1.6664685702961344,360,0.89,2.0,19,34,1183
0.0,1.3,1.55,360,0.8,2.0,20,34,1184
0.0,-1.0,1.4335314297038657,360,0.86,2.0,21,34,1185
0.0,-1.6,1.3250000000000002,360,0.9,2.0,22,34,1186
0.0,-1.6,1.2318019484660536,360,0.89,2.0,23,34,1187
0.0,-1.4,1.1602885682970028,360,0.89,2.0,24,34,1188
0.0,-2.0,1.349407551880851,360,0.9,2.0,1,35,1189
0.0,-1.6,1.2999999999999998,360,0.91,2.0,2,35,1190
0.0,-1.0,1.3494075518808508,360,0.9,2.0,3,35,1191
0.0,-0.1,1.4942631645125635,360,0.89,3.0,4,35,1192
0.0,1.1,1.7246951672795054,360,0.87,3.0,5,35,1193
0.0,1.0,2.0249999999999995,360,0.94,5.0,6,35,1194
0.0,1.0,2.374712384601345,360,0.96,5.0,7,35,1195
11.222222222222221,1.4,2.75,360,0.95,5.0,8,35,1196
134.66666666666669,3.9,3.1252876153986553,360,0.9,8.0,9,35,1197
269.33333333333337,6.2,3.475,360,0.85,10.0,10,35,1198
662.1111111111112,9.7,3.775304832720494,360,0.78,11.0,11,35,1199
852.8888888888889,10.9,4.005736835487436,360,0.75,11.0,12,35,1200
864.1111111111111,12.4,4.150592448119149,360,0.71,10.0,13,35,1201
763.1111111111111,13.4,4.2,360,0.7,10.0,14,35,1202
572.3333333333333,12.4,4.150592448119149,360,0.68,10.0,15,35,1203
303.0,12.7,4.005736835487436,360,0.66,10.0,16,35,1204
67.33333333333334,11.6,3.775304832720494,360,0.68,10.0,17,35,1205
0.0,11.0,3.475,360,0.7,8.0,18,35,1206
0.0,10.1,3.1252876153986553,360,0.75,5.0,19,35,1207
0.0,11.3,2.75,360,0.66,14.0,20,35,1208
0.0,11.0,2.374712384601345,360,0.71,11.0,21,35,1209
0.0,10.9,2.0250000000000004,360,0.74,12.0,22,35,1210
0.0,10.7,1.7246951672795061,360,0.75,11.0,23,35,1211
0.0,9.7,1.4942631645125637,360,0.83,10.0,24,35,1212
0.0,9.2,3.9340741737109317,360,0.85,10.0,1,36,1213
0.0,9.3,3.9000000000000004,360,0.83,10.0,2,36,1214
0.0,9.2,3.9340741737109317,360,0.82,11.0,3,36,1215
0.0,9.2,4.033974596215561,360,0.83,12.0,4,36,1216
0.0,8.8,4.1928932188134524,360,0.87,11.0,5,36,1217
0.0,8.5,4.3999999999999995,360,0.92,12.0,6,36,1218
0.0,8.1,4.64118095489748,360,0.96,11.0,7,36,1219
22.444444444444443,8.1,4.9,360,0.96,11.0,8,36,1220
246.8888888888889,9.7,5.158819045102521,360,0.92,8.0,9,36,1221
359.1111111111111,10.1,5.4,360,0.89,10.0,10,36,1222
538.6666666666667,10.9,5.607106781186548,360,0.83,10.0,11,36,1223
359.1111111111111,10.2,5.76602540378444,360,0.86,11.0,12,36,1224
785.5555555555557,12.0,5.865925826289069,360,0.75,10.0,13,36,1225
673.3333333333333,12.9,5.9,360,0.73,10.0,14,36,1226
325.44444444444446,12.2,5.865925826289069,360,0.7,10.0,15,36,1227
145.88888888888889,11.8,5.76602540378444,360,0.73,5.0,16,36,1228
44.888888888888886,10.6,5.607106781186548,360,0.81,3.0,17,36,1229
0.0,10.5,5.4,360,0.79,2.0,18,36,1230
0.0,9.9,5.158819045102521,360,0.79,2.0,19,36,1231
0.0,10.3,4.9,360,0.73,8.0,20,36,1232
0.0,9.7,4.64118095489748,360,0.74,8.0,21,36,1233
0.0,9.5,4.4,360,0.75,8.0,22,36,1234
0.0,8.8,4.1928932188134524,360,0.78,8.0,23,36,1235
0.0,8.3,4.033974596215561,360,0.8,8.0,24,36,1236
0.0,7.5,4.423851921597652,360,0.85,8.0,1,37,1237
0.0,7.5,4.4,360,0.86,8.0,2,37,1238
0.0,6.8,4.423851921597652,360,0.9,8.0,3,37,1239
0.0,6.3,4.493782217350892,360,0.93,8.0,4,37,1240
0.0,6.3,4.6050252531694165,360,0.92,8.0,5,37,1241
0.0,5.9,4.749999999999999,360,0.95,10.0,6,37,1242
0.0,6.1,4.918826668428236,360,0.95,8.0,7,37,1243
44.888888888888886,7.1,5.1,360,0.92,8.0,8,37,1244
314.2222222222222,9.2,5.281173331571764,360,0.85,10.0,9,37,1245
404.0,9.1,5.449999999999999,360,0.82,11.0,10,37,1246
617.2222222222222,9.7,5.594974746830583,360,0.86,10.0,11,37,1247
392.7777777777778,9.7,5.706217782649107,360,0.85,10.0,12,37,1248
291.77777777777777,9.7,5.776148078402347,360,0.82,8.0,13,37,1249
460.11111111111114,10.2,5.799999999999999,360,0.78,8.0,14,37,1250
291.77777777777777,9.8,5.776148078402347,360,0.77,8.0,15,37,1251
347.8888888888889,9.5,5.706217782649107,360,0.79,10.0,16,37,1252
89.77777777777777,8.4,5.594974746830583,360,0.85,6.0,17,37,1253
0.0,6.9,5.449999999999999,360,0.89,5.0,18,37,1254
0.0,5.7,5.281173331571764,360,0.96,5.0,19,37,1255
0.0,5.5,5.1,360,0.98,5.0,20,37,1256
0.0,5.2,4.918826668428236,360,0.98,6.0,21,37,1257
0.0,6.1,4.75,360,0.98,6.0,22,37,1258
0.0,6.2,4.6050252531694165,360,0.99,5.0,23,37,1259
0.0,6.1,4.493782217350892,360,0.96,6.0,24,37,1260
0.0,5.7,4.008518543427733,360,0.97,5.0,1,38,1261
0.0,5.4,4.0,360,0.94,8.0,2,38,1262
0.0,4.8,4.008518543427733,360,0.9,8.0,3,38,1263
0.0,3.9,4.033493649053891,360,0.88,11.0,4,38,1264
0.0,3.2,4.0732233047033635,360,0.9,10.0,5,38,1265
0.0,2.9,4.125,360,0.88,11.0,6,38,1266
0.0,3.2,4.18529523872437,360,0.85,11.0,7,38,1267
22.444444444444443,3.4,4.25,360,0.79,10.0,8,38,1268
44.888888888888886,3.6,4.31470476127563,360,0.77,10.0,9,38,1269
157.1111111111111,3.8,4.375,360,0.75,10.0,10,38,1270
639.6666666666667,5.2,4.4267766952966365,360,0.7,10.0,11,38,1271
808.0,6.2,4.466506350946109,360,0.68,11.0,12,38,1272
729.4444444444443,6.3,4.491481456572267,360,0.62,11.0,13,38,1273
617.2222222222222,5.6,4.5,360,0.6,10.0,14,38,1274
381.55555555555554,6.1,4.491481456572267,360,0.6,10.0,15,38,1275
190.77777777777777,5.5,4.466506350946109,360,0.6,8.0,16,38,1276
67.33333333333334,4.7,4.4267766952966365,360,0.77,8.0,17,38,1277
11.222222222222221,1.8,4.375,360,0.95,10.0,18,38,1278
0.0,-0.8,4.31470476127563,360,0.97,3.0,19,38,1279
0.0,-0.8,4.25,360,0.99,2.0,20,38,1280
0.0,-0.3,4.18529523872437,360,0.99,5.0,21,38,1281
0.0,0.0,4.125,360,0.99,5.0,22,38,1282
0.0,0.7,4.0732233047033635,360,0.97,3.0,23,38,1283
0.0,-0.8,4.033493649053891,360,0.97,2.0,24,38,1284
0.0,-2.9,2.5238519215976525,360,0.99,2.0,1,39,1285
0.0,-0.3,2.5,360,0.99,2.0,2,39,1286
0.0,0.7,2.5238519215976525,360,0.99,5.0,3,39,1287
0.0,-0.5,2.593782217350893,360,0.99,5.0,4,39,1288
0.0,-0.3,2.7050252531694166,360,0.99,5.0,5,39,1289
0.0,-0.5,2.8499999999999996,360,1.0,5.0,6,39,1290
0.0,-1.1,3.0188266684282357,360,1.0,2.0,7,39,1291
22.444444444444443,-1.4,3.2,360,1.0,2.0,8,39,1292
89.77777777777777,-0.5,3.3811733315717647,360,1.0,2.0,9,39,1293
123.44444444444446,-0.3,3.5500000000000003,360,1.0,3.0,10,39,1294
190.77777777777777,0.3,3.6949747468305834,360,1.0,6.0,11,39,1295
269.33333333333337,1.4,3.8062177826491075,360,1.0,8.0,12,39,1296
392.7777777777778,3.3,3.876148078402348,360,0.99,8.0,13,39,1297
325.44444444444446,4.0,3.9000000000000004,360,0.95,8.0,14,39,1298
258.11111111111114,5.1,3.876148078402348,360,0.9,8.0,15,39,1299
168.33333333333331,5.4,3.8062177826491075,360,0.87,6.0,16,39,1300
56.111111111111114,5.4,3.6949747468305834,360,0.89,8.0,17,39,1301
0.0,4.7,3.5500000000000003,360,0.95,8.0,18,39,1302
0.0,4.5,3.3811733315717647,360,0.97,8.0,19,39,1303
0.0,4.5,3.2,360,0.98,8.0,20,39,1304
0.0,4.5,3.0188266684282357,360,0.99,10.0,21,39,1305
0.0,4.8,2.8500000000000005,360,0.99,10.0,22,39,1306
0.0,5.1,2.705025253169417,360,1.0,10.0,23,39,1307
0.0,6.1,2.593782217350893,360,1.0,8.0,24,39,1308
0.0,6.3,3.7442964258242117,360,1.0,8.0,1,40,1309
0.0,7.1,3.7,360,1.0,5.0,2,40,1310
0.0,6.9,3.7442964258242113,360,1.0,8.0,3,40,1311
0.0,6.8,3.8741669750802297,360,1.0,6.0,4,40,1312
0.0,6.9,4.080761184457488,360,1.0,8.0,5,40,1313
0.0,6.7,4.35,360,1.0,2.0,6,40,1314
0.0,6.9,4.6635352413667235,360,1.0,8.0,7,40,1315
11.222222222222221,7.1,5.0,360,1.0,8.0,8,40,1316
56.111111111111114,7.8,5.3364647586332765,360,1.0,8.0,9,40,1317
134.66666666666669,8.4,5.65,360,1.0,12.0,10,40,1318
157.1111111111111,9.7,5.919238815542512,360,1.0,14.0,11,40,1319
134.66666666666669,10.9,6.12583302491977,360,1.0,12.0,12,40,1320
123.44444444444446,11.8,6.255703574175788,360,0.99,14.0,13,40,1321
112.22222222222223,11.6,6.3,360,0.99,15.0,14,40,1322
89.77777777777777,12.4,6.255703574175788,360,0.94,14.0,15,40,1323
89.77777777777777,12.5,6.12583302491977,360,0.94,11.0,16,40,1324
67.33333333333334,12.5,5.919238815542512,360,0.87,12.0,17,40,1325
0.0,12.7,5.65,360,0.85,14.0,18,40,1326
0.0,12.9,5.3364647586332765,360,0.88,14.0,19,40,1327
0.0,12.4,5.0,360,0.89,14.0,20,40,1328
0.0,12.7,4.6635352413667235,360,0.86,14.0,21,40,1329
0.0,13.3,4.3500000000000005,360,0.86,15.0,22,40,1330
0.0,11.8,4.080761184457488,360,0.83,27.0,23,40,1331
0.0,10.5,3.8741669750802297,360,0.94,18.0,24,40,1332
0.0,10.1,5.510222252113279,360,0.94,18.0,1,41,1333
0.0,9.0,5.5,360,0.94,27.0,2,41,1334
11.222222222222221,9.2,5.510222252113279,360,0.9,17.0,3,41,1335
0.0,9.3,5.540192378864669,360,0.88,16.0,4,41,1336
0.0,8.4,5.587867965644036,360,0.9,16.0,5,41,1337
0.0,8.2,5.6499999999999995,360,0.83,15.0,6,41,1338
0.0,7.1,5.722354286469244,360,0.81,14.0,7,41,1339
22.444444444444443,6.8,5.8,360,0.82,11.0,8,41,1340
291.77777777777777,7.9,5.877645713530756,360,0.77,11.0,9,41,1341
538.6666666666667,9.0,5.95,360,0.75,12.0,10,41,1342
673.3333333333333,9.9,6.012132034355964,360,0.7,14.0,11,41,1343
808.0,10.8,6.059807621135331,360,0.68,14.0,12,41,1344
426.44444444444446,9.7,6.08977774788672,360,0.62,11.0,13,41,1345
852.8888888888889,11.0,6.1,360,0.58,11.0,14,41,1346
291.77777777777777,9.5,6.08977774788672,360,0.6,10.0,15,41,1347
370.33333333333337,9.9,6.059807621135331,360,0.6,8.0,16,41,1348
67.33333333333334,7.5,6.012132034355964,360,0.77,8.0,17,41,1349
0.0,7.1,5.95,360,0.78,6.0,18,41,1350
0.0,5.1,5.877645713530756,360,0.9,5.0,19,41,1351
0.0,4.7,5.8,360,0.93,5.0,20,41,1352
0.0,4.1,5.722354286469244,360,0.95,5.0,21,41,1353
0.0,3.8,5.65,360,0.97,6.0,22,41,1354
0.0,2.5,5.587867965644036,360,0.98,5.0,23,41,1355
0.0,1.7,5.540192378864669,360,0.99,3.0,24,41,1356
0.0,1.1,3.539185299767572,360,0.99,2.0,1,42,1357
0.0,1.0,3.5000000000000004,360,0.99,3.0,2,42,1358
0.0,1.7,3.539185299767572,360,0.99,3.0,3,42,1359
0.0,0.3,3.654070785647896,360,0.99,3.0,4,42,1360
0.0,1.0,3.8368272016354705,360,0.99,3.0,5,42,1361
0.0,1.3,4.075,360,1.0,3.0,6,42,1362
0.0,0.3,4.352358098132101,360,1.0,2.0,7,42,1363
44.888888888888886,1.4,4.65,360,1.0,0.0,8,42,1364
112.22222222222223,3.2,4.947641901867899,360,1.0,2.0,9,42,1365
258.11111111111114,4.7,5.2250000000000005,360,1.0,2.0,10,42,1366
448.8888888888889,6.1,5.46317279836453,360,0.97,2.0,11,42,1367
763.1111111111111,8.4,5.645929214352105,360,0.88,2.0,12,42,1368
785.5555555555557,9.0,5.760814700232428,360,0.83,5.0,13,42,1369
718.2222222222222,9.7,5.800000000000001,360,0.77,5.0,14,42,1370
314.2222222222222,9.4,5.760814700232428,360,0.73,5.0,15,42,1371
482.5555555555556,9.9,5.645929214352105,360,0.7,5.0,16,42,1372
134.66666666666669,8.6,5.46317279836453,360,0.73,3.0,17,42,1373
22.444444444444443,7.1,5.2250000000000005,360,0.8,2.0,18,42,1374
0.0,7.2,4.947641901867899,360,0.81,0.0,19,42,1375
0.0,6.7,4.65,360,0.83,0.0,20,42,1376
0.0,3.5,4.352358098132101,360,0.96,2.0,21,42,1377
0.0,2.5,4.075000000000001,360,0.97,0.0,22,42,1378
0.0,3.7,3.836827201635471,360,0.94,2.0,23,42,1379
0.0,3.8,3.654070785647896,360,0.95,2.0,24,42,1380
0.0,3.6,3.7170370868554663,360,0.97,3.0,1,43,1381
0.0,2.9,3.7,360,0.99,2.0,2,43,1382
0.0,2.9,3.717037086855466,360,0.99,2.0,3,43,1383
0.0,3.3,3.7669872981077805,360,0.99,2.0,4,43,1384
0.0,3.8,3.8464466094067262,360,0.99,3.0,5,43,1385
0.0,4.3,3.95,360,0.99,5.0,6,43,1386
0.0,4.8,4.07059047744874,360,0.98,5.0,7,43,1387
22.444444444444443,4.8,4.2,360,0.98,6.0,8,43,1388
67.33333333333334,4.3,4.329409522551261,360,0.99,8.0,9,43,1389
258.11111111111114,4.8,4.45,360,0.94,8.0,10,43,1390
359.1111111111111,5.1,4.553553390593274,360,0.83,8.0,11,43,1391
583.5555555555555,5.7,4.63301270189222,360,0.7,8.0,12,43,1392
1010.0,6.9,4.682962913144534,360,0.66,10.0,13,43,1393
662.1111111111112,7.1,4.7,360,0.63,10.0,14,43,1394
482.5555555555556,6.8,4.682962913144534,360,0.64,8.0,15,43,1395
258.11111111111114,6.8,4.63301270189222,360,0.62,8.0,16,43,1396
190.77777777777777,5.4,4.553553390593274,360,0.68,8.0,17,43,1397
11.222222222222221,4.1,4.45,360,0.73,3.0,18,43,1398
0.0,3.5,4.329409522551261,360,0.77,2.0,19,43,1399
0.0,2.0,4.2,360,0.82,0.0,20,43,1400
0.0,-2.6,4.07059047744874,360,0.94,0.0,21,43,1401
0.0,-4.3,3.95,360,0.94,0.0,22,43,1402
0.0,0.8,3.8464466094067262,360,0.83,2.0,23,43,1403
0.0,-0.5,3.766987298107781,360,0.88,2.0,24,43,1404
0.0,-2.1,2.4306667563398383,360,0.91,2.0,1,44,1405
0.0,-2.6,2.3999999999999995,360,0.94,2.0,2,44,1406
0.0,-3.1,2.4306667563398383,360,0.94,2.0,3,44,1407
0.0,-1.6,2.520577136594005,360,0.91,3.0,4,44,1408
0.0,-0.8,2.6636038969321065,360,0.92,3.0,5,44,1409
0.0,0.0,2.849999999999999,360,0.91,5.0,6,44,1410
0.0,0.3,3.067062859407731,360,0.9,6.0,7,44,1411
11.222222222222221,1.3,3.3,360,0.89,6.0,8,44,1412
67.33333333333334,2.5,3.5329371405922685,360,0.91,8.0,9,44,1413
123.44444444444446,3.7,3.75,360,0.9,8.0,10,44,1414
190.77777777777777,5.0,3.9363961030678927,360,0.9,10.0,11,44,1415
291.77777777777777,6.5,4.079422863405995,360,0.91,10.0,12,44,1416
347.8888888888889,8.2,4.169333243660161,360,0.91,8.0,13,44,1417
190.77777777777777,8.5,4.2,360,0.96,8.0,14,44,1418
134.66666666666669,8.8,4.169333243660161,360,0.99,5.0,15,44,1419
78.55555555555554,8.8,4.079422863405995,360,1.0,5.0,16,44,1420
44.888888888888886,9.0,3.9363961030678927,360,0.99,5.0,17,44,1421
0.0,8.5,3.75,360,0.97,5.0,18,44,1422
0.0,7.8,3.5329371405922685,360,0.97,6.0,19,44,1423
0.0,6.8,3.3,360,0.9,8.0,20,44,1424
0.0,5.7,3.067062859407731,360,0.87,10.0,21,44,1425
0.0,5.0,2.85,360,0.88,8.0,22,44,1426
0.0,4.3,2.663603896932107,360,0.86,8.0,23,44,1427
0.0,3.4,2.520577136594005,360,0.89,8.0,24,44,1428
0.0,2.3,2.7187407955410126,360,0.91,5.0,1,45,1429
0.0,1.4,2.7,360,0.91,5.0,2,45,1430
0.0,1.1,2.7187407955410126,360,0.92,5.0,3,45,1431
0.0,0.3,2.7736860279185587,360,0.95,5.0,4,45,1432
0.0,-1.0,2.8610912703473987,360,0.97,3.0,5,45,1433
0.0,-1.4,2.9749999999999996,360,0.98,3.0,6,45,1434
0.0,-1.9,3.107649525193614,360,0.99,3.0,7,45,1435
22.444444444444443,-0.1,3.25,360,0.99,3.0,8,45,1436
224.44444444444446,1.0,3.392350474806386,360,0.97,6.0,9,45,1437
347.8888888888889,2.7,3.525,360,0.89,8.0,10,45,1438
549.8888888888889,3.9,3.6389087296526013,360,0.83,8.0,11,45,1439
785.5555555555557,4.9,3.7263139720814413,360,0.77,8.0,12,45,1440
549.8888888888889,5.4,3.7812592044589874,360,0.74,10.0,13,45,1441
729.4444444444443,6.5,3.8,360,0.7,10.0,14,45,1442
684.5555555555557,6.5,3.7812592044589874,360,0.62,10.0,15,45,1443
426.44444444444446,6.2,3.7263139720814413,360,0.64,8.0,16,45,1444
179.55555555555554,4.8,3.6389087296526013,360,0.7,8.0,17,45,1445
22.444444444444443,3.3,3.525,360,0.77,3.0,18,45,1446
0.0,1.8,3.392350474806386,360,0.81,5.0,19,45,1447
0.0,2.0,3.25,360,0.81,6.0,20,45,1448
0.0,0.8,3.107649525193614,360,0.85,6.0,21,45,1449
0.0,-1.1,2.975,360,0.86,6.0,22,45,1450
0.0,-2.3,2.861091270347399,360,0.9,2.0,23,45,1451
0.0,-2.1,2.7736860279185587,360,0.88,2.0,24,45,1452
0.0,-2.4,1.5255556302831987,360,0.89,3.0,1,46,1453
0.0,-2.6,1.5,360,0.88,5.0,2,46,1454
0.0,-3.4,1.5255556302831987,360,0.9,3.0,3,46,1455
0.0,-4.9,1.600480947161671,360,0.92,3.0,4,46,1456
0.0,-5.1,1.719669914110089,360,0.94,3.0,5,46,1457
0.0,-4.7,1.8749999999999996,360,0.95,3.0,6,46,1458
0.0,-3.4,2.0558857161731097,360,0.95,5.0,7,46,1459
67.33333333333334,-2.8,2.25,360,0.94,5.0,8,46,1460
246.8888888888889,-1.1,2.4441142838268908,360,0.92,5.0,9,46,1461
516.2222222222223,2.0,2.625,360,0.85,5.0,10,46,1462
897.7777777777778,4.3,2.7803300858899105,360,0.7,8.0,11,46,1463
976.3333333333333,5.2,2.899519052838329,360,0.66,10.0,12,46,1464
1010.0,5.9,2.9744443697168013,360,0.56,10.0,13,46,1465
931.4444444444445,6.6,3.0,360,0.56,10.0,14,46,1466
583.5555555555555,6.5,2.9744443697168013,360,0.51,10.0,15,46,1467
381.55555555555554,5.9,2.899519052838329,360,0.55,10.0,16,46,1468
190.77777777777777,5.0,2.7803300858899105,360,0.6,8.0,17,46,1469
11.222222222222221,3.2,2.625,360,0.66,6.0,18,46,1470
0.0,0.8,2.4441142838268908,360,0.75,5.0,19,46,1471
0.0,0.8,2.25,360,0.77,3.0,20,46,1472
0.0,0.7,2.0558857161731097,360,0.78,5.0,21,46,1473
0.0,-0.3,1.8750000000000002,360,0.82,5.0,22,46,1474
0.0,-1.1,1.7196699141100895,360,0.85,5.0,23,46,1475
0.0,-2.4,1.600480947161671,360,0.89,5.0,24,46,1476
0.0,-3.1,1.1442964258242116,360,0.91,2.0,1,47,1477
0.0,-3.4,1.1000000000000003,360,0.9,2.0,2,47,1478
0.0,-3.4,1.1442964258242114,360,0.9,2.0,3,47,1479
0.0,-2.9,1.2741669750802298,360,0.88,2.0,4,47,1480
0.0,-3.4,1.4807611844574882,360,0.89,2.0,5,47,1481
0.0,-3.1,1.7499999999999998,360,0.9,2.0,6,47,1482
0.0,-2.8,2.0635352413667234,360,0.9,2.0,7,47,1483
67.33333333333334,-2.1,2.4000000000000004,360,0.87,0.0,8,47,1484
202.0,-0.5,2.7364647586332773,360,0.85,2.0,9,47,1485
516.2222222222223,3.5,3.0500000000000007,360,0.71,3.0,10,47,1486
830.4444444444446,6.3,3.319238815542512,360,0.64,5.0,11,47,1487
931.4444444444445,7.5,3.5258330249197707,360,0.66,5.0,12,47,1488
830.4444444444446,8.3,3.6557035741757895,360,0.74,6.0,13,47,1489
763.1111111111111,8.8,3.7,360,0.8,5.0,14,47,1490
617.2222222222222,9.4,3.6557035741757895,360,0.77,6.0,15,47,1491
269.33333333333337,8.4,3.5258330249197707,360,0.85,6.0,16,47,1492
101.0,7.8,3.319238815542512,360,0.9,5.0,17,47,1493
11.222222222222221,6.5,3.0500000000000007,360,0.94,5.0,18,47,1494
0.0,6.6,2.7364647586332773,360,0.95,2.0,19,47,1495
0.0,6.6,2.4000000000000004,360,0.95,2.0,20,47,1496
0.0,6.6,2.0635352413667234,360,0.94,2.0,21,47,1497
0.0,6.5,1.7500000000000007,360,0.95,2.0,22,47,1498
0.0,5.7,1.4807611844574886,360,0.97,0.0,23,47,1499
0.0,5.9,1.27416697508023,360,0.97,2.0,24,47,1500
0.0,6.3,3.534074173710932,360,0.97,2.0,1,48,1501
0.0,6.3,3.5,360,0.98,2.0,2,48,1502
0.0,5.9,3.534074173710932,360,0.99,0.0,3,48,1503
0.0,6.2,3.633974596215561,360,1.0,2.0,4,48,1504
0.0,6.1,3.792893218813452,360,1.0,5.0,5,48,1505
0.0,5.9,3.9999999999999996,360,1.0,3.0,6,48,1506
0.0,4.9,4.241180954897479,360,1.0,6.0,7,48,1507
22.444444444444443,5.0,4.5,360,1.0,8.0,8,48,1508
145.88888888888889,6.1,4.758819045102521,360,1.0,5.0,9,48,1509
168.33333333333331,6.8,5.0,360,1.0,3.0,10,48,1510
291.77777777777777,8.1,5.207106781186548,360,0.98,5.0,11,48,1511
516.2222222222223,9.9,5.366025403784438,360,0.82,5.0,12,48,1512
516.2222222222223,10.6,5.465925826289069,360,0.8,8.0,13,48,1513
448.8888888888889,10.5,5.5,360,0.81,8.0,14,48,1514
303.0,10.5,5.465925826289069,360,0.82,6.0,15,48,1515
157.1111111111111,10.2,5.366025403784438,360,0.77,5.0,16,48,1516
44.888888888888886,9.9,5.207106781186548,360,0.82,5.0,17,48,1517
11.222222222222221,9.3,5.0,360,0.86,2.0,18,48,1518
0.0,9.0,4.758819045102521,360,0.88,2.0,19,48,1519
0.0,8.8,4.5,360,0.9,2.0,20,48,1520
0.0,9.0,4.241180954897479,360,0.91,3.0,21,48,1521
0.0,9.0,4.0,360,0.9,5.0,22,48,1522
0.0,9.0,3.7928932188134525,360,0.91,5.0,23,48,1523
0.0,8.5,3.633974596215561,360,0.92,5.0,24,48,1524
0.0,8.4,5.127259338968745,360,0.93,5.0,1,49,1525
0.0,8.4,5.1,360,0.93,5.0,2,49,1526
0.0,8.4,5.127259338968745,360,0.94,6.0,3,49,1527
0.0,7.9,5.207179676972449,360,0.99,5.0,4,49,1528
0.0,7.6,5.334314575050762,360,1.0,5.0,5,49,1529
0.0,7.5,5.5,360,1.0,5.0,6,49,1530
0.0,7.6,5.692944763917984,360,1.0,5.0,7,49,1531
22.444444444444443,7.9,5.9,360,1.0,5.0,8,49,1532
134.66666666666669,8.5,6.107055236082017,360,1.0,5.0,9,49,1533
202.0,9.1,6.300000000000001,360,0.99,6.0,10,49,1534
314.2222222222222,10.5,6.465685424949239,360,0.95,5.0,11,49,1535
583.5555555555555,11.4,6.592820323027551,360,0.81,8.0,12,49,1536
359.1111111111111,11.2,6.672740661031256,360,0.81,6.0,13,49,1537
258.11111111111114,11.4,6.700000000000001,360,0.77,8.0,14,49,1538
246.8888888888889,11.6,6.672740661031256,360,0.8,6.0,15,49,1539
246.8888888888889,11.4,6.592820323027551,360,0.75,8.0,16,49,1540
101.0,10.8,6.465685424949239,360,0.8,6.0,17,49,1541
11.222222222222221,9.3,6.300000000000001,360,0.87,2.0,18,49,1542
0.0,9.0,6.107055236082017,360,0.88,2.0,19,49,1543
0.0,8.1,5.9,360,0.87,2.0,20,49,1544
0.0,8.1,5.692944763917984,360,0.88,0.0,21,49,1545
0.0,8.1,5.5,360,0.88,3.0,22,49,1546
0.0,7.6,5.334314575050763,360,0.9,2.0,23,49,1547
0.0,7.2,5.20717967697245,360,0.92,2.0,24,49,1548
0.0,7.1,5.320444504226559,360,0.93,0.0,1,50,1549
0.0,6.8,5.300000000000001,360,0.94,2.0,2,50,1550
0.0,6.9,5.320444504226559,360,0.91,2.0,3,50,1551
0.0,6.7,5.380384757729337,360,0.92,2.0,4,50,1552
0.0,6.5,5.475735931288072,360,0.94,2.0,5,50,1553
0.0,6.2,5.6,360,0.94,3.0,6,50,1554
0.0,5.9,5.744708572938488,360,0.91,3.0,7,50,1555
22.444444444444443,5.7,5.9,360,0.91,3.0,8,50,1556
101.0,5.9,6.055291427061513,360,0.89,5.0,9,50,1557
291.77777777777777,6.5,6.2,360,0.83,6.0,10,50,1558
549.8888888888889,7.5,6.324264068711929,360,0.77,8.0,11,50,1559
953.8888888888889,8.4,6.419615242270663,360,0.7,10.0,12,50,1560
1021.2222222222222,9.5,6.479555495773441,360,0.68,8.0,13,50,1561
931.4444444444445,9.9,6.5,360,0.55,8.0,14,50,1562
718.2222222222222,10.1,6.479555495773441,360,0.55,6.0,15,50,1563
471.33333333333337,9.9,6.419615242270663,360,0.54,6.0,16,50,1564
213.22222222222223,8.6,6.324264068711929,360,0.51,5.0,17,50,1565
11.222222222222221,6.5,6.2,360,0.6,3.0,18,50,1566
0.0,4.7,6.055291427061513,360,0.66,2.0,19,50,1567
0.0,4.1,5.9,360,0.66,2.0,20,50,1568
0.0,4.3,5.744708572938488,360,0.58,2.0,21,50,1569
0.0,3.4,5.6000000000000005,360,0.63,2.0,22,50,1570
0.0,2.3,5.475735931288072,360,0.7,2.0,23,50,1571
0.0,3.5,5.380384757729337,360,0.62,0.0,24,50,1572
0.0,2.7,3.8306667563398378,360,0.71,2.0,1,51,1573
0.0,2.5,3.7999999999999994,360,0.77,2.0,2,51,1574
0.0,2.9,3.8306667563398378,360,0.73,2.0,3,51,1575
0.0,2.7,3.9205771365940043,360,0.75,2.0,4,51,1576
0.0,2.7,4.063603896932106,360,0.77,2.0,5,51,1577
0.0,2.5,4.249999999999999,360,0.77,2.0,6,51,1578
11.222222222222221,2.0,4.467062859407731,360,0.77,2.0,7,51,1579
112.22222222222223,3.2,4.699999999999999,360,0.75,2.0,8,51,1580
381.55555555555554,5.4,4.9329371405922675,360,0.63,5.0,9,51,1581
650.8888888888889,7.8,5.1499999999999995,360,0.46,8.0,10,51,1582
909.0,9.0,5.336396103067892,360,0.36,8.0,11,51,1583
1066.1111111111113,10.5,5.479422863405994,360,0.39,8.0,12,51,1584
1099.7777777777778,11.2,5.569333243660161,360,0.47,8.0,13,51,1585
976.3333333333333,11.8,5.6,360,0.5,8.0,14,51,1586
785.5555555555557,11.9,5.569333243660161,360,0.54,8.0,15,51,1587
482.5555555555556,11.3,5.479422863405994,360,0.54,8.0,16,51,1588
213.22222222222223,10.7,5.336396103067892,360,0.58,8.0,17,51,1589
22.444444444444443,7.9,5.1499999999999995,360,0.73,5.0,18,51,1590
0.0,7.3,4.9329371405922675,360,0.73,3.0,19,51,1591
0.0,7.6,4.699999999999999,360,0.7,6.0,20,51,1592
0.0,6.6,4.467062859407731,360,0.74,5.0,21,51,1593
0.0,5.1,4.25,360,0.81,2.0,22,51,1594
0.0,4.1,4.063603896932107,360,0.85,2.0,23,51,1595
0.0,4.3,3.9205771365940043,360,0.85,0.0,24,51,1596
0.0,3.6,3.1442964258242116,360,0.92,2.0,1,52,1597
0.0,2.9,3.1000000000000005,360,0.95,2.0,2,52,1598
0.0,1.8,3.144296425824211,360,0.99,0.0,3,52,1599
0.0,2.1,3.27416697508023,360,0.99,0.0,4,52,1600
0.0,2.0,3.480761184457488,360,1.0,2.0,5,52,1601
0.0,1.5,3.75,360,1.0,2.0,6,52,1602
0.0,1.7,4.063535241366724,360,1.0,0.0,7,52,1603
89.77777777777777,2.3,4.4,360,1.0,2.0,8,52,1604
224.44444444444446,3.3,4.736464758633277,360,1.0,2.0,9,52,1605
303.0,5.5,5.050000000000001,360,1.0,3.0,10,52,1606
471.33333333333337,7.9,5.319238815542512,360,0.97,5.0,11,52,1607
897.7777777777778,10.3,5.525833024919771,360,0.83,5.0,12,52,1608
561.1111111111111,10.5,5.6557035741757895,360,0.85,6.0,13,52,1609
516.2222222222223,10.8,5.7,360,0.78,8.0,14,52,1610
404.0,10.5,5.6557035741757895,360,0.8,6.0,15,52,1611
325.44444444444446,10.6,5.525833024919771,360,0.8,5.0,16,52,1612
145.88888888888889,9.7,5.319238815542512,360,0.83,5.0,17,52,1613
22.444444444444443,7.9,5.050000000000001,360,0.89,5.0,18,52,1614
0.0,7.3,4.736464758633277,360,0.91,2.0,19,52,1615
0.0,6.9,4.4,360,0.94,2.0,20,52,1616
0.0,4.5,4.063535241366724,360,0.99,2.0,21,52,1617
0.0,5.6,3.750000000000001,360,0.99,2.0,22,52,1618
0.0,5.7,3.4807611844574886,360,0.99,2.0,23,52,1619
0.0,5.5,3.27416697508023,360,0.99,3.0,24,52,1620
0.0,4.7,3.832370465025385,360,1.0,2.0,1,53,1621
0.0,4.7,3.8,360,1.0,3.0,2,53,1622
0.0,4.7,3.832370465025385,360,1.0,3.0,3,53,1623
0.0,4.3,3.927275866404783,360,1.0,5.0,4,53,1624
0.0,4.5,4.078248557872779,360,1.0,8.0,5,53,1625
0.0,3.9,4.2749999999999995,360,1.0,5.0,6,53,1626
0.0,4.5,4.504121907152605,360,1.0,3.0,7,53,1627
44.888888888888886,5.6,4.75,360,0.99,3.0,8,53,1628
78.55555555555554,5.4,4.995878092847395,360,1.0,3.0,9,53,1629
224.44444444444446,7.1,5.2250000000000005,360,0.95,5.0,10,53,1630
202.0,7.5,5.421751442127221,360,0.93,6.0,11,53,1631
370.33333333333337,8.6,5.572724133595217,360,0.87,6.0,12,53,1632
325.44444444444446,9.3,5.6676295349746155,360,0.86,8.0,13,53,1633
460.11111111111114,9.9,5.7,360,0.89,6.0,14,53,1634
202.0,9.7,5.6676295349746155,360,0.9,6.0,15,53,1635
112.22222222222223,10.5,5.572724133595217,360,0.83,5.0,16,53,1636
89.77777777777777,10.1,5.421751442127221,360,0.83,5.0,17,53,1637
11.222222222222221,9.7,5.2250000000000005,360,0.87,3.0,18,53,1638
0.0,9.1,4.995878092847395,360,0.93,5.0,19,53,1639
0.0,8.6,4.75,360,0.95,6.0,20,53,1640
0.0,8.6,4.504121907152605,360,0.95,3.0,21,53,1641
0.0,8.1,4.275,360,1.0,3.0,22,53,1642
0.0,8.3,4.078248557872779,360,1.0,3.0,23,53,1643
0.0,8.2,3.9272758664047833,360,1.0,5.0,24,53,1644
0.0,7.8,5.432370465025385,360,1.0,2.0,1,54,1645
0.0,7.5,5.4,360,1.0,2.0,2,54,1646
0.0,7.5,5.432370465025385,360,1.0,2.0,3,54,1647
0.0,8.1,5.527275866404783,360,1.0,2.0,4,54,1648
0.0,7.9,5.678248557872779,360,1.0,2.0,5,54,1649
0.0,8.1,5.874999999999999,360,1.0,2.0,6,54,1650
0.0,8.1,6.104121907152605,360,1.0,3.0,7,54,1651
56.111111111111114,7.9,6.35,360,1.0,5.0,8,54,1652
112.22222222222223,7.9,6.595878092847395,360,1.0,6.0,9,54,1653
347.8888888888889,8.8,6.824999999999999,360,0.96,5.0,10,54,1654
448.8888888888889,9.0,7.021751442127219,360,0.96,6.0,11,54,1655
617.2222222222222,10.6,7.172724133595216,360,0.88,5.0,12,54,1656
650.8888888888889,11.3,7.267629534974614,360,0.82,5.0,13,54,1657
617.2222222222222,11.3,7.299999999999999,360,0.8,8.0,14,54,1658
448.8888888888889,11.1,7.267629534974614,360,0.79,8.0,15,54,1659
224.44444444444446,10.9,7.172724133595216,360,0.8,8.0,16,54,1660
44.888888888888886,10.8,7.021751442127219,360,0.79,6.0,17,54,1661
0.0,9.9,6.824999999999999,360,0.8,8.0,18,54,1662
0.0,9.4,6.595878092847395,360,0.86,8.0,19,54,1663
0.0,9.0,6.35,360,0.91,5.0,20,54,1664
0.0,8.3,6.104121907152605,360,0.98,5.0,21,54,1665
0.0,7.9,5.875,360,1.0,3.0,22,54,1666
0.0,7.9,5.67824855787278,360,1.0,3.0,23,54,1667
0.0,7.6,5.527275866404783,360,1.0,3.0,24,54,1668
0.0,7.6,6.018740795541013,360,1.0,3.0,1,55,1669
0.0,7.5,6.0,360,1.0,5.0,2,55,1670
0.0,7.5,6.018740795541012,360,1.0,5.0,3,55,1671
0.0,7.3,6.0736860279185585,360,1.0,5.0,4,55,1672
0.0,7.3,6.161091270347399,360,1.0,5.0,5,55,1673
0.0,7.2,6.2749999999999995,360,1.0,5.0,6,55,1674
11.222222222222221,5.7,6.407649525193613,360,1.0,3.0,7,55,1675
56.111111111111114,6.5,6.55,360,1.0,5.0,8,55,1676
213.22222222222223,7.2,6.6923504748063865,360,0.99,5.0,9,55,1677
572.3333333333333,9.0,6.825,360,0.93,8.0,10,55,1678
639.6666666666667,9.7,6.938908729652601,360,0.85,8.0,11,55,1679
325.44444444444446,8.8,7.026313972081441,360,0.96,8.0,12,55,1680
471.33333333333337,10.2,7.081259204458988,360,0.88,8.0,13,55,1681
213.22222222222223,10.1,7.1,360,0.87,6.0,14,55,1682
246.8888888888889,10.1,7.081259204458988,360,0.85,8.0,15,55,1683
145.88888888888889,10.2,7.026313972081441,360,0.78,8.0,16,55,1684
56.111111111111114,9.8,6.938908729652601,360,0.79,8.0,17,55,1685
11.222222222222221,9.5,6.825,360,0.83,6.0,18,55,1686
0.0,9.3,6.6923504748063865,360,0.82,8.0,19,55,1687
0.0,8.8,6.55,360,0.83,6.0,20,55,1688
0.0,7.8,6.407649525193613,360,0.8,6.0,21,55,1689
0.0,5.9,6.275,360,0.83,8.0,22,55,1690
0.0,4.7,6.161091270347399,360,0.89,3.0,23,55,1691
0.0,4.1,6.0736860279185585,360,0.93,3.0,24,55,1692
0.0,3.6,4.335777882396478,360,0.96,3.0,1,56,1693
0.0,2.5,4.299999999999999,360,0.97,3.0,2,56,1694
0.0,2.1,4.335777882396478,360,0.97,2.0,3,56,1695
0.0,2.1,4.440673326026339,360,0.96,3.0,4,56,1696
0.0,1.5,4.607537879754124,360,0.95,5.0,5,56,1697
0.0,1.0,4.824999999999999,360,0.97,3.0,6,56,1698
0.0,-0.5,5.078240002642353,360,0.97,5.0,7,56,1699
157.1111111111111,2.5,5.35,360,0.94,3.0,8,56,1700
415.2222222222223,5.1,5.621759997357646,360,0.87,6.0,9,56,1701
740.6666666666667,7.1,5.875,360,0.75,8.0,10,56,1702
998.7777777777778,9.0,6.092462120245875,360,0.7,8.0,11,56,1703
1234.4444444444443,10.2,6.259326673973661,360,0.66,10.0,12,56,1704
1391.5555555555557,11.0,6.364222117603521,360,0.6,8.0,13,56,1705
1077.3333333333335,11.6,6.4,360,0.62,8.0,14,56,1706
852.8888888888889,12.0,6.364222117603521,360,0.58,8.0,15,56,1707
538.6666666666667,11.8,6.259326673973661,360,0.58,6.0,16,56,1708
269.33333333333337,10.7,6.092462120245875,360,0.64,6.0,17,56,1709
22.444444444444443,8.6,5.875,360,0.71,5.0,18,56,1710
0.0,7.6,5.621759997357646,360,0.73,2.0,19,56,1711
0.0,5.7,5.35,360,0.81,2.0,20,56,1712
0.0,6.2,5.078240002642353,360,0.78,2.0,21,56,1713
0.0,5.1,4.824999999999999,360,0.82,2.0,22,56,1714
0.0,4.9,4.607537879754124,360,0.83,2.0,23,56,1715
0.0,1.3,4.440673326026339,360,0.93,0.0,24,56,1716
0.0,0.0,3.0562223866230376,360,0.95,0.0,1,57,1717
0.0,-1.0,3.0000000000000004,360,0.99,0.0,2,57,1718
0.0,-2.3,3.0562223866230376,360,0.98,2.0,3,57,1719
0.0,-0.5,3.2210580837556764,360,0.99,2.0,4,57,1720
0.0,-1.1,3.4832738110421966,360,0.97,2.0,5,57,1721
0.0,-1.9,3.8249999999999997,360,0.99,2.0,6,57,1722
11.222222222222221,-4.5,4.222948575580841,360,0.99,2.0,7,57,1723
190.77777777777777,1.7,4.65,360,0.97,0.0,8,57,1724
404.0,5.2,5.077051424419159,360,0.86,2.0,9,57,1725
684.5555555555557,8.8,5.4750000000000005,360,0.77,2.0,10,57,1726
998.7777777777778,11.0,5.816726188957803,360,0.7,5.0,11,57,1727
1077.3333333333335,12.0,6.078941916244324,360,0.62,3.0,12,57,1728
1099.7777777777778,13.1,6.243777613376963,360,0.58,5.0,13,57,1729
976.3333333333333,13.5,6.300000000000001,360,0.53,5.0,14,57,1730
662.1111111111112,13.3,6.243777613376963,360,0.55,5.0,15,57,1731
426.44444444444446,13.1,6.078941916244324,360,0.56,5.0,16,57,1732
213.22222222222223,11.1,5.816726188957803,360,0.7,2.0,17,57,1733
44.888888888888886,9.7,5.4750000000000005,360,0.73,2.0,18,57,1734
0.0,8.6,5.077051424419159,360,0.82,3.0,19,57,1735
0.0,7.8,4.65,360,0.87,6.0,20,57,1736
0.0,6.6,4.222948575580841,360,0.92,8.0,21,57,1737
0.0,5.7,3.8250000000000006,360,0.95,5.0,22,57,1738
0.0,4.9,3.483273811042197,360,0.96,2.0,23,57,1739
0.0,4.5,3.2210580837556764,360,0.97,2.0,24,57,1740
0.0,3.4,3.5511112605663975,360,0.99,2.0,1,58,1741
0.0,2.7,3.5,360,1.0,0.0,2,58,1742
0.0,3.2,3.5511112605663975,360,1.0,2.0,3,58,1743
0.0,2.1,3.700961894323342,360,1.0,2.0,4,58,1744
0.0,1.3,3.939339828220178,360,1.0,0.0,5,58,1745
0.0,2.0,4.249999999999999,360,1.0,2.0,6,58,1746
0.0,2.1,4.611771432346219,360,1.0,0.0,7,58,1747
157.1111111111111,4.5,5.0,360,0.99,0.0,8,58,1748
415.2222222222223,7.6,5.3882285676537816,360,0.88,2.0,9,58,1749
695.7777777777778,9.2,5.75,360,0.83,5.0,10,58,1750
953.8888888888889,10.5,6.060660171779821,360,0.74,6.0,11,58,1751
1178.3333333333335,11.0,6.299038105676658,360,0.7,6.0,12,58,1752
1200.7777777777778,11.9,6.4488887394336025,360,0.7,8.0,13,58,1753
1054.888888888889,13.6,6.5,360,0.64,6.0,14,58,1754
830.4444444444446,13.9,6.4488887394336025,360,0.6,6.0,15,58,1755
549.8888888888889,13.7,6.299038105676658,360,0.62,6.0,16,58,1756
269.33333333333337,12.9,6.060660171779821,360,0.68,6.0,17,58,1757
56.111111111111114,10.6,5.75,360,0.73,5.0,18,58,1758
0.0,9.8,5.3882285676537816,360,0.75,5.0,19,58,1759
0.0,8.6,5.0,360,0.81,2.0,20,58,1760
0.0,8.1,4.611771432346219,360,0.83,3.0,21,58,1761
0.0,8.3,4.25,360,0.8,5.0,22,58,1762
0.0,7.2,3.939339828220179,360,0.85,3.0,23,58,1763
0.0,8.1,3.700961894323342,360,0.81,5.0,24,58,1764
0.0,7.1,4.461333512679678,360,0.83,5.0,1,59,1765
0.0,5.9,4.4,360,0.89,3.0,2,59,1766
0.0,6.3,4.461333512679677,360,0.87,3.0,3,59,1767
0.0,5.5,4.64115427318801,360,0.9,3.0,4,59,1768
0.0,5.6,4.9272077938642145,360,0.9,5.0,5,59,1769
0.0,4.7,5.3,360,0.92,3.0,6,59,1770
0.0,3.9,5.734125718815463,360,0.94,2.0,7,59,1771
168.33333333333331,6.5,6.2,360,0.89,3.0,8,59,1772
448.8888888888889,9.1,6.6658742811845375,360,0.78,3.0,9,59,1773
718.2222222222222,11.2,7.1000000000000005,360,0.73,2.0,10,59,1774
953.8888888888889,14.5,7.472792206135786,360,0.62,3.0,11,59,1775
1133.4444444444443,14.9,7.758845726811989,360,0.54,5.0,12,59,1776
1178.3333333333335,15.7,7.938666487320323,360,0.5,5.0,13,59,1777
1054.888888888889,16.8,8.0,360,0.46,5.0,14,59,1778
796.7777777777777,16.1,7.938666487320323,360,0.48,2.0,15,59,1779
516.2222222222223,22.1,7.758845726811989,360,0.46,2.0,16,59,1780
246.8888888888889,15.2,7.472792206135786,360,0.53,2.0,17,59,1781
44.888888888888886,14.1,7.1000000000000005,360,0.68,0.0,18,59,1782
0.0,10.1,6.6658742811845375,360,0.85,2.0,19,59,1783
0.0,8.3,6.2,360,0.88,0.0,20,59,1784
0.0,9.5,5.734125718815463,360,0.8,2.0,21,59,1785
0.0,12.2,5.300000000000001,360,0.66,3.0,22,59,1786
0.0,11.6,4.9272077938642145,360,0.74,5.0,23,59,1787
0.0,12.4,4.641154273188011,360,0.74,8.0,24,59,1788
0.0,7.1,4.461333512679678,360,0.83,5.0,1,60,1789
0.0,5.9,4.4,360,0.89,3.0,2,60,1790
0.0,6.3,4.461333512679677,360,0.87,3.0,3,60,1791
0.0,5.5,4.64115427318801,360,0.9,3.0,4,60,1792
0.0,5.6,4.9272077938642145,360,0.9,5.0,5,60,1793
0.0,4.7,5.3,360,0.92,3.0,6,60,1794
0.0,3.9,5.734125718815463,360,0.94,2.0,7,60,1795
168.33333333333331,6.5,6.2,360,0.89,3.0,8,60,1796
448.8888888888889,9.1,6.6658742811845375,360,0.78,3.0,9,60,1797
718.2222222222222,11.2,7.1000000000000005,360,0.73,2.0,10,60,1798
953.8888888888889,14.5,7.472792206135786,360,0.62,3.0,11,60,1799
1133.4444444444443,14.9,7.758845726811989,360,0.54,5.0,12,60,1800
1178.3333333333335,15.7,7.938666487320323,360,0.5,5.0,13,60,1801
1054.888888888889,16.8,8.0,360,0.46,5.0,14,60,1802
796.7777777777777,16.1,7.938666487320323,360,0.48,2.0,15,60,1803
516.2222222222223,22.1,7.758845726811989,360,0.46,2.0,16,60,1804
246.8888888888889,15.2,7.472792206135786,360,0.53,2.0,17,60,1805
44.888888888888886,14.1,7.1000000000000005,360,0.68,0.0,18,60,1806
0.0,10.1,6.6658742811845375,360,0.85,2.0,19,60,1807
0.0,8.3,6.2,360,0.88,0.0,20,60,1808
0.0,9.5,5.734125718815463,360,0.8,2.0,21,60,1809
0.0,9.028571428571428,5.300000000000001,360,0.8242857142857143,2.4285714285714284,22,60,1810
0.0,8.557142857142857,4.9272077938642145,360,0.8485714285714286,2.857142857142857,23,60,1811
0.0,8.085714285714285,4.641154273188011,360,0.8728571428571428,3.2857142857142856,24,60,1812
0.0,7.614285714285714,8.523851921597652,360,0.8971428571428571,3.7142857142857135,1,61,1813
0.0,7.142857142857142,8.5,360,0.9214285714285714,4.142857142857142,2,61,1814
0.0,6.671428571428572,8.523851921597652,360,0.9457142857142855,4.571428571428571,3,61,1815
0.0,6.2,8.593782217350892,360,0.97,5.0,4,61,1816
0.0,6.0,8.705025253169415,360,1.0,4.0,5,61,1817
0.0,5.8,8.85,360,1.0,5.0,6,61,1818
0.0,6.2,9.018826668428234,360,1.0,3.0,7,61,1819
78.55555555555554,7.0,9.2,360,0.99,5.0,8,61,1820
190.77777777777777,7.7,9.381173331571764,360,0.91,4.0,9,61,1821
280.55555555555554,8.9,9.549999999999999,360,0.79,4.0,10,61,1822
325.44444444444446,9.5,9.694974746830583,360,0.78,5.0,11,61,1823
246.8888888888889,9.8,9.806217782649107,360,0.75,5.0,12,61,1824
381.55555555555554,10.3,9.876148078402347,360,0.74,4.0,13,61,1825
460.11111111111114,11.5,9.899999999999999,360,0.71,3.0,14,61,1826
325.44444444444446,11.0,9.876148078402347,360,0.69,6.0,15,61,1827
258.11111111111114,11.6,9.806217782649107,360,0.67,4.0,16,61,1828
224.44444444444446,10.1,9.694974746830583,360,0.7,5.0,17,61,1829
33.66666666666667,8.6,9.549999999999999,360,0.78,3.0,18,61,1830
0.0,8.1,9.381173331571764,360,0.79,3.0,19,61,1831
0.0,7.5,9.2,360,0.81,3.0,20,61,1832
0.0,6.3,9.018826668428234,360,0.85,3.0,21,61,1833
0.0,5.6,8.85,360,0.89,1.0,22,61,1834
0.0,6.2,8.705025253169415,360,0.88,2.0,23,61,1835
0.0,6.2,8.593782217350892,360,0.91,3.0,24,61,1836
0.0,6.5,8.62896304765429,360,0.95,5.0,1,62,1837
0.0,7.3,8.599999999999998,360,0.94,7.0,2,62,1838
0.0,6.9,8.62896304765429,360,0.99,6.0,3,62,1839
0.0,7.1,8.713878406783225,360,1.0,7.0,4,62,1840
0.0,8.1,8.848959235991433,360,1.0,9.0,5,62,1841
0.0,8.4,9.024999999999999,360,0.97,9.0,6,62,1842
11.222222222222221,8.3,9.230003811662856,360,0.95,6.0,7,62,1843
134.66666666666669,9.1,9.45,360,0.97,6.0,8,62,1844
381.55555555555554,9.8,9.669996188337143,360,0.95,7.0,9,62,1845
505.0,10.7,9.875,360,0.86,7.0,10,62,1846
572.3333333333333,11.7,10.051040764008565,360,0.81,6.0,11,62,1847
864.1111111111111,12.7,10.186121593216773,360,0.71,7.0,12,62,1848
684.5555555555557,13.0,10.271036952345709,360,0.78,8.0,13,62,1849
740.6666666666667,13.6,10.3,360,0.7,7.0,14,62,1850
606.0,13.0,10.271036952345709,360,0.73,8.0,15,62,1851
359.1111111111111,12.0,10.186121593216773,360,0.77,7.0,16,62,1852
145.88888888888889,11.3,10.051040764008565,360,0.79,7.0,17,62,1853
33.66666666666667,10.4,9.875,360,0.84,7.0,18,62,1854
0.0,8.4,9.669996188337143,360,0.88,9.0,19,62,1855
0.0,7.5,9.45,360,0.94,4.0,20,62,1856
0.0,7.7,9.230003811662856,360,0.95,5.0,21,62,1857
0.0,8.6,9.024999999999999,360,0.97,5.0,22,62,1858
0.0,8.9,8.848959235991433,360,0.96,6.0,23,62,1859
0.0,9.4,8.713878406783225,360,0.95,7.0,24,62,1860
0.0,9.3,9.425555630283199,360,0.96,6.0,1,63,1861
0.0,9.3,9.4,360,0.99,5.0,2,63,1862
0.0,9.1,9.425555630283199,360,0.99,5.0,3,63,1863
0.0,9.3,9.500480947161671,360,0.99,5.0,4,63,1864
0.0,8.6,9.619669914110089,360,0.96,6.0,5,63,1865
0.0,8.3,9.775,360,0.99,7.0,6,63,1866
11.222222222222221,7.8,9.95588571617311,360,0.99,7.0,7,63,1867
67.33333333333334,8.6,10.15,360,0.95,6.0,8,63,1868
112.22222222222223,9.5,10.34411428382689,360,0.91,6.0,9,63,1869
179.55555555555554,9.9,10.525,360,0.89,6.0,10,63,1870
448.8888888888889,13.6,10.680330085889912,360,0.77,8.0,11,63,1871
1099.7777777777778,14.5,10.79951905283833,360,0.65,10.0,12,63,1872
1077.3333333333335,15.1,10.874444369716802,360,0.63,9.0,13,63,1873
1032.4444444444446,15.9,10.9,360,0.6,10.0,14,63,1874
852.8888888888889,16.7,10.874444369716802,360,0.56,9.0,15,63,1875
258.11111111111114,16.0,10.79951905283833,360,0.56,8.0,16,63,1876
33.66666666666667,15.7,10.680330085889912,360,0.5,7.0,17,63,1877
11.222222222222221,14.1,10.525,360,0.62,8.0,18,63,1878
0.0,13.2,10.34411428382689,360,0.69,7.0,19,63,1879
0.0,13.7,10.15,360,0.69,6.0,20,63,1880
0.0,15.0,9.95588571617311,360,0.54,9.0,21,63,1881
0.0,14.4,9.775,360,0.54,7.0,22,63,1882
0.0,14.1,9.619669914110089,360,0.65,11.0,23,63,1883
0.0,11.5,9.500480947161671,360,0.82,13.0,24,63,1884
0.0,10.7,9.410222252113279,360,0.85,9.0,1,64,1885
0.0,9.6,9.399999999999999,360,0.9,10.0,2,64,1886
0.0,9.8,9.410222252113279,360,0.84,22.0,3,64,1887
0.0,9.1,9.440192378864667,360,0.78,16.0,4,64,1888
0.0,8.6,9.487867965644035,360,0.74,16.0,5,64,1889
0.0,8.3,9.549999999999999,360,0.77,16.0,6,64,1890
22.444444444444443,7.8,9.622354286469243,360,0.78,22.0,7,64,1891
134.66666666666669,8.1,9.7,360,0.78,16.0,8,64,1892
202.0,7.2,9.777645713530756,360,0.84,13.0,9,64,1893
145.88888888888889,7.4,9.85,360,0.84,13.0,10,64,1894
931.4444444444445,9.9,9.912132034355963,360,0.73,16.0,11,64,1895
953.8888888888889,10.9,9.959807621135331,360,0.65,13.0,12,64,1896
830.4444444444446,10.1,9.98977774788672,360,0.65,13.0,13,64,1897
751.8888888888888,10.5,10.0,360,0.59,13.0,14,64,1898
448.8888888888889,10.0,9.98977774788672,360,0.7,13.0,15,64,1899
561.1111111111111,9.6,9.959807621135331,360,0.63,13.0,16,64,1900
202.0,8.3,9.912132034355963,360,0.7,11.0,17,64,1901
33.66666666666667,7.0,9.85,360,0.8,9.0,18,64,1902
0.0,6.3,9.777645713530756,360,0.88,7.0,19,64,1903
0.0,5.3,9.7,360,0.89,11.0,20,64,1904
0.0,5.6,9.622354286469243,360,0.91,5.0,21,64,1905
0.0,5.7,9.549999999999999,360,0.89,5.0,22,64,1906
0.0,5.7,9.487867965644035,360,0.92,4.0,23,64,1907
0.0,5.4,9.440192378864667,360,0.95,4.0,24,64,1908
0.0,5.4,8.232370465025383,360,0.95,4.0,1,65,1909
0.0,5.0,8.2,360,0.95,5.0,2,65,1910
0.0,5.0,8.232370465025383,360,0.97,7.0,3,65,1911
0.0,5.4,8.327275866404781,360,0.97,6.0,4,65,1912
0.0,5.3,8.478248557872778,360,0.99,7.0,5,65,1913
0.0,5.3,8.674999999999997,360,0.99,5.0,6,65,1914
22.444444444444443,5.6,8.904121907152604,360,0.99,6.0,7,65,1915
190.77777777777777,7.0,9.149999999999999,360,0.96,6.0,8,65,1916
325.44444444444446,7.7,9.395878092847394,360,0.96,7.0,9,65,1917
347.8888888888889,9.4,9.624999999999998,360,0.9,7.0,10,65,1918
392.7777777777778,10.9,9.82175144212722,360,0.87,8.0,11,65,1919
538.6666666666667,11.7,9.972724133595216,360,0.87,9.0,12,65,1920
1032.4444444444446,13.0,10.067629534974614,360,0.75,9.0,13,65,1921
808.0,13.6,10.099999999999998,360,0.73,8.0,14,65,1922
561.1111111111111,13.8,10.067629534974614,360,0.66,8.0,15,65,1923
482.5555555555556,12.3,9.972724133595216,360,0.69,7.0,16,65,1924
280.55555555555554,12.5,9.82175144212722,360,0.67,5.0,17,65,1925
44.888888888888886,9.3,9.624999999999998,360,0.76,4.0,18,65,1926
0.0,8.0,9.395878092847394,360,0.79,3.0,19,65,1927
0.0,9.1,9.149999999999999,360,0.76,3.0,20,65,1928
0.0,7.3,8.904121907152604,360,0.79,5.0,21,65,1929
0.0,9.3,8.674999999999999,360,0.73,5.0,22,65,1930
0.0,9.7,8.478248557872778,360,0.68,7.0,23,65,1931
0.0,10.9,8.327275866404781,360,0.61,7.0,24,65,1932
0.0,12.0,8.917037086855466,360,0.58,9.0,1,66,1933
0.0,11.1,8.9,360,0.63,11.0,2,66,1934
0.0,10.7,8.917037086855466,360,0.63,11.0,3,66,1935
0.0,10.3,8.966987298107782,360,0.62,11.0,4,66,1936
0.0,10.9,9.046446609406726,360,0.61,11.0,5,66,1937
0.0,10.0,9.15,360,0.65,12.0,6,66,1938
0.0,10.4,9.27059047744874,360,0.67,11.0,7,66,1939
44.888888888888886,10.9,9.4,360,0.69,11.0,8,66,1940
145.88888888888889,11.7,9.52940952255126,360,0.73,11.0,9,66,1941
235.66666666666669,13.2,9.65,360,0.71,14.0,10,66,1942
235.66666666666669,11.3,9.753553390593273,360,0.84,13.0,11,66,1943
179.55555555555554,10.3,9.833012701892219,360,0.93,10.0,12,66,1944
213.22222222222223,10.9,9.882962913144535,360,0.93,4.0,13,66,1945
190.77777777777777,11.5,9.9,360,0.95,5.0,14,66,1946
101.0,11.5,9.882962913144535,360,0.94,5.0,15,66,1947
78.55555555555554,11.8,9.833012701892219,360,0.89,7.0,16,66,1948
67.33333333333334,12.3,9.753553390593273,360,0.88,7.0,17,66,1949
33.66666666666667,11.1,9.65,360,0.93,7.0,18,66,1950
0.0,9.1,9.52940952255126,360,0.89,13.0,19,66,1951
0.0,7.5,9.4,360,1.0,11.0,20,66,1952
0.0,8.3,9.27059047744874,360,0.99,9.0,21,66,1953
0.0,7.3,9.15,360,0.95,8.0,22,66,1954
0.0,6.9,9.046446609406727,360,0.99,5.0,23,66,1955
0.0,6.5,8.966987298107782,360,0.97,6.0,24,66,1956
0.0,6.3,8.818740795541014,360,0.99,5.0,1,67,1957
0.0,6.7,8.8,360,0.97,6.0,2,67,1958
0.0,6.2,8.818740795541014,360,0.96,7.0,3,67,1959
0.0,6.0,8.873686027918561,360,0.95,7.0,4,67,1960
0.0,5.7,8.961091270347401,360,0.9,7.0,5,67,1961
0.0,5.6,9.075000000000001,360,0.92,6.0,6,67,1962
11.222222222222221,5.1,9.207649525193615,360,0.94,8.0,7,67,1963
101.0,5.7,9.350000000000001,360,0.92,9.0,8,67,1964
392.7777777777778,7.0,9.492350474806388,360,0.92,7.0,9,67,1965
707.0000000000001,9.1,9.625000000000002,360,0.8,9.0,10,67,1966
246.8888888888889,6.0,9.738908729652602,360,0.9,13.0,11,67,1967
1032.4444444444446,10.7,9.826313972081442,360,0.8,8.0,12,67,1968
594.7777777777778,6.9,9.881259204458988,360,0.84,13.0,13,67,1969
482.5555555555556,8.3,9.900000000000002,360,0.9,9.0,14,67,1970
561.1111111111111,9.5,9.881259204458988,360,0.84,7.0,15,67,1971
527.4444444444445,9.8,9.826313972081442,360,0.81,9.0,16,67,1972
145.88888888888889,6.5,9.738908729652602,360,0.9,9.0,17,67,1973
44.888888888888886,6.7,9.625000000000002,360,0.89,6.0,18,67,1974
0.0,6.2,9.492350474806388,360,0.94,5.0,19,67,1975
0.0,5.9,9.350000000000001,360,0.97,3.0,20,67,1976
0.0,5.7,9.207649525193615,360,0.99,3.0,21,67,1977
0.0,5.4,9.075000000000001,360,0.97,4.0,22,67,1978
0.0,4.4,8.961091270347401,360,0.99,3.0,23,67,1979
0.0,4.2,8.873686027918561,360,1.0,3.0,24,67,1980
0.0,4.4,8.432370465025386,360,1.0,2.0,1,68,1981
0.0,4.0,8.400000000000002,360,1.0,2.0,2,68,1982
0.0,4.8,8.432370465025386,360,1.0,3.0,3,68,1983
0.0,5.3,8.527275866404784,360,1.0,3.0,4,68,1984
0.0,4.8,8.67824855787278,360,1.0,3.0,5,68,1985
0.0,4.7,8.875,360,1.0,3.0,6,68,1986
22.444444444444443,4.7,9.104121907152606,360,1.0,3.0,7,68,1987
123.44444444444446,5.1,9.350000000000001,360,1.0,2.0,8,68,1988
404.0,6.3,9.595878092847396,360,1.0,3.0,9,68,1989
650.8888888888889,7.0,9.825000000000001,360,0.99,3.0,10,68,1990
875.3333333333334,9.7,10.021751442127222,360,0.82,5.0,11,68,1991
707.0000000000001,8.8,10.172724133595219,360,0.8,5.0,12,68,1992
639.6666666666667,11.3,10.267629534974617,360,0.71,5.0,13,68,1993
628.4444444444443,10.3,10.3,360,0.7,5.0,14,68,1994
426.44444444444446,11.0,10.267629534974617,360,0.63,7.0,15,68,1995
381.55555555555554,10.5,10.172724133595219,360,0.7,6.0,16,68,1996
134.66666666666669,9.6,10.021751442127222,360,0.75,7.0,17,68,1997
33.66666666666667,8.6,9.825000000000001,360,0.79,6.0,18,68,1998
0.0,8.3,9.595878092847396,360,0.82,6.0,19,68,1999
0.0,8.0,9.350000000000001,360,0.85,5.0,20,68,2000
0.0,7.5,9.104121907152606,360,0.87,6.0,21,68,2001
0.0,7.5,8.875000000000002,360,0.89,6.0,22,68,2002
0.0,7.7,8.67824855787278,360,0.91,8.0,23,68,2003
0.0,7.8,8.527275866404784,360,0.93,8.0,24,68,2004
0.0,7.5,9.523851921597652,360,0.99,9.0,1,69,2005
0.0,7.7,9.5,360,0.99,9.0,2,69,2006
0.0,8.1,9.523851921597652,360,1.0,9.0,3,69,2007
0.0,8.6,9.593782217350892,360,1.0,9.0,4,69,2008
0.0,9.3,9.705025253169415,360,1.0,7.0,5,69,2009
0.0,9.8,9.85,360,1.0,6.0,6,69,2010
0.0,10.5,10.018826668428234,360,1.0,6.0,7,69,2011
44.888888888888886,10.9,10.2,360,1.0,7.0,8,69,2012
112.22222222222223,11.3,10.381173331571764,360,1.0,7.0,9,69,2013
280.55555555555554,12.0,10.549999999999999,360,0.92,10.0,10,69,2014
303.0,11.8,10.694974746830583,360,0.96,9.0,11,69,2015
291.77777777777777,13.0,10.806217782649107,360,0.95,8.0,12,69,2016
415.2222222222223,12.7,10.876148078402347,360,0.95,9.0,13,69,2017
314.2222222222222,12.7,10.899999999999999,360,0.99,7.0,14,69,2018
258.11111111111114,13.0,10.876148078402347,360,0.99,8.0,15,69,2019
179.55555555555554,12.3,10.806217782649107,360,0.99,7.0,16,69,2020
67.33333333333334,12.0,10.694974746830583,360,1.0,7.0,17,69,2021
22.444444444444443,11.6,10.549999999999999,360,1.0,6.0,18,69,2022
0.0,11.5,10.381173331571764,360,1.0,5.0,19,69,2023
0.0,11.1,10.2,360,1.0,7.0,20,69,2024
0.0,11.1,10.018826668428234,360,1.0,8.0,21,69,2025
0.0,11.1,9.85,360,1.0,8.0,22,69,2026
0.0,11.1,9.705025253169415,360,1.0,8.0,23,69,2027
0.0,11.1,9.593782217350892,360,1.0,9.0,24,69,2028
0.0,11.0,10.618740795541012,360,1.0,9.0,1,70,2029
0.0,10.9,10.599999999999998,360,1.0,11.0,2,70,2030
0.0,10.4,10.618740795541012,360,0.93,12.0,3,70,2031
0.0,10.4,10.673686027918558,360,0.95,11.0,4,70,2032
0.0,10.4,10.761091270347398,360,0.95,11.0,5,70,2033
0.0,10.1,10.874999999999998,360,0.99,10.0,6,70,2034
0.0,10.4,11.007649525193612,360,1.0,11.0,7,70,2035
67.33333333333334,11.1,11.149999999999999,360,0.96,13.0,8,70,2036
168.33333333333331,11.8,11.292350474806385,360,0.94,9.0,9,70,2037
202.0,12.2,11.424999999999999,360,0.89,9.0,10,70,2038
594.7777777777778,13.3,11.538908729652599,360,0.8,9.0,11,70,2039
965.1111111111112,12.5,11.626313972081439,360,0.73,9.0,12,70,2040
785.5555555555557,13.0,11.681259204458986,360,0.6,8.0,13,70,2041
931.4444444444445,13.6,11.7,360,0.62,8.0,14,70,2042
751.8888888888888,12.5,11.681259204458986,360,0.69,9.0,15,70,2043
516.2222222222223,12.1,11.626313972081439,360,0.57,9.0,16,70,2044
291.77777777777777,10.7,11.538908729652599,360,0.6,8.0,17,70,2045
44.888888888888886,9.1,11.424999999999999,360,0.65,5.0,18,70,2046
0.0,6.7,11.292350474806385,360,0.75,6.0,19,70,2047
0.0,6.2,11.149999999999999,360,0.82,4.0,20,70,2048
0.0,5.7,11.007649525193612,360,0.87,4.0,21,70,2049
0.0,5.0,10.874999999999998,360,0.89,5.0,22,70,2050
0.0,4.1,10.761091270347398,360,0.91,5.0,23,70,2051
0.0,3.8,10.673686027918558,360,0.92,4.0,24,70,2052
0.0,3.6,8.830666756339838,360,0.94,3.0,1,71,2053
0.0,3.6,8.8,360,0.95,4.0,2,71,2054
0.0,3.6,8.830666756339838,360,0.95,5.0,3,71,2055
0.0,3.2,8.920577136594005,360,0.95,5.0,4,71,2056
0.0,2.5,9.063603896932106,360,0.99,4.0,5,71,2057
0.0,2.2,9.25,360,0.99,4.0,6,71,2058
33.66666666666667,2.7,9.467062859407731,360,0.95,4.0,7,71,2059
258.11111111111114,5.6,9.7,360,0.91,5.0,8,71,2060
505.0,7.1,9.932937140592268,360,0.79,6.0,9,71,2061
774.3333333333333,8.3,10.149999999999999,360,0.65,8.0,10,71,2062
830.4444444444446,8.6,10.33639610306789,360,0.65,7.0,11,71,2063
1234.4444444444443,10.0,10.479422863405993,360,0.6,7.0,12,71,2064
1155.888888888889,10.5,10.56933324366016,360,0.55,7.0,13,71,2065
1189.5555555555557,10.7,10.599999999999998,360,0.52,6.0,14,71,2066
1010.0,10.9,10.56933324366016,360,0.53,5.0,15,71,2067
493.7777777777778,10.9,10.479422863405993,360,0.45,4.0,16,71,2068
336.66666666666663,9.7,10.33639610306789,360,0.49,4.0,17,71,2069
67.33333333333334,7.8,10.149999999999999,360,0.53,3.0,18,71,2070
0.0,2.4,9.932937140592268,360,0.89,1.0,19,71,2071
0.0,0.0,9.7,360,0.91,1.0,20,71,2072
0.0,-1.6,9.467062859407731,360,0.93,1.0,21,71,2073
0.0,0.6,9.25,360,0.84,1.0,22,71,2074
0.0,1.4,9.063603896932108,360,0.8,1.0,23,71,2075
0.0,1.8,8.920577136594005,360,0.86,1.0,24,71,2076
0.0,-0.3,7.634074173710932,360,0.92,1.0,1,72,2077
0.0,1.0,7.6,360,0.92,1.0,2,72,2078
0.0,-1.9,7.634074173710931,360,0.96,2.0,3,72,2079
0.0,2.0,7.73397459621556,360,0.8,5.0,4,72,2080
0.0,1.4,7.892893218813452,360,0.81,5.0,5,72,2081
0.0,1.6,8.1,360,0.79,5.0,6,72,2082
33.66666666666667,2.7,8.34118095489748,360,0.77,5.0,7,72,2083
224.44444444444446,4.4,8.6,360,0.75,8.0,8,72,2084
437.6666666666667,6.0,8.858819045102521,360,0.69,9.0,9,72,2085
740.6666666666667,8.0,9.1,360,0.65,10.0,10,72,2086
864.1111111111111,9.4,9.307106781186548,360,0.66,9.0,11,72,2087
1133.4444444444443,11.7,9.466025403784439,360,0.6,10.0,12,72,2088
1111.0,13.0,9.565925826289067,360,0.67,11.0,13,72,2089
628.4444444444443,13.0,9.6,360,0.74,10.0,14,72,2090
258.11111111111114,12.1,9.565925826289067,360,0.87,16.0,15,72,2091
168.33333333333331,11.6,9.466025403784439,360,0.84,14.0,16,72,2092
44.888888888888886,10.5,9.307106781186548,360,0.93,13.0,17,72,2093
11.222222222222221,7.1,9.1,360,0.95,13.0,18,72,2094
0.0,6.5,8.858819045102521,360,0.94,9.0,19,72,2095
0.0,6.0,8.6,360,0.93,5.0,20,72,2096
0.0,5.3,8.34118095489748,360,0.94,5.0,21,72,2097
0.0,4.5,8.1,360,0.92,5.0,22,72,2098
0.0,3.7,7.892893218813452,360,0.93,5.0,23,72,2099
0.0,3.1,7.733974596215561,360,0.93,4.0,24,72,2100
0.0,2.9,7.834074173710932,360,0.92,5.0,1,73,2101
0.0,3.2,7.800000000000001,360,0.9,5.0,2,73,2102
0.0,2.0,7.834074173710932,360,0.95,4.0,3,73,2103
0.0,2.2,7.9339745962155614,360,0.94,3.0,4,73,2104
0.0,2.5,8.092893218813453,360,0.95,3.0,5,73,2105
0.0,2.4,8.3,360,0.95,4.0,6,73,2106
33.66666666666667,3.4,8.54118095489748,360,0.93,5.0,7,73,2107
224.44444444444446,5.4,8.8,360,0.9,5.0,8,73,2108
505.0,6.7,9.058819045102522,360,0.81,8.0,9,73,2109
808.0,7.8,9.3,360,0.8,7.0,10,73,2110
808.0,8.6,9.507106781186549,360,0.71,7.0,11,73,2111
1178.3333333333335,9.5,9.66602540378444,360,0.73,8.0,12,73,2112
1133.4444444444443,10.1,9.76592582628907,360,0.62,9.0,13,73,2113
875.3333333333334,11.0,9.8,360,0.6,7.0,14,73,2114
583.5555555555555,10.9,9.76592582628907,360,0.56,8.0,15,73,2115
415.2222222222223,8.4,9.66602540378444,360,0.74,9.0,16,73,2116
202.0,7.3,9.507106781186549,360,0.78,9.0,17,73,2117
44.888888888888886,6.9,9.3,360,0.79,6.0,18,73,2118
0.0,6.2,9.058819045102522,360,0.84,5.0,19,73,2119
0.0,5.4,8.8,360,0.89,5.0,20,73,2120
0.0,5.1,8.54118095489748,360,0.92,5.0,21,73,2121
0.0,4.4,8.3,360,0.95,4.0,22,73,2122
0.0,4.8,8.092893218813453,360,0.95,5.0,23,73,2123
0.0,5.6,7.9339745962155614,360,0.93,5.0,24,73,2124
0.0,5.6,8.317037086855466,360,0.92,7.0,1,74,2125
0.0,5.0,8.3,360,0.94,5.0,2,74,2126
0.0,3.8,8.317037086855466,360,0.96,5.0,3,74,2127
0.0,3.8,8.366987298107782,360,0.96,5.0,4,74,2128
0.0,4.4,8.446446609406728,360,0.95,5.0,5,74,2129
0.0,5.1,8.55,360,0.94,5.0,6,74,2130
22.444444444444443,5.8,8.67059047744874,360,0.93,5.0,7,74,2131
78.55555555555554,6.3,8.8,360,0.92,6.0,8,74,2132
168.33333333333331,7.2,8.92940952255126,360,0.91,8.0,9,74,2133
258.11111111111114,8.8,9.05,360,0.84,10.0,10,74,2134
291.77777777777777,8.9,9.153553390593274,360,0.86,11.0,11,74,2135
258.11111111111114,9.4,9.23301270189222,360,0.84,12.0,12,74,2136
336.66666666666663,9.3,9.282962913144535,360,0.87,13.0,13,74,2137
235.66666666666669,9.4,9.3,360,0.86,16.0,14,74,2138
202.0,9.6,9.282962913144535,360,0.88,12.0,15,74,2139
168.33333333333331,9.4,9.23301270189222,360,0.89,12.0,16,74,2140
67.33333333333334,8.6,9.153553390593274,360,0.95,13.0,17,74,2141
33.66666666666667,8.1,9.05,360,0.99,10.0,18,74,2142
0.0,8.3,8.92940952255126,360,1.0,10.0,19,74,2143
0.0,8.6,8.8,360,1.0,11.0,20,74,2144
0.0,8.8,8.67059047744874,360,1.0,8.0,21,74,2145
0.0,8.8,8.55,360,1.0,10.0,22,74,2146
0.0,9.1,8.446446609406728,360,1.0,11.0,23,74,2147
0.0,9.1,8.366987298107782,360,1.0,9.0,24,74,2148
0.0,8.9,9.222148212912105,360,1.0,8.0,1,75,2149
0.0,8.8,9.2,360,1.0,10.0,2,75,2150
0.0,8.8,9.222148212912105,360,0.99,8.0,3,75,2151
0.0,8.8,9.287083487540114,360,1.0,9.0,4,75,2152
0.0,9.1,9.390380592228743,360,1.0,10.0,5,75,2153
0.0,9.3,9.524999999999999,360,1.0,9.0,6,75,2154
11.222222222222221,9.1,9.681767620683361,360,1.0,7.0,7,75,2155
67.33333333333334,9.4,9.85,360,0.99,7.0,8,75,2156
112.22222222222223,9.6,10.018232379316638,360,0.99,7.0,9,75,2157
224.44444444444446,9.9,10.175,360,1.0,8.0,10,75,2158
291.77777777777777,10.1,10.309619407771256,360,0.99,9.0,11,75,2159
246.8888888888889,10.3,10.412916512459885,360,0.97,7.0,12,75,2160
224.44444444444446,10.3,10.477851787087895,360,0.97,7.0,13,75,2161
303.0,11.1,10.5,360,0.94,7.0,14,75,2162
359.1111111111111,11.6,10.477851787087895,360,0.91,7.0,15,75,2163
213.22222222222223,11.1,10.412916512459885,360,0.89,7.0,16,75,2164
112.22222222222223,10.1,10.309619407771256,360,0.94,7.0,17,75,2165
22.444444444444443,9.5,10.175,360,0.93,7.0,18,75,2166
0.0,8.6,10.018232379316638,360,0.97,7.0,19,75,2167
0.0,8.1,9.85,360,1.0,6.0,20,75,2168
0.0,7.7,9.681767620683361,360,0.99,6.0,21,75,2169
0.0,7.4,9.525,360,0.99,5.0,22,75,2170
0.0,7.5,9.390380592228743,360,1.0,5.0,23,75,2171
0.0,7.4,9.287083487540114,360,0.99,6.0,24,75,2172
0.0,7.3,9.627259338968745,360,1.0,6.0,1,76,2173
0.0,7.0,9.599999999999998,360,1.0,6.0,2,76,2174
0.0,6.9,9.627259338968743,360,0.99,5.0,3,76,2175
0.0,6.7,9.707179676972448,360,0.99,5.0,4,76,2176
0.0,6.7,9.83431457505076,360,0.99,5.0,5,76,2177
0.0,6.5,9.999999999999998,360,0.99,5.0,6,76,2178
33.66666666666667,6.7,10.192944763917982,360,0.97,5.0,7,76,2179
123.44444444444446,7.3,10.399999999999999,360,0.97,7.0,8,76,2180
280.55555555555554,7.3,10.607055236082015,360,0.99,7.0,9,76,2181
482.5555555555556,8.3,10.799999999999999,360,0.93,7.0,10,76,2182
246.8888888888889,8.8,10.965685424949237,360,0.9,6.0,11,76,2183
527.4444444444445,10.4,11.09282032302755,360,0.81,7.0,12,76,2184
583.5555555555555,10.9,11.172740661031254,360,0.79,8.0,13,76,2185
774.3333333333333,12.5,11.2,360,0.78,8.0,14,76,2186
1066.1111111111113,13.6,11.172740661031254,360,0.75,7.0,15,76,2187
718.2222222222222,13.9,11.09282032302755,360,0.75,8.0,16,76,2188
437.6666666666667,13.6,10.965685424949237,360,0.75,7.0,17,76,2189
101.0,11.7,10.799999999999999,360,0.78,6.0,18,76,2190
0.0,10.0,10.607055236082015,360,0.82,4.0,19,76,2191
0.0,8.1,10.399999999999999,360,0.88,3.0,20,76,2192
0.0,6.5,10.192944763917982,360,0.96,4.0,21,76,2193
0.0,6.5,9.999999999999998,360,0.97,6.0,22,76,2194
0.0,6.5,9.834314575050762,360,0.97,4.0,23,76,2195
0.0,7.2,9.707179676972448,360,0.95,6.0,24,76,2196
0.0,7.2,9.618740795541012,360,0.93,9.0,1,77,2197
0.0,7.3,9.599999999999998,360,0.9,9.0,2,77,2198
0.0,8.0,9.618740795541012,360,0.91,9.0,3,77,2199
0.0,7.8,9.673686027918558,360,0.91,9.0,4,77,2200
0.0,8.0,9.761091270347398,360,0.96,9.0,5,77,2201
0.0,6.9,9.874999999999998,360,0.97,9.0,6,77,2202
11.222222222222221,6.0,10.007649525193612,360,0.92,7.0,7,77,2203
67.33333333333334,6.2,10.149999999999999,360,0.89,7.0,8,77,2204
347.8888888888889,7.4,10.292350474806385,360,0.85,5.0,9,77,2205
707.0000000000001,9.3,10.424999999999999,360,0.7,9.0,10,77,2206
864.1111111111111,9.9,10.538908729652599,360,0.61,9.0,11,77,2207
897.7777777777778,9.9,10.626313972081439,360,0.63,9.0,12,77,2208
561.1111111111111,5.7,10.681259204458986,360,0.73,9.0,13,77,2209
1155.888888888889,9.5,10.7,360,0.62,7.0,14,77,2210
897.7777777777778,10.0,10.681259204458986,360,0.65,9.0,15,77,2211
707.0000000000001,9.1,10.626313972081439,360,0.66,10.0,16,77,2212
381.55555555555554,8.1,10.538908729652599,360,0.63,11.0,17,77,2213
78.55555555555554,6.2,10.424999999999999,360,0.76,11.0,18,77,2214
0.0,5.7,10.292350474806385,360,0.81,8.0,19,77,2215
0.0,3.1,10.149999999999999,360,0.89,7.0,20,77,2216
0.0,2.3,10.007649525193612,360,0.95,3.0,21,77,2217
0.0,2.9,9.874999999999998,360,0.92,5.0,22,77,2218
0.0,1.7,9.761091270347398,360,0.96,3.0,23,77,2219
0.0,0.8,9.673686027918558,360,0.96,3.0,24,77,2220
0.0,0.0,8.035777882396479,360,0.99,3.0,1,78,2221
0.0,0.2,8.0,360,0.99,3.0,2,78,2222
0.0,-0.2,8.035777882396479,360,0.99,3.0,3,78,2223
0.0,-0.4,8.14067332602634,360,0.99,3.0,4,78,2224
0.0,-0.6,8.307537879754125,360,0.99,3.0,5,78,2225
0.0,-1.0,8.525,360,1.0,3.0,6,78,2226
56.111111111111114,0.6,8.778240002642354,360,0.99,3.0,7,78,2227
303.0,3.8,9.05,360,0.93,3.0,8,78,2228
538.6666666666667,7.0,9.321759997357647,360,0.87,3.0,9,78,2229
852.8888888888889,9.1,9.575000000000001,360,0.84,4.0,10,78,2230
1066.1111111111113,10.4,9.792462120245876,360,0.74,4.0,11,78,2231
505.0,9.3,9.959326673973662,360,0.77,4.0,12,78,2232
673.3333333333333,11.3,10.064222117603522,360,0.65,6.0,13,78,2233
325.44444444444446,8.6,10.100000000000001,360,0.8,9.0,14,78,2234
426.44444444444446,10.3,10.064222117603522,360,0.76,3.0,15,78,2235
235.66666666666669,8.6,9.959326673973662,360,0.78,4.0,16,78,2236
112.22222222222223,7.1,9.792462120245876,360,0.85,5.0,17,78,2237
33.66666666666667,5.7,9.575000000000001,360,0.91,7.0,18,78,2238
0.0,5.4,9.321759997357647,360,0.95,3.0,19,78,2239
0.0,5.4,9.05,360,0.91,3.0,20,78,2240
0.0,5.0,8.778240002642354,360,0.96,3.0,21,78,2241
0.0,5.0,8.525,360,0.96,1.0,22,78,2242
0.0,4.5,8.307537879754125,360,1.0,1.0,23,78,2243
0.0,4.8,8.14067332602634,360,0.99,1.0,24,78,2244
0.0,4.7,8.535777882396479,360,0.97,1.0,1,79,2245
0.0,4.1,8.5,360,0.99,2.0,2,79,2246
0.0,3.6,8.535777882396479,360,0.99,3.0,3,79,2247
0.0,3.1,8.64067332602634,360,1.0,3.0,4,79,2248
0.0,2.5,8.807537879754125,360,1.0,1.0,5,79,2249
0.0,2.8,9.025,360,1.0,2.0,6,79,2250
33.66666666666667,3.1,9.278240002642354,360,1.0,3.0,7,79,2251
179.55555555555554,3.4,9.55,360,1.0,3.0,8,79,2252
471.33333333333337,5.1,9.821759997357647,360,0.93,3.0,9,79,2253
516.2222222222223,6.2,10.075000000000001,360,0.86,3.0,10,79,2254
931.4444444444445,8.1,10.292462120245876,360,0.78,3.0,11,79,2255
718.2222222222222,8.3,10.459326673973662,360,0.75,3.0,12,79,2256
920.2222222222223,10.3,10.564222117603522,360,0.67,6.0,13,79,2257
1189.5555555555557,10.1,10.600000000000001,360,0.54,4.0,14,79,2258
538.6666666666667,10.0,10.564222117603522,360,0.67,5.0,15,79,2259
897.7777777777778,10.9,10.459326673973662,360,0.65,5.0,16,79,2260
448.8888888888889,9.8,10.292462120245876,360,0.68,5.0,17,79,2261
112.22222222222223,7.4,10.075000000000001,360,0.77,4.0,18,79,2262
0.0,6.5,9.821759997357647,360,0.8,3.0,19,79,2263
0.0,5.8,9.55,360,0.82,2.0,20,79,2264
0.0,5.3,9.278240002642354,360,0.82,1.0,21,79,2265
0.0,4.5,9.025,360,0.84,1.0,22,79,2266
0.0,4.4,8.807537879754125,360,0.84,2.0,23,79,2267
0.0,4.0,8.64067332602634,360,0.85,2.0,24,79,2268
0.0,3.7,7.944296425824211,360,0.89,2.0,1,80,2269
0.0,1.7,7.8999999999999995,360,0.91,2.0,2,80,2270
0.0,1.8,7.944296425824211,360,0.96,1.0,3,80,2271
0.0,0.9,8.074166975080228,360,0.95,1.0,4,80,2272
0.0,-1.5,8.280761184457488,360,0.97,1.0,5,80,2273
0.0,-1.9,8.549999999999999,360,0.99,1.0,6,80,2274
78.55555555555554,1.7,8.863535241366723,360,0.99,1.0,7,80,2275
291.77777777777777,4.2,9.2,360,0.91,1.0,8,80,2276
538.6666666666667,7.1,9.536464758633276,360,0.82,2.0,9,80,2277
875.3333333333334,9.6,9.85,360,0.75,3.0,10,80,2278
1200.7777777777778,11.5,10.119238815542511,360,0.74,5.0,11,80,2279
1470.111111111111,11.8,10.325833024919769,360,0.62,6.0,12,80,2280
1010.0,12.1,10.455703574175788,360,0.63,5.0,13,80,2281
1245.6666666666665,13.0,10.5,360,0.57,5.0,14,80,2282
965.1111111111112,12.7,10.455703574175788,360,0.57,6.0,15,80,2283
572.3333333333333,12.7,10.325833024919769,360,0.57,6.0,16,80,2284
392.7777777777778,12.0,10.119238815542511,360,0.65,6.0,17,80,2285
145.88888888888889,10.3,9.85,360,0.68,5.0,18,80,2286
11.222222222222221,8.4,9.536464758633276,360,0.77,2.0,19,80,2287
0.0,8.1,9.2,360,0.77,3.0,20,80,2288
0.0,7.4,8.863535241366723,360,0.79,3.0,21,80,2289
0.0,7.0,8.549999999999999,360,0.81,3.0,22,80,2290
0.0,5.4,8.280761184457488,360,0.85,2.0,23,80,2291
0.0,5.1,8.07416697508023,360,0.87,1.0,24,80,2292
0.0,3.6,8.240889008453117,360,0.9,1.0,1,81,2293
0.0,3.2,8.2,360,0.91,1.0,2,81,2294
0.0,2.8,8.240889008453117,360,0.92,1.0,3,81,2295
0.0,2.8,8.360769515458673,360,0.94,1.0,4,81,2296
0.0,1.8,8.551471862576141,360,0.94,1.0,5,81,2297
0.0,1.6,8.799999999999997,360,0.97,2.0,6,81,2298
89.77777777777777,3.6,9.089417145876974,360,0.93,3.0,7,81,2299
325.44444444444446,6.5,9.399999999999999,360,0.85,3.0,8,81,2300
561.1111111111111,9.1,9.710582854123023,360,0.69,5.0,9,81,2301
852.8888888888889,11.3,9.999999999999998,360,0.59,7.0,10,81,2302
1155.888888888889,13.3,10.248528137423856,360,0.54,7.0,11,81,2303
1301.7777777777778,14.2,10.439230484541325,360,0.49,7.0,12,81,2304
1301.7777777777778,14.9,10.55911099154688,360,0.39,7.0,13,81,2305
1301.7777777777778,15.3,10.599999999999998,360,0.37,7.0,14,81,2306
1088.5555555555557,16.0,10.55911099154688,360,0.28,7.0,15,81,2307
650.8888888888889,15.6,10.439230484541325,360,0.43,7.0,16,81,2308
415.2222222222223,14.7,10.248528137423856,360,0.46,6.0,17,81,2309
134.66666666666669,10.3,9.999999999999998,360,0.66,4.0,18,81,2310
0.0,8.3,9.710582854123023,360,0.67,1.0,19,81,2311
0.0,6.9,9.399999999999999,360,0.75,1.0,20,81,2312
0.0,7.0,9.089417145876974,360,0.73,2.0,21,81,2313
0.0,5.9,8.799999999999999,360,0.77,1.0,22,81,2314
0.0,3.1,8.551471862576141,360,0.86,1.0,23,81,2315
0.0,4.0,8.360769515458673,360,0.81,1.0,24,81,2316
0.0,2.2,7.56474093005077,360,0.86,1.0,1,82,2317
0.0,1.4,7.5,360,0.89,1.0,2,82,2318
0.0,-0.4,7.56474093005077,360,0.94,0.0,3,82,2319
0.0,-1.7,7.754551732809566,360,0.9,1.0,4,82,2320
0.0,-2.3,8.05649711574556,360,0.95,0.0,5,82,2321
0.0,-2.7,8.45,360,0.99,1.0,6,82,2322
101.0,-1.0,8.90824381430521,360,0.99,1.0,7,82,2323
325.44444444444446,6.2,9.4,360,0.78,1.0,8,82,2324
583.5555555555555,11.0,9.89175618569479,360,0.66,1.0,9,82,2325
920.2222222222223,14.9,10.350000000000001,360,0.53,1.0,10,82,2326
1234.4444444444443,15.0,10.743502884254442,360,0.5,4.0,11,82,2327
1436.4444444444443,16.2,11.045448267190434,360,0.47,4.0,12,82,2328
1492.5555555555557,17.1,11.23525906994923,360,0.45,3.0,13,82,2329
1369.1111111111113,17.9,11.3,360,0.26,3.0,14,82,2330
1088.5555555555557,18.0,11.23525906994923,360,0.33,3.0,15,82,2331
751.8888888888888,17.9,11.045448267190434,360,0.37,2.0,16,82,2332
460.11111111111114,16.9,10.743502884254442,360,0.35,2.0,17,82,2333
123.44444444444446,15.4,10.350000000000001,360,0.43,1.0,18,82,2334
0.0,7.7,9.89175618569479,360,0.71,1.0,19,82,2335
0.0,6.3,9.4,360,0.79,1.0,20,82,2336
0.0,5.6,8.90824381430521,360,0.8,1.0,21,82,2337
0.0,4.5,8.450000000000001,360,0.84,1.0,22,82,2338
0.0,4.8,8.05649711574556,360,0.84,1.0,23,82,2339
0.0,4.5,7.754551732809567,360,0.81,0.0,24,82,2340
0.0,3.7,8.15962980399413,360,0.84,1.0,1,83,2341
0.0,2.7,8.1,360,0.88,1.0,2,83,2342
0.0,2.3,8.15962980399413,360,0.89,0.0,3,83,2343
0.0,0.6,8.334455543377231,360,0.92,0.0,4,83,2344
0.0,1.6,8.61256313292354,360,0.91,1.0,5,83,2345
0.0,1.0,8.975,360,0.89,1.0,6,83,2346
78.55555555555554,3.8,9.397066671070588,360,0.87,1.0,7,83,2347
336.66666666666663,7.3,9.85,360,0.81,1.0,8,83,2348
617.2222222222222,12.1,10.302933328929411,360,0.69,1.0,9,83,2349
920.2222222222223,15.3,10.725,360,0.55,3.0,10,83,2350
1234.4444444444443,16.4,11.087436867076457,360,0.47,5.0,11,83,2351
1414.0000000000002,18.3,11.365544456622768,360,0.37,5.0,12,83,2352
1447.6666666666667,19.8,11.540370196005869,360,0.38,3.0,13,83,2353
1324.2222222222224,20.6,11.6,360,0.33,3.0,14,83,2354
1088.5555555555557,20.6,11.540370196005869,360,0.43,3.0,15,83,2355
751.8888888888888,19.2,11.365544456622768,360,0.35,4.0,16,83,2356
460.11111111111114,17.4,11.087436867076457,360,0.44,3.0,17,83,2357
134.66666666666669,14.5,10.725,360,0.53,3.0,18,83,2358
0.0,12.4,10.302933328929411,360,0.6,1.0,19,83,2359
0.0,13.2,9.85,360,0.56,1.0,20,83,2360
0.0,7.7,9.397066671070588,360,0.79,1.0,21,83,2361
0.0,7.0,8.975,360,0.84,1.0,22,83,2362
0.0,6.7,8.612563132923542,360,0.86,1.0,23,83,2363
0.0,6.3,8.334455543377231,360,0.89,1.0,24,83,2364
0.0,4.8,8.840889008453118,360,0.91,1.0,1,84,2365
0.0,4.5,8.8,360,0.95,1.0,2,84,2366
0.0,4.0,8.840889008453118,360,0.99,2.0,3,84,2367
0.0,3.6,8.960769515458674,360,1.0,2.0,4,84,2368
0.0,2.2,9.151471862576143,360,1.0,2.0,5,84,2369
0.0,1.9,9.4,360,1.0,1.0,6,84,2370
78.55555555555554,3.1,9.689417145876975,360,1.0,2.0,7,84,2371
291.77777777777777,5.3,10.0,360,0.99,3.0,8,84,2372
561.1111111111111,8.6,10.310582854123025,360,0.88,3.0,9,84,2373
897.7777777777778,11.5,10.6,360,0.76,5.0,10,84,2374
1167.111111111111,12.4,10.848528137423857,360,0.68,6.0,11,84,2375
1414.0000000000002,13.8,11.039230484541326,360,0.66,5.0,12,84,2376
1369.1111111111113,13.6,11.159110991546882,360,0.62,7.0,13,84,2377
1234.4444444444443,13.9,11.2,360,0.58,7.0,14,84,2378
1010.0,13.8,11.159110991546882,360,0.57,7.0,15,84,2379
729.4444444444443,13.0,11.039230484541326,360,0.55,7.0,16,84,2380
415.2222222222223,12.0,10.848528137423857,360,0.6,7.0,17,84,2381
78.55555555555554,10.5,10.6,360,0.67,5.0,18,84,2382
0.0,9.6,10.310582854123025,360,0.73,3.0,19,84,2383
0.0,9.1,10.0,360,0.78,3.0,20,84,2384
0.0,7.8,9.689417145876975,360,0.84,4.0,21,84,2385
0.0,8.0,9.4,360,0.82,5.0,22,84,2386
0.0,7.0,9.151471862576143,360,0.84,5.0,23,84,2387
0.0,6.2,8.960769515458674,360,0.86,5.0,24,84,2388
0.0,4.7,8.827259338968748,360,0.84,5.0,1,85,2389
0.0,3.4,8.8,360,0.85,4.0,2,85,2390
0.0,2.0,8.827259338968746,360,0.86,5.0,3,85,2391
0.0,1.4,8.90717967697245,360,0.88,3.0,4,85,2392
0.0,0.6,9.034314575050763,360,0.89,3.0,5,85,2393
0.0,0.6,9.200000000000001,360,0.93,3.0,6,85,2394
89.77777777777777,2.0,9.392944763917985,360,0.92,3.0,7,85,2395
336.66666666666663,4.4,9.600000000000001,360,0.89,6.0,8,85,2396
617.2222222222222,6.5,9.807055236082018,360,0.82,7.0,9,85,2397
953.8888888888889,8.1,10.000000000000002,360,0.74,7.0,10,85,2398
1200.7777777777778,10.3,10.16568542494924,360,0.63,8.0,11,85,2399
1234.4444444444443,10.7,10.292820323027552,360,0.58,9.0,12,85,2400
953.8888888888889,12.1,10.372740661031257,360,0.57,9.0,13,85,2401
707.0000000000001,12.0,10.400000000000002,360,0.56,8.0,14,85,2402
516.2222222222223,10.7,10.372740661031257,360,0.56,10.0,15,85,2403
437.6666666666667,11.5,10.292820323027552,360,0.54,9.0,16,85,2404
404.0,10.4,10.16568542494924,360,0.52,9.0,17,85,2405
145.88888888888889,9.3,10.000000000000002,360,0.53,7.0,18,85,2406
0.0,7.2,9.807055236082018,360,0.59,6.0,19,85,2407
0.0,6.5,9.600000000000001,360,0.6,5.0,20,85,2408
0.0,6.0,9.392944763917985,360,0.63,6.0,21,85,2409
0.0,5.4,9.200000000000001,360,0.67,6.0,22,85,2410
0.0,4.2,9.034314575050765,360,0.71,6.0,23,85,2411
0.0,3.4,8.90717967697245,360,0.75,5.0,24,85,2412
0.0,2.7,7.839185299767571,360,0.78,5.0,1,86,2413
0.0,0.8,7.799999999999999,360,0.84,5.0,2,86,2414
0.0,0.0,7.839185299767571,360,0.85,3.0,3,86,2415
0.0,-0.6,7.954070785647895,360,0.87,3.0,4,86,2416
0.0,-0.9,8.13682720163547,360,0.88,4.0,5,86,2417
0.0,-1.3,8.374999999999998,360,0.89,5.0,6,86,2418
101.0,1.0,8.652358098132101,360,0.88,5.0,7,86,2419
381.55555555555554,4.0,8.95,360,0.8,7.0,8,86,2420
673.3333333333333,6.0,9.247641901867897,360,0.75,7.0,9,86,2421
1054.888888888889,7.8,9.524999999999999,360,0.68,7.0,10,86,2422
1324.2222222222224,8.8,9.76317279836453,360,0.6,7.0,11,86,2423
1571.1111111111113,10.3,9.945929214352104,360,0.56,7.0,12,86,2424
1683.3333333333333,11.3,10.060814700232427,360,0.52,8.0,13,86,2425
1436.4444444444443,12.2,10.1,360,0.43,8.0,14,86,2426
1167.111111111111,13.2,10.060814700232427,360,0.49,9.0,15,86,2427
830.4444444444446,12.4,9.945929214352104,360,0.45,8.0,16,86,2428
471.33333333333337,11.6,9.76317279836453,360,0.43,9.0,17,86,2429
179.55555555555554,9.7,9.524999999999999,360,0.49,7.0,18,86,2430
11.222222222222221,7.4,9.247641901867897,360,0.57,5.0,19,86,2431
0.0,5.0,8.95,360,0.73,3.0,20,86,2432
0.0,5.9,8.652358098132101,360,0.69,4.0,21,86,2433
0.0,5.9,8.375,360,0.7,5.0,22,86,2434
0.0,5.0,8.13682720163547,360,0.75,4.0,23,86,2435
0.0,4.0,7.954070785647895,360,0.77,4.0,24,86,2436
0.0,2.2,7.839185299767571,360,0.82,3.0,1,87,2437
0.0,1.4,7.799999999999999,360,0.82,2.0,2,87,2438
0.0,0.9,7.839185299767571,360,0.85,3.0,3,87,2439
0.0,0.2,7.954070785647895,360,0.87,3.0,4,87,2440
0.0,0.2,8.13682720163547,360,0.88,4.0,5,87,2441
0.0,0.2,8.374999999999998,360,0.88,4.0,6,87,2442
101.0,2.9,8.652358098132101,360,0.84,5.0,7,87,2443
381.55555555555554,5.8,8.95,360,0.77,7.0,8,87,2444
639.6666666666667,7.8,9.247641901867897,360,0.67,7.0,9,87,2445
987.5555555555557,10.4,9.524999999999999,360,0.59,9.0,10,87,2446
1324.2222222222224,11.3,9.76317279836453,360,0.55,10.0,11,87,2447
1391.5555555555557,12.0,9.945929214352104,360,0.53,9.0,12,87,2448
1335.4444444444443,12.3,10.060814700232427,360,0.53,9.0,13,87,2449
1335.4444444444443,13.4,10.1,360,0.55,9.0,14,87,2450
1111.0,13.4,10.060814700232427,360,0.53,8.0,15,87,2451
774.3333333333333,13.7,9.945929214352104,360,0.52,9.0,16,87,2452
460.11111111111114,12.7,9.76317279836453,360,0.52,7.0,17,87,2453
168.33333333333331,10.9,9.524999999999999,360,0.61,6.0,18,87,2454
11.222222222222221,8.6,9.247641901867897,360,0.65,6.0,19,87,2455
0.0,7.2,8.95,360,0.7,3.0,20,87,2456
0.0,6.9,8.652358098132101,360,0.71,5.0,21,87,2457
0.0,6.0,8.375,360,0.78,3.0,22,87,2458
0.0,5.6,8.13682720163547,360,0.81,5.0,23,87,2459
0.0,4.7,7.954070785647895,360,0.85,5.0,24,87,2460
0.0,3.6,8.14429642582421,360,0.89,2.0,1,88,2461
0.0,3.4,8.099999999999998,360,0.88,3.0,2,88,2462
0.0,3.1,8.14429642582421,360,0.89,3.0,3,88,2463
0.0,2.7,8.274166975080227,360,0.9,3.0,4,88,2464
0.0,1.4,8.480761184457487,360,0.9,2.0,5,88,2465
0.0,1.6,8.749999999999998,360,0.92,3.0,6,88,2466
101.0,3.6,9.063535241366722,360,0.89,3.0,7,88,2467
359.1111111111111,5.9,9.399999999999999,360,0.82,5.0,8,88,2468
639.6666666666667,8.0,9.736464758633275,360,0.74,4.0,9,88,2469
987.5555555555557,10.7,10.049999999999999,360,0.63,5.0,10,88,2470
1268.1111111111113,13.0,10.31923881554251,360,0.58,6.0,11,88,2471
1470.111111111111,13.8,10.525833024919768,360,0.53,7.0,12,88,2472
1515.0,14.4,10.655703574175787,360,0.52,7.0,13,88,2473
1369.1111111111113,14.8,10.7,360,0.52,8.0,14,88,2474
1054.888888888889,14.6,10.655703574175787,360,0.5,7.0,15,88,2475
639.6666666666667,14.2,10.525833024919768,360,0.52,7.0,16,88,2476
415.2222222222223,14.1,10.31923881554251,360,0.53,6.0,17,88,2477
168.33333333333331,11.7,10.049999999999999,360,0.61,5.0,18,88,2478
0.0,8.6,9.736464758633275,360,0.71,2.0,19,88,2479
0.0,8.9,9.399999999999999,360,0.7,3.0,20,88,2480
0.0,7.7,9.063535241366722,360,0.74,4.0,21,88,2481
0.0,6.4,8.749999999999998,360,0.78,3.0,22,88,2482
0.0,4.8,8.480761184457487,360,0.82,2.0,23,88,2483
0.0,4.0,8.27416697508023,360,0.85,1.0,24,88,2484
0.0,3.4,8.363037221365225,360,0.86,1.0,1,89,2485
0.0,4.0,8.3,360,0.84,2.0,2,89,2486
0.0,1.8,8.363037221365225,360,0.89,2.0,3,89,2487
0.0,1.4,8.547853002998789,360,0.94,1.0,4,89,2488
0.0,1.4,8.841852454804886,360,0.93,2.0,5,89,2489
11.222222222222221,0.6,9.225,360,0.95,1.0,6,89,2490
101.0,2.8,9.671184766560337,360,0.95,1.0,7,89,2491
381.55555555555554,6.0,10.15,360,0.84,3.0,8,89,2492
673.3333333333333,9.3,10.628815233439664,360,0.71,3.0,9,89,2493
1054.888888888889,13.3,11.075000000000001,360,0.6,3.0,10,89,2494
1301.7777777777778,14.8,11.458147545195112,360,0.56,4.0,11,89,2495
1515.0,16.3,11.752146997001212,360,0.49,4.0,12,89,2496
1369.1111111111113,16.7,11.936962778634776,360,0.54,5.0,13,89,2497
1178.3333333333335,17.3,12.0,360,0.46,5.0,14,89,2498
965.1111111111112,18.5,11.936962778634776,360,0.4,5.0,15,89,2499
830.4444444444446,18.3,11.752146997001212,360,0.4,5.0,16,89,2500
482.5555555555556,17.9,11.458147545195112,360,0.53,3.0,17,89,2501
123.44444444444446,15.9,11.075000000000001,360,0.47,1.0,18,89,2502
11.222222222222221,10.5,10.628815233439664,360,0.74,1.0,19,89,2503
0.0,8.6,10.15,360,0.78,1.0,20,89,2504
0.0,7.5,9.671184766560337,360,0.78,1.0,21,89,2505
