PARi,air_temperature,soil_temperature,ambient_CO2,humidity,Wind,hour,DOY,t
157.1111111111111,3.2,6.879903810567666,360,1.0,9.0,12,351,0
179.55555555555554,3.6,6.89488887394336,360,1.0,8.0,13,351,1
168.33333333333331,4.1,6.9,360,1.0,10.0,14,351,2
134.66666666666669,5.0,6.89488887394336,360,1.0,10.0,15,351,3
56.111111111111114,5.6,6.879903810567666,360,0.99,10.0,16,351,4
0.0,4.8,6.856066017177983,360,0.93,9.0,17,351,5
0.0,4.6,6.825,360,0.93,8.0,18,351,6
0.0,4.8,6.788822856765378,360,0.92,9.0,19,351,7
0.0,4.9,6.75,360,0.9,8.0,20,351,8
0.0,5.0,6.711177143234622,360,0.9,8.0,21,351,9
0.0,4.8,6.675,360,0.89,7.0,22,351,10
0.0,4.6,6.643933982822017,360,0.9,7.0,23,351,11
0.0,4.5,6.620096189432334,360,0.91,7.0,24,351,12
0.0,4.1,6.006814834742187,360,0.93,8.0,1,352,13
0.0,3.7,6.0,360,0.93,8.0,2,352,14
0.0,3.5,6.006814834742186,360,0.94,8.0,3,352,15
0.0,3.4,6.0267949192431125,360,0.94,7.0,4,352,16
0.0,3.3,6.05857864376269,360,0.94,8.0,5,352,17
0.0,3.1,6.1,360,0.95,7.0,6,352,18
0.0,2.9,6.148236190979496,360,0.94,8.0,7,352,19
11.222222222222221,2.7,6.2,360,0.95,7.0,8,352,20
157.1111111111111,3.6,6.251763809020504,360,0.9,10.0,9,352,21
381.55555555555554,4.7,6.300000000000001,360,0.85,10.0,10,352,22
561.1111111111111,5.7,6.341421356237309,360,0.82,11.0,11,352,23
561.1111111111111,5.5,6.373205080756888,360,0.83,10.0,12,352,24
258.11111111111114,4.7,6.393185165257814,360,0.86,10.0,13,352,25
112.22222222222223,4.0,6.4,360,0.84,11.0,14,352,26
269.33333333333337,4.3,6.393185165257814,360,0.83,9.0,15,352,27
134.66666666666669,3.4,6.373205080756888,360,0.86,9.0,16,352,28
0.0,2.8,6.341421356237309,360,0.9,6.0,17,352,29
0.0,2.7,6.300000000000001,360,0.92,6.0,18,352,30
0.0,2.5,6.251763809020504,360,0.93,6.0,19,352,31
0.0,2.7,6.2,360,0.94,7.0,20,352,32
0.0,2.8,6.148236190979496,360,0.94,5.0,21,352,33
0.0,2.6,6.1000000000000005,360,0.94,5.0,22,352,34
0.0,2.0,6.058578643762691,360,0.95,4.0,23,352,35
0.0,1.5,6.0267949192431125,360,0.96,3.0,24,352,36
0.0,1.5,5.213629669484373,360,0.97,4.0,1,353,37
0.0,1.2,5.199999999999999,360,0.97,4.0,2,353,38
0.0,0.9,5.213629669484372,360,0.97,2.0,3,353,39
0.0,0.9,5.253589838486224,360,0.97,3.0,4,353,40
0.0,0.9,5.31715728752538,360,0.98,4.0,5,353,41
0.0,0.9,5.3999999999999995,360,0.98,4.0,6,353,42
0.0,0.4,5.496472381958991,360,0.98,4.0,7,353,43
11.222222222222221,0.8,5.6,360,0.99,4.0,8,353,44
168.33333333333331,1.9,5.703527618041008,360,0.97,6.0,9,353,45
404.0,4.1,5.8,360,0.86,5.0,10,353,46
594.7777777777778,5.9,5.882842712474619,360,0.78,8.0,11,353,47
684.5555555555557,7.1,5.946410161513775,360,0.73,10.0,12,353,48
695.7777777777778,7.5,5.986370330515627,360,0.72,8.0,13,353,49
572.3333333333333,7.7,6.0,360,0.65,9.0,14,353,50
381.55555555555554,5.7,5.986370330515627,360,0.8,7.0,15,353,51
134.66666666666669,3.7,5.946410161513775,360,0.89,8.0,16,353,52
11.222222222222221,2.7,5.882842712474619,360,0.91,8.0,17,353,53
0.0,2.9,5.8,360,0.9,6.0,18,353,54
0.0,3.0,5.703527618041008,360,0.89,6.0,19,353,55
0.0,3.3,5.6,360,0.87,7.0,20,353,56
0.0,2.9,5.496472381958991,360,0.88,6.0,21,353,57
0.0,2.9,5.3999999999999995,360,0.87,6.0,22,353,58
0.0,2.7,5.317157287525381,360,0.86,6.0,23,353,59
0.0,2.0,5.253589838486224,360,0.87,4.0,24,353,60
0.0,1.5,4.805111126056639,360,0.9,4.0,1,354,61
0.0,0.4,4.799999999999999,360,0.92,4.0,2,354,62
0.0,-0.3,4.805111126056639,360,0.95,3.0,3,354,63
0.0,-0.8,4.820096189432333,360,0.96,2.0,4,354,64
0.0,-1.4,4.843933982822017,360,0.97,2.0,5,354,65
0.0,-0.6,4.874999999999999,360,0.97,4.0,6,354,66
0.0,-0.4,4.911177143234621,360,0.98,6.0,7,354,67
0.0,-0.7,4.949999999999999,360,0.99,7.0,8,354,68
33.66666666666667,-0.5,4.988822856765378,360,1.0,7.0,9,354,69
67.33333333333334,-0.1,5.0249999999999995,360,1.0,8.0,10,354,70
89.77777777777777,0.2,5.056066017177981,360,1.0,8.0,11,354,71
112.22222222222223,0.5,5.079903810567665,360,1.0,7.0,12,354,72
89.77777777777777,0.7,5.0948888739433595,360,1.0,8.0,13,354,73
78.55555555555554,0.9,5.1,360,1.0,8.0,14,354,74
56.111111111111114,1.1,5.0948888739433595,360,0.99,7.0,15,354,75
22.444444444444443,1.2,5.079903810567665,360,0.98,7.0,16,354,76
0.0,1.3,5.056066017177981,360,0.97,6.0,17,354,77
0.0,1.0,5.0249999999999995,360,0.98,6.0,18,354,78
0.0,0.9,4.988822856765378,360,0.98,7.0,19,354,79
0.0,1.0,4.949999999999999,360,0.98,8.0,20,354,80
0.0,0.3,4.911177143234621,360,0.99,8.0,21,354,81
0.0,0.4,4.874999999999999,360,0.99,7.0,22,354,82
0.0,0.1,4.843933982822017,360,0.99,8.0,23,354,83
0.0,0.3,4.820096189432333,360,1.0,8.0,24,354,84
0.0,0.6,4.9051111260566405,360,1.0,8.0,1,355,85
0.0,0.5,4.9,360,1.0,8.0,2,355,86
0.0,0.4,4.9051111260566405,360,1.0,8.0,3,355,87
0.0,0.2,4.920096189432335,360,1.0,8.0,4,355,88
0.0,-0.1,4.943933982822019,360,1.0,8.0,5,355,89
0.0,0.2,4.9750000000000005,360,1.0,8.0,6,355,90
0.0,0.2,5.011177143234622,360,1.0,8.0,7,355,91
11.222222222222221,0.2,5.050000000000001,360,1.0,8.0,8,355,92
22.444444444444443,0.2,5.088822856765379,360,1.0,8.0,9,355,93
78.55555555555554,0.0,5.125000000000001,360,1.0,8.0,10,355,94
123.44444444444446,0.3,5.156066017177983,360,1.0,8.0,11,355,95
168.33333333333331,0.6,5.179903810567667,360,1.0,8.0,12,355,96
224.44444444444446,1.0,5.194888873943361,360,1.0,8.0,13,355,97
224.44444444444446,1.2,5.200000000000001,360,0.97,9.0,14,355,98
112.22222222222223,0.8,5.194888873943361,360,0.96,8.0,15,355,99
44.888888888888886,0.5,5.179903810567667,360,0.96,7.0,16,355,100
0.0,0.3,5.156066017177983,360,0.97,9.0,17,355,101
0.0,0.2,5.125000000000001,360,0.97,9.0,18,355,102
0.0,0.0,5.088822856765379,360,0.98,9.0,19,355,103
0.0,-0.1,5.050000000000001,360,0.98,8.0,20,355,104
0.0,-0.3,5.011177143234622,360,0.97,9.0,21,355,105
0.0,-0.1,4.9750000000000005,360,0.97,9.0,22,355,106
0.0,0.2,4.943933982822019,360,0.95,8.0,23,355,107
0.0,-0.3,4.920096189432335,360,0.95,9.0,24,355,108
0.0,-1.1,4.108518543427732,360,0.97,4.0,1,356,109
0.0,-1.3,4.1,360,0.97,4.0,2,356,110
0.0,-1.2,4.108518543427732,360,0.97,4.0,3,356,111
0.0,-1.3,4.13349364905389,360,0.97,4.0,4,356,112
0.0,-1.8,4.173223304703363,360,0.97,4.0,5,356,113
0.0,-2.1,4.225,360,0.97,4.0,6,356,114
0.0,-2.1,4.28529523872437,360,0.97,4.0,7,356,115
11.222222222222221,-2.4,4.35,360,0.98,3.0,8,356,116
258.11111111111114,-1.2,4.41470476127563,360,0.97,4.0,9,356,117
482.5555555555556,-0.3,4.475,360,0.93,5.0,10,356,118
347.8888888888889,-1.1,4.526776695296636,360,0.95,6.0,11,356,119
246.8888888888889,-0.7,4.566506350946109,360,0.97,5.0,12,356,120
190.77777777777777,-0.8,4.591481456572267,360,0.97,4.0,13,356,121
202.0,0.2,4.6,360,0.96,5.0,14,356,122
112.22222222222223,0.1,4.591481456572267,360,0.96,5.0,15,356,123
44.888888888888886,-0.2,4.566506350946109,360,0.96,6.0,16,356,124
0.0,0.2,4.526776695296636,360,0.95,7.0,17,356,125
0.0,-0.1,4.475,360,0.95,6.0,18,356,126
0.0,-1.1,4.41470476127563,360,0.96,6.0,19,356,127
0.0,-1.3,4.35,360,0.97,6.0,20,356,128
0.0,-1.5,4.28529523872437,360,0.98,7.0,21,356,129
0.0,-1.7,4.225,360,0.98,7.0,22,356,130
0.0,-1.9,4.173223304703363,360,0.99,6.0,23,356,131
0.0,-2.0,4.13349364905389,360,0.99,6.0,24,356,132
0.0,-2.0,4.2102222521132795,360,0.99,5.0,1,357,133
0.0,-2.4,4.2,360,0.99,5.0,2,357,134
0.0,-2.4,4.2102222521132795,360,0.99,5.0,3,357,135
0.0,-2.7,4.240192378864668,360,1.0,6.0,4,357,136
0.0,-2.7,4.287867965644036,360,1.0,6.0,5,357,137
0.0,-2.6,4.35,360,1.0,5.0,6,357,138
0.0,-2.7,4.422354286469244,360,1.0,4.0,7,357,139
11.222222222222221,-2.6,4.5,360,1.0,4.0,8,357,140
44.888888888888886,-2.6,4.577645713530756,360,1.0,5.0,9,357,141
134.66666666666669,-2.2,4.65,360,1.0,4.0,10,357,142
213.22222222222223,-1.8,4.712132034355964,360,1.0,4.0,11,357,143
269.33333333333337,-1.3,4.759807621135331,360,1.0,4.0,12,357,144
314.2222222222222,-1.0,4.7897777478867205,360,1.0,4.0,13,357,145
493.7777777777778,0.0,4.8,360,1.0,4.0,14,357,146
258.11111111111114,0.0,4.7897777478867205,360,1.0,4.0,15,357,147
67.33333333333334,-0.4,4.759807621135331,360,1.0,4.0,16,357,148
11.222222222222221,-0.7,4.712132034355964,360,1.0,3.0,17,357,149
0.0,-0.9,4.65,360,1.0,3.0,18,357,150
0.0,-1.1,4.577645713530756,360,1.0,2.0,19,357,151
0.0,-0.9,4.5,360,1.0,2.0,20,357,152
0.0,-1.1,4.422354286469244,360,1.0,2.0,21,357,153
0.0,0.0,4.3500000000000005,360,1.0,3.0,22,357,154
0.0,5.3,4.287867965644036,360,0.9,6.0,23,357,155
0.0,6.5,4.240192378864669,360,0.86,10.0,24,357,156
0.0,6.7,4.444296425824212,360,0.83,10.0,1,358,157
0.0,6.8,4.4,360,0.81,10.0,2,358,158
0.0,6.9,4.444296425824211,360,0.82,10.0,3,358,159
0.0,6.3,4.57416697508023,360,0.84,9.0,4,358,160
0.0,6.2,4.7807611844574875,360,0.85,9.0,5,358,161
0.0,6.2,5.05,360,0.87,9.0,6,358,162
0.0,6.6,5.363535241366724,360,0.86,9.0,7,358,163
0.0,7.0,5.7,360,0.85,10.0,8,358,164
145.88888888888889,7.9,6.036464758633277,360,0.83,10.0,9,358,165
112.22222222222223,9.2,6.3500000000000005,360,0.8,8.0,10,358,166
561.1111111111111,10.5,6.619238815542512,360,0.77,10.0,11,358,167
662.1111111111112,11.9,6.8258330249197705,360,0.74,9.0,12,358,168
662.1111111111112,12.5,6.955703574175789,360,0.7,9.0,13,358,169
426.44444444444446,12.5,7.0,360,0.73,8.0,14,358,170
269.33333333333337,12.2,6.955703574175789,360,0.75,8.0,15,358,171
67.33333333333334,11.5,6.8258330249197705,360,0.78,6.0,16,358,172
0.0,11.2,6.619238815542512,360,0.8,6.0,17,358,173
0.0,11.0,6.3500000000000005,360,0.82,6.0,18,358,174
0.0,10.6,6.036464758633277,360,0.86,8.0,19,358,175
0.0,10.4,5.7,360,0.91,8.0,20,358,176
0.0,10.1,5.363535241366724,360,0.92,7.0,21,358,177
0.0,10.0,5.050000000000001,360,0.92,4.0,22,358,178
0.0,10.2,4.780761184457488,360,0.92,6.0,23,358,179
0.0,9.9,4.57416697508023,360,0.93,7.0,24,358,180
0.0,9.4,6.423851921597652,360,0.96,4.0,1,359,181
0.0,9.1,6.4,360,0.97,5.0,2,359,182
0.0,8.8,6.423851921597652,360,0.95,7.0,3,359,183
0.0,8.7,6.493782217350892,360,0.94,8.0,4,359,184
0.0,8.6,6.6050252531694165,360,0.95,7.0,5,359,185
0.0,8.5,6.749999999999999,360,0.94,7.0,6,359,186
0.0,8.5,6.918826668428236,360,0.94,6.0,7,359,187
0.0,8.3,7.1,360,0.94,6.0,8,359,188
67.33333333333334,8.8,7.281173331571764,360,0.93,6.0,9,359,189
258.11111111111114,9.5,7.449999999999999,360,0.89,6.0,10,359,190
381.55555555555554,10.3,7.594974746830583,360,0.86,8.0,11,359,191
538.6666666666667,11.7,7.706217782649107,360,0.81,8.0,12,359,192
505.0,12.1,7.776148078402347,360,0.81,8.0,13,359,193
235.66666666666669,11.9,7.799999999999999,360,0.81,8.0,14,359,194
190.77777777777777,11.6,7.776148078402347,360,0.83,5.0,15,359,195
56.111111111111114,11.3,7.706217782649107,360,0.84,5.0,16,359,196
0.0,11.0,7.594974746830583,360,0.85,5.0,17,359,197
0.0,10.4,7.449999999999999,360,0.87,4.0,18,359,198
0.0,10.5,7.281173331571764,360,0.87,6.0,19,359,199
0.0,10.0,7.1,360,0.87,6.0,20,359,200
0.0,9.6,6.918826668428236,360,0.89,6.0,21,359,201
0.0,8.9,6.75,360,0.91,6.0,22,359,202
0.0,8.5,6.6050252531694165,360,0.94,4.0,23,359,203
0.0,7.1,6.493782217350892,360,0.95,4.0,24,359,204
0.0,6.7,7.4170370868554665,360,0.97,1.0,1,360,205
0.0,7.5,7.4,360,0.97,3.0,2,360,206
0.0,7.1,7.4170370868554665,360,0.97,2.0,3,360,207
0.0,6.9,7.466987298107781,360,0.97,1.0,4,360,208
0.0,7.3,7.546446609406726,360,0.98,2.0,5,360,209
0.0,7.3,7.65,360,0.98,2.0,6,360,210
0.0,7.3,7.77059047744874,360,0.99,2.0,7,360,211
0.0,7.1,7.9,360,0.99,2.0,8,360,212
44.888888888888886,7.4,8.02940952255126,360,0.99,3.0,9,360,213
123.44444444444446,8.0,8.15,360,0.99,2.0,10,360,214
404.0,9.8,8.253553390593273,360,0.96,4.0,11,360,215
707.0000000000001,10.9,8.333012701892219,360,0.87,4.0,12,360,216
606.0,11.9,8.382962913144535,360,0.84,4.0,13,360,217
538.6666666666667,12.9,8.4,360,0.81,3.0,14,360,218
179.55555555555554,11.6,8.382962913144535,360,0.88,3.0,15,360,219
78.55555555555554,10.7,8.333012701892219,360,0.91,2.0,16,360,220
0.0,10.4,8.253553390593273,360,0.93,2.0,17,360,221
0.0,10.4,8.15,360,0.94,3.0,18,360,222
0.0,10.1,8.02940952255126,360,0.96,3.0,19,360,223
0.0,10.1,7.9,360,0.97,3.0,20,360,224
0.0,9.6,7.77059047744874,360,0.98,4.0,21,360,225
0.0,9.5,7.65,360,0.98,4.0,22,360,226
0.0,9.8,7.546446609406726,360,0.97,4.0,23,360,227
0.0,9.6,7.466987298107781,360,0.97,4.0,24,360,228
0.0,9.1,8.31533337816992,360,0.98,4.0,1,361,229
0.0,9.1,8.3,360,0.99,4.0,2,361,230
0.0,9.4,8.31533337816992,360,0.99,5.0,3,361,231
0.0,9.5,8.360288568297003,360,1.0,4.0,4,361,232
0.0,9.7,8.431801948466054,360,1.0,5.0,5,361,233
0.0,9.8,8.525,360,1.0,6.0,6,361,234
0.0,9.8,8.633531429703867,360,1.0,5.0,7,361,235
11.222222222222221,9.8,8.75,360,1.0,4.0,8,361,236
56.111111111111114,10.2,8.866468570296135,360,1.0,5.0,9,361,237
123.44444444444446,10.7,8.975,360,1.0,5.0,10,361,238
426.44444444444446,11.9,9.068198051533946,360,0.96,7.0,11,361,239
404.0,11.8,9.139711431702997,360,0.93,8.0,12,361,240
336.66666666666663,11.6,9.18466662183008,360,0.93,8.0,13,361,241
224.44444444444446,11.8,9.2,360,0.93,6.0,14,361,242
235.66666666666669,11.7,9.18466662183008,360,0.89,6.0,15,361,243
78.55555555555554,11.0,9.139711431702997,360,0.92,6.0,16,361,244
0.0,10.4,9.068198051533946,360,0.95,6.0,17,361,245
0.0,10.2,8.975,360,0.96,4.0,18,361,246
0.0,10.3,8.866468570296135,360,0.96,6.0,19,361,247
0.0,10.3,8.75,360,0.98,5.0,20,361,248
0.0,10.4,8.633531429703867,360,0.98,6.0,21,361,249
0.0,10.3,8.525,360,0.98,6.0,22,361,250
0.0,10.0,8.431801948466054,360,0.97,6.0,23,361,251
0.0,9.4,8.360288568297003,360,0.96,7.0,24,361,252
0.0,9.5,8.823851921597653,360,0.93,8.0,1,362,253
0.0,9.6,8.8,360,0.9,8.0,2,362,254
0.0,9.4,8.823851921597653,360,0.92,8.0,3,362,255
0.0,9.0,8.893782217350893,360,0.95,10.0,4,362,256
0.0,9.2,9.005025253169418,360,0.98,7.0,5,362,257
0.0,10.5,9.15,360,0.99,9.0,6,362,258
0.0,12.5,9.318826668428235,360,0.97,10.0,7,362,259
11.222222222222221,12.3,9.5,360,0.93,12.0,8,362,260
33.66666666666667,12.1,9.681173331571765,360,0.92,10.0,9,362,261
134.66666666666669,12.5,9.85,360,0.91,11.0,10,362,262
516.2222222222223,13.2,9.994974746830582,360,0.85,11.0,11,362,263
303.0,12.9,10.106217782649107,360,0.87,12.0,12,362,264
213.22222222222223,12.7,10.176148078402347,360,0.87,11.0,13,362,265
202.0,12.3,10.2,360,0.89,10.0,14,362,266
190.77777777777777,12.0,10.176148078402347,360,0.89,9.0,15,362,267
44.888888888888886,12.2,10.106217782649107,360,0.92,11.0,16,362,268
0.0,12.3,9.994974746830582,360,0.92,12.0,17,362,269
0.0,11.1,9.85,360,0.93,14.0,18,362,270
0.0,10.7,9.681173331571765,360,0.97,10.0,19,362,271
0.0,11.2,9.5,360,0.97,12.0,20,362,272
0.0,11.3,9.318826668428235,360,0.98,13.0,21,362,273
0.0,11.9,9.15,360,0.98,14.0,22,362,274
0.0,12.3,9.005025253169418,360,0.96,17.0,23,362,275
0.0,12.7,8.893782217350893,360,0.97,13.0,24,362,276
0.0,13.0,9.718740795541011,360,0.98,13.0,1,363,277
0.0,12.9,9.7,360,0.98,13.0,2,363,278
0.0,12.7,9.718740795541011,360,0.97,12.0,3,363,279
0.0,12.4,9.773686027918558,360,0.98,11.0,4,363,280
0.0,12.5,9.861091270347398,360,0.97,11.0,5,363,281
0.0,12.3,9.975,360,0.97,12.0,6,363,282
0.0,12.6,10.107649525193613,360,0.92,9.0,7,363,283
0.0,12.6,10.25,360,0.92,9.0,8,363,284
33.66666666666667,12.9,10.392350474806387,360,0.9,10.0,9,363,285
112.22222222222223,13.0,10.525,360,0.9,12.0,10,363,286
202.0,13.2,10.638908729652602,360,0.88,10.0,11,363,287
258.11111111111114,13.0,10.726313972081442,360,0.89,11.0,12,363,288
190.77777777777777,12.8,10.781259204458989,360,0.9,10.0,13,363,289
123.44444444444446,11.6,10.8,360,0.94,12.0,14,363,290
67.33333333333334,11.2,10.781259204458989,360,0.94,10.0,15,363,291
44.888888888888886,10.8,10.726313972081442,360,0.97,8.0,16,363,292
0.0,10.8,10.638908729652602,360,0.99,6.0,17,363,293
0.0,12.5,10.525,360,1.0,9.0,18,363,294
0.0,13.3,10.392350474806387,360,0.98,12.0,19,363,295
0.0,13.3,10.25,360,0.98,12.0,20,363,296
0.0,13.2,10.107649525193613,360,0.98,14.0,21,363,297
0.0,13.2,9.975,360,0.98,12.0,22,363,298
0.0,13.3,9.861091270347398,360,0.98,11.0,23,363,299
0.0,13.3,9.773686027918558,360,0.97,10.0,24,363,300
0.0,12.8,10.515333378169919,360,0.99,10.0,1,364,301
0.0,12.9,10.5,360,0.99,9.0,2,364,302
0.0,13.2,10.515333378169919,360,1.0,9.0,3,364,303
0.0,13.0,10.560288568297002,360,0.99,8.0,4,364,304
0.0,13.1,10.631801948466052,360,0.99,8.0,5,364,305
0.0,13.2,10.725,360,0.99,10.0,6,364,306
0.0,13.5,10.833531429703864,360,0.99,10.0,7,364,307
0.0,13.3,10.95,360,0.99,11.0,8,364,308
56.111111111111114,13.4,11.066468570296134,360,0.98,12.0,9,364,309
123.44444444444446,13.4,11.174999999999999,360,0.99,11.0,10,364,310
179.55555555555554,13.4,11.268198051533945,360,0.98,12.0,11,364,311
179.55555555555554,13.5,11.339711431702996,360,0.98,11.0,12,364,312
157.1111111111111,13.5,11.38466662183008,360,0.98,11.0,13,364,313
168.33333333333331,13.3,11.399999999999999,360,0.98,10.0,14,364,314
112.22222222222223,13.2,11.38466662183008,360,0.98,9.0,15,364,315
33.66666666666667,13.1,11.339711431702996,360,0.99,8.0,16,364,316
0.0,13.0,11.268198051533945,360,0.99,8.0,17,364,317
0.0,12.8,11.174999999999999,360,0.99,8.0,18,364,318
0.0,12.9,11.066468570296134,360,0.99,9.0,19,364,319
0.0,12.8,10.95,360,0.98,8.0,20,364,320
0.0,12.7,10.833531429703864,360,0.97,8.0,21,364,321
0.0,12.6,10.725,360,0.97,7.0,22,364,322
0.0,12.6,10.631801948466054,360,0.94,6.0,23,364,323
0.0,12.7,10.560288568297002,360,0.94,6.0,24,364,324
0.0,12.7,10.811925960798828,360,0.93,6.0,1,365,325
0.0,11.4,10.8,360,0.96,5.0,2,365,326
0.0,11.1,10.811925960798828,360,0.99,6.0,3,365,327
0.0,11.3,10.846891108675447,360,0.99,5.0,4,365,328
0.0,11.4,10.90251262658471,360,0.98,4.0,5,365,329
0.0,11.3,10.975,360,0.98,6.0,6,365,330
0.0,11.4,11.059413334214119,360,0.99,4.0,7,365,331
11.222222222222221,11.5,11.15,360,0.99,4.0,8,365,332
33.66666666666667,11.8,11.240586665785882,360,0.98,5.0,9,365,333
168.33333333333331,12.3,11.325000000000001,360,0.97,5.0,10,365,334
415.2222222222223,13.5,11.397487373415292,360,0.92,5.0,11,365,335
549.8888888888889,14.8,11.453108891324554,360,0.85,6.0,12,365,336
628.4444444444443,16.2,11.488074039201173,360,0.77,6.0,13,365,337
583.5555555555555,17.1,11.5,360,0.7,5.0,14,365,338
404.0,16.4,11.488074039201173,360,0.74,3.0,15,365,339
157.1111111111111,14.6,11.453108891324554,360,0.8,3.0,16,365,340
11.222222222222221,12.6,11.397487373415292,360,0.95,1.0,17,365,341
0.0,11.9,11.325000000000001,360,0.92,2.0,18,365,342
0.0,11.1,11.240586665785882,360,0.91,2.0,19,365,343
0.0,11.0,11.15,360,0.88,2.0,20,365,344
0.0,9.9,11.059413334214119,360,0.94,1.0,21,365,345
0.0,8.6,10.975000000000001,360,0.97,1.0,22,365,346
0.0,7.6,10.90251262658471,360,0.97,2.0,23,365,347
0.0,8.0,10.846891108675447,360,0.98,2.0,24,365,348
0.0,8.1,9.117037086855465,360,0.97,4.0,1,366,349
0.0,7.4,9.1,360,0.97,1.0,2,366,350
0.0,9.2,9.117037086855465,360,0.99,4.0,3,366,351
0.0,10.3,9.166987298107781,360,0.95,6.0,4,366,352
0.0,9.7,9.246446609406725,360,0.92,6.0,5,366,353
0.0,8.5,9.35,360,0.95,4.0,6,366,354
0.0,8.5,9.47059047744874,360,0.97,4.0,7,366,355
11.222222222222221,7.6,9.6,360,0.98,4.0,8,366,356
123.44444444444446,9.1,9.72940952255126,360,0.98,4.0,9,366,357
381.55555555555554,10.0,9.85,360,0.93,5.0,10,366,358
516.2222222222223,11.9,9.953553390593273,360,0.88,5.0,11,366,359
662.1111111111112,13.2,10.033012701892218,360,0.85,4.0,12,366,360
684.5555555555557,14.6,10.082962913144534,360,0.82,4.0,13,366,361
572.3333333333333,15.3,10.1,360,0.77,2.0,14,366,362
392.7777777777778,15.3,10.082962913144534,360,0.79,2.0,15,366,363
145.88888888888889,12.9,10.033012701892218,360,0.87,2.0,16,366,364
11.222222222222221,9.7,9.953553390593273,360,0.97,1.0,17,366,365
0.0,9.3,9.85,360,0.99,1.0,18,366,366
0.0,7.8,9.72940952255126,360,0.99,0.0,19,366,367
0.0,8.2,9.6,360,1.0,0.0,20,366,368
0.0,7.8,9.47059047744874,360,1.0,1.0,21,366,369
0.0,7.5,9.35,360,1.0,1.0,22,366,370
0.0,8.3,9.246446609406727,360,1.0,0.0,23,366,371
0.0,7.7,9.166987298107781,360,1.0,2.0,24,366,372
0.0,7.9,7.818740795541012,360,1.0,2.0,1,1,373
0.0,5.2,7.799999999999999,360,1.0,1.0,2,1,374
0.0,5.8,7.818740795541012,360,1.0,1.0,3,1,375
0.0,4.6,7.873686027918558,360,1.0,1.0,4,1,376
0.0,5.7,7.961091270347398,360,1.0,2.0,5,1,377
0.0,4.5,8.075,360,1.0,2.0,6,1,378
0.0,4.6,8.207649525193613,360,1.0,1.0,7,1,379
0.0,4.3,8.35,360,1.0,1.0,8,1,380
123.44444444444446,5.8,8.492350474806386,360,1.0,1.0,9,1,381
291.77777777777777,10.2,8.625,360,0.99,3.0,10,1,382
572.3333333333333,12.2,8.738908729652602,360,0.71,6.0,11,1,383
673.3333333333333,13.6,8.826313972081442,360,0.7,6.0,12,1,384
505.0,14.4,8.881259204458987,360,0.68,5.0,13,1,385
471.33333333333337,14.0,8.9,360,0.71,4.0,14,1,386
246.8888888888889,13.0,8.881259204458987,360,0.8,3.0,15,1,387
134.66666666666669,11.9,8.826313972081442,360,0.78,3.0,16,1,388
11.222222222222221,10.7,8.738908729652602,360,0.85,2.0,17,1,389
0.0,8.3,8.625,360,0.93,2.0,18,1,390
0.0,9.1,8.492350474806386,360,0.88,2.0,19,1,391
0.0,11.5,8.35,360,0.78,6.0,20,1,392
0.0,11.4,8.207649525193613,360,0.76,5.0,21,1,393
0.0,11.5,8.075,360,0.75,4.0,22,1,394
0.0,11.6,7.961091270347398,360,0.74,6.0,23,1,395
0.0,11.8,7.873686027918558,360,0.73,6.0,24,1,396
0.0,11.5,8.620444504226558,360,0.73,7.0,1,2,397
0.0,12.2,8.599999999999998,360,0.66,7.0,2,2,398
0.0,10.7,8.620444504226558,360,0.74,7.0,3,2,399
0.0,11.3,8.680384757729335,360,0.7,6.0,4,2,400
0.0,11.1,8.77573593128807,360,0.73,6.0,5,2,401
0.0,10.5,8.899999999999999,360,0.78,6.0,6,2,402
0.0,10.2,9.044708572938486,360,0.8,6.0,7,2,403
0.0,9.5,9.2,360,0.84,5.0,8,2,404
33.66666666666667,10.6,9.355291427061513,360,0.94,5.0,9,2,405
89.77777777777777,11.6,9.5,360,0.95,4.0,10,2,406
89.77777777777777,10.9,9.624264068711929,360,0.97,6.0,11,2,407
78.55555555555554,11.4,9.719615242270663,360,0.99,6.0,12,2,408
179.55555555555554,12.3,9.77955549577344,360,0.97,6.0,13,2,409
145.88888888888889,12.8,9.8,360,0.93,8.0,14,2,410
112.22222222222223,13.2,9.77955549577344,360,0.88,8.0,15,2,411
78.55555555555554,13.0,9.719615242270663,360,0.85,8.0,16,2,412
0.0,12.5,9.624264068711929,360,0.88,8.0,17,2,413
0.0,12.3,9.5,360,0.89,6.0,18,2,414
0.0,12.2,9.355291427061513,360,0.91,7.0,19,2,415
0.0,12.1,9.2,360,0.92,8.0,20,2,416
0.0,12.1,9.044708572938486,360,0.93,7.0,21,2,417
0.0,11.9,8.899999999999999,360,0.94,8.0,22,2,418
0.0,11.8,8.77573593128807,360,0.93,7.0,23,2,419
0.0,11.7,8.680384757729335,360,0.95,6.0,24,2,420
0.0,11.5,9.515333378169919,360,0.96,6.0,1,3,421
0.0,11.6,9.5,360,0.98,6.0,2,3,422
0.0,11.3,9.515333378169919,360,0.96,5.0,3,3,423
0.0,11.2,9.560288568297002,360,0.97,6.0,4,3,424
0.0,11.1,9.631801948466052,360,0.98,4.0,5,3,425
0.0,11.1,9.725,360,0.98,6.0,6,3,426
0.0,11.2,9.833531429703864,360,0.98,5.0,7,3,427
0.0,11.2,9.95,360,0.99,6.0,8,3,428
33.66666666666667,11.5,10.066468570296134,360,0.99,6.0,9,3,429
89.77777777777777,11.8,10.174999999999999,360,0.99,7.0,10,3,430
145.88888888888889,11.4,10.268198051533945,360,0.98,8.0,11,3,431
269.33333333333337,11.9,10.339711431702996,360,0.92,9.0,12,3,432
213.22222222222223,12.1,10.38466662183008,360,0.91,9.0,13,3,433
235.66666666666669,12.7,10.399999999999999,360,0.89,7.0,14,3,434
157.1111111111111,13.1,10.38466662183008,360,0.84,8.0,15,3,435
67.33333333333334,12.9,10.339711431702996,360,0.84,8.0,16,3,436
0.0,12.6,10.268198051533945,360,0.85,6.0,17,3,437
0.0,12.4,10.174999999999999,360,0.82,9.0,18,3,438
0.0,12.0,10.066468570296134,360,0.86,9.0,19,3,439
0.0,11.0,9.95,360,0.95,8.0,20,3,440
0.0,11.1,9.833531429703864,360,0.98,6.0,21,3,441
0.0,11.2,9.725,360,0.91,7.0,22,3,442
0.0,11.2,9.631801948466054,360,0.89,8.0,23,3,443
0.0,11.3,9.560288568297002,360,0.9,8.0,24,3,444
0.0,11.4,10.201703708685546,360,0.9,7.0,1,4,445
0.0,11.4,10.2,360,0.91,9.0,2,4,446
0.0,11.3,10.201703708685546,360,0.92,7.0,3,4,447
0.0,11.6,10.206698729810778,360,0.92,8.0,4,4,448
0.0,11.8,10.214644660940673,360,0.91,9.0,5,4,449
0.0,12.2,10.225,360,0.91,9.0,6,4,450
0.0,12.2,10.237059047744873,360,0.97,10.0,7,4,451
0.0,11.3,10.25,360,0.96,8.0,8,4,452
22.444444444444443,8.6,10.262940952255127,360,0.96,7.0,9,4,453
33.66666666666667,8.6,10.275,360,0.97,4.0,10,4,454
44.888888888888886,8.5,10.285355339059327,360,0.97,4.0,11,4,455
78.55555555555554,8.7,10.293301270189222,360,0.98,2.0,12,4,456
112.22222222222223,8.8,10.298296291314454,360,0.98,4.0,13,4,457
145.88888888888889,9.0,10.3,360,0.97,6.0,14,4,458
78.55555555555554,9.2,10.298296291314454,360,0.95,5.0,15,4,459
67.33333333333334,9.2,10.293301270189222,360,0.96,5.0,16,4,460
11.222222222222221,9.1,10.285355339059327,360,0.94,6.0,17,4,461
0.0,8.7,10.275,360,0.94,6.0,18,4,462
0.0,7.2,10.262940952255127,360,0.84,7.0,19,4,463
0.0,6.8,10.25,360,0.87,6.0,20,4,464
0.0,6.0,10.237059047744873,360,0.87,6.0,21,4,465
0.0,5.3,10.225,360,0.79,8.0,22,4,466
0.0,4.8,10.214644660940673,360,0.8,6.0,23,4,467
0.0,3.7,10.206698729810778,360,0.83,6.0,24,4,468
0.0,2.7,7.613629669484372,360,0.91,2.0,1,5,469
0.0,2.2,7.6,360,0.92,2.0,2,5,470
0.0,1.7,7.613629669484372,360,0.93,2.0,3,5,471
0.0,0.9,7.653589838486224,360,0.94,2.0,4,5,472
0.0,1.0,7.717157287525381,360,0.96,2.0,5,5,473
0.0,0.7,7.8,360,0.97,2.0,6,5,474
0.0,0.9,7.896472381958992,360,0.95,2.0,7,5,475
0.0,0.4,8.0,360,0.95,2.0,8,5,476
157.1111111111111,1.7,8.103527618041008,360,0.95,2.0,9,5,477
426.44444444444446,3.8,8.200000000000001,360,0.86,2.0,10,5,478
639.6666666666667,5.9,8.282842712474618,360,0.75,4.0,11,5,479
471.33333333333337,5.9,8.346410161513775,360,0.7,4.0,12,5,480
505.0,6.6,8.386370330515629,360,0.71,4.0,13,5,481
538.6666666666667,6.9,8.4,360,0.64,4.0,14,5,482
246.8888888888889,6.2,8.386370330515629,360,0.66,4.0,15,5,483
112.22222222222223,5.4,8.346410161513775,360,0.73,3.0,16,5,484
11.222222222222221,4.8,8.282842712474618,360,0.79,2.0,17,5,485
0.0,4.3,8.200000000000001,360,0.84,2.0,18,5,486
0.0,3.9,8.103527618041008,360,0.85,2.0,19,5,487
0.0,3.7,8.0,360,0.86,2.0,20,5,488
0.0,3.4,7.896472381958992,360,0.87,2.0,21,5,489
0.0,2.2,7.8,360,0.91,2.0,22,5,490
0.0,2.0,7.717157287525381,360,0.92,2.0,23,5,491
0.0,1.7,7.653589838486225,360,0.92,2.0,24,5,492
0.0,1.6,6.3136296694843725,360,0.92,2.0,1,6,493
0.0,1.3,6.299999999999999,360,0.92,2.0,2,6,494
0.0,0.8,6.313629669484372,360,0.93,2.0,3,6,495
0.0,0.2,6.353589838486224,360,0.94,2.0,4,6,496
0.0,-0.2,6.41715728752538,360,0.96,1.0,5,6,497
0.0,-1.4,6.499999999999999,360,0.97,0.0,6,6,498
0.0,-0.7,6.596472381958991,360,0.98,3.0,7,6,499
0.0,-0.3,6.699999999999999,360,0.98,0.0,8,6,500
89.77777777777777,0.2,6.803527618041008,360,0.99,1.0,9,6,501
258.11111111111114,2.0,6.8999999999999995,360,0.98,1.0,10,6,502
493.7777777777778,3.6,6.982842712474619,360,0.84,3.0,11,6,503
707.0000000000001,5.1,7.046410161513775,360,0.74,3.0,12,6,504
729.4444444444443,6.5,7.086370330515627,360,0.68,3.0,13,6,505
594.7777777777778,6.2,7.1,360,0.58,3.0,14,6,506
482.5555555555556,6.4,7.086370330515627,360,0.44,4.0,15,6,507
145.88888888888889,4.3,7.046410161513775,360,0.68,3.0,16,6,508
0.0,2.5,6.982842712474619,360,0.82,1.0,17,6,509
0.0,3.3,6.8999999999999995,360,0.73,1.0,18,6,510
0.0,3.7,6.803527618041008,360,0.66,1.0,19,6,511
0.0,3.6,6.699999999999999,360,0.63,3.0,20,6,512
0.0,3.2,6.596472381958991,360,0.66,4.0,21,6,513
0.0,2.7,6.499999999999999,360,0.69,4.0,22,6,514
0.0,2.6,6.417157287525381,360,0.71,4.0,23,6,515
0.0,3.2,6.353589838486224,360,0.68,4.0,24,6,516
0.0,3.5,6.418740795541013,360,0.7,4.0,1,7,517
0.0,3.5,6.4,360,0.71,6.0,2,7,518
0.0,3.6,6.418740795541012,360,0.71,7.0,3,7,519
0.0,3.5,6.473686027918559,360,0.72,8.0,4,7,520
0.0,3.3,6.561091270347399,360,0.81,7.0,5,7,521
0.0,3.1,6.675,360,0.88,6.0,6,7,522
0.0,3.3,6.8076495251936135,360,0.95,6.0,7,7,523
11.222222222222221,3.7,6.95,360,0.98,5.0,8,7,524
78.55555555555554,4.5,7.092350474806387,360,0.99,5.0,9,7,525
224.44444444444446,5.9,7.2250000000000005,360,1.0,5.0,10,7,526
404.0,7.7,7.338908729652601,360,0.88,8.0,11,7,527
684.5555555555557,8.9,7.4263139720814415,360,0.76,9.0,12,7,528
628.4444444444443,9.6,7.481259204458988,360,0.7,8.0,13,7,529
549.8888888888889,9.3,7.5,360,0.68,8.0,14,7,530
280.55555555555554,9.0,7.481259204458988,360,0.73,8.0,15,7,531
89.77777777777777,8.3,7.4263139720814415,360,0.72,8.0,16,7,532
0.0,8.2,7.338908729652601,360,0.78,7.0,17,7,533
0.0,8.4,7.2250000000000005,360,0.84,10.0,18,7,534
0.0,8.1,7.092350474806387,360,0.85,12.0,19,7,535
0.0,8.2,6.95,360,0.89,10.0,20,7,536
0.0,8.6,6.8076495251936135,360,0.89,10.0,21,7,537
0.0,8.6,6.675000000000001,360,0.91,8.0,22,7,538
0.0,8.3,6.561091270347399,360,0.93,9.0,23,7,539
0.0,7.7,6.473686027918559,360,0.93,6.0,24,7,540
0.0,7.3,7.317037086855466,360,0.94,6.0,1,8,541
0.0,7.5,7.300000000000001,360,0.96,6.0,2,8,542
0.0,7.6,7.317037086855466,360,0.95,6.0,3,8,543
0.0,6.8,7.366987298107781,360,0.97,6.0,4,8,544
0.0,7.2,7.446446609406727,360,0.98,6.0,5,8,545
0.0,7.4,7.550000000000001,360,0.99,5.0,6,8,546
0.0,8.0,7.67059047744874,360,0.98,5.0,7,8,547
11.222222222222221,7.9,7.800000000000001,360,0.98,5.0,8,8,548
67.33333333333334,8.1,7.9294095225512615,360,0.99,6.0,9,8,549
134.66666666666669,9.2,8.05,360,0.96,10.0,10,8,550
291.77777777777777,10.1,8.153553390593276,360,0.91,8.0,11,8,551
303.0,10.3,8.233012701892221,360,0.85,10.0,12,8,552
145.88888888888889,10.0,8.282962913144535,360,0.86,12.0,13,8,553
101.0,9.2,8.3,360,0.9,13.0,14,8,554
78.55555555555554,9.1,8.282962913144535,360,0.94,14.0,15,8,555
22.444444444444443,9.1,8.233012701892221,360,0.96,15.0,16,8,556
0.0,9.4,8.153553390593276,360,0.96,16.0,17,8,557
0.0,9.7,8.05,360,0.97,14.0,18,8,558
0.0,8.6,7.9294095225512615,360,0.91,14.0,19,8,559
0.0,8.4,7.800000000000001,360,0.91,9.0,20,8,560
0.0,8.3,7.67059047744874,360,0.76,12.0,21,8,561
0.0,7.1,7.550000000000001,360,0.77,10.0,22,8,562
0.0,6.6,7.446446609406727,360,0.78,8.0,23,8,563
0.0,5.8,7.366987298107781,360,0.84,8.0,24,8,564
0.0,5.4,7.41022225211328,360,0.84,8.0,1,9,565
0.0,5.2,7.4,360,0.85,6.0,2,9,566
0.0,5.8,7.41022225211328,360,0.86,6.0,3,9,567
0.0,6.0,7.440192378864669,360,0.84,6.0,4,9,568
0.0,6.1,7.487867965644036,360,0.86,6.0,5,9,569
0.0,5.7,7.55,360,0.89,5.0,6,9,570
0.0,5.9,7.622354286469244,360,0.89,4.0,7,9,571
0.0,5.7,7.7,360,0.91,6.0,8,9,572
56.111111111111114,6.0,7.777645713530756,360,0.92,6.0,9,9,573
190.77777777777777,6.6,7.8500000000000005,360,0.93,6.0,10,9,574
179.55555555555554,7.4,7.912132034355964,360,0.88,6.0,11,9,575
314.2222222222222,8.1,7.959807621135331,360,0.86,6.0,12,9,576
269.33333333333337,8.2,7.989777747886721,360,0.87,6.0,13,9,577
123.44444444444446,8.1,8.0,360,0.89,6.0,14,9,578
123.44444444444446,8.1,7.989777747886721,360,0.92,6.0,15,9,579
33.66666666666667,7.8,7.959807621135331,360,0.95,5.0,16,9,580
0.0,7.6,7.912132034355964,360,0.98,4.0,17,9,581
0.0,7.6,7.8500000000000005,360,0.99,3.0,18,9,582
0.0,7.5,7.777645713530756,360,0.99,4.0,19,9,583
0.0,7.4,7.7,360,1.0,5.0,20,9,584
0.0,7.4,7.622354286469244,360,1.0,3.0,21,9,585
0.0,7.3,7.550000000000001,360,1.0,3.0,22,9,586
0.0,7.3,7.487867965644036,360,1.0,3.0,23,9,587
0.0,7.0,7.440192378864669,360,1.0,2.0,24,9,588
0.0,6.8,7.908518543427733,360,1.0,2.0,1,10,589
0.0,6.9,7.9,360,1.0,0.0,2,10,590
0.0,6.8,7.908518543427733,360,1.0,1.0,3,10,591
0.0,6.8,7.933493649053891,360,1.0,0.0,4,10,592
0.0,6.7,7.973223304703364,360,1.0,3.0,5,10,593
0.0,6.5,8.025,360,1.0,2.0,6,10,594
0.0,6.5,8.08529523872437,360,1.0,2.0,7,10,595
11.222222222222221,6.5,8.15,360,1.0,1.0,8,10,596
22.444444444444443,6.6,8.21470476127563,360,1.0,0.0,9,10,597
67.33333333333334,6.9,8.275,360,1.0,1.0,10,10,598
89.77777777777777,7.0,8.326776695296637,360,1.0,2.0,11,10,599
134.66666666666669,7.4,8.36650635094611,360,1.0,2.0,12,10,600
190.77777777777777,7.6,8.391481456572267,360,0.98,2.0,13,10,601
190.77777777777777,7.8,8.4,360,0.91,2.0,14,10,602
78.55555555555554,7.6,8.391481456572267,360,0.92,2.0,15,10,603
33.66666666666667,7.3,8.36650635094611,360,0.95,1.0,16,10,604
11.222222222222221,7.1,8.326776695296637,360,0.97,1.0,17,10,605
0.0,7.2,8.275,360,0.97,1.0,18,10,606
0.0,6.8,8.21470476127563,360,0.98,1.0,19,10,607
0.0,6.5,8.15,360,0.98,2.0,20,10,608
0.0,6.4,8.08529523872437,360,0.99,1.0,21,10,609
0.0,6.4,8.025,360,0.99,1.0,22,10,610
0.0,6.1,7.973223304703364,360,1.0,2.0,23,10,611
0.0,5.7,7.933493649053891,360,0.99,1.0,24,10,612
0.0,5.7,7.111925960798826,360,0.99,2.0,1,11,613
0.0,5.4,7.1,360,0.99,2.0,2,11,614
0.0,5.1,7.111925960798826,360,0.98,2.0,3,11,615
0.0,4.2,7.146891108675446,360,0.97,2.0,4,11,616
0.0,3.4,7.202512626584707,360,0.98,2.0,5,11,617
0.0,2.8,7.2749999999999995,360,0.98,2.0,6,11,618
0.0,2.2,7.359413334214117,360,0.98,2.0,7,11,619
0.0,1.7,7.449999999999999,360,0.98,2.0,8,11,620
168.33333333333331,2.9,7.540586665785882,360,0.92,3.0,9,11,621
448.8888888888889,4.7,7.624999999999999,360,0.81,4.0,10,11,622
594.7777777777778,5.9,7.697487373415291,360,0.76,3.0,11,11,623
729.4444444444443,7.0,7.753108891324553,360,0.66,4.0,12,11,624
763.1111111111111,7.7,7.788074039201173,360,0.53,5.0,13,11,625
673.3333333333333,8.2,7.799999999999999,360,0.58,5.0,14,11,626
482.5555555555556,7.8,7.788074039201173,360,0.55,4.0,15,11,627
235.66666666666669,6.4,7.753108891324553,360,0.62,4.0,16,11,628
22.444444444444443,3.5,7.697487373415291,360,0.71,3.0,17,11,629
0.0,3.3,7.624999999999999,360,0.71,1.0,18,11,630
0.0,1.9,7.540586665785882,360,0.77,1.0,19,11,631
0.0,1.1,7.449999999999999,360,0.82,2.0,20,11,632
0.0,0.6,7.359413334214117,360,0.85,2.0,21,11,633
0.0,0.5,7.2749999999999995,360,0.86,2.0,22,11,634
0.0,-0.6,7.202512626584707,360,0.9,2.0,23,11,635
0.0,-0.5,7.146891108675446,360,0.95,3.0,24,11,636
0.0,-0.5,5.6068148347421864,360,0.97,4.0,1,12,637
0.0,-0.9,5.6,360,0.98,6.0,2,12,638
0.0,-1.0,5.606814834742186,360,0.99,6.0,3,12,639
0.0,-1.4,5.626794919243112,360,0.99,6.0,4,12,640
0.0,-1.3,5.65857864376269,360,0.99,8.0,5,12,641
0.0,-1.1,5.699999999999999,360,0.99,6.0,6,12,642
0.0,-1.0,5.748236190979496,360,0.99,8.0,7,12,643
11.222222222222221,-0.8,5.8,360,0.98,7.0,8,12,644
44.888888888888886,-0.8,5.851763809020504,360,0.97,8.0,9,12,645
179.55555555555554,-0.3,5.9,360,0.95,6.0,10,12,646
269.33333333333337,0.3,5.941421356237309,360,0.93,6.0,11,12,647
404.0,1.0,5.9732050807568875,360,0.9,9.0,12,12,648
662.1111111111112,2.2,5.993185165257814,360,0.86,8.0,13,12,649
662.1111111111112,3.2,6.0,360,0.82,8.0,14,12,650
471.33333333333337,3.1,5.993185165257814,360,0.82,8.0,15,12,651
224.44444444444446,2.5,5.9732050807568875,360,0.86,8.0,16,12,652
33.66666666666667,1.7,5.941421356237309,360,0.9,6.0,17,12,653
0.0,1.0,5.9,360,0.94,6.0,18,12,654
0.0,0.8,5.851763809020504,360,0.94,7.0,19,12,655
0.0,0.7,5.8,360,0.94,8.0,20,12,656
0.0,0.4,5.748236190979496,360,0.94,7.0,21,12,657
0.0,0.5,5.7,360,0.95,6.0,22,12,658
0.0,0.4,5.658578643762691,360,0.94,7.0,23,12,659
0.0,0.4,5.626794919243112,360,0.95,6.0,24,12,660
0.0,0.1,4.811925960798827,360,0.96,7.0,1,13,661
0.0,0.0,4.800000000000001,360,0.96,6.0,2,13,662
0.0,-0.2,4.811925960798827,360,0.95,5.0,3,13,663
0.0,0.0,4.846891108675447,360,0.95,6.0,4,13,664
0.0,-0.2,4.902512626584708,360,0.96,8.0,5,13,665
0.0,-0.3,4.9750000000000005,360,0.95,7.0,6,13,666
0.0,-0.7,5.059413334214118,360,0.95,6.0,7,13,667
0.0,-0.8,5.15,360,0.96,6.0,8,13,668
168.33333333333331,0.0,5.240586665785883,360,0.94,6.0,9,13,669
448.8888888888889,1.5,5.325,360,0.89,6.0,10,13,670
650.8888888888889,3.1,5.397487373415292,360,0.81,6.0,11,13,671
774.3333333333333,4.0,5.453108891324554,360,0.76,7.0,12,13,672
763.1111111111111,5.3,5.488074039201174,360,0.71,7.0,13,13,673
684.5555555555557,5.7,5.5,360,0.73,7.0,14,13,674
493.7777777777778,5.0,5.488074039201174,360,0.75,7.0,15,13,675
235.66666666666669,3.7,5.453108891324554,360,0.78,6.0,16,13,676
33.66666666666667,2.3,5.397487373415292,360,0.82,5.0,17,13,677
0.0,1.6,5.325,360,0.85,6.0,18,13,678
0.0,1.5,5.240586665785883,360,0.87,6.0,19,13,679
0.0,1.4,5.15,360,0.87,5.0,20,13,680
0.0,0.7,5.059413334214118,360,0.9,5.0,21,13,681
0.0,0.4,4.9750000000000005,360,0.9,6.0,22,13,682
0.0,-0.3,4.902512626584708,360,0.92,4.0,23,13,683
0.0,-0.4,4.846891108675447,360,0.92,5.0,24,13,684
0.0,-0.9,4.115333378169919,360,0.93,4.0,1,14,685
0.0,-1.8,4.1,360,0.95,3.0,2,14,686
0.0,-2.1,4.115333378169919,360,0.96,2.0,3,14,687
0.0,-2.6,4.160288568297002,360,0.97,2.0,4,14,688
0.0,-2.7,4.231801948466053,360,0.97,2.0,5,14,689
0.0,-3.1,4.324999999999999,360,0.98,2.0,6,14,690
0.0,-3.4,4.433531429703866,360,0.98,2.0,7,14,691
0.0,-3.5,4.55,360,0.98,2.0,8,14,692
246.8888888888889,-2.3,4.666468570296134,360,0.98,3.0,9,14,693
482.5555555555556,-0.7,4.775,360,0.93,3.0,10,14,694
864.1111111111111,1.2,4.8681980515339465,360,0.84,2.0,11,14,695
819.2222222222222,3.2,4.939711431702998,360,0.75,2.0,12,14,696
774.3333333333333,5.1,4.984666621830081,360,0.69,2.0,13,14,697
695.7777777777778,6.5,5.0,360,0.66,2.0,14,14,698
505.0,6.7,4.984666621830081,360,0.61,2.0,15,14,699
246.8888888888889,4.5,4.939711431702998,360,0.74,2.0,16,14,700
33.66666666666667,1.2,4.8681980515339465,360,0.87,2.0,17,14,701
0.0,-1.2,4.775,360,0.94,1.0,18,14,702
0.0,-2.0,4.666468570296134,360,0.97,1.0,19,14,703
0.0,-2.5,4.55,360,0.97,1.0,20,14,704
0.0,-3.2,4.433531429703866,360,0.99,1.0,21,14,705
0.0,-4.0,4.325,360,0.99,1.0,22,14,706
0.0,-4.4,4.231801948466053,360,0.98,1.0,23,14,707
0.0,-3.6,4.160288568297002,360,0.99,1.0,24,14,708
0.0,-4.2,3.3153333781699192,360,0.99,1.0,1,15,709
0.0,-5.1,3.3,360,0.98,1.0,2,15,710
0.0,-5.4,3.3153333781699192,360,0.98,1.0,3,15,711
0.0,-5.4,3.3602885682970025,360,0.98,1.0,4,15,712
0.0,-4.6,3.4318019484660534,360,0.98,2.0,5,15,713
0.0,-4.3,3.525,360,0.98,2.0,6,15,714
0.0,-4.5,3.633531429703866,360,0.98,1.0,7,15,715
0.0,-4.9,3.75,360,0.98,1.0,8,15,716
89.77777777777777,-4.5,3.8664685702961346,360,0.98,1.0,9,15,717
370.33333333333337,-3.0,3.975,360,0.99,2.0,10,15,718
347.8888888888889,-2.8,4.068198051533947,360,0.99,2.0,11,15,719
381.55555555555554,-1.8,4.139711431702998,360,0.99,1.0,12,15,720
594.7777777777778,0.0,4.184666621830081,360,1.0,1.0,13,15,721
785.5555555555557,2.0,4.2,360,1.0,2.0,14,15,722
527.4444444444445,3.1,4.184666621830081,360,0.95,2.0,15,15,723
258.11111111111114,1.7,4.139711431702998,360,0.92,2.0,16,15,724
33.66666666666667,-1.5,4.068198051533947,360,0.96,2.0,17,15,725
0.0,-2.1,3.975,360,0.99,2.0,18,15,726
0.0,-2.5,3.8664685702961346,360,0.99,3.0,19,15,727
0.0,-2.6,3.75,360,1.0,2.0,20,15,728
0.0,-2.7,3.633531429703866,360,1.0,2.0,21,15,729
0.0,-2.3,3.525,360,1.0,2.0,22,15,730
0.0,-2.2,3.4318019484660534,360,1.0,3.0,23,15,731
0.0,-2.3,3.3602885682970025,360,1.0,4.0,24,15,732
0.0,-2.2,4.018740795541013,360,1.0,3.0,1,16,733
0.0,-2.0,4.0,360,1.0,2.0,2,16,734
0.0,-2.2,4.018740795541012,360,1.0,2.0,3,16,735
0.0,-2.4,4.0736860279185585,360,1.0,2.0,4,16,736
0.0,-2.3,4.161091270347399,360,1.0,0.0,5,16,737
0.0,-2.6,4.2749999999999995,360,1.0,0.0,6,16,738
0.0,-2.7,4.407649525193613,360,1.0,0.0,7,16,739
0.0,-2.7,4.55,360,1.0,0.0,8,16,740
67.33333333333334,-2.8,4.6923504748063865,360,1.0,0.0,9,16,741
168.33333333333331,-2.5,4.825,360,1.0,0.0,10,16,742
269.33333333333337,-2.1,4.938908729652601,360,1.0,0.0,11,16,743
269.33333333333337,-1.4,5.026313972081441,360,1.0,0.0,12,16,744
291.77777777777777,-0.1,5.081259204458988,360,1.0,2.0,13,16,745
269.33333333333337,1.0,5.1,360,1.0,1.0,14,16,746
202.0,1.5,5.081259204458988,360,1.0,1.0,15,16,747
101.0,1.2,5.026313972081441,360,1.0,2.0,16,16,748
11.222222222222221,1.0,4.938908729652601,360,1.0,1.0,17,16,749
0.0,0.9,4.825,360,1.0,2.0,18,16,750
0.0,0.6,4.6923504748063865,360,1.0,1.0,19,16,751
0.0,0.7,4.55,360,1.0,1.0,20,16,752
0.0,1.1,4.407649525193613,360,1.0,2.0,21,16,753
0.0,1.3,4.275,360,1.0,2.0,22,16,754
0.0,1.7,4.161091270347399,360,1.0,2.0,23,16,755
0.0,2.0,4.0736860279185585,360,1.0,3.0,24,16,756
0.0,2.1,5.017037086855466,360,1.0,3.0,1,17,757
0.0,2.3,5.0,360,1.0,2.0,2,17,758
0.0,2.2,5.017037086855466,360,1.0,2.0,3,17,759
0.0,2.5,5.06698729810778,360,1.0,2.0,4,17,760
0.0,3.0,5.146446609406726,360,1.0,1.0,5,17,761
0.0,3.2,5.25,360,1.0,1.0,6,17,762
0.0,2.9,5.37059047744874,360,1.0,1.0,7,17,763
0.0,3.5,5.5,360,1.0,1.0,8,17,764
33.66666666666667,4.4,5.62940952255126,360,1.0,2.0,9,17,765
101.0,4.6,5.75,360,1.0,4.0,10,17,766
213.22222222222223,5.4,5.853553390593274,360,1.0,4.0,11,17,767
303.0,5.5,5.93301270189222,360,1.0,5.0,12,17,768
190.77777777777777,5.5,5.982962913144534,360,1.0,4.0,13,17,769
157.1111111111111,5.4,6.0,360,1.0,5.0,14,17,770
101.0,5.4,5.982962913144534,360,1.0,5.0,15,17,771
89.77777777777777,5.4,5.93301270189222,360,1.0,5.0,16,17,772
11.222222222222221,5.3,5.853553390593274,360,1.0,5.0,17,17,773
0.0,5.2,5.75,360,0.99,4.0,18,17,774
0.0,5.0,5.62940952255126,360,0.96,6.0,19,17,775
0.0,4.8,5.5,360,0.92,8.0,20,17,776
0.0,4.5,5.37059047744874,360,0.93,8.0,21,17,777
0.0,3.9,5.25,360,0.95,8.0,22,17,778
0.0,4.1,5.146446609406726,360,0.96,8.0,23,17,779
0.0,4.1,5.06698729810778,360,0.92,8.0,24,17,780
0.0,3.8,5.413629669484374,360,0.9,8.0,1,18,781
0.0,3.6,5.4,360,0.93,7.0,2,18,782
0.0,2.8,5.413629669484373,360,0.93,8.0,3,18,783
0.0,2.2,5.453589838486225,360,0.96,6.0,4,18,784
0.0,1.9,5.517157287525381,360,0.97,8.0,5,18,785
0.0,2.0,5.6000000000000005,360,0.98,10.0,6,18,786
0.0,2.7,5.696472381958992,360,0.98,8.0,7,18,787
11.222222222222221,2.7,5.800000000000001,360,0.97,8.0,8,18,788
56.111111111111114,3.1,5.903527618041009,360,0.94,9.0,9,18,789
168.33333333333331,3.7,6.000000000000001,360,0.91,8.0,10,18,790
291.77777777777777,4.2,6.08284271247462,360,0.87,8.0,11,18,791
347.8888888888889,4.7,6.146410161513776,360,0.86,8.0,12,18,792
594.7777777777778,5.5,6.186370330515628,360,0.8,7.0,13,18,793
639.6666666666667,6.3,6.200000000000001,360,0.78,6.0,14,18,794
527.4444444444445,6.1,6.186370330515628,360,0.78,5.0,15,18,795
246.8888888888889,5.1,6.146410161513776,360,0.83,5.0,16,18,796
22.444444444444443,4.4,6.08284271247462,360,0.87,4.0,17,18,797
0.0,4.3,6.000000000000001,360,0.89,2.0,18,18,798
0.0,4.3,5.903527618041009,360,0.88,2.0,19,18,799
0.0,4.1,5.800000000000001,360,0.89,2.0,20,18,800
0.0,4.1,5.696472381958992,360,0.88,2.0,21,18,801
0.0,3.8,5.6000000000000005,360,0.91,2.0,22,18,802
0.0,3.8,5.517157287525382,360,0.91,2.0,23,18,803
0.0,3.1,5.453589838486225,360,0.95,5.0,24,18,804
0.0,2.8,5.806814834742186,360,0.96,4.0,1,19,805
0.0,2.7,5.8,360,0.97,4.0,2,19,806
0.0,2.4,5.806814834742186,360,0.97,4.0,3,19,807
0.0,2.3,5.826794919243112,360,0.98,5.0,4,19,808
0.0,2.2,5.85857864376269,360,0.98,4.0,5,19,809
0.0,2.3,5.8999999999999995,360,0.99,4.0,6,19,810
0.0,2.5,5.948236190979496,360,0.99,3.0,7,19,811
0.0,2.6,6.0,360,0.99,4.0,8,19,812
22.444444444444443,2.9,6.051763809020504,360,1.0,3.0,9,19,813
89.77777777777777,3.4,6.1000000000000005,360,1.0,4.0,10,19,814
56.111111111111114,3.6,6.141421356237309,360,0.99,3.0,11,19,815
291.77777777777777,4.1,6.173205080756888,360,0.98,4.0,12,19,816
269.33333333333337,4.6,6.193185165257814,360,0.94,4.0,13,19,817
235.66666666666669,4.9,6.2,360,0.91,4.0,14,19,818
112.22222222222223,4.9,6.193185165257814,360,0.91,4.0,15,19,819
112.22222222222223,4.7,6.173205080756888,360,0.91,4.0,16,19,820
33.66666666666667,4.4,6.141421356237309,360,0.9,4.0,17,19,821
0.0,4.3,6.1000000000000005,360,0.89,3.0,18,19,822
0.0,4.0,6.051763809020504,360,0.91,2.0,19,19,823
0.0,4.0,6.0,360,0.92,4.0,20,19,824
0.0,4.0,5.948236190979496,360,0.93,4.0,21,19,825
0.0,4.0,5.9,360,0.95,5.0,22,19,826
0.0,4.1,5.858578643762691,360,0.96,4.0,23,19,827
0.0,4.2,5.826794919243112,360,0.97,4.0,24,19,828
0.0,4.1,6.11022225211328,360,0.98,3.0,1,20,829
0.0,4.1,6.1,360,0.99,2.0,2,20,830
0.0,4.1,6.11022225211328,360,0.99,2.0,3,20,831
0.0,4.1,6.140192378864668,360,1.0,2.0,4,20,832
0.0,4.1,6.187867965644036,360,1.0,1.0,5,20,833
0.0,4.1,6.25,360,1.0,1.0,6,20,834
0.0,4.5,6.322354286469244,360,1.0,1.0,7,20,835
11.222222222222221,4.8,6.4,360,1.0,4.0,8,20,836
33.66666666666667,5.0,6.477645713530757,360,1.0,4.0,9,20,837
101.0,5.4,6.550000000000001,360,1.0,6.0,10,20,838
134.66666666666669,5.5,6.612132034355965,360,0.99,6.0,11,20,839
336.66666666666663,5.9,6.659807621135332,360,0.88,6.0,12,20,840
583.5555555555555,6.9,6.689777747886721,360,0.76,6.0,13,20,841
617.2222222222222,7.2,6.700000000000001,360,0.74,7.0,14,20,842
347.8888888888889,6.5,6.689777747886721,360,0.7,7.0,15,20,843
258.11111111111114,6.1,6.659807621135332,360,0.7,6.0,16,20,844
33.66666666666667,4.2,6.612132034355965,360,0.78,4.0,17,20,845
0.0,4.8,6.550000000000001,360,0.8,2.0,18,20,846
0.0,5.0,6.477645713530757,360,0.79,6.0,19,20,847
0.0,4.6,6.4,360,0.85,5.0,20,20,848
0.0,4.2,6.322354286469244,360,0.88,6.0,21,20,849
0.0,4.0,6.25,360,0.87,6.0,22,20,850
0.0,3.1,6.187867965644036,360,0.89,6.0,23,20,851
0.0,2.8,6.140192378864668,360,0.88,6.0,24,20,852
0.0,3.0,5.211925960798827,360,0.85,7.0,1,21,853
0.0,2.1,5.200000000000001,360,0.88,7.0,2,21,854
0.0,1.1,5.211925960798827,360,0.91,5.0,3,21,855
0.0,0.6,5.246891108675447,360,0.93,4.0,4,21,856
0.0,0.0,5.302512626584709,360,0.95,5.0,5,21,857
0.0,-0.2,5.375000000000001,360,0.96,4.0,6,21,858
0.0,0.6,5.459413334214118,360,0.97,5.0,7,21,859
0.0,1.0,5.550000000000001,360,0.96,6.0,8,21,860
67.33333333333334,1.2,5.640586665785883,360,0.95,8.0,9,21,861
235.66666666666669,1.7,5.7250000000000005,360,0.92,8.0,10,21,862
426.44444444444446,2.3,5.797487373415293,360,0.86,6.0,11,21,863
650.8888888888889,4.4,5.853108891324554,360,0.78,8.0,12,21,864
796.7777777777777,4.7,5.888074039201174,360,0.73,8.0,13,21,865
707.0000000000001,5.4,5.9,360,0.66,10.0,14,21,866
381.55555555555554,4.7,5.888074039201174,360,0.68,10.0,15,21,867
145.88888888888889,4.7,5.853108891324554,360,0.67,8.0,16,21,868
56.111111111111114,3.0,5.797487373415293,360,0.75,6.0,17,21,869
0.0,2.8,5.7250000000000005,360,0.79,5.0,18,21,870
0.0,2.8,5.640586665785883,360,0.79,6.0,19,21,871
0.0,2.2,5.550000000000001,360,0.84,6.0,20,21,872
0.0,1.8,5.459413334214118,360,0.88,7.0,21,21,873
0.0,1.1,5.375000000000001,360,0.91,5.0,22,21,874
0.0,0.6,5.302512626584709,360,0.94,5.0,23,21,875
0.0,0.2,5.246891108675447,360,0.95,4.0,24,21,876
0.0,-0.1,4.411925960798826,360,0.96,4.0,1,22,877
0.0,-0.4,4.4,360,0.97,4.0,2,22,878
0.0,-0.4,4.411925960798826,360,0.97,4.0,3,22,879
0.0,-0.5,4.446891108675446,360,0.97,5.0,4,22,880
0.0,-0.9,4.502512626584709,360,0.97,4.0,5,22,881
0.0,-0.5,4.575,360,0.95,4.0,6,22,882
0.0,-0.3,4.6594133342141175,360,0.92,6.0,7,22,883
11.222222222222221,-0.6,4.75,360,0.92,4.0,8,22,884
202.0,0.5,4.8405866657858825,360,0.91,4.0,9,22,885
460.11111111111114,2.4,4.925,360,0.86,5.0,10,22,886
606.0,3.5,4.997487373415291,360,0.83,6.0,11,22,887
370.33333333333337,3.8,5.053108891324554,360,0.82,8.0,12,22,888
269.33333333333337,4.0,5.088074039201174,360,0.81,8.0,13,22,889
258.11111111111114,4.2,5.1,360,0.8,10.0,14,22,890
168.33333333333331,3.9,5.088074039201174,360,0.82,10.0,15,22,891
78.55555555555554,3.5,5.053108891324554,360,0.83,9.0,16,22,892
22.444444444444443,3.2,4.997487373415291,360,0.84,8.0,17,22,893
0.0,3.1,4.925,360,0.85,9.0,18,22,894
0.0,2.8,4.8405866657858825,360,0.86,9.0,19,22,895
0.0,2.7,4.75,360,0.86,9.0,20,22,896
0.0,2.8,4.6594133342141175,360,0.87,8.0,21,22,897
0.0,2.8,4.575,360,0.87,10.0,22,22,898
0.0,2.8,4.502512626584709,360,0.88,10.0,23,22,899
0.0,2.7,4.446891108675446,360,0.89,9.0,24,22,900
0.0,2.6,4.908518543427733,360,0.9,8.0,1,23,901
0.0,2.5,4.9,360,0.91,8.0,2,23,902
0.0,2.5,4.908518543427733,360,0.92,9.0,3,23,903
0.0,2.4,4.933493649053891,360,0.92,8.0,4,23,904
0.0,2.2,4.973223304703364,360,0.93,8.0,5,23,905
0.0,2.2,5.025,360,0.94,7.0,6,23,906
0.0,2.1,5.08529523872437,360,0.95,8.0,7,23,907
0.0,2.0,5.15,360,0.95,8.0,8,23,908
56.111111111111114,2.1,5.21470476127563,360,0.96,8.0,9,23,909
123.44444444444446,2.2,5.275,360,0.95,9.0,10,23,910
246.8888888888889,2.4,5.326776695296637,360,0.94,8.0,11,23,911
325.44444444444446,2.7,5.36650635094611,360,0.92,8.0,12,23,912
280.55555555555554,2.5,5.391481456572268,360,0.92,8.0,13,23,913
325.44444444444446,2.8,5.4,360,0.91,8.0,14,23,914
314.2222222222222,3.1,5.391481456572268,360,0.89,8.0,15,23,915
213.22222222222223,2.3,5.36650635094611,360,0.9,9.0,16,23,916
56.111111111111114,1.5,5.326776695296637,360,0.91,9.0,17,23,917
0.0,1.5,5.275,360,0.93,7.0,18,23,918
0.0,1.5,5.21470476127563,360,0.94,7.0,19,23,919
0.0,1.4,5.15,360,0.94,8.0,20,23,920
0.0,1.4,5.08529523872437,360,0.93,8.0,21,23,921
0.0,1.4,5.025,360,0.93,8.0,22,23,922
0.0,1.3,4.973223304703364,360,0.93,7.0,23,23,923
0.0,1.3,4.933493649053891,360,0.94,7.0,24,23,924
0.0,1.2,4.122148212912105,360,0.94,5.0,1,24,925
0.0,1.0,4.1,360,0.95,5.0,2,24,926
0.0,-0.2,4.122148212912105,360,0.96,4.0,3,24,927
0.0,-0.8,4.187083487540114,360,0.97,1.0,4,24,928
0.0,-1.6,4.290380592228743,360,0.98,1.0,5,24,929
0.0,-1.8,4.425,360,0.99,2.0,6,24,930
0.0,-2.1,4.581767620683362,360,0.99,1.0,7,24,931
22.444444444444443,-2.0,4.75,360,1.0,0.0,8,24,932
325.44444444444446,-0.7,4.918232379316638,360,1.0,2.0,9,24,933
594.7777777777778,2.3,5.075,360,0.99,2.0,10,24,934
707.0000000000001,4.7,5.209619407771256,360,0.83,2.0,11,24,935
830.4444444444446,7.6,5.312916512459886,360,0.7,2.0,12,24,936
852.8888888888889,7.7,5.377851787087895,360,0.7,2.0,13,24,937
774.3333333333333,9.5,5.4,360,0.61,2.0,14,24,938
583.5555555555555,7.1,5.377851787087895,360,0.74,4.0,15,24,939
325.44444444444446,5.8,5.312916512459886,360,0.77,4.0,16,24,940
67.33333333333334,2.3,5.209619407771256,360,0.87,3.0,17,24,941
0.0,-0.1,5.075,360,0.95,2.0,18,24,942
0.0,0.1,4.918232379316638,360,0.98,4.0,19,24,943
0.0,0.1,4.75,360,0.99,4.0,20,24,944
0.0,-0.5,4.581767620683362,360,0.99,3.0,21,24,945
0.0,-0.6,4.425,360,1.0,2.0,22,24,946
0.0,-1.1,4.290380592228744,360,1.0,2.0,23,24,947
0.0,-1.4,4.187083487540114,360,1.0,3.0,24,24,948
0.0,-1.6,4.520444504226559,360,1.0,2.0,1,25,949
0.0,-1.5,4.5,360,1.0,2.0,2,25,950
0.0,-1.9,4.520444504226559,360,1.0,0.0,3,25,951
0.0,-2.0,4.580384757729337,360,1.0,0.0,4,25,952
0.0,-2.1,4.675735931288071,360,1.0,0.0,5,25,953
0.0,-2.6,4.799999999999999,360,1.0,0.0,6,25,954
0.0,-2.7,4.944708572938487,360,1.0,0.0,7,25,955
11.222222222222221,-3.0,5.1,360,0.99,0.0,8,25,956
101.0,-2.8,5.255291427061512,360,0.99,0.0,9,25,957
269.33333333333337,-2.0,5.3999999999999995,360,1.0,0.0,10,25,958
448.8888888888889,-0.5,5.524264068711928,360,1.0,2.0,11,25,959
516.2222222222223,0.7,5.619615242270663,360,1.0,2.0,12,25,960
796.7777777777777,3.6,5.679555495773441,360,1.0,2.0,13,25,961
774.3333333333333,5.2,5.699999999999999,360,1.0,2.0,14,25,962
594.7777777777778,6.0,5.679555495773441,360,0.99,2.0,15,25,963
325.44444444444446,5.7,5.619615242270663,360,0.9,2.0,16,25,964
67.33333333333334,3.5,5.524264068711928,360,0.93,2.0,17,25,965
0.0,0.4,5.3999999999999995,360,0.96,2.0,18,25,966
0.0,-0.4,5.255291427061512,360,0.98,2.0,19,25,967
0.0,-0.6,5.1,360,0.99,3.0,20,25,968
0.0,-0.9,4.944708572938487,360,1.0,3.0,21,25,969
0.0,-0.9,4.8,360,1.0,4.0,22,25,970
0.0,-1.3,4.675735931288071,360,1.0,4.0,23,25,971
0.0,-1.6,4.580384757729337,360,1.0,3.0,24,25,972
0.0,-1.8,4.508518543427733,360,1.0,3.0,1,26,973
0.0,-1.9,4.5,360,1.0,4.0,2,26,974
0.0,-2.1,4.508518543427733,360,1.0,4.0,3,26,975
0.0,-2.3,4.533493649053891,360,1.0,4.0,4,26,976
0.0,-2.1,4.5732233047033635,360,1.0,4.0,5,26,977
0.0,-2.0,4.625,360,1.0,4.0,6,26,978
0.0,-2.0,4.68529523872437,360,1.0,4.0,7,26,979
11.222222222222221,-2.0,4.75,360,1.0,0.0,8,26,980
44.888888888888886,-1.9,4.81470476127563,360,1.0,0.0,9,26,981
134.66666666666669,-1.7,4.875,360,1.0,0.0,10,26,982
190.77777777777777,-1.2,4.9267766952966365,360,1.0,0.0,11,26,983
258.11111111111114,-0.8,4.966506350946109,360,1.0,0.0,12,26,984
246.8888888888889,-0.5,4.991481456572267,360,1.0,0.0,13,26,985
224.44444444444446,-0.3,5.0,360,1.0,0.0,14,26,986
134.66666666666669,-0.3,4.991481456572267,360,1.0,0.0,15,26,987
78.55555555555554,-0.6,4.966506350946109,360,1.0,0.0,16,26,988
11.222222222222221,-0.9,4.9267766952966365,360,1.0,0.0,17,26,989
0.0,-1.2,4.875,360,1.0,0.0,18,26,990
0.0,-1.6,4.81470476127563,360,1.0,0.0,19,26,991
0.0,-1.8,4.75,360,1.0,0.0,20,26,992
0.0,-2.1,4.68529523872437,360,1.0,0.0,21,26,993
0.0,-2.1,4.625,360,1.0,0.0,22,26,994
0.0,-2.2,4.5732233047033635,360,1.0,0.0,23,26,995
0.0,-2.8,4.533493649053891,360,1.0,0.0,24,26,996
0.0,-2.7,4.011925960798826,360,1.0,0.0,1,27,997
0.0,-3.1,3.9999999999999996,360,0.99,0.0,2,27,998
0.0,-3.2,4.011925960798826,360,0.99,0.0,3,27,999
0.0,-3.3,4.046891108675446,360,0.99,0.0,4,27,1000
0.0,-3.2,4.102512626584708,360,0.99,0.0,5,27,1001
0.0,-3.3,4.175,360,0.99,0.0,6,27,1002
0.0,-3.4,4.259413334214117,360,0.99,0.0,7,27,1003
11.222222222222221,-3.2,4.35,360,0.99,0.0,8,27,1004
44.888888888888886,-3.2,4.440586665785882,360,0.99,0.0,9,27,1005
112.22222222222223,-3.0,4.5249999999999995,360,0.99,0.0,10,27,1006
202.0,-2.3,4.597487373415292,360,1.0,0.0,11,27,1007
280.55555555555554,-1.3,4.653108891324553,360,1.0,0.0,12,27,1008
303.0,-0.3,4.688074039201173,360,1.0,0.0,13,27,1009
269.33333333333337,0.2,4.699999999999999,360,1.0,0.0,14,27,1010
213.22222222222223,0.8,4.688074039201173,360,1.0,4.0,15,27,1011
123.44444444444446,1.2,4.653108891324553,360,1.0,4.0,16,27,1012
44.888888888888886,1.1,4.597487373415292,360,1.0,4.0,17,27,1013
0.0,0.8,4.5249999999999995,360,1.0,2.0,18,27,1014
0.0,1.1,4.440586665785882,360,1.0,1.0,19,27,1015
0.0,1.2,4.35,360,1.0,1.0,20,27,1016
0.0,1.3,4.259413334214117,360,1.0,1.0,21,27,1017
0.0,1.5,4.175,360,1.0,2.0,22,27,1018
0.0,1.6,4.102512626584708,360,1.0,3.0,23,27,1019
0.0,1.6,4.046891108675446,360,1.0,2.0,24,27,1020
0.0,1.5,4.622148212912105,360,1.0,0.0,1,28,1021
0.0,1.3,4.6,360,1.0,0.0,2,28,1022
0.0,1.5,4.622148212912105,360,1.0,0.0,3,28,1023
0.0,1.8,4.687083487540114,360,1.0,0.0,4,28,1024
0.0,1.8,4.790380592228743,360,1.0,0.0,5,28,1025
0.0,2.0,4.925,360,1.0,0.0,6,28,1026
0.0,2.1,5.081767620683362,360,1.0,0.0,7,28,1027
11.222222222222221,2.4,5.25,360,1.0,1.0,8,28,1028
56.111111111111114,3.1,5.418232379316638,360,1.0,0.0,9,28,1029
190.77777777777777,4.3,5.575,360,1.0,2.0,10,28,1030
269.33333333333337,5.1,5.709619407771256,360,1.0,3.0,11,28,1031
325.44444444444446,5.5,5.812916512459886,360,1.0,2.0,12,28,1032
280.55555555555554,5.6,5.877851787087895,360,1.0,3.0,13,28,1033
168.33333333333331,5.4,5.9,360,1.0,4.0,14,28,1034
112.22222222222223,5.2,5.877851787087895,360,1.0,4.0,15,28,1035
56.111111111111114,5.1,5.812916512459886,360,1.0,4.0,16,28,1036
11.222222222222221,5.1,5.709619407771256,360,1.0,4.0,17,28,1037
0.0,4.8,5.575,360,1.0,2.0,18,28,1038
0.0,4.7,5.418232379316638,360,1.0,3.0,19,28,1039
0.0,4.6,5.25,360,1.0,4.0,20,28,1040
0.0,4.5,5.081767620683362,360,1.0,2.0,21,28,1041
0.0,4.4,4.925,360,1.0,2.0,22,28,1042
0.0,4.2,4.790380592228744,360,1.0,2.0,23,28,1043
0.0,3.8,4.687083487540114,360,1.0,2.0,24,28,1044
0.0,3.6,5.7102222521132795,360,1.0,2.0,1,29,1045
0.0,3.3,5.7,360,1.0,2.0,2,29,1046
0.0,3.1,5.7102222521132795,360,1.0,2.0,3,29,1047
0.0,3.0,5.740192378864668,360,1.0,2.0,4,29,1048
0.0,3.2,5.787867965644036,360,1.0,1.0,5,29,1049
0.0,3.2,5.85,360,1.0,1.0,6,29,1050
0.0,3.3,5.922354286469244,360,1.0,1.0,7,29,1051
11.222222222222221,3.4,6.0,360,1.0,2.0,8,29,1052
44.888888888888886,3.4,6.077645713530756,360,1.0,2.0,9,29,1053
78.55555555555554,3.6,6.15,360,1.0,2.0,10,29,1054
134.66666666666669,4.3,6.212132034355964,360,1.0,3.0,11,29,1055
269.33333333333337,4.8,6.259807621135331,360,1.0,5.0,12,29,1056
269.33333333333337,5.7,6.2897777478867205,360,1.0,4.0,13,29,1057
157.1111111111111,5.8,6.3,360,1.0,3.0,14,29,1058
101.0,5.8,6.2897777478867205,360,0.99,4.0,15,29,1059
44.888888888888886,5.7,6.259807621135331,360,0.98,3.0,16,29,1060
11.222222222222221,5.7,6.212132034355964,360,0.98,2.0,17,29,1061
0.0,5.7,6.15,360,0.99,2.0,18,29,1062
0.0,5.6,6.077645713530756,360,0.99,0.0,19,29,1063
0.0,5.5,6.0,360,1.0,1.0,20,29,1064
0.0,5.5,5.922354286469244,360,1.0,2.0,21,29,1065
0.0,5.5,5.8500000000000005,360,1.0,2.0,22,29,1066
0.0,5.5,5.787867965644036,360,1.0,2.0,23,29,1067
0.0,5.6,5.740192378864669,360,1.0,2.0,24,29,1068
0.0,5.6,6.320444504226559,360,1.0,2.0,1,30,1069
0.0,5.6,6.300000000000001,360,1.0,2.0,2,30,1070
0.0,5.6,6.320444504226559,360,1.0,2.0,3,30,1071
0.0,5.6,6.380384757729337,360,1.0,3.0,4,30,1072
0.0,5.6,6.475735931288072,360,1.0,2.0,5,30,1073
0.0,5.6,6.6,360,1.0,2.0,6,30,1074
0.0,5.6,6.744708572938488,360,1.0,2.0,7,30,1075
11.222222222222221,5.9,6.9,360,1.0,0.0,8,30,1076
89.77777777777777,6.7,7.055291427061513,360,1.0,1.0,9,30,1077
213.22222222222223,7.5,7.2,360,1.0,2.0,10,30,1078
280.55555555555554,8.1,7.324264068711929,360,1.0,2.0,11,30,1079
246.8888888888889,8.6,7.419615242270663,360,1.0,3.0,12,30,1080
246.8888888888889,8.7,7.479555495773441,360,1.0,3.0,13,30,1081
235.66666666666669,8.9,7.5,360,0.99,3.0,14,30,1082
224.44444444444446,9.0,7.479555495773441,360,0.93,2.0,15,30,1083
190.77777777777777,9.0,7.419615242270663,360,0.9,2.0,16,30,1084
33.66666666666667,8.4,7.324264068711929,360,0.92,2.0,17,30,1085
0.0,7.9,7.2,360,0.94,1.0,18,30,1086
0.0,7.8,7.055291427061513,360,0.96,2.0,19,30,1087
0.0,7.7,6.9,360,0.97,1.0,20,30,1088
0.0,7.7,6.744708572938488,360,0.98,2.0,21,30,1089
0.0,7.4,6.6000000000000005,360,0.98,2.0,22,30,1090
0.0,7.0,6.475735931288072,360,0.99,4.0,23,30,1091
0.0,7.0,6.380384757729337,360,0.99,4.0,24,30,1092
0.0,6.7,7.010222252113279,360,0.99,4.0,1,31,1093
0.0,5.8,7.0,360,0.96,4.0,2,31,1094
0.0,6.1,7.010222252113279,360,0.98,4.0,3,31,1095
0.0,6.0,7.040192378864669,360,0.98,4.0,4,31,1096
0.0,6.1,7.087867965644036,360,0.99,6.0,5,31,1097
0.0,6.4,7.1499999999999995,360,1.0,6.0,6,31,1098
0.0,6.6,7.222354286469244,360,1.0,6.0,7,31,1099
11.222222222222221,6.9,7.3,360,1.0,7.0,8,31,1100
112.22222222222223,7.4,7.377645713530756,360,1.0,6.0,9,31,1101
280.55555555555554,8.6,7.45,360,0.88,6.0,10,31,1102
549.8888888888889,8.8,7.512132034355964,360,0.71,8.0,11,31,1103
583.5555555555555,9.1,7.559807621135331,360,0.69,10.0,12,31,1104
471.33333333333337,8.9,7.58977774788672,360,0.63,10.0,13,31,1105
437.6666666666667,9.4,7.6,360,0.63,9.0,14,31,1106
347.8888888888889,8.1,7.58977774788672,360,0.8,8.0,15,31,1107
224.44444444444446,7.6,7.559807621135331,360,0.78,8.0,16,31,1108
89.77777777777777,8.1,7.512132034355964,360,0.66,9.0,17,31,1109
0.0,6.4,7.45,360,0.78,10.0,18,31,1110
0.0,6.1,7.377645713530756,360,0.76,6.0,19,31,1111
0.0,5.3,7.3,360,0.8,5.0,20,31,1112
0.0,4.5,7.222354286469244,360,0.83,4.0,21,31,1113
0.0,4.1,7.15,360,0.85,4.0,22,31,1114
0.0,3.8,7.087867965644036,360,0.87,6.0,23,31,1115
0.0,3.3,7.040192378864669,360,0.88,4.0,24,31,1116
0.0,3.0,5.920444504226559,360,0.9,4.0,1,32,1117
0.0,2.6,5.9,360,0.92,3.0,2,32,1118
0.0,2.3,5.920444504226559,360,0.93,3.0,3,32,1119
0.0,2.6,5.980384757729337,360,0.95,2.0,4,32,1120
0.0,2.8,6.075735931288071,360,0.94,2.0,5,32,1121
0.0,2.8,6.2,360,0.94,2.0,6,32,1122
0.0,2.8,6.344708572938488,360,0.95,4.0,7,32,1123
11.222222222222221,2.7,6.5,360,0.97,6.0,8,32,1124
56.111111111111114,3.5,6.655291427061512,360,0.97,5.0,9,32,1125
168.33333333333331,4.9,6.8,360,0.97,6.0,10,32,1126
235.66666666666669,6.3,6.924264068711929,360,0.97,7.0,11,32,1127
224.44444444444446,7.7,7.019615242270663,360,0.96,6.0,12,32,1128
179.55555555555554,8.2,7.079555495773441,360,0.92,5.0,13,32,1129
157.1111111111111,9.1,7.1,360,0.84,7.0,14,32,1130
123.44444444444446,9.1,7.079555495773441,360,0.84,6.0,15,32,1131
67.33333333333334,9.0,7.019615242270663,360,0.85,6.0,16,32,1132
22.444444444444443,8.7,6.924264068711929,360,0.88,6.0,17,32,1133
0.0,8.3,6.8,360,0.93,6.0,18,32,1134
0.0,8.0,6.655291427061512,360,0.94,6.0,19,32,1135
0.0,8.0,6.5,360,0.95,5.0,20,32,1136
0.0,7.9,6.344708572938488,360,0.97,6.0,21,32,1137
0.0,7.7,6.2,360,0.99,6.0,22,32,1138
0.0,7.7,6.075735931288071,360,1.0,6.0,23,32,1139
0.0,7.9,5.980384757729337,360,1.0,5.0,24,32,1140
0.0,7.9,6.7221482129121055,360,1.0,4.0,1,33,1141
0.0,8.0,6.699999999999999,360,1.0,4.0,2,33,1142
0.0,8.0,6.7221482129121055,360,1.0,4.0,3,33,1143
0.0,8.0,6.787083487540114,360,1.0,4.0,4,33,1144
0.0,7.7,6.890380592228744,360,1.0,4.0,5,33,1145
0.0,7.6,7.0249999999999995,360,1.0,3.0,6,33,1146
0.0,7.4,7.181767620683361,360,1.0,2.0,7,33,1147
22.444444444444443,7.3,7.35,360,1.0,3.0,8,33,1148
89.77777777777777,7.6,7.518232379316638,360,1.0,4.0,9,33,1149
168.33333333333331,7.9,7.675,360,1.0,3.0,10,33,1150
347.8888888888889,8.3,7.8096194077712555,360,0.92,4.0,11,33,1151
359.1111111111111,8.2,7.912916512459884,360,0.92,4.0,12,33,1152
303.0,8.2,7.977851787087894,360,0.89,4.0,13,33,1153
235.66666666666669,7.9,8.0,360,0.88,4.0,14,33,1154
157.1111111111111,7.4,7.977851787087894,360,0.9,4.0,15,33,1155
101.0,7.3,7.912916512459884,360,0.87,4.0,16,33,1156
22.444444444444443,6.9,7.8096194077712555,360,0.9,3.0,17,33,1157
0.0,6.6,7.675,360,0.89,3.0,18,33,1158
0.0,6.4,7.518232379316638,360,0.89,2.0,19,33,1159
0.0,6.3,7.35,360,0.9,3.0,20,33,1160
0.0,6.0,7.181767620683361,360,0.9,4.0,21,33,1161
0.0,6.1,7.0249999999999995,360,0.9,4.0,22,33,1162
0.0,6.1,6.890380592228744,360,0.9,4.0,23,33,1163
0.0,6.1,6.787083487540115,360,0.9,4.0,24,33,1164
0.0,5.9,7.1068148347421864,360,0.91,3.0,1,34,1165
0.0,5.6,7.1,360,0.91,2.0,2,34,1166
0.0,5.5,7.106814834742186,360,0.91,2.0,3,34,1167
0.0,5.2,7.126794919243112,360,0.92,3.0,4,34,1168
0.0,5.0,7.15857864376269,360,0.93,4.0,5,34,1169
0.0,4.8,7.199999999999999,360,0.95,2.0,6,34,1170
0.0,4.7,7.248236190979496,360,0.95,2.0,7,34,1171
22.444444444444443,3.6,7.3,360,0.96,2.0,8,34,1172
213.22222222222223,5.2,7.351763809020504,360,0.96,2.0,9,34,1173
538.6666666666667,7.8,7.4,360,0.83,2.0,10,34,1174
549.8888888888889,7.3,7.441421356237309,360,0.86,4.0,11,34,1175
246.8888888888889,5.8,7.4732050807568875,360,0.9,6.0,12,34,1176
134.66666666666669,4.5,7.493185165257814,360,0.95,6.0,13,34,1177
123.44444444444446,4.5,7.5,360,0.97,5.0,14,34,1178
145.88888888888889,5.2,7.493185165257814,360,0.99,4.0,15,34,1179
56.111111111111114,5.5,7.4732050807568875,360,0.99,4.0,16,34,1180
11.222222222222221,5.9,7.441421356237309,360,0.99,3.0,17,34,1181
0.0,5.9,7.4,360,0.97,3.0,18,34,1182
0.0,5.8,7.351763809020504,360,0.97,2.0,19,34,1183
0.0,5.9,7.3,360,0.96,2.0,20,34,1184
0.0,5.7,7.248236190979496,360,0.98,2.0,21,34,1185
0.0,5.7,7.2,360,0.99,2.0,22,34,1186
0.0,5.8,7.158578643762691,360,1.0,4.0,23,34,1187
0.0,5.9,7.126794919243112,360,1.0,6.0,24,34,1188
0.0,5.9,7.217037086855465,360,1.0,6.0,1,35,1189
0.0,5.9,7.199999999999999,360,1.0,6.0,2,35,1190
0.0,6.0,7.217037086855465,360,1.0,6.0,3,35,1191
0.0,6.2,7.2669872981077805,360,1.0,4.0,4,35,1192
0.0,6.5,7.346446609406725,360,1.0,4.0,5,35,1193
0.0,6.6,7.449999999999999,360,1.0,4.0,6,35,1194
0.0,6.7,7.570590477448739,360,1.0,5.0,7,35,1195
0.0,7.0,7.699999999999999,360,1.0,4.0,8,35,1196
33.66666666666667,7.4,7.829409522551259,360,1.0,5.0,9,35,1197
67.33333333333334,7.9,7.949999999999999,360,1.0,5.0,10,35,1198
112.22222222222223,8.7,8.053553390593272,360,1.0,4.0,11,35,1199
168.33333333333331,9.8,8.133012701892218,360,1.0,6.0,12,35,1200
572.3333333333333,11.0,8.182962913144532,360,0.86,6.0,13,35,1201
606.0,11.1,8.2,360,0.76,7.0,14,35,1202
448.8888888888889,11.2,8.182962913144532,360,0.72,6.0,15,35,1203
213.22222222222223,10.7,8.133012701892218,360,0.77,8.0,16,35,1204
78.55555555555554,9.4,8.053553390593272,360,0.85,8.0,17,35,1205
11.222222222222221,8.9,7.949999999999999,360,0.89,6.0,18,35,1206
0.0,8.0,7.829409522551259,360,0.95,7.0,19,35,1207
0.0,5.6,7.699999999999999,360,0.95,9.0,20,35,1208
0.0,5.7,7.570590477448739,360,0.93,4.0,21,35,1209
0.0,6.0,7.449999999999999,360,0.9,5.0,22,35,1210
0.0,5.6,7.346446609406726,360,0.83,5.0,23,35,1211
0.0,3.0,7.2669872981077805,360,0.9,3.0,24,35,1212
0.0,3.1,6.123851921597652,360,0.9,2.0,1,36,1213
0.0,0.8,6.1,360,0.95,2.0,2,36,1214
0.0,0.5,6.123851921597652,360,0.98,0.0,3,36,1215
0.0,0.5,6.1937822173508925,360,0.99,0.0,4,36,1216
0.0,-0.4,6.305025253169416,360,0.99,0.0,5,36,1217
0.0,-0.4,6.449999999999999,360,0.99,0.0,6,36,1218
0.0,-0.2,6.618826668428236,360,1.0,1.0,7,36,1219
67.33333333333334,0.9,6.8,360,1.0,2.0,8,36,1220
291.77777777777777,2.4,6.981173331571765,360,1.0,3.0,9,36,1221
572.3333333333333,5.2,7.15,360,0.9,3.0,10,36,1222
808.0,7.4,7.294974746830583,360,0.83,3.0,11,36,1223
953.8888888888889,8.6,7.406217782649107,360,0.77,4.0,12,36,1224
931.4444444444445,9.0,7.476148078402348,360,0.77,6.0,13,36,1225
931.4444444444445,9.0,7.5,360,0.74,7.0,14,36,1226
751.8888888888888,9.6,7.476148078402348,360,0.67,6.0,15,36,1227
336.66666666666663,9.0,7.406217782649107,360,0.69,5.0,16,36,1228
78.55555555555554,7.2,7.294974746830583,360,0.79,4.0,17,36,1229
0.0,6.1,7.15,360,0.88,2.0,18,36,1230
0.0,6.6,6.981173331571765,360,0.85,3.0,19,36,1231
0.0,4.8,6.8,360,0.89,3.0,20,36,1232
0.0,4.2,6.618826668428236,360,0.93,4.0,21,36,1233
0.0,3.8,6.45,360,0.96,4.0,22,36,1234
0.0,3.6,6.305025253169417,360,0.97,4.0,23,36,1235
0.0,3.2,6.1937822173508925,360,0.98,3.0,24,36,1236
0.0,3.0,6.423851921597652,360,0.98,4.0,1,37,1237
0.0,3.7,6.4,360,0.99,4.0,2,37,1238
0.0,4.3,6.423851921597652,360,0.99,3.0,3,37,1239
0.0,4.8,6.493782217350892,360,0.99,4.0,4,37,1240
0.0,5.3,6.6050252531694165,360,0.99,4.0,5,37,1241
0.0,5.6,6.749999999999999,360,0.99,4.0,6,37,1242
0.0,6.0,6.918826668428236,360,0.99,6.0,7,37,1243
22.444444444444443,6.5,7.1,360,0.99,6.0,8,37,1244
123.44444444444446,7.3,7.281173331571764,360,0.97,8.0,9,37,1245
202.0,8.0,7.449999999999999,360,0.94,10.0,10,37,1246
235.66666666666669,8.6,7.594974746830583,360,0.92,8.0,11,37,1247
224.44444444444446,9.8,7.706217782649107,360,0.87,10.0,12,37,1248
157.1111111111111,9.6,7.776148078402347,360,0.86,12.0,13,37,1249
246.8888888888889,9.8,7.799999999999999,360,0.88,13.0,14,37,1250
134.66666666666669,9.6,7.776148078402347,360,0.92,12.0,15,37,1251
78.55555555555554,9.5,7.706217782649107,360,0.96,10.0,16,37,1252
33.66666666666667,9.5,7.594974746830583,360,0.97,10.0,17,37,1253
0.0,9.6,7.449999999999999,360,0.97,10.0,18,37,1254
0.0,9.7,7.281173331571764,360,0.95,12.0,19,37,1255
0.0,9.7,7.1,360,0.97,11.0,20,37,1256
0.0,9.9,6.918826668428236,360,0.98,12.0,21,37,1257
0.0,10.0,6.75,360,0.97,11.0,22,37,1258
0.0,9.9,6.6050252531694165,360,0.96,9.0,23,37,1259
0.0,10.1,6.493782217350892,360,0.95,9.0,24,37,1260
0.0,9.9,7.422148212912107,360,0.95,8.0,1,38,1261
0.0,9.9,7.400000000000001,360,0.91,6.0,2,38,1262
0.0,9.4,7.422148212912107,360,0.92,6.0,3,38,1263
0.0,9.4,7.487083487540116,360,0.94,5.0,4,38,1264
0.0,8.1,7.590380592228745,360,0.93,8.0,5,38,1265
0.0,8.2,7.7250000000000005,360,0.91,3.0,6,38,1266
0.0,7.9,7.8817676206833625,360,0.88,3.0,7,38,1267
44.888888888888886,7.6,8.05,360,0.9,3.0,8,38,1268
291.77777777777777,8.5,8.218232379316639,360,0.87,2.0,9,38,1269
583.5555555555555,9.6,8.375,360,0.77,4.0,10,38,1270
751.8888888888888,10.2,8.509619407771256,360,0.66,5.0,11,38,1271
819.2222222222222,10.6,8.612916512459886,360,0.6,4.0,12,38,1272
953.8888888888889,11.1,8.677851787087894,360,0.57,5.0,13,38,1273
774.3333333333333,10.5,8.7,360,0.57,6.0,14,38,1274
527.4444444444445,10.6,8.677851787087894,360,0.61,4.0,15,38,1275
269.33333333333337,10.5,8.612916512459886,360,0.64,3.0,16,38,1276
89.77777777777777,9.9,8.509619407771256,360,0.68,2.0,17,38,1277
0.0,6.3,8.375,360,0.85,1.0,18,38,1278
0.0,4.8,8.218232379316639,360,0.93,0.0,19,38,1279
0.0,4.7,8.05,360,0.96,1.0,20,38,1280
0.0,3.5,7.8817676206833625,360,0.96,1.0,21,38,1281
0.0,2.7,7.725000000000001,360,0.98,1.0,22,38,1282
0.0,2.6,7.590380592228745,360,0.99,0.0,23,38,1283
0.0,1.9,7.487083487540116,360,0.99,0.0,24,38,1284
0.0,1.6,6.030666756339839,360,0.99,0.0,1,39,1285
0.0,1.4,6.0,360,1.0,1.0,2,39,1286
0.0,0.6,6.030666756339839,360,0.99,0.0,3,39,1287
0.0,1.2,6.120577136594005,360,1.0,1.0,4,39,1288
0.0,0.1,6.263603896932107,360,1.0,0.0,5,39,1289
0.0,0.2,6.45,360,1.0,0.0,6,39,1290
0.0,-0.4,6.667062859407732,360,1.0,0.0,7,39,1291
101.0,0.4,6.9,360,1.0,0.0,8,39,1292
359.1111111111111,4.8,7.132937140592269,360,1.0,1.0,9,39,1293
594.7777777777778,7.1,7.3500000000000005,360,0.84,2.0,10,39,1294
841.6666666666666,9.3,7.536396103067893,360,0.75,3.0,11,39,1295
976.3333333333333,10.6,7.679422863405995,360,0.66,4.0,12,39,1296
998.7777777777778,11.7,7.769333243660162,360,0.61,4.0,13,39,1297
920.2222222222223,12.4,7.800000000000001,360,0.55,3.0,14,39,1298
718.2222222222222,12.8,7.769333243660162,360,0.52,3.0,15,39,1299
471.33333333333337,12.6,7.679422863405995,360,0.6,3.0,16,39,1300
157.1111111111111,10.1,7.536396103067893,360,0.64,3.0,17,39,1301
0.0,9.3,7.3500000000000005,360,0.68,2.0,18,39,1302
0.0,8.0,7.132937140592269,360,0.71,2.0,19,39,1303
0.0,6.8,6.9,360,0.77,1.0,20,39,1304
0.0,6.8,6.667062859407732,360,0.77,2.0,21,39,1305
0.0,6.2,6.450000000000001,360,0.8,2.0,22,39,1306
0.0,5.2,6.263603896932108,360,0.81,2.0,23,39,1307
0.0,3.3,6.120577136594005,360,0.9,2.0,24,39,1308
0.0,2.7,5.5323704650253855,360,0.9,1.0,1,40,1309
0.0,2.0,5.5,360,0.93,1.0,2,40,1310
0.0,1.5,5.5323704650253855,360,0.97,1.0,3,40,1311
0.0,1.3,5.6272758664047835,360,0.98,0.0,4,40,1312
0.0,5.7,5.77824855787278,360,0.98,6.0,5,40,1313
0.0,4.5,5.975,360,0.76,6.0,6,40,1314
0.0,4.7,6.204121907152605,360,0.76,3.0,7,40,1315
56.111111111111114,6.1,6.45,360,0.71,7.0,8,40,1316
336.66666666666663,7.2,6.695878092847395,360,0.66,8.0,9,40,1317
628.4444444444443,9.7,6.925000000000001,360,0.55,8.0,10,40,1318
864.1111111111111,11.2,7.121751442127221,360,0.54,9.0,11,40,1319
1010.0,12.6,7.272724133595217,360,0.54,8.0,12,40,1320
1021.2222222222222,12.8,7.367629534974615,360,0.56,8.0,13,40,1321
942.6666666666667,13.1,7.4,360,0.6,8.0,14,40,1322
751.8888888888888,12.2,7.367629534974615,360,0.72,10.0,15,40,1323
303.0,11.1,7.272724133595217,360,0.78,8.0,16,40,1324
89.77777777777777,10.6,7.121751442127221,360,0.82,6.0,17,40,1325
0.0,9.7,6.925000000000001,360,0.85,6.0,18,40,1326
0.0,8.0,6.695878092847395,360,0.86,7.0,19,40,1327
0.0,6.3,6.45,360,0.92,8.0,20,40,1328
0.0,5.7,6.204121907152605,360,0.92,6.0,21,40,1329
0.0,5.1,5.9750000000000005,360,0.93,5.0,22,40,1330
0.0,4.3,5.77824855787278,360,0.96,4.0,23,40,1331
0.0,3.2,5.6272758664047835,360,0.97,2.0,24,40,1332
0.0,1.6,6.327259338968744,360,0.98,1.0,1,41,1333
0.0,2.1,6.299999999999999,360,0.99,0.0,2,41,1334
0.0,3.4,6.327259338968744,360,1.0,0.0,3,41,1335
0.0,3.8,6.407179676972448,360,1.0,2.0,4,41,1336
0.0,3.1,6.534314575050761,360,0.99,2.0,5,41,1337
0.0,3.7,6.699999999999999,360,1.0,2.0,6,41,1338
0.0,5.6,6.892944763917983,360,1.0,4.0,7,41,1339
44.888888888888886,6.0,7.1,360,1.0,6.0,8,41,1340
224.44444444444446,6.8,7.307055236082016,360,1.0,6.0,9,41,1341
538.6666666666667,8.3,7.5,360,0.91,6.0,10,41,1342
763.1111111111111,9.9,7.665685424949238,360,0.83,6.0,11,41,1343
819.2222222222222,11.3,7.79282032302755,360,0.78,6.0,12,41,1344
527.4444444444445,11.4,7.872740661031255,360,0.81,6.0,13,41,1345
392.7777777777778,12.1,7.9,360,0.78,6.0,14,41,1346
112.22222222222223,11.5,7.872740661031255,360,0.82,5.0,15,41,1347
56.111111111111114,11.1,7.79282032302755,360,0.86,6.0,16,41,1348
33.66666666666667,10.4,7.665685424949238,360,0.87,6.0,17,41,1349
0.0,9.4,7.5,360,0.91,4.0,18,41,1350
0.0,9.1,7.307055236082016,360,0.95,4.0,19,41,1351
0.0,9.0,7.1,360,0.96,4.0,20,41,1352
0.0,8.7,6.892944763917983,360,0.91,5.0,21,41,1353
0.0,7.9,6.699999999999999,360,0.9,4.0,22,41,1354
0.0,7.4,6.534314575050762,360,0.93,8.0,23,41,1355
0.0,6.1,6.407179676972449,360,0.97,8.0,24,41,1356
0.0,5.8,6.817037086855466,360,0.98,8.0,1,42,1357
0.0,5.1,6.8,360,0.92,8.0,2,42,1358
0.0,4.0,6.817037086855466,360,0.92,6.0,3,42,1359
0.0,2.7,6.86698729810778,360,0.95,5.0,4,42,1360
0.0,2.1,6.946446609406726,360,0.97,4.0,5,42,1361
0.0,1.4,7.05,360,0.98,4.0,6,42,1362
0.0,0.8,7.17059047744874,360,0.99,3.0,7,42,1363
44.888888888888886,0.6,7.3,360,1.0,4.0,8,42,1364
269.33333333333337,2.1,7.429409522551261,360,1.0,5.0,9,42,1365
650.8888888888889,4.9,7.55,360,1.0,5.0,10,42,1366
909.0,6.4,7.653553390593274,360,0.82,6.0,11,42,1367
1010.0,7.7,7.7330127018922195,360,0.71,6.0,12,42,1368
1077.3333333333335,8.1,7.782962913144534,360,0.59,7.0,13,42,1369
987.5555555555557,8.2,7.8,360,0.55,8.0,14,42,1370
796.7777777777777,8.4,7.782962913144534,360,0.56,8.0,15,42,1371
516.2222222222223,7.8,7.7330127018922195,360,0.55,8.0,16,42,1372
213.22222222222223,6.0,7.653553390593274,360,0.58,8.0,17,42,1373
11.222222222222221,4.2,7.55,360,0.65,5.0,18,42,1374
0.0,3.2,7.429409522551261,360,0.74,4.0,19,42,1375
0.0,2.9,7.3,360,0.81,5.0,20,42,1376
0.0,2.7,7.17059047744874,360,0.84,5.0,21,42,1377
0.0,2.5,7.05,360,0.83,5.0,22,42,1378
0.0,1.7,6.946446609406726,360,0.86,3.0,23,42,1379
0.0,1.3,6.86698729810778,360,0.88,3.0,24,42,1380
0.0,1.1,5.625555630283198,360,0.88,3.0,1,43,1381
0.0,0.9,5.6,360,0.88,4.0,2,43,1382
0.0,0.6,5.625555630283198,360,0.89,4.0,3,43,1383
0.0,0.3,5.700480947161671,360,0.9,4.0,4,43,1384
0.0,-0.1,5.819669914110088,360,0.9,4.0,5,43,1385
0.0,-0.7,5.975,360,0.92,4.0,6,43,1386
0.0,-0.9,6.155885716173109,360,0.93,4.0,7,43,1387
44.888888888888886,-1.0,6.35,360,0.95,2.0,8,43,1388
280.55555555555554,0.6,6.54411428382689,360,0.92,2.0,9,43,1389
370.33333333333337,1.6,6.725,360,0.88,3.0,10,43,1390
404.0,2.8,6.88033008588991,360,0.81,2.0,11,43,1391
909.0,7.0,6.999519052838329,360,0.67,2.0,12,43,1392
1077.3333333333335,8.7,7.074444369716801,360,0.58,5.0,13,43,1393
998.7777777777778,10.1,7.1,360,0.55,6.0,14,43,1394
808.0,10.2,7.074444369716801,360,0.55,6.0,15,43,1395
448.8888888888889,9.6,6.999519052838329,360,0.58,4.0,16,43,1396
145.88888888888889,7.5,6.88033008588991,360,0.66,3.0,17,43,1397
11.222222222222221,2.8,6.725,360,0.86,2.0,18,43,1398
0.0,2.0,6.54411428382689,360,0.9,2.0,19,43,1399
0.0,0.9,6.35,360,0.93,2.0,20,43,1400
0.0,0.8,6.155885716173109,360,0.94,0.0,21,43,1401
0.0,-0.1,5.975,360,0.94,2.0,22,43,1402
0.0,1.6,5.819669914110089,360,0.88,2.0,23,43,1403
0.0,3.6,5.700480947161671,360,0.81,4.0,24,43,1404
0.0,0.4,5.240889008453118,360,0.81,3.0,1,44,1405
0.0,0.4,5.200000000000001,360,0.8,2.0,2,44,1406
0.0,0.8,5.240889008453118,360,0.81,2.0,3,44,1407
0.0,2.4,5.360769515458674,360,0.83,4.0,4,44,1408
0.0,3.8,5.551471862576143,360,0.88,6.0,5,44,1409
0.0,3.6,5.8,360,0.89,6.0,6,44,1410
0.0,4.4,6.0894171458769755,360,0.9,8.0,7,44,1411
67.33333333333334,4.9,6.4,360,0.9,9.0,8,44,1412
291.77777777777777,7.0,6.710582854123025,360,0.85,9.0,9,44,1413
617.2222222222222,8.8,7.0,360,0.79,10.0,10,44,1414
650.8888888888889,9.9,7.2485281374238575,360,0.76,12.0,11,44,1415
987.5555555555557,11.3,7.439230484541326,360,0.67,10.0,12,44,1416
897.7777777777778,13.0,7.559110991546882,360,0.63,9.0,13,44,1417
729.4444444444443,13.5,7.6,360,0.63,11.0,14,44,1418
460.11111111111114,13.9,7.559110991546882,360,0.6,11.0,15,44,1419
303.0,13.7,7.439230484541326,360,0.6,10.0,16,44,1420
78.55555555555554,13.2,7.2485281374238575,360,0.63,9.0,17,44,1421
11.222222222222221,11.8,7.0,360,0.69,6.0,18,44,1422
0.0,11.9,6.710582854123025,360,0.72,6.0,19,44,1423
0.0,12.0,6.4,360,0.72,7.0,20,44,1424
0.0,11.1,6.0894171458769755,360,0.82,11.0,21,44,1425
0.0,10.9,5.800000000000001,360,0.81,11.0,22,44,1426
0.0,9.9,5.551471862576143,360,0.91,11.0,23,44,1427
0.0,9.8,5.360769515458674,360,0.9,10.0,24,44,1428
0.0,9.8,7.218740795541012,360,0.89,10.0,1,45,1429
0.0,8.6,7.199999999999999,360,0.9,12.0,2,45,1430
0.0,7.6,7.218740795541012,360,0.92,8.0,3,45,1431
0.0,7.7,7.273686027918559,360,0.93,9.0,4,45,1432
0.0,7.4,7.361091270347399,360,0.95,8.0,5,45,1433
0.0,7.2,7.475,360,0.95,6.0,6,45,1434
0.0,6.7,7.607649525193613,360,0.94,5.0,7,45,1435
22.444444444444443,6.5,7.75,360,0.94,6.0,8,45,1436
246.8888888888889,7.4,7.892350474806387,360,0.91,6.0,9,45,1437
617.2222222222222,8.8,8.025,360,0.83,7.0,10,45,1438
628.4444444444443,9.5,8.138908729652602,360,0.8,10.0,11,45,1439
437.6666666666667,9.3,8.226313972081442,360,0.85,11.0,12,45,1440
639.6666666666667,9.8,8.281259204458987,360,0.87,8.0,13,45,1441
650.8888888888889,9.0,8.3,360,0.85,9.0,14,45,1442
471.33333333333337,9.1,8.281259204458987,360,0.82,7.0,15,45,1443
415.2222222222223,9.9,8.226313972081442,360,0.83,9.0,16,45,1444
78.55555555555554,9.1,8.138908729652602,360,0.85,8.0,17,45,1445
11.222222222222221,7.9,8.025,360,0.79,6.0,18,45,1446
0.0,6.4,7.892350474806387,360,0.87,3.0,19,45,1447
0.0,7.2,7.75,360,0.87,4.0,20,45,1448
0.0,6.5,7.607649525193613,360,0.86,5.0,21,45,1449
0.0,5.2,7.475,360,0.92,5.0,22,45,1450
0.0,4.7,7.361091270347399,360,0.94,4.0,23,45,1451
0.0,4.0,7.273686027918559,360,0.96,4.0,24,45,1452
0.0,4.3,6.527259338968745,360,0.96,5.0,1,46,1453
0.0,3.4,6.5,360,0.97,4.0,2,46,1454
0.0,2.8,6.527259338968745,360,0.97,4.0,3,46,1455
0.0,2.6,6.607179676972449,360,0.98,4.0,4,46,1456
0.0,2.3,6.734314575050762,360,0.98,4.0,5,46,1457
0.0,2.3,6.8999999999999995,360,0.99,5.0,6,46,1458
0.0,2.1,7.092944763917983,360,1.0,5.0,7,46,1459
44.888888888888886,3.5,7.3,360,1.0,4.0,8,46,1460
123.44444444444446,4.5,7.507055236082016,360,1.0,4.0,9,46,1461
505.0,6.9,7.7,360,0.95,6.0,10,46,1462
695.7777777777778,8.8,7.865685424949238,360,0.84,7.0,11,46,1463
426.44444444444446,9.1,7.9928203230275505,360,0.85,8.0,12,46,1464
404.0,10.1,8.072740661031254,360,0.84,8.0,13,46,1465
269.33333333333337,9.2,8.1,360,0.93,7.0,14,46,1466
336.66666666666663,10.1,8.072740661031254,360,0.86,8.0,15,46,1467
145.88888888888889,10.0,7.9928203230275505,360,0.85,7.0,16,46,1468
56.111111111111114,9.3,7.865685424949238,360,0.89,10.0,17,46,1469
0.0,8.9,7.7,360,0.92,8.0,18,46,1470
0.0,9.1,7.507055236082016,360,0.91,9.0,19,46,1471
0.0,8.5,7.3,360,0.92,11.0,20,46,1472
0.0,8.1,7.092944763917983,360,0.95,8.0,21,46,1473
0.0,8.4,6.9,360,0.97,8.0,22,46,1474
0.0,9.0,6.734314575050762,360,0.98,9.0,23,46,1475
0.0,9.5,6.607179676972449,360,0.98,8.0,24,46,1476
0.0,9.8,7.732370465025386,360,0.99,10.0,1,47,1477
0.0,10.2,7.700000000000001,360,0.99,9.0,2,47,1478
0.0,10.5,7.732370465025386,360,0.99,11.0,3,47,1479
0.0,10.9,7.827275866404784,360,0.99,12.0,4,47,1480
0.0,11.0,7.97824855787278,360,0.98,12.0,5,47,1481
0.0,11.0,8.175,360,0.99,10.0,6,47,1482
0.0,11.2,8.404121907152605,360,0.99,12.0,7,47,1483
22.444444444444443,11.2,8.65,360,0.98,11.0,8,47,1484
101.0,11.5,8.895878092847395,360,0.98,9.0,9,47,1485
145.88888888888889,11.8,9.125,360,0.97,10.0,10,47,1486
291.77777777777777,12.3,9.321751442127221,360,0.97,10.0,11,47,1487
404.0,12.5,9.472724133595216,360,0.97,10.0,12,47,1488
291.77777777777777,12.6,9.567629534974614,360,0.97,12.0,13,47,1489
258.11111111111114,12.5,9.6,360,0.97,12.0,14,47,1490
145.88888888888889,12.3,9.567629534974614,360,0.97,11.0,15,47,1491
101.0,12.2,9.472724133595216,360,0.97,11.0,16,47,1492
44.888888888888886,12.0,9.321751442127221,360,0.98,10.0,17,47,1493
0.0,11.7,9.125,360,0.98,10.0,18,47,1494
0.0,11.9,8.895878092847395,360,0.98,13.0,19,47,1495
0.0,11.7,8.65,360,0.96,12.0,20,47,1496
0.0,11.5,8.404121907152605,360,0.97,10.0,21,47,1497
0.0,11.6,8.175,360,0.98,12.0,22,47,1498
0.0,11.8,7.978248557872781,360,0.97,11.0,23,47,1499
0.0,11.7,7.827275866404784,360,0.98,10.0,24,47,1500
0.0,11.6,9.417037086855466,360,0.98,12.0,1,48,1501
0.0,11.6,9.4,360,0.99,12.0,2,48,1502
0.0,11.7,9.417037086855466,360,0.99,11.0,3,48,1503
0.0,11.6,9.466987298107782,360,0.99,10.0,4,48,1504
0.0,11.6,9.546446609406726,360,0.99,10.0,5,48,1505
0.0,11.4,9.65,360,0.99,9.0,6,48,1506
0.0,11.3,9.77059047744874,360,0.96,9.0,7,48,1507
56.111111111111114,11.2,9.9,360,0.96,8.0,8,48,1508
235.66666666666669,11.6,10.02940952255126,360,0.92,7.0,9,48,1509
437.6666666666667,11.9,10.15,360,0.88,8.0,10,48,1510
404.0,12.5,10.253553390593273,360,0.88,6.0,11,48,1511
347.8888888888889,13.0,10.333012701892219,360,0.85,8.0,12,48,1512
415.2222222222223,13.2,10.382962913144535,360,0.84,8.0,13,48,1513
549.8888888888889,13.3,10.4,360,0.82,9.0,14,48,1514
325.44444444444446,12.4,10.382962913144535,360,0.94,9.0,15,48,1515
134.66666666666669,12.5,10.333012701892219,360,0.94,8.0,16,48,1516
56.111111111111114,12.3,10.253553390593273,360,0.94,6.0,17,48,1517
0.0,11.8,10.15,360,0.97,5.0,18,48,1518
0.0,11.7,10.02940952255126,360,0.99,6.0,19,48,1519
0.0,11.6,9.9,360,0.99,6.0,20,48,1520
0.0,11.5,9.77059047744874,360,1.0,6.0,21,48,1521
0.0,11.3,9.65,360,1.0,7.0,22,48,1522
0.0,11.2,9.546446609406727,360,1.0,8.0,23,48,1523
0.0,11.2,9.466987298107782,360,0.99,8.0,24,48,1524
0.0,11.1,9.908518543427734,360,0.99,9.0,1,49,1525
0.0,11.1,9.9,360,0.98,8.0,2,49,1526
0.0,10.9,9.908518543427734,360,0.97,6.0,3,49,1527
0.0,10.6,9.93349364905389,360,0.96,6.0,4,49,1528
0.0,10.3,9.973223304703364,360,0.96,8.0,5,49,1529
0.0,10.1,10.025,360,0.97,6.0,6,49,1530
0.0,10.1,10.08529523872437,360,0.97,8.0,7,49,1531
22.444444444444443,10.3,10.15,360,0.97,8.0,8,49,1532
190.77777777777777,10.9,10.21470476127563,360,0.95,10.0,9,49,1533
359.1111111111111,11.7,10.275,360,0.91,12.0,10,49,1534
437.6666666666667,12.3,10.326776695296637,360,0.86,12.0,11,49,1535
280.55555555555554,10.8,10.36650635094611,360,0.93,14.0,12,49,1536
303.0,8.6,10.391481456572267,360,0.91,11.0,13,49,1537
538.6666666666667,9.9,10.4,360,0.77,10.0,14,49,1538
572.3333333333333,10.6,10.391481456572267,360,0.75,12.0,15,49,1539
280.55555555555554,8.8,10.36650635094611,360,0.79,12.0,16,49,1540
78.55555555555554,9.2,10.326776695296637,360,0.8,8.0,17,49,1541
11.222222222222221,8.3,10.275,360,0.81,4.0,18,49,1542
0.0,7.7,10.21470476127563,360,0.85,4.0,19,49,1543
0.0,7.5,10.15,360,0.85,6.0,20,49,1544
0.0,6.6,10.08529523872437,360,0.88,6.0,21,49,1545
0.0,6.1,10.025,360,0.89,6.0,22,49,1546
0.0,5.7,9.973223304703364,360,0.86,5.0,23,49,1547
0.0,4.6,9.93349364905389,360,0.9,4.0,24,49,1548
0.0,4.4,7.918740795541012,360,0.91,4.0,1,50,1549
0.0,2.7,7.8999999999999995,360,0.93,2.0,2,50,1550
0.0,2.3,7.918740795541012,360,0.97,2.0,3,50,1551
0.0,2.5,7.973686027918558,360,0.98,3.0,4,50,1552
0.0,2.4,8.061091270347399,360,0.98,3.0,5,50,1553
0.0,2.2,8.174999999999999,360,0.98,3.0,6,50,1554
0.0,1.8,8.307649525193613,360,0.99,2.0,7,50,1555
56.111111111111114,2.5,8.45,360,0.98,3.0,8,50,1556
415.2222222222223,4.9,8.592350474806386,360,0.93,4.0,9,50,1557
729.4444444444443,7.0,8.725,360,0.84,4.0,10,50,1558
953.8888888888889,8.4,8.8389087296526,360,0.67,6.0,11,50,1559
763.1111111111111,8.7,8.92631397208144,360,0.67,6.0,12,50,1560
987.5555555555557,10.0,8.981259204458986,360,0.61,8.0,13,50,1561
931.4444444444445,9.7,9.0,360,0.61,10.0,14,50,1562
864.1111111111111,10.0,8.981259204458986,360,0.61,10.0,15,50,1563
561.1111111111111,9.6,8.92631397208144,360,0.59,10.0,16,50,1564
213.22222222222223,8.5,8.8389087296526,360,0.64,9.0,17,50,1565
11.222222222222221,7.1,8.725,360,0.77,9.0,18,50,1566
0.0,6.8,8.592350474806386,360,0.78,6.0,19,50,1567
0.0,6.5,8.45,360,0.79,7.0,20,50,1568
0.0,6.7,8.307649525193613,360,0.82,6.0,21,50,1569
0.0,6.8,8.174999999999999,360,0.86,7.0,22,50,1570
0.0,6.2,8.061091270347399,360,0.97,6.0,23,50,1571
0.0,6.7,7.973686027918558,360,0.98,7.0,24,50,1572
0.0,6.8,8.32044450422656,360,0.99,6.0,1,51,1573
0.0,7.4,8.3,360,0.99,5.0,2,51,1574
0.0,7.8,8.32044450422656,360,1.0,5.0,3,51,1575
0.0,8.3,8.380384757729338,360,1.0,5.0,4,51,1576
0.0,8.8,8.475735931288073,360,0.99,6.0,5,51,1577
0.0,8.8,8.6,360,0.99,6.0,6,51,1578
11.222222222222221,9.0,8.744708572938489,360,0.99,6.0,7,51,1579
67.33333333333334,9.4,8.9,360,0.98,7.0,8,51,1580
269.33333333333337,10.0,9.055291427061512,360,0.95,7.0,9,51,1581
258.11111111111114,9.9,9.200000000000001,360,0.96,7.0,10,51,1582
336.66666666666663,11.1,9.324264068711928,360,0.96,8.0,11,51,1583
583.5555555555555,10.7,9.419615242270662,360,0.9,10.0,12,51,1584
381.55555555555554,11.6,9.479555495773441,360,0.88,10.0,13,51,1585
505.0,12.0,9.5,360,0.8,12.0,14,51,1586
404.0,11.9,9.479555495773441,360,0.8,11.0,15,51,1587
168.33333333333331,11.4,9.419615242270662,360,0.81,10.0,16,51,1588
56.111111111111114,10.8,9.324264068711928,360,0.86,11.0,17,51,1589
11.222222222222221,10.5,9.200000000000001,360,0.88,11.0,18,51,1590
0.0,10.4,9.055291427061512,360,0.87,11.0,19,51,1591
0.0,10.4,8.9,360,0.89,12.0,20,51,1592
0.0,10.7,8.744708572938489,360,0.88,13.0,21,51,1593
0.0,10.8,8.600000000000001,360,0.87,13.0,22,51,1594
0.0,10.6,8.475735931288073,360,0.92,14.0,23,51,1595
0.0,10.5,8.380384757729338,360,0.97,13.0,24,51,1596
0.0,10.6,8.711925960798826,360,0.97,12.0,1,52,1597
0.0,10.4,8.7,360,0.92,13.0,2,52,1598
0.0,8.1,8.711925960798826,360,0.81,10.0,3,52,1599
0.0,7.5,8.746891108675447,360,0.82,8.0,4,52,1600
0.0,7.0,8.802512626584708,360,0.81,6.0,5,52,1601
0.0,6.1,8.875,360,0.82,7.0,6,52,1602
0.0,6.0,8.95941333421412,360,0.85,7.0,7,52,1603
112.22222222222223,6.4,9.05,360,0.81,8.0,8,52,1604
359.1111111111111,7.8,9.140586665785882,360,0.81,9.0,9,52,1605
617.2222222222222,9.5,9.225000000000001,360,0.73,10.0,10,52,1606
841.6666666666666,10.2,9.297487373415294,360,0.7,10.0,11,52,1607
482.5555555555556,10.4,9.353108891324554,360,0.69,9.0,12,52,1608
415.2222222222223,10.0,9.388074039201175,360,0.71,10.0,13,52,1609
628.4444444444443,11.0,9.400000000000002,360,0.63,9.0,14,52,1610
516.2222222222223,10.6,9.388074039201175,360,0.59,11.0,15,52,1611
493.7777777777778,11.2,9.353108891324554,360,0.64,9.0,16,52,1612
224.44444444444446,10.3,9.297487373415294,360,0.7,8.0,17,52,1613
22.444444444444443,9.5,9.225000000000001,360,0.73,6.0,18,52,1614
0.0,8.7,9.140586665785882,360,0.76,7.0,19,52,1615
0.0,7.5,9.05,360,0.82,5.0,20,52,1616
0.0,7.2,8.95941333421412,360,0.85,5.0,21,52,1617
0.0,6.2,8.875,360,0.89,5.0,22,52,1618
0.0,5.1,8.80251262658471,360,0.92,3.0,23,52,1619
0.0,5.1,8.746891108675447,360,0.93,3.0,24,52,1620
0.0,4.4,8.218740795541011,360,0.97,3.0,1,53,1621
0.0,4.6,8.2,360,0.99,4.0,2,53,1622
0.0,5.0,8.218740795541011,360,0.99,4.0,3,53,1623
0.0,5.4,8.273686027918558,360,0.99,5.0,4,53,1624
0.0,5.4,8.361091270347398,360,0.99,4.0,5,53,1625
0.0,5.5,8.475,360,0.99,4.0,6,53,1626
0.0,5.9,8.607649525193613,360,0.98,4.0,7,53,1627
44.888888888888886,6.2,8.75,360,0.99,4.0,8,53,1628
101.0,6.9,8.892350474806387,360,0.98,4.0,9,53,1629
246.8888888888889,8.6,9.025,360,0.96,6.0,10,53,1630
347.8888888888889,9.6,9.138908729652602,360,0.88,7.0,11,53,1631
415.2222222222223,10.4,9.226313972081442,360,0.85,9.0,12,53,1632
437.6666666666667,10.9,9.281259204458989,360,0.83,10.0,13,53,1633
561.1111111111111,11.4,9.3,360,0.81,10.0,14,53,1634
370.33333333333337,10.9,9.281259204458989,360,0.82,9.0,15,53,1635
123.44444444444446,10.0,9.226313972081442,360,0.92,8.0,16,53,1636
44.888888888888886,10.0,9.138908729652602,360,0.91,7.0,17,53,1637
0.0,9.4,9.025,360,0.97,5.0,18,53,1638
0.0,9.1,8.892350474806387,360,0.98,5.0,19,53,1639
0.0,9.2,8.75,360,0.99,5.0,20,53,1640
0.0,9.2,8.607649525193613,360,0.99,5.0,21,53,1641
0.0,9.0,8.475,360,0.99,5.0,22,53,1642
0.0,8.9,8.361091270347398,360,0.99,4.0,23,53,1643
0.0,8.8,8.273686027918558,360,0.99,4.0,24,53,1644
0.0,8.7,8.923851921597654,360,0.99,4.0,1,54,1645
0.0,8.5,8.900000000000002,360,1.0,5.0,2,54,1646
0.0,8.4,8.923851921597654,360,1.0,2.0,3,54,1647
0.0,8.6,8.993782217350894,360,1.0,1.0,4,54,1648
0.0,8.3,9.105025253169417,360,1.0,1.0,5,54,1649
0.0,7.7,9.250000000000002,360,1.0,1.0,6,54,1650
0.0,8.1,9.418826668428236,360,1.0,3.0,7,54,1651
44.888888888888886,8.5,9.600000000000001,360,1.0,2.0,8,54,1652
157.1111111111111,9.0,9.781173331571766,360,1.0,3.0,9,54,1653
202.0,9.2,9.950000000000001,360,1.0,3.0,10,54,1654
235.66666666666669,9.8,10.094974746830585,360,0.99,2.0,11,54,1655
471.33333333333337,11.6,10.206217782649109,360,0.88,3.0,12,54,1656
1032.4444444444446,12.3,10.276148078402349,360,0.75,3.0,13,54,1657
572.3333333333333,12.6,10.3,360,0.75,2.0,14,54,1658
370.33333333333337,12.8,10.276148078402349,360,0.69,2.0,15,54,1659
202.0,12.3,10.206217782649109,360,0.75,2.0,16,54,1660
258.11111111111114,11.6,10.094974746830585,360,0.73,2.0,17,54,1661
22.444444444444443,9.9,9.950000000000001,360,0.79,1.0,18,54,1662
0.0,6.6,9.781173331571766,360,0.93,1.0,19,54,1663
0.0,6.4,9.600000000000001,360,0.97,0.0,20,54,1664
0.0,5.1,9.418826668428236,360,0.97,1.0,21,54,1665
0.0,6.9,9.250000000000002,360,0.98,2.0,22,54,1666
0.0,6.4,9.105025253169417,360,0.97,1.0,23,54,1667
0.0,6.8,8.993782217350894,360,0.97,2.0,24,54,1668
0.0,5.8,8.125555630283198,360,0.99,2.0,1,55,1669
0.0,6.2,8.1,360,0.99,3.0,2,55,1670
0.0,6.1,8.125555630283198,360,1.0,2.0,3,55,1671
0.0,5.4,8.20048094716167,360,1.0,2.0,4,55,1672
0.0,3.9,8.319669914110088,360,1.0,0.0,5,55,1673
0.0,3.5,8.475,360,1.0,2.0,6,55,1674
0.0,2.2,8.65588571617311,360,1.0,1.0,7,55,1675
78.55555555555554,3.5,8.85,360,1.0,1.0,8,55,1676
381.55555555555554,6.9,9.04411428382689,360,1.0,3.0,9,55,1677
763.1111111111111,9.5,9.225,360,1.0,6.0,10,55,1678
695.7777777777778,9.7,9.380330085889911,360,0.91,7.0,11,55,1679
1133.4444444444443,10.8,9.499519052838329,360,0.83,9.0,12,55,1680
965.1111111111112,12.2,9.574444369716801,360,0.74,9.0,13,55,1681
527.4444444444445,11.7,9.6,360,0.71,11.0,14,55,1682
359.1111111111111,10.0,9.574444369716801,360,0.84,10.0,15,55,1683
246.8888888888889,10.3,9.499519052838329,360,0.8,6.0,16,55,1684
145.88888888888889,9.7,9.380330085889911,360,0.78,7.0,17,55,1685
44.888888888888886,8.1,9.225,360,0.82,5.0,18,55,1686
0.0,6.8,9.04411428382689,360,0.82,4.0,19,55,1687
0.0,6.1,8.85,360,0.82,4.0,20,55,1688
0.0,5.4,8.65588571617311,360,0.81,4.0,21,55,1689
0.0,3.8,8.475,360,0.85,2.0,22,55,1690
0.0,2.7,8.319669914110088,360,0.91,2.0,23,55,1691
0.0,1.5,8.20048094716167,360,0.92,2.0,24,55,1692
0.0,2.2,6.932370465025386,360,0.88,1.0,1,56,1693
0.0,2.1,6.9,360,0.83,1.0,2,56,1694
0.0,-0.7,6.932370465025386,360,0.92,1.0,3,56,1695
0.0,1.3,7.027275866404784,360,0.82,2.0,4,56,1696
0.0,-0.3,7.17824855787278,360,0.91,1.0,5,56,1697
0.0,0.0,7.375,360,0.88,2.0,6,56,1698
0.0,-0.1,7.604121907152606,360,0.92,2.0,7,56,1699
168.33333333333331,2.3,7.8500000000000005,360,0.87,2.0,8,56,1700
505.0,4.6,8.095878092847395,360,0.85,2.0,9,56,1701
808.0,7.5,8.325000000000001,360,0.67,3.0,10,56,1702
1043.6666666666665,8.3,8.52175144212722,360,0.63,5.0,11,56,1703
1189.5555555555557,9.2,8.672724133595217,360,0.55,5.0,12,56,1704
886.5555555555555,9.2,8.767629534974615,360,0.57,4.0,13,56,1705
763.1111111111111,9.8,8.8,360,0.55,4.0,14,56,1706
639.6666666666667,9.2,8.767629534974615,360,0.58,5.0,15,56,1707
426.44444444444446,9.6,8.672724133595217,360,0.56,4.0,16,56,1708
235.66666666666669,8.8,8.52175144212722,360,0.6,4.0,17,56,1709
33.66666666666667,6.9,8.325000000000001,360,0.61,2.0,18,56,1710
0.0,3.9,8.095878092847395,360,0.79,1.0,19,56,1711
0.0,3.3,7.8500000000000005,360,0.81,1.0,20,56,1712
0.0,1.9,7.604121907152606,360,0.9,0.0,21,56,1713
0.0,1.6,7.375000000000001,360,0.87,0.0,22,56,1714
0.0,0.8,7.17824855787278,360,0.91,0.0,23,56,1715
0.0,0.5,7.027275866404784,360,0.92,0.0,24,56,1716
0.0,0.3,6.227259338968746,360,0.95,1.0,1,57,1717
0.0,0.3,6.2,360,0.96,0.0,2,57,1718
0.0,-0.4,6.227259338968746,360,0.95,2.0,3,57,1719
0.0,0.4,6.307179676972449,360,0.91,2.0,4,57,1720
0.0,0.7,6.434314575050761,360,0.91,2.0,5,57,1721
0.0,-0.2,6.6,360,0.9,2.0,6,57,1722
0.0,-0.2,6.792944763917983,360,0.92,3.0,7,57,1723
190.77777777777777,1.8,7.0,360,0.89,4.0,8,57,1724
516.2222222222223,4.5,7.207055236082017,360,0.81,5.0,9,57,1725
852.8888888888889,7.0,7.4,360,0.65,8.0,10,57,1726
1099.7777777777778,8.3,7.565685424949238,360,0.53,9.0,11,57,1727
1234.4444444444443,9.5,7.692820323027551,360,0.48,9.0,12,57,1728
1256.8888888888887,10.4,7.772740661031254,360,0.41,9.0,13,57,1729
1167.111111111111,11.0,7.8,360,0.4,10.0,14,57,1730
976.3333333333333,11.2,7.772740661031254,360,0.38,10.0,15,57,1731
684.5555555555557,11.0,7.692820323027551,360,0.39,9.0,16,57,1732
336.66666666666663,9.9,7.565685424949238,360,0.4,8.0,17,57,1733
44.888888888888886,7.9,7.4,360,0.47,5.0,18,57,1734
0.0,6.3,7.207055236082017,360,0.54,4.0,19,57,1735
0.0,4.9,7.0,360,0.57,4.0,20,57,1736
0.0,3.9,6.792944763917983,360,0.58,3.0,21,57,1737
0.0,3.1,6.6000000000000005,360,0.63,2.0,22,57,1738
0.0,2.9,6.434314575050762,360,0.67,3.0,23,57,1739
0.0,1.6,6.307179676972449,360,0.73,3.0,24,57,1740
0.0,0.9,5.547703843195304,360,0.78,2.0,1,58,1741
0.0,0.8,5.5,360,0.76,1.0,2,58,1742
0.0,0.2,5.547703843195304,360,0.79,2.0,3,58,1743
0.0,-0.5,5.687564434701786,360,0.83,2.0,4,58,1744
0.0,-0.8,5.910050506338833,360,0.84,2.0,5,58,1745
0.0,-1.2,6.199999999999999,360,0.87,1.0,6,58,1746
11.222222222222221,-1.5,6.537653336856471,360,0.91,0.0,7,58,1747
190.77777777777777,1.6,6.9,360,0.8,2.0,8,58,1748
493.7777777777778,4.7,7.262346663143529,360,0.69,3.0,9,58,1749
819.2222222222222,8.2,7.6000000000000005,360,0.65,4.0,10,58,1750
1054.888888888889,10.6,7.889949493661167,360,0.56,6.0,11,58,1751
1200.7777777777778,12.5,8.112435565298215,360,0.54,4.0,12,58,1752
1212.0,14.1,8.252296156804697,360,0.48,4.0,13,58,1753
1111.0,14.8,8.3,360,0.48,3.0,14,58,1754
931.4444444444445,14.6,8.252296156804697,360,0.46,4.0,15,58,1755
628.4444444444443,14.7,8.112435565298215,360,0.47,3.0,16,58,1756
303.0,13.4,7.889949493661167,360,0.61,2.0,17,58,1757
33.66666666666667,8.5,7.6000000000000005,360,0.74,1.0,18,58,1758
0.0,7.4,7.262346663143529,360,0.8,0.0,19,58,1759
0.0,6.7,6.9,360,0.69,2.0,20,58,1760
0.0,7.2,6.537653336856471,360,0.59,2.0,21,58,1761
0.0,6.8,6.2,360,0.58,1.0,22,58,1762
0.0,5.1,5.910050506338834,360,0.63,1.0,23,58,1763
0.0,3.5,5.687564434701786,360,0.73,0.0,24,58,1764
0.0,2.5,6.049407551880851,360,0.75,0.0,1,59,1765
0.0,3.4,6.0,360,0.68,1.0,2,59,1766
0.0,2.1,6.049407551880851,360,0.75,0.0,3,59,1767
0.0,1.0,6.194263164512564,360,0.8,0.0,4,59,1768
0.0,0.5,6.424695167279506,360,0.85,0.0,5,59,1769
0.0,-0.2,6.725,360,0.9,0.0,6,59,1770
11.222222222222221,-0.1,7.074712384601345,360,0.87,2.0,7,59,1771
190.77777777777777,3.6,7.45,360,0.75,1.0,8,59,1772
516.2222222222223,6.0,7.825287615398655,360,0.72,2.0,9,59,1773
841.6666666666666,10.2,8.175,360,0.58,2.0,10,59,1774
1088.5555555555557,12.4,8.475304832720495,360,0.55,2.0,11,59,1775
1200.7777777777778,14.0,8.705736835487436,360,0.54,2.0,12,59,1776
1234.4444444444443,15.0,8.85059244811915,360,0.52,3.0,13,59,1777
1133.4444444444443,15.4,8.9,360,0.49,3.0,14,59,1778
931.4444444444445,16.4,8.85059244811915,360,0.47,4.0,15,59,1779
673.3333333333333,16.8,8.705736835487436,360,0.51,2.0,16,59,1780
303.0,15.2,8.475304832720495,360,0.46,1.0,17,59,1781
33.66666666666667,9.7,8.175,360,0.76,1.0,18,59,1782
0.0,8.4,7.825287615398655,360,0.77,1.0,19,59,1783
0.0,7.4,7.45,360,0.84,1.0,20,59,1784
0.0,5.9,7.074712384601345,360,0.87,1.0,21,59,1785
0.0,5.1,6.7250000000000005,360,0.92,0.0,22,59,1786
0.0,4.8,6.4246951672795065,360,0.88,0.0,23,59,1787
0.0,4.2,6.194263164512564,360,0.91,0.0,24,59,1788
0.0,3.0,7.140889008453119,360,0.92,0.0,1,61,1789
0.0,3.4,7.1000000000000005,360,0.93,0.0,2,61,1790
0.0,3.3,7.140889008453119,360,0.94,0.0,3,61,1791
0.0,4.7,7.260769515458674,360,0.93,1.0,4,61,1792
0.0,4.5,7.451471862576144,360,0.89,2.0,5,61,1793
0.0,5.1,7.7,360,0.88,0.0,6,61,1794
11.222222222222221,5.5,7.989417145876976,360,0.88,0.0,7,61,1795
112.22222222222223,6.8,8.3,360,0.81,2.0,8,61,1796
235.66666666666669,7.6,8.610582854123026,360,0.8,2.0,9,61,1797
448.8888888888889,10.4,8.9,360,0.67,2.0,10,61,1798
561.1111111111111,11.8,9.148528137423858,360,0.61,2.0,11,61,1799
684.5555555555557,13.5,9.339230484541327,360,0.57,2.0,12,61,1800
1043.6666666666665,14.8,9.459110991546883,360,0.52,3.0,13,61,1801
841.6666666666666,15.4,9.5,360,0.47,3.0,14,61,1802
942.6666666666667,15.8,9.459110991546883,360,0.45,3.0,15,61,1803
527.4444444444445,14.8,9.339230484541327,360,0.51,3.0,16,61,1804
190.77777777777777,13.8,9.148528137423858,360,0.63,2.0,17,61,1805
33.66666666666667,12.3,8.9,360,0.57,2.0,18,61,1806
0.0,11.0,8.610582854123026,360,0.57,2.0,19,61,1807
0.0,10.2,8.3,360,0.58,2.0,20,61,1808
0.0,9.2,7.989417145876976,360,0.62,3.0,21,61,1809
0.0,8.3,7.700000000000001,360,0.68,1.0,22,61,1810
0.0,8.4,7.451471862576144,360,0.68,1.0,23,61,1811
0.0,8.0,7.260769515458675,360,0.73,1.0,24,61,1812
0.0,7.7,8.318740795541014,360,0.74,1.0,1,62,1813
0.0,7.4,8.3,360,0.74,2.0,2,62,1814
0.0,8.5,8.318740795541014,360,0.74,3.0,3,62,1815
0.0,8.0,8.373686027918561,360,0.77,3.0,4,62,1816
0.0,8.3,8.461091270347401,360,0.75,4.0,5,62,1817
0.0,8.2,8.575000000000001,360,0.76,4.0,6,62,1818
11.222222222222221,7.6,8.707649525193615,360,0.82,4.0,7,62,1819
67.33333333333334,8.0,8.850000000000001,360,0.81,5.0,8,62,1820
179.55555555555554,8.4,8.992350474806388,360,0.82,6.0,9,62,1821
314.2222222222222,8.7,9.125000000000002,360,0.85,6.0,10,62,1822
179.55555555555554,8.4,9.238908729652602,360,0.9,6.0,11,62,1823
269.33333333333337,9.3,9.326313972081442,360,0.89,6.0,12,62,1824
471.33333333333337,10.0,9.381259204458988,360,0.88,6.0,13,62,1825
482.5555555555556,11.1,9.400000000000002,360,0.85,6.0,14,62,1826
538.6666666666667,10.8,9.381259204458988,360,0.85,6.0,15,62,1827
258.11111111111114,10.6,9.326313972081442,360,0.88,5.0,16,62,1828
67.33333333333334,10.2,9.238908729652602,360,0.91,4.0,17,62,1829
11.222222222222221,9.7,9.125000000000002,360,0.95,3.0,18,62,1830
0.0,9.5,8.992350474806388,360,0.98,4.0,19,62,1831
0.0,9.3,8.850000000000001,360,0.98,3.0,20,62,1832
0.0,9.2,8.707649525193615,360,0.98,3.0,21,62,1833
0.0,9.1,8.575000000000001,360,0.99,2.0,22,62,1834
0.0,9.1,8.461091270347401,360,0.99,2.0,23,62,1835
0.0,9.2,8.373686027918561,360,0.99,3.0,24,62,1836
0.0,8.9,9.027259338968747,360,0.99,4.0,1,63,1837
0.0,8.5,9.0,360,0.99,4.0,2,63,1838
0.0,8.3,9.027259338968745,360,0.99,4.0,3,63,1839
0.0,7.7,9.10717967697245,360,0.99,3.0,4,63,1840
0.0,8.1,9.234314575050762,360,0.99,3.0,5,63,1841
0.0,8.1,9.4,360,0.99,4.0,6,63,1842
11.222222222222221,8.1,9.592944763917984,360,0.98,3.0,7,63,1843
112.22222222222223,8.5,9.8,360,0.97,4.0,8,63,1844
190.77777777777777,8.8,10.007055236082017,360,0.95,5.0,9,63,1845
493.7777777777778,9.9,10.200000000000001,360,0.89,4.0,10,63,1846
819.2222222222222,10.6,10.36568542494924,360,0.83,5.0,11,63,1847
740.6666666666667,11.6,10.492820323027551,360,0.78,6.0,12,63,1848
1088.5555555555557,11.9,10.572740661031256,360,0.73,6.0,13,63,1849
572.3333333333333,12.0,10.600000000000001,360,0.75,4.0,14,63,1850
336.66666666666663,11.9,10.572740661031256,360,0.73,4.0,15,63,1851
157.1111111111111,11.7,10.492820323027551,360,0.73,2.0,16,63,1852
157.1111111111111,11.4,10.36568542494924,360,0.75,2.0,17,63,1853
22.444444444444443,10.4,10.200000000000001,360,0.86,1.0,18,63,1854
0.0,10.2,10.007055236082017,360,0.84,0.0,19,63,1855
0.0,9.5,9.8,360,0.85,0.0,20,63,1856
0.0,8.7,9.592944763917984,360,0.91,0.0,21,63,1857
0.0,9.7,9.4,360,0.83,1.0,22,63,1858
0.0,9.3,9.234314575050764,360,0.87,2.0,23,63,1859
0.0,9.5,9.10717967697245,360,0.86,2.0,24,63,1860
0.0,9.3,9.503407417371093,360,0.88,3.0,1,64,1861
0.0,9.2,9.5,360,0.93,4.0,2,64,1862
0.0,9.0,9.503407417371093,360,0.96,5.0,3,64,1863
0.0,8.7,9.513397459621556,360,0.98,4.0,4,64,1864
0.0,8.1,9.529289321881345,360,0.99,4.0,5,64,1865
0.0,7.9,9.549999999999999,360,0.99,5.0,6,64,1866
11.222222222222221,7.8,9.574118095489748,360,0.99,6.0,7,64,1867
22.444444444444443,7.7,9.6,360,0.99,5.0,8,64,1868
89.77777777777777,7.7,9.625881904510251,360,0.99,6.0,9,64,1869
112.22222222222223,7.8,9.65,360,0.99,5.0,10,64,1870
145.88888888888889,8.0,9.670710678118654,360,0.98,6.0,11,64,1871
269.33333333333337,8.3,9.686602540378443,360,0.96,7.0,12,64,1872
258.11111111111114,8.2,9.696592582628906,360,0.96,7.0,13,64,1873
235.66666666666669,8.0,9.7,360,0.95,6.0,14,64,1874
190.77777777777777,7.7,9.696592582628906,360,0.96,7.0,15,64,1875
89.77777777777777,7.8,9.686602540378443,360,0.97,5.0,16,64,1876
67.33333333333334,8.0,9.670710678118654,360,0.97,5.0,17,64,1877
22.444444444444443,8.1,9.65,360,0.92,4.0,18,64,1878
0.0,8.1,9.625881904510251,360,0.89,4.0,19,64,1879
0.0,8.0,9.6,360,0.87,4.0,20,64,1880
0.0,7.7,9.574118095489748,360,0.85,4.0,21,64,1881
0.0,7.4,9.55,360,0.83,4.0,22,64,1882
0.0,6.9,9.529289321881345,360,0.86,4.0,23,64,1883
0.0,6.7,9.513397459621556,360,0.86,4.0,24,64,1884
0.0,6.4,8.61533337816992,360,0.87,4.0,1,65,1885
0.0,5.8,8.600000000000001,360,0.89,4.0,2,65,1886
0.0,5.0,8.61533337816992,360,0.91,4.0,3,65,1887
0.0,4.6,8.660288568297004,360,0.92,3.0,4,65,1888
0.0,4.2,8.731801948466053,360,0.94,4.0,5,65,1889
0.0,4.1,8.825000000000001,360,0.96,4.0,6,65,1890
11.222222222222221,3.9,8.933531429703866,360,0.97,4.0,7,65,1891
112.22222222222223,4.0,9.05,360,0.97,5.0,8,65,1892
392.7777777777778,5.9,9.166468570296136,360,0.92,5.0,9,65,1893
516.2222222222223,6.7,9.275,360,0.89,6.0,10,65,1894
482.5555555555556,6.5,9.368198051533946,360,0.87,6.0,11,65,1895
347.8888888888889,7.2,9.439711431702998,360,0.83,5.0,12,65,1896
460.11111111111114,8.0,9.484666621830081,360,0.81,5.0,13,65,1897
336.66666666666663,8.4,9.5,360,0.82,5.0,14,65,1898
392.7777777777778,8.5,9.484666621830081,360,0.8,6.0,15,65,1899
224.44444444444446,8.0,9.439711431702998,360,0.82,5.0,16,65,1900
123.44444444444446,7.8,9.368198051533946,360,0.84,5.0,17,65,1901
33.66666666666667,6.9,9.275,360,0.89,6.0,18,65,1902
0.0,6.7,9.166468570296136,360,0.92,4.0,19,65,1903
0.0,6.5,9.05,360,0.94,5.0,20,65,1904
0.0,6.2,8.933531429703866,360,0.95,4.0,21,65,1905
0.0,6.2,8.825000000000001,360,0.97,4.0,22,65,1906
0.0,6.2,8.731801948466055,360,0.98,4.0,23,65,1907
0.0,6.2,8.660288568297004,360,0.98,4.0,24,65,1908
0.0,6.1,8.623851921597653,360,0.98,5.0,1,66,1909
0.0,5.9,8.600000000000001,360,0.98,4.0,2,66,1910
0.0,5.7,8.623851921597653,360,0.98,4.0,3,66,1911
0.0,5.5,8.693782217350893,360,0.98,3.0,4,66,1912
0.0,5.4,8.805025253169417,360,0.98,3.0,5,66,1913
0.0,5.0,8.950000000000001,360,0.98,4.0,6,66,1914
33.66666666666667,4.8,9.118826668428236,360,0.97,4.0,7,66,1915
303.0,5.4,9.3,360,0.93,4.0,8,66,1916
561.1111111111111,5.8,9.481173331571766,360,0.8,5.0,9,66,1917
875.3333333333334,7.4,9.65,360,0.68,4.0,10,66,1918
1077.3333333333335,8.7,9.794974746830585,360,0.63,4.0,11,66,1919
1054.888888888889,8.4,9.906217782649108,360,0.68,6.0,12,66,1920
1133.4444444444443,8.6,9.976148078402348,360,0.69,6.0,13,66,1921
1032.4444444444446,8.9,10.0,360,0.57,6.0,14,66,1922
909.0,9.1,9.976148078402348,360,0.56,8.0,15,66,1923
673.3333333333333,8.5,9.906217782649108,360,0.57,8.0,16,66,1924
359.1111111111111,7.4,9.794974746830585,360,0.58,7.0,17,66,1925
78.55555555555554,6.0,9.65,360,0.65,6.0,18,66,1926
0.0,4.6,9.481173331571766,360,0.69,6.0,19,66,1927
0.0,3.7,9.3,360,0.63,6.0,20,66,1928
0.0,2.6,9.118826668428236,360,0.66,5.0,21,66,1929
0.0,1.7,8.950000000000001,360,0.69,4.0,22,66,1930
0.0,0.5,8.805025253169417,360,0.73,4.0,23,66,1931
0.0,-0.2,8.693782217350893,360,0.76,2.0,24,66,1932
0.0,-0.4,7.030666756339839,360,0.75,2.0,1,67,1933
0.0,-0.9,7.0,360,0.76,3.0,2,67,1934
0.0,-1.2,7.030666756339839,360,0.79,4.0,3,67,1935
0.0,-1.5,7.120577136594005,360,0.81,4.0,4,67,1936
0.0,-1.9,7.263603896932107,360,0.83,4.0,5,67,1937
0.0,-2.1,7.45,360,0.85,5.0,6,67,1938
22.444444444444443,-1.9,7.667062859407732,360,0.85,4.0,7,67,1939
258.11111111111114,-0.4,7.9,360,0.8,5.0,8,67,1940
606.0,1.7,8.132937140592269,360,0.71,6.0,9,67,1941
942.6666666666667,3.1,8.350000000000001,360,0.64,6.0,10,67,1942
1178.3333333333335,5.4,8.536396103067894,360,0.59,7.0,11,67,1943
1313.0,6.9,8.679422863405996,360,0.56,8.0,12,67,1944
1335.4444444444443,7.8,8.769333243660162,360,0.5,7.0,13,67,1945
1234.4444444444443,8.8,8.8,360,0.49,7.0,14,67,1946
1032.4444444444446,9.5,8.769333243660162,360,0.48,6.0,15,67,1947
729.4444444444443,9.9,8.679422863405996,360,0.49,5.0,16,67,1948
381.55555555555554,9.2,8.536396103067894,360,0.52,4.0,17,67,1949
78.55555555555554,6.8,8.350000000000001,360,0.57,2.0,18,67,1950
0.0,5.5,8.132937140592269,360,0.61,2.0,19,67,1951
0.0,3.7,7.9,360,0.66,1.0,20,67,1952
0.0,3.4,7.667062859407732,360,0.68,1.0,21,67,1953
0.0,2.5,7.45,360,0.73,1.0,22,67,1954
0.0,1.1,7.263603896932107,360,0.8,1.0,23,67,1955
0.0,0.4,7.120577136594005,360,0.85,1.0,24,67,1956
0.0,1.0,6.5323704650253855,360,0.78,1.0,1,68,1957
0.0,0.8,6.5,360,0.79,3.0,2,68,1958
0.0,0.3,6.5323704650253855,360,0.83,2.0,3,68,1959
0.0,1.0,6.6272758664047835,360,0.77,2.0,4,68,1960
0.0,0.7,6.77824855787278,360,0.84,1.0,5,68,1961
0.0,1.2,6.975,360,0.84,1.0,6,68,1962
11.222222222222221,1.6,7.204121907152605,360,0.84,2.0,7,68,1963
179.55555555555554,4.4,7.45,360,0.84,3.0,8,68,1964
314.2222222222222,7.2,7.695878092847395,360,0.69,7.0,9,68,1965
471.33333333333337,8.6,7.925000000000001,360,0.68,8.0,10,68,1966
527.4444444444445,9.0,8.12175144212722,360,0.67,9.0,11,68,1967
1043.6666666666665,11.2,8.272724133595217,360,0.64,8.0,12,68,1968
875.3333333333334,11.3,8.367629534974615,360,0.67,9.0,13,68,1969
763.1111111111111,11.3,8.4,360,0.66,8.0,14,68,1970
392.7777777777778,10.5,8.367629534974615,360,0.71,8.0,15,68,1971
190.77777777777777,9.5,8.272724133595217,360,0.82,6.0,16,68,1972
112.22222222222223,8.8,8.12175144212722,360,0.9,6.0,17,68,1973
22.444444444444443,8.4,7.925000000000001,360,0.92,4.0,18,68,1974
0.0,8.2,7.695878092847395,360,0.94,4.0,19,68,1975
0.0,7.1,7.45,360,0.96,3.0,20,68,1976
0.0,6.3,7.204121907152605,360,0.97,4.0,21,68,1977
0.0,7.1,6.9750000000000005,360,0.98,4.0,22,68,1978
0.0,7.1,6.77824855787278,360,0.98,4.0,23,68,1979
0.0,7.0,6.6272758664047835,360,0.98,4.0,24,68,1980
0.0,6.2,7.9357778823964775,360,0.98,3.0,1,69,1981
0.0,6.0,7.8999999999999995,360,0.98,4.0,2,69,1982
0.0,6.0,7.9357778823964775,360,0.99,5.0,3,69,1983
0.0,5.8,8.040673326026338,360,0.99,5.0,4,69,1984
0.0,5.4,8.207537879754124,360,1.0,5.0,5,69,1985
0.0,5.0,8.424999999999999,360,1.0,4.0,6,69,1986
22.444444444444443,5.1,8.678240002642353,360,1.0,4.0,7,69,1987
123.44444444444446,5.8,8.95,360,1.0,4.0,8,69,1988
246.8888888888889,6.0,9.221759997357646,360,1.0,6.0,9,69,1989
572.3333333333333,9.5,9.475,360,0.99,7.0,10,69,1990
1200.7777777777778,12.3,9.692462120245875,360,0.74,8.0,11,69,1991
1313.0,14.0,9.85932667397366,360,0.64,8.0,12,69,1992
1346.6666666666665,15.3,9.964222117603521,360,0.51,8.0,13,69,1993
1099.7777777777778,15.2,10.0,360,0.45,8.0,14,69,1994
662.1111111111112,14.5,9.964222117603521,360,0.48,7.0,15,69,1995
448.8888888888889,14.1,9.85932667397366,360,0.52,6.0,16,69,1996
224.44444444444446,12.9,9.692462120245875,360,0.61,4.0,17,69,1997
56.111111111111114,11.4,9.475,360,0.64,2.0,18,69,1998
0.0,10.2,9.221759997357646,360,0.7,2.0,19,69,1999
0.0,10.3,8.95,360,0.73,2.0,20,69,2000
0.0,11.6,8.678240002642353,360,0.66,4.0,21,69,2001
0.0,11.0,8.424999999999999,360,0.71,4.0,22,69,2002
0.0,11.3,8.207537879754124,360,0.7,4.0,23,69,2003
0.0,10.0,8.040673326026338,360,0.79,5.0,24,69,2004
0.0,10.2,9.117037086855465,360,0.75,5.0,1,70,2005
0.0,9.5,9.1,360,0.77,6.0,2,70,2006
0.0,9.1,9.117037086855465,360,0.79,6.0,3,70,2007
0.0,9.5,9.166987298107781,360,0.79,5.0,4,70,2008
0.0,9.3,9.246446609406725,360,0.83,6.0,5,70,2009
0.0,9.0,9.35,360,0.86,6.0,6,70,2010
0.0,8.8,9.47059047744874,360,0.89,6.0,7,70,2011
145.88888888888889,9.9,9.6,360,0.81,6.0,8,70,2012
392.7777777777778,11.2,9.72940952255126,360,0.76,8.0,9,70,2013
538.6666666666667,12.1,9.85,360,0.76,8.0,10,70,2014
729.4444444444443,11.7,9.953553390593273,360,0.76,8.0,11,70,2015
235.66666666666669,11.5,10.033012701892218,360,0.79,7.0,12,70,2016
347.8888888888889,11.5,10.082962913144534,360,0.8,6.0,13,70,2017
347.8888888888889,11.4,10.1,360,0.82,8.0,14,70,2018
471.33333333333337,11.2,10.082962913144534,360,0.82,8.0,15,70,2019
258.11111111111114,11.2,10.033012701892218,360,0.85,8.0,16,70,2020
359.1111111111111,10.6,9.953553390593273,360,0.85,6.0,17,70,2021
67.33333333333334,10.0,9.85,360,0.9,5.0,18,70,2022
0.0,9.8,9.72940952255126,360,0.92,3.0,19,70,2023
0.0,9.1,9.6,360,0.94,3.0,20,70,2024
0.0,8.3,9.47059047744874,360,0.96,2.0,21,70,2025
0.0,8.2,9.35,360,0.95,2.0,22,70,2026
0.0,6.4,9.246446609406727,360,0.96,2.0,23,70,2027
0.0,6.7,9.166987298107781,360,0.96,3.0,24,70,2028
0.0,7.5,9.015333378169919,360,0.93,3.0,1,71,2029
0.0,9.4,9.0,360,0.88,6.0,2,71,2030
0.0,9.8,9.015333378169919,360,0.84,7.0,3,71,2031
0.0,9.8,9.060288568297002,360,0.83,7.0,4,71,2032
0.0,9.8,9.131801948466052,360,0.81,8.0,5,71,2033
0.0,10.4,9.225,360,0.76,8.0,6,71,2034
33.66666666666667,11.0,9.333531429703864,360,0.75,10.0,7,71,2035
67.33333333333334,11.2,9.45,360,0.75,10.0,8,71,2036
190.77777777777777,10.8,9.566468570296134,360,0.83,12.0,9,71,2037
213.22222222222223,10.1,9.674999999999999,360,0.9,13.0,10,71,2038
157.1111111111111,9.8,9.768198051533945,360,0.94,12.0,11,71,2039
224.44444444444446,10.1,9.839711431702996,360,0.96,9.0,12,71,2040
347.8888888888889,10.1,9.88466662183008,360,0.92,8.0,13,71,2041
650.8888888888889,11.1,9.899999999999999,360,0.85,9.0,14,71,2042
606.0,11.5,9.88466662183008,360,0.8,8.0,15,71,2043
370.33333333333337,11.5,9.839711431702996,360,0.83,8.0,16,71,2044
235.66666666666669,11.0,9.768198051533945,360,0.85,10.0,17,71,2045
56.111111111111114,10.2,9.674999999999999,360,0.88,6.0,18,71,2046
0.0,9.9,9.566468570296134,360,0.9,6.0,19,71,2047
0.0,9.2,9.45,360,0.91,5.0,20,71,2048
0.0,8.2,9.333531429703864,360,0.96,6.0,21,71,2049
0.0,8.2,9.225,360,0.97,5.0,22,71,2050
0.0,7.3,9.131801948466054,360,0.98,6.0,23,71,2051
0.0,7.3,9.060288568297002,360,0.97,6.0,24,71,2052
0.0,7.4,9.027259338968747,360,0.97,6.0,1,72,2053
0.0,7.4,9.0,360,0.97,6.0,2,72,2054
0.0,7.4,9.027259338968745,360,0.96,4.0,3,72,2055
0.0,7.2,9.10717967697245,360,0.97,4.0,4,72,2056
0.0,7.2,9.234314575050762,360,0.98,4.0,5,72,2057
0.0,7.3,9.4,360,0.98,4.0,6,72,2058
11.222222222222221,6.8,9.592944763917984,360,0.99,2.0,7,72,2059
123.44444444444446,7.8,9.8,360,0.99,2.0,8,72,2060
303.0,9.0,10.007055236082017,360,0.86,2.0,9,72,2061
482.5555555555556,9.2,10.200000000000001,360,0.91,3.0,10,72,2062
628.4444444444443,10.4,10.36568542494924,360,0.76,4.0,11,72,2063
942.6666666666667,12.0,10.492820323027551,360,0.72,5.0,12,72,2064
695.7777777777778,11.5,10.572740661031256,360,0.75,6.0,13,72,2065
808.0,11.4,10.600000000000001,360,0.7,6.0,14,72,2066
549.8888888888889,11.5,10.572740661031256,360,0.7,4.0,15,72,2067
157.1111111111111,10.9,10.492820323027551,360,0.75,5.0,16,72,2068
370.33333333333337,10.7,10.36568542494924,360,0.77,6.0,17,72,2069
101.0,8.7,10.200000000000001,360,0.85,7.0,18,72,2070
0.0,7.5,10.007055236082017,360,0.9,5.0,19,72,2071
0.0,7.8,9.8,360,0.93,6.0,20,72,2072
0.0,7.8,9.592944763917984,360,0.92,6.0,21,72,2073
0.0,7.7,9.4,360,0.9,7.0,22,72,2074
0.0,8.1,9.234314575050764,360,0.87,10.0,23,72,2075
0.0,8.4,9.10717967697245,360,0.86,12.0,24,72,2076
0.0,8.5,9.21022225211328,360,0.84,12.0,1,73,2077
0.0,8.7,9.2,360,0.84,12.0,2,73,2078
0.0,8.6,9.21022225211328,360,0.84,12.0,3,73,2079
0.0,8.7,9.240192378864668,360,0.84,9.0,4,73,2080
0.0,8.9,9.287867965644034,360,0.83,9.0,5,73,2081
0.0,8.6,9.35,360,0.87,8.0,6,73,2082
0.0,8.8,9.422354286469243,360,0.85,7.0,7,73,2083
33.66666666666667,7.8,9.5,360,0.94,8.0,8,73,2084
78.55555555555554,7.0,9.577645713530757,360,0.93,7.0,9,73,2085
168.33333333333331,6.7,9.65,360,0.93,7.0,10,73,2086
246.8888888888889,7.2,9.712132034355966,360,0.94,6.0,11,73,2087
303.0,7.7,9.759807621135332,360,0.89,6.0,12,73,2088
437.6666666666667,8.3,9.78977774788672,360,0.82,5.0,13,73,2089
448.8888888888889,8.6,9.8,360,0.83,5.0,14,73,2090
460.11111111111114,9.4,9.78977774788672,360,0.83,5.0,15,73,2091
561.1111111111111,10.9,9.759807621135332,360,0.66,10.0,16,73,2092
347.8888888888889,8.9,9.712132034355966,360,0.75,9.0,17,73,2093
112.22222222222223,7.1,9.65,360,0.79,4.0,18,73,2094
0.0,5.0,9.577645713530757,360,0.87,2.0,19,73,2095
0.0,3.5,9.5,360,0.96,2.0,20,73,2096
0.0,4.2,9.422354286469243,360,0.91,3.0,21,73,2097
0.0,5.4,9.35,360,0.9,4.0,22,73,2098
0.0,5.1,9.287867965644034,360,0.93,4.0,23,73,2099
0.0,3.7,9.240192378864668,360,0.94,3.0,24,73,2100
0.0,2.7,7.7340741737109315,360,0.98,2.0,1,74,2101
0.0,2.2,7.699999999999999,360,0.98,2.0,2,74,2102
0.0,1.9,7.7340741737109315,360,0.97,4.0,3,74,2103
0.0,1.9,7.833974596215561,360,0.99,2.0,4,74,2104
0.0,1.1,7.992893218813451,360,0.99,2.0,5,74,2105
0.0,1.2,8.2,360,0.96,2.0,6,74,2106
56.111111111111114,1.6,8.44118095489748,360,0.95,2.0,7,74,2107
359.1111111111111,4.4,8.7,360,0.88,4.0,8,74,2108
628.4444444444443,6.7,8.95881904510252,360,0.82,4.0,9,74,2109
774.3333333333333,9.0,9.2,360,0.73,5.0,10,74,2110
987.5555555555557,11.4,9.407106781186547,360,0.6,6.0,11,74,2111
1200.7777777777778,13.1,9.566025403784437,360,0.52,6.0,12,74,2112
998.7777777777778,13.9,9.665925826289067,360,0.44,6.0,13,74,2113
819.2222222222222,13.9,9.7,360,0.41,6.0,14,74,2114
561.1111111111111,13.3,9.665925826289067,360,0.49,6.0,15,74,2115
359.1111111111111,12.9,9.566025403784437,360,0.57,6.0,16,74,2116
134.66666666666669,12.7,9.407106781186547,360,0.63,6.0,17,74,2117
44.888888888888886,12.2,9.2,360,0.65,4.0,18,74,2118
0.0,11.8,8.95881904510252,360,0.66,5.0,19,74,2119
0.0,10.6,8.7,360,0.75,4.0,20,74,2120
0.0,11.0,8.44118095489748,360,0.74,4.0,21,74,2121
0.0,10.0,8.2,360,0.84,4.0,22,74,2122
0.0,9.6,7.992893218813452,360,0.9,3.0,23,74,2123
0.0,9.5,7.833974596215561,360,0.92,4.0,24,74,2124
0.0,9.2,9.334074173710933,360,0.94,4.0,1,75,2125
0.0,9.1,9.3,360,0.95,4.0,2,75,2126
0.0,8.8,9.334074173710933,360,0.96,3.0,3,75,2127
0.0,8.8,9.433974596215561,360,0.97,3.0,4,75,2128
0.0,8.7,9.592893218813453,360,0.97,3.0,5,75,2129
0.0,8.6,9.8,360,0.98,2.0,6,75,2130
11.222222222222221,8.6,10.04118095489748,360,0.98,2.0,7,75,2131
101.0,9.2,10.3,360,0.97,2.0,8,75,2132
190.77777777777777,10.1,10.55881904510252,360,0.94,2.0,9,75,2133
347.8888888888889,11.7,10.8,360,0.91,2.0,10,75,2134
561.1111111111111,13.1,11.007106781186549,360,0.84,2.0,11,75,2135
751.8888888888888,14.7,11.16602540378444,360,0.78,4.0,12,75,2136
875.3333333333334,16.5,11.265925826289068,360,0.67,7.0,13,75,2137
920.2222222222223,17.2,11.3,360,0.62,8.0,14,75,2138
796.7777777777777,17.7,11.265925826289068,360,0.63,6.0,15,75,2139
493.7777777777778,17.5,11.16602540378444,360,0.66,6.0,16,75,2140
258.11111111111114,16.4,11.007106781186549,360,0.73,5.0,17,75,2141
67.33333333333334,15.0,10.8,360,0.75,2.0,18,75,2142
0.0,13.7,10.55881904510252,360,0.77,2.0,19,75,2143
0.0,14.4,10.3,360,0.71,6.0,20,75,2144
0.0,13.5,10.04118095489748,360,0.73,6.0,21,75,2145
0.0,12.7,9.8,360,0.77,6.0,22,75,2146
0.0,12.2,9.592893218813453,360,0.79,5.0,23,75,2147
0.0,10.4,9.433974596215561,360,0.84,6.0,24,75,2148
0.0,9.5,10.015333378169919,360,0.87,2.0,1,76,2149
0.0,9.6,10.0,360,0.89,2.0,2,76,2150
0.0,9.1,10.015333378169919,360,0.89,2.0,3,76,2151
0.0,8.7,10.060288568297002,360,0.93,1.0,4,76,2152
0.0,8.8,10.131801948466052,360,0.92,1.0,5,76,2153
0.0,9.2,10.225,360,0.91,2.0,6,76,2154
11.222222222222221,10.4,10.333531429703864,360,0.9,4.0,7,76,2155
112.22222222222223,11.8,10.45,360,0.8,5.0,8,76,2156
269.33333333333337,12.8,10.566468570296134,360,0.75,9.0,9,76,2157
392.7777777777778,13.5,10.674999999999999,360,0.74,9.0,10,76,2158
370.33333333333337,13.8,10.768198051533945,360,0.74,8.0,11,76,2159
437.6666666666667,14.4,10.839711431702996,360,0.73,8.0,12,76,2160
404.0,14.5,10.88466662183008,360,0.73,7.0,13,76,2161
280.55555555555554,13.9,10.899999999999999,360,0.74,6.0,14,76,2162
235.66666666666669,13.7,10.88466662183008,360,0.77,6.0,15,76,2163
179.55555555555554,13.6,10.839711431702996,360,0.81,4.0,16,76,2164
67.33333333333334,13.0,10.768198051533945,360,0.86,2.0,17,76,2165
11.222222222222221,12.6,10.674999999999999,360,0.86,2.0,18,76,2166
0.0,11.4,10.566468570296134,360,0.95,1.0,19,76,2167
0.0,12.6,10.45,360,0.87,3.0,20,76,2168
0.0,9.8,10.333531429703864,360,0.95,10.0,21,76,2169
0.0,10.0,10.225,360,0.93,8.0,22,76,2170
0.0,9.9,10.131801948466054,360,0.92,4.0,23,76,2171
0.0,9.5,10.060288568297002,360,0.93,4.0,24,76,2172
0.0,9.2,10.008518543427734,360,0.93,5.0,1,77,2173
0.0,9.0,10.0,360,0.93,6.0,2,77,2174
0.0,8.7,10.008518543427734,360,0.93,7.0,3,77,2175
0.0,8.4,10.03349364905389,360,0.93,7.0,4,77,2176
0.0,8.1,10.073223304703363,360,0.93,8.0,5,77,2177
0.0,7.8,10.125,360,0.94,8.0,6,77,2178
22.444444444444443,7.4,10.18529523872437,360,0.95,8.0,7,77,2179
89.77777777777777,7.5,10.25,360,0.94,8.0,8,77,2180
213.22222222222223,7.9,10.31470476127563,360,0.92,8.0,9,77,2181
325.44444444444446,8.5,10.375,360,0.88,8.0,10,77,2182
359.1111111111111,8.8,10.426776695296637,360,0.82,10.0,11,77,2183
392.7777777777778,9.2,10.46650635094611,360,0.8,8.0,12,77,2184
549.8888888888889,9.9,10.491481456572266,360,0.74,8.0,13,77,2185
617.2222222222222,10.0,10.5,360,0.65,9.0,14,77,2186
639.6666666666667,10.1,10.491481456572266,360,0.69,9.0,15,77,2187
392.7777777777778,9.0,10.46650635094611,360,0.65,10.0,16,77,2188
190.77777777777777,8.5,10.426776695296637,360,0.69,10.0,17,77,2189
56.111111111111114,7.9,10.375,360,0.73,11.0,18,77,2190
11.222222222222221,7.1,10.31470476127563,360,0.77,9.0,19,77,2191
0.0,6.9,10.25,360,0.8,10.0,20,77,2192
0.0,6.5,10.18529523872437,360,0.83,11.0,21,77,2193
0.0,6.2,10.125,360,0.84,10.0,22,77,2194
0.0,6.1,10.073223304703363,360,0.83,9.0,23,77,2195
0.0,5.7,10.03349364905389,360,0.84,8.0,24,77,2196
0.0,5.2,8.725555630283198,360,0.85,7.0,1,78,2197
0.0,4.9,8.7,360,0.86,6.0,2,78,2198
0.0,4.7,8.725555630283198,360,0.85,7.0,3,78,2199
0.0,4.6,8.80048094716167,360,0.87,8.0,4,78,2200
0.0,4.6,8.919669914110088,360,0.86,10.0,5,78,2201
0.0,4.3,9.075,360,0.88,8.0,6,78,2202
44.888888888888886,4.5,9.25588571617311,360,0.87,9.0,7,78,2203
213.22222222222223,5.3,9.45,360,0.84,9.0,8,78,2204
359.1111111111111,6.0,9.64411428382689,360,0.81,10.0,9,78,2205
505.0,7.4,9.825,360,0.78,10.0,10,78,2206
740.6666666666667,9.0,9.98033008588991,360,0.72,10.0,11,78,2207
1043.6666666666665,10.7,10.099519052838328,360,0.69,12.0,12,78,2208
1200.7777777777778,12.0,10.1744443697168,360,0.64,10.0,13,78,2209
1458.8888888888887,13.2,10.2,360,0.61,11.0,14,78,2210
1223.2222222222222,13.3,10.1744443697168,360,0.59,12.0,15,78,2211
774.3333333333333,13.1,10.099519052838328,360,0.57,13.0,16,78,2212
359.1111111111111,12.2,9.98033008588991,360,0.64,13.0,17,78,2213
67.33333333333334,11.7,9.825,360,0.65,10.0,18,78,2214
0.0,11.5,9.64411428382689,360,0.66,8.0,19,78,2215
0.0,11.0,9.45,360,0.63,9.0,20,78,2216
0.0,10.6,9.25588571617311,360,0.62,10.0,21,78,2217
0.0,9.5,9.075,360,0.66,8.0,22,78,2218
0.0,9.0,8.919669914110088,360,0.68,8.0,23,78,2219
0.0,8.7,8.80048094716167,360,0.69,8.0,24,78,2220
0.0,8.5,9.035777882396479,360,0.7,6.0,1,79,2221
0.0,7.6,9.0,360,0.74,5.0,2,79,2222
0.0,6.7,9.035777882396479,360,0.78,5.0,3,79,2223
0.0,6.1,9.14067332602634,360,0.81,4.0,4,79,2224
0.0,6.1,9.307537879754125,360,0.82,4.0,5,79,2225
0.0,6.5,9.525,360,0.81,4.0,6,79,2226
44.888888888888886,6.7,9.778240002642354,360,0.83,4.0,7,79,2227
291.77777777777777,8.0,10.05,360,0.8,4.0,8,79,2228
404.0,9.1,10.321759997357647,360,0.78,4.0,9,79,2229
516.2222222222223,10.6,10.575000000000001,360,0.76,4.0,10,79,2230
527.4444444444445,11.8,10.792462120245876,360,0.72,4.0,11,79,2231
729.4444444444443,13.1,10.959326673973662,360,0.71,4.0,12,79,2232
583.5555555555555,14.3,11.064222117603522,360,0.69,4.0,13,79,2233
785.5555555555557,15.0,11.100000000000001,360,0.57,5.0,14,79,2234
482.5555555555556,14.9,11.064222117603522,360,0.59,4.0,15,79,2235
437.6666666666667,15.7,10.959326673973662,360,0.62,4.0,16,79,2236
415.2222222222223,14.5,10.792462120245876,360,0.65,4.0,17,79,2237
101.0,12.5,10.575000000000001,360,0.72,4.0,18,79,2238
0.0,11.1,10.321759997357647,360,0.75,4.0,19,79,2239
0.0,10.3,10.05,360,0.78,2.0,20,79,2240
0.0,9.7,9.778240002642354,360,0.82,2.0,21,79,2241
0.0,9.3,9.525,360,0.82,1.0,22,79,2242
0.0,7.9,9.307537879754125,360,0.9,1.0,23,79,2243
0.0,7.3,9.14067332602634,360,0.92,2.0,24,79,2244
0.0,7.3,9.432370465025386,360,0.9,1.0,1,80,2245
0.0,7.4,9.400000000000002,360,0.9,2.0,2,80,2246
0.0,6.1,9.432370465025386,360,0.95,1.0,3,80,2247
0.0,6.3,9.527275866404784,360,0.97,1.0,4,80,2248
0.0,6.7,9.67824855787278,360,0.94,2.0,5,80,2249
0.0,8.2,9.875,360,0.68,4.0,6,80,2250
56.111111111111114,7.2,10.104121907152606,360,0.76,2.0,7,80,2251
258.11111111111114,9.8,10.350000000000001,360,0.64,5.0,8,80,2252
639.6666666666667,11.3,10.595878092847396,360,0.56,8.0,9,80,2253
998.7777777777778,12.3,10.825000000000001,360,0.56,9.0,10,80,2254
1144.6666666666665,14.0,11.021751442127222,360,0.56,8.0,11,80,2255
1245.6666666666665,14.9,11.172724133595219,360,0.55,8.0,12,80,2256
875.3333333333334,14.2,11.267629534974617,360,0.6,7.0,13,80,2257
639.6666666666667,14.8,11.3,360,0.61,6.0,14,80,2258
538.6666666666667,14.1,11.267629534974617,360,0.66,6.0,15,80,2259
347.8888888888889,14.3,11.172724133595219,360,0.67,4.0,16,80,2260
134.66666666666669,13.5,11.021751442127222,360,0.7,3.0,17,80,2261
78.55555555555554,12.9,10.825000000000001,360,0.72,2.0,18,80,2262
0.0,12.4,10.595878092847396,360,0.75,2.0,19,80,2263
0.0,12.1,10.350000000000001,360,0.73,5.0,20,80,2264
0.0,10.7,10.104121907152606,360,0.76,4.0,21,80,2265
0.0,8.8,9.875000000000002,360,0.83,2.0,22,80,2266
0.0,8.9,9.67824855787278,360,0.81,2.0,23,80,2267
0.0,8.2,9.527275866404784,360,0.82,2.0,24,80,2268
0.0,8.2,9.346000134509758,360,0.8,2.0,1,81,2269
0.0,5.6,9.3,360,0.88,1.0,2,81,2270
0.0,6.0,9.346000134509758,360,0.9,1.0,3,81,2271
0.0,5.7,9.48086570489101,360,0.89,1.0,4,81,2272
0.0,5.4,9.695405845398161,360,0.89,1.0,5,81,2273
0.0,5.7,9.975,360,0.87,2.0,6,81,2274
78.55555555555554,7.0,10.300594289111597,360,0.86,2.0,7,81,2275
392.7777777777778,9.8,10.65,360,0.78,3.0,8,81,2276
740.6666666666667,12.1,10.999405710888404,360,0.68,4.0,9,81,2277
1043.6666666666665,14.1,11.325000000000001,360,0.65,6.0,10,81,2278
1178.3333333333335,15.8,11.60459415460184,360,0.59,7.0,11,81,2279
1324.2222222222224,16.7,11.819134295108991,360,0.58,8.0,12,81,2280
1470.111111111111,16.6,11.953999865490243,360,0.52,8.0,13,81,2281
1458.8888888888887,17.2,12.0,360,0.52,8.0,14,81,2282
965.1111111111112,16.9,11.953999865490243,360,0.51,7.0,15,81,2283
808.0,16.5,11.819134295108991,360,0.53,8.0,16,81,2284
493.7777777777778,15.3,11.60459415460184,360,0.56,8.0,17,81,2285
145.88888888888889,13.7,11.325000000000001,360,0.58,6.0,18,81,2286
11.222222222222221,11.4,10.999405710888404,360,0.65,5.0,19,81,2287
0.0,10.3,10.65,360,0.67,4.0,20,81,2288
0.0,9.2,10.300594289111597,360,0.69,5.0,21,81,2289
0.0,8.0,9.975000000000001,360,0.72,3.0,22,81,2290
0.0,7.7,9.695405845398161,360,0.7,4.0,23,81,2291
0.0,6.7,9.48086570489101,360,0.71,1.0,24,81,2292
0.0,6.4,9.342592717138665,360,0.71,2.0,1,82,2293
0.0,6.0,9.3,360,0.66,2.0,2,82,2294
0.0,5.4,9.342592717138665,360,0.66,1.0,3,82,2295
0.0,5.2,9.467468245269451,360,0.65,2.0,4,82,2296
0.0,4.2,9.666116523516816,360,0.68,1.0,5,82,2297
0.0,4.2,9.925,360,0.66,2.0,6,82,2298
89.77777777777777,5.9,10.22647619362185,360,0.64,2.0,7,82,2299
415.2222222222223,8.7,10.55,360,0.59,4.0,8,82,2300
774.3333333333333,10.7,10.873523806378152,360,0.58,6.0,9,82,2301
1099.7777777777778,12.8,11.175,360,0.57,6.0,10,82,2302
1346.6666666666665,13.9,11.433883476483185,360,0.47,8.0,11,82,2303
1470.111111111111,15.1,11.632531754730548,360,0.48,8.0,12,82,2304
1470.111111111111,15.5,11.757407282861337,360,0.46,8.0,13,82,2305
1380.3333333333333,15.7,11.8,360,0.42,8.0,14,82,2306
1167.111111111111,16.1,11.757407282861337,360,0.43,8.0,15,82,2307
830.4444444444446,15.8,11.632531754730548,360,0.41,8.0,16,82,2308
482.5555555555556,15.0,11.433883476483185,360,0.47,6.0,17,82,2309
134.66666666666669,12.9,11.175,360,0.49,4.0,18,82,2310
0.0,10.6,10.873523806378152,360,0.56,2.0,19,82,2311
0.0,9.3,10.55,360,0.59,2.0,20,82,2312
0.0,8.4,10.22647619362185,360,0.6,2.0,21,82,2313
0.0,8.7,9.925,360,0.55,4.0,22,82,2314
0.0,7.1,9.666116523516816,360,0.6,4.0,23,82,2315
0.0,6.7,9.467468245269453,360,0.56,2.0,24,82,2316
0.0,4.5,8.849407551880851,360,0.63,1.0,1,83,2317
0.0,4.2,8.8,360,0.59,0.0,2,83,2318
0.0,4.3,8.849407551880851,360,0.58,0.0,3,83,2319
0.0,3.8,8.994263164512564,360,0.58,1.0,4,83,2320
0.0,2.1,9.224695167279506,360,0.65,0.0,5,83,2321
0.0,3.0,9.525,360,0.6,1.0,6,83,2322
112.22222222222223,3.7,9.874712384601345,360,0.66,1.0,7,83,2323
404.0,6.2,10.25,360,0.6,4.0,8,83,2324
796.7777777777777,9.6,10.625287615398655,360,0.48,4.0,9,83,2325
1122.2222222222222,11.8,10.975,360,0.39,6.0,10,83,2326
1369.1111111111113,13.1,11.275304832720494,360,0.41,6.0,11,83,2327
1503.7777777777776,14.4,11.505736835487436,360,0.38,6.0,12,83,2328
1526.2222222222222,14.9,11.650592448119149,360,0.32,5.0,13,83,2329
1414.0000000000002,16.3,11.7,360,0.3,5.0,14,83,2330
1200.7777777777778,16.7,11.650592448119149,360,0.36,5.0,15,83,2331
886.5555555555555,16.6,11.505736835487436,360,0.35,6.0,16,83,2332
516.2222222222223,15.8,11.275304832720494,360,0.37,4.0,17,83,2333
157.1111111111111,13.3,10.975,360,0.4,2.0,18,83,2334
11.222222222222221,11.6,10.625287615398655,360,0.38,2.0,19,83,2335
0.0,7.8,10.25,360,0.54,0.0,20,83,2336
0.0,6.3,9.874712384601345,360,0.61,0.0,21,83,2337
0.0,6.6,9.525,360,0.57,1.0,22,83,2338
0.0,5.7,9.224695167279506,360,0.55,1.0,23,83,2339
0.0,5.0,8.994263164512564,360,0.57,1.0,24,83,2340
0.0,4.2,8.454518677937491,360,0.65,1.0,1,84,2341
0.0,3.3,8.4,360,0.72,2.0,2,84,2342
0.0,2.0,8.454518677937491,360,0.81,0.0,3,84,2343
0.0,1.5,8.614359353944899,360,0.82,1.0,4,84,2344
0.0,0.8,8.868629150101523,360,0.85,2.0,5,84,2345
0.0,0.7,9.2,360,0.85,1.0,6,84,2346
112.22222222222223,1.6,9.585889527835967,360,0.82,2.0,7,84,2347
460.11111111111114,7.0,10.0,360,0.69,2.0,8,84,2348
841.6666666666666,10.8,10.414110472164033,360,0.55,3.0,9,84,2349
1178.3333333333335,14.2,10.8,360,0.38,5.0,10,84,2350
1414.0000000000002,16.2,11.131370849898476,360,0.33,6.0,11,84,2351
1537.4444444444446,17.3,11.385640646055101,360,0.27,6.0,12,84,2352
1559.888888888889,17.9,11.545481322062509,360,0.32,8.0,13,84,2353
1458.8888888888887,18.4,11.6,360,0.3,7.0,14,84,2354
1245.6666666666665,18.7,11.545481322062509,360,0.22,5.0,15,84,2355
942.6666666666667,18.7,11.385640646055101,360,0.25,5.0,16,84,2356
549.8888888888889,17.8,11.131370849898476,360,0.29,4.0,17,84,2357
179.55555555555554,15.8,10.8,360,0.33,2.0,18,84,2358
0.0,12.1,10.414110472164033,360,0.48,2.0,19,84,2359
0.0,9.8,10.0,360,0.53,0.0,20,84,2360
0.0,10.8,9.585889527835967,360,0.49,1.0,21,84,2361
0.0,10.1,9.200000000000001,360,0.51,1.0,22,84,2362
0.0,8.4,8.868629150101524,360,0.57,2.0,23,84,2363
0.0,8.5,8.614359353944899,360,0.56,1.0,24,84,2364
0.0,7.3,8.651111260566397,360,0.61,1.0,1,85,2365
0.0,4.5,8.6,360,0.74,1.0,2,85,2366
0.0,1.4,8.651111260566397,360,0.89,2.0,3,85,2367
0.0,2.0,8.800961894323342,360,0.84,1.0,4,85,2368
0.0,3.2,9.039339828220179,360,0.82,1.0,5,85,2369
0.0,2.9,9.35,360,0.81,1.0,6,85,2370
145.88888888888889,3.6,9.711771432346218,360,0.79,1.0,7,85,2371
493.7777777777778,8.8,10.1,360,0.66,2.0,8,85,2372
886.5555555555555,12.3,10.488228567653781,360,0.59,2.0,9,85,2373
1200.7777777777778,14.6,10.85,360,0.47,4.0,10,85,2374
1268.1111111111113,16.6,11.16066017177982,360,0.36,4.0,11,85,2375
1189.5555555555557,18.1,11.399038105676658,360,0.33,4.0,12,85,2376
1391.5555555555557,18.6,11.548888739433602,360,0.29,7.0,13,85,2377
1279.3333333333335,19.8,11.6,360,0.33,6.0,14,85,2378
1245.6666666666665,20.1,11.548888739433602,360,0.27,7.0,15,85,2379
909.0,19.6,11.399038105676658,360,0.26,7.0,16,85,2380
415.2222222222223,18.2,11.16066017177982,360,0.31,6.0,17,85,2381
190.77777777777777,15.4,10.85,360,0.42,5.0,18,85,2382
0.0,13.2,10.488228567653781,360,0.44,3.0,19,85,2383
0.0,12.6,10.1,360,0.46,4.0,20,85,2384
0.0,11.6,9.711771432346218,360,0.49,3.0,21,85,2385
0.0,12.4,9.35,360,0.48,6.0,22,85,2386
0.0,10.6,9.039339828220179,360,0.53,5.0,23,85,2387
0.0,10.5,8.800961894323342,360,0.53,3.0,24,85,2388
0.0,9.0,9.24940755188085,360,0.57,3.0,1,86,2389
0.0,7.6,9.2,360,0.61,2.0,2,86,2390
0.0,7.9,9.24940755188085,360,0.63,4.0,3,86,2391
0.0,6.5,9.394263164512562,360,0.67,2.0,4,86,2392
0.0,6.3,9.624695167279505,360,0.66,2.0,5,86,2393
11.222222222222221,6.5,9.924999999999997,360,0.67,2.0,6,86,2394
101.0,5.5,10.274712384601344,360,0.8,2.0,7,86,2395
460.11111111111114,9.4,10.649999999999999,360,0.65,3.0,8,86,2396
841.6666666666666,12.2,11.025287615398653,360,0.54,4.0,9,86,2397
1155.888888888889,14.7,11.374999999999998,360,0.48,6.0,10,86,2398
1391.5555555555557,17.2,11.675304832720492,360,0.42,7.0,11,86,2399
1526.2222222222222,18.4,11.905736835487435,360,0.41,7.0,12,86,2400
1548.6666666666665,19.7,12.050592448119147,360,0.36,8.0,13,86,2401
1458.8888888888887,20.0,12.099999999999998,360,0.31,9.0,14,86,2402
1234.4444444444443,19.8,12.050592448119147,360,0.32,9.0,15,86,2403
897.7777777777778,19.3,11.905736835487435,360,0.3,9.0,16,86,2404
538.6666666666667,17.9,11.675304832720492,360,0.33,7.0,17,86,2405
168.33333333333331,15.1,11.374999999999998,360,0.37,6.0,18,86,2406
0.0,13.1,11.025287615398653,360,0.39,2.0,19,86,2407
0.0,12.3,10.649999999999999,360,0.43,2.0,20,86,2408
0.0,11.0,10.274712384601344,360,0.47,2.0,21,86,2409
0.0,9.7,9.924999999999999,360,0.55,2.0,22,86,2410
0.0,9.4,9.624695167279505,360,0.55,2.0,23,86,2411
0.0,9.6,9.394263164512562,360,0.56,1.0,24,86,2412
0.0,7.6,9.263037221365224,360,0.64,1.0,1,87,2413
0.0,6.5,9.2,360,0.69,1.0,2,87,2414
0.0,6.3,9.263037221365224,360,0.71,1.0,3,87,2415
0.0,4.8,9.447853002998789,360,0.78,1.0,4,87,2416
0.0,5.0,9.741852454804887,360,0.76,2.0,5,87,2417
0.0,4.6,10.125,360,0.77,1.0,6,87,2418
134.66666666666669,5.6,10.571184766560338,360,0.77,0.0,7,87,2419
448.8888888888889,9.5,11.05,360,0.68,2.0,8,87,2420
819.2222222222222,11.8,11.528815233439664,360,0.65,2.0,9,87,2421
1122.2222222222222,14.5,11.975000000000001,360,0.58,2.0,10,87,2422
1369.1111111111113,17.1,12.358147545195115,360,0.51,2.0,11,87,2423
1515.0,19.6,12.652146997001212,360,0.38,2.0,12,87,2424
1503.7777777777776,20.1,12.836962778634778,360,0.36,3.0,13,87,2425
1301.7777777777778,20.9,12.900000000000002,360,0.38,3.0,14,87,2426
1245.6666666666665,21.2,12.836962778634778,360,0.29,3.0,15,87,2427
785.5555555555557,19.5,12.652146997001212,360,0.37,4.0,16,87,2428
482.5555555555556,20.0,12.358147545195115,360,0.35,3.0,17,87,2429
134.66666666666669,18.2,11.975000000000001,360,0.33,2.0,18,87,2430
11.222222222222221,13.2,11.528815233439664,360,0.53,1.0,19,87,2431
0.0,11.9,11.05,360,0.63,2.0,20,87,2432
0.0,11.5,10.571184766560338,360,0.57,1.0,21,87,2433
0.0,11.5,10.125,360,0.56,1.0,22,87,2434
0.0,9.5,9.741852454804887,360,0.64,1.0,23,87,2435
0.0,9.6,9.447853002998789,360,0.6,2.0,24,87,2436
0.0,8.5,10.051111260566397,360,0.67,1.0,1,88,2437
0.0,8.1,10.0,360,0.67,0.0,2,88,2438
0.0,8.4,10.051111260566397,360,0.64,1.0,3,88,2439
0.0,6.4,10.200961894323342,360,0.74,2.0,4,88,2440
0.0,6.0,10.439339828220177,360,0.74,1.0,5,88,2441
0.0,9.3,10.75,360,0.57,2.0,6,88,2442
145.88888888888889,10.1,11.111771432346218,360,0.65,2.0,7,88,2443
448.8888888888889,12.1,11.5,360,0.58,4.0,8,88,2444
763.1111111111111,14.0,11.888228567653782,360,0.54,4.0,9,88,2445
1099.7777777777778,17.5,12.25,360,0.39,4.0,10,88,2446
1324.2222222222224,18.3,12.560660171779821,360,0.34,6.0,11,88,2447
1313.0,18.8,12.799038105676658,360,0.32,6.0,12,88,2448
1234.4444444444443,19.5,12.948888739433603,360,0.4,6.0,13,88,2449
1111.0,20.2,13.0,360,0.33,4.0,14,88,2450
942.6666666666667,19.4,12.948888739433603,360,0.33,5.0,15,88,2451
707.0000000000001,19.3,12.799038105676658,360,0.37,4.0,16,88,2452
392.7777777777778,17.9,12.560660171779821,360,0.51,2.0,17,88,2453
134.66666666666669,15.3,12.25,360,0.56,2.0,18,88,2454
11.222222222222221,13.5,11.888228567653782,360,0.59,1.0,19,88,2455
0.0,13.7,11.5,360,0.55,0.0,20,88,2456
0.0,11.2,11.111771432346218,360,0.67,0.0,21,88,2457
0.0,10.3,10.75,360,0.72,1.0,22,88,2458
0.0,9.1,10.439339828220179,360,0.74,1.0,23,88,2459
0.0,9.0,10.200961894323342,360,0.74,1.0,24,88,2460
0.0,8.3,11.132370465025385,360,0.8,2.0,1,89,2461
0.0,8.9,11.100000000000001,360,0.83,1.0,2,89,2462
0.0,10.1,11.132370465025385,360,0.7,4.0,3,89,2463
0.0,11.2,11.227275866404783,360,0.63,5.0,4,89,2464
0.0,10.7,11.37824855787278,360,0.65,4.0,5,89,2465
0.0,9.7,11.575,360,0.71,1.0,6,89,2466
44.888888888888886,10.7,11.804121907152606,360,0.63,3.0,7,89,2467
258.11111111111114,12.1,12.05,360,0.54,5.0,8,89,2468
460.11111111111114,13.2,12.295878092847396,360,0.54,4.0,9,89,2469
639.6666666666667,14.5,12.525,360,0.58,5.0,10,89,2470
639.6666666666667,14.3,12.721751442127221,360,0.62,4.0,11,89,2471
886.5555555555555,16.0,12.872724133595218,360,0.61,4.0,12,89,2472
673.3333333333333,15.9,12.967629534974616,360,0.57,4.0,13,89,2473
527.4444444444445,16.0,13.0,360,0.58,4.0,14,89,2474
606.0,16.3,12.967629534974616,360,0.57,5.0,15,89,2475
516.2222222222223,15.9,12.872724133595218,360,0.61,6.0,16,89,2476
482.5555555555556,15.6,12.721751442127221,360,0.59,7.0,17,89,2477
213.22222222222223,13.7,12.525,360,0.73,5.0,18,89,2478
22.444444444444443,12.4,12.295878092847396,360,0.8,4.0,19,89,2479
0.0,10.2,12.05,360,0.89,3.0,20,89,2480
0.0,9.2,11.804121907152606,360,0.95,4.0,21,89,2481
0.0,8.0,11.575000000000001,360,0.96,4.0,22,89,2482
0.0,7.2,11.37824855787278,360,0.98,2.0,23,89,2483
0.0,6.4,11.227275866404783,360,0.99,2.0,24,89,2484
0.0,5.7,11.022148212912105,360,0.99,2.0,1,90,2485
0.0,6.4,11.0,360,0.99,2.0,2,90,2486
0.0,6.6,11.022148212912105,360,0.99,2.0,3,90,2487
0.0,7.1,11.087083487540115,360,0.99,2.0,4,90,2488
0.0,7.5,11.190380592228744,360,0.98,2.0,5,90,2489
0.0,7.8,11.325,360,0.97,3.0,6,90,2490
67.33333333333334,8.3,11.481767620683362,360,0.96,3.0,7,90,2491
202.0,9.3,11.65,360,0.96,3.0,8,90,2492
246.8888888888889,10.2,11.818232379316639,360,0.93,3.0,9,90,2493
505.0,11.4,11.975000000000001,360,0.85,4.0,10,90,2494
751.8888888888888,12.4,12.109619407771257,360,0.8,4.0,11,90,2495
493.7777777777778,12.0,12.212916512459886,360,0.84,4.0,12,90,2496
606.0,12.2,12.277851787087895,360,0.82,4.0,13,90,2497
258.11111111111114,11.5,12.3,360,0.89,6.0,14,90,2498
381.55555555555554,11.7,12.277851787087895,360,0.89,4.0,15,90,2499
157.1111111111111,10.8,12.212916512459886,360,0.96,5.0,16,90,2500
