PARi,air_temperature,soil_temperature,ambient_CO2,humidity,Wind,hour,DOY,t
78.55555555555554,9.6,8.15980762113533,360,0.87,12.0,12,351,0
134.66666666666669,9.1,8.189777747886719,360,0.91,8.0,13,351,1
112.22222222222223,9.0,8.2,360,0.92,10.0,14,351,2
56.111111111111114,8.8,8.189777747886719,360,0.94,11.0,15,351,3
33.66666666666667,8.6,8.15980762113533,360,0.95,6.0,16,351,4
11.222222222222221,8.9,8.112132034355964,360,0.95,8.0,17,351,5
0.0,9.3,8.049999999999999,360,0.93,10.0,18,351,6
0.0,8.9,7.977645713530755,360,0.93,11.0,19,351,7
0.0,6.7,7.8999999999999995,360,0.95,10.0,20,351,8
0.0,7.1,7.822354286469244,360,0.96,6.0,21,351,9
0.0,7.9,7.75,360,0.95,6.0,22,351,10
0.0,7.7,7.687867965644036,360,0.94,6.0,23,351,11
0.0,7.7,7.640192378864668,360,0.93,5.0,24,351,12
0.0,7.8,7.018740795541013,360,0.92,6.0,1,352,13
0.0,7.9,7.0,360,0.92,6.0,2,352,14
0.0,7.6,7.018740795541012,360,0.93,6.0,3,352,15
0.0,7.9,7.0736860279185585,360,0.94,6.0,4,352,16
0.0,7.9,7.161091270347399,360,0.91,7.0,5,352,17
0.0,7.6,7.2749999999999995,360,0.92,6.0,6,352,18
0.0,7.8,7.407649525193613,360,0.92,6.0,7,352,19
0.0,7.9,7.55,360,0.9,10.0,8,352,20
67.33333333333334,7.7,7.6923504748063865,360,0.92,6.0,9,352,21
224.44444444444446,8.2,7.825,360,0.85,8.0,10,352,22
448.8888888888889,9.3,7.938908729652601,360,0.84,8.0,11,352,23
617.2222222222222,10.9,8.026313972081441,360,0.77,8.0,12,352,24
336.66666666666663,10.2,8.081259204458988,360,0.81,8.0,13,352,25
392.7777777777778,10.8,8.1,360,0.74,10.0,14,352,26
370.33333333333337,10.6,8.081259204458988,360,0.74,9.0,15,352,27
78.55555555555554,9.4,8.026313972081441,360,0.82,10.0,16,352,28
0.0,7.7,7.938908729652601,360,0.88,8.0,17,352,29
0.0,7.2,7.825,360,0.88,7.0,18,352,30
0.0,7.8,7.6923504748063865,360,0.91,9.0,19,352,31
0.0,6.9,7.55,360,0.88,9.0,20,352,32
0.0,6.5,7.407649525193613,360,0.91,6.0,21,352,33
0.0,6.5,7.275,360,0.92,6.0,22,352,34
0.0,7.2,7.161091270347399,360,0.89,5.0,23,352,35
0.0,7.0,7.0736860279185585,360,0.92,6.0,24,352,36
0.0,6.9,6.322148212912105,360,0.95,6.0,1,353,37
0.0,7.1,6.299999999999999,360,0.93,6.0,2,353,38
0.0,6.6,6.322148212912105,360,0.94,5.0,3,353,39
0.0,6.1,6.387083487540114,360,0.96,5.0,4,353,40
0.0,6.3,6.490380592228743,360,0.96,6.0,5,353,41
0.0,5.8,6.624999999999999,360,0.98,6.0,6,353,42
0.0,5.5,6.781767620683361,360,0.98,5.0,7,353,43
11.222222222222221,6.0,6.949999999999999,360,0.96,5.0,8,353,44
157.1111111111111,6.2,7.1182323793166375,360,0.95,5.0,9,353,45
370.33333333333337,7.7,7.2749999999999995,360,0.91,4.0,10,353,46
527.4444444444445,9.0,7.409619407771255,360,0.84,5.0,11,353,47
572.3333333333333,9.8,7.512916512459884,360,0.8,4.0,12,353,48
549.8888888888889,9.9,7.577851787087893,360,0.79,4.0,13,353,49
381.55555555555554,9.4,7.6,360,0.79,4.0,14,353,50
202.0,9.0,7.577851787087893,360,0.81,4.0,15,353,51
101.0,8.2,7.512916512459884,360,0.84,3.0,16,353,52
0.0,6.2,7.409619407771255,360,0.92,2.0,17,353,53
0.0,5.2,7.2749999999999995,360,0.96,2.0,18,353,54
0.0,4.9,7.1182323793166375,360,0.98,2.0,19,353,55
0.0,4.4,6.949999999999999,360,0.98,1.0,20,353,56
0.0,5.8,6.781767620683361,360,0.99,2.0,21,353,57
0.0,4.4,6.624999999999999,360,0.98,2.0,22,353,58
0.0,5.0,6.490380592228743,360,0.96,2.0,23,353,59
0.0,4.6,6.387083487540115,360,0.97,2.0,24,353,60
0.0,5.2,6.225555630283199,360,0.94,2.0,1,354,61
0.0,5.2,6.2,360,0.95,2.0,2,354,62
0.0,5.4,6.225555630283199,360,0.95,2.0,3,354,63
0.0,5.4,6.300480947161671,360,0.95,2.0,4,354,64
0.0,5.7,6.41966991411009,360,0.96,3.0,5,354,65
0.0,7.0,6.575,360,0.92,5.0,6,354,66
0.0,6.8,6.755885716173109,360,0.97,5.0,7,354,67
0.0,6.8,6.95,360,0.99,6.0,8,354,68
22.444444444444443,7.3,7.144114283826891,360,0.99,7.0,9,354,69
78.55555555555554,7.7,7.325,360,0.97,6.0,10,354,70
157.1111111111111,8.0,7.480330085889911,360,0.98,8.0,11,354,71
157.1111111111111,8.0,7.599519052838329,360,0.98,8.0,12,354,72
202.0,8.3,7.674444369716801,360,0.98,8.0,13,354,73
145.88888888888889,8.7,7.7,360,0.99,6.0,14,354,74
78.55555555555554,8.7,7.674444369716801,360,1.0,6.0,15,354,75
33.66666666666667,8.7,7.599519052838329,360,1.0,6.0,16,354,76
0.0,8.7,7.480330085889911,360,1.0,5.0,17,354,77
0.0,8.8,7.325,360,1.0,5.0,18,354,78
0.0,8.9,7.144114283826891,360,0.98,6.0,19,354,79
0.0,8.7,6.95,360,0.97,6.0,20,354,80
0.0,8.4,6.755885716173109,360,0.96,4.0,21,354,81
0.0,8.4,6.575,360,0.93,5.0,22,354,82
0.0,8.4,6.41966991411009,360,0.87,6.0,23,354,83
0.0,8.5,6.300480947161671,360,0.81,7.0,24,354,84
0.0,8.3,7.420444504226559,360,0.8,6.0,1,355,85
0.0,7.7,7.4,360,0.85,4.0,2,355,86
0.0,8.6,7.420444504226559,360,0.8,6.0,3,355,87
0.0,8.6,7.480384757729337,360,0.77,10.0,4,355,88
0.0,8.5,7.575735931288071,360,0.8,10.0,5,355,89
0.0,8.0,7.7,360,0.85,11.0,6,355,90
0.0,7.8,7.844708572938488,360,0.94,10.0,7,355,91
0.0,8.5,8.0,360,0.98,10.0,8,355,92
11.222222222222221,8.9,8.155291427061512,360,0.98,10.0,9,355,93
67.33333333333334,10.0,8.3,360,0.97,9.0,10,355,94
145.88888888888889,10.5,8.424264068711928,360,0.95,8.0,11,355,95
359.1111111111111,11.4,8.519615242270662,360,0.9,10.0,12,355,96
269.33333333333337,11.8,8.579555495773441,360,0.82,14.0,13,355,97
246.8888888888889,11.0,8.6,360,0.86,13.0,14,355,98
145.88888888888889,11.4,8.579555495773441,360,0.82,11.0,15,355,99
44.888888888888886,10.7,8.519615242270662,360,0.85,10.0,16,355,100
0.0,10.1,8.424264068711928,360,0.88,10.0,17,355,101
0.0,9.4,8.3,360,0.9,7.0,18,355,102
0.0,8.7,8.155291427061512,360,0.93,4.0,19,355,103
0.0,8.4,8.0,360,0.92,6.0,20,355,104
0.0,8.2,7.844708572938488,360,0.94,5.0,21,355,105
0.0,7.9,7.7,360,0.96,5.0,22,355,106
0.0,7.8,7.575735931288071,360,0.96,5.0,23,355,107
0.0,7.7,7.480384757729337,360,0.95,6.0,24,355,108
0.0,7.7,7.617037086855466,360,0.96,5.0,1,356,109
0.0,7.7,7.6,360,0.97,6.0,2,356,110
0.0,8.1,7.617037086855466,360,0.97,6.0,3,356,111
0.0,8.1,7.66698729810778,360,0.98,6.0,4,356,112
0.0,7.7,7.746446609406726,360,0.99,4.0,5,356,113
0.0,7.6,7.85,360,0.99,4.0,6,356,114
0.0,7.5,7.97059047744874,360,1.0,4.0,7,356,115
0.0,7.4,8.1,360,1.0,3.0,8,356,116
22.444444444444443,7.6,8.22940952255126,360,1.0,3.0,9,356,117
123.44444444444446,7.9,8.35,360,1.0,3.0,10,356,118
246.8888888888889,8.8,8.453553390593273,360,0.96,3.0,11,356,119
258.11111111111114,9.1,8.533012701892218,360,0.93,4.0,12,356,120
157.1111111111111,9.3,8.582962913144534,360,0.93,3.0,13,356,121
213.22222222222223,9.5,8.6,360,0.91,2.0,14,356,122
202.0,9.4,8.582962913144534,360,0.93,2.0,15,356,123
78.55555555555554,9.1,8.533012701892218,360,0.96,2.0,16,356,124
0.0,8.5,8.453553390593273,360,0.98,2.0,17,356,125
0.0,8.0,8.35,360,0.99,2.0,18,356,126
0.0,7.8,8.22940952255126,360,1.0,1.0,19,356,127
0.0,6.9,8.1,360,1.0,1.0,20,356,128
0.0,7.4,7.97059047744874,360,1.0,2.0,21,356,129
0.0,6.9,7.85,360,1.0,2.0,22,356,130
0.0,7.0,7.746446609406726,360,1.0,2.0,23,356,131
0.0,7.1,7.66698729810778,360,1.0,4.0,24,356,132
0.0,7.4,7.8374815910820255,360,1.0,4.0,1,357,133
0.0,7.5,7.800000000000001,360,1.0,5.0,2,357,134
0.0,7.5,7.837481591082025,360,1.0,6.0,3,357,135
0.0,7.7,7.947372055837118,360,1.0,6.0,4,357,136
0.0,7.9,8.122182540694798,360,1.0,8.0,5,357,137
0.0,8.1,8.35,360,1.0,8.0,6,357,138
0.0,8.5,8.615299050387227,360,1.0,8.0,7,357,139
0.0,9.0,8.9,360,1.0,10.0,8,357,140
22.444444444444443,9.7,9.184700949612774,360,1.0,11.0,9,357,141
33.66666666666667,10.2,9.450000000000001,360,1.0,10.0,10,357,142
67.33333333333334,11.2,9.677817459305203,360,1.0,8.0,11,357,143
89.77777777777777,11.9,9.852627944162883,360,1.0,10.0,12,357,144
123.44444444444446,12.6,9.962518408917976,360,1.0,10.0,13,357,145
67.33333333333334,13.0,10.0,360,1.0,12.0,14,357,146
33.66666666666667,13.1,9.962518408917976,360,1.0,11.0,15,357,147
22.444444444444443,13.1,9.852627944162883,360,1.0,11.0,16,357,148
0.0,13.1,9.677817459305203,360,0.99,10.0,17,357,149
0.0,13.0,9.450000000000001,360,0.99,10.0,18,357,150
0.0,13.0,9.184700949612774,360,0.96,11.0,19,357,151
0.0,13.1,8.9,360,0.94,10.0,20,357,152
0.0,13.4,8.615299050387227,360,0.9,10.0,21,357,153
0.0,13.6,8.350000000000001,360,0.85,11.0,22,357,154
0.0,13.0,8.122182540694798,360,0.91,10.0,23,357,155
0.0,12.7,7.947372055837118,360,0.92,7.0,24,357,156
0.0,11.9,9.22044450422656,360,0.93,7.0,1,358,157
0.0,10.9,9.2,360,0.96,6.0,2,358,158
0.0,10.3,9.22044450422656,360,0.98,8.0,3,358,159
0.0,10.1,9.280384757729337,360,0.99,7.0,4,358,160
0.0,11.0,9.375735931288071,360,0.94,10.0,5,358,161
0.0,10.9,9.5,360,0.94,10.0,6,358,162
0.0,11.0,9.644708572938487,360,0.91,8.0,7,358,163
11.222222222222221,10.6,9.8,360,0.92,8.0,8,358,164
145.88888888888889,11.2,9.955291427061514,360,0.9,7.0,9,358,165
359.1111111111111,12.1,10.100000000000001,360,0.87,6.0,10,358,166
448.8888888888889,13.0,10.22426406871193,360,0.84,6.0,11,358,167
549.8888888888889,14.4,10.319615242270665,360,0.79,6.0,12,358,168
549.8888888888889,14.9,10.379555495773442,360,0.76,7.0,13,358,169
426.44444444444446,14.6,10.400000000000002,360,0.78,7.0,14,358,170
291.77777777777777,14.3,10.379555495773442,360,0.79,6.0,15,358,171
101.0,13.1,10.319615242270665,360,0.85,4.0,16,358,172
11.222222222222221,11.2,10.22426406871193,360,0.94,3.0,17,358,173
0.0,10.5,10.100000000000001,360,0.95,2.0,18,358,174
0.0,9.7,9.955291427061514,360,0.97,2.0,19,358,175
0.0,10.3,9.8,360,0.96,3.0,20,358,176
0.0,9.1,9.644708572938487,360,0.98,2.0,21,358,177
0.0,7.2,9.5,360,0.99,2.0,22,358,178
0.0,7.5,9.375735931288071,360,1.0,2.0,23,358,179
0.0,8.9,9.280384757729337,360,1.0,3.0,24,358,180
0.0,9.6,8.118740795541012,360,0.93,5.0,1,359,181
0.0,10.4,8.099999999999998,360,0.88,8.0,2,359,182
0.0,10.2,8.118740795541012,360,0.87,7.0,3,359,183
0.0,10.0,8.173686027918558,360,0.86,8.0,4,359,184
0.0,10.1,8.261091270347398,360,0.83,8.0,5,359,185
0.0,9.9,8.374999999999998,360,0.82,7.0,6,359,186
0.0,9.7,8.507649525193612,360,0.83,6.0,7,359,187
0.0,9.9,8.649999999999999,360,0.82,8.0,8,359,188
78.55555555555554,10.2,8.792350474806385,360,0.8,10.0,9,359,189
202.0,11.1,8.924999999999999,360,0.76,10.0,10,359,190
392.7777777777778,12.5,9.038908729652599,360,0.72,10.0,11,359,191
437.6666666666667,13.3,9.126313972081439,360,0.68,10.0,12,359,192
381.55555555555554,13.8,9.181259204458986,360,0.67,9.0,13,359,193
325.44444444444446,13.1,9.2,360,0.7,8.0,14,359,194
213.22222222222223,12.7,9.181259204458986,360,0.74,6.0,15,359,195
56.111111111111114,12.0,9.126313972081439,360,0.76,6.0,16,359,196
0.0,11.6,9.038908729652599,360,0.77,6.0,17,359,197
0.0,11.5,8.924999999999999,360,0.76,6.0,18,359,198
0.0,11.9,8.792350474806385,360,0.75,8.0,19,359,199
0.0,11.7,8.649999999999999,360,0.77,9.0,20,359,200
0.0,11.7,8.507649525193612,360,0.79,10.0,21,359,201
0.0,11.8,8.374999999999998,360,0.8,12.0,22,359,202
0.0,12.1,8.261091270347398,360,0.76,11.0,23,359,203
0.0,11.2,8.173686027918558,360,0.83,12.0,24,359,204
0.0,10.8,8.810222252113281,360,0.84,10.0,1,360,205
0.0,10.5,8.8,360,0.85,9.0,2,360,206
0.0,10.5,8.810222252113281,360,0.86,8.0,3,360,207
0.0,10.1,8.84019237886467,360,0.92,8.0,4,360,208
0.0,9.5,8.887867965644038,360,0.96,8.0,5,360,209
0.0,9.0,8.950000000000001,360,0.95,9.0,6,360,210
0.0,8.8,9.022354286469245,360,0.96,8.0,7,360,211
0.0,8.9,9.100000000000001,360,0.91,9.0,8,360,212
67.33333333333334,9.0,9.177645713530758,360,0.92,10.0,9,360,213
190.77777777777777,9.6,9.250000000000002,360,0.92,10.0,10,360,214
415.2222222222223,10.9,9.312132034355965,360,0.83,12.0,11,360,215
359.1111111111111,11.2,9.359807621135333,360,0.85,12.0,12,360,216
583.5555555555555,12.3,9.389777747886722,360,0.75,11.0,13,360,217
359.1111111111111,11.9,9.400000000000002,360,0.79,14.0,14,360,218
168.33333333333331,10.4,9.389777747886722,360,0.88,11.0,15,360,219
56.111111111111114,9.6,9.359807621135333,360,0.88,8.0,16,360,220
11.222222222222221,8.8,9.312132034355965,360,0.9,8.0,17,360,221
0.0,9.0,9.250000000000002,360,0.88,6.0,18,360,222
0.0,8.6,9.177645713530758,360,0.91,7.0,19,360,223
0.0,8.6,9.100000000000001,360,0.93,7.0,20,360,224
0.0,8.6,9.022354286469245,360,0.92,7.0,21,360,225
0.0,8.3,8.950000000000001,360,0.93,7.0,22,360,226
0.0,7.8,8.887867965644038,360,0.96,10.0,23,360,227
0.0,7.9,8.84019237886467,360,0.95,6.0,24,360,228
0.0,7.0,7.335777882396478,360,0.97,5.0,1,361,229
0.0,6.9,7.299999999999999,360,0.96,5.0,2,361,230
0.0,6.6,7.335777882396478,360,0.96,5.0,3,361,231
0.0,6.1,7.440673326026339,360,0.97,4.0,4,361,232
0.0,6.2,7.607537879754124,360,0.97,4.0,5,361,233
0.0,6.2,7.824999999999999,360,0.96,5.0,6,361,234
0.0,6.2,8.078240002642353,360,0.97,5.0,7,361,235
0.0,7.1,8.35,360,0.95,6.0,8,361,236
123.44444444444446,7.4,8.621759997357646,360,0.94,5.0,9,361,237
325.44444444444446,9.2,8.875,360,0.92,5.0,10,361,238
505.0,10.7,9.092462120245875,360,0.85,7.0,11,361,239
314.2222222222222,10.6,9.25932667397366,360,0.86,8.0,12,361,240
493.7777777777778,11.3,9.364222117603521,360,0.81,8.0,13,361,241
303.0,11.3,9.4,360,0.76,12.0,14,361,242
246.8888888888889,11.3,9.364222117603521,360,0.8,11.0,15,361,243
134.66666666666669,10.6,9.25932667397366,360,0.81,10.0,16,361,244
0.0,10.4,9.092462120245875,360,0.81,9.0,17,361,245
0.0,9.9,8.875,360,0.86,11.0,18,361,246
0.0,9.8,8.621759997357646,360,0.9,9.0,19,361,247
0.0,9.7,8.35,360,0.96,9.0,20,361,248
0.0,10.0,8.078240002642353,360,0.97,11.0,21,361,249
0.0,10.3,7.824999999999999,360,0.98,12.0,22,361,250
0.0,11.2,7.607537879754124,360,0.93,12.0,23,361,251
0.0,11.1,7.440673326026339,360,0.96,12.0,24,361,252
0.0,11.4,8.722148212912105,360,0.94,14.0,1,362,253
0.0,11.3,8.7,360,0.93,13.0,2,362,254
0.0,10.9,8.722148212912105,360,0.98,10.0,3,362,255
0.0,11.4,8.787083487540114,360,0.96,13.0,4,362,256
0.0,11.5,8.890380592228743,360,0.96,15.0,5,362,257
0.0,12.2,9.024999999999999,360,0.91,18.0,6,362,258
0.0,11.9,9.181767620683361,360,0.95,16.0,7,362,259
0.0,10.8,9.35,360,0.94,16.0,8,362,260
11.222222222222221,10.0,9.518232379316638,360,0.96,13.0,9,362,261
67.33333333333334,10.4,9.675,360,0.93,14.0,10,362,262
370.33333333333337,11.6,9.809619407771256,360,0.88,16.0,11,362,263
235.66666666666669,10.8,9.912916512459885,360,0.75,14.0,12,362,264
426.44444444444446,11.0,9.977851787087895,360,0.81,11.0,13,362,265
359.1111111111111,11.5,10.0,360,0.74,11.0,14,362,266
179.55555555555554,10.4,9.977851787087895,360,0.74,15.0,15,362,267
78.55555555555554,9.9,9.912916512459885,360,0.75,10.0,16,362,268
0.0,9.3,9.809619407771256,360,0.73,9.0,17,362,269
0.0,9.4,9.675,360,0.75,8.0,18,362,270
0.0,8.9,9.518232379316638,360,0.79,9.0,19,362,271
0.0,8.3,9.35,360,0.82,8.0,20,362,272
0.0,8.4,9.181767620683361,360,0.82,6.0,21,362,273
0.0,8.2,9.025,360,0.84,6.0,22,362,274
0.0,7.8,8.890380592228743,360,0.86,5.0,23,362,275
0.0,7.7,8.787083487540114,360,0.87,4.0,24,362,276
0.0,7.7,8.422148212912107,360,0.9,3.0,1,363,277
0.0,7.9,8.400000000000002,360,0.92,4.0,2,363,278
0.0,8.2,8.422148212912107,360,0.91,4.0,3,363,279
0.0,8.3,8.487083487540115,360,0.93,4.0,4,363,280
0.0,8.4,8.590380592228746,360,0.95,4.0,5,363,281
0.0,8.8,8.725000000000001,360,0.96,4.0,6,363,282
0.0,8.9,8.881767620683362,360,0.98,4.0,7,363,283
11.222222222222221,9.4,9.05,360,1.0,6.0,8,363,284
33.66666666666667,10.2,9.218232379316639,360,1.0,7.0,9,363,285
101.0,11.1,9.375,360,1.0,6.0,10,363,286
235.66666666666669,11.6,9.509619407771256,360,0.95,8.0,11,363,287
179.55555555555554,11.6,9.612916512459886,360,0.96,7.0,12,363,288
168.33333333333331,12.0,9.677851787087894,360,0.93,7.0,13,363,289
78.55555555555554,11.8,9.7,360,0.96,6.0,14,363,290
78.55555555555554,12.1,9.677851787087894,360,0.92,7.0,15,363,291
56.111111111111114,11.9,9.612916512459886,360,0.92,6.0,16,363,292
11.222222222222221,10.9,9.509619407771256,360,0.96,4.0,17,363,293
0.0,10.4,9.375,360,0.98,4.0,18,363,294
0.0,10.3,9.218232379316639,360,0.98,5.0,19,363,295
0.0,10.2,9.05,360,0.97,6.0,20,363,296
0.0,9.7,8.881767620683362,360,0.97,6.0,21,363,297
0.0,9.5,8.725000000000001,360,0.97,7.0,22,363,298
0.0,8.9,8.590380592228746,360,0.97,6.0,23,363,299
0.0,8.3,8.487083487540115,360,0.97,6.0,24,363,300
0.0,7.7,7.717037086855465,360,0.97,6.0,1,364,301
0.0,7.7,7.699999999999999,360,0.95,6.0,2,364,302
0.0,7.5,7.717037086855465,360,0.93,7.0,3,364,303
0.0,7.8,7.7669872981077805,360,0.89,6.0,4,364,304
0.0,7.6,7.846446609406725,360,0.88,7.0,5,364,305
0.0,7.6,7.949999999999999,360,0.86,6.0,6,364,306
0.0,7.8,8.07059047744874,360,0.84,10.0,7,364,307
0.0,7.9,8.2,360,0.82,10.0,8,364,308
134.66666666666669,8.2,8.32940952255126,360,0.82,10.0,9,364,309
370.33333333333337,9.6,8.45,360,0.77,10.0,10,364,310
561.1111111111111,10.9,8.553553390593272,360,0.74,10.0,11,364,311
662.1111111111112,12.2,8.633012701892218,360,0.69,10.0,12,364,312
538.6666666666667,12.5,8.682962913144532,360,0.64,12.0,13,364,313
213.22222222222223,12.2,8.7,360,0.68,10.0,14,364,314
44.888888888888886,10.2,8.682962913144532,360,0.83,15.0,15,364,315
11.222222222222221,9.2,8.633012701892218,360,0.88,13.0,16,364,316
0.0,9.4,8.553553390593272,360,0.85,11.0,17,364,317
0.0,9.1,8.45,360,0.84,9.0,18,364,318
0.0,8.7,8.32940952255126,360,0.85,9.0,19,364,319
0.0,8.2,8.2,360,0.89,6.0,20,364,320
0.0,7.8,8.07059047744874,360,0.88,6.0,21,364,321
0.0,7.6,7.949999999999999,360,0.86,8.0,22,364,322
0.0,7.1,7.846446609406726,360,0.89,10.0,23,364,323
0.0,6.9,7.7669872981077805,360,0.91,6.0,24,364,324
0.0,7.0,6.923851921597652,360,0.9,8.0,1,365,325
0.0,7.1,6.9,360,0.9,8.0,2,365,326
0.0,7.7,6.923851921597652,360,0.88,8.0,3,365,327
0.0,7.1,6.993782217350893,360,0.94,6.0,4,365,328
0.0,6.4,7.1050252531694165,360,0.95,5.0,5,365,329
0.0,6.1,7.25,360,0.94,6.0,6,365,330
0.0,6.1,7.4188266684282365,360,0.92,5.0,7,365,331
11.222222222222221,6.1,7.6000000000000005,360,0.93,5.0,8,365,332
89.77777777777777,6.7,7.7811733315717655,360,0.92,5.0,9,365,333
269.33333333333337,8.2,7.950000000000001,360,0.87,6.0,10,365,334
325.44444444444446,9.3,8.094974746830584,360,0.84,6.0,11,365,335
426.44444444444446,9.6,8.206217782649107,360,0.85,7.0,12,365,336
415.2222222222223,10.6,8.276148078402349,360,0.84,8.0,13,365,337
415.2222222222223,11.1,8.3,360,0.77,8.0,14,365,338
381.55555555555554,10.9,8.276148078402349,360,0.77,9.0,15,365,339
78.55555555555554,9.8,8.206217782649107,360,0.79,7.0,16,365,340
11.222222222222221,8.7,8.094974746830584,360,0.87,5.0,17,365,341
0.0,8.7,7.950000000000001,360,0.88,4.0,18,365,342
0.0,8.4,7.7811733315717655,360,0.89,4.0,19,365,343
0.0,7.9,7.6000000000000005,360,0.92,4.0,20,365,344
0.0,7.6,7.4188266684282365,360,0.95,4.0,21,365,345
0.0,7.4,7.250000000000001,360,0.96,4.0,22,365,346
0.0,7.2,7.105025253169417,360,0.96,5.0,23,365,347
0.0,7.1,6.993782217350893,360,0.96,4.0,24,365,348
0.0,6.8,7.41533337816992,360,0.97,5.0,1,366,349
0.0,6.9,7.4,360,0.98,6.0,2,366,350
0.0,6.9,7.41533337816992,360,0.99,8.0,3,366,351
0.0,7.2,7.460288568297003,360,0.99,6.0,4,366,352
0.0,7.3,7.531801948466054,360,1.0,6.0,5,366,353
0.0,7.4,7.625,360,1.0,6.0,6,366,354
0.0,7.6,7.733531429703866,360,1.0,7.0,7,366,355
0.0,7.4,7.8500000000000005,360,1.0,7.0,8,366,356
67.33333333333334,7.3,7.966468570296135,360,0.98,8.0,9,366,357
246.8888888888889,8.0,8.075000000000001,360,0.94,9.0,10,366,358
303.0,8.7,8.168198051533947,360,0.86,10.0,11,366,359
460.11111111111114,9.0,8.239711431702998,360,0.79,10.0,12,366,360
370.33333333333337,9.6,8.284666621830082,360,0.75,12.0,13,366,361
370.33333333333337,10.2,8.3,360,0.7,12.0,14,366,362
415.2222222222223,10.4,8.284666621830082,360,0.7,13.0,15,366,363
134.66666666666669,9.4,8.239711431702998,360,0.76,12.0,16,366,364
11.222222222222221,8.8,8.168198051533947,360,0.77,10.0,17,366,365
0.0,8.7,8.075000000000001,360,0.78,11.0,18,366,366
0.0,8.8,7.966468570296135,360,0.77,10.0,19,366,367
0.0,8.1,7.8500000000000005,360,0.84,9.0,20,366,368
0.0,7.8,7.733531429703866,360,0.88,10.0,21,366,369
0.0,7.7,7.625000000000001,360,0.9,13.0,22,366,370
0.0,7.5,7.531801948466054,360,0.93,12.0,23,366,371
0.0,7.4,7.460288568297003,360,0.96,12.0,24,366,372
0.0,12.4,10.015333378169919,360,1.0,7.0,1,1,373
0.0,12.4,10.0,360,1.0,8.0,2,1,374
0.0,12.4,10.015333378169919,360,1.0,9.0,3,1,375
0.0,12.2,10.060288568297002,360,1.0,8.0,4,1,376
0.0,12.2,10.131801948466052,360,1.0,8.0,5,1,377
0.0,12.1,10.225,360,1.0,9.0,6,1,378
0.0,12.0,10.333531429703864,360,1.0,8.0,7,1,379
0.0,12.0,10.45,360,1.0,8.0,8,1,380
33.66666666666667,12.3,10.566468570296134,360,1.0,8.0,9,1,381
89.77777777777777,12.5,10.674999999999999,360,1.0,8.0,10,1,382
134.66666666666669,12.6,10.768198051533945,360,1.0,9.0,11,1,383
112.22222222222223,12.6,10.839711431702996,360,1.0,9.0,12,1,384
112.22222222222223,12.4,10.88466662183008,360,1.0,10.0,13,1,385
112.22222222222223,12.2,10.899999999999999,360,1.0,10.0,14,1,386
67.33333333333334,12.5,10.88466662183008,360,1.0,10.0,15,1,387
33.66666666666667,12.3,10.839711431702996,360,1.0,9.0,16,1,388
11.222222222222221,12.2,10.768198051533945,360,0.99,8.0,17,1,389
0.0,12.2,10.674999999999999,360,0.99,9.0,18,1,390
0.0,11.9,10.566468570296134,360,1.0,10.0,19,1,391
0.0,12.0,10.45,360,1.0,10.0,20,1,392
0.0,11.7,10.333531429703864,360,1.0,10.0,21,1,393
0.0,11.3,10.225,360,1.0,9.0,22,1,394
0.0,11.2,10.131801948466054,360,1.0,9.0,23,1,395
0.0,11.1,10.060288568297002,360,1.0,9.0,24,1,396
0.0,10.9,9.511925960798827,360,1.0,10.0,1,2,397
0.0,10.9,9.5,360,1.0,11.0,2,2,398
0.0,10.1,9.511925960798827,360,1.0,9.0,3,2,399
0.0,9.1,9.546891108675446,360,1.0,6.0,4,2,400
0.0,8.4,9.602512626584708,360,1.0,6.0,5,2,401
0.0,8.5,9.674999999999999,360,1.0,6.0,6,2,402
0.0,8.5,9.759413334214118,360,1.0,5.0,7,2,403
0.0,7.9,9.85,360,1.0,4.0,8,2,404
78.55555555555554,7.7,9.940586665785881,360,1.0,6.0,9,2,405
303.0,8.9,10.025,360,0.93,5.0,10,2,406
617.2222222222222,10.1,10.09748737341529,360,0.81,6.0,11,2,407
460.11111111111114,9.9,10.153108891324553,360,0.8,8.0,12,2,408
381.55555555555554,9.2,10.188074039201172,360,0.85,9.0,13,2,409
437.6666666666667,10.2,10.2,360,0.87,8.0,14,2,410
359.1111111111111,9.1,10.188074039201172,360,0.74,10.0,15,2,411
123.44444444444446,7.4,10.153108891324553,360,0.83,9.0,16,2,412
11.222222222222221,6.5,10.09748737341529,360,0.9,5.0,17,2,413
0.0,5.9,10.025,360,0.92,4.0,18,2,414
0.0,5.3,9.940586665785881,360,0.97,3.0,19,2,415
0.0,4.8,9.85,360,0.98,4.0,20,2,416
0.0,4.2,9.759413334214118,360,1.0,3.0,21,2,417
0.0,4.4,9.675,360,1.0,3.0,22,2,418
0.0,4.5,9.602512626584708,360,1.0,4.0,23,2,419
0.0,3.9,9.546891108675446,360,1.0,4.0,24,2,420
0.0,4.7,7.537481591082025,360,1.0,6.0,1,3,421
0.0,4.8,7.5,360,1.0,6.0,2,3,422
0.0,5.3,7.537481591082025,360,1.0,7.0,3,3,423
0.0,5.9,7.647372055837117,360,1.0,7.0,4,3,424
0.0,6.1,7.822182540694797,360,1.0,8.0,5,3,425
0.0,6.2,8.049999999999999,360,1.0,8.0,6,3,426
0.0,7.5,8.315299050387226,360,1.0,10.0,7,3,427
11.222222222222221,8.0,8.6,360,1.0,9.0,8,3,428
56.111111111111114,8.4,8.884700949612773,360,1.0,10.0,9,3,429
112.22222222222223,9.1,9.15,360,1.0,10.0,10,3,430
168.33333333333331,9.7,9.377817459305202,360,1.0,11.0,11,3,431
224.44444444444446,11.0,9.552627944162882,360,1.0,13.0,12,3,432
291.77777777777777,11.5,9.662518408917975,360,0.99,14.0,13,3,433
269.33333333333337,11.8,9.7,360,0.95,14.0,14,3,434
44.888888888888886,11.6,9.662518408917975,360,0.98,15.0,15,3,435
11.222222222222221,11.8,9.552627944162882,360,0.99,14.0,16,3,436
0.0,11.7,9.377817459305202,360,1.0,14.0,17,3,437
0.0,11.4,9.15,360,1.0,14.0,18,3,438
0.0,11.5,8.884700949612773,360,1.0,14.0,19,3,439
0.0,11.7,8.6,360,1.0,15.0,20,3,440
0.0,11.5,8.315299050387226,360,1.0,14.0,21,3,441
0.0,11.5,8.05,360,1.0,14.0,22,3,442
0.0,11.9,7.822182540694798,360,1.0,14.0,23,3,443
0.0,11.1,7.647372055837117,360,1.0,15.0,24,3,444
0.0,9.2,8.31533337816992,360,0.99,10.0,1,4,445
0.0,8.8,8.3,360,0.96,6.0,2,4,446
0.0,8.4,8.31533337816992,360,0.94,4.0,3,4,447
0.0,7.5,8.360288568297003,360,0.9,4.0,4,4,448
0.0,6.7,8.431801948466054,360,0.93,4.0,5,4,449
0.0,6.2,8.525,360,0.93,4.0,6,4,450
0.0,4.9,8.633531429703867,360,1.0,4.0,7,4,451
11.222222222222221,4.4,8.75,360,1.0,4.0,8,4,452
134.66666666666669,5.2,8.866468570296135,360,1.0,4.0,9,4,453
325.44444444444446,6.4,8.975,360,0.95,5.0,10,4,454
549.8888888888889,8.4,9.068198051533946,360,0.82,5.0,11,4,455
639.6666666666667,9.5,9.139711431702997,360,0.76,6.0,12,4,456
673.3333333333333,10.1,9.18466662183008,360,0.67,6.0,13,4,457
516.2222222222223,9.6,9.2,360,0.71,6.0,14,4,458
370.33333333333337,9.5,9.18466662183008,360,0.72,6.0,15,4,459
101.0,9.0,9.139711431702997,360,0.75,6.0,16,4,460
11.222222222222221,7.8,9.068198051533946,360,0.88,5.0,17,4,461
0.0,7.6,8.975,360,0.94,5.0,18,4,462
0.0,7.6,8.866468570296135,360,0.93,5.0,19,4,463
0.0,8.4,8.75,360,0.92,8.0,20,4,464
0.0,8.9,8.633531429703867,360,0.83,10.0,21,4,465
0.0,8.8,8.525,360,0.86,9.0,22,4,466
0.0,9.2,8.431801948466054,360,0.86,10.0,23,4,467
0.0,9.4,8.360288568297003,360,0.88,12.0,24,4,468
0.0,9.5,8.318740795541014,360,0.88,15.0,1,5,469
0.0,9.8,8.3,360,0.87,14.0,2,5,470
0.0,9.7,8.318740795541014,360,0.88,13.0,3,5,471
0.0,9.6,8.373686027918561,360,0.92,14.0,4,5,472
0.0,9.7,8.461091270347401,360,0.92,12.0,5,5,473
0.0,9.8,8.575000000000001,360,0.92,14.0,6,5,474
0.0,9.8,8.707649525193615,360,0.93,14.0,7,5,475
0.0,9.5,8.850000000000001,360,1.0,13.0,8,5,476
22.444444444444443,9.6,8.992350474806388,360,1.0,13.0,9,5,477
44.888888888888886,9.9,9.125000000000002,360,1.0,12.0,10,5,478
101.0,10.3,9.238908729652602,360,1.0,14.0,11,5,479
89.77777777777777,10.7,9.326313972081442,360,1.0,14.0,12,5,480
123.44444444444446,11.0,9.381259204458988,360,1.0,13.0,13,5,481
78.55555555555554,11.2,9.400000000000002,360,1.0,12.0,14,5,482
101.0,11.2,9.381259204458988,360,1.0,12.0,15,5,483
78.55555555555554,11.5,9.326313972081442,360,0.98,10.0,16,5,484
11.222222222222221,11.3,9.238908729652602,360,0.92,10.0,17,5,485
0.0,10.8,9.125000000000002,360,0.89,12.0,18,5,486
0.0,10.2,8.992350474806388,360,0.89,8.0,19,5,487
0.0,10.0,8.850000000000001,360,0.82,7.0,20,5,488
0.0,9.1,8.707649525193615,360,0.75,10.0,21,5,489
0.0,8.3,8.575000000000001,360,0.77,8.0,22,5,490
0.0,7.3,8.461091270347401,360,0.81,5.0,23,5,491
0.0,6.9,8.373686027918561,360,0.82,6.0,24,5,492
0.0,6.5,7.111925960798826,360,0.86,4.0,1,6,493
0.0,6.1,7.1,360,0.89,5.0,2,6,494
0.0,6.3,7.111925960798826,360,0.88,6.0,3,6,495
0.0,5.8,7.146891108675446,360,0.91,6.0,4,6,496
0.0,5.5,7.202512626584707,360,0.93,5.0,5,6,497
0.0,5.3,7.2749999999999995,360,0.93,5.0,6,6,498
0.0,4.5,7.359413334214117,360,0.97,4.0,7,6,499
0.0,5.1,7.449999999999999,360,0.93,5.0,8,6,500
134.66666666666669,5.2,7.540586665785882,360,0.94,4.0,9,6,501
359.1111111111111,6.8,7.624999999999999,360,0.87,4.0,10,6,502
561.1111111111111,8.3,7.697487373415291,360,0.77,6.0,11,6,503
684.5555555555557,8.9,7.753108891324553,360,0.71,6.0,12,6,504
662.1111111111112,8.8,7.788074039201173,360,0.72,6.0,13,6,505
392.7777777777778,8.7,7.799999999999999,360,0.67,6.0,14,6,506
291.77777777777777,8.7,7.788074039201173,360,0.7,6.0,15,6,507
168.33333333333331,8.2,7.753108891324553,360,0.7,2.0,16,6,508
11.222222222222221,5.7,7.697487373415291,360,0.91,1.0,17,6,509
0.0,5.3,7.624999999999999,360,0.89,1.0,18,6,510
0.0,3.3,7.540586665785882,360,1.0,2.0,19,6,511
0.0,3.0,7.449999999999999,360,1.0,2.0,20,6,512
0.0,3.1,7.359413334214117,360,1.0,2.0,21,6,513
0.0,4.6,7.2749999999999995,360,0.98,4.0,22,6,514
0.0,4.6,7.202512626584707,360,1.0,3.0,23,6,515
0.0,4.4,7.146891108675446,360,1.0,4.0,24,6,516
0.0,4.8,6.7340741737109315,360,1.0,4.0,1,7,517
0.0,5.1,6.699999999999999,360,1.0,4.0,2,7,518
0.0,5.6,6.7340741737109315,360,1.0,6.0,3,7,519
0.0,5.8,6.833974596215561,360,1.0,5.0,4,7,520
0.0,6.4,6.992893218813451,360,1.0,5.0,5,7,521
0.0,6.6,7.199999999999999,360,1.0,5.0,6,7,522
0.0,7.1,7.4411809548974785,360,1.0,4.0,7,7,523
0.0,7.4,7.699999999999999,360,1.0,5.0,8,7,524
56.111111111111114,7.8,7.95881904510252,360,1.0,5.0,9,7,525
123.44444444444446,8.5,8.2,360,1.0,6.0,10,7,526
246.8888888888889,9.2,8.407106781186547,360,1.0,5.0,11,7,527
269.33333333333337,9.8,8.566025403784437,360,1.0,6.0,12,7,528
291.77777777777777,10.4,8.665925826289067,360,0.99,6.0,13,7,529
269.33333333333337,10.3,8.7,360,0.98,6.0,14,7,530
168.33333333333331,10.4,8.665925826289067,360,1.0,6.0,15,7,531
44.888888888888886,10.0,8.566025403784437,360,1.0,4.0,16,7,532
11.222222222222221,9.6,8.407106781186547,360,1.0,5.0,17,7,533
0.0,9.4,8.2,360,1.0,4.0,18,7,534
0.0,9.3,7.95881904510252,360,1.0,6.0,19,7,535
0.0,9.4,7.699999999999999,360,1.0,5.0,20,7,536
0.0,9.4,7.4411809548974785,360,1.0,6.0,21,7,537
0.0,9.4,7.199999999999999,360,1.0,6.0,22,7,538
0.0,9.3,6.992893218813452,360,1.0,6.0,23,7,539
0.0,9.2,6.833974596215561,360,1.0,4.0,24,7,540
0.0,9.1,8.408518543427734,360,1.0,4.0,1,8,541
0.0,9.0,8.4,360,1.0,4.0,2,8,542
0.0,9.0,8.408518543427734,360,1.0,4.0,3,8,543
0.0,8.6,8.43349364905389,360,0.9,5.0,4,8,544
0.0,7.8,8.473223304703364,360,0.85,5.0,5,8,545
0.0,7.6,8.525,360,0.84,4.0,6,8,546
0.0,7.7,8.58529523872437,360,0.82,4.0,7,8,547
0.0,7.4,8.65,360,0.86,3.0,8,8,548
33.66666666666667,7.5,8.71470476127563,360,0.87,2.0,9,8,549
89.77777777777777,7.9,8.775,360,0.9,3.0,10,8,550
157.1111111111111,8.3,8.826776695296637,360,0.87,3.0,11,8,551
179.55555555555554,8.6,8.86650635094611,360,0.87,3.0,12,8,552
303.0,9.2,8.891481456572267,360,0.77,4.0,13,8,553
202.0,8.9,8.9,360,0.81,4.0,14,8,554
112.22222222222223,8.8,8.891481456572267,360,0.81,4.0,15,8,555
56.111111111111114,8.6,8.86650635094611,360,0.81,4.0,16,8,556
11.222222222222221,8.3,8.826776695296637,360,0.85,3.0,17,8,557
0.0,8.0,8.775,360,0.89,2.0,18,8,558
0.0,7.9,8.71470476127563,360,0.87,3.0,19,8,559
0.0,7.8,8.65,360,0.84,3.0,20,8,560
0.0,7.5,8.58529523872437,360,0.9,2.0,21,8,561
0.0,7.4,8.525,360,0.91,2.0,22,8,562
0.0,7.0,8.473223304703364,360,1.0,1.0,23,8,563
0.0,7.4,8.43349364905389,360,0.94,2.0,24,8,564
0.0,7.2,8.022148212912105,360,0.96,2.0,1,9,565
0.0,6.9,8.0,360,1.0,2.0,2,9,566
0.0,6.9,8.022148212912105,360,0.99,2.0,3,9,567
0.0,6.5,8.087083487540115,360,1.0,2.0,4,9,568
0.0,6.2,8.190380592228744,360,1.0,1.0,5,9,569
0.0,6.2,8.325,360,1.0,2.0,6,9,570
0.0,6.6,8.481767620683362,360,0.97,2.0,7,9,571
0.0,6.4,8.65,360,1.0,2.0,8,9,572
67.33333333333334,6.9,8.818232379316639,360,0.95,2.0,9,9,573
168.33333333333331,7.7,8.975000000000001,360,0.89,2.0,10,9,574
336.66666666666663,8.8,9.109619407771257,360,0.78,4.0,11,9,575
460.11111111111114,9.3,9.212916512459886,360,0.75,3.0,12,9,576
628.4444444444443,9.9,9.277851787087895,360,0.74,4.0,13,9,577
493.7777777777778,9.7,9.3,360,0.74,4.0,14,9,578
145.88888888888889,9.2,9.277851787087895,360,0.84,4.0,15,9,579
89.77777777777777,9.0,9.212916512459886,360,0.85,4.0,16,9,580
11.222222222222221,7.4,9.109619407771257,360,0.97,2.0,17,9,581
0.0,6.7,8.975000000000001,360,1.0,0.0,18,9,582
0.0,6.4,8.818232379316639,360,1.0,0.0,19,9,583
0.0,6.5,8.65,360,1.0,0.0,20,9,584
0.0,5.8,8.481767620683362,360,1.0,2.0,21,9,585
0.0,6.1,8.325000000000001,360,1.0,2.0,22,9,586
0.0,6.3,8.190380592228744,360,1.0,2.0,23,9,587
0.0,6.0,8.087083487540115,360,1.0,1.0,24,9,588
0.0,6.5,8.013629669484374,360,1.0,2.0,1,10,589
0.0,6.3,8.0,360,1.0,2.0,2,10,590
0.0,6.5,8.013629669484372,360,1.0,2.0,3,10,591
0.0,6.6,8.053589838486225,360,1.0,2.0,4,10,592
0.0,6.9,8.11715728752538,360,1.0,3.0,5,10,593
0.0,6.8,8.2,360,1.0,3.0,6,10,594
0.0,6.9,8.296472381958992,360,1.0,4.0,7,10,595
0.0,6.6,8.4,360,1.0,4.0,8,10,596
44.888888888888886,6.3,8.503527618041009,360,1.0,5.0,9,10,597
112.22222222222223,6.4,8.600000000000001,360,1.0,5.0,10,10,598
460.11111111111114,7.6,8.682842712474619,360,1.0,4.0,11,10,599
729.4444444444443,9.1,8.746410161513776,360,1.0,4.0,12,10,600
729.4444444444443,10.0,8.786370330515629,360,0.82,6.0,13,10,601
628.4444444444443,10.7,8.8,360,0.76,6.0,14,10,602
460.11111111111114,10.7,8.786370330515629,360,0.72,6.0,15,10,603
224.44444444444446,9.7,8.746410161513776,360,0.79,6.0,16,10,604
22.444444444444443,8.2,8.682842712474619,360,0.84,7.0,17,10,605
0.0,7.2,8.600000000000001,360,0.99,4.0,18,10,606
0.0,7.0,8.503527618041009,360,1.0,5.0,19,10,607
0.0,7.3,8.4,360,1.0,5.0,20,10,608
0.0,6.7,8.296472381958992,360,1.0,5.0,21,10,609
0.0,6.6,8.200000000000001,360,1.0,4.0,22,10,610
0.0,6.2,8.117157287525382,360,1.0,4.0,23,10,611
0.0,6.0,8.053589838486225,360,1.0,4.0,24,10,612
0.0,5.9,6.515333378169919,360,1.0,5.0,1,11,613
0.0,5.6,6.5,360,1.0,5.0,2,11,614
0.0,5.3,6.515333378169919,360,0.97,6.0,3,11,615
0.0,5.2,6.560288568297002,360,0.9,6.0,4,11,616
0.0,4.5,6.6318019484660535,360,0.93,6.0,5,11,617
0.0,4.5,6.725,360,0.98,6.0,6,11,618
0.0,4.0,6.833531429703866,360,1.0,6.0,7,11,619
11.222222222222221,3.9,6.95,360,1.0,6.0,8,11,620
145.88888888888889,5.2,7.066468570296134,360,1.0,6.0,9,11,621
381.55555555555554,6.8,7.175000000000001,360,0.93,7.0,10,11,622
594.7777777777778,7.5,7.268198051533947,360,0.87,7.0,11,11,623
718.2222222222222,8.1,7.339711431702998,360,0.82,7.0,12,11,624
740.6666666666667,8.7,7.384666621830081,360,0.79,8.0,13,11,625
650.8888888888889,8.6,7.4,360,0.76,8.0,14,11,626
460.11111111111114,8.3,7.384666621830081,360,0.79,8.0,15,11,627
213.22222222222223,7.4,7.339711431702998,360,0.83,6.0,16,11,628
22.444444444444443,5.8,7.268198051533947,360,0.92,6.0,17,11,629
0.0,5.0,7.175000000000001,360,0.95,4.0,18,11,630
0.0,4.3,7.066468570296134,360,1.0,4.0,19,11,631
0.0,3.5,6.95,360,1.0,4.0,20,11,632
0.0,2.1,6.833531429703866,360,1.0,3.0,21,11,633
0.0,1.6,6.7250000000000005,360,1.0,2.0,22,11,634
0.0,1.6,6.6318019484660535,360,1.0,2.0,23,11,635
0.0,0.3,6.560288568297002,360,1.0,2.0,24,11,636
0.0,0.3,5.311925960798827,360,1.0,2.0,1,12,637
0.0,0.0,5.300000000000001,360,1.0,2.0,2,12,638
0.0,-0.7,5.311925960798827,360,1.0,0.0,3,12,639
0.0,0.4,5.346891108675447,360,1.0,0.0,4,12,640
0.0,1.3,5.402512626584708,360,1.0,3.0,5,12,641
0.0,1.6,5.4750000000000005,360,1.0,3.0,6,12,642
0.0,1.6,5.559413334214118,360,1.0,4.0,7,12,643
11.222222222222221,1.4,5.65,360,1.0,2.0,8,12,644
22.444444444444443,1.2,5.740586665785883,360,1.0,2.0,9,12,645
89.77777777777777,0.9,5.825,360,1.0,3.0,10,12,646
145.88888888888889,0.8,5.897487373415292,360,1.0,3.0,11,12,647
145.88888888888889,1.1,5.953108891324554,360,1.0,4.0,12,12,648
145.88888888888889,1.8,5.988074039201174,360,1.0,4.0,13,12,649
157.1111111111111,2.5,6.0,360,1.0,4.0,14,12,650
134.66666666666669,2.8,5.988074039201174,360,1.0,5.0,15,12,651
67.33333333333334,3.0,5.953108891324554,360,1.0,4.0,16,12,652
11.222222222222221,3.0,5.897487373415292,360,1.0,4.0,17,12,653
0.0,3.1,5.825,360,1.0,4.0,18,12,654
0.0,3.1,5.740586665785883,360,1.0,4.0,19,12,655
0.0,3.0,5.65,360,1.0,2.0,20,12,656
0.0,2.8,5.559413334214118,360,1.0,3.0,21,12,657
0.0,2.6,5.4750000000000005,360,1.0,3.0,22,12,658
0.0,2.4,5.402512626584708,360,1.0,3.0,23,12,659
0.0,2.5,5.346891108675447,360,1.0,2.0,24,12,660
0.0,2.5,5.920444504226559,360,1.0,2.0,1,13,661
0.0,2.6,5.9,360,1.0,2.0,2,13,662
0.0,2.8,5.920444504226559,360,1.0,1.0,3,13,663
0.0,3.0,5.980384757729337,360,1.0,1.0,4,13,664
0.0,3.2,6.075735931288071,360,1.0,1.0,5,13,665
0.0,3.4,6.2,360,1.0,1.0,6,13,666
0.0,3.6,6.344708572938488,360,1.0,2.0,7,13,667
0.0,3.7,6.5,360,1.0,2.0,8,13,668
33.66666666666667,4.1,6.655291427061512,360,1.0,2.0,9,13,669
101.0,4.8,6.8,360,1.0,2.0,10,13,670
213.22222222222223,5.9,6.924264068711929,360,1.0,2.0,11,13,671
134.66666666666669,6.2,7.019615242270663,360,1.0,2.0,12,13,672
123.44444444444446,6.5,7.079555495773441,360,1.0,2.0,13,13,673
157.1111111111111,7.0,7.1,360,1.0,3.0,14,13,674
112.22222222222223,7.0,7.079555495773441,360,1.0,4.0,15,13,675
56.111111111111114,6.8,7.019615242270663,360,1.0,4.0,16,13,676
11.222222222222221,6.1,6.924264068711929,360,1.0,4.0,17,13,677
0.0,5.9,6.8,360,1.0,5.0,18,13,678
0.0,5.3,6.655291427061512,360,1.0,6.0,19,13,679
0.0,2.9,6.5,360,1.0,3.0,20,13,680
0.0,2.8,6.344708572938488,360,1.0,2.0,21,13,681
0.0,3.0,6.2,360,1.0,4.0,22,13,682
0.0,2.1,6.075735931288071,360,1.0,4.0,23,13,683
0.0,2.2,5.980384757729337,360,1.0,4.0,24,13,684
0.0,1.7,4.7102222521132795,360,1.0,4.0,1,14,685
0.0,1.2,4.7,360,1.0,4.0,2,14,686
0.0,1.2,4.7102222521132795,360,1.0,0.0,3,14,687
0.0,0.6,4.740192378864668,360,1.0,1.0,4,14,688
0.0,0.5,4.787867965644036,360,1.0,0.0,5,14,689
0.0,0.3,4.85,360,1.0,0.0,6,14,690
0.0,0.2,4.922354286469244,360,1.0,1.0,7,14,691
11.222222222222221,0.0,5.0,360,1.0,0.0,8,14,692
67.33333333333334,0.2,5.077645713530756,360,1.0,0.0,9,14,693
280.55555555555554,1.0,5.15,360,1.0,8.0,10,14,694
538.6666666666667,2.4,5.212132034355964,360,0.96,7.0,11,14,695
639.6666666666667,3.6,5.259807621135331,360,0.85,8.0,12,14,696
740.6666666666667,4.7,5.2897777478867205,360,0.77,8.0,13,14,697
684.5555555555557,4.8,5.3,360,0.75,8.0,14,14,698
493.7777777777778,4.8,5.2897777478867205,360,0.74,8.0,15,14,699
246.8888888888889,3.7,5.259807621135331,360,0.74,7.0,16,14,700
33.66666666666667,2.4,5.212132034355964,360,0.83,7.0,17,14,701
0.0,1.7,5.15,360,0.86,6.0,18,14,702
0.0,1.7,5.077645713530756,360,0.85,8.0,19,14,703
0.0,1.1,5.0,360,0.88,5.0,20,14,704
0.0,0.3,4.922354286469244,360,0.93,3.0,21,14,705
0.0,-0.2,4.8500000000000005,360,0.98,0.0,22,14,706
0.0,-0.6,4.787867965644036,360,0.97,0.0,23,14,707
0.0,-0.8,4.740192378864669,360,0.96,0.0,24,14,708
0.0,-1.7,3.311925960798826,360,1.0,0.0,1,15,709
0.0,-2.6,3.3,360,1.0,0.0,2,15,710
0.0,-3.0,3.311925960798826,360,1.0,0.0,3,15,711
0.0,-2.6,3.3468911086754463,360,1.0,0.0,4,15,712
0.0,-1.7,3.402512626584708,360,1.0,0.0,5,15,713
0.0,-1.6,3.4749999999999996,360,1.0,0.0,6,15,714
0.0,-1.5,3.559413334214118,360,1.0,2.0,7,15,715
0.0,-1.3,3.65,360,1.0,2.0,8,15,716
33.66666666666667,-1.6,3.7405866657858824,360,1.0,3.0,9,15,717
101.0,-1.7,3.825,360,1.0,2.0,10,15,718
168.33333333333331,-1.4,3.8974873734152915,360,1.0,3.0,11,15,719
179.55555555555554,-1.4,3.9531088913245536,360,1.0,3.0,12,15,720
190.77777777777777,-1.5,3.988074039201174,360,1.0,4.0,13,15,721
202.0,-1.6,4.0,360,1.0,5.0,14,15,722
157.1111111111111,-1.6,3.988074039201174,360,1.0,5.0,15,15,723
89.77777777777777,-1.4,3.9531088913245536,360,1.0,4.0,16,15,724
11.222222222222221,-1.7,3.8974873734152915,360,1.0,4.0,17,15,725
0.0,-2.0,3.825,360,1.0,2.0,18,15,726
0.0,-2.4,3.7405866657858824,360,1.0,2.0,19,15,727
0.0,-3.2,3.65,360,1.0,0.0,20,15,728
0.0,-3.0,3.559413334214118,360,1.0,0.0,21,15,729
0.0,-2.7,3.475,360,1.0,0.0,22,15,730
0.0,-3.4,3.4025126265847083,360,1.0,0.0,23,15,731
0.0,-3.4,3.3468911086754463,360,1.0,0.0,24,15,732
0.0,-3.3,2.2170370868554663,360,1.0,0.0,1,16,733
0.0,-3.9,2.2,360,1.0,0.0,2,16,734
0.0,-3.8,2.217037086855466,360,1.0,0.0,3,16,735
0.0,-4.0,2.2669872981077805,360,1.0,0.0,4,16,736
0.0,-4.6,2.3464466094067262,360,1.0,0.0,5,16,737
0.0,-4.3,2.45,360,1.0,0.0,6,16,738
0.0,-3.8,2.57059047744874,360,1.0,0.0,7,16,739
11.222222222222221,-4.3,2.7,360,1.0,0.0,8,16,740
224.44444444444446,-2.8,2.8294095225512605,360,1.0,0.0,9,16,741
471.33333333333337,-1.3,2.95,360,1.0,2.0,10,16,742
662.1111111111112,0.5,3.053553390593274,360,0.97,3.0,11,16,743
864.1111111111111,2.2,3.1330127018922194,360,0.9,3.0,12,16,744
729.4444444444443,3.7,3.1829629131445345,360,0.86,3.0,13,16,745
650.8888888888889,4.6,3.2,360,0.82,4.0,14,16,746
471.33333333333337,4.8,3.1829629131445345,360,0.79,4.0,15,16,747
235.66666666666669,3.6,3.1330127018922194,360,0.84,3.0,16,16,748
33.66666666666667,1.5,3.053553390593274,360,0.93,2.0,17,16,749
0.0,0.8,2.95,360,0.96,2.0,18,16,750
0.0,0.6,2.8294095225512605,360,0.98,2.0,19,16,751
0.0,0.0,2.7,360,1.0,2.0,20,16,752
0.0,-0.4,2.57059047744874,360,1.0,0.0,21,16,753
0.0,-1.3,2.45,360,1.0,0.0,22,16,754
0.0,-1.6,2.3464466094067262,360,1.0,0.0,23,16,755
0.0,-1.7,2.266987298107781,360,1.0,0.0,24,16,756
0.0,-1.7,1.9340741737109317,360,1.0,0.0,1,17,757
0.0,-1.9,1.9,360,1.0,0.0,2,17,758
0.0,-2.0,1.9340741737109317,360,1.0,0.0,3,17,759
0.0,-2.4,2.033974596215561,360,1.0,0.0,4,17,760
0.0,-2.5,2.192893218813452,360,1.0,0.0,5,17,761
0.0,-2.6,2.3999999999999995,360,1.0,0.0,6,17,762
0.0,-3.2,2.641180954897479,360,1.0,0.0,7,17,763
11.222222222222221,-1.9,2.9,360,1.0,0.0,8,17,764
112.22222222222223,-1.9,3.1588190451025207,360,1.0,0.0,9,17,765
370.33333333333337,0.9,3.4,360,1.0,1.0,10,17,766
381.55555555555554,1.3,3.6071067811865474,360,1.0,2.0,11,17,767
606.0,3.5,3.7660254037844387,360,0.93,2.0,12,17,768
673.3333333333333,6.2,3.865925826289068,360,0.79,1.0,13,17,769
516.2222222222223,5.7,3.9,360,0.85,2.0,14,17,770
336.66666666666663,5.3,3.865925826289068,360,0.91,3.0,15,17,771
202.0,5.2,3.7660254037844387,360,0.93,2.0,16,17,772
33.66666666666667,4.5,3.6071067811865474,360,0.98,1.0,17,17,773
0.0,2.7,3.4,360,1.0,0.0,18,17,774
0.0,3.2,3.1588190451025207,360,1.0,1.0,19,17,775
0.0,3.3,2.9,360,1.0,2.0,20,17,776
0.0,2.1,2.641180954897479,360,1.0,2.0,21,17,777
0.0,1.8,2.4000000000000004,360,1.0,1.0,22,17,778
0.0,1.5,2.1928932188134524,360,1.0,2.0,23,17,779
0.0,1.5,2.033974596215561,360,1.0,2.0,24,17,780
0.0,2.0,3.5442964258242116,360,1.0,1.0,1,18,781
0.0,2.0,3.5,360,1.0,1.0,2,18,782
0.0,2.0,3.544296425824211,360,1.0,1.0,3,18,783
0.0,2.0,3.6741669750802295,360,1.0,2.0,4,18,784
0.0,2.1,3.8807611844574876,360,1.0,1.0,5,18,785
0.0,1.4,4.1499999999999995,360,1.0,1.0,6,18,786
0.0,0.8,4.463535241366723,360,1.0,2.0,7,18,787
11.222222222222221,1.7,4.8,360,1.0,2.0,8,18,788
179.55555555555554,2.9,5.136464758633276,360,1.0,4.0,9,18,789
370.33333333333337,4.9,5.45,360,0.92,5.0,10,18,790
437.6666666666667,5.4,5.719238815542512,360,0.95,6.0,11,18,791
583.5555555555555,7.2,5.92583302491977,360,0.88,6.0,12,18,792
370.33333333333337,7.5,6.055703574175789,360,0.87,6.0,13,18,793
246.8888888888889,7.6,6.1,360,0.88,5.0,14,18,794
190.77777777777777,7.8,6.055703574175789,360,0.87,6.0,15,18,795
89.77777777777777,7.7,5.92583302491977,360,0.88,6.0,16,18,796
11.222222222222221,7.7,5.719238815542512,360,0.89,5.0,17,18,797
0.0,7.7,5.45,360,0.91,6.0,18,18,798
0.0,7.5,5.136464758633276,360,0.99,7.0,19,18,799
0.0,7.1,4.8,360,1.0,7.0,20,18,800
0.0,7.0,4.463535241366723,360,1.0,6.0,21,18,801
0.0,7.1,4.15,360,1.0,6.0,22,18,802
0.0,7.1,3.880761184457488,360,1.0,6.0,23,18,803
0.0,7.3,3.6741669750802295,360,1.0,6.0,24,18,804
0.0,7.2,5.444296425824212,360,1.0,6.0,1,19,805
0.0,7.2,5.4,360,1.0,7.0,2,19,806
0.0,7.2,5.444296425824211,360,1.0,7.0,3,19,807
0.0,7.3,5.57416697508023,360,1.0,7.0,4,19,808
0.0,7.2,5.7807611844574875,360,1.0,6.0,5,19,809
0.0,7.2,6.05,360,1.0,6.0,6,19,810
0.0,7.3,6.363535241366724,360,1.0,5.0,7,19,811
0.0,7.6,6.7,360,1.0,4.0,8,19,812
44.888888888888886,8.0,7.036464758633277,360,1.0,4.0,9,19,813
123.44444444444446,9.3,7.3500000000000005,360,1.0,5.0,10,19,814
168.33333333333331,10.3,7.619238815542512,360,1.0,6.0,11,19,815
213.22222222222223,10.6,7.8258330249197705,360,1.0,7.0,12,19,816
246.8888888888889,11.5,7.955703574175789,360,1.0,6.0,13,19,817
190.77777777777777,11.3,8.0,360,1.0,9.0,14,19,818
67.33333333333334,11.5,7.955703574175789,360,1.0,8.0,15,19,819
56.111111111111114,11.4,7.8258330249197705,360,1.0,8.0,16,19,820
11.222222222222221,10.9,7.619238815542512,360,1.0,7.0,17,19,821
0.0,10.7,7.3500000000000005,360,0.99,8.0,18,19,822
0.0,10.3,7.036464758633277,360,1.0,8.0,19,19,823
0.0,9.9,6.7,360,1.0,8.0,20,19,824
0.0,10.1,6.363535241366724,360,1.0,8.0,21,19,825
0.0,10.0,6.050000000000001,360,1.0,8.0,22,19,826
0.0,10.3,5.780761184457488,360,1.0,8.0,23,19,827
0.0,10.5,5.57416697508023,360,1.0,9.0,24,19,828
0.0,10.6,7.217037086855465,360,1.0,7.0,1,20,829
0.0,10.0,7.199999999999999,360,1.0,5.0,2,20,830
0.0,9.0,7.217037086855465,360,1.0,4.0,3,20,831
0.0,8.9,7.2669872981077805,360,1.0,5.0,4,20,832
0.0,7.6,7.346446609406725,360,1.0,5.0,5,20,833
0.0,6.5,7.449999999999999,360,1.0,4.0,6,20,834
0.0,6.3,7.570590477448739,360,1.0,4.0,7,20,835
11.222222222222221,6.1,7.699999999999999,360,1.0,4.0,8,20,836
78.55555555555554,6.3,7.829409522551259,360,1.0,6.0,9,20,837
224.44444444444446,7.5,7.949999999999999,360,1.0,6.0,10,20,838
370.33333333333337,8.1,8.053553390593272,360,1.0,6.0,11,20,839
673.3333333333333,9.8,8.133012701892218,360,0.93,6.0,12,20,840
617.2222222222222,10.0,8.182962913144532,360,0.84,8.0,13,20,841
291.77777777777777,10.0,8.2,360,0.8,8.0,14,20,842
190.77777777777777,10.0,8.182962913144532,360,0.84,8.0,15,20,843
67.33333333333334,9.7,8.133012701892218,360,0.88,7.0,16,20,844
11.222222222222221,9.5,8.053553390593272,360,0.86,7.0,17,20,845
0.0,8.8,7.949999999999999,360,0.95,7.0,18,20,846
0.0,8.8,7.829409522551259,360,0.96,6.0,19,20,847
0.0,8.4,7.699999999999999,360,0.98,7.0,20,20,848
0.0,7.9,7.570590477448739,360,1.0,8.0,21,20,849
0.0,8.4,7.449999999999999,360,0.97,10.0,22,20,850
0.0,8.3,7.346446609406726,360,0.97,10.0,23,20,851
0.0,7.6,7.2669872981077805,360,1.0,7.0,24,20,852
0.0,8.1,7.523851921597651,360,0.99,8.0,1,21,853
0.0,7.7,7.499999999999999,360,1.0,7.0,2,21,854
0.0,8.0,7.523851921597651,360,1.0,6.0,3,21,855
0.0,8.7,7.593782217350892,360,1.0,5.0,4,21,856
0.0,9.3,7.705025253169415,360,1.0,6.0,5,21,857
0.0,9.7,7.849999999999999,360,1.0,7.0,6,21,858
0.0,9.7,8.018826668428234,360,1.0,7.0,7,21,859
0.0,9.5,8.2,360,1.0,8.0,8,21,860
44.888888888888886,9.5,8.381173331571764,360,1.0,6.0,9,21,861
78.55555555555554,9.7,8.549999999999999,360,1.0,8.0,10,21,862
157.1111111111111,10.1,8.694974746830583,360,1.0,7.0,11,21,863
213.22222222222223,10.3,8.806217782649107,360,1.0,8.0,12,21,864
246.8888888888889,10.6,8.876148078402347,360,1.0,9.0,13,21,865
168.33333333333331,10.6,8.899999999999999,360,1.0,8.0,14,21,866
145.88888888888889,10.7,8.876148078402347,360,1.0,7.0,15,21,867
67.33333333333334,10.7,8.806217782649107,360,1.0,8.0,16,21,868
11.222222222222221,10.8,8.694974746830583,360,1.0,8.0,17,21,869
0.0,10.6,8.549999999999999,360,1.0,8.0,18,21,870
0.0,10.1,8.381173331571764,360,1.0,6.0,19,21,871
0.0,10.0,8.2,360,1.0,8.0,20,21,872
0.0,10.1,8.018826668428234,360,1.0,7.0,21,21,873
0.0,10.0,7.85,360,1.0,7.0,22,21,874
0.0,9.8,7.705025253169416,360,1.0,7.0,23,21,875
0.0,9.7,7.593782217350892,360,1.0,6.0,24,21,876
0.0,9.5,8.60511112605664,360,1.0,6.0,1,22,877
0.0,9.6,8.6,360,1.0,7.0,2,22,878
0.0,9.7,8.60511112605664,360,1.0,8.0,3,22,879
0.0,9.8,8.620096189432333,360,0.97,6.0,4,22,880
0.0,9.7,8.643933982822018,360,0.93,6.0,5,22,881
0.0,9.3,8.674999999999999,360,0.98,5.0,6,22,882
0.0,9.0,8.711177143234622,360,1.0,4.0,7,22,883
11.222222222222221,8.3,8.75,360,1.0,4.0,8,22,884
22.444444444444443,8.3,8.788822856765378,360,1.0,4.0,9,22,885
101.0,8.4,8.825000000000001,360,1.0,5.0,10,22,886
157.1111111111111,8.9,8.856066017177982,360,1.0,4.0,11,22,887
179.55555555555554,8.8,8.879903810567667,360,1.0,6.0,12,22,888
168.33333333333331,9.0,8.89488887394336,360,0.97,5.0,13,22,889
123.44444444444446,8.9,8.9,360,0.96,5.0,14,22,890
101.0,8.5,8.89488887394336,360,1.0,6.0,15,22,891
78.55555555555554,8.6,8.879903810567667,360,1.0,4.0,16,22,892
22.444444444444443,8.2,8.856066017177982,360,1.0,3.0,17,22,893
0.0,8.2,8.825000000000001,360,1.0,4.0,18,22,894
0.0,8.4,8.788822856765378,360,1.0,4.0,19,22,895
0.0,8.1,8.75,360,1.0,4.0,20,22,896
0.0,7.9,8.711177143234622,360,1.0,2.0,21,22,897
0.0,7.9,8.675,360,1.0,3.0,22,22,898
0.0,7.9,8.643933982822018,360,1.0,3.0,23,22,899
0.0,7.9,8.620096189432333,360,1.0,3.0,24,22,900
0.0,7.8,8.111925960798825,360,1.0,3.0,1,23,901
0.0,7.7,8.099999999999998,360,1.0,4.0,2,23,902
0.0,7.6,8.111925960798825,360,1.0,3.0,3,23,903
0.0,7.6,8.146891108675446,360,1.0,4.0,4,23,904
0.0,7.5,8.202512626584706,360,1.0,4.0,5,23,905
0.0,7.5,8.274999999999999,360,1.0,3.0,6,23,906
0.0,7.4,8.359413334214118,360,1.0,3.0,7,23,907
0.0,7.4,8.45,360,1.0,2.0,8,23,908
33.66666666666667,7.5,8.54058666578588,360,1.0,4.0,9,23,909
89.77777777777777,7.8,8.625,360,1.0,2.0,10,23,910
112.22222222222223,8.0,8.697487373415292,360,1.0,2.0,11,23,911
202.0,8.9,8.753108891324553,360,1.0,2.0,12,23,912
314.2222222222222,9.6,8.788074039201174,360,0.76,3.0,13,23,913
213.22222222222223,9.3,8.8,360,0.74,4.0,14,23,914
179.55555555555554,9.4,8.788074039201174,360,0.73,3.0,15,23,915
89.77777777777777,8.9,8.753108891324553,360,0.72,4.0,16,23,916
11.222222222222221,8.6,8.697487373415292,360,0.74,2.0,17,23,917
0.0,7.9,8.625,360,0.85,2.0,18,23,918
0.0,7.7,8.54058666578588,360,0.86,2.0,19,23,919
0.0,7.6,8.45,360,0.87,3.0,20,23,920
0.0,7.2,8.359413334214118,360,0.89,3.0,21,23,921
0.0,6.7,8.274999999999999,360,0.97,3.0,22,23,922
0.0,5.7,8.202512626584708,360,1.0,2.0,23,23,923
0.0,5.2,8.146891108675446,360,1.0,2.0,24,23,924
0.0,4.4,6.830666756339838,360,1.0,2.0,1,24,925
0.0,4.1,6.799999999999999,360,1.0,2.0,2,24,926
0.0,3.7,6.830666756339838,360,1.0,3.0,3,24,927
0.0,3.7,6.920577136594004,360,1.0,4.0,4,24,928
0.0,3.8,7.063603896932106,360,1.0,4.0,5,24,929
0.0,3.9,7.249999999999999,360,1.0,4.0,6,24,930
0.0,4.7,7.467062859407731,360,1.0,4.0,7,24,931
0.0,5.3,7.699999999999999,360,1.0,4.0,8,24,932
56.111111111111114,6.1,7.9329371405922675,360,1.0,5.0,9,24,933
202.0,6.9,8.149999999999999,360,1.0,6.0,10,24,934
347.8888888888889,8.0,8.336396103067893,360,1.0,6.0,11,24,935
359.1111111111111,8.6,8.479422863405993,360,1.0,5.0,12,24,936
617.2222222222222,10.3,8.56933324366016,360,1.0,6.0,13,24,937
448.8888888888889,10.2,8.6,360,1.0,5.0,14,24,938
258.11111111111114,10.5,8.56933324366016,360,1.0,4.0,15,24,939
123.44444444444446,10.0,8.479422863405993,360,1.0,5.0,16,24,940
22.444444444444443,9.3,8.336396103067893,360,1.0,4.0,17,24,941
0.0,9.1,8.149999999999999,360,1.0,4.0,18,24,942
0.0,8.9,7.9329371405922675,360,1.0,6.0,19,24,943
0.0,8.7,7.699999999999999,360,1.0,6.0,20,24,944
0.0,8.3,7.467062859407731,360,1.0,6.0,21,24,945
0.0,7.7,7.25,360,1.0,6.0,22,24,946
0.0,8.1,7.063603896932107,360,1.0,6.0,23,24,947
0.0,8.0,6.920577136594004,360,1.0,6.0,24,24,948
0.0,7.9,8.213629669484373,360,1.0,5.0,1,25,949
0.0,8.1,8.2,360,1.0,5.0,2,25,950
0.0,8.1,8.213629669484371,360,1.0,5.0,3,25,951
0.0,8.0,8.253589838486224,360,1.0,4.0,4,25,952
0.0,8.0,8.31715728752538,360,1.0,4.0,5,25,953
0.0,7.9,8.399999999999999,360,1.0,4.0,6,25,954
0.0,7.8,8.496472381958991,360,1.0,2.0,7,25,955
0.0,7.7,8.6,360,1.0,3.0,8,25,956
56.111111111111114,7.5,8.703527618041008,360,1.0,3.0,9,25,957
101.0,7.8,8.8,360,1.0,3.0,10,25,958
190.77777777777777,8.2,8.882842712474618,360,1.0,3.0,11,25,959
303.0,9.0,8.946410161513775,360,1.0,3.0,12,25,960
190.77777777777777,9.1,8.986370330515628,360,1.0,4.0,13,25,961
145.88888888888889,8.9,9.0,360,1.0,3.0,14,25,962
89.77777777777777,8.9,8.986370330515628,360,1.0,3.0,15,25,963
44.888888888888886,8.7,8.946410161513775,360,1.0,4.0,16,25,964
11.222222222222221,8.5,8.882842712474618,360,1.0,4.0,17,25,965
0.0,8.3,8.8,360,1.0,3.0,18,25,966
0.0,8.2,8.703527618041008,360,1.0,4.0,19,25,967
0.0,8.0,8.6,360,1.0,4.0,20,25,968
0.0,7.8,8.496472381958991,360,1.0,4.0,21,25,969
0.0,7.7,8.4,360,1.0,4.0,22,25,970
0.0,7.6,8.317157287525381,360,1.0,4.0,23,25,971
0.0,7.5,8.253589838486224,360,1.0,4.0,24,25,972
0.0,7.4,8.011925960798827,360,1.0,5.0,1,26,973
0.0,7.1,8.0,360,1.0,4.0,2,26,974
0.0,7.0,8.011925960798827,360,1.0,5.0,3,26,975
0.0,6.9,8.046891108675446,360,1.0,3.0,4,26,976
0.0,6.7,8.102512626584708,360,1.0,4.0,5,26,977
0.0,6.5,8.174999999999999,360,1.0,4.0,6,26,978
0.0,6.6,8.259413334214118,360,1.0,5.0,7,26,979
11.222222222222221,6.6,8.35,360,1.0,5.0,8,26,980
145.88888888888889,6.9,8.440586665785881,360,1.0,6.0,9,26,981
112.22222222222223,7.3,8.525,360,1.0,8.0,10,26,982
235.66666666666669,8.0,8.59748737341529,360,1.0,7.0,11,26,983
101.0,7.7,8.653108891324553,360,1.0,8.0,12,26,984
145.88888888888889,7.6,8.688074039201172,360,0.98,8.0,13,26,985
235.66666666666669,8.2,8.7,360,0.88,2.0,14,26,986
258.11111111111114,8.5,8.688074039201172,360,0.82,2.0,15,26,987
168.33333333333331,8.5,8.653108891324553,360,0.82,2.0,16,26,988
33.66666666666667,7.1,8.59748737341529,360,0.92,2.0,17,26,989
0.0,6.2,8.525,360,0.95,3.0,18,26,990
0.0,4.9,8.440586665785881,360,1.0,2.0,19,26,991
0.0,4.7,8.35,360,1.0,2.0,20,26,992
0.0,4.2,8.259413334214118,360,1.0,2.0,21,26,993
0.0,3.3,8.175,360,1.0,2.0,22,26,994
0.0,2.7,8.102512626584708,360,1.0,1.0,23,26,995
0.0,1.5,8.046891108675446,360,1.0,1.0,24,26,996
0.0,1.4,5.227259338968746,360,1.0,1.0,1,27,997
0.0,0.9,5.2,360,1.0,0.0,2,27,998
0.0,0.6,5.227259338968746,360,1.0,0.0,3,27,999
0.0,-0.2,5.307179676972449,360,1.0,0.0,4,27,1000
0.0,-0.3,5.434314575050761,360,1.0,0.0,5,27,1001
0.0,-0.2,5.6,360,1.0,0.0,6,27,1002
0.0,-0.5,5.792944763917983,360,1.0,0.0,7,27,1003
22.444444444444443,0.2,6.0,360,1.0,0.0,8,27,1004
67.33333333333334,2.1,6.207055236082017,360,1.0,1.0,9,27,1005
134.66666666666669,3.5,6.4,360,1.0,2.0,10,27,1006
303.0,5.5,6.565685424949238,360,1.0,2.0,11,27,1007
763.1111111111111,8.4,6.692820323027551,360,0.83,2.0,12,27,1008
841.6666666666666,8.9,6.772740661031254,360,0.7,4.0,13,27,1009
617.2222222222222,8.6,6.8,360,0.73,4.0,14,27,1010
269.33333333333337,7.6,6.772740661031254,360,0.78,4.0,15,27,1011
101.0,6.4,6.692820323027551,360,0.93,4.0,16,27,1012
56.111111111111114,4.5,6.565685424949238,360,1.0,1.0,17,27,1013
0.0,3.2,6.4,360,1.0,1.0,18,27,1014
0.0,3.6,6.207055236082017,360,1.0,1.0,19,27,1015
0.0,3.5,6.0,360,1.0,2.0,20,27,1016
0.0,2.9,5.792944763917983,360,1.0,2.0,21,27,1017
0.0,2.0,5.6000000000000005,360,1.0,1.0,22,27,1018
0.0,2.2,5.434314575050762,360,1.0,2.0,23,27,1019
0.0,1.8,5.307179676972449,360,1.0,2.0,24,27,1020
0.0,2.2,4.727259338968746,360,1.0,3.0,1,28,1021
0.0,2.7,4.7,360,1.0,4.0,2,28,1022
0.0,2.2,4.727259338968746,360,1.0,4.0,3,28,1023
0.0,2.1,4.807179676972449,360,1.0,3.0,4,28,1024
0.0,1.7,4.934314575050761,360,1.0,3.0,5,28,1025
0.0,1.6,5.1,360,1.0,4.0,6,28,1026
0.0,1.3,5.292944763917983,360,1.0,4.0,7,28,1027
11.222222222222221,1.3,5.5,360,1.0,3.0,8,28,1028
168.33333333333331,2.0,5.707055236082017,360,1.0,2.0,9,28,1029
527.4444444444445,4.7,5.9,360,0.98,3.0,10,28,1030
639.6666666666667,5.7,6.065685424949238,360,0.9,4.0,11,28,1031
662.1111111111112,5.8,6.192820323027551,360,0.87,5.0,12,28,1032
505.0,5.9,6.272740661031254,360,0.85,5.0,13,28,1033
460.11111111111114,5.7,6.3,360,0.86,6.0,14,28,1034
347.8888888888889,5.6,6.272740661031254,360,0.88,6.0,15,28,1035
347.8888888888889,6.2,6.192820323027551,360,0.82,6.0,16,28,1036
78.55555555555554,3.8,6.065685424949238,360,0.91,6.0,17,28,1037
0.0,2.9,5.9,360,1.0,4.0,18,28,1038
0.0,2.3,5.707055236082017,360,1.0,2.0,19,28,1039
0.0,2.3,5.5,360,1.0,3.0,20,28,1040
0.0,2.2,5.292944763917983,360,1.0,4.0,21,28,1041
0.0,1.8,5.1000000000000005,360,1.0,4.0,22,28,1042
0.0,2.0,4.934314575050762,360,1.0,6.0,23,28,1043
0.0,2.0,4.807179676972449,360,1.0,5.0,24,28,1044
0.0,2.3,4.91022225211328,360,1.0,6.0,1,29,1045
0.0,2.2,4.9,360,1.0,6.0,2,29,1046
0.0,2.2,4.91022225211328,360,1.0,6.0,3,29,1047
0.0,2.3,4.940192378864669,360,1.0,6.0,4,29,1048
0.0,2.4,4.987867965644036,360,1.0,6.0,5,29,1049
0.0,2.5,5.05,360,1.0,6.0,6,29,1050
0.0,2.6,5.122354286469244,360,1.0,6.0,7,29,1051
11.222222222222221,2.7,5.2,360,1.0,6.0,8,29,1052
168.33333333333331,2.9,5.277645713530756,360,1.0,6.0,9,29,1053
134.66666666666669,2.7,5.3500000000000005,360,0.97,7.0,10,29,1054
202.0,2.8,5.412132034355964,360,0.96,8.0,11,29,1055
190.77777777777777,3.0,5.459807621135331,360,0.91,6.0,12,29,1056
235.66666666666669,3.5,5.489777747886721,360,0.86,6.0,13,29,1057
347.8888888888889,3.8,5.5,360,0.8,7.0,14,29,1058
505.0,4.9,5.489777747886721,360,0.73,7.0,15,29,1059
314.2222222222222,4.3,5.459807621135331,360,0.77,6.0,16,29,1060
78.55555555555554,2.7,5.412132034355964,360,0.82,6.0,17,29,1061
0.0,1.2,5.3500000000000005,360,0.9,2.0,18,29,1062
0.0,0.4,5.277645713530756,360,0.91,2.0,19,29,1063
0.0,-0.5,5.2,360,0.97,2.0,20,29,1064
0.0,-0.8,5.122354286469244,360,1.0,0.0,21,29,1065
0.0,-1.6,5.050000000000001,360,1.0,0.0,22,29,1066
0.0,-1.8,4.987867965644036,360,1.0,0.0,23,29,1067
0.0,-2.0,4.940192378864669,360,1.0,0.0,24,29,1068
0.0,-2.5,2.810222252113279,360,1.0,0.0,1,30,1069
0.0,-2.9,2.8,360,1.0,0.0,2,30,1070
0.0,-3.1,2.810222252113279,360,1.0,0.0,3,30,1071
0.0,-2.8,2.840192378864668,360,1.0,0.0,4,30,1072
0.0,-2.3,2.8878679656440354,360,1.0,0.0,5,30,1073
0.0,-2.0,2.9499999999999993,360,1.0,0.0,6,30,1074
0.0,-1.5,3.0223542864692434,360,1.0,0.0,7,30,1075
11.222222222222221,-1.2,3.0999999999999996,360,1.0,0.0,8,30,1076
78.55555555555554,-0.6,3.177645713530756,360,1.0,3.0,9,30,1077
145.88888888888889,-0.2,3.2499999999999996,360,0.97,4.0,10,30,1078
179.55555555555554,-0.2,3.312132034355964,360,1.0,4.0,11,30,1079
112.22222222222223,-0.7,3.359807621135331,360,1.0,6.0,12,30,1080
157.1111111111111,-0.6,3.38977774788672,360,1.0,5.0,13,30,1081
157.1111111111111,-0.4,3.3999999999999995,360,1.0,5.0,14,30,1082
112.22222222222223,-0.4,3.38977774788672,360,1.0,5.0,15,30,1083
67.33333333333334,-0.1,3.359807621135331,360,1.0,6.0,16,30,1084
22.444444444444443,0.1,3.312132034355964,360,1.0,6.0,17,30,1085
0.0,0.4,3.2499999999999996,360,1.0,7.0,18,30,1086
0.0,0.5,3.177645713530756,360,1.0,8.0,19,30,1087
0.0,0.8,3.0999999999999996,360,1.0,6.0,20,30,1088
0.0,0.8,3.0223542864692434,360,1.0,4.0,21,30,1089
0.0,0.5,2.9499999999999997,360,1.0,3.0,22,30,1090
0.0,0.3,2.8878679656440354,360,1.0,2.0,23,30,1091
0.0,0.2,2.840192378864668,360,1.0,2.0,24,30,1092
0.0,0.0,3.30511112605664,360,1.0,4.0,1,31,1093
0.0,0.0,3.3,360,1.0,6.0,2,31,1094
0.0,0.0,3.30511112605664,360,1.0,6.0,3,31,1095
0.0,-0.2,3.320096189432334,360,1.0,6.0,4,31,1096
0.0,-0.2,3.343933982822018,360,1.0,6.0,5,31,1097
0.0,-0.4,3.375,360,1.0,6.0,6,31,1098
0.0,-0.5,3.411177143234622,360,1.0,7.0,7,31,1099
11.222222222222221,-1.1,3.45,360,1.0,7.0,8,31,1100
190.77777777777777,-1.3,3.4888228567653785,360,1.0,6.0,9,31,1101
505.0,-0.6,3.5250000000000004,360,1.0,8.0,10,31,1102
763.1111111111111,-0.3,3.5560660171779825,360,0.84,6.0,11,31,1103
1077.3333333333335,0.3,3.579903810567666,360,0.79,8.0,12,31,1104
527.4444444444445,-0.8,3.5948888739433604,360,0.87,7.0,13,31,1105
325.44444444444446,-0.9,3.6000000000000005,360,0.88,6.0,14,31,1106
246.8888888888889,-0.9,3.5948888739433604,360,0.87,6.0,15,31,1107
179.55555555555554,-1.0,3.579903810567666,360,0.92,6.0,16,31,1108
33.66666666666667,-1.4,3.5560660171779825,360,0.93,8.0,17,31,1109
0.0,-1.6,3.5250000000000004,360,0.9,7.0,18,31,1110
0.0,-1.7,3.4888228567653785,360,0.93,1.0,19,31,1111
0.0,-2.1,3.45,360,0.89,0.0,20,31,1112
0.0,-2.2,3.411177143234622,360,0.88,0.0,21,31,1113
0.0,-2.3,3.375,360,0.9,0.0,22,31,1114
0.0,-3.0,3.343933982822018,360,0.96,0.0,23,31,1115
0.0,-3.4,3.320096189432334,360,1.0,0.0,24,31,1116
0.0,-3.8,2.3034074173710932,360,1.0,0.0,1,32,1117
0.0,-4.2,2.3,360,1.0,0.0,2,32,1118
0.0,-4.9,2.303407417371093,360,1.0,0.0,3,32,1119
0.0,-4.7,2.313397459621556,360,1.0,0.0,4,32,1120
0.0,-3.2,2.329289321881345,360,1.0,0.0,5,32,1121
0.0,-2.6,2.3499999999999996,360,1.0,0.0,6,32,1122
0.0,-2.2,2.374118095489748,360,1.0,0.0,7,32,1123
11.222222222222221,-1.9,2.4,360,1.0,0.0,8,32,1124
67.33333333333334,-1.4,2.425881904510252,360,0.95,0.0,9,32,1125
112.22222222222223,-1.5,2.45,360,0.77,10.0,10,32,1126
145.88888888888889,-1.7,2.4707106781186545,360,0.76,11.0,11,32,1127
785.5555555555557,-1.4,2.4866025403784437,360,0.74,10.0,12,32,1128
505.0,-1.9,2.496592582628907,360,0.83,10.0,13,32,1129
224.44444444444446,-1.8,2.5,360,0.82,10.0,14,32,1130
157.1111111111111,-2.3,2.496592582628907,360,0.87,9.0,15,32,1131
145.88888888888889,-2.3,2.4866025403784437,360,0.85,5.0,16,32,1132
67.33333333333334,-2.8,2.4707106781186545,360,0.86,0.0,17,32,1133
0.0,-3.3,2.45,360,0.85,0.0,18,32,1134
0.0,-3.4,2.425881904510252,360,0.83,0.0,19,32,1135
0.0,-3.4,2.4,360,0.83,0.0,20,32,1136
0.0,-3.1,2.374118095489748,360,0.76,0.0,21,32,1137
0.0,-3.8,2.35,360,0.81,0.0,22,32,1138
0.0,-4.1,2.3292893218813453,360,0.84,0.0,23,32,1139
0.0,-4.6,2.313397459621556,360,0.84,0.0,24,32,1140
0.0,-4.8,1.206814834742186,360,0.84,0.0,1,33,1141
0.0,-5.4,1.1999999999999997,360,0.82,0.0,2,33,1142
0.0,-5.8,1.206814834742186,360,0.8,0.0,3,33,1143
0.0,-6.4,1.226794919243112,360,0.8,0.0,4,33,1144
0.0,-6.9,1.2585786437626902,360,0.8,0.0,5,33,1145
0.0,-7.1,1.2999999999999998,360,0.79,0.0,6,33,1146
0.0,-7.2,1.3482361909794958,360,0.77,0.0,7,33,1147
22.444444444444443,-7.2,1.4,360,0.77,0.0,8,33,1148
224.44444444444446,-6.8,1.451763809020504,360,0.73,0.0,9,33,1149
505.0,-6.2,1.5,360,0.72,0.0,10,33,1150
751.8888888888888,-5.7,1.5414213562373096,360,0.71,0.0,11,33,1151
909.0,-5.0,1.5732050807568876,360,0.67,13.0,12,33,1152
931.4444444444445,-4.2,1.5931851652578137,360,0.67,12.0,13,33,1153
864.1111111111111,-4.1,1.6,360,0.65,11.0,14,33,1154
662.1111111111112,-3.7,1.5931851652578137,360,0.65,12.0,15,33,1155
392.7777777777778,-3.7,1.5732050807568876,360,0.63,10.0,16,33,1156
123.44444444444446,-4.3,1.5414213562373096,360,0.66,10.0,17,33,1157
0.0,-4.9,1.5,360,0.68,0.0,18,33,1158
0.0,-5.1,1.451763809020504,360,0.68,0.0,19,33,1159
0.0,-5.4,1.4,360,0.67,0.0,20,33,1160
0.0,-5.5,1.3482361909794958,360,0.67,0.0,21,33,1161
0.0,-6.0,1.2999999999999998,360,0.69,0.0,22,33,1162
0.0,-6.4,1.2585786437626905,360,0.71,0.0,23,33,1163
0.0,-7.0,1.2267949192431122,360,0.74,0.0,24,33,1164
0.0,-7.1,0.8034074173710932,360,0.72,0.0,1,34,1165
0.0,-7.6,0.8,360,0.73,0.0,2,34,1166
0.0,-8.0,0.8034074173710932,360,0.73,0.0,3,34,1167
0.0,-8.6,0.8133974596215562,360,0.75,0.0,4,34,1168
0.0,-8.5,0.8292893218813453,360,0.72,0.0,5,34,1169
0.0,-8.8,0.85,360,0.73,0.0,6,34,1170
0.0,-9.3,0.874118095489748,360,0.75,0.0,7,34,1171
33.66666666666667,-9.0,0.9,360,0.74,0.0,8,34,1172
258.11111111111114,-8.3,0.9258819045102521,360,0.72,0.0,9,34,1173
561.1111111111111,-7.4,0.9500000000000001,360,0.69,0.0,10,34,1174
785.5555555555557,-6.6,0.9707106781186547,360,0.7,0.0,11,34,1175
931.4444444444445,-6.2,0.9866025403784439,360,0.68,8.0,12,34,1176
976.3333333333333,-5.1,0.9965925826289068,360,0.64,8.0,13,34,1177
864.1111111111111,-4.1,1.0,360,0.63,8.0,14,34,1178
695.7777777777778,-3.2,0.9965925826289068,360,0.57,9.0,15,34,1179
415.2222222222223,-3.4,0.9866025403784439,360,0.54,9.0,16,34,1180
134.66666666666669,-4.1,0.9707106781186547,360,0.57,8.0,17,34,1181
0.0,-4.8,0.9500000000000001,360,0.58,0.0,18,34,1182
0.0,-5.0,0.9258819045102521,360,0.59,0.0,19,34,1183
0.0,-5.1,0.9,360,0.55,0.0,20,34,1184
0.0,-5.4,0.874118095489748,360,0.57,0.0,21,34,1185
0.0,-5.7,0.8500000000000001,360,0.6,0.0,22,34,1186
0.0,-6.1,0.8292893218813453,360,0.63,0.0,23,34,1187
0.0,-5.4,0.8133974596215562,360,0.65,0.0,24,34,1188
0.0,-4.5,0.6,360,0.63,0.0,1,35,1189
0.0,-3.8,0.6,360,0.66,0.0,2,35,1190
0.0,-3.3,0.6,360,0.73,0.0,3,35,1191
0.0,-3.7,0.6,360,0.75,0.0,4,35,1192
0.0,-4.2,0.6,360,0.81,0.0,5,35,1193
0.0,-4.9,0.6,360,0.87,0.0,6,35,1194
0.0,-4.8,0.6,360,0.89,0.0,7,35,1195
11.222222222222221,-4.8,0.6,360,0.93,0.0,8,35,1196
157.1111111111111,-4.4,0.6,360,0.89,0.0,9,35,1197
549.8888888888889,-3.4,0.6,360,0.64,6.0,10,35,1198
808.0,-3.2,0.6,360,0.55,6.0,11,35,1199
942.6666666666667,-3.0,0.6,360,0.49,6.0,12,35,1200
976.3333333333333,-2.6,0.6,360,0.49,6.0,13,35,1201
886.5555555555555,-2.6,0.6,360,0.48,7.0,14,35,1202
695.7777777777778,-2.5,0.6,360,0.55,6.0,15,35,1203
437.6666666666667,-3.2,0.6,360,0.55,6.0,16,35,1204
134.66666666666669,-4.6,0.6,360,0.65,5.0,17,35,1205
0.0,-5.0,0.6,360,0.65,0.0,18,35,1206
0.0,-6.6,0.6,360,0.79,0.0,19,35,1207
0.0,-6.4,0.6,360,0.74,0.0,20,35,1208
0.0,-7.8,0.6,360,0.81,0.0,21,35,1209
0.0,-8.7,0.6,360,0.91,0.0,22,35,1210
0.0,-7.8,0.6,360,0.95,0.0,23,35,1211
0.0,-7.5,0.6,360,0.95,0.0,24,35,1212
0.0,-5.8,0.5,360,0.88,0.0,1,36,1213
0.0,-4.6,0.5,360,0.8,0.0,2,36,1214
0.0,-4.5,0.5,360,0.73,0.0,3,36,1215
0.0,-5.9,0.5,360,1.0,0.0,4,36,1216
0.0,-6.1,0.5,360,1.0,0.0,5,36,1217
0.0,-6.1,0.5,360,1.0,0.0,6,36,1218
0.0,-6.2,0.5,360,1.0,0.0,7,36,1219
11.222222222222221,-5.8,0.5,360,1.0,0.0,8,36,1220
67.33333333333334,-5.6,0.5,360,1.0,0.0,9,36,1221
190.77777777777777,-5.5,0.5,360,1.0,0.0,10,36,1222
258.11111111111114,-5.1,0.5,360,1.0,0.0,11,36,1223
370.33333333333337,-4.9,0.5,360,1.0,2.0,12,36,1224
437.6666666666667,-4.5,0.5,360,1.0,2.0,13,36,1225
471.33333333333337,-4.2,0.5,360,0.97,3.0,14,36,1226
392.7777777777778,-4.0,0.5,360,0.96,4.0,15,36,1227
179.55555555555554,-4.3,0.5,360,0.98,4.0,16,36,1228
67.33333333333334,-4.4,0.5,360,0.98,0.0,17,36,1229
0.0,-4.5,0.5,360,1.0,0.0,18,36,1230
0.0,-4.4,0.5,360,1.0,0.0,19,36,1231
0.0,-4.6,0.5,360,1.0,0.0,20,36,1232
0.0,-4.7,0.5,360,0.9,0.0,21,36,1233
0.0,-5.1,0.5,360,0.95,0.0,22,36,1234
0.0,-6.1,0.5,360,0.96,0.0,23,36,1235
0.0,-5.5,0.5,360,0.95,0.0,24,36,1236
0.0,-5.4,0.5017037086855467,360,0.96,0.0,1,37,1237
0.0,-6.7,0.5,360,1.0,0.0,2,37,1238
0.0,-6.6,0.5017037086855466,360,1.0,0.0,3,37,1239
0.0,-7.0,0.5066987298107781,360,1.0,0.0,4,37,1240
0.0,-7.2,0.5146446609406726,360,1.0,0.0,5,37,1241
0.0,-8.8,0.525,360,1.0,0.0,6,37,1242
0.0,-8.1,0.537059047744874,360,1.0,0.0,7,37,1243
22.444444444444443,-7.8,0.55,360,1.0,0.0,8,37,1244
325.44444444444446,-8.0,0.5629409522551261,360,0.99,0.0,9,37,1245
650.8888888888889,-6.0,0.5750000000000001,360,0.91,3.0,10,37,1246
1077.3333333333335,-5.0,0.5853553390593275,360,0.83,4.0,11,37,1247
1010.0,-1.8,0.593301270189222,360,0.63,2.0,12,37,1248
1021.2222222222222,-1.1,0.5982962913144535,360,0.61,2.0,13,37,1249
920.2222222222223,-2.1,0.6000000000000001,360,0.7,3.0,14,37,1250
695.7777777777778,-1.7,0.5982962913144535,360,0.7,4.0,15,37,1251
235.66666666666669,-2.6,0.593301270189222,360,0.73,4.0,16,37,1252
44.888888888888886,-2.8,0.5853553390593275,360,0.78,3.0,17,37,1253
0.0,-2.9,0.5750000000000001,360,0.83,3.0,18,37,1254
0.0,-3.0,0.5629409522551261,360,0.86,0.0,19,37,1255
0.0,-2.9,0.55,360,0.89,0.0,20,37,1256
0.0,-2.8,0.537059047744874,360,0.92,0.0,21,37,1257
0.0,-2.7,0.525,360,0.93,0.0,22,37,1258
0.0,-2.8,0.5146446609406727,360,0.97,0.0,23,37,1259
0.0,-3.0,0.5066987298107781,360,0.98,0.0,24,37,1260
0.0,-6.1,0.6,360,1.0,0.0,1,38,1261
0.0,-6.9,0.6,360,1.0,0.0,2,38,1262
0.0,-6.3,0.6,360,1.0,0.0,3,38,1263
0.0,-8.7,0.6,360,1.0,0.0,4,38,1264
0.0,-8.0,0.6,360,1.0,0.0,5,38,1265
0.0,-9.0,0.6,360,1.0,0.0,6,38,1266
0.0,-11.2,0.6,360,1.0,0.0,7,38,1267
101.0,-10.6,0.6,360,1.0,0.0,8,38,1268
471.33333333333337,-9.2,0.6,360,0.87,0.0,9,38,1269
718.2222222222222,-7.7,0.6,360,0.67,0.0,10,38,1270
1099.7777777777778,-6.7,0.6,360,0.59,8.0,11,38,1271
1099.7777777777778,-6.5,0.6,360,0.61,6.0,12,38,1272
1054.888888888889,-5.9,0.6,360,0.6,8.0,13,38,1273
942.6666666666667,-5.1,0.6,360,0.57,8.0,14,38,1274
751.8888888888888,-4.6,0.6,360,0.56,10.0,15,38,1275
460.11111111111114,-4.9,0.6,360,0.56,10.0,16,38,1276
168.33333333333331,-5.6,0.6,360,0.54,10.0,17,38,1277
0.0,-6.8,0.6,360,0.63,0.0,18,38,1278
0.0,-6.5,0.6,360,0.54,0.0,19,38,1279
0.0,-7.2,0.6,360,0.56,0.0,20,38,1280
0.0,-7.9,0.6,360,0.56,0.0,21,38,1281
0.0,-9.4,0.6,360,0.6,0.0,22,38,1282
0.0,-9.8,0.6,360,0.61,0.0,23,38,1283
0.0,-10.3,0.6,360,0.64,0.0,24,38,1284
0.0,-10.6,0.6,360,0.64,0.0,1,39,1285
0.0,-10.4,0.6,360,0.67,0.0,2,39,1286
0.0,-9.9,0.6,360,0.72,0.0,3,39,1287
0.0,-9.7,0.6,360,0.76,0.0,4,39,1288
0.0,-9.5,0.6,360,0.8,0.0,5,39,1289
0.0,-9.1,0.6,360,0.83,0.0,6,39,1290
0.0,-8.8,0.6,360,0.87,0.0,7,39,1291
33.66666666666667,-8.6,0.6,360,0.88,0.0,8,39,1292
224.44444444444446,-7.9,0.6,360,0.86,0.0,9,39,1293
482.5555555555556,-7.7,0.6,360,0.86,0.0,10,39,1294
516.2222222222223,-7.3,0.6,360,0.89,0.0,11,39,1295
673.3333333333333,-6.8,0.6,360,0.89,0.0,12,39,1296
482.5555555555556,-6.6,0.6,360,0.85,0.0,13,39,1297
628.4444444444443,-6.1,0.6,360,0.75,0.0,14,39,1298
471.33333333333337,-6.4,0.6,360,0.78,8.0,15,39,1299
246.8888888888889,-6.5,0.6,360,0.75,0.0,16,39,1300
112.22222222222223,-6.8,0.6,360,0.79,0.0,17,39,1301
0.0,-7.9,0.6,360,0.8,0.0,18,39,1302
0.0,-8.9,0.6,360,0.84,0.0,19,39,1303
0.0,-7.8,0.6,360,0.85,0.0,20,39,1304
0.0,-7.5,0.6,360,0.86,0.0,21,39,1305
0.0,-7.8,0.6,360,0.88,0.0,22,39,1306
0.0,-8.5,0.6,360,0.89,0.0,23,39,1307
0.0,-9.7,0.6,360,0.9,0.0,24,39,1308
0.0,-9.8,0.6,360,0.89,0.0,1,40,1309
0.0,-10.7,0.6,360,0.95,0.0,2,40,1310
0.0,-11.1,0.6,360,0.97,0.0,3,40,1311
0.0,-10.4,0.6,360,0.99,0.0,4,40,1312
0.0,-10.7,0.6,360,1.0,0.0,5,40,1313
0.0,-10.6,0.6,360,0.99,0.0,6,40,1314
0.0,-10.9,0.6,360,1.0,0.0,7,40,1315
67.33333333333334,-11.3,0.6,360,1.0,0.0,8,40,1316
404.0,-10.1,0.6,360,0.97,0.0,9,40,1317
740.6666666666667,-8.8,0.6,360,0.92,0.0,10,40,1318
864.1111111111111,-7.1,0.6,360,0.84,3.0,11,40,1319
942.6666666666667,-5.0,0.6,360,0.76,4.0,12,40,1320
1043.6666666666665,-3.5,0.6,360,0.71,4.0,13,40,1321
942.6666666666667,-2.9,0.6,360,0.68,4.0,14,40,1322
774.3333333333333,-2.8,0.6,360,0.67,5.0,15,40,1323
460.11111111111114,-3.6,0.6,360,0.72,4.0,16,40,1324
224.44444444444446,-3.9,0.6,360,0.75,4.0,17,40,1325
11.222222222222221,-5.7,0.6,360,0.8,4.0,18,40,1326
0.0,-5.0,0.6,360,0.81,0.0,19,40,1327
0.0,-6.1,0.6,360,0.83,0.0,20,40,1328
0.0,-5.8,0.6,360,0.83,0.0,21,40,1329
0.0,-6.6,0.6,360,0.84,0.0,22,40,1330
0.0,-6.2,0.6,360,0.83,0.0,23,40,1331
0.0,-6.3,0.6,360,0.83,0.0,24,40,1332
0.0,-5.8,0.5017037086855467,360,0.82,0.0,1,41,1333
0.0,-6.5,0.5,360,0.85,0.0,2,41,1334
0.0,-6.7,0.5017037086855466,360,0.86,0.0,3,41,1335
0.0,-7.5,0.5066987298107781,360,0.89,0.0,4,41,1336
0.0,-6.5,0.5146446609406726,360,0.9,0.0,5,41,1337
0.0,-7.3,0.525,360,0.9,0.0,6,41,1338
0.0,-8.1,0.537059047744874,360,0.96,0.0,7,41,1339
78.55555555555554,-8.5,0.55,360,0.97,0.0,8,41,1340
482.5555555555556,-7.1,0.5629409522551261,360,0.9,0.0,9,41,1341
886.5555555555555,-5.7,0.5750000000000001,360,0.82,5.0,10,41,1342
1088.5555555555557,-4.2,0.5853553390593275,360,0.74,5.0,11,41,1343
1099.7777777777778,-3.8,0.593301270189222,360,0.71,6.0,12,41,1344
1088.5555555555557,-3.1,0.5982962913144535,360,0.66,6.0,13,41,1345
998.7777777777778,-2.5,0.6000000000000001,360,0.61,8.0,14,41,1346
796.7777777777777,-2.6,0.5982962913144535,360,0.62,7.0,15,41,1347
505.0,-2.8,0.593301270189222,360,0.62,6.0,16,41,1348
179.55555555555554,-4.1,0.5853553390593275,360,0.66,6.0,17,41,1349
11.222222222222221,-4.8,0.5750000000000001,360,0.7,4.0,18,41,1350
0.0,-5.4,0.5629409522551261,360,0.74,0.0,19,41,1351
0.0,-6.3,0.55,360,0.78,0.0,20,41,1352
0.0,-6.7,0.537059047744874,360,0.79,0.0,21,41,1353
0.0,-7.5,0.525,360,0.81,0.0,22,41,1354
0.0,-7.9,0.5146446609406727,360,0.82,0.0,23,41,1355
0.0,-8.9,0.5066987298107781,360,0.85,0.0,24,41,1356
0.0,-9.1,0.20340741737109322,360,0.85,0.0,1,42,1357
0.0,-9.4,0.20000000000000004,360,0.84,0.0,2,42,1358
0.0,-10.1,0.2034074173710932,360,0.85,0.0,3,42,1359
0.0,-10.4,0.21339745962155615,360,0.84,0.0,4,42,1360
0.0,-10.7,0.22928932188134526,360,0.85,0.0,5,42,1361
0.0,-10.9,0.25,360,0.84,0.0,6,42,1362
0.0,-11.0,0.27411809548974797,360,0.84,0.0,7,42,1363
67.33333333333334,-10.7,0.30000000000000004,360,0.81,0.0,8,42,1364
347.8888888888889,-9.1,0.3258819045102521,360,0.78,0.0,9,42,1365
662.1111111111112,-7.7,0.3500000000000001,360,0.73,0.0,10,42,1366
909.0,-6.5,0.3707106781186548,360,0.69,8.0,11,42,1367
1032.4444444444446,-5.3,0.38660254037844394,360,0.64,8.0,12,42,1368
1066.1111111111113,-4.3,0.3965925826289069,360,0.6,8.0,13,42,1369
998.7777777777778,-3.7,0.4,360,0.58,9.0,14,42,1370
796.7777777777777,-3.4,0.3965925826289069,360,0.55,9.0,15,42,1371
516.2222222222223,-3.6,0.38660254037844394,360,0.55,10.0,16,42,1372
202.0,-4.1,0.3707106781186548,360,0.54,8.0,17,42,1373
11.222222222222221,-5.1,0.3500000000000001,360,0.59,0.0,18,42,1374
0.0,-5.4,0.3258819045102521,360,0.57,0.0,19,42,1375
0.0,-6.0,0.30000000000000004,360,0.57,0.0,20,42,1376
0.0,-6.9,0.27411809548974797,360,0.62,0.0,21,42,1377
0.0,-7.6,0.25000000000000006,360,0.64,0.0,22,42,1378
0.0,-8.0,0.2292893218813453,360,0.66,0.0,23,42,1379
0.0,-8.4,0.21339745962155615,360,0.67,0.0,24,42,1380
0.0,-8.8,-0.09659258262890683,360,0.68,0.0,1,43,1381
0.0,-9.6,-0.1,360,0.71,0.0,2,43,1382
0.0,-9.8,-0.09659258262890684,360,0.72,0.0,3,43,1383
0.0,-10.6,-0.08660254037844389,360,0.75,0.0,4,43,1384
0.0,-11.7,-0.0707106781186548,360,0.78,0.0,5,43,1385
0.0,-12.0,-0.050000000000000044,360,0.79,0.0,6,43,1386
0.0,-11.5,-0.025881904510252064,360,0.78,0.0,7,43,1387
67.33333333333334,-11.2,6.123233995736766e-18,360,0.79,0.0,8,43,1388
347.8888888888889,-9.9,0.025881904510252074,360,0.75,0.0,9,43,1389
673.3333333333333,-8.4,0.05000000000000002,360,0.7,0.0,10,43,1390
920.2222222222223,-6.9,0.07071067811865477,360,0.65,6.0,11,43,1391
1066.1111111111113,-5.4,0.08660254037844388,360,0.59,8.0,12,43,1392
1111.0,-5.3,0.09659258262890684,360,0.62,7.0,13,43,1393
1010.0,-4.9,0.1,360,0.61,6.0,14,43,1394
617.2222222222222,-4.5,0.09659258262890684,360,0.6,8.0,15,43,1395
527.4444444444445,-4.0,0.08660254037844388,360,0.57,8.0,16,43,1396
202.0,-4.1,0.07071067811865477,360,0.56,8.0,17,43,1397
11.222222222222221,-4.8,0.05000000000000002,360,0.58,0.0,18,43,1398
0.0,-4.1,0.025881904510252074,360,0.56,0.0,19,43,1399
0.0,-3.5,6.123233995736766e-18,360,0.55,0.0,20,43,1400
0.0,-2.9,-0.025881904510252064,360,0.55,0.0,21,43,1401
0.0,-2.7,-0.04999999999999998,360,0.55,0.0,22,43,1402
0.0,-2.7,-0.07071067811865475,360,0.61,0.0,23,43,1403
0.0,-2.6,-0.08660254037844388,360,0.64,0.0,24,43,1404
0.0,-2.2,-0.09659258262890683,360,0.65,0.0,1,44,1405
0.0,-2.0,-0.1,360,0.74,0.0,2,44,1406
0.0,-1.7,-0.09659258262890684,360,0.8,0.0,3,44,1407
0.0,-1.6,-0.08660254037844389,360,1.0,0.0,4,44,1408
0.0,-1.5,-0.0707106781186548,360,1.0,0.0,5,44,1409
0.0,-1.4,-0.050000000000000044,360,1.0,1.0,6,44,1410
0.0,-1.3,-0.025881904510252064,360,1.0,1.0,7,44,1411
22.444444444444443,-0.8,6.123233995736766e-18,360,1.0,2.0,8,44,1412
112.22222222222223,0.1,0.025881904510252074,360,1.0,2.0,9,44,1413
235.66666666666669,1.1,0.05000000000000002,360,1.0,4.0,10,44,1414
392.7777777777778,1.5,0.07071067811865477,360,1.0,4.0,11,44,1415
448.8888888888889,2.3,0.08660254037844388,360,1.0,4.0,12,44,1416
460.11111111111114,2.9,0.09659258262890684,360,1.0,2.0,13,44,1417
538.6666666666667,2.7,0.1,360,0.99,4.0,14,44,1418
280.55555555555554,3.0,0.09659258262890684,360,0.94,2.0,15,44,1419
190.77777777777777,2.8,0.08660254037844388,360,0.93,2.0,16,44,1420
44.888888888888886,1.9,0.07071067811865477,360,1.0,2.0,17,44,1421
0.0,1.7,0.05000000000000002,360,1.0,4.0,18,44,1422
0.0,1.3,0.025881904510252074,360,1.0,4.0,19,44,1423
0.0,1.3,6.123233995736766e-18,360,1.0,5.0,20,44,1424
0.0,1.2,-0.025881904510252064,360,1.0,4.0,21,44,1425
0.0,1.1,-0.04999999999999998,360,1.0,4.0,22,44,1426
0.0,1.0,-0.07071067811865475,360,1.0,4.0,23,44,1427
0.0,1.1,-0.08660254037844388,360,1.0,6.0,24,44,1428
0.0,0.9,0.00340741737109318,360,1.0,6.0,1,45,1429
0.0,2.0,0.0,360,1.0,4.0,2,45,1430
0.0,2.6,0.003407417371093166,360,1.0,6.0,3,45,1431
0.0,2.3,0.013397459621556113,360,1.0,8.0,4,45,1432
0.0,2.5,0.029289321881345212,360,1.0,6.0,5,45,1433
0.0,2.5,0.04999999999999996,360,1.0,7.0,6,45,1434
0.0,2.7,0.07411809548974795,360,1.0,8.0,7,45,1435
67.33333333333334,2.4,0.1,360,1.0,9.0,8,45,1436
179.55555555555554,2.8,0.12588190451025208,360,1.0,7.0,9,45,1437
437.6666666666667,3.4,0.15000000000000002,360,1.0,8.0,10,45,1438
482.5555555555556,3.5,0.17071067811865476,360,1.0,9.0,11,45,1439
505.0,3.9,0.18660254037844387,360,0.99,9.0,12,45,1440
471.33333333333337,3.9,0.19659258262890683,360,0.98,8.0,13,45,1441
347.8888888888889,4.0,0.2,360,0.97,8.0,14,45,1442
258.11111111111114,4.2,0.19659258262890683,360,0.95,6.0,15,45,1443
112.22222222222223,4.1,0.18660254037844387,360,0.94,6.0,16,45,1444
56.111111111111114,4.1,0.17071067811865476,360,0.91,6.0,17,45,1445
11.222222222222221,3.9,0.15000000000000002,360,0.89,4.0,18,45,1446
0.0,3.4,0.12588190451025208,360,0.91,4.0,19,45,1447
0.0,2.9,0.1,360,0.93,4.0,20,45,1448
0.0,2.4,0.07411809548974795,360,0.98,4.0,21,45,1449
0.0,1.3,0.050000000000000024,360,1.0,2.0,22,45,1450
0.0,1.7,0.029289321881345254,360,1.0,2.0,23,45,1451
0.0,0.7,0.013397459621556126,360,1.0,2.0,24,45,1452
0.0,1.1,0.10851854342773293,360,1.0,3.0,1,46,1453
0.0,1.4,0.09999999999999998,360,1.0,4.0,2,46,1454
0.0,1.1,0.1085185434277329,360,1.0,5.0,3,46,1455
0.0,0.9,0.13349364905389027,360,1.0,5.0,4,46,1456
0.0,1.0,0.173223304703363,360,1.0,5.0,5,46,1457
0.0,0.7,0.22499999999999987,360,1.0,4.0,6,46,1458
0.0,0.8,0.2852952387243698,360,1.0,3.0,7,46,1459
11.222222222222221,2.2,0.35,360,1.0,2.0,8,46,1460
224.44444444444446,3.9,0.41470476127563016,360,1.0,4.0,9,46,1461
594.7777777777778,5.5,0.475,360,1.0,6.0,10,46,1462
527.4444444444445,6.4,0.5267766952966368,360,0.98,5.0,11,46,1463
729.4444444444443,7.6,0.5665063509461097,360,0.88,5.0,12,46,1464
920.2222222222223,9.1,0.591481456572267,360,0.78,6.0,13,46,1465
662.1111111111112,9.1,0.6,360,0.71,7.0,14,46,1466
269.33333333333337,8.6,0.591481456572267,360,0.73,6.0,15,46,1467
157.1111111111111,8.3,0.5665063509461097,360,0.79,6.0,16,46,1468
78.55555555555554,7.8,0.5267766952966368,360,0.79,5.0,17,46,1469
0.0,7.1,0.475,360,0.84,5.0,18,46,1470
0.0,6.6,0.41470476127563016,360,0.85,6.0,19,46,1471
0.0,6.1,0.35,360,0.85,5.0,20,46,1472
0.0,5.1,0.2852952387243698,360,0.89,4.0,21,46,1473
0.0,4.3,0.22500000000000003,360,0.91,4.0,22,46,1474
0.0,3.0,0.1732233047033631,360,1.0,3.0,23,46,1475
0.0,3.5,0.1334936490538903,360,1.0,3.0,24,46,1476
0.0,4.0,0.34429642582421116,360,1.0,4.0,1,47,1477
0.0,4.5,0.2999999999999998,360,1.0,4.0,2,47,1478
0.0,4.1,0.34429642582421094,360,1.0,4.0,3,47,1479
0.0,3.9,0.4741669750802293,360,1.0,4.0,4,47,1480
0.0,3.8,0.6807611844574876,360,1.0,4.0,5,47,1481
0.0,3.7,0.9499999999999993,360,1.0,4.0,6,47,1482
0.0,3.6,1.2635352413667231,360,1.0,4.0,7,47,1483
44.888888888888886,4.2,1.5999999999999999,360,1.0,4.0,8,47,1484
246.8888888888889,5.6,1.9364647586332768,360,0.98,6.0,9,47,1485
347.8888888888889,6.2,2.25,360,1.0,7.0,10,47,1486
785.5555555555557,7.7,2.519238815542512,360,0.9,7.0,11,47,1487
796.7777777777777,8.5,2.72583302491977,360,0.84,6.0,12,47,1488
707.0000000000001,8.6,2.855703574175789,360,0.78,6.0,13,47,1489
493.7777777777778,8.6,2.9,360,0.77,6.0,14,47,1490
258.11111111111114,8.5,2.855703574175789,360,0.77,4.0,15,47,1491
134.66666666666669,8.1,2.72583302491977,360,0.79,4.0,16,47,1492
44.888888888888886,7.9,2.519238815542512,360,0.82,2.0,17,47,1493
0.0,7.1,2.25,360,0.9,2.0,18,47,1494
0.0,6.7,1.9364647586332768,360,0.93,2.0,19,47,1495
0.0,6.8,1.5999999999999999,360,0.8,4.0,20,47,1496
0.0,6.4,1.2635352413667231,360,0.79,4.0,21,47,1497
0.0,5.9,0.9500000000000002,360,0.81,4.0,22,47,1498
0.0,5.5,0.6807611844574881,360,0.83,3.0,23,47,1499
0.0,5.1,0.47416697508022954,360,0.83,3.0,24,47,1500
0.0,4.8,2.4494075518808507,360,0.85,2.0,1,48,1501
0.0,5.0,2.3999999999999995,360,0.88,3.0,2,48,1502
0.0,4.8,2.4494075518808507,360,0.87,3.0,3,48,1503
0.0,4.9,2.5942631645125633,360,0.83,2.0,4,48,1504
0.0,4.4,2.824695167279505,360,0.87,2.0,5,48,1505
0.0,4.4,3.124999999999999,360,0.86,2.0,6,48,1506
0.0,4.4,3.474712384601345,360,0.85,2.0,7,48,1507
22.444444444444443,4.2,3.8499999999999996,360,0.88,2.0,8,48,1508
123.44444444444446,5.2,4.2252876153986545,360,0.82,2.0,9,48,1509
291.77777777777777,6.3,4.574999999999999,360,0.76,2.0,10,48,1510
404.0,7.5,4.875304832720493,360,0.59,2.0,11,48,1511
448.8888888888889,7.8,5.105736835487436,360,0.57,4.0,12,48,1512
684.5555555555557,8.3,5.250592448119148,360,0.56,4.0,13,48,1513
864.1111111111111,9.0,5.3,360,0.56,4.0,14,48,1514
684.5555555555557,8.9,5.250592448119148,360,0.57,4.0,15,48,1515
392.7777777777778,8.5,5.105736835487436,360,0.67,4.0,16,48,1516
134.66666666666669,7.7,4.875304832720493,360,0.71,5.0,17,48,1517
11.222222222222221,7.0,4.574999999999999,360,0.77,3.0,18,48,1518
0.0,6.3,4.2252876153986545,360,0.89,1.0,19,48,1519
0.0,6.4,3.8499999999999996,360,0.83,1.0,20,48,1520
0.0,5.9,3.474712384601345,360,0.92,1.0,21,48,1521
0.0,6.1,3.125,360,0.85,1.0,22,48,1522
0.0,6.0,2.824695167279506,360,0.89,2.0,23,48,1523
0.0,6.0,2.5942631645125633,360,0.91,2.0,24,48,1524
0.0,6.0,4.723851921597653,360,0.89,2.0,1,49,1525
0.0,6.0,4.700000000000001,360,0.89,2.0,2,49,1526
0.0,5.7,4.723851921597653,360,0.94,2.0,3,49,1527
0.0,5.7,4.793782217350893,360,0.92,2.0,4,49,1528
0.0,5.2,4.905025253169417,360,1.0,2.0,5,49,1529
0.0,5.2,5.05,360,1.0,2.0,6,49,1530
0.0,4.8,5.218826668428236,360,1.0,2.0,7,49,1531
33.66666666666667,5.1,5.4,360,1.0,1.0,8,49,1532
134.66666666666669,6.7,5.581173331571764,360,1.0,1.0,9,49,1533
202.0,7.5,5.75,360,0.98,2.0,10,49,1534
269.33333333333337,7.8,5.8949747468305835,360,0.93,2.0,11,49,1535
291.77777777777777,7.9,6.006217782649108,360,0.95,4.0,12,49,1536
325.44444444444446,8.1,6.076148078402348,360,0.96,4.0,13,49,1537
258.11111111111114,8.1,6.1,360,0.94,4.0,14,49,1538
101.0,7.7,6.076148078402348,360,0.99,4.0,15,49,1539
78.55555555555554,7.2,6.006217782649108,360,1.0,4.0,16,49,1540
22.444444444444443,6.6,5.8949747468305835,360,1.0,5.0,17,49,1541
11.222222222222221,6.3,5.75,360,1.0,4.0,18,49,1542
0.0,6.3,5.581173331571764,360,1.0,4.0,19,49,1543
0.0,6.1,5.4,360,1.0,4.0,20,49,1544
0.0,6.0,5.218826668428236,360,1.0,4.0,21,49,1545
0.0,6.0,5.050000000000001,360,0.97,5.0,22,49,1546
0.0,5.7,4.905025253169417,360,0.97,6.0,23,49,1547
0.0,5.9,4.793782217350893,360,0.94,6.0,24,49,1548
0.0,5.9,4.918740795541013,360,0.99,6.0,1,50,1549
0.0,5.7,4.9,360,1.0,5.0,2,50,1550
0.0,5.5,4.918740795541012,360,1.0,4.0,3,50,1551
0.0,5.0,4.973686027918559,360,1.0,7.0,4,50,1552
0.0,4.5,5.061091270347399,360,1.0,7.0,5,50,1553
0.0,4.5,5.175,360,1.0,5.0,6,50,1554
0.0,4.1,5.3076495251936135,360,1.0,6.0,7,50,1555
89.77777777777777,3.3,5.45,360,1.0,6.0,8,50,1556
415.2222222222223,4.3,5.592350474806387,360,1.0,7.0,9,50,1557
684.5555555555557,5.1,5.7250000000000005,360,0.94,8.0,10,50,1558
920.2222222222223,6.2,5.838908729652601,360,0.73,9.0,11,50,1559
1066.1111111111113,6.6,5.9263139720814415,360,0.6,10.0,12,50,1560
1144.6666666666665,7.5,5.981259204458988,360,0.56,9.0,13,50,1561
1066.1111111111113,7.6,6.0,360,0.55,8.0,14,50,1562
875.3333333333334,7.8,5.981259204458988,360,0.52,8.0,15,50,1563
415.2222222222223,7.5,5.9263139720814415,360,0.56,8.0,16,50,1564
235.66666666666669,6.9,5.838908729652601,360,0.54,6.0,17,50,1565
44.888888888888886,5.7,5.7250000000000005,360,0.6,6.0,18,50,1566
0.0,4.6,5.592350474806387,360,0.65,4.0,19,50,1567
0.0,3.8,5.45,360,0.66,3.0,20,50,1568
0.0,3.0,5.3076495251936135,360,0.69,4.0,21,50,1569
0.0,2.8,5.175000000000001,360,0.72,4.0,22,50,1570
0.0,2.5,5.061091270347399,360,0.8,4.0,23,50,1571
0.0,1.7,4.973686027918559,360,0.84,3.0,24,50,1572
0.0,0.9,2.8340741737109316,360,0.88,3.0,1,51,1573
0.0,0.6,2.8,360,0.91,2.0,2,51,1574
0.0,0.1,2.8340741737109316,360,0.91,3.0,3,51,1575
0.0,-0.3,2.933974596215561,360,0.91,2.0,4,51,1576
0.0,-0.8,3.092893218813452,360,0.98,0.0,5,51,1577
0.0,-1.0,3.2999999999999994,360,0.99,0.0,6,51,1578
0.0,-1.4,3.541180954897479,360,1.0,0.0,7,51,1579
112.22222222222223,-0.9,3.8,360,0.96,2.0,8,51,1580
415.2222222222223,0.6,4.058819045102521,360,0.88,2.0,9,51,1581
729.4444444444443,2.6,4.3,360,0.72,3.0,10,51,1582
987.5555555555557,4.5,4.507106781186548,360,0.62,4.0,11,51,1583
1111.0,5.2,4.666025403784438,360,0.52,8.0,12,51,1584
1144.6666666666665,5.9,4.7659258262890685,360,0.52,6.0,13,51,1585
1066.1111111111113,6.0,4.8,360,0.49,8.0,14,51,1586
864.1111111111111,6.0,4.7659258262890685,360,0.52,6.0,15,51,1587
583.5555555555555,5.6,4.666025403784438,360,0.53,6.0,16,51,1588
246.8888888888889,4.1,4.507106781186548,360,0.57,6.0,17,51,1589
22.444444444444443,1.3,4.3,360,0.66,4.0,18,51,1590
0.0,1.1,4.058819045102521,360,0.66,2.0,19,51,1591
0.0,1.0,3.8,360,0.65,1.0,20,51,1592
0.0,0.3,3.541180954897479,360,0.67,0.0,21,51,1593
0.0,0.5,3.3,360,0.67,0.0,22,51,1594
0.0,-0.3,3.0928932188134524,360,0.7,0.0,23,51,1595
0.0,-0.8,2.933974596215561,360,0.72,0.0,24,51,1596
0.0,-1.1,1.8323704650253851,360,0.75,0.0,1,52,1597
0.0,-1.4,1.7999999999999998,360,0.76,0.0,2,52,1598
0.0,-2.0,1.832370465025385,360,0.8,0.0,3,52,1599
0.0,-2.3,1.927275866404783,360,0.84,0.0,4,52,1600
0.0,-2.9,2.0782485578727794,360,0.89,0.0,5,52,1601
0.0,-2.7,2.2749999999999995,360,0.88,0.0,6,52,1602
11.222222222222221,-3.2,2.5041219071526055,360,0.96,0.0,7,52,1603
190.77777777777777,-2.3,2.75,360,0.9,0.0,8,52,1604
549.8888888888889,-0.3,2.995878092847395,360,0.86,2.0,9,52,1605
864.1111111111111,1.9,3.225,360,0.74,3.0,10,52,1606
976.3333333333333,3.5,3.42175144212722,360,0.64,5.0,11,52,1607
1043.6666666666665,5.1,3.5727241335952167,360,0.54,6.0,12,52,1608
965.1111111111112,5.5,3.667629534974615,360,0.56,6.0,13,52,1609
965.1111111111112,6.2,3.7,360,0.53,6.0,14,52,1610
662.1111111111112,6.3,3.667629534974615,360,0.52,6.0,15,52,1611
572.3333333333333,6.1,3.5727241335952167,360,0.54,6.0,16,52,1612
224.44444444444446,4.9,3.42175144212722,360,0.63,5.0,17,52,1613
33.66666666666667,2.7,3.225,360,0.7,4.0,18,52,1614
0.0,1.4,2.995878092847395,360,0.74,2.0,19,52,1615
0.0,0.4,2.75,360,0.75,2.0,20,52,1616
0.0,0.6,2.5041219071526055,360,0.71,1.0,21,52,1617
0.0,0.1,2.2750000000000004,360,0.72,0.0,22,52,1618
0.0,-0.3,2.07824855787278,360,0.74,0.0,23,52,1619
0.0,-0.7,1.9272758664047833,360,0.75,0.0,24,52,1620
0.0,-0.8,1.6460001345097581,360,0.76,0.0,1,53,1621
0.0,-0.8,1.6000000000000003,360,0.76,0.0,2,53,1622
0.0,-1.0,1.6460001345097581,360,0.77,0.0,3,53,1623
0.0,-1.7,1.780865704891008,360,0.83,0.0,4,53,1624
0.0,-2.1,1.9954058453981607,360,0.85,0.0,5,53,1625
0.0,-2.5,2.2749999999999995,360,0.87,0.0,6,53,1626
0.0,-3.0,2.6005942891115974,360,0.91,0.0,7,53,1627
134.66666666666669,-1.4,2.95,360,0.85,2.0,8,53,1628
460.11111111111114,0.7,3.299405710888403,360,0.77,3.0,9,53,1629
774.3333333333333,3.5,3.625,360,0.68,3.0,10,53,1630
987.5555555555557,6.0,3.9045941546018392,360,0.59,4.0,11,53,1631
1133.4444444444443,7.9,4.119134295108992,360,0.48,4.0,12,53,1632
1167.111111111111,9.5,4.2539998654902424,360,0.45,3.0,13,53,1633
931.4444444444445,9.9,4.3,360,0.34,3.0,14,53,1634
897.7777777777778,10.5,4.2539998654902424,360,0.38,4.0,15,53,1635
628.4444444444443,10.9,4.119134295108992,360,0.35,3.0,16,53,1636
269.33333333333337,9.2,3.9045941546018392,360,0.41,1.0,17,53,1637
11.222222222222221,4.8,3.625,360,0.71,2.0,18,53,1638
0.0,5.7,3.299405710888403,360,0.54,1.0,19,53,1639
0.0,2.9,2.95,360,0.77,2.0,20,53,1640
0.0,3.4,2.6005942891115974,360,0.72,3.0,21,53,1641
0.0,3.2,2.2750000000000004,360,0.75,3.0,22,53,1642
0.0,2.6,1.9954058453981611,360,0.8,2.0,23,53,1643
0.0,1.6,1.780865704891008,360,0.86,2.0,24,53,1644
0.0,1.5,3.0511112605663975,360,0.86,3.0,1,54,1645
0.0,1.6,3.0,360,0.86,2.0,2,54,1646
0.0,3.2,3.0511112605663975,360,0.76,4.0,3,54,1647
0.0,3.0,3.200961894323342,360,0.81,4.0,4,54,1648
0.0,2.7,3.439339828220178,360,0.88,4.0,5,54,1649
0.0,3.7,3.749999999999999,360,0.91,4.0,6,54,1650
0.0,3.6,4.111771432346219,360,1.0,4.0,7,54,1651
33.66666666666667,4.0,4.5,360,1.0,5.0,8,54,1652
78.55555555555554,4.4,4.8882285676537816,360,1.0,4.0,9,54,1653
134.66666666666669,5.3,5.25,360,1.0,4.0,10,54,1654
213.22222222222223,6.3,5.560660171779821,360,1.0,4.0,11,54,1655
258.11111111111114,7.4,5.799038105676658,360,1.0,5.0,12,54,1656
258.11111111111114,8.2,5.9488887394336025,360,1.0,5.0,13,54,1657
314.2222222222222,8.7,6.0,360,1.0,6.0,14,54,1658
258.11111111111114,8.9,5.9488887394336025,360,1.0,6.0,15,54,1659
101.0,9.0,5.799038105676658,360,1.0,5.0,16,54,1660
56.111111111111114,9.1,5.560660171779821,360,1.0,4.0,17,54,1661
11.222222222222221,9.2,5.25,360,1.0,4.0,18,54,1662
0.0,9.0,4.8882285676537816,360,1.0,2.0,19,54,1663
0.0,9.1,4.5,360,1.0,2.0,20,54,1664
0.0,9.0,4.111771432346219,360,1.0,2.0,21,54,1665
0.0,8.8,3.7500000000000004,360,1.0,3.0,22,54,1666
0.0,8.6,3.439339828220179,360,1.0,3.0,23,54,1667
0.0,8.5,3.200961894323342,360,1.0,2.0,24,54,1668
0.0,8.5,5.446000134509758,360,1.0,2.0,1,55,1669
0.0,8.5,5.4,360,1.0,2.0,2,55,1670
0.0,8.1,5.446000134509758,360,1.0,2.0,3,55,1671
0.0,8.2,5.580865704891008,360,1.0,1.0,4,55,1672
0.0,8.3,5.795405845398161,360,1.0,1.0,5,55,1673
0.0,8.4,6.074999999999999,360,1.0,1.0,6,55,1674
0.0,8.4,6.400594289111597,360,1.0,1.0,7,55,1675
33.66666666666667,8.4,6.75,360,1.0,0.0,8,55,1676
101.0,9.3,7.099405710888403,360,1.0,2.0,9,55,1677
202.0,10.1,7.425,360,1.0,1.0,10,55,1678
291.77777777777777,10.6,7.704594154601839,360,1.0,2.0,11,55,1679
303.0,11.0,7.919134295108992,360,1.0,2.0,12,55,1680
235.66666666666669,11.3,8.053999865490242,360,1.0,4.0,13,55,1681
224.44444444444446,11.5,8.1,360,1.0,4.0,14,55,1682
303.0,12.1,8.053999865490242,360,1.0,4.0,15,55,1683
269.33333333333337,12.4,7.919134295108992,360,1.0,4.0,16,55,1684
123.44444444444446,11.9,7.704594154601839,360,1.0,3.0,17,55,1685
11.222222222222221,10.4,7.425,360,1.0,3.0,18,55,1686
0.0,9.3,7.099405710888403,360,1.0,3.0,19,55,1687
0.0,8.7,6.75,360,1.0,2.0,20,55,1688
0.0,8.3,6.400594289111597,360,1.0,2.0,21,55,1689
0.0,7.8,6.075,360,1.0,2.0,22,55,1690
0.0,6.1,5.795405845398161,360,1.0,2.0,23,55,1691
0.0,8.0,5.580865704891008,360,1.0,2.0,24,55,1692
0.0,8.6,6.639185299767571,360,1.0,3.0,1,56,1693
0.0,8.8,6.6,360,1.0,4.0,2,56,1694
0.0,8.7,6.639185299767571,360,1.0,5.0,3,56,1695
0.0,8.7,6.754070785647895,360,1.0,5.0,4,56,1696
0.0,8.7,6.936827201635469,360,1.0,4.0,5,56,1697
0.0,8.7,7.174999999999999,360,1.0,6.0,6,56,1698
0.0,8.8,7.452358098132101,360,1.0,5.0,7,56,1699
56.111111111111114,9.3,7.75,360,1.0,4.0,8,56,1700
101.0,9.7,8.047641901867898,360,1.0,4.0,9,56,1701
213.22222222222223,10.4,8.325000000000001,360,1.0,5.0,10,56,1702
516.2222222222223,11.3,8.56317279836453,360,1.0,6.0,11,56,1703
617.2222222222222,12.1,8.745929214352104,360,1.0,6.0,12,56,1704
830.4444444444446,12.6,8.860814700232428,360,0.98,5.0,13,56,1705
561.1111111111111,12.3,8.9,360,0.98,6.0,14,56,1706
303.0,11.2,8.860814700232428,360,1.0,7.0,15,56,1707
426.44444444444446,12.2,8.745929214352104,360,0.94,6.0,16,56,1708
179.55555555555554,10.8,8.56317279836453,360,1.0,6.0,17,56,1709
22.444444444444443,9.2,8.325000000000001,360,1.0,4.0,18,56,1710
0.0,9.8,8.047641901867898,360,1.0,4.0,19,56,1711
0.0,8.4,7.75,360,1.0,4.0,20,56,1712
0.0,7.2,7.452358098132101,360,1.0,2.0,21,56,1713
0.0,6.8,7.175,360,1.0,1.0,22,56,1714
0.0,7.0,6.93682720163547,360,1.0,2.0,23,56,1715
0.0,7.5,6.754070785647896,360,1.0,2.0,24,56,1716
0.0,7.9,7.1306667563398385,360,1.0,2.0,1,57,1717
0.0,8.2,7.1,360,1.0,2.0,2,57,1718
0.0,8.3,7.1306667563398385,360,1.0,3.0,3,57,1719
0.0,8.4,7.220577136594005,360,1.0,3.0,4,57,1720
0.0,8.3,7.363603896932107,360,1.0,4.0,5,57,1721
0.0,8.1,7.55,360,1.0,3.0,6,57,1722
0.0,8.0,7.767062859407732,360,1.0,4.0,7,57,1723
56.111111111111114,7.6,8.0,360,1.0,5.0,8,57,1724
235.66666666666669,7.5,8.232937140592268,360,0.98,7.0,9,57,1725
538.6666666666667,8.1,8.450000000000001,360,0.85,6.0,10,57,1726
1010.0,8.7,8.636396103067893,360,0.78,6.0,11,57,1727
1144.6666666666665,9.3,8.779422863405996,360,0.71,6.0,12,57,1728
1178.3333333333335,10.4,8.869333243660162,360,0.66,6.0,13,57,1729
1021.2222222222222,11.0,8.9,360,0.65,6.0,14,57,1730
841.6666666666666,11.2,8.869333243660162,360,0.65,7.0,15,57,1731
460.11111111111114,10.2,8.779422863405996,360,0.67,7.0,16,57,1732
269.33333333333337,9.7,8.636396103067893,360,0.67,6.0,17,57,1733
33.66666666666667,7.4,8.450000000000001,360,0.76,5.0,18,57,1734
0.0,7.3,8.232937140592268,360,0.77,4.0,19,57,1735
0.0,5.7,8.0,360,0.85,5.0,20,57,1736
0.0,6.2,7.767062859407732,360,0.82,4.0,21,57,1737
0.0,4.9,7.55,360,0.88,4.0,22,57,1738
0.0,4.4,7.363603896932107,360,0.91,2.0,23,57,1739
0.0,3.9,7.220577136594005,360,0.92,3.0,24,57,1740
0.0,3.6,5.146000134509757,360,0.93,2.0,1,58,1741
0.0,3.6,5.1,360,0.88,2.0,2,58,1742
0.0,1.7,5.146000134509757,360,1.0,2.0,3,58,1743
0.0,1.5,5.280865704891006,360,1.0,2.0,4,58,1744
0.0,1.1,5.495405845398159,360,1.0,2.0,5,58,1745
0.0,0.9,5.774999999999999,360,1.0,2.0,6,58,1746
0.0,1.1,6.100594289111596,360,1.0,2.0,7,58,1747
89.77777777777777,1.5,6.449999999999999,360,1.0,2.0,8,58,1748
258.11111111111114,2.9,6.7994057108884025,360,1.0,2.0,9,58,1749
594.7777777777778,5.1,7.124999999999999,360,0.91,3.0,10,58,1750
953.8888888888889,8.2,7.404594154601838,360,0.67,5.0,11,58,1751
1167.111111111111,9.5,7.619134295108991,360,0.62,5.0,12,58,1752
1178.3333333333335,10.2,7.753999865490242,360,0.57,5.0,13,58,1753
1111.0,11.1,7.799999999999999,360,0.55,5.0,14,58,1754
909.0,11.2,7.753999865490242,360,0.53,5.0,15,58,1755
628.4444444444443,11.2,7.619134295108991,360,0.55,4.0,16,58,1756
303.0,10.1,7.404594154601838,360,0.61,3.0,17,58,1757
44.888888888888886,8.3,7.124999999999999,360,0.64,2.0,18,58,1758
0.0,5.2,6.7994057108884025,360,0.87,1.0,19,58,1759
0.0,4.3,6.449999999999999,360,0.97,1.0,20,58,1760
0.0,3.1,6.100594289111596,360,1.0,1.0,21,58,1761
0.0,3.4,5.7749999999999995,360,1.0,0.0,22,58,1762
0.0,2.6,5.49540584539816,360,1.0,1.0,23,58,1763
0.0,2.3,5.280865704891007,360,1.0,1.0,24,58,1764
0.0,1.8,4.461333512679678,360,1.0,1.0,1,59,1765
0.0,1.7,4.4,360,1.0,1.0,2,59,1766
0.0,1.3,4.461333512679677,360,1.0,0.0,3,59,1767
0.0,1.5,4.64115427318801,360,1.0,1.0,4,59,1768
0.0,0.2,4.9272077938642145,360,1.0,1.0,5,59,1769
0.0,0.1,5.3,360,1.0,1.0,6,59,1770
0.0,0.5,5.734125718815463,360,1.0,1.0,7,59,1771
179.55555555555554,3.1,6.2,360,1.0,2.0,8,59,1772
516.2222222222223,6.2,6.6658742811845375,360,0.86,2.0,9,59,1773
774.3333333333333,8.7,7.1000000000000005,360,0.74,4.0,10,59,1774
1043.6666666666665,10.6,7.472792206135786,360,0.63,6.0,11,59,1775
1155.888888888889,12.1,7.758845726811989,360,0.59,6.0,12,59,1776
1223.2222222222222,12.9,7.938666487320323,360,0.56,6.0,13,59,1777
1144.6666666666665,13.9,8.0,360,0.54,6.0,14,59,1778
942.6666666666667,14.2,7.938666487320323,360,0.54,5.0,15,59,1779
639.6666666666667,14.1,7.758845726811989,360,0.55,5.0,16,59,1780
325.44444444444446,12.6,7.472792206135786,360,0.61,6.0,17,59,1781
56.111111111111114,10.3,7.1000000000000005,360,0.69,4.0,18,59,1782
0.0,8.2,6.6658742811845375,360,0.78,2.0,19,59,1783
0.0,7.0,6.2,360,0.85,2.0,20,59,1784
0.0,6.0,5.734125718815463,360,0.95,2.0,21,59,1785
0.0,6.3,5.300000000000001,360,0.9,2.0,22,59,1786
0.0,6.3,4.9272077938642145,360,0.88,4.0,23,59,1787
0.0,5.9,4.641154273188011,360,0.91,3.0,24,59,1788
0.0,5.6,5.061333512679678,360,0.94,2.0,1,60,1789
0.0,3.8,5.0,360,1.0,2.0,2,60,1790
0.0,4.6,5.061333512679677,360,1.0,2.0,3,60,1791
0.0,3.7,5.24115427318801,360,1.0,2.0,4,60,1792
0.0,2.4,5.527207793864214,360,1.0,2.0,5,60,1793
0.0,3.0,5.8999999999999995,360,1.0,2.0,6,60,1794
0.0,2.4,6.3341257188154625,360,1.0,2.0,7,60,1795
190.77777777777777,4.2,6.8,360,1.0,2.0,8,60,1796
505.0,7.0,7.265874281184537,360,0.97,4.0,9,60,1797
819.2222222222222,9.8,7.7,360,0.74,5.0,10,60,1798
1032.4444444444446,12.0,8.072792206135786,360,0.66,4.0,11,60,1799
1189.5555555555557,14.5,8.358845726811989,360,0.54,6.0,12,60,1800
1212.0,15.7,8.538666487320322,360,0.52,8.0,13,60,1801
1054.888888888889,16.7,8.6,360,0.52,6.0,14,60,1802
931.4444444444445,16.8,8.538666487320322,360,0.49,5.0,15,60,1803
650.8888888888889,16.3,8.358845726811989,360,0.51,5.0,16,60,1804
325.44444444444446,14.7,8.072792206135786,360,0.58,4.0,17,60,1805
44.888888888888886,11.3,7.7,360,0.67,2.0,18,60,1806
0.0,9.8,7.265874281184537,360,0.75,2.0,19,60,1807
0.0,8.7,6.8,360,0.82,1.0,20,60,1808
0.0,8.5,6.3341257188154625,360,0.83,1.0,21,60,1809
0.0,7.7,5.9,360,0.91,1.0,22,60,1810
0.0,8.2,5.527207793864214,360,0.91,2.0,23,60,1811
0.0,8.1,5.241154273188011,360,0.92,3.0,24,60,1812
0.0,8.2,5.961333512679678,360,0.92,3.0,1,61,1813
0.0,7.3,5.9,360,0.99,3.0,2,61,1814
0.0,6.6,5.961333512679677,360,1.0,2.0,3,61,1815
0.0,5.9,6.14115427318801,360,1.0,3.0,4,61,1816
0.0,5.1,6.4272077938642145,360,1.0,4.0,5,61,1817
0.0,5.0,6.8,360,1.0,3.0,6,61,1818
11.222222222222221,4.5,7.234125718815463,360,1.0,2.0,7,61,1819
112.22222222222223,5.0,7.7,360,1.0,2.0,8,61,1820
280.55555555555554,6.5,8.165874281184538,360,1.0,3.0,9,61,1821
471.33333333333337,7.8,8.6,360,1.0,3.0,10,61,1822
684.5555555555557,9.9,8.972792206135786,360,1.0,3.0,11,61,1823
1155.888888888889,13.4,9.25884572681199,360,0.8,4.0,12,61,1824
1189.5555555555557,14.1,9.438666487320322,360,0.76,5.0,13,61,1825
639.6666666666667,14.1,9.5,360,0.78,5.0,14,61,1826
482.5555555555556,13.7,9.438666487320322,360,0.82,4.0,15,61,1827
258.11111111111114,13.3,9.25884572681199,360,0.85,4.0,16,61,1828
145.88888888888889,12.9,8.972792206135786,360,0.87,4.0,17,61,1829
22.444444444444443,12.3,8.6,360,0.91,3.0,18,61,1830
0.0,10.4,8.165874281184538,360,1.0,3.0,19,61,1831
0.0,7.6,7.7,360,1.0,4.0,20,61,1832
0.0,8.2,7.234125718815463,360,1.0,4.0,21,61,1833
0.0,8.2,6.800000000000001,360,1.0,5.0,22,61,1834
0.0,8.0,6.4272077938642145,360,1.0,5.0,23,61,1835
0.0,7.4,6.141154273188011,360,1.0,4.0,24,61,1836
0.0,6.9,7.932370465025387,360,1.0,4.0,1,62,1837
0.0,6.7,7.900000000000001,360,1.0,3.0,2,62,1838
0.0,6.5,7.932370465025386,360,1.0,4.0,3,62,1839
0.0,6.8,8.027275866404784,360,1.0,4.0,4,62,1840
0.0,6.7,8.17824855787278,360,1.0,4.0,5,62,1841
0.0,6.4,8.375,360,1.0,4.0,6,62,1842
0.0,6.4,8.604121907152606,360,1.0,4.0,7,62,1843
67.33333333333334,6.3,8.850000000000001,360,1.0,3.0,8,62,1844
112.22222222222223,6.5,9.095878092847396,360,1.0,3.0,9,62,1845
246.8888888888889,6.7,9.325000000000001,360,1.0,3.0,10,62,1846
336.66666666666663,7.3,9.521751442127222,360,1.0,3.0,11,62,1847
493.7777777777778,7.7,9.672724133595219,360,1.0,3.0,12,62,1848
561.1111111111111,8.6,9.767629534974617,360,1.0,3.0,13,62,1849
561.1111111111111,9.5,9.8,360,1.0,3.0,14,62,1850
886.5555555555555,11.1,9.767629534974617,360,1.0,3.0,15,62,1851
639.6666666666667,12.2,9.672724133595219,360,0.91,2.0,16,62,1852
314.2222222222222,11.9,9.521751442127222,360,0.92,2.0,17,62,1853
44.888888888888886,10.0,9.325000000000001,360,1.0,2.0,18,62,1854
0.0,8.3,9.095878092847396,360,1.0,2.0,19,62,1855
0.0,7.2,8.850000000000001,360,1.0,2.0,20,62,1856
0.0,6.4,8.604121907152606,360,1.0,2.0,21,62,1857
0.0,5.5,8.375000000000002,360,1.0,2.0,22,62,1858
0.0,4.7,8.17824855787278,360,1.0,3.0,23,62,1859
0.0,4.2,8.027275866404784,360,1.0,2.0,24,62,1860
0.0,3.9,7.3374815910820255,360,1.0,2.0,1,63,1861
0.0,2.8,7.300000000000001,360,1.0,2.0,2,63,1862
0.0,2.0,7.337481591082025,360,1.0,2.0,3,63,1863
0.0,4.9,7.447372055837118,360,1.0,5.0,4,63,1864
0.0,5.9,7.622182540694798,360,1.0,4.0,5,63,1865
0.0,6.0,7.85,360,1.0,6.0,6,63,1866
11.222222222222221,6.3,8.115299050387227,360,1.0,6.0,7,63,1867
56.111111111111114,6.9,8.4,360,1.0,4.0,8,63,1868
157.1111111111111,7.5,8.684700949612774,360,1.0,4.0,9,63,1869
291.77777777777777,8.6,8.950000000000001,360,1.0,4.0,10,63,1870
392.7777777777778,9.6,9.177817459305203,360,1.0,6.0,11,63,1871
785.5555555555557,11.1,9.352627944162883,360,1.0,7.0,12,63,1872
729.4444444444443,12.3,9.462518408917976,360,1.0,6.0,13,63,1873
303.0,12.6,9.5,360,0.92,7.0,14,63,1874
291.77777777777777,12.1,9.462518408917976,360,1.0,8.0,15,63,1875
145.88888888888889,11.2,9.352627944162883,360,1.0,7.0,16,63,1876
67.33333333333334,10.9,9.177817459305203,360,1.0,6.0,17,63,1877
11.222222222222221,10.0,8.950000000000001,360,1.0,6.0,18,63,1878
0.0,9.9,8.684700949612774,360,1.0,4.0,19,63,1879
0.0,9.5,8.4,360,1.0,4.0,20,63,1880
0.0,8.9,8.115299050387227,360,1.0,4.0,21,63,1881
0.0,8.2,7.8500000000000005,360,1.0,3.0,22,63,1882
0.0,7.7,7.622182540694798,360,1.0,4.0,23,63,1883
0.0,8.0,7.447372055837118,360,1.0,4.0,24,63,1884
0.0,7.8,7.72044450422656,360,1.0,4.0,1,64,1885
0.0,7.3,7.700000000000001,360,1.0,4.0,2,64,1886
0.0,6.0,7.72044450422656,360,1.0,2.0,3,64,1887
0.0,4.9,7.780384757729338,360,1.0,1.0,4,64,1888
0.0,6.7,7.875735931288072,360,1.0,4.0,5,64,1889
0.0,7.5,8.0,360,1.0,5.0,6,64,1890
11.222222222222221,7.5,8.14470857293849,360,1.0,4.0,7,64,1891
56.111111111111114,7.7,8.3,360,1.0,5.0,8,64,1892
101.0,8.0,8.455291427061514,360,1.0,6.0,9,64,1893
134.66666666666669,8.6,8.600000000000001,360,1.0,6.0,10,64,1894
246.8888888888889,9.5,8.72426406871193,360,1.0,6.0,11,64,1895
392.7777777777778,10.2,8.819615242270665,360,1.0,8.0,12,64,1896
280.55555555555554,10.3,8.879555495773442,360,1.0,7.0,13,64,1897
224.44444444444446,10.1,8.9,360,1.0,8.0,14,64,1898
123.44444444444446,10.0,8.879555495773442,360,1.0,8.0,15,64,1899
78.55555555555554,10.1,8.819615242270665,360,1.0,8.0,16,64,1900
56.111111111111114,7.7,8.72426406871193,360,1.0,13.0,17,64,1901
22.444444444444443,6.9,8.600000000000001,360,0.81,12.0,18,64,1902
0.0,6.4,8.455291427061514,360,0.7,12.0,19,64,1903
0.0,5.6,8.3,360,0.71,9.0,20,64,1904
0.0,4.3,8.14470857293849,360,0.82,6.0,21,64,1905
0.0,4.2,8.0,360,0.85,4.0,22,64,1906
0.0,3.4,7.875735931288072,360,0.83,4.0,23,64,1907
0.0,3.0,7.780384757729338,360,0.84,5.0,24,64,1908
0.0,1.2,5.1425927171386645,360,0.95,4.0,1,65,1909
0.0,0.6,5.1,360,1.0,3.0,2,65,1910
0.0,0.4,5.1425927171386645,360,1.0,5.0,3,65,1911
0.0,-0.2,5.267468245269451,360,1.0,6.0,4,65,1912
0.0,0.0,5.466116523516815,360,1.0,0.0,5,65,1913
0.0,-0.6,5.724999999999999,360,1.0,0.0,6,65,1914
22.444444444444443,-0.4,6.026476193621849,360,1.0,0.0,7,65,1915
246.8888888888889,0.9,6.35,360,1.0,4.0,8,65,1916
583.5555555555555,3.4,6.67352380637815,360,0.98,4.0,9,65,1917
920.2222222222223,6.6,6.975,360,0.82,5.0,10,65,1918
1066.1111111111113,8.0,7.233883476483184,360,0.63,6.0,11,65,1919
1133.4444444444443,8.7,7.432531754730548,360,0.58,8.0,12,65,1920
819.2222222222222,9.0,7.557407282861335,360,0.55,8.0,13,65,1921
404.0,8.5,7.6,360,0.57,6.0,14,65,1922
505.0,9.4,7.557407282861335,360,0.57,8.0,15,65,1923
549.8888888888889,9.5,7.432531754730548,360,0.53,8.0,16,65,1924
381.55555555555554,8.7,7.233883476483184,360,0.59,9.0,17,65,1925
22.444444444444443,4.5,6.975,360,1.0,11.0,18,65,1926
0.0,4.6,6.67352380637815,360,1.0,4.0,19,65,1927
0.0,4.6,6.35,360,1.0,4.0,20,65,1928
0.0,4.3,6.026476193621849,360,1.0,4.0,21,65,1929
0.0,3.5,5.725,360,1.0,4.0,22,65,1930
0.0,2.3,5.466116523516815,360,1.0,3.0,23,65,1931
0.0,1.8,5.267468245269451,360,1.0,3.0,24,65,1932
0.0,1.4,4.847703843195304,360,1.0,3.0,1,66,1933
0.0,0.9,4.799999999999999,360,1.0,3.0,2,66,1934
0.0,0.5,4.847703843195304,360,1.0,3.0,3,66,1935
0.0,0.1,4.987564434701785,360,1.0,2.0,4,66,1936
0.0,1.3,5.210050506338832,360,1.0,2.0,5,66,1937
0.0,1.6,5.499999999999998,360,1.0,4.0,6,66,1938
22.444444444444443,1.5,5.83765333685647,360,1.0,2.0,7,66,1939
235.66666666666669,2.8,6.199999999999999,360,1.0,2.0,8,66,1940
583.5555555555555,4.7,6.562346663143528,360,1.0,5.0,9,66,1941
897.7777777777778,6.7,6.8999999999999995,360,0.7,6.0,10,66,1942
1111.0,7.2,7.189949493661166,360,0.61,7.0,11,66,1943
1122.2222222222222,7.7,7.412435565298214,360,0.54,8.0,12,66,1944
1245.6666666666665,8.1,7.552296156804695,360,0.56,8.0,13,66,1945
1043.6666666666665,8.4,7.6,360,0.48,7.0,14,66,1946
931.4444444444445,9.3,7.552296156804695,360,0.43,6.0,15,66,1947
628.4444444444443,9.1,7.412435565298214,360,0.46,7.0,16,66,1948
325.44444444444446,7.9,7.189949493661166,360,0.52,6.0,17,66,1949
56.111111111111114,6.0,6.8999999999999995,360,0.59,6.0,18,66,1950
0.0,3.5,6.562346663143528,360,0.73,1.0,19,66,1951
0.0,3.1,6.199999999999999,360,0.71,1.0,20,66,1952
0.0,2.6,5.83765333685647,360,0.81,3.0,21,66,1953
0.0,2.5,5.5,360,0.84,1.0,22,66,1954
0.0,0.1,5.210050506338833,360,0.98,1.0,23,66,1955
0.0,-0.6,4.987564434701785,360,1.0,0.0,24,66,1956
0.0,-0.8,3.9460001345097577,360,1.0,0.0,1,67,1957
0.0,-1.8,3.9000000000000004,360,1.0,0.0,2,67,1958
0.0,-1.3,3.9460001345097577,360,1.0,0.0,3,67,1959
0.0,0.2,4.080865704891008,360,1.0,0.0,4,67,1960
0.0,0.9,4.29540584539816,360,1.0,0.0,5,67,1961
0.0,0.0,4.574999999999999,360,1.0,3.0,6,67,1962
44.888888888888886,1.8,4.900594289111597,360,1.0,2.0,7,67,1963
213.22222222222223,1.8,5.25,360,1.0,4.0,8,67,1964
392.7777777777778,4.2,5.599405710888403,360,0.83,4.0,9,67,1965
561.1111111111111,5.4,5.925,360,0.79,5.0,10,67,1966
549.8888888888889,7.2,6.204594154601839,360,0.68,6.0,11,67,1967
572.3333333333333,7.9,6.419134295108992,360,0.66,8.0,12,67,1968
819.2222222222222,8.3,6.553999865490242,360,0.64,10.0,13,67,1969
718.2222222222222,8.7,6.6,360,0.65,11.0,14,67,1970
448.8888888888889,8.4,6.553999865490242,360,0.71,12.0,15,67,1971
134.66666666666669,8.3,6.419134295108992,360,0.74,11.0,16,67,1972
101.0,7.4,6.204594154601839,360,0.85,12.0,17,67,1973
22.444444444444443,6.4,5.925,360,1.0,10.0,18,67,1974
0.0,6.2,5.599405710888403,360,1.0,10.0,19,67,1975
0.0,6.8,5.25,360,1.0,8.0,20,67,1976
0.0,7.5,4.900594289111597,360,1.0,7.0,21,67,1977
0.0,7.0,4.575,360,1.0,6.0,22,67,1978
0.0,6.1,4.295405845398161,360,0.99,6.0,23,67,1979
0.0,5.5,4.080865704891008,360,0.96,6.0,24,67,1980
0.0,5.2,5.044296425824212,360,0.98,6.0,1,68,1981
0.0,4.9,5.0,360,0.97,7.0,2,68,1982
0.0,4.2,5.044296425824211,360,0.97,6.0,3,68,1983
0.0,3.9,5.1741669750802295,360,0.98,6.0,4,68,1984
0.0,3.4,5.380761184457487,360,1.0,5.0,5,68,1985
0.0,3.1,5.6499999999999995,360,1.0,5.0,6,68,1986
22.444444444444443,2.9,5.963535241366723,360,1.0,5.0,7,68,1987
303.0,4.3,6.3,360,1.0,5.0,8,68,1988
594.7777777777778,6.2,6.636464758633276,360,0.9,7.0,9,68,1989
684.5555555555557,6.9,6.95,360,0.83,7.0,10,68,1990
875.3333333333334,7.5,7.219238815542512,360,0.77,7.0,11,68,1991
987.5555555555557,8.1,7.42583302491977,360,0.7,7.0,12,68,1992
1088.5555555555557,8.9,7.555703574175789,360,0.59,6.0,13,68,1993
1088.5555555555557,9.8,7.6,360,0.55,7.0,14,68,1994
606.0,8.7,7.555703574175789,360,0.59,7.0,15,68,1995
336.66666666666663,8.3,7.42583302491977,360,0.61,6.0,16,68,1996
246.8888888888889,8.5,7.219238815542512,360,0.61,6.0,17,68,1997
89.77777777777777,6.5,6.95,360,0.71,5.0,18,68,1998
0.0,5.2,6.636464758633276,360,0.78,2.0,19,68,1999
0.0,4.3,6.3,360,0.81,2.0,20,68,2000
0.0,2.0,5.963535241366723,360,1.0,1.0,21,68,2001
0.0,3.3,5.65,360,0.96,2.0,22,68,2002
0.0,3.8,5.380761184457488,360,0.87,2.0,23,68,2003
0.0,2.4,5.1741669750802295,360,1.0,1.0,24,68,2004
0.0,2.3,4.366444638736317,360,0.96,2.0,1,69,2005
0.0,2.7,4.300000000000001,360,0.98,2.0,2,69,2006
0.0,2.0,4.366444638736317,360,1.0,2.0,3,69,2007
0.0,1.7,4.561250462620345,360,1.0,2.0,4,69,2008
0.0,1.7,4.8711417766862315,360,1.0,2.0,5,69,2009
0.0,1.0,5.2749999999999995,360,1.0,2.0,6,69,2010
33.66666666666667,0.4,5.745302862050085,360,1.0,2.0,7,69,2011
269.33333333333337,2.9,6.25,360,1.0,2.0,8,69,2012
538.6666666666667,5.5,6.754697137949916,360,0.85,2.0,9,69,2013
920.2222222222223,8.3,7.225,360,0.72,4.0,10,69,2014
1155.888888888889,9.7,7.628858223313768,360,0.57,4.0,11,69,2015
1301.7777777777778,10.6,7.938749537379655,360,0.52,5.0,12,69,2016
1324.2222222222224,11.0,8.133555361263683,360,0.48,4.0,13,69,2017
1234.4444444444443,11.7,8.2,360,0.47,5.0,14,69,2018
1032.4444444444446,11.9,8.133555361263683,360,0.47,5.0,15,69,2019
751.8888888888888,11.9,7.938749537379655,360,0.5,5.0,16,69,2020
392.7777777777778,11.1,7.628858223313768,360,0.51,5.0,17,69,2021
89.77777777777777,8.2,7.225,360,0.65,3.0,18,69,2022
0.0,8.6,6.754697137949916,360,0.6,2.0,19,69,2023
0.0,5.9,6.25,360,0.74,2.0,20,69,2024
0.0,7.2,5.745302862050085,360,0.66,3.0,21,69,2025
0.0,5.0,5.275,360,0.83,3.0,22,69,2026
0.0,4.5,4.871141776686232,360,0.83,2.0,23,69,2027
0.0,5.4,4.561250462620345,360,0.8,3.0,24,69,2028
0.0,4.5,5.151111260566397,360,0.87,2.0,1,70,2029
0.0,3.5,5.1,360,0.91,2.0,2,70,2030
0.0,3.2,5.151111260566397,360,0.96,2.0,3,70,2031
0.0,3.1,5.300961894323342,360,0.96,2.0,4,70,2032
0.0,2.0,5.539339828220178,360,1.0,2.0,5,70,2033
0.0,1.3,5.849999999999999,360,1.0,2.0,6,70,2034
33.66666666666667,2.2,6.211771432346219,360,1.0,2.0,7,70,2035
325.44444444444446,6.1,6.6,360,0.92,2.0,8,70,2036
606.0,7.0,6.988228567653781,360,0.91,4.0,9,70,2037
673.3333333333333,7.6,7.35,360,0.91,5.0,10,70,2038
606.0,8.3,7.660660171779821,360,0.88,5.0,11,70,2039
1088.5555555555557,10.5,7.899038105676658,360,0.74,6.0,12,70,2040
987.5555555555557,10.8,8.048888739433602,360,0.72,7.0,13,70,2041
572.3333333333333,11.1,8.1,360,0.64,8.0,14,70,2042
381.55555555555554,10.4,8.048888739433602,360,0.68,8.0,15,70,2043
269.33333333333337,10.3,7.899038105676658,360,0.64,9.0,16,70,2044
202.0,10.2,7.660660171779821,360,0.69,8.0,17,70,2045
56.111111111111114,9.2,7.35,360,0.74,8.0,18,70,2046
0.0,8.3,6.988228567653781,360,0.81,4.0,19,70,2047
0.0,7.5,6.6,360,0.87,4.0,20,70,2048
0.0,8.4,6.211771432346219,360,0.88,6.0,21,70,2049
0.0,8.6,5.85,360,0.92,6.0,22,70,2050
0.0,8.7,5.539339828220179,360,0.97,5.0,23,70,2051
0.0,8.8,5.300961894323342,360,0.99,6.0,24,70,2052
0.0,8.4,7.1374815910820235,360,1.0,6.0,1,71,2053
0.0,7.5,7.099999999999999,360,1.0,6.0,2,71,2054
0.0,7.9,7.1374815910820235,360,1.0,6.0,3,71,2055
0.0,7.9,7.247372055837116,360,1.0,6.0,4,71,2056
0.0,7.0,7.422182540694796,360,1.0,6.0,5,71,2057
0.0,6.4,7.649999999999999,360,1.0,6.0,6,71,2058
22.444444444444443,7.1,7.915299050387226,360,1.0,6.0,7,71,2059
224.44444444444446,8.0,8.2,360,1.0,7.0,8,71,2060
392.7777777777778,9.3,8.484700949612773,360,1.0,8.0,9,71,2061
460.11111111111114,10.0,8.75,360,0.92,8.0,10,71,2062
785.5555555555557,10.7,8.977817459305202,360,0.84,9.0,11,71,2063
953.8888888888889,11.9,9.152627944162882,360,0.77,10.0,12,71,2064
931.4444444444445,13.2,9.262518408917975,360,0.71,10.0,13,71,2065
729.4444444444443,13.7,9.3,360,0.62,10.0,14,71,2066
729.4444444444443,13.8,9.262518408917975,360,0.59,10.0,15,71,2067
336.66666666666663,13.3,9.152627944162882,360,0.63,10.0,16,71,2068
269.33333333333337,13.0,8.977817459305202,360,0.66,8.0,17,71,2069
89.77777777777777,12.1,8.75,360,0.73,7.0,18,71,2070
0.0,11.2,8.484700949612773,360,0.78,6.0,19,71,2071
0.0,11.6,8.2,360,0.78,6.0,20,71,2072
0.0,11.5,7.915299050387226,360,0.8,7.0,21,71,2073
0.0,11.1,7.6499999999999995,360,0.76,8.0,22,71,2074
0.0,10.6,7.422182540694797,360,0.75,8.0,23,71,2075
0.0,9.8,7.247372055837117,360,0.74,8.0,24,71,2076
0.0,8.6,7.442592717138665,360,0.83,8.0,1,72,2077
0.0,8.1,7.4,360,0.83,8.0,2,72,2078
0.0,7.9,7.442592717138665,360,0.81,8.0,3,72,2079
0.0,7.4,7.567468245269452,360,0.82,7.0,4,72,2080
0.0,7.2,7.766116523516816,360,0.81,8.0,5,72,2081
0.0,7.1,8.025,360,0.8,9.0,6,72,2082
33.66666666666667,7.1,8.326476193621849,360,0.81,8.0,7,72,2083
224.44444444444446,8.7,8.65,360,0.74,9.0,8,72,2084
561.1111111111111,9.8,8.973523806378152,360,0.71,10.0,9,72,2085
785.5555555555557,11.3,9.275,360,0.64,12.0,10,72,2086
998.7777777777778,12.6,9.533883476483185,360,0.6,12.0,11,72,2087
1144.6666666666665,14.2,9.732531754730548,360,0.54,12.0,12,72,2088
1335.4444444444443,16.1,9.857407282861336,360,0.5,10.0,13,72,2089
1256.8888888888887,16.0,9.9,360,0.51,11.0,14,72,2090
953.8888888888889,15.9,9.857407282861336,360,0.54,10.0,15,72,2091
740.6666666666667,16.3,9.732531754730548,360,0.53,10.0,16,72,2092
415.2222222222223,15.4,9.533883476483185,360,0.56,8.0,17,72,2093
112.22222222222223,14.0,9.275,360,0.59,8.0,18,72,2094
11.222222222222221,12.4,8.973523806378152,360,0.66,5.0,19,72,2095
0.0,10.5,8.65,360,0.75,5.0,20,72,2096
0.0,11.5,8.326476193621849,360,0.71,6.0,21,72,2097
0.0,10.6,8.025,360,0.75,7.0,22,72,2098
0.0,9.6,7.766116523516816,360,0.78,6.0,23,72,2099
0.0,8.0,7.567468245269452,360,0.85,4.0,24,72,2100
0.0,7.8,7.357926095308584,360,0.94,4.0,1,73,2101
0.0,6.9,7.300000000000001,360,1.0,4.0,2,73,2102
0.0,6.9,7.357926095308584,360,1.0,5.0,3,73,2103
0.0,5.9,7.527756813566454,360,1.0,3.0,4,73,2104
0.0,6.1,7.797918471982869,360,1.0,5.0,5,73,2105
0.0,5.6,8.149999999999999,360,1.0,4.0,6,73,2106
33.66666666666667,6.1,8.560007623325715,360,1.0,4.0,7,73,2107
314.2222222222222,7.6,9.0,360,1.0,4.0,8,73,2108
639.6666666666667,9.6,9.439992376674285,360,0.98,6.0,9,73,2109
987.5555555555557,11.9,9.85,360,0.75,8.0,10,73,2110
1234.4444444444443,13.9,10.20208152801713,360,0.69,7.0,11,73,2111
1391.5555555555557,15.9,10.472243186433545,360,0.55,8.0,12,73,2112
1402.7777777777778,17.1,10.642073904691415,360,0.52,10.0,13,73,2113
1313.0,17.6,10.7,360,0.49,10.0,14,73,2114
1111.0,17.8,10.642073904691415,360,0.46,10.0,15,73,2115
819.2222222222222,17.9,10.472243186433545,360,0.48,9.0,16,73,2116
448.8888888888889,17.5,10.20208152801713,360,0.49,8.0,17,73,2117
123.44444444444446,14.5,9.85,360,0.69,6.0,18,73,2118
0.0,12.8,9.439992376674285,360,0.76,5.0,19,73,2119
0.0,12.3,9.0,360,0.77,6.0,20,73,2120
0.0,11.4,8.560007623325715,360,0.81,7.0,21,73,2121
0.0,11.1,8.15,360,0.79,7.0,22,73,2122
0.0,10.0,7.79791847198287,360,0.82,6.0,23,73,2123
0.0,9.1,7.527756813566454,360,0.87,4.0,24,73,2124
0.0,9.0,7.86985205610741,360,0.87,5.0,1,74,2125
0.0,8.6,7.799999999999999,360,0.9,5.0,2,74,2126
0.0,7.7,7.869852056107409,360,1.0,4.0,3,74,2127
0.0,6.5,8.0746479222419,360,1.0,4.0,4,74,2128
0.0,6.0,8.400431098567577,360,1.0,3.0,5,74,2129
0.0,5.8,8.825,360,1.0,2.0,6,74,2130
44.888888888888886,5.4,9.319420957539831,360,1.0,2.0,7,74,2131
325.44444444444446,8.1,9.85,360,1.0,4.0,8,74,2132
684.5555555555557,10.6,10.380579042460168,360,0.89,4.0,9,74,2133
1032.4444444444446,13.7,10.875,360,0.69,4.0,10,74,2134
1279.3333333333335,16.6,11.299568901432423,360,0.6,4.0,11,74,2135
1402.7777777777778,18.0,11.6253520777581,360,0.54,5.0,12,74,2136
1436.4444444444443,19.4,11.83014794389259,360,0.48,6.0,13,74,2137
1324.2222222222224,21.0,11.9,360,0.39,5.0,14,74,2138
1144.6666666666665,21.6,11.83014794389259,360,0.38,4.0,15,74,2139
819.2222222222222,21.2,11.6253520777581,360,0.39,4.0,16,74,2140
471.33333333333337,19.8,11.299568901432423,360,0.45,5.0,17,74,2141
123.44444444444446,16.9,10.875,360,0.53,4.0,18,74,2142
0.0,14.3,10.380579042460168,360,0.63,4.0,19,74,2143
0.0,12.9,9.85,360,0.65,2.0,20,74,2144
0.0,11.9,9.319420957539831,360,0.69,2.0,21,74,2145
0.0,11.9,8.825,360,0.65,2.0,22,74,2146
0.0,11.4,8.400431098567577,360,0.61,2.0,23,74,2147
0.0,9.7,8.0746479222419,360,0.67,2.0,24,74,2148
0.0,7.8,7.586889142962876,360,0.78,2.0,1,75,2149
0.0,7.8,7.500000000000001,360,0.8,1.0,2,75,2150
0.0,6.4,7.586889142962876,360,0.89,0.0,3,75,2151
0.0,5.8,7.841635220349682,360,0.96,1.0,4,75,2152
0.0,4.5,8.246877707974303,360,1.0,1.0,5,75,2153
0.0,3.5,8.775,360,1.0,0.0,6,75,2154
67.33333333333334,4.6,9.390011434988573,360,1.0,1.0,7,75,2155
336.66666666666663,10.6,10.05,360,0.79,2.0,8,75,2156
695.7777777777778,13.5,10.709988565011429,360,0.68,3.0,9,75,2157
1032.4444444444446,16.2,11.325000000000001,360,0.61,4.0,10,75,2158
1245.6666666666665,18.2,11.853122292025697,360,0.59,3.0,11,75,2159
1380.3333333333333,19.8,12.25836477965032,360,0.51,4.0,12,75,2160
1391.5555555555557,20.9,12.513110857037125,360,0.47,4.0,13,75,2161
1313.0,21.7,12.600000000000001,360,0.44,5.0,14,75,2162
1088.5555555555557,22.0,12.513110857037125,360,0.41,4.0,15,75,2163
808.0,21.9,12.25836477965032,360,0.39,4.0,16,75,2164
437.6666666666667,21.3,11.853122292025697,360,0.43,3.0,17,75,2165
112.22222222222223,18.2,11.325000000000001,360,0.53,2.0,18,75,2166
0.0,13.4,10.709988565011429,360,0.71,1.0,19,75,2167
0.0,11.6,10.05,360,0.78,1.0,20,75,2168
0.0,10.3,9.390011434988573,360,0.83,1.0,21,75,2169
0.0,9.5,8.775000000000002,360,0.84,1.0,22,75,2170
0.0,9.1,8.246877707974305,360,0.86,1.0,23,75,2171
0.0,8.8,7.841635220349682,360,0.85,1.0,24,75,2172
0.0,9.7,8.366444638736318,360,0.84,1.0,1,76,2173
0.0,7.4,8.3,360,0.98,0.0,2,76,2174
0.0,6.6,8.366444638736317,360,1.0,0.0,3,76,2175
0.0,6.2,8.561250462620345,360,1.0,1.0,4,76,2176
0.0,5.8,8.871141776686231,360,1.0,1.0,5,76,2177
0.0,5.6,9.274999999999999,360,1.0,1.0,6,76,2178
56.111111111111114,10.9,9.745302862050085,360,0.64,7.0,7,76,2179
325.44444444444446,11.7,10.25,360,0.63,8.0,8,76,2180
684.5555555555557,13.6,10.754697137949915,360,0.62,7.0,9,76,2181
1010.0,15.7,11.225,360,0.53,8.0,10,76,2182
1234.4444444444443,17.2,11.628858223313767,360,0.49,8.0,11,76,2183
1357.8888888888891,18.5,11.938749537379655,360,0.47,8.0,12,76,2184
1380.3333333333333,18.6,12.133555361263683,360,0.52,8.0,13,76,2185
1268.1111111111113,17.0,12.2,360,0.63,7.0,14,76,2186
1066.1111111111113,16.5,12.133555361263683,360,0.67,8.0,15,76,2187
751.8888888888888,15.8,11.938749537379655,360,0.67,6.0,16,76,2188
381.55555555555554,12.1,11.628858223313767,360,0.86,6.0,17,76,2189
112.22222222222223,9.0,11.225,360,1.0,7.0,18,76,2190
0.0,8.3,10.754697137949915,360,1.0,6.0,19,76,2191
0.0,8.2,10.25,360,1.0,6.0,20,76,2192
0.0,8.1,9.745302862050085,360,1.0,5.0,21,76,2193
0.0,7.9,9.275,360,1.0,5.0,22,76,2194
0.0,7.8,8.871141776686233,360,1.0,6.0,23,76,2195
0.0,7.9,8.561250462620345,360,1.0,8.0,24,76,2196
0.0,7.9,9.611925960798825,360,1.0,7.0,1,77,2197
0.0,7.9,9.599999999999998,360,1.0,4.0,2,77,2198
0.0,7.9,9.611925960798825,360,1.0,3.0,3,77,2199
0.0,7.9,9.646891108675446,360,1.0,4.0,4,77,2200
0.0,8.0,9.702512626584706,360,1.0,4.0,5,77,2201
0.0,8.0,9.774999999999999,360,1.0,6.0,6,77,2202
0.0,8.3,9.859413334214118,360,1.0,6.0,7,77,2203
56.111111111111114,8.7,9.95,360,1.0,7.0,8,77,2204
134.66666666666669,9.5,10.04058666578588,360,1.0,6.0,9,77,2205
280.55555555555554,10.0,10.125,360,0.95,8.0,10,77,2206
381.55555555555554,11.2,10.197487373415292,360,0.81,8.0,11,77,2207
404.0,11.2,10.253108891324553,360,0.85,8.0,12,77,2208
325.44444444444446,11.1,10.288074039201174,360,0.87,8.0,13,77,2209
157.1111111111111,10.8,10.3,360,0.92,8.0,14,77,2210
89.77777777777777,10.6,10.288074039201174,360,0.96,8.0,15,77,2211
78.55555555555554,10.6,10.253108891324553,360,0.99,6.0,16,77,2212
44.888888888888886,10.6,10.197487373415292,360,0.98,6.0,17,77,2213
22.444444444444443,10.5,10.125,360,0.94,4.0,18,77,2214
0.0,8.7,10.04058666578588,360,0.92,9.0,19,77,2215
0.0,7.8,9.95,360,0.97,8.0,20,77,2216
0.0,7.4,9.859413334214118,360,1.0,4.0,21,77,2217
0.0,7.0,9.774999999999999,360,1.0,5.0,22,77,2218
0.0,6.9,9.702512626584708,360,1.0,7.0,23,77,2219
0.0,6.7,9.646891108675446,360,1.0,6.0,24,77,2220
0.0,6.6,8.127259338968745,360,1.0,7.0,1,78,2221
0.0,5.8,8.099999999999998,360,1.0,6.0,2,78,2222
0.0,5.4,8.127259338968743,360,1.0,5.0,3,78,2223
0.0,5.6,8.207179676972448,360,1.0,6.0,4,78,2224
0.0,5.9,8.33431457505076,360,0.96,8.0,5,78,2225
0.0,5.3,8.499999999999998,360,1.0,6.0,6,78,2226
67.33333333333334,5.7,8.692944763917982,360,1.0,7.0,7,78,2227
145.88888888888889,6.2,8.899999999999999,360,1.0,7.0,8,78,2228
202.0,5.9,9.107055236082015,360,1.0,9.0,9,78,2229
179.55555555555554,6.3,9.299999999999999,360,1.0,8.0,10,78,2230
538.6666666666667,7.4,9.465685424949237,360,1.0,8.0,11,78,2231
1043.6666666666665,8.9,9.59282032302755,360,0.82,9.0,12,78,2232
280.55555555555554,5.7,9.672740661031254,360,1.0,11.0,13,78,2233
606.0,7.4,9.7,360,0.91,7.0,14,78,2234
538.6666666666667,7.8,9.672740661031254,360,0.9,4.0,15,78,2235
235.66666666666669,6.9,9.59282032302755,360,0.96,6.0,16,78,2236
325.44444444444446,7.0,9.465685424949237,360,0.93,5.0,17,78,2237
56.111111111111114,6.0,9.299999999999999,360,0.99,5.0,18,78,2238
0.0,5.3,9.107055236082015,360,1.0,4.0,19,78,2239
0.0,5.4,8.899999999999999,360,1.0,2.0,20,78,2240
0.0,4.8,8.692944763917982,360,1.0,2.0,21,78,2241
0.0,4.8,8.499999999999998,360,1.0,1.0,22,78,2242
0.0,5.3,8.334314575050762,360,1.0,2.0,23,78,2243
0.0,5.7,8.207179676972448,360,1.0,4.0,24,78,2244
0.0,5.6,7.323851921597653,360,1.0,6.0,1,79,2245
0.0,5.5,7.300000000000001,360,1.0,4.0,2,79,2246
0.0,4.6,7.323851921597653,360,1.0,5.0,3,79,2247
0.0,4.1,7.393782217350893,360,1.0,3.0,4,79,2248
0.0,3.3,7.505025253169417,360,1.0,3.0,5,79,2249
0.0,3.2,7.6499999999999995,360,1.0,5.0,6,79,2250
33.66666666666667,3.5,7.818826668428236,360,1.0,6.0,7,79,2251
123.44444444444446,4.4,8.0,360,1.0,7.0,8,79,2252
179.55555555555554,4.8,8.181173331571765,360,1.0,6.0,9,79,2253
392.7777777777778,6.1,8.35,360,0.99,6.0,10,79,2254
404.0,6.2,8.494974746830582,360,0.92,6.0,11,79,2255
516.2222222222223,6.9,8.606217782649107,360,0.91,6.0,12,79,2256
549.8888888888889,7.4,8.676148078402347,360,0.86,6.0,13,79,2257
370.33333333333337,7.6,8.7,360,0.79,6.0,14,79,2258
415.2222222222223,7.8,8.676148078402347,360,0.85,6.0,15,79,2259
336.66666666666663,7.6,8.606217782649107,360,0.75,6.0,16,79,2260
190.77777777777777,7.2,8.494974746830582,360,0.77,5.0,17,79,2261
134.66666666666669,5.6,8.35,360,0.83,4.0,18,79,2262
11.222222222222221,5.7,8.181173331571765,360,0.77,2.0,19,79,2263
0.0,3.0,8.0,360,1.0,2.0,20,79,2264
0.0,2.8,7.818826668428236,360,0.89,2.0,21,79,2265
0.0,2.0,7.65,360,0.96,1.0,22,79,2266
0.0,2.1,7.505025253169417,360,1.0,0.0,23,79,2267
0.0,2.8,7.393782217350893,360,0.98,0.0,24,79,2268
0.0,2.7,5.5630372213652235,360,0.9,3.0,1,80,2269
0.0,1.1,5.5,360,1.0,2.0,2,80,2270
0.0,1.9,5.5630372213652235,360,0.98,2.0,3,80,2271
0.0,1.4,5.747853002998788,360,1.0,2.0,4,80,2272
0.0,1.4,6.041852454804886,360,1.0,0.0,5,80,2273
0.0,1.1,6.424999999999999,360,1.0,0.0,6,80,2274
78.55555555555554,1.3,6.8711847665603365,360,1.0,4.0,7,80,2275
404.0,3.2,7.35,360,1.0,3.0,8,80,2276
763.1111111111111,6.6,7.828815233439663,360,0.86,4.0,9,80,2277
1099.7777777777778,9.0,8.275,360,0.62,6.0,10,80,2278
1313.0,9.6,8.658147545195112,360,0.55,7.0,11,80,2279
1402.7777777777778,10.9,8.952146997001211,360,0.5,8.0,12,80,2280
1458.8888888888887,11.7,9.136962778634775,360,0.49,7.0,13,80,2281
1346.6666666666665,12.1,9.2,360,0.43,7.0,14,80,2282
1144.6666666666665,11.9,9.136962778634775,360,0.46,7.0,15,80,2283
808.0,11.7,8.952146997001211,360,0.49,7.0,16,80,2284
437.6666666666667,10.3,8.658147545195112,360,0.54,7.0,17,80,2285
134.66666666666669,8.4,8.275,360,0.62,4.0,18,80,2286
11.222222222222221,6.7,7.828815233439663,360,0.68,2.0,19,80,2287
0.0,5.8,7.35,360,0.71,2.0,20,80,2288
0.0,4.5,6.8711847665603365,360,0.77,2.0,21,80,2289
0.0,4.3,6.425000000000001,360,0.77,2.0,22,80,2290
0.0,4.6,6.0418524548048875,360,0.76,3.0,23,80,2291
0.0,3.6,5.747853002998788,360,0.82,2.0,24,80,2292
0.0,4.2,6.237481591082026,360,0.82,4.0,1,81,2293
0.0,2.8,6.200000000000001,360,0.89,3.0,2,81,2294
0.0,2.9,6.237481591082025,360,0.95,2.0,3,81,2295
0.0,2.0,6.347372055837118,360,0.98,2.0,4,81,2296
0.0,2.6,6.522182540694798,360,1.0,2.0,5,81,2297
0.0,3.3,6.75,360,1.0,2.0,6,81,2298
11.222222222222221,4.6,7.015299050387228,360,0.97,4.0,7,81,2299
78.55555555555554,5.2,7.300000000000001,360,1.0,3.0,8,81,2300
134.66666666666669,5.8,7.584700949612774,360,1.0,4.0,9,81,2301
190.77777777777777,6.5,7.8500000000000005,360,1.0,4.0,10,81,2302
190.77777777777777,7.2,8.077817459305203,360,1.0,4.0,11,81,2303
258.11111111111114,8.3,8.252627944162883,360,1.0,4.0,12,81,2304
538.6666666666667,9.8,8.362518408917976,360,0.88,7.0,13,81,2305
235.66666666666669,9.8,8.4,360,0.88,6.0,14,81,2306
179.55555555555554,11.1,8.362518408917976,360,0.83,5.0,15,81,2307
235.66666666666669,12.8,8.252627944162883,360,0.75,3.0,16,81,2308
168.33333333333331,12.2,8.077817459305203,360,0.82,4.0,17,81,2309
22.444444444444443,12.0,7.8500000000000005,360,0.85,6.0,18,81,2310
0.0,10.9,7.584700949612774,360,1.0,6.0,19,81,2311
0.0,11.4,7.300000000000001,360,1.0,4.0,20,81,2312
0.0,11.4,7.015299050387228,360,0.98,6.0,21,81,2313
0.0,11.6,6.750000000000001,360,0.89,6.0,22,81,2314
0.0,10.6,6.522182540694798,360,0.88,4.0,23,81,2315
0.0,9.8,6.347372055837118,360,0.91,2.0,24,81,2316
0.0,9.2,7.652814969251943,360,0.97,1.0,1,82,2317
0.0,8.1,7.599999999999999,360,1.0,2.0,2,82,2318
0.0,8.6,7.652814969251943,360,1.0,2.0,3,82,2319
0.0,7.5,7.807660624134119,360,0.97,3.0,4,82,2320
0.0,7.9,8.05398448916085,360,0.87,2.0,5,82,2321
0.0,8.7,8.374999999999998,360,0.86,3.0,6,82,2322
11.222222222222221,8.8,8.748830480091092,360,0.89,2.0,7,82,2323
44.888888888888886,10.2,9.149999999999999,360,0.83,4.0,8,82,2324
134.66666666666669,10.6,9.551169519908905,360,0.83,4.0,9,82,2325
202.0,11.2,9.924999999999999,360,0.79,6.0,10,82,2326
493.7777777777778,13.1,10.246015510839147,360,0.72,3.0,11,82,2327
594.7777777777778,14.6,10.492339375865878,360,0.63,4.0,12,82,2328
594.7777777777778,15.0,10.647185030748055,360,0.61,4.0,13,82,2329
549.8888888888889,15.9,10.7,360,0.57,2.0,14,82,2330
740.6666666666667,16.2,10.647185030748055,360,0.5,2.0,15,82,2331
471.33333333333337,15.9,10.492339375865878,360,0.62,2.0,16,82,2332
370.33333333333337,16.2,10.246015510839147,360,0.56,2.0,17,82,2333
101.0,12.7,9.924999999999999,360,0.83,2.0,18,82,2334
0.0,12.8,9.551169519908905,360,0.73,2.0,19,82,2335
0.0,11.7,9.149999999999999,360,0.81,2.0,20,82,2336
0.0,12.6,8.748830480091092,360,0.64,2.0,21,82,2337
0.0,11.7,8.374999999999998,360,0.66,2.0,22,82,2338
0.0,9.4,8.05398448916085,360,0.83,2.0,23,82,2339
0.0,7.6,7.807660624134119,360,0.87,1.0,24,82,2340
0.0,7.1,7.978370599535142,360,0.96,0.0,1,83,2341
0.0,5.8,7.8999999999999995,360,1.0,1.0,2,83,2342
0.0,6.3,7.978370599535142,360,1.0,1.0,3,83,2343
0.0,5.9,8.20814157129579,360,1.0,1.0,4,83,2344
0.0,5.2,8.57365440327094,360,1.0,2.0,5,83,2345
0.0,5.0,9.049999999999999,360,1.0,2.0,6,83,2346
112.22222222222223,7.2,9.604716196264201,360,1.0,1.0,7,83,2347
404.0,9.2,10.2,360,0.92,2.0,8,83,2348
763.1111111111111,12.9,10.795283803735797,360,0.73,3.0,9,83,2349
1077.3333333333335,15.6,11.35,360,0.58,4.0,10,83,2350
1290.5555555555554,17.4,11.826345596729059,360,0.54,4.0,11,83,2351
1414.0000000000002,18.8,12.191858428704208,360,0.38,5.0,12,83,2352
1436.4444444444443,19.2,12.421629400464855,360,0.39,4.0,13,83,2353
1335.4444444444443,19.8,12.5,360,0.38,5.0,14,83,2354
1122.2222222222222,20.5,12.421629400464855,360,0.4,5.0,15,83,2355
628.4444444444443,18.8,12.191858428704208,360,0.47,6.0,16,83,2356
538.6666666666667,19.2,11.826345596729059,360,0.46,5.0,17,83,2357
157.1111111111111,16.3,11.35,360,0.53,4.0,18,83,2358
0.0,14.7,10.795283803735797,360,0.51,2.0,19,83,2359
0.0,13.5,10.2,360,0.53,2.0,20,83,2360
0.0,13.7,9.604716196264201,360,0.5,2.0,21,83,2361
0.0,13.1,9.05,360,0.52,2.0,22,83,2362
0.0,11.8,8.57365440327094,360,0.6,2.0,23,83,2363
0.0,11.1,8.20814157129579,360,0.62,3.0,24,83,2364
0.0,10.9,8.674963182164051,360,0.62,2.0,1,84,2365
0.0,9.6,8.600000000000001,360,0.67,2.0,2,84,2366
0.0,7.4,8.67496318216405,360,0.77,1.0,3,84,2367
0.0,6.0,8.894744111674235,360,0.9,1.0,4,84,2368
0.0,6.1,9.244365081389596,360,0.89,1.0,5,84,2369
0.0,5.0,9.7,360,0.98,1.0,6,84,2370
112.22222222222223,6.0,10.230598100774456,360,0.93,1.0,7,84,2371
415.2222222222223,10.4,10.8,360,0.77,2.0,8,84,2372
785.5555555555557,13.2,11.369401899225547,360,0.6,4.0,9,84,2373
1099.7777777777778,16.1,11.9,360,0.54,4.0,10,84,2374
1335.4444444444443,18.7,12.355634918610406,360,0.49,4.0,11,84,2375
1458.8888888888887,20.5,12.705255888325766,360,0.4,4.0,12,84,2376
1470.111111111111,21.3,12.925036817835952,360,0.34,6.0,13,84,2377
1380.3333333333333,21.9,13.0,360,0.32,6.0,14,84,2378
1167.111111111111,21.7,12.925036817835952,360,0.33,5.0,15,84,2379
886.5555555555555,21.1,12.705255888325766,360,0.38,5.0,16,84,2380
527.4444444444445,19.8,12.355634918610406,360,0.44,4.0,17,84,2381
168.33333333333331,17.3,11.9,360,0.49,3.0,18,84,2382
11.222222222222221,15.0,11.369401899225547,360,0.52,2.0,19,84,2383
0.0,13.3,10.8,360,0.55,2.0,20,84,2384
0.0,13.5,10.230598100774456,360,0.53,2.0,21,84,2385
0.0,13.0,9.700000000000001,360,0.54,2.0,22,84,2386
0.0,12.3,9.244365081389596,360,0.57,2.0,23,84,2387
0.0,11.0,8.894744111674235,360,0.64,2.0,24,84,2388
0.0,10.3,8.96985205610741,360,0.67,2.0,1,85,2389
0.0,10.8,8.899999999999999,360,0.66,2.0,2,85,2390
0.0,9.7,8.96985205610741,360,0.7,2.0,3,85,2391
0.0,7.9,9.174647922241899,360,0.79,1.0,4,85,2392
0.0,8.7,9.500431098567576,360,0.76,2.0,5,85,2393
0.0,7.3,9.924999999999999,360,0.84,2.0,6,85,2394
123.44444444444446,8.4,10.419420957539831,360,0.83,2.0,7,85,2395
437.6666666666667,11.5,10.95,360,0.75,2.0,8,85,2396
808.0,14.1,11.480579042460167,360,0.67,4.0,9,85,2397
1111.0,16.7,11.975,360,0.56,5.0,10,85,2398
1335.4444444444443,19.2,12.399568901432422,360,0.51,6.0,11,85,2399
1481.3333333333335,20.3,12.725352077758098,360,0.42,8.0,12,85,2400
1470.111111111111,21.1,12.930147943892589,360,0.41,8.0,13,85,2401
1380.3333333333333,21.3,13.0,360,0.4,8.0,14,85,2402
1155.888888888889,21.2,12.930147943892589,360,0.41,7.0,15,85,2403
875.3333333333334,20.8,12.725352077758098,360,0.41,8.0,16,85,2404
505.0,19.5,12.399568901432422,360,0.47,8.0,17,85,2405
157.1111111111111,16.8,11.975,360,0.52,6.0,18,85,2406
11.222222222222221,15.0,11.480579042460167,360,0.54,2.0,19,85,2407
0.0,13.4,10.95,360,0.56,3.0,20,85,2408
0.0,13.7,10.419420957539831,360,0.54,3.0,21,85,2409
0.0,13.0,9.925,360,0.58,3.0,22,85,2410
0.0,12.9,9.500431098567578,360,0.6,4.0,23,85,2411
0.0,11.9,9.1746479222419,360,0.64,5.0,24,85,2412
0.0,11.0,9.464740930050771,360,0.67,3.0,1,86,2413
0.0,9.7,9.400000000000002,360,0.73,2.0,2,86,2414
0.0,9.4,9.464740930050771,360,0.74,2.0,3,86,2415
0.0,8.6,9.654551732809567,360,0.77,2.0,4,86,2416
0.0,7.7,9.95649711574556,360,0.84,2.0,5,86,2417
0.0,7.6,10.35,360,0.84,3.0,6,86,2418
134.66666666666669,9.0,10.80824381430521,360,0.82,3.0,7,86,2419
448.8888888888889,11.9,11.3,360,0.7,6.0,8,86,2420
830.4444444444446,14.2,11.79175618569479,360,0.6,6.0,9,86,2421
1133.4444444444443,16.1,12.25,360,0.55,8.0,10,86,2422
1369.1111111111113,18.1,12.64350288425444,360,0.5,8.0,11,86,2423
1481.3333333333335,19.3,12.945448267190434,360,0.46,8.0,12,86,2424
1503.7777777777776,20.2,13.13525906994923,360,0.46,8.0,13,86,2425
1402.7777777777778,20.9,13.2,360,0.38,8.0,14,86,2426
1189.5555555555557,21.0,13.13525906994923,360,0.38,7.0,15,86,2427
897.7777777777778,20.7,12.945448267190434,360,0.41,7.0,16,86,2428
549.8888888888889,19.9,12.64350288425444,360,0.41,6.0,17,86,2429
190.77777777777777,17.9,12.25,360,0.45,6.0,18,86,2430
11.222222222222221,15.3,11.79175618569479,360,0.52,3.0,19,86,2431
0.0,13.4,11.3,360,0.55,2.0,20,86,2432
0.0,12.7,10.80824381430521,360,0.53,3.0,21,86,2433
0.0,13.0,10.350000000000001,360,0.51,4.0,22,86,2434
0.0,11.5,9.956497115745561,360,0.55,4.0,23,86,2435
0.0,10.8,9.654551732809567,360,0.56,2.0,24,86,2436
0.0,9.6,9.268148347421864,360,0.62,3.0,1,87,2437
0.0,8.8,9.2,360,0.65,3.0,2,87,2438
0.0,8.4,9.268148347421862,360,0.67,4.0,3,87,2439
0.0,7.6,9.46794919243112,360,0.67,2.0,4,87,2440
0.0,7.7,9.785786437626903,360,0.65,2.0,5,87,2441
0.0,6.8,10.2,360,0.69,2.0,6,87,2442
157.1111111111111,7.9,10.682361909794958,360,0.69,3.0,7,87,2443
493.7777777777778,11.3,11.2,360,0.62,4.0,8,87,2444
852.8888888888889,13.9,11.71763809020504,360,0.53,5.0,9,87,2445
1189.5555555555557,16.1,12.2,360,0.5,6.0,10,87,2446
1402.7777777777778,18.0,12.614213562373095,360,0.46,6.0,11,87,2447
1526.2222222222222,19.7,12.932050807568876,360,0.38,7.0,12,87,2448
1537.4444444444446,20.6,13.131851652578137,360,0.36,8.0,13,87,2449
1425.2222222222222,21.1,13.2,360,0.3,6.0,14,87,2450
1234.4444444444443,21.2,13.131851652578137,360,0.3,7.0,15,87,2451
931.4444444444445,20.4,12.932050807568876,360,0.36,7.0,16,87,2452
572.3333333333333,19.2,12.614213562373095,360,0.37,6.0,17,87,2453
213.22222222222223,16.8,12.2,360,0.45,5.0,18,87,2454
11.222222222222221,14.5,11.71763809020504,360,0.46,2.0,19,87,2455
0.0,14.3,11.2,360,0.45,2.0,20,87,2456
0.0,13.3,10.682361909794958,360,0.49,3.0,21,87,2457
0.0,11.0,10.2,360,0.58,2.0,22,87,2458
0.0,10.7,9.785786437626903,360,0.6,2.0,23,87,2459
0.0,10.1,9.467949192431123,360,0.64,2.0,24,87,2460
0.0,9.1,9.366444638736318,360,0.68,2.0,1,88,2461
0.0,9.9,9.3,360,0.63,2.0,2,88,2462
0.0,9.8,9.366444638736317,360,0.63,2.0,3,88,2463
0.0,8.9,9.561250462620345,360,0.66,3.0,4,88,2464
0.0,6.3,9.871141776686231,360,0.77,3.0,5,88,2465
0.0,7.6,10.274999999999999,360,0.7,3.0,6,88,2466
157.1111111111111,7.4,10.745302862050085,360,0.73,4.0,7,88,2467
493.7777777777778,10.4,11.25,360,0.7,4.0,8,88,2468
852.8888888888889,13.5,11.754697137949915,360,0.58,5.0,9,88,2469
1167.111111111111,15.9,12.225,360,0.51,5.0,10,88,2470
1402.7777777777778,18.1,12.628858223313767,360,0.44,6.0,11,88,2471
1526.2222222222222,19.7,12.938749537379655,360,0.38,8.0,12,88,2472
1526.2222222222222,20.6,13.133555361263683,360,0.33,10.0,13,88,2473
1425.2222222222222,21.0,13.2,360,0.36,8.0,14,88,2474
1234.4444444444443,21.1,13.133555361263683,360,0.37,10.0,15,88,2475
931.4444444444445,21.2,12.938749537379655,360,0.36,8.0,16,88,2476
549.8888888888889,20.0,12.628858223313767,360,0.39,6.0,17,88,2477
202.0,18.0,12.225,360,0.42,6.0,18,88,2478
11.222222222222221,15.5,11.754697137949915,360,0.59,4.0,19,88,2479
0.0,13.6,11.25,360,0.66,4.0,20,88,2480
0.0,13.0,10.745302862050085,360,0.67,4.0,21,88,2481
0.0,12.4,10.275,360,0.69,4.0,22,88,2482
0.0,10.3,9.871141776686233,360,0.77,4.0,23,88,2483
0.0,9.4,9.561250462620345,360,0.81,2.0,24,88,2484
0.0,9.4,9.768148347421864,360,0.81,2.0,1,89,2485
0.0,8.3,9.7,360,0.86,2.0,2,89,2486
0.0,7.7,9.768148347421862,360,0.9,2.0,3,89,2487
0.0,8.7,9.96794919243112,360,0.86,3.0,4,89,2488
0.0,7.3,10.285786437626903,360,0.95,2.0,5,89,2489
0.0,7.0,10.7,360,1.0,3.0,6,89,2490
145.88888888888889,8.0,11.182361909794958,360,1.0,3.0,7,89,2491
471.33333333333337,10.5,11.7,360,0.86,4.0,8,89,2492
841.6666666666666,13.3,12.21763809020504,360,0.7,6.0,9,89,2493
1144.6666666666665,16.0,12.7,360,0.61,6.0,10,89,2494
1391.5555555555557,19.2,13.114213562373095,360,0.53,6.0,11,89,2495
1515.0,20.5,13.432050807568876,360,0.46,6.0,12,89,2496
1526.2222222222222,20.9,13.631851652578137,360,0.39,10.0,13,89,2497
1436.4444444444443,21.4,13.7,360,0.36,8.0,14,89,2498
1223.2222222222222,21.5,13.631851652578137,360,0.33,8.0,15,89,2499
942.6666666666667,21.5,13.432050807568876,360,0.3,8.0,16,89,2500
