PARi,air_temperature,soil_temperature,ambient_CO2,humidity,Wind,hour,DOY,t
101.0,0.0,3.9866025403784437,360,0.99,5.0,12,351,0
89.77777777777777,0.0,3.996592582628907,360,0.99,4.0,13,351,1
89.77777777777777,0.3,4.0,360,0.99,4.0,14,351,2
44.888888888888886,0.2,3.996592582628907,360,0.99,4.0,15,351,3
22.444444444444443,0.2,3.9866025403784437,360,0.99,5.0,16,351,4
0.0,0.4,3.9707106781186545,360,0.99,5.0,17,351,5
0.0,0.6,3.95,360,0.99,5.0,18,351,6
0.0,0.5,3.925881904510252,360,0.99,4.0,19,351,7
0.0,0.7,3.9,360,0.99,4.0,20,351,8
0.0,0.8,3.874118095489748,360,0.98,4.0,21,351,9
0.0,0.7,3.85,360,0.97,3.0,22,351,10
0.0,0.7,3.8292893218813453,360,0.97,4.0,23,351,11
0.0,0.9,3.813397459621556,360,0.97,2.0,24,351,12
0.0,0.8,3.8119259607988263,360,0.96,2.0,1,352,13
0.0,0.9,3.8000000000000003,360,0.95,2.0,2,352,14
0.0,1.0,3.8119259607988263,360,0.96,2.0,3,352,15
0.0,1.0,3.8468911086754467,360,0.97,2.0,4,352,16
0.0,1.2,3.9025126265847083,360,0.96,4.0,5,352,17
0.0,1.2,3.975,360,0.97,4.0,6,352,18
0.0,1.2,4.059413334214118,360,0.98,3.0,7,352,19
0.0,1.2,4.15,360,0.99,4.0,8,352,20
22.444444444444443,1.5,4.240586665785883,360,1.0,4.0,9,352,21
67.33333333333334,1.7,4.325,360,1.0,4.0,10,352,22
134.66666666666669,2.2,4.397487373415292,360,1.0,4.0,11,352,23
123.44444444444446,2.6,4.453108891324554,360,1.0,5.0,12,352,24
157.1111111111111,3.1,4.488074039201174,360,1.0,5.0,13,352,25
213.22222222222223,4.0,4.5,360,1.0,4.0,14,352,26
213.22222222222223,4.3,4.488074039201174,360,1.0,4.0,15,352,27
78.55555555555554,3.6,4.453108891324554,360,1.0,3.0,16,352,28
0.0,3.6,4.397487373415292,360,1.0,3.0,17,352,29
0.0,3.6,4.325,360,1.0,4.0,18,352,30
0.0,3.4,4.240586665785883,360,1.0,4.0,19,352,31
0.0,2.0,4.15,360,1.0,2.0,20,352,32
0.0,2.6,4.059413334214118,360,1.0,2.0,21,352,33
0.0,3.0,3.9750000000000005,360,1.0,4.0,22,352,34
0.0,2.2,3.9025126265847088,360,1.0,4.0,23,352,35
0.0,2.1,3.8468911086754467,360,1.0,4.0,24,352,36
0.0,1.5,3.3340741737109316,360,0.99,4.0,1,353,37
0.0,1.4,3.3,360,0.99,2.0,2,353,38
0.0,1.2,3.3340741737109316,360,0.98,2.0,3,353,39
0.0,0.1,3.433974596215561,360,0.99,2.0,4,353,40
0.0,0.1,3.592893218813452,360,1.0,1.0,5,353,41
0.0,1.2,3.7999999999999994,360,1.0,2.0,6,353,42
0.0,1.0,4.041180954897479,360,1.0,1.0,7,353,43
0.0,1.9,4.3,360,1.0,2.0,8,353,44
67.33333333333334,1.9,4.558819045102521,360,1.0,2.0,9,353,45
179.55555555555554,2.8,4.8,360,0.99,3.0,10,353,46
606.0,5.4,5.007106781186548,360,0.94,4.0,11,353,47
437.6666666666667,4.9,5.166025403784438,360,0.95,5.0,12,353,48
336.66666666666663,5.7,5.2659258262890685,360,0.96,4.0,13,353,49
235.66666666666669,5.8,5.3,360,0.97,4.0,14,353,50
78.55555555555554,4.9,5.2659258262890685,360,0.98,4.0,15,353,51
22.444444444444443,4.7,5.166025403784438,360,1.0,5.0,16,353,52
0.0,4.7,5.007106781186548,360,1.0,5.0,17,353,53
0.0,5.1,4.8,360,1.0,5.0,18,353,54
0.0,5.4,4.558819045102521,360,1.0,4.0,19,353,55
0.0,5.6,4.3,360,1.0,4.0,20,353,56
0.0,5.5,4.041180954897479,360,1.0,4.0,21,353,57
0.0,5.8,3.8,360,1.0,3.0,22,353,58
0.0,5.6,3.5928932188134524,360,1.0,3.0,23,353,59
0.0,5.5,3.433974596215561,360,1.0,4.0,24,353,60
0.0,5.8,4.832370465025385,360,1.0,5.0,1,354,61
0.0,6.0,4.8,360,1.0,5.0,2,354,62
0.0,6.1,4.8323704650253845,360,1.0,5.0,3,354,63
0.0,6.4,4.927275866404783,360,1.0,5.0,4,354,64
0.0,6.2,5.078248557872779,360,1.0,4.0,5,354,65
0.0,6.6,5.2749999999999995,360,1.0,5.0,6,354,66
0.0,6.7,5.504121907152605,360,1.0,4.0,7,354,67
11.222222222222221,6.8,5.75,360,1.0,4.0,8,354,68
56.111111111111114,7.1,5.995878092847395,360,1.0,4.0,9,354,69
179.55555555555554,7.9,6.2250000000000005,360,1.0,4.0,10,354,70
213.22222222222223,8.6,6.421751442127221,360,1.0,4.0,11,354,71
303.0,9.2,6.572724133595217,360,1.0,3.0,12,354,72
359.1111111111111,9.7,6.6676295349746155,360,0.93,4.0,13,354,73
370.33333333333337,10.3,6.7,360,0.88,3.0,14,354,74
303.0,10.2,6.6676295349746155,360,0.83,4.0,15,354,75
101.0,7.5,6.572724133595217,360,0.96,2.0,16,354,76
0.0,6.4,6.421751442127221,360,1.0,2.0,17,354,77
0.0,5.7,6.2250000000000005,360,1.0,2.0,18,354,78
0.0,4.7,5.995878092847395,360,1.0,2.0,19,354,79
0.0,4.4,5.75,360,1.0,2.0,20,354,80
0.0,4.8,5.504121907152605,360,1.0,4.0,21,354,81
0.0,5.4,5.275,360,1.0,4.0,22,354,82
0.0,6.0,5.078248557872779,360,1.0,4.0,23,354,83
0.0,6.5,4.927275866404783,360,1.0,4.0,24,354,84
0.0,6.7,5.922148212912107,360,1.0,4.0,1,355,85
0.0,6.7,5.9,360,1.0,4.0,2,355,86
0.0,6.2,5.922148212912107,360,1.0,4.0,3,355,87
0.0,6.1,5.987083487540115,360,1.0,5.0,4,355,88
0.0,6.4,6.090380592228745,360,1.0,4.0,5,355,89
0.0,6.6,6.2250000000000005,360,1.0,4.0,6,355,90
0.0,6.6,6.3817676206833625,360,1.0,3.0,7,355,91
11.222222222222221,6.8,6.550000000000001,360,1.0,5.0,8,355,92
11.222222222222221,6.9,6.718232379316639,360,1.0,4.0,9,355,93
213.22222222222223,7.8,6.875000000000001,360,1.0,5.0,10,355,94
594.7777777777778,9.3,7.009619407771257,360,1.0,6.0,11,355,95
684.5555555555557,10.2,7.112916512459885,360,0.89,6.0,12,355,96
527.4444444444445,9.6,7.177851787087895,360,0.88,7.0,13,355,97
516.2222222222223,10.7,7.200000000000001,360,0.82,6.0,14,355,98
213.22222222222223,9.9,7.177851787087895,360,0.9,6.0,15,355,99
67.33333333333334,9.6,7.112916512459885,360,0.92,6.0,16,355,100
0.0,9.4,7.009619407771257,360,0.92,6.0,17,355,101
0.0,8.8,6.875000000000001,360,0.96,4.0,18,355,102
0.0,8.7,6.718232379316639,360,0.97,4.0,19,355,103
0.0,8.3,6.550000000000001,360,0.99,2.0,20,355,104
0.0,8.3,6.3817676206833625,360,0.97,2.0,21,355,105
0.0,8.2,6.2250000000000005,360,0.97,4.0,22,355,106
0.0,8.1,6.090380592228745,360,0.97,4.0,23,355,107
0.0,7.8,5.987083487540116,360,0.98,4.0,24,355,108
0.0,7.4,6.613629669484372,360,0.99,3.0,1,356,109
0.0,6.9,6.6,360,0.98,2.0,2,356,110
0.0,6.7,6.613629669484372,360,0.99,2.0,3,356,111
0.0,6.2,6.653589838486224,360,1.0,1.0,4,356,112
0.0,7.4,6.717157287525381,360,0.91,1.0,5,356,113
0.0,7.1,6.8,360,0.91,1.0,6,356,114
0.0,6.3,6.896472381958992,360,0.95,2.0,7,356,115
11.222222222222221,6.7,7.0,360,0.91,2.0,8,356,116
67.33333333333334,7.2,7.103527618041008,360,0.9,2.0,9,356,117
314.2222222222222,9.4,7.2,360,0.76,2.0,10,356,118
583.5555555555555,10.5,7.282842712474619,360,0.66,4.0,11,356,119
583.5555555555555,10.9,7.346410161513775,360,0.62,5.0,12,356,120
549.8888888888889,10.1,7.386370330515628,360,0.67,4.0,13,356,121
336.66666666666663,10.0,7.4,360,0.65,4.0,14,356,122
303.0,10.3,7.386370330515628,360,0.65,2.0,15,356,123
157.1111111111111,9.2,7.346410161513775,360,0.71,2.0,16,356,124
0.0,8.3,7.282842712474619,360,0.77,2.0,17,356,125
0.0,8.2,7.2,360,0.79,3.0,18,356,126
0.0,7.8,7.103527618041008,360,0.79,4.0,19,356,127
0.0,7.9,7.0,360,0.75,4.0,20,356,128
0.0,7.6,6.896472381958992,360,0.75,4.0,21,356,129
0.0,7.3,6.8,360,0.78,3.0,22,356,130
0.0,7.4,6.717157287525381,360,0.78,3.0,23,356,131
0.0,6.4,6.653589838486225,360,0.79,3.0,24,356,132
0.0,5.4,6.008518543427733,360,0.84,2.0,1,357,133
0.0,6.4,6.0,360,0.78,4.0,2,357,134
0.0,6.3,6.008518543427733,360,0.79,6.0,3,357,135
0.0,6.4,6.033493649053891,360,0.78,7.0,4,357,136
0.0,5.7,6.0732233047033635,360,0.81,6.0,5,357,137
0.0,5.0,6.125,360,0.82,5.0,6,357,138
0.0,4.3,6.18529523872437,360,0.85,4.0,7,357,139
0.0,4.5,6.25,360,0.84,4.0,8,357,140
168.33333333333331,5.8,6.31470476127563,360,0.8,5.0,9,357,141
404.0,7.2,6.375,360,0.74,8.0,10,357,142
594.7777777777778,7.7,6.4267766952966365,360,0.72,10.0,11,357,143
695.7777777777778,8.2,6.466506350946109,360,0.71,10.0,12,357,144
695.7777777777778,8.7,6.491481456572267,360,0.69,9.0,13,357,145
583.5555555555555,8.9,6.5,360,0.69,8.0,14,357,146
381.55555555555554,8.4,6.491481456572267,360,0.7,8.0,15,357,147
145.88888888888889,7.1,6.466506350946109,360,0.76,7.0,16,357,148
0.0,5.7,6.4267766952966365,360,0.82,6.0,17,357,149
0.0,5.4,6.375,360,0.83,6.0,18,357,150
0.0,5.3,6.31470476127563,360,0.83,6.0,19,357,151
0.0,5.0,6.25,360,0.84,6.0,20,357,152
0.0,4.6,6.18529523872437,360,0.86,8.0,21,357,153
0.0,4.6,6.125,360,0.89,8.0,22,357,154
0.0,4.2,6.0732233047033635,360,0.9,7.0,23,357,155
0.0,4.2,6.033493649053891,360,0.92,8.0,24,357,156
0.0,4.3,5.513629669484374,360,0.92,8.0,1,358,157
0.0,5.3,5.5,360,0.91,8.0,2,358,158
0.0,5.5,5.513629669484373,360,0.91,9.0,3,358,159
0.0,5.6,5.553589838486225,360,0.91,10.0,4,358,160
0.0,5.7,5.617157287525381,360,0.91,10.0,5,358,161
0.0,6.0,5.7,360,0.87,10.0,6,358,162
0.0,5.6,5.796472381958992,360,0.87,8.0,7,358,163
11.222222222222221,5.2,5.9,360,0.88,6.0,8,358,164
157.1111111111111,6.0,6.003527618041009,360,0.86,7.0,9,358,165
404.0,7.0,6.1000000000000005,360,0.83,8.0,10,358,166
594.7777777777778,8.4,6.18284271247462,360,0.78,8.0,11,358,167
684.5555555555557,9.3,6.246410161513776,360,0.75,8.0,12,358,168
695.7777777777778,9.0,6.286370330515628,360,0.74,10.0,13,358,169
538.6666666666667,6.3,6.300000000000001,360,0.88,9.0,14,358,170
246.8888888888889,6.6,6.286370330515628,360,0.88,9.0,15,358,171
67.33333333333334,6.4,6.246410161513776,360,0.88,10.0,16,358,172
0.0,6.2,6.18284271247462,360,0.86,10.0,17,358,173
0.0,6.0,6.1000000000000005,360,0.87,9.0,18,358,174
0.0,5.9,6.003527618041009,360,0.86,8.0,19,358,175
0.0,4.9,5.9,360,0.9,6.0,20,358,176
0.0,3.9,5.796472381958992,360,0.93,5.0,21,358,177
0.0,4.2,5.7,360,0.94,5.0,22,358,178
0.0,3.6,5.617157287525382,360,0.96,5.0,23,358,179
0.0,3.2,5.553589838486225,360,0.98,5.0,24,358,180
0.0,3.4,5.308518543427732,360,0.99,5.0,1,359,181
0.0,3.6,5.3,360,1.0,6.0,2,359,182
0.0,3.5,5.308518543427732,360,1.0,8.0,3,359,183
0.0,3.2,5.3334936490538905,360,1.0,8.0,4,359,184
0.0,2.9,5.373223304703362,360,1.0,7.0,5,359,185
0.0,2.7,5.425,360,1.0,6.0,6,359,186
0.0,2.6,5.48529523872437,360,1.0,6.0,7,359,187
0.0,2.5,5.55,360,1.0,6.0,8,359,188
89.77777777777777,2.9,5.61470476127563,360,1.0,6.0,9,359,189
291.77777777777777,3.8,5.675,360,0.99,6.0,10,359,190
606.0,5.2,5.726776695296636,360,0.89,6.0,11,359,191
695.7777777777778,5.9,5.766506350946109,360,0.85,7.0,12,359,192
695.7777777777778,6.9,5.791481456572267,360,0.78,8.0,13,359,193
583.5555555555555,7.4,5.8,360,0.72,8.0,14,359,194
392.7777777777778,6.3,5.791481456572267,360,0.81,7.0,15,359,195
145.88888888888889,4.8,5.766506350946109,360,0.84,7.0,16,359,196
11.222222222222221,2.7,5.726776695296636,360,0.94,6.0,17,359,197
0.0,2.0,5.675,360,0.98,6.0,18,359,198
0.0,1.8,5.61470476127563,360,0.99,6.0,19,359,199
0.0,1.4,5.55,360,1.0,7.0,20,359,200
0.0,1.9,5.48529523872437,360,1.0,8.0,21,359,201
0.0,1.9,5.425,360,0.98,9.0,22,359,202
0.0,0.8,5.373223304703363,360,1.0,8.0,23,359,203
0.0,0.7,5.3334936490538905,360,1.0,8.0,24,359,204
0.0,0.8,4.6068148347421864,360,1.0,8.0,1,360,205
0.0,0.9,4.6,360,1.0,8.0,2,360,206
0.0,1.0,4.606814834742186,360,1.0,8.0,3,360,207
0.0,1.2,4.626794919243112,360,0.98,10.0,4,360,208
0.0,2.0,4.65857864376269,360,0.92,10.0,5,360,209
0.0,2.8,4.699999999999999,360,0.86,8.0,6,360,210
0.0,3.0,4.748236190979496,360,0.88,8.0,7,360,211
0.0,3.1,4.8,360,0.89,8.0,8,360,212
11.222222222222221,3.6,4.851763809020504,360,0.86,10.0,9,360,213
67.33333333333334,4.0,4.9,360,0.84,12.0,10,360,214
190.77777777777777,4.5,4.941421356237309,360,0.82,10.0,11,360,215
213.22222222222223,4.8,4.9732050807568875,360,0.82,9.0,12,360,216
179.55555555555554,4.8,4.993185165257814,360,0.81,8.0,13,360,217
89.77777777777777,4.8,5.0,360,0.77,8.0,14,360,218
123.44444444444446,5.0,4.993185165257814,360,0.68,11.0,15,360,219
56.111111111111114,4.8,4.9732050807568875,360,0.74,10.0,16,360,220
11.222222222222221,4.8,4.941421356237309,360,0.73,8.0,17,360,221
0.0,4.7,4.9,360,0.71,10.0,18,360,222
0.0,4.3,4.851763809020504,360,0.74,12.0,19,360,223
0.0,3.6,4.8,360,0.76,10.0,20,360,224
0.0,3.2,4.748236190979496,360,0.77,8.0,21,360,225
0.0,3.7,4.7,360,0.72,9.0,22,360,226
0.0,4.2,4.658578643762691,360,0.72,10.0,23,360,227
0.0,3.2,4.626794919243112,360,0.76,11.0,24,360,228
0.0,2.4,3.308518543427733,360,0.82,9.0,1,361,229
0.0,1.8,3.3,360,0.84,8.0,2,361,230
0.0,1.4,3.308518543427733,360,0.85,8.0,3,361,231
0.0,1.1,3.33349364905389,360,0.86,8.0,4,361,232
0.0,0.7,3.373223304703363,360,0.87,8.0,5,361,233
0.0,1.2,3.425,360,0.85,10.0,6,361,234
0.0,0.9,3.48529523872437,360,0.78,12.0,7,361,235
0.0,0.0,3.55,360,0.77,12.0,8,361,236
22.444444444444443,-0.6,3.61470476127563,360,0.71,13.0,9,361,237
134.66666666666669,-0.7,3.675,360,0.71,11.0,10,361,238
269.33333333333337,-0.3,3.726776695296637,360,0.68,12.0,11,361,239
572.3333333333333,0.6,3.7665063509461096,360,0.64,12.0,12,361,240
583.5555555555555,2.0,3.7914814565722668,360,0.63,12.0,13,361,241
572.3333333333333,2.3,3.8,360,0.61,11.0,14,361,242
381.55555555555554,2.3,3.7914814565722668,360,0.64,11.0,15,361,243
145.88888888888889,1.7,3.7665063509461096,360,0.65,10.0,16,361,244
0.0,0.8,3.726776695296637,360,0.68,7.0,17,361,245
0.0,0.4,3.675,360,0.69,7.0,18,361,246
0.0,-0.1,3.61470476127563,360,0.71,8.0,19,361,247
0.0,-0.7,3.55,360,0.74,8.0,20,361,248
0.0,-1.2,3.48529523872437,360,0.76,7.0,21,361,249
0.0,-1.8,3.425,360,0.8,5.0,22,361,250
0.0,-2.2,3.373223304703363,360,0.81,6.0,23,361,251
0.0,-2.6,3.33349364905389,360,0.81,6.0,24,361,252
0.0,-2.8,1.6068148347421864,360,0.82,6.0,1,362,253
0.0,-3.1,1.6,360,0.83,8.0,2,362,254
0.0,-3.3,1.6068148347421864,360,0.84,6.0,3,362,255
0.0,-3.2,1.6267949192431124,360,0.82,8.0,4,362,256
0.0,-3.3,1.6585786437626906,360,0.82,7.0,5,362,257
0.0,-3.1,1.7,360,0.8,6.0,6,362,258
0.0,-3.6,1.748236190979496,360,0.83,6.0,7,362,259
11.222222222222221,-3.8,1.8,360,0.84,6.0,8,362,260
145.88888888888889,-2.7,1.8517638090205042,360,0.8,6.0,9,362,261
392.7777777777778,-1.5,1.9000000000000001,360,0.74,8.0,10,362,262
583.5555555555555,0.0,1.9414213562373095,360,0.69,8.0,11,362,263
695.7777777777778,0.9,1.9732050807568877,360,0.67,8.0,12,362,264
695.7777777777778,1.6,1.9931851652578136,360,0.62,9.0,13,362,265
594.7777777777778,2.3,2.0,360,0.62,8.0,14,362,266
392.7777777777778,1.6,1.9931851652578136,360,0.62,8.0,15,362,267
157.1111111111111,0.4,1.9732050807568877,360,0.7,9.0,16,362,268
11.222222222222221,-0.5,1.9414213562373095,360,0.74,9.0,17,362,269
0.0,-0.9,1.9000000000000001,360,0.76,8.0,18,362,270
0.0,-1.1,1.8517638090205042,360,0.77,8.0,19,362,271
0.0,-1.3,1.8,360,0.78,9.0,20,362,272
0.0,-1.7,1.748236190979496,360,0.81,7.0,21,362,273
0.0,-2.0,1.7000000000000002,360,0.83,7.0,22,362,274
0.0,-2.1,1.6585786437626906,360,0.83,7.0,23,362,275
0.0,-2.4,1.6267949192431124,360,0.83,8.0,24,362,276
0.0,-2.6,1.0034074173710934,360,0.84,7.0,1,363,277
0.0,-2.9,1.0,360,0.85,7.0,2,363,278
0.0,-3.2,1.0034074173710932,360,0.84,6.0,3,363,279
0.0,-3.6,1.0133974596215563,360,0.85,7.0,4,363,280
0.0,-3.8,1.0292893218813453,360,0.85,8.0,5,363,281
0.0,-4.1,1.05,360,0.86,7.0,6,363,282
0.0,-4.4,1.074118095489748,360,0.88,7.0,7,363,283
0.0,-4.5,1.1,360,0.88,6.0,8,363,284
168.33333333333331,-4.1,1.1258819045102522,360,0.86,6.0,9,363,285
235.66666666666669,-3.7,1.1500000000000001,360,0.85,8.0,10,363,286
303.0,-2.8,1.170710678118655,360,0.84,7.0,11,363,287
381.55555555555554,-2.0,1.186602540378444,360,0.82,6.0,12,363,288
359.1111111111111,-1.4,1.196592582628907,360,0.82,6.0,13,363,289
291.77777777777777,-1.1,1.2000000000000002,360,0.82,6.0,14,363,290
303.0,-0.3,1.196592582628907,360,0.79,5.0,15,363,291
145.88888888888889,-1.3,1.186602540378444,360,0.85,5.0,16,363,292
11.222222222222221,-2.0,1.170710678118655,360,0.88,4.0,17,363,293
0.0,-2.1,1.1500000000000001,360,0.89,4.0,18,363,294
0.0,-1.9,1.1258819045102522,360,0.88,4.0,19,363,295
0.0,-1.8,1.1,360,0.87,5.0,20,363,296
0.0,-2.1,1.074118095489748,360,0.89,4.0,21,363,297
0.0,-2.0,1.05,360,0.89,4.0,22,363,298
0.0,-2.1,1.0292893218813455,360,0.9,3.0,23,363,299
0.0,-1.1,1.0133974596215563,360,0.88,3.0,24,363,300
0.0,-0.8,1.020444504226559,360,0.88,3.0,1,364,301
0.0,-0.9,1.0,360,0.88,3.0,2,364,302
0.0,-1.5,1.020444504226559,360,0.9,2.0,3,364,303
0.0,-1.2,1.0803847577293366,360,0.9,2.0,4,364,304
0.0,-2.1,1.1757359312880713,360,0.9,3.0,5,364,305
0.0,-2.5,1.2999999999999998,360,0.92,2.0,6,364,306
0.0,-1.6,1.4447085729384876,360,0.91,2.0,7,364,307
0.0,-1.2,1.6,360,0.9,3.0,8,364,308
67.33333333333334,-0.5,1.7552914270615125,360,0.88,3.0,9,364,309
303.0,1.9,1.9000000000000001,360,0.81,2.0,10,364,310
561.1111111111111,4.2,2.0242640687119287,360,0.73,3.0,11,364,311
662.1111111111112,5.1,2.1196152422706636,360,0.71,5.0,12,364,312
684.5555555555557,5.6,2.179555495773441,360,0.69,4.0,13,364,313
572.3333333333333,6.3,2.2,360,0.67,3.0,14,364,314
381.55555555555554,5.9,2.179555495773441,360,0.69,4.0,15,364,315
134.66666666666669,3.0,2.1196152422706636,360,0.77,5.0,16,364,316
0.0,0.9,2.0242640687119287,360,0.83,4.0,17,364,317
0.0,1.2,1.9000000000000001,360,0.84,4.0,18,364,318
0.0,0.8,1.7552914270615125,360,0.84,4.0,19,364,319
0.0,-0.5,1.6,360,0.89,3.0,20,364,320
0.0,-1.1,1.4447085729384876,360,0.91,2.0,21,364,321
0.0,-1.0,1.3000000000000003,360,0.93,3.0,22,364,322
0.0,-1.3,1.1757359312880715,360,0.95,3.0,23,364,323
0.0,-0.4,1.0803847577293368,360,0.96,3.0,24,364,324
0.0,-0.2,1.7221482129121057,360,0.96,2.0,1,365,325
0.0,-0.2,1.7000000000000002,360,0.96,2.0,2,365,326
0.0,0.0,1.7221482129121055,360,0.96,2.0,3,365,327
0.0,0.0,1.787083487540115,360,0.97,2.0,4,365,328
0.0,0.0,1.890380592228744,360,0.97,2.0,5,365,329
0.0,-0.1,2.025,360,0.97,2.0,6,365,330
0.0,-0.4,2.181767620683362,360,0.97,2.0,7,365,331
0.0,-0.3,2.35,360,0.98,2.0,8,365,332
56.111111111111114,0.2,2.518232379316639,360,0.98,1.0,9,365,333
112.22222222222223,0.4,2.6750000000000003,360,0.98,2.0,10,365,334
179.55555555555554,0.5,2.809619407771256,360,0.99,2.0,11,365,335
190.77777777777777,0.6,2.9129165124598853,360,0.99,2.0,12,365,336
168.33333333333331,0.6,2.9778517870878947,360,0.98,3.0,13,365,337
168.33333333333331,0.7,3.0,360,0.96,3.0,14,365,338
168.33333333333331,0.8,2.9778517870878947,360,0.94,3.0,15,365,339
89.77777777777777,0.1,2.9129165124598853,360,0.94,4.0,16,365,340
0.0,-2.2,2.809619407771256,360,0.97,1.0,17,365,341
0.0,-1.3,2.6750000000000003,360,0.99,2.0,18,365,342
0.0,-1.7,2.518232379316639,360,0.99,2.0,19,365,343
0.0,-2.0,2.35,360,1.0,1.0,20,365,344
0.0,-2.1,2.181767620683362,360,1.0,1.0,21,365,345
0.0,-2.0,2.0250000000000004,360,1.0,1.0,22,365,346
0.0,-2.4,1.8903805922287442,360,1.0,2.0,23,365,347
0.0,-2.5,1.787083487540115,360,1.0,2.0,24,365,348
0.0,-3.0,1.3102222521132796,360,1.0,2.0,1,366,349
0.0,-1.9,1.3000000000000003,360,1.0,4.0,2,366,350
0.0,-2.5,1.3102222521132796,360,1.0,4.0,3,366,351
0.0,-2.7,1.3401923788646686,360,1.0,4.0,4,366,352
0.0,-2.3,1.3878679656440358,360,1.0,4.0,5,366,353
0.0,-2.0,1.45,360,1.0,4.0,6,366,354
0.0,-1.9,1.5223542864692439,360,1.0,4.0,7,366,355
0.0,-1.7,1.6,360,1.0,4.0,8,366,356
44.888888888888886,-1.6,1.6776457135307563,360,1.0,5.0,9,366,357
112.22222222222223,-1.8,1.75,360,1.0,4.0,10,366,358
123.44444444444446,-1.8,1.8121320343559644,360,1.0,5.0,11,366,359
179.55555555555554,-1.1,1.8598076211353316,360,1.0,4.0,12,366,360
168.33333333333331,-0.7,1.8897777478867206,360,1.0,5.0,13,366,361
101.0,-0.8,1.9,360,1.0,6.0,14,366,362
89.77777777777777,-0.7,1.8897777478867206,360,1.0,6.0,15,366,363
33.66666666666667,-1.1,1.8598076211353316,360,1.0,7.0,16,366,364
11.222222222222221,-1.2,1.8121320343559644,360,1.0,6.0,17,366,365
0.0,-1.3,1.75,360,1.0,6.0,18,366,366
0.0,-1.3,1.6776457135307563,360,1.0,8.0,19,366,367
0.0,-1.4,1.6,360,1.0,8.0,20,366,368
0.0,-1.4,1.5223542864692439,360,1.0,8.0,21,366,369
0.0,-1.5,1.4500000000000002,360,1.0,8.0,22,366,370
0.0,-1.4,1.3878679656440358,360,1.0,8.0,23,366,371
0.0,-1.7,1.3401923788646686,360,1.0,6.0,24,366,372
0.0,-1.7,1.7051111260566398,360,1.0,6.0,1,1,373
0.0,-1.7,1.7000000000000002,360,1.0,7.0,2,1,374
0.0,-1.8,1.7051111260566398,360,1.0,7.0,3,1,375
0.0,-1.8,1.7200961894323343,360,1.0,6.0,4,1,376
0.0,-1.8,1.743933982822018,360,1.0,6.0,5,1,377
0.0,-1.7,1.775,360,1.0,6.0,6,1,378
0.0,-1.9,1.811177143234622,360,1.0,7.0,7,1,379
0.0,-1.8,1.85,360,1.0,7.0,8,1,380
44.888888888888886,-1.9,1.8888228567653782,360,1.0,8.0,9,1,381
89.77777777777777,-1.6,1.925,360,1.0,8.0,10,1,382
179.55555555555554,-1.4,1.9560660171779822,360,1.0,7.0,11,1,383
157.1111111111111,-1.1,1.9799038105676658,360,1.0,8.0,12,1,384
123.44444444444446,-0.9,1.9948888739433603,360,1.0,7.0,13,1,385
112.22222222222223,-0.7,2.0,360,1.0,7.0,14,1,386
67.33333333333334,-0.6,1.9948888739433603,360,1.0,7.0,15,1,387
44.888888888888886,-0.8,1.9799038105676658,360,1.0,8.0,16,1,388
0.0,-0.9,1.9560660171779822,360,1.0,7.0,17,1,389
0.0,-0.9,1.925,360,1.0,6.0,18,1,390
0.0,-1.0,1.8888228567653782,360,1.0,8.0,19,1,391
0.0,-1.1,1.85,360,1.0,6.0,20,1,392
0.0,-1.4,1.811177143234622,360,1.0,7.0,21,1,393
0.0,-1.2,1.7750000000000001,360,0.99,6.0,22,1,394
0.0,-1.0,1.743933982822018,360,0.99,7.0,23,1,395
0.0,-1.3,1.7200961894323343,360,0.99,6.0,24,1,396
0.0,-1.4,1.6034074173710935,360,0.99,7.0,1,2,397
0.0,-1.8,1.6,360,1.0,7.0,2,2,398
0.0,-1.9,1.6034074173710933,360,1.0,8.0,3,2,399
0.0,-1.8,1.6133974596215563,360,1.0,8.0,4,2,400
0.0,-1.8,1.6292893218813453,360,1.0,9.0,5,2,401
0.0,-1.9,1.6500000000000001,360,1.0,8.0,6,2,402
0.0,-1.9,1.674118095489748,360,1.0,8.0,7,2,403
0.0,-1.8,1.7000000000000002,360,1.0,8.0,8,2,404
33.66666666666667,-1.7,1.7258819045102523,360,1.0,8.0,9,2,405
89.77777777777777,-1.6,1.7500000000000002,360,0.99,8.0,10,2,406
134.66666666666669,-1.6,1.770710678118655,360,1.0,8.0,11,2,407
145.88888888888889,-1.8,1.786602540378444,360,1.0,8.0,12,2,408
179.55555555555554,-1.7,1.796592582628907,360,0.99,8.0,13,2,409
145.88888888888889,-2.0,1.8000000000000003,360,0.98,10.0,14,2,410
89.77777777777777,-2.0,1.796592582628907,360,0.98,10.0,15,2,411
33.66666666666667,-2.4,1.786602540378444,360,0.99,10.0,16,2,412
0.0,-2.3,1.770710678118655,360,0.99,10.0,17,2,413
0.0,-2.2,1.7500000000000002,360,0.97,9.0,18,2,414
0.0,-1.8,1.7258819045102523,360,0.95,10.0,19,2,415
0.0,-1.2,1.7000000000000002,360,0.9,9.0,20,2,416
0.0,-0.9,1.674118095489748,360,0.89,9.0,21,2,417
0.0,-0.7,1.6500000000000001,360,0.83,10.0,22,2,418
0.0,-1.0,1.6292893218813456,360,0.84,8.0,23,2,419
0.0,-1.2,1.6133974596215563,360,0.81,10.0,24,2,420
0.0,-1.3,1.1034074173710935,360,0.78,11.0,1,3,421
0.0,-1.4,1.1,360,0.79,10.0,2,3,422
0.0,-1.2,1.1034074173710933,360,0.78,10.0,3,3,423
0.0,-1.7,1.1133974596215563,360,0.85,10.0,4,3,424
0.0,-2.1,1.1292893218813453,360,0.86,11.0,5,3,425
0.0,-1.9,1.1500000000000001,360,0.83,10.0,6,3,426
0.0,-1.8,1.174118095489748,360,0.83,12.0,7,3,427
0.0,-2.1,1.2000000000000002,360,0.84,11.0,8,3,428
44.888888888888886,-2.1,1.2258819045102523,360,0.83,10.0,9,3,429
168.33333333333331,-2.4,1.2500000000000002,360,0.83,10.0,10,3,430
347.8888888888889,-1.6,1.270710678118655,360,0.78,11.0,11,3,431
527.4444444444445,-0.8,1.286602540378444,360,0.72,11.0,12,3,432
718.2222222222222,-0.3,1.296592582628907,360,0.71,10.0,13,3,433
628.4444444444443,0.2,1.3000000000000003,360,0.69,10.0,14,3,434
437.6666666666667,-0.2,1.296592582628907,360,0.7,10.0,15,3,435
179.55555555555554,-1.0,1.286602540378444,360,0.72,10.0,16,3,436
11.222222222222221,-2.0,1.270710678118655,360,0.78,8.0,17,3,437
0.0,-2.5,1.2500000000000002,360,0.8,8.0,18,3,438
0.0,-2.8,1.2258819045102523,360,0.8,10.0,19,3,439
0.0,-3.1,1.2000000000000002,360,0.82,9.0,20,3,440
0.0,-3.4,1.174118095489748,360,0.83,8.0,21,3,441
0.0,-3.6,1.1500000000000001,360,0.84,7.0,22,3,442
0.0,-3.8,1.1292893218813456,360,0.85,7.0,23,3,443
0.0,-4.2,1.1133974596215563,360,0.87,6.0,24,3,444
0.0,-4.4,0.4017037086855466,360,0.88,6.0,1,4,445
0.0,-4.4,0.4,360,0.87,5.0,2,4,446
0.0,-5.5,0.4017037086855466,360,0.9,4.0,3,4,447
0.0,-5.8,0.4066987298107781,360,0.91,4.0,4,4,448
0.0,-6.2,0.41464466094067265,360,0.93,4.0,5,4,449
0.0,-6.0,0.425,360,0.9,4.0,6,4,450
0.0,-6.2,0.437059047744874,360,0.91,4.0,7,4,451
11.222222222222221,-5.7,0.45,360,0.89,4.0,8,4,452
280.55555555555554,-4.6,0.46294095225512605,360,0.86,5.0,9,4,453
639.6666666666667,-2.9,0.47500000000000003,360,0.81,5.0,10,4,454
897.7777777777778,-1.5,0.4853553390593274,360,0.76,5.0,11,4,455
942.6666666666667,-0.2,0.49330127018922193,360,0.69,4.0,12,4,456
841.6666666666666,0.4,0.4982962913144534,360,0.68,5.0,13,4,457
639.6666666666667,0.9,0.5,360,0.67,5.0,14,4,458
448.8888888888889,1.0,0.4982962913144534,360,0.66,4.0,15,4,459
190.77777777777777,-0.9,0.49330127018922193,360,0.76,3.0,16,4,460
11.222222222222221,-2.3,0.4853553390593274,360,0.83,2.0,17,4,461
0.0,-3.0,0.47500000000000003,360,0.83,2.0,18,4,462
0.0,-3.2,0.46294095225512605,360,0.86,2.0,19,4,463
0.0,-4.1,0.45,360,0.9,1.0,20,4,464
0.0,-4.4,0.437059047744874,360,0.93,1.0,21,4,465
0.0,-6.2,0.42500000000000004,360,0.94,2.0,22,4,466
0.0,-6.2,0.41464466094067265,360,0.95,2.0,23,4,467
0.0,-7.2,0.4066987298107781,360,0.96,2.0,24,4,468
0.0,-7.5,0.20340741737109322,360,0.96,4.0,1,5,469
0.0,-6.4,0.20000000000000004,360,0.96,4.0,2,5,470
0.0,-5.9,0.2034074173710932,360,0.97,2.0,3,5,471
0.0,-5.6,0.21339745962155615,360,0.97,2.0,4,5,472
0.0,-5.3,0.22928932188134526,360,0.97,2.0,5,5,473
0.0,-5.2,0.25,360,0.97,2.0,6,5,474
0.0,-5.1,0.27411809548974797,360,0.97,2.0,7,5,475
0.0,-5.3,0.30000000000000004,360,0.97,2.0,8,5,476
56.111111111111114,-4.8,0.3258819045102521,360,0.98,2.0,9,5,477
89.77777777777777,-4.6,0.3500000000000001,360,0.98,2.0,10,5,478
202.0,-4.0,0.3707106781186548,360,0.98,2.0,11,5,479
202.0,-3.5,0.38660254037844394,360,0.98,2.0,12,5,480
134.66666666666669,-3.1,0.3965925826289069,360,0.99,2.0,13,5,481
112.22222222222223,-2.9,0.4,360,0.99,2.0,14,5,482
67.33333333333334,-2.8,0.3965925826289069,360,0.99,3.0,15,5,483
22.444444444444443,-2.6,0.38660254037844394,360,0.99,2.0,16,5,484
0.0,-2.7,0.3707106781186548,360,1.0,2.0,17,5,485
0.0,-2.6,0.3500000000000001,360,1.0,2.0,18,5,486
0.0,-2.5,0.3258819045102521,360,1.0,2.0,19,5,487
0.0,-2.3,0.30000000000000004,360,1.0,2.0,20,5,488
0.0,-2.4,0.27411809548974797,360,1.0,2.0,21,5,489
0.0,-2.4,0.25000000000000006,360,1.0,2.0,22,5,490
0.0,-2.6,0.2292893218813453,360,1.0,1.0,23,5,491
0.0,-2.5,0.21339745962155615,360,1.0,1.0,24,5,492
0.0,-2.6,0.20511112605663975,360,1.0,2.0,1,6,493
0.0,-2.6,0.19999999999999998,360,1.0,4.0,2,6,494
0.0,-2.9,0.20511112605663973,360,1.0,5.0,3,6,495
0.0,-3.3,0.22009618943233417,360,0.98,6.0,4,6,496
0.0,-3.6,0.24393398282201778,360,0.95,6.0,5,6,497
0.0,-3.6,0.2749999999999999,360,0.95,6.0,6,6,498
0.0,-3.4,0.31117714323462187,360,0.93,8.0,7,6,499
11.222222222222221,-3.3,0.35,360,0.92,6.0,8,6,500
11.222222222222221,-3.2,0.3888228567653781,360,0.89,8.0,9,6,501
56.111111111111114,-3.2,0.425,360,0.9,7.0,10,6,502
89.77777777777777,-3.2,0.4560660171779821,360,0.89,8.0,11,6,503
134.66666666666669,-2.9,0.4799038105676658,360,0.87,7.0,12,6,504
134.66666666666669,-2.6,0.49488887394336023,360,0.81,7.0,13,6,505
123.44444444444446,-3.0,0.5,360,0.81,8.0,14,6,506
112.22222222222223,-3.7,0.49488887394336023,360,0.82,8.0,15,6,507
67.33333333333334,-4.4,0.4799038105676658,360,0.83,8.0,16,6,508
11.222222222222221,-5.9,0.4560660171779821,360,0.86,8.0,17,6,509
0.0,-6.9,0.425,360,0.86,8.0,18,6,510
0.0,-8.3,0.3888228567653781,360,0.91,8.0,19,6,511
0.0,-8.2,0.35,360,0.9,8.0,20,6,512
0.0,-7.3,0.31117714323462187,360,0.89,8.0,21,6,513
0.0,-7.1,0.275,360,0.88,7.0,22,6,514
0.0,-6.8,0.24393398282201786,360,0.87,7.0,23,6,515
0.0,-6.4,0.22009618943233417,360,0.85,6.0,24,6,516
0.0,-7.0,0.3017037086855465,360,0.89,6.0,1,7,517
0.0,-6.7,0.29999999999999993,360,0.88,6.0,2,7,518
0.0,-7.1,0.3017037086855465,360,0.88,6.0,3,7,519
0.0,-8.1,0.306698729810778,360,0.88,7.0,4,7,520
0.0,-8.6,0.31464466094067256,360,0.87,8.0,5,7,521
0.0,-9.8,0.32499999999999996,360,0.86,7.0,6,7,522
0.0,-10.3,0.33705904774487394,360,0.85,7.0,7,7,523
0.0,-11.4,0.35,360,0.86,7.0,8,7,524
67.33333333333334,-11.4,0.362940952255126,360,0.84,6.0,9,7,525
123.44444444444446,-10.6,0.375,360,0.81,8.0,10,7,526
168.33333333333331,-9.5,0.3853553390593274,360,0.79,8.0,11,7,527
179.55555555555554,-7.9,0.3933012701892219,360,0.77,7.0,12,7,528
179.55555555555554,-7.2,0.39829629131445343,360,0.75,8.0,13,7,529
168.33333333333331,-6.5,0.4,360,0.73,7.0,14,7,530
134.66666666666669,-6.3,0.39829629131445343,360,0.73,8.0,15,7,531
101.0,-6.8,0.3933012701892219,360,0.72,6.0,16,7,532
11.222222222222221,-7.5,0.3853553390593274,360,0.68,6.0,17,7,533
0.0,-6.6,0.375,360,0.61,8.0,18,7,534
0.0,-6.4,0.362940952255126,360,0.65,8.0,19,7,535
0.0,-7.3,0.35,360,0.72,6.0,20,7,536
0.0,-6.3,0.33705904774487394,360,0.73,7.0,21,7,537
0.0,-5.9,0.32499999999999996,360,0.76,8.0,22,7,538
0.0,-5.6,0.3146446609406726,360,0.79,8.0,23,7,539
0.0,-4.9,0.30669872981077806,360,0.81,8.0,24,7,540
0.0,-5.3,0.2017037086855466,360,0.86,7.0,1,8,541
0.0,-5.7,0.2,360,0.9,6.0,2,8,542
0.0,-5.8,0.2017037086855466,360,0.93,7.0,3,8,543
0.0,-5.9,0.20669872981077808,360,0.95,5.0,4,8,544
0.0,-3.4,0.2146446609406726,360,0.95,7.0,5,8,545
0.0,-2.0,0.22499999999999998,360,0.95,10.0,6,8,546
0.0,-1.4,0.23705904774487396,360,0.93,10.0,7,8,547
11.222222222222221,-1.4,0.25,360,0.91,10.0,8,8,548
44.888888888888886,-1.3,0.26294095225512604,360,0.87,10.0,9,8,549
168.33333333333331,-1.5,0.275,360,0.86,10.0,10,8,550
179.55555555555554,-1.7,0.28535533905932736,360,0.83,10.0,11,8,551
202.0,-2.2,0.2933012701892219,360,0.82,10.0,12,8,552
258.11111111111114,-2.7,0.2982962913144534,360,0.81,9.0,13,8,553
179.55555555555554,-2.6,0.3,360,0.79,10.0,14,8,554
190.77777777777777,-2.2,0.2982962913144534,360,0.78,8.0,15,8,555
145.88888888888889,-2.2,0.2933012701892219,360,0.78,7.0,16,8,556
11.222222222222221,-2.7,0.28535533905932736,360,0.79,8.0,17,8,557
0.0,-4.0,0.275,360,0.84,5.0,18,8,558
0.0,-5.0,0.26294095225512604,360,0.88,4.0,19,8,559
0.0,-5.5,0.25,360,0.87,4.0,20,8,560
0.0,-5.8,0.23705904774487396,360,0.87,3.0,21,8,561
0.0,-6.4,0.225,360,0.88,3.0,22,8,562
0.0,-7.6,0.21464466094067264,360,0.89,2.0,23,8,563
0.0,-8.1,0.20669872981077808,360,0.95,2.0,24,8,564
0.0,-8.0,0.2,360,0.96,2.0,1,9,565
0.0,-8.3,0.2,360,0.95,1.0,2,9,566
0.0,-9.1,0.2,360,0.95,1.0,3,9,567
0.0,-9.3,0.2,360,0.94,1.0,4,9,568
0.0,-9.4,0.2,360,0.94,1.0,5,9,569
0.0,-9.9,0.2,360,0.93,1.0,6,9,570
0.0,-10.9,0.2,360,0.92,1.0,7,9,571
11.222222222222221,-11.6,0.2,360,0.91,1.0,8,9,572
235.66666666666669,-9.6,0.2,360,0.92,2.0,9,9,573
527.4444444444445,-7.9,0.2,360,0.92,2.0,10,9,574
751.8888888888888,-5.9,0.2,360,0.9,3.0,11,9,575
841.6666666666666,-3.3,0.2,360,0.78,4.0,12,9,576
808.0,-2.1,0.2,360,0.73,3.0,13,9,577
830.4444444444446,-2.0,0.2,360,0.73,4.0,14,9,578
594.7777777777778,-2.2,0.2,360,0.74,5.0,15,9,579
258.11111111111114,-3.4,0.2,360,0.75,4.0,16,9,580
22.444444444444443,-5.3,0.2,360,0.84,4.0,17,9,581
0.0,-5.4,0.2,360,0.83,4.0,18,9,582
0.0,-6.3,0.2,360,0.85,3.0,19,9,583
0.0,-6.5,0.2,360,0.86,2.0,20,9,584
0.0,-6.7,0.2,360,0.89,3.0,21,9,585
0.0,-7.6,0.2,360,0.91,3.0,22,9,586
0.0,-7.3,0.2,360,0.88,4.0,23,9,587
0.0,-7.8,0.2,360,0.9,4.0,24,9,588
0.0,-8.3,0.2,360,0.91,3.0,1,10,589
0.0,-8.1,0.2,360,0.91,4.0,2,10,590
0.0,-8.5,0.2,360,0.92,4.0,3,10,591
0.0,-9.0,0.2,360,0.93,4.0,4,10,592
0.0,-9.5,0.2,360,0.94,3.0,5,10,593
0.0,-8.8,0.2,360,0.93,4.0,6,10,594
0.0,-9.2,0.2,360,0.93,4.0,7,10,595
11.222222222222221,-8.6,0.2,360,0.91,4.0,8,10,596
246.8888888888889,-8.0,0.2,360,0.9,3.0,9,10,597
572.3333333333333,-5.5,0.2,360,0.84,4.0,10,10,598
740.6666666666667,-3.2,0.2,360,0.79,4.0,11,10,599
897.7777777777778,-0.8,0.2,360,0.71,4.0,12,10,600
976.3333333333333,-0.9,0.2,360,0.73,4.0,13,10,601
763.1111111111111,-1.1,0.2,360,0.72,5.0,14,10,602
505.0,-1.1,0.2,360,0.75,5.0,15,10,603
235.66666666666669,-2.6,0.2,360,0.77,4.0,16,10,604
22.444444444444443,-2.3,0.2,360,0.78,2.0,17,10,605
0.0,-3.4,0.2,360,0.82,2.0,18,10,606
0.0,-4.4,0.2,360,0.84,2.0,19,10,607
0.0,-5.0,0.2,360,0.84,2.0,20,10,608
0.0,-5.1,0.2,360,0.86,2.0,21,10,609
0.0,-5.3,0.2,360,0.85,5.0,22,10,610
0.0,-5.5,0.2,360,0.89,2.0,23,10,611
0.0,-6.1,0.2,360,0.92,1.0,24,10,612
0.0,-7.3,0.10170370868554661,360,0.94,1.0,1,11,613
0.0,-7.5,0.10000000000000002,360,0.96,1.0,2,11,614
0.0,-8.0,0.1017037086855466,360,0.96,1.0,3,11,615
0.0,-8.1,0.10669872981077808,360,0.95,1.0,4,11,616
0.0,-8.0,0.11464466094067263,360,0.95,2.0,5,11,617
0.0,-8.3,0.125,360,0.94,1.0,6,11,618
0.0,-9.3,0.13705904774487399,360,0.94,1.0,7,11,619
11.222222222222221,-8.6,0.15000000000000002,360,0.94,2.0,8,11,620
258.11111111111114,-5.7,0.16294095225512606,360,0.93,2.0,9,11,621
527.4444444444445,-2.4,0.17500000000000004,360,0.88,1.0,10,11,622
819.2222222222222,2.1,0.1853553390593274,360,0.7,2.0,11,11,623
774.3333333333333,3.7,0.19330127018922197,360,0.66,3.0,12,11,624
774.3333333333333,5.2,0.19829629131445345,360,0.62,3.0,13,11,625
673.3333333333333,5.7,0.2,360,0.63,3.0,14,11,626
415.2222222222223,6.4,0.19829629131445345,360,0.61,2.0,15,11,627
224.44444444444446,5.6,0.19330127018922197,360,0.65,2.0,16,11,628
22.444444444444443,0.0,0.1853553390593274,360,0.85,2.0,17,11,629
0.0,-1.8,0.17500000000000004,360,0.92,2.0,18,11,630
0.0,-1.3,0.16294095225512606,360,0.96,2.0,19,11,631
0.0,-3.0,0.15000000000000002,360,0.98,1.0,20,11,632
0.0,-3.2,0.13705904774487399,360,0.94,2.0,21,11,633
0.0,-1.9,0.12500000000000003,360,0.95,0.0,22,11,634
0.0,-2.2,0.11464466094067265,360,0.88,2.0,23,11,635
0.0,0.8,0.10669872981077808,360,0.81,3.0,24,11,636
0.0,1.0,0.10681483474218634,360,0.81,4.0,1,12,637
0.0,-1.8,0.09999999999999998,360,0.9,3.0,2,12,638
0.0,-0.2,0.10681483474218631,360,0.89,4.0,3,12,639
0.0,0.2,0.1267949192431122,360,0.88,4.0,4,12,640
0.0,-0.5,0.1585786437626904,360,0.91,4.0,5,12,641
0.0,-0.7,0.1999999999999999,360,0.9,5.0,6,12,642
0.0,-0.7,0.24823619097949587,360,0.87,5.0,7,12,643
11.222222222222221,-1.0,0.3,360,0.9,7.0,8,12,644
213.22222222222223,0.3,0.35176380902050414,360,0.84,8.0,9,12,645
426.44444444444446,1.5,0.4,360,0.84,8.0,10,12,646
448.8888888888889,2.4,0.4414213562373095,360,0.84,8.0,11,12,647
549.8888888888889,3.8,0.4732050807568877,360,0.78,8.0,12,12,648
471.33333333333337,3.6,0.49318516525781364,360,0.8,6.0,13,12,649
381.55555555555554,4.0,0.5,360,0.79,6.0,14,12,650
258.11111111111114,3.9,0.49318516525781364,360,0.76,6.0,15,12,651
112.22222222222223,3.5,0.4732050807568877,360,0.78,6.0,16,12,652
11.222222222222221,3.2,0.4414213562373095,360,0.77,6.0,17,12,653
0.0,3.4,0.4,360,0.76,8.0,18,12,654
0.0,3.7,0.35176380902050414,360,0.74,8.0,19,12,655
0.0,3.3,0.3,360,0.75,8.0,20,12,656
0.0,3.3,0.24823619097949587,360,0.74,8.0,21,12,657
0.0,2.6,0.2,360,0.76,7.0,22,12,658
0.0,1.9,0.15857864376269049,360,0.78,6.0,23,12,659
0.0,0.9,0.12679491924311223,360,0.83,3.0,24,12,660
0.0,2.3,0.23066675633983869,360,0.72,5.0,1,13,661
0.0,2.4,0.20000000000000007,360,0.69,6.0,2,13,662
0.0,2.6,0.23066675633983857,360,0.68,6.0,3,13,663
0.0,1.9,0.3205771365940051,360,0.72,4.0,4,13,664
0.0,2.0,0.4636038969321069,360,0.73,7.0,5,13,665
0.0,2.0,0.6499999999999997,360,0.74,6.0,6,13,666
0.0,2.2,0.8670628594077315,360,0.72,7.0,7,13,667
0.0,1.3,1.1,360,0.78,6.0,8,13,668
67.33333333333334,1.9,1.3329371405922688,360,0.77,5.0,9,13,669
101.0,2.2,1.5500000000000003,360,0.78,6.0,10,13,670
123.44444444444446,2.0,1.736396103067893,360,0.86,6.0,11,13,671
179.55555555555554,2.5,1.879422863405995,360,0.92,6.0,12,13,672
157.1111111111111,3.1,1.9693332436601616,360,0.97,5.0,13,13,673
112.22222222222223,3.1,2.0,360,0.99,5.0,14,13,674
89.77777777777777,3.0,1.9693332436601616,360,0.99,5.0,15,13,675
33.66666666666667,3.0,1.879422863405995,360,1.0,5.0,16,13,676
11.222222222222221,2.9,1.736396103067893,360,1.0,4.0,17,13,677
0.0,2.9,1.5500000000000003,360,1.0,4.0,18,13,678
0.0,3.3,1.3329371405922688,360,1.0,4.0,19,13,679
0.0,3.1,1.1,360,1.0,5.0,20,13,680
0.0,3.5,0.8670628594077315,360,1.0,3.0,21,13,681
0.0,3.2,0.6500000000000004,360,1.0,3.0,22,13,682
0.0,2.9,0.46360389693210735,360,1.0,3.0,23,13,683
0.0,2.4,0.3205771365940052,360,1.0,2.0,24,13,684
0.0,2.5,1.5306667563398386,360,1.0,2.0,1,14,685
0.0,1.7,1.5,360,1.0,2.0,2,14,686
0.0,1.0,1.5306667563398384,360,1.0,2.0,3,14,687
0.0,0.0,1.620577136594005,360,1.0,2.0,4,14,688
0.0,-0.1,1.7636038969321068,360,1.0,2.0,5,14,689
0.0,-0.7,1.9499999999999995,360,1.0,2.0,6,14,690
0.0,-0.4,2.1670628594077312,360,1.0,3.0,7,14,691
0.0,0.1,2.4,360,1.0,3.0,8,14,692
78.55555555555554,0.8,2.6329371405922686,360,1.0,4.0,9,14,693
101.0,1.4,2.85,360,1.0,4.0,10,14,694
235.66666666666669,2.6,3.0363961030678928,360,1.0,5.0,11,14,695
336.66666666666663,4.1,3.1794228634059944,360,1.0,5.0,12,14,696
336.66666666666663,4.5,3.2693332436601614,360,1.0,6.0,13,14,697
213.22222222222223,5.1,3.3,360,1.0,4.0,14,14,698
157.1111111111111,5.1,3.2693332436601614,360,1.0,4.0,15,14,699
89.77777777777777,5.0,3.1794228634059944,360,1.0,3.0,16,14,700
33.66666666666667,4.5,3.0363961030678928,360,1.0,2.0,17,14,701
0.0,4.5,2.85,360,1.0,3.0,18,14,702
0.0,3.8,2.6329371405922686,360,1.0,2.0,19,14,703
0.0,3.2,2.4,360,1.0,2.0,20,14,704
0.0,2.3,2.1670628594077312,360,1.0,2.0,21,14,705
0.0,1.7,1.9500000000000002,360,1.0,2.0,22,14,706
0.0,1.4,1.7636038969321073,360,1.0,2.0,23,14,707
0.0,1.5,1.6205771365940052,360,1.0,2.0,24,14,708
0.0,1.5,3.017037086855466,360,1.0,2.0,1,15,709
0.0,1.4,3.0,360,1.0,2.0,2,15,710
0.0,1.2,3.0170370868554657,360,1.0,2.0,3,15,711
0.0,2.0,3.0669872981077804,360,1.0,2.0,4,15,712
0.0,2.3,3.146446609406726,360,1.0,4.0,5,15,713
0.0,2.1,3.25,360,1.0,5.0,6,15,714
0.0,1.9,3.3705904774487396,360,1.0,4.0,7,15,715
11.222222222222221,1.7,3.5,360,1.0,3.0,8,15,716
89.77777777777777,1.7,3.6294095225512604,360,1.0,4.0,9,15,717
179.55555555555554,1.9,3.75,360,1.0,4.0,10,15,718
280.55555555555554,2.0,3.853553390593274,360,1.0,4.0,11,15,719
370.33333333333337,2.7,3.933012701892219,360,1.0,3.0,12,15,720
527.4444444444445,4.2,3.9829629131445343,360,1.0,5.0,13,15,721
460.11111111111114,4.4,4.0,360,1.0,5.0,14,15,722
336.66666666666663,4.7,3.9829629131445343,360,0.93,4.0,15,15,723
224.44444444444446,5.2,3.933012701892219,360,0.88,4.0,16,15,724
44.888888888888886,3.7,3.853553390593274,360,0.93,2.0,17,15,725
0.0,3.0,3.75,360,0.95,2.0,18,15,726
0.0,2.4,3.6294095225512604,360,0.95,2.0,19,15,727
0.0,1.9,3.5,360,0.96,2.0,20,15,728
0.0,1.4,3.3705904774487396,360,0.98,2.0,21,15,729
0.0,0.4,3.25,360,1.0,1.0,22,15,730
0.0,0.4,3.146446609406726,360,1.0,2.0,23,15,731
0.0,2.6,3.066987298107781,360,0.81,4.0,24,15,732
0.0,3.1,2.3272593389687453,360,0.77,5.0,1,16,733
0.0,1.7,2.3,360,0.84,6.0,2,16,734
0.0,2.0,2.327259338968745,360,0.82,6.0,3,16,735
0.0,3.0,2.4071796769724485,360,0.75,7.0,4,16,736
0.0,1.7,2.5343145750507614,360,0.82,6.0,5,16,737
0.0,2.0,2.6999999999999993,360,0.81,6.0,6,16,738
0.0,2.7,2.892944763917983,360,0.81,8.0,7,16,739
11.222222222222221,2.6,3.0999999999999996,360,0.83,8.0,8,16,740
112.22222222222223,2.9,3.3070552360820162,360,0.84,6.0,9,16,741
246.8888888888889,4.2,3.5,360,0.82,6.0,10,16,742
291.77777777777777,5.2,3.665685424949238,360,0.82,5.0,11,16,743
246.8888888888889,5.7,3.792820323027551,360,0.81,6.0,12,16,744
179.55555555555554,6.0,3.8727406610312545,360,0.81,5.0,13,16,745
179.55555555555554,6.4,3.8999999999999995,360,0.83,5.0,14,16,746
246.8888888888889,6.8,3.8727406610312545,360,0.87,6.0,15,16,747
123.44444444444446,6.4,3.792820323027551,360,0.9,5.0,16,16,748
22.444444444444443,6.4,3.665685424949238,360,0.91,4.0,17,16,749
0.0,6.2,3.5,360,0.91,4.0,18,16,750
0.0,6.0,3.3070552360820162,360,0.92,4.0,19,16,751
0.0,5.3,3.0999999999999996,360,0.98,7.0,20,16,752
0.0,5.5,2.892944763917983,360,0.99,6.0,21,16,753
0.0,4.3,2.6999999999999997,360,0.95,6.0,22,16,754
0.0,4.6,2.534314575050762,360,0.93,4.0,23,16,755
0.0,4.4,2.4071796769724485,360,0.95,4.0,24,16,756
0.0,4.7,3.423851921597652,360,0.94,5.0,1,17,757
0.0,4.8,3.3999999999999995,360,0.94,5.0,2,17,758
0.0,4.4,3.423851921597652,360,0.94,6.0,3,17,759
0.0,4.0,3.4937822173508923,360,0.95,6.0,4,17,760
0.0,3.7,3.605025253169416,360,0.95,6.0,5,17,761
0.0,3.6,3.749999999999999,360,0.95,6.0,6,17,762
0.0,3.3,3.918826668428235,360,0.96,6.0,7,17,763
11.222222222222221,3.4,4.1,360,0.97,7.0,8,17,764
145.88888888888889,3.9,4.281173331571765,360,0.99,7.0,9,17,765
123.44444444444446,4.7,4.449999999999999,360,1.0,7.0,10,17,766
291.77777777777777,5.7,4.594974746830583,360,1.0,7.0,11,17,767
269.33333333333337,6.7,4.706217782649107,360,0.96,8.0,12,17,768
269.33333333333337,7.3,4.776148078402348,360,0.94,8.0,13,17,769
213.22222222222223,7.6,4.8,360,0.94,8.0,14,17,770
89.77777777777777,8.0,4.776148078402348,360,0.96,8.0,15,17,771
112.22222222222223,8.2,4.706217782649107,360,0.94,6.0,16,17,772
11.222222222222221,7.4,4.594974746830583,360,0.96,6.0,17,17,773
0.0,7.1,4.449999999999999,360,0.97,7.0,18,17,774
0.0,6.5,4.281173331571765,360,1.0,7.0,19,17,775
0.0,6.4,4.1,360,1.0,8.0,20,17,776
0.0,7.0,3.918826668428235,360,0.99,9.0,21,17,777
0.0,6.7,3.75,360,0.98,9.0,22,17,778
0.0,6.7,3.6050252531694165,360,0.97,10.0,23,17,779
0.0,6.7,3.4937822173508923,360,0.94,9.0,24,17,780
0.0,6.1,4.623851921597652,360,0.9,10.0,1,18,781
0.0,5.8,4.6,360,0.87,12.0,2,18,782
0.0,6.1,4.623851921597652,360,0.83,12.0,3,18,783
0.0,6.0,4.6937822173508925,360,0.89,13.0,4,18,784
0.0,5.9,4.805025253169416,360,0.98,14.0,5,18,785
0.0,6.7,4.949999999999999,360,1.0,13.0,6,18,786
0.0,8.0,5.118826668428236,360,0.98,13.0,7,18,787
0.0,8.9,5.3,360,0.94,13.0,8,18,788
22.444444444444443,8.2,5.481173331571765,360,0.87,17.0,9,18,789
123.44444444444446,8.1,5.65,360,0.82,14.0,10,18,790
359.1111111111111,8.3,5.794974746830583,360,0.84,10.0,11,18,791
258.11111111111114,8.0,5.906217782649107,360,0.79,10.0,12,18,792
505.0,9.0,5.976148078402348,360,0.72,9.0,13,18,793
572.3333333333333,8.5,6.0,360,0.74,10.0,14,18,794
314.2222222222222,8.1,5.976148078402348,360,0.74,10.0,15,18,795
101.0,7.6,5.906217782649107,360,0.8,7.0,16,18,796
22.444444444444443,7.1,5.794974746830583,360,0.83,8.0,17,18,797
0.0,7.0,5.65,360,0.85,6.0,18,18,798
0.0,7.0,5.481173331571765,360,0.89,6.0,19,18,799
0.0,6.8,5.3,360,0.93,6.0,20,18,800
0.0,6.8,5.118826668428236,360,0.94,6.0,21,18,801
0.0,6.8,4.95,360,0.96,7.0,22,18,802
0.0,6.8,4.805025253169417,360,0.98,7.0,23,18,803
0.0,7.1,4.6937822173508925,360,0.99,7.0,24,18,804
0.0,7.3,5.625555630283198,360,0.99,8.0,1,19,805
0.0,7.5,5.6,360,0.96,11.0,2,19,806
0.0,7.7,5.625555630283198,360,0.96,12.0,3,19,807
0.0,7.9,5.700480947161671,360,0.95,15.0,4,19,808
0.0,8.2,5.819669914110088,360,0.98,16.0,5,19,809
0.0,9.9,5.975,360,0.95,16.0,6,19,810
0.0,10.5,6.155885716173109,360,0.88,15.0,7,19,811
0.0,10.1,6.35,360,0.88,14.0,8,19,812
112.22222222222223,9.6,6.54411428382689,360,0.89,16.0,9,19,813
291.77777777777777,9.8,6.725,360,0.85,14.0,10,19,814
448.8888888888889,10.1,6.88033008588991,360,0.82,13.0,11,19,815
505.0,10.5,6.999519052838329,360,0.76,14.0,12,19,816
437.6666666666667,10.2,7.074444369716801,360,0.79,13.0,13,19,817
202.0,10.1,7.1,360,0.77,15.0,14,19,818
89.77777777777777,7.6,7.074444369716801,360,0.89,15.0,15,19,819
67.33333333333334,6.9,6.999519052838329,360,0.82,11.0,16,19,820
22.444444444444443,6.5,6.88033008588991,360,0.79,8.0,17,19,821
0.0,5.5,6.725,360,0.81,8.0,18,19,822
0.0,5.6,6.54411428382689,360,0.84,8.0,19,19,823
0.0,5.1,6.35,360,0.85,11.0,20,19,824
0.0,4.5,6.155885716173109,360,0.83,8.0,21,19,825
0.0,3.5,5.975,360,0.86,6.0,22,19,826
0.0,3.7,5.819669914110089,360,0.85,6.0,23,19,827
0.0,3.9,5.700480947161671,360,0.78,7.0,24,19,828
0.0,1.8,4.41022225211328,360,0.89,9.0,1,20,829
0.0,2.1,4.4,360,0.89,5.0,2,20,830
0.0,2.1,4.41022225211328,360,0.92,7.0,3,20,831
0.0,2.1,4.440192378864669,360,0.93,7.0,4,20,832
0.0,1.9,4.487867965644036,360,0.95,7.0,5,20,833
0.0,2.1,4.55,360,0.95,8.0,6,20,834
0.0,2.4,4.622354286469244,360,0.9,8.0,7,20,835
11.222222222222221,2.2,4.7,360,0.94,10.0,8,20,836
44.888888888888886,2.6,4.777645713530756,360,0.95,9.0,9,20,837
123.44444444444446,3.2,4.8500000000000005,360,0.95,8.0,10,20,838
303.0,3.9,4.912132034355964,360,0.92,10.0,11,20,839
359.1111111111111,4.2,4.959807621135331,360,0.92,10.0,12,20,840
370.33333333333337,4.7,4.989777747886721,360,0.88,7.0,13,20,841
415.2222222222223,5.1,5.0,360,0.81,6.0,14,20,842
246.8888888888889,4.7,4.989777747886721,360,0.87,7.0,15,20,843
89.77777777777777,4.0,4.959807621135331,360,0.88,7.0,16,20,844
44.888888888888886,2.6,4.912132034355964,360,0.91,4.0,17,20,845
0.0,1.5,4.8500000000000005,360,0.94,4.0,18,20,846
0.0,2.2,4.777645713530756,360,0.96,3.0,19,20,847
0.0,2.0,4.7,360,0.97,4.0,20,20,848
0.0,1.4,4.622354286469244,360,0.97,4.0,21,20,849
0.0,1.3,4.550000000000001,360,0.94,5.0,22,20,850
0.0,1.1,4.487867965644036,360,0.96,4.0,23,20,851
0.0,1.2,4.440192378864669,360,0.97,8.0,24,20,852
0.0,1.2,3.618740795541013,360,0.97,7.0,1,21,853
0.0,1.6,3.6000000000000005,360,0.96,6.0,2,21,854
0.0,1.5,3.6187407955410125,360,0.97,8.0,3,21,855
0.0,2.0,3.673686027918559,360,0.97,7.0,4,21,856
0.0,1.8,3.761091270347399,360,0.97,6.0,5,21,857
0.0,1.6,3.875,360,0.98,5.0,6,21,858
0.0,1.7,4.007649525193614,360,0.98,2.0,7,21,859
0.0,1.6,4.15,360,0.98,1.0,8,21,860
134.66666666666669,2.3,4.292350474806387,360,0.98,2.0,9,21,861
179.55555555555554,2.6,4.425000000000001,360,0.93,6.0,10,21,862
134.66666666666669,2.9,4.538908729652602,360,0.9,6.0,11,21,863
471.33333333333337,4.2,4.626313972081442,360,0.83,5.0,12,21,864
864.1111111111111,5.8,4.681259204458988,360,0.77,4.0,13,21,865
314.2222222222222,5.5,4.7,360,0.79,6.0,14,21,866
471.33333333333337,5.2,4.681259204458988,360,0.78,6.0,15,21,867
190.77777777777777,4.5,4.626313972081442,360,0.81,6.0,16,21,868
33.66666666666667,3.0,4.538908729652602,360,0.86,4.0,17,21,869
0.0,2.8,4.425000000000001,360,0.89,3.0,18,21,870
0.0,2.7,4.292350474806387,360,0.9,4.0,19,21,871
0.0,2.6,4.15,360,0.9,5.0,20,21,872
0.0,3.0,4.007649525193614,360,0.91,5.0,21,21,873
0.0,3.3,3.8750000000000004,360,0.91,7.0,22,21,874
0.0,3.6,3.761091270347399,360,0.91,8.0,23,21,875
0.0,3.9,3.673686027918559,360,0.9,8.0,24,21,876
0.0,3.8,4.14940755188085,360,0.93,8.0,1,22,877
0.0,3.7,4.1,360,0.98,10.0,2,22,878
0.0,4.2,4.14940755188085,360,0.98,10.0,3,22,879
0.0,4.3,4.2942631645125635,360,0.98,11.0,4,22,880
0.0,4.1,4.524695167279505,360,0.96,13.0,5,22,881
0.0,3.8,4.824999999999999,360,0.95,13.0,6,22,882
0.0,3.6,5.174712384601345,360,0.97,14.0,7,22,883
0.0,3.5,5.55,360,0.98,12.0,8,22,884
33.66666666666667,3.8,5.925287615398655,360,0.98,12.0,9,22,885
89.77777777777777,4.3,6.275,360,0.97,12.0,10,22,886
134.66666666666669,4.7,6.575304832720494,360,0.99,14.0,11,22,887
134.66666666666669,5.2,6.805736835487436,360,0.99,11.0,12,22,888
123.44444444444446,6.7,6.950592448119149,360,1.0,10.0,13,22,889
134.66666666666669,7.3,7.0,360,1.0,9.0,14,22,890
89.77777777777777,7.0,6.950592448119149,360,1.0,10.0,15,22,891
44.888888888888886,7.2,6.805736835487436,360,1.0,7.0,16,22,892
0.0,9.0,6.575304832720494,360,1.0,6.0,17,22,893
0.0,9.2,6.275,360,0.99,7.0,18,22,894
0.0,8.8,5.925287615398655,360,0.98,6.0,19,22,895
0.0,8.5,5.55,360,1.0,7.0,20,22,896
0.0,8.5,5.174712384601345,360,1.0,8.0,21,22,897
0.0,8.9,4.825,360,1.0,9.0,22,22,898
0.0,9.3,4.524695167279506,360,1.0,11.0,23,22,899
0.0,9.7,4.2942631645125635,360,1.0,12.0,24,22,900
0.0,10.7,5.146000134509757,360,1.0,11.0,1,23,901
0.0,11.4,5.1,360,1.0,13.0,2,23,902
0.0,11.6,5.146000134509757,360,0.99,16.0,3,23,903
0.0,11.8,5.280865704891006,360,0.97,18.0,4,23,904
0.0,11.9,5.495405845398159,360,0.96,17.0,5,23,905
11.222222222222221,11.6,5.774999999999999,360,0.97,18.0,6,23,906
0.0,11.4,6.100594289111596,360,0.98,15.0,7,23,907
0.0,9.9,6.449999999999999,360,0.92,21.0,8,23,908
44.888888888888886,10.1,6.7994057108884025,360,0.86,15.0,9,23,909
112.22222222222223,9.9,7.124999999999999,360,0.88,18.0,10,23,910
325.44444444444446,9.8,7.404594154601838,360,0.73,15.0,11,23,911
673.3333333333333,9.8,7.619134295108991,360,0.7,13.0,12,23,912
796.7777777777777,10.4,7.753999865490242,360,0.61,14.0,13,23,913
707.0000000000001,10.2,7.799999999999999,360,0.58,15.0,14,23,914
594.7777777777778,9.7,7.753999865490242,360,0.59,12.0,15,23,915
235.66666666666669,8.6,7.619134295108991,360,0.6,10.0,16,23,916
56.111111111111114,6.9,7.404594154601838,360,0.72,10.0,17,23,917
0.0,5.7,7.124999999999999,360,0.8,6.0,18,23,918
0.0,5.7,6.7994057108884025,360,0.8,4.0,19,23,919
0.0,5.3,6.449999999999999,360,0.88,5.0,20,23,920
0.0,5.3,6.100594289111596,360,0.9,5.0,21,23,921
0.0,5.4,5.7749999999999995,360,0.89,4.0,22,23,922
0.0,5.8,5.49540584539816,360,0.86,9.0,23,23,923
0.0,4.7,5.280865704891007,360,0.92,10.0,24,23,924
0.0,4.5,5.61022225211328,360,0.95,8.0,1,24,925
0.0,4.9,5.6,360,0.97,7.0,2,24,926
0.0,5.1,5.61022225211328,360,0.96,10.0,3,24,927
0.0,4.8,5.640192378864668,360,0.97,9.0,4,24,928
0.0,6.5,5.687867965644036,360,0.98,8.0,5,24,929
0.0,7.1,5.75,360,0.97,8.0,6,24,930
0.0,6.9,5.822354286469244,360,0.99,8.0,7,24,931
0.0,6.9,5.9,360,1.0,6.0,8,24,932
22.444444444444443,6.8,5.977645713530757,360,1.0,6.0,9,24,933
44.888888888888886,4.3,6.050000000000001,360,0.96,15.0,10,24,934
78.55555555555554,1.0,6.112132034355965,360,0.95,17.0,11,24,935
123.44444444444446,2.6,6.159807621135332,360,0.92,17.0,12,24,936
190.77777777777777,4.3,6.189777747886721,360,0.85,17.0,13,24,937
392.7777777777778,5.7,6.200000000000001,360,0.78,12.0,14,24,938
370.33333333333337,5.9,6.189777747886721,360,0.78,10.0,15,24,939
269.33333333333337,6.1,6.159807621135332,360,0.77,9.0,16,24,940
78.55555555555554,5.0,6.112132034355965,360,0.8,7.0,17,24,941
0.0,3.4,6.050000000000001,360,0.86,4.0,18,24,942
0.0,2.5,5.977645713530757,360,0.93,4.0,19,24,943
0.0,2.0,5.9,360,0.95,3.0,20,24,944
0.0,1.8,5.822354286469244,360,0.96,4.0,21,24,945
0.0,1.5,5.75,360,0.97,4.0,22,24,946
0.0,1.8,5.687867965644036,360,0.99,4.0,23,24,947
0.0,1.9,5.640192378864668,360,0.97,6.0,24,24,948
0.0,2.1,4.017037086855466,360,0.98,6.0,1,25,949
0.0,2.5,4.0,360,0.96,8.0,2,25,950
0.0,2.7,4.017037086855466,360,0.95,8.0,3,25,951
0.0,2.7,4.06698729810778,360,0.94,8.0,4,25,952
0.0,3.3,4.146446609406726,360,0.96,10.0,5,25,953
0.0,3.6,4.25,360,0.95,10.0,6,25,954
0.0,3.7,4.37059047744874,360,0.93,12.0,7,25,955
11.222222222222221,3.6,4.5,360,0.93,10.0,8,25,956
157.1111111111111,4.3,4.62940952255126,360,0.9,10.0,9,25,957
202.0,5.3,4.75,360,0.84,9.0,10,25,958
370.33333333333337,5.5,4.853553390593274,360,0.81,11.0,11,25,959
347.8888888888889,5.8,4.93301270189222,360,0.8,12.0,12,25,960
235.66666666666669,6.3,4.982962913144534,360,0.79,10.0,13,25,961
101.0,5.6,5.0,360,0.88,9.0,14,25,962
101.0,5.1,4.982962913144534,360,0.94,8.0,15,25,963
44.888888888888886,4.9,4.93301270189222,360,0.96,6.0,16,25,964
11.222222222222221,5.0,4.853553390593274,360,0.96,7.0,17,25,965
0.0,4.6,4.75,360,0.96,7.0,18,25,966
0.0,4.5,4.62940952255126,360,0.96,6.0,19,25,967
0.0,3.9,4.5,360,0.97,5.0,20,25,968
0.0,2.9,4.37059047744874,360,0.97,4.0,21,25,969
0.0,2.4,4.25,360,0.98,4.0,22,25,970
0.0,2.5,4.146446609406726,360,0.98,5.0,23,25,971
0.0,2.0,4.06698729810778,360,0.98,5.0,24,25,972
0.0,2.0,3.428963047654292,360,0.98,4.0,1,26,973
0.0,1.6,3.4000000000000004,360,0.99,4.0,2,26,974
0.0,1.6,3.428963047654292,360,0.99,6.0,3,26,975
0.0,1.3,3.513878406783227,360,0.99,5.0,4,26,976
0.0,1.3,3.6489592359914345,360,1.0,4.0,5,26,977
0.0,0.9,3.8249999999999997,360,0.99,3.0,6,26,978
0.0,0.5,4.030003811662858,360,0.99,3.0,7,26,979
22.444444444444443,1.6,4.25,360,0.99,5.0,8,26,980
202.0,2.1,4.469996188337142,360,0.97,5.0,9,26,981
516.2222222222223,4.8,4.675,360,0.92,4.0,10,26,982
774.3333333333333,6.6,4.851040764008565,360,0.88,5.0,11,26,983
830.4444444444446,7.7,4.986121593216772,360,0.79,6.0,12,26,984
875.3333333333334,8.6,5.0710369523457075,360,0.74,6.0,13,26,985
606.0,8.5,5.1,360,0.73,5.0,14,26,986
493.7777777777778,8.6,5.0710369523457075,360,0.67,5.0,15,26,987
269.33333333333337,6.5,4.986121593216772,360,0.81,4.0,16,26,988
33.66666666666667,5.6,4.851040764008565,360,0.86,2.0,17,26,989
0.0,4.7,4.675,360,0.92,3.0,18,26,990
0.0,4.2,4.469996188337142,360,0.89,6.0,19,26,991
0.0,4.0,4.25,360,0.9,2.0,20,26,992
0.0,3.2,4.030003811662858,360,0.96,2.0,21,26,993
0.0,3.5,3.825,360,0.97,2.0,22,26,994
0.0,3.5,3.648959235991435,360,0.97,2.0,23,26,995
0.0,3.5,3.513878406783227,360,0.97,2.0,24,26,996
0.0,2.6,3.71533337816992,360,0.97,1.0,1,27,997
0.0,1.3,3.7000000000000006,360,0.99,2.0,2,27,998
0.0,1.2,3.71533337816992,360,0.99,2.0,3,27,999
0.0,-0.1,3.7602885682970033,360,1.0,2.0,4,27,1000
0.0,0.1,3.831801948466054,360,1.0,2.0,5,27,1001
0.0,0.3,3.9250000000000003,360,1.0,3.0,6,27,1002
0.0,0.6,4.033531429703866,360,1.0,3.0,7,27,1003
11.222222222222221,0.5,4.15,360,1.0,2.0,8,27,1004
67.33333333333334,0.8,4.2664685702961345,360,1.0,2.0,9,27,1005
134.66666666666669,1.2,4.375,360,1.0,3.0,10,27,1006
168.33333333333331,1.3,4.468198051533946,360,1.0,2.0,11,27,1007
202.0,1.6,4.539711431702997,360,1.0,2.0,12,27,1008
224.44444444444446,1.7,4.584666621830081,360,1.0,2.0,13,27,1009
168.33333333333331,1.9,4.6,360,1.0,2.0,14,27,1010
123.44444444444446,2.0,4.584666621830081,360,1.0,2.0,15,27,1011
67.33333333333334,2.2,4.539711431702997,360,1.0,2.0,16,27,1012
11.222222222222221,2.2,4.468198051533946,360,1.0,2.0,17,27,1013
0.0,2.2,4.375,360,1.0,2.0,18,27,1014
0.0,1.8,4.2664685702961345,360,1.0,4.0,19,27,1015
0.0,1.8,4.15,360,1.0,3.0,20,27,1016
0.0,1.6,4.033531429703866,360,1.0,3.0,21,27,1017
0.0,1.6,3.9250000000000007,360,1.0,3.0,22,27,1018
0.0,1.5,3.831801948466054,360,1.0,3.0,23,27,1019
0.0,1.5,3.7602885682970033,360,0.94,4.0,24,27,1020
0.0,1.5,3.9187407955410127,360,0.95,4.0,1,28,1021
0.0,1.5,3.9000000000000004,360,0.95,4.0,2,28,1022
0.0,1.3,3.9187407955410123,360,0.94,4.0,3,28,1023
0.0,1.1,3.973686027918559,360,0.96,3.0,4,28,1024
0.0,1.1,4.061091270347399,360,0.96,4.0,5,28,1025
0.0,1.1,4.175,360,0.96,4.0,6,28,1026
0.0,0.9,4.3076495251936135,360,0.97,3.0,7,28,1027
33.66666666666667,1.0,4.45,360,0.96,4.0,8,28,1028
89.77777777777777,1.2,4.592350474806387,360,0.94,4.0,9,28,1029
202.0,2.0,4.7250000000000005,360,0.91,4.0,10,28,1030
246.8888888888889,2.1,4.838908729652601,360,0.91,4.0,11,28,1031
246.8888888888889,2.7,4.9263139720814415,360,0.92,4.0,12,28,1032
437.6666666666667,3.5,4.981259204458988,360,0.92,4.0,13,28,1033
291.77777777777777,3.9,5.0,360,0.92,4.0,14,28,1034
190.77777777777777,4.3,4.981259204458988,360,0.91,2.0,15,28,1035
112.22222222222223,4.6,4.9263139720814415,360,0.9,2.0,16,28,1036
44.888888888888886,4.5,4.838908729652601,360,0.91,2.0,17,28,1037
0.0,4.2,4.7250000000000005,360,0.9,3.0,18,28,1038
0.0,3.8,4.592350474806387,360,0.89,3.0,19,28,1039
0.0,3.7,4.45,360,0.88,3.0,20,28,1040
0.0,3.6,4.3076495251936135,360,0.86,2.0,21,28,1041
0.0,3.5,4.175000000000001,360,0.88,2.0,22,28,1042
0.0,3.3,4.061091270347399,360,0.89,2.0,23,28,1043
0.0,3.0,3.973686027918559,360,0.88,3.0,24,28,1044
0.0,2.4,3.225555630283199,360,0.88,3.0,1,29,1045
0.0,1.0,3.2,360,0.91,2.0,2,29,1046
0.0,0.1,3.225555630283199,360,0.91,2.0,3,29,1047
0.0,-0.9,3.300480947161671,360,0.93,2.0,4,29,1048
0.0,-1.3,3.4196699141100892,360,0.93,3.0,5,29,1049
0.0,-1.9,3.5749999999999997,360,0.94,2.0,6,29,1050
0.0,-2.2,3.75588571617311,360,0.96,2.0,7,29,1051
33.66666666666667,-2.3,3.95,360,0.96,2.0,8,29,1052
269.33333333333337,-0.8,4.144114283826891,360,0.89,3.0,9,29,1053
583.5555555555555,0.8,4.325,360,0.84,3.0,10,29,1054
639.6666666666667,2.5,4.480330085889911,360,0.81,2.0,11,29,1055
830.4444444444446,4.3,4.599519052838329,360,0.74,3.0,12,29,1056
897.7777777777778,6.4,4.674444369716801,360,0.69,4.0,13,29,1057
796.7777777777777,7.1,4.7,360,0.7,3.0,14,29,1058
617.2222222222222,7.8,4.674444369716801,360,0.68,3.0,15,29,1059
280.55555555555554,7.4,4.599519052838329,360,0.72,1.0,16,29,1060
56.111111111111114,5.5,4.480330085889911,360,0.77,2.0,17,29,1061
0.0,4.1,4.325,360,0.81,2.0,18,29,1062
0.0,3.4,4.144114283826891,360,0.81,2.0,19,29,1063
0.0,2.7,3.95,360,0.8,2.0,20,29,1064
0.0,1.3,3.75588571617311,360,0.84,2.0,21,29,1065
0.0,0.4,3.575,360,0.86,2.0,22,29,1066
0.0,0.0,3.4196699141100897,360,0.88,2.0,23,29,1067
0.0,-0.7,3.300480947161671,360,0.91,2.0,24,29,1068
0.0,-1.0,2.428963047654292,360,0.93,2.0,1,30,1069
0.0,-1.3,2.4000000000000004,360,0.94,2.0,2,30,1070
0.0,-1.5,2.428963047654292,360,0.95,2.0,3,30,1071
0.0,-1.9,2.513878406783227,360,0.95,2.0,4,30,1072
0.0,-2.2,2.6489592359914345,360,0.96,2.0,5,30,1073
0.0,-2.6,2.8249999999999997,360,0.97,2.0,6,30,1074
0.0,-2.4,3.0300038116628576,360,0.97,3.0,7,30,1075
33.66666666666667,-2.2,3.25,360,0.97,2.0,8,30,1076
235.66666666666669,-0.5,3.4699961883371424,360,0.91,3.0,9,30,1077
482.5555555555556,1.4,3.675,360,0.84,3.0,10,30,1078
729.4444444444443,3.5,3.851040764008565,360,0.78,5.0,11,30,1079
875.3333333333334,6.1,3.986121593216773,360,0.69,5.0,12,30,1080
650.8888888888889,6.8,4.0710369523457075,360,0.68,5.0,13,30,1081
718.2222222222222,8.6,4.1,360,0.58,4.0,14,30,1082
583.5555555555555,8.2,4.0710369523457075,360,0.61,4.0,15,30,1083
224.44444444444446,6.8,3.986121593216773,360,0.7,4.0,16,30,1084
56.111111111111114,5.1,3.851040764008565,360,0.75,4.0,17,30,1085
0.0,4.1,3.675,360,0.78,5.0,18,30,1086
0.0,2.9,3.4699961883371424,360,0.8,5.0,19,30,1087
0.0,2.1,3.25,360,0.83,3.0,20,30,1088
0.0,1.7,3.0300038116628576,360,0.86,3.0,21,30,1089
0.0,1.4,2.825,360,0.86,4.0,22,30,1090
0.0,0.7,2.648959235991435,360,0.89,2.0,23,30,1091
0.0,0.6,2.513878406783227,360,0.89,3.0,24,30,1092
0.0,1.3,2.6357778823964786,360,0.86,3.0,1,31,1093
0.0,1.0,2.6000000000000005,360,0.85,3.0,2,31,1094
0.0,1.2,2.6357778823964786,360,0.83,2.0,3,31,1095
0.0,0.7,2.7406733260263394,360,0.81,2.0,4,31,1096
0.0,0.2,2.907537879754125,360,0.84,2.0,5,31,1097
0.0,0.0,3.125,360,0.86,2.0,6,31,1098
0.0,0.2,3.378240002642354,360,0.87,4.0,7,31,1099
22.444444444444443,0.1,3.6500000000000004,360,0.89,3.0,8,31,1100
145.88888888888889,0.8,3.921759997357647,360,0.88,3.0,9,31,1101
336.66666666666663,2.7,4.175000000000001,360,0.83,3.0,10,31,1102
527.4444444444445,4.8,4.392462120245876,360,0.78,3.0,11,31,1103
572.3333333333333,6.6,4.559326673973661,360,0.74,3.0,12,31,1104
561.1111111111111,8.3,4.664222117603522,360,0.73,2.0,13,31,1105
493.7777777777778,9.3,4.7,360,0.73,3.0,14,31,1106
370.33333333333337,9.0,4.664222117603522,360,0.75,4.0,15,31,1107
190.77777777777777,8.5,4.559326673973661,360,0.77,3.0,16,31,1108
44.888888888888886,7.3,4.392462120245876,360,0.79,3.0,17,31,1109
11.222222222222221,5.4,4.175000000000001,360,0.83,4.0,18,31,1110
0.0,4.1,3.921759997357647,360,0.83,4.0,19,31,1111
0.0,3.9,3.6500000000000004,360,0.84,4.0,20,31,1112
0.0,3.8,3.378240002642354,360,0.84,4.0,21,31,1113
0.0,3.8,3.1250000000000004,360,0.86,3.0,22,31,1114
0.0,3.6,2.9075378797541256,360,0.86,3.0,23,31,1115
0.0,3.6,2.74067332602634,360,0.88,3.0,24,31,1116
0.0,3.7,3.9068148347421863,360,0.87,3.0,1,32,1117
0.0,3.4,3.8999999999999995,360,0.89,2.0,2,32,1118
0.0,2.1,3.906814834742186,360,0.92,4.0,3,32,1119
0.0,1.9,3.926794919243112,360,0.92,4.0,4,32,1120
0.0,2.1,3.95857864376269,360,0.91,4.0,5,32,1121
0.0,2.0,3.9999999999999996,360,0.89,6.0,6,32,1122
0.0,1.7,4.0482361909794955,360,0.89,5.0,7,32,1123
0.0,1.2,4.1,360,0.88,6.0,8,32,1124
89.77777777777777,1.0,4.151763809020504,360,0.86,6.0,9,32,1125
157.1111111111111,1.0,4.199999999999999,360,0.87,6.0,10,32,1126
168.33333333333331,0.8,4.241421356237309,360,0.9,6.0,11,32,1127
202.0,0.6,4.273205080756887,360,0.92,6.0,12,32,1128
516.2222222222223,1.2,4.293185165257813,360,0.88,7.0,13,32,1129
471.33333333333337,1.4,4.3,360,0.87,8.0,14,32,1130
280.55555555555554,1.4,4.293185165257813,360,0.85,8.0,15,32,1131
101.0,1.2,4.273205080756887,360,0.86,9.0,16,32,1132
22.444444444444443,0.5,4.241421356237309,360,0.82,8.0,17,32,1133
0.0,0.7,4.199999999999999,360,0.81,8.0,18,32,1134
0.0,0.7,4.151763809020504,360,0.8,8.0,19,32,1135
0.0,0.6,4.1,360,0.8,8.0,20,32,1136
0.0,0.4,4.0482361909794955,360,0.81,8.0,21,32,1137
0.0,0.2,3.9999999999999996,360,0.82,8.0,22,32,1138
0.0,0.0,3.9585786437626904,360,0.83,8.0,23,32,1139
0.0,0.0,3.926794919243112,360,0.85,8.0,24,32,1140
0.0,-0.3,2.806814834742186,360,0.88,7.0,1,33,1141
0.0,-0.7,2.8,360,0.95,7.0,2,33,1142
0.0,-0.7,2.806814834742186,360,0.97,7.0,3,33,1143
0.0,-0.7,2.826794919243112,360,0.98,6.0,4,33,1144
0.0,-0.7,2.8585786437626903,360,0.99,6.0,5,33,1145
0.0,-0.6,2.9,360,0.99,6.0,6,33,1146
0.0,-0.6,2.948236190979496,360,0.99,6.0,7,33,1147
0.0,-0.6,3.0,360,0.99,6.0,8,33,1148
44.888888888888886,-0.6,3.051763809020504,360,0.99,6.0,9,33,1149
101.0,-0.7,3.1,360,0.99,6.0,10,33,1150
123.44444444444446,-0.6,3.1414213562373097,360,0.98,6.0,11,33,1151
202.0,-0.6,3.1732050807568877,360,0.98,6.0,12,33,1152
213.22222222222223,-0.3,3.193185165257814,360,0.97,5.0,13,33,1153
157.1111111111111,-0.6,3.2,360,0.96,4.0,14,33,1154
112.22222222222223,-0.6,3.193185165257814,360,0.97,3.0,15,33,1155
44.888888888888886,-0.9,3.1732050807568877,360,0.97,4.0,16,33,1156
22.444444444444443,-1.0,3.1414213562373097,360,0.95,3.0,17,33,1157
0.0,-0.9,3.1,360,0.96,4.0,18,33,1158
0.0,-1.0,3.051763809020504,360,0.93,4.0,19,33,1159
0.0,-1.5,3.0,360,0.95,2.0,20,33,1160
0.0,-2.8,2.948236190979496,360,0.94,2.0,21,33,1161
0.0,-4.1,2.9,360,0.97,0.0,22,33,1162
0.0,-4.1,2.8585786437626903,360,0.98,2.0,23,33,1163
0.0,-4.0,2.8267949192431123,360,0.97,2.0,24,33,1164
0.0,-4.2,1.1153333781699195,360,0.94,2.0,1,34,1165
0.0,-4.5,1.1,360,0.95,2.0,2,34,1166
0.0,-4.2,1.1153333781699193,360,0.93,2.0,3,34,1167
0.0,-5.3,1.1602885682970026,360,0.95,2.0,4,34,1168
0.0,-5.4,1.2318019484660536,360,0.95,2.0,5,34,1169
0.0,-4.9,1.325,360,0.94,2.0,6,34,1170
0.0,-5.8,1.4335314297038657,360,0.95,1.0,7,34,1171
56.111111111111114,-4.6,1.55,360,0.97,1.0,8,34,1172
392.7777777777778,-1.5,1.6664685702961344,360,0.84,3.0,9,34,1173
639.6666666666667,0.2,1.7750000000000001,360,0.76,2.0,10,34,1174
976.3333333333333,1.0,1.8681980515339465,360,0.79,3.0,11,34,1175
942.6666666666667,2.7,1.9397114317029973,360,0.68,3.0,12,34,1176
965.1111111111112,3.3,1.9846666218300808,360,0.6,4.0,13,34,1177
875.3333333333334,3.8,2.0,360,0.58,4.0,14,34,1178
684.5555555555557,3.9,1.9846666218300808,360,0.59,4.0,15,34,1179
336.66666666666663,2.4,1.9397114317029973,360,0.65,4.0,16,34,1180
78.55555555555554,0.9,1.8681980515339465,360,0.79,2.0,17,34,1181
0.0,-0.9,1.7750000000000001,360,0.9,2.0,18,34,1182
0.0,-1.0,1.6664685702961344,360,0.83,2.0,19,34,1183
0.0,-0.1,1.55,360,0.74,2.0,20,34,1184
0.0,-1.3,1.4335314297038657,360,0.8,2.0,21,34,1185
0.0,-1.7,1.3250000000000002,360,0.84,2.0,22,34,1186
0.0,-1.7,1.2318019484660536,360,0.83,2.0,23,34,1187
0.0,-1.5,1.1602885682970028,360,0.83,2.0,24,34,1188
0.0,-1.9,1.349407551880851,360,0.85,2.0,1,35,1189
0.0,-1.7,1.2999999999999998,360,0.86,2.0,2,35,1190
0.0,-1.3,1.3494075518808508,360,0.84,2.0,3,35,1191
0.0,-0.9,1.4942631645125635,360,0.83,3.0,4,35,1192
0.0,-0.3,1.7246951672795054,360,0.81,3.0,5,35,1193
0.0,-0.4,2.0249999999999995,360,0.89,4.0,6,35,1194
0.0,-0.4,2.374712384601345,360,0.93,4.0,7,35,1195
11.222222222222221,0.0,2.75,360,0.92,4.0,8,35,1196
145.88888888888889,1.9,3.1252876153986553,360,0.85,6.0,9,35,1197
314.2222222222222,4.0,3.475,360,0.79,8.0,10,35,1198
785.5555555555557,7.4,3.775304832720494,360,0.72,10.0,11,35,1199
942.6666666666667,8.7,4.005736835487436,360,0.69,10.0,12,35,1200
953.8888888888889,10.3,4.150592448119149,360,0.64,9.0,13,35,1201
875.3333333333334,10.9,4.2,360,0.62,9.0,14,35,1202
673.3333333333333,10.3,4.150592448119149,360,0.61,9.0,15,35,1203
359.1111111111111,10.5,4.005736835487436,360,0.59,9.0,16,35,1204
67.33333333333334,9.6,3.775304832720494,360,0.61,8.0,17,35,1205
0.0,8.9,3.475,360,0.63,6.0,18,35,1206
0.0,7.9,3.1252876153986553,360,0.68,4.0,19,35,1207
0.0,9.4,2.75,360,0.6,12.0,20,35,1208
0.0,9.0,2.374712384601345,360,0.64,10.0,21,35,1209
0.0,8.6,2.0250000000000004,360,0.67,11.0,22,35,1210
0.0,8.4,1.7246951672795061,360,0.69,10.0,23,35,1211
0.0,7.4,1.4942631645125637,360,0.78,8.0,24,35,1212
0.0,7.0,3.9340741737109317,360,0.79,8.0,1,36,1213
0.0,7.1,3.9000000000000004,360,0.78,9.0,2,36,1214
0.0,7.0,3.9340741737109317,360,0.76,10.0,3,36,1215
0.0,7.0,4.033974596215561,360,0.77,11.0,4,36,1216
0.0,6.6,4.1928932188134524,360,0.81,10.0,5,36,1217
0.0,6.4,4.3999999999999995,360,0.87,11.0,6,36,1218
0.0,5.8,4.64118095489748,360,0.93,10.0,7,36,1219
22.444444444444443,5.8,4.9,360,0.93,10.0,8,36,1220
280.55555555555554,7.4,5.158819045102521,360,0.87,7.0,9,36,1221
426.44444444444446,7.9,5.4,360,0.83,8.0,10,36,1222
639.6666666666667,8.6,5.607106781186548,360,0.77,9.0,11,36,1223
426.44444444444446,8.0,5.76602540378444,360,0.8,10.0,12,36,1224
886.5555555555555,10.1,5.865925826289069,360,0.69,9.0,13,36,1225
808.0,10.6,5.9,360,0.65,9.0,14,36,1226
381.55555555555554,10.2,5.865925826289069,360,0.62,9.0,15,36,1227
157.1111111111111,9.8,5.76602540378444,360,0.66,4.0,16,36,1228
44.888888888888886,8.3,5.607106781186548,360,0.75,3.0,17,36,1229
0.0,8.2,5.4,360,0.73,2.0,18,36,1230
0.0,7.7,5.158819045102521,360,0.73,2.0,19,36,1231
0.0,8.1,4.9,360,0.65,6.0,20,36,1232
0.0,7.4,4.64118095489748,360,0.67,7.0,21,36,1233
0.0,7.3,4.4,360,0.68,7.0,22,36,1234
0.0,6.6,4.1928932188134524,360,0.72,6.0,23,36,1235
0.0,6.1,4.033974596215561,360,0.74,6.0,24,36,1236
0.0,5.4,4.423851921597652,360,0.79,6.0,1,37,1237
0.0,5.4,4.4,360,0.8,6.0,2,37,1238
0.0,4.7,4.423851921597652,360,0.84,6.0,3,37,1239
0.0,4.2,4.493782217350892,360,0.88,6.0,4,37,1240
0.0,4.1,4.6050252531694165,360,0.87,6.0,5,37,1241
0.0,3.8,4.749999999999999,360,0.91,8.0,6,37,1242
0.0,3.9,4.918826668428236,360,0.92,6.0,7,37,1243
44.888888888888886,4.9,5.1,360,0.87,7.0,8,37,1244
370.33333333333337,7.0,5.281173331571764,360,0.79,8.0,9,37,1245
471.33333333333337,6.9,5.449999999999999,360,0.76,10.0,10,37,1246
740.6666666666667,7.4,5.594974746830583,360,0.8,9.0,11,37,1247
460.11111111111114,7.4,5.706217782649107,360,0.79,9.0,12,37,1248
347.8888888888889,7.4,5.776148078402347,360,0.76,7.0,13,37,1249
549.8888888888889,8.0,5.799999999999999,360,0.72,7.0,14,37,1250
336.66666666666663,7.6,5.776148078402347,360,0.7,7.0,15,37,1251
404.0,7.3,5.706217782649107,360,0.73,8.0,16,37,1252
101.0,6.2,5.594974746830583,360,0.79,5.0,17,37,1253
0.0,4.8,5.449999999999999,360,0.83,4.0,18,37,1254
0.0,3.7,5.281173331571764,360,0.93,4.0,19,37,1255
0.0,3.4,5.1,360,0.96,4.0,20,37,1256
0.0,3.2,4.918826668428236,360,0.96,5.0,21,37,1257
0.0,3.9,4.75,360,0.96,5.0,22,37,1258
0.0,4.0,4.6050252531694165,360,0.97,4.0,23,37,1259
0.0,3.9,4.493782217350892,360,0.93,5.0,24,37,1260
0.0,3.6,4.008518543427733,360,0.94,4.0,1,38,1261
0.0,3.3,4.0,360,0.9,6.0,2,38,1262
0.0,2.6,4.008518543427733,360,0.84,7.0,3,38,1263
0.0,1.9,4.033493649053891,360,0.82,10.0,4,38,1264
0.0,1.2,4.0732233047033635,360,0.84,9.0,5,38,1265
0.0,1.0,4.125,360,0.82,10.0,6,38,1266
0.0,1.2,4.18529523872437,360,0.79,10.0,7,38,1267
22.444444444444443,1.4,4.25,360,0.73,9.0,8,38,1268
44.888888888888886,1.6,4.31470476127563,360,0.71,9.0,9,38,1269
168.33333333333331,1.8,4.375,360,0.69,9.0,10,38,1270
763.1111111111111,3.2,4.4267766952966365,360,0.63,9.0,11,38,1271
909.0,4.0,4.466506350946109,360,0.61,10.0,12,38,1272
852.8888888888889,4.1,4.491481456572267,360,0.56,10.0,13,38,1273
751.8888888888888,3.5,4.5,360,0.53,8.0,14,38,1274
448.8888888888889,3.9,4.491481456572267,360,0.53,8.0,15,38,1275
213.22222222222223,3.4,4.466506350946109,360,0.53,6.0,16,38,1276
78.55555555555554,2.5,4.4267766952966365,360,0.71,6.0,17,38,1277
11.222222222222221,0.3,4.375,360,0.91,9.0,18,38,1278
0.0,-1.2,4.31470476127563,360,0.94,3.0,19,38,1279
0.0,-1.2,4.25,360,0.97,2.0,20,38,1280
0.0,-1.0,4.18529523872437,360,0.97,4.0,21,38,1281
0.0,-0.8,4.125,360,0.97,4.0,22,38,1282
0.0,-0.6,4.0732233047033635,360,0.95,3.0,23,38,1283
0.0,-1.2,4.033493649053891,360,0.94,2.0,24,38,1284
0.0,-2.6,2.5238519215976525,360,0.97,2.0,1,39,1285
0.0,-1.0,2.5,360,0.98,2.0,2,39,1286
0.0,-0.6,2.5238519215976525,360,0.97,4.0,3,39,1287
0.0,-1.1,2.593782217350893,360,0.98,4.0,4,39,1288
0.0,-1.0,2.7050252531694166,360,0.99,4.0,5,39,1289
0.0,-1.1,2.8499999999999996,360,1.0,4.0,6,39,1290
0.0,-1.4,3.0188266684282357,360,1.0,2.0,7,39,1291
22.444444444444443,-1.5,3.2,360,1.0,2.0,8,39,1292
101.0,-1.1,3.3811733315717647,360,1.0,2.0,9,39,1293
134.66666666666669,-1.0,3.5500000000000003,360,1.0,3.0,10,39,1294
213.22222222222223,-0.7,3.6949747468305834,360,1.0,5.0,11,39,1295
314.2222222222222,0.0,3.8062177826491075,360,1.0,6.0,12,39,1296
460.11111111111114,1.3,3.876148078402348,360,0.97,6.0,13,39,1297
392.7777777777778,2.0,3.9000000000000004,360,0.92,6.0,14,39,1298
291.77777777777777,3.0,3.876148078402348,360,0.85,6.0,15,39,1299
190.77777777777777,3.3,3.8062177826491075,360,0.81,5.0,16,39,1300
56.111111111111114,3.3,3.6949747468305834,360,0.83,6.0,17,39,1301
0.0,2.5,3.5500000000000003,360,0.91,6.0,18,39,1302
0.0,2.4,3.3811733315717647,360,0.95,6.0,19,39,1303
0.0,2.4,3.2,360,0.96,7.0,20,39,1304
0.0,2.4,3.0188266684282357,360,0.98,8.0,21,39,1305
0.0,2.6,2.8500000000000005,360,0.99,8.0,22,39,1306
0.0,3.0,2.705025253169417,360,1.0,8.0,23,39,1307
0.0,3.9,2.593782217350893,360,1.0,7.0,24,39,1308
0.0,4.1,3.7442964258242117,360,1.0,6.0,1,40,1309
0.0,4.9,3.7,360,1.0,4.0,2,40,1310
0.0,4.8,3.7442964258242113,360,1.0,6.0,3,40,1311
0.0,4.7,3.8741669750802297,360,1.0,5.0,4,40,1312
0.0,4.8,4.080761184457488,360,1.0,6.0,5,40,1313
0.0,4.6,4.35,360,1.0,2.0,6,40,1314
0.0,4.8,4.6635352413667235,360,1.0,6.0,7,40,1315
11.222222222222221,4.9,5.0,360,1.0,6.0,8,40,1316
56.111111111111114,5.6,5.3364647586332765,360,1.0,7.0,9,40,1317
145.88888888888889,6.3,5.65,360,1.0,11.0,10,40,1318
168.33333333333331,7.4,5.919238815542512,360,1.0,12.0,11,40,1319
145.88888888888889,8.6,6.12583302491977,360,1.0,11.0,12,40,1320
134.66666666666669,9.8,6.255703574175788,360,0.99,12.0,13,40,1321
123.44444444444446,9.7,6.3,360,0.97,14.0,14,40,1322
101.0,10.3,6.255703574175788,360,0.9,12.0,15,40,1323
101.0,10.4,6.12583302491977,360,0.89,10.0,16,40,1324
78.55555555555554,10.4,5.919238815542512,360,0.81,11.0,17,40,1325
0.0,10.5,5.65,360,0.79,12.0,18,40,1326
0.0,10.6,5.3364647586332765,360,0.82,12.0,19,40,1327
0.0,10.3,5.0,360,0.83,12.0,20,40,1328
0.0,10.5,4.6635352413667235,360,0.8,13.0,21,40,1329
0.0,10.8,4.3500000000000005,360,0.8,16.0,22,40,1330
0.0,9.8,4.080761184457488,360,0.77,25.0,23,40,1331
0.0,8.2,3.8741669750802297,360,0.9,24.0,24,40,1332
0.0,7.9,5.510222252113279,360,0.89,24.0,1,41,1333
0.0,6.7,5.5,360,0.89,25.0,2,41,1334
11.222222222222221,7.0,5.510222252113279,360,0.84,23.0,3,41,1335
0.0,7.1,5.540192378864669,360,0.82,20.0,4,41,1336
0.0,6.2,5.587867965644036,360,0.85,18.0,5,41,1337
0.0,6.0,5.6499999999999995,360,0.78,16.0,6,41,1338
0.0,5.0,5.722354286469244,360,0.75,12.0,7,41,1339
33.66666666666667,4.7,5.8,360,0.76,10.0,8,41,1340
336.66666666666663,5.7,5.877645713530756,360,0.71,10.0,9,41,1341
639.6666666666667,6.7,5.95,360,0.68,11.0,10,41,1342
808.0,7.7,6.012132034355964,360,0.63,13.0,11,41,1343
920.2222222222223,8.5,6.059807621135331,360,0.61,12.0,12,41,1344
516.2222222222223,7.4,6.08977774788672,360,0.56,10.0,13,41,1345
942.6666666666667,8.8,6.1,360,0.52,10.0,14,41,1346
347.8888888888889,7.3,6.08977774788672,360,0.54,8.0,15,41,1347
437.6666666666667,7.7,6.059807621135331,360,0.54,7.0,16,41,1348
67.33333333333334,5.4,6.012132034355964,360,0.7,6.0,17,41,1349
0.0,5.0,5.95,360,0.72,5.0,18,41,1350
0.0,3.1,5.877645713530756,360,0.84,4.0,19,41,1351
0.0,2.5,5.8,360,0.88,4.0,20,41,1352
0.0,2.2,5.722354286469244,360,0.92,4.0,21,41,1353
0.0,1.8,5.65,360,0.94,5.0,22,41,1354
0.0,0.7,5.587867965644036,360,0.96,4.0,23,41,1355
0.0,0.2,5.540192378864669,360,0.98,3.0,24,41,1356
0.0,-0.3,3.539185299767572,360,0.98,2.0,1,42,1357
0.0,-0.4,3.5000000000000004,360,0.98,3.0,2,42,1358
0.0,0.2,3.539185299767572,360,0.99,3.0,3,42,1359
0.0,-0.7,3.654070785647896,360,0.98,3.0,4,42,1360
0.0,-0.4,3.8368272016354705,360,0.99,3.0,5,42,1361
0.0,-0.1,4.075,360,1.0,3.0,6,42,1362
0.0,-0.7,4.352358098132101,360,1.0,2.0,7,42,1363
44.888888888888886,0.0,4.65,360,1.0,1.0,8,42,1364
123.44444444444446,1.2,4.947641901867899,360,1.0,2.0,9,42,1365
291.77777777777777,2.5,5.2250000000000005,360,1.0,2.0,10,42,1366
527.4444444444445,3.9,5.46317279836453,360,0.95,2.0,11,42,1367
875.3333333333334,6.3,5.645929214352105,360,0.82,2.0,12,42,1368
886.5555555555555,6.8,5.760814700232428,360,0.78,4.0,13,42,1369
841.6666666666666,7.4,5.800000000000001,360,0.7,4.0,14,42,1370
370.33333333333337,7.2,5.760814700232428,360,0.66,4.0,15,42,1371
583.5555555555555,7.7,5.645929214352105,360,0.63,4.0,16,42,1372
145.88888888888889,6.5,5.46317279836453,360,0.65,3.0,17,42,1373
22.444444444444443,4.9,5.2250000000000005,360,0.74,2.0,18,42,1374
0.0,5.2,4.947641901867899,360,0.75,1.0,19,42,1375
0.0,4.6,4.65,360,0.78,1.0,20,42,1376
0.0,1.5,4.352358098132101,360,0.93,2.0,21,42,1377
0.0,0.7,4.075000000000001,360,0.95,1.0,22,42,1378
0.0,1.7,3.836827201635471,360,0.9,2.0,23,42,1379
0.0,1.8,3.654070785647896,360,0.92,2.0,24,42,1380
0.0,1.6,3.7170370868554663,360,0.94,3.0,1,43,1381
0.0,1.1,3.7,360,0.97,2.0,2,43,1382
0.0,1.0,3.717037086855466,360,0.98,2.0,3,43,1383
0.0,1.3,3.7669872981077805,360,0.98,2.0,4,43,1384
0.0,1.8,3.8464466094067262,360,0.98,3.0,5,43,1385
0.0,2.3,3.95,360,0.98,4.0,6,43,1386
0.0,2.6,4.07059047744874,360,0.96,4.0,7,43,1387
33.66666666666667,2.6,4.2,360,0.96,5.0,8,43,1388
67.33333333333334,2.3,4.329409522551261,360,0.99,7.0,9,43,1389
291.77777777777777,2.6,4.45,360,0.9,7.0,10,43,1390
415.2222222222223,3.0,4.553553390593274,360,0.78,6.0,11,43,1391
729.4444444444443,3.6,4.63301270189222,360,0.62,7.0,12,43,1392
1088.5555555555557,4.8,4.682962913144534,360,0.59,8.0,13,43,1393
785.5555555555557,5.0,4.7,360,0.57,8.0,14,43,1394
572.3333333333333,4.7,4.682962913144534,360,0.58,7.0,15,43,1395
303.0,4.7,4.63301270189222,360,0.55,6.0,16,43,1396
213.22222222222223,3.3,4.553553390593274,360,0.61,6.0,17,43,1397
11.222222222222221,2.1,4.45,360,0.66,3.0,18,43,1398
0.0,1.5,4.329409522551261,360,0.7,2.0,19,43,1399
0.0,0.4,4.2,360,0.76,1.0,20,43,1400
0.0,-2.4,4.07059047744874,360,0.89,1.0,21,43,1401
0.0,-3.1,3.95,360,0.9,1.0,22,43,1402
0.0,-0.5,3.8464466094067262,360,0.78,2.0,23,43,1403
0.0,-1.1,3.766987298107781,360,0.82,2.0,24,43,1404
0.0,-2.1,2.4306667563398383,360,0.86,2.0,1,44,1405
0.0,-2.4,2.3999999999999995,360,0.89,2.0,2,44,1406
0.0,-2.7,2.4306667563398383,360,0.89,2.0,3,44,1407
0.0,-1.7,2.520577136594005,360,0.86,3.0,4,44,1408
0.0,-1.2,2.6636038969321065,360,0.87,3.0,5,44,1409
0.0,-0.8,2.849999999999999,360,0.86,4.0,6,44,1410
0.0,-0.7,3.067062859407731,360,0.85,5.0,7,44,1411
11.222222222222221,-0.1,3.3,360,0.83,5.0,8,44,1412
78.55555555555554,0.7,3.5329371405922685,360,0.86,6.0,9,44,1413
134.66666666666669,1.7,3.75,360,0.84,7.0,10,44,1414
224.44444444444446,2.9,3.9363961030678927,360,0.85,8.0,11,44,1415
336.66666666666663,4.4,4.079422863405995,360,0.86,8.0,12,44,1416
404.0,6.0,4.169333243660161,360,0.86,7.0,13,44,1417
213.22222222222223,6.4,4.2,360,0.93,6.0,14,44,1418
145.88888888888889,6.6,4.169333243660161,360,0.99,4.0,15,44,1419
89.77777777777777,6.6,4.079422863405995,360,1.0,4.0,16,44,1420
44.888888888888886,6.7,3.9363961030678927,360,0.97,4.0,17,44,1421
0.0,6.4,3.75,360,0.94,4.0,18,44,1422
0.0,5.6,3.5329371405922685,360,0.95,5.0,19,44,1423
0.0,4.7,3.3,360,0.85,7.0,20,44,1424
0.0,3.6,3.067062859407731,360,0.81,8.0,21,44,1425
0.0,2.9,2.85,360,0.82,6.0,22,44,1426
0.0,2.3,2.663603896932107,360,0.8,6.0,23,44,1427
0.0,1.4,2.520577136594005,360,0.83,6.0,24,44,1428
0.0,0.6,2.7187407955410126,360,0.86,4.0,1,45,1429
0.0,0.0,2.7,360,0.86,4.0,2,45,1430
0.0,-0.2,2.7187407955410126,360,0.87,4.0,3,45,1431
0.0,-0.7,2.7736860279185587,360,0.91,4.0,4,45,1432
0.0,-1.3,2.8610912703473987,360,0.94,3.0,5,45,1433
0.0,-1.5,2.9749999999999996,360,0.96,3.0,6,45,1434
0.0,-1.8,3.107649525193614,360,0.97,3.0,7,45,1435
33.66666666666667,-0.9,3.25,360,0.97,3.0,8,45,1436
269.33333333333337,-0.4,3.392350474806386,360,0.95,5.0,9,45,1437
404.0,0.9,3.525,360,0.83,6.0,10,45,1438
650.8888888888889,1.9,3.6389087296526013,360,0.77,6.0,11,45,1439
886.5555555555555,2.8,3.7263139720814413,360,0.71,7.0,12,45,1440
650.8888888888889,3.3,3.7812592044589874,360,0.67,8.0,13,45,1441
852.8888888888889,4.4,3.8,360,0.62,8.0,14,45,1442
819.2222222222222,4.4,3.7812592044589874,360,0.55,8.0,15,45,1443
505.0,4.0,3.7263139720814413,360,0.58,7.0,16,45,1444
202.0,2.6,3.6389087296526013,360,0.63,6.0,17,45,1445
22.444444444444443,1.3,3.525,360,0.7,3.0,18,45,1446
0.0,0.3,3.392350474806386,360,0.75,4.0,19,45,1447
0.0,0.4,3.25,360,0.75,5.0,20,45,1448
0.0,-0.5,3.107649525193614,360,0.79,5.0,21,45,1449
0.0,-1.4,2.975,360,0.8,5.0,22,45,1450
0.0,-2.2,2.861091270347399,360,0.84,2.0,23,45,1451
0.0,-2.1,2.7736860279185587,360,0.82,2.0,24,45,1452
0.0,-2.3,1.5255556302831987,360,0.83,3.0,1,46,1453
0.0,-2.4,1.5,360,0.82,4.0,2,46,1454
0.0,-2.8,1.5255556302831987,360,0.85,3.0,3,46,1455
0.0,-3.4,1.600480947161671,360,0.87,3.0,4,46,1456
0.0,-3.5,1.719669914110089,360,0.9,3.0,5,46,1457
0.0,-3.3,1.8749999999999996,360,0.91,3.0,6,46,1458
0.0,-2.8,2.0558857161731097,360,0.91,4.0,7,46,1459
67.33333333333334,-2.5,2.25,360,0.9,4.0,8,46,1460
280.55555555555554,-1.4,2.4441142838268908,360,0.87,4.0,9,46,1461
606.0,0.4,2.625,360,0.79,4.0,10,46,1462
976.3333333333333,2.3,2.7803300858899105,360,0.62,6.0,11,46,1463
1066.1111111111113,3.2,2.899519052838329,360,0.59,8.0,12,46,1464
1088.5555555555557,3.8,2.9744443697168013,360,0.51,8.0,13,46,1465
1032.4444444444446,4.5,3.0,360,0.51,8.0,14,46,1466
707.0000000000001,4.3,2.9744443697168013,360,0.46,8.0,15,46,1467
448.8888888888889,3.8,2.899519052838329,360,0.49,8.0,16,46,1468
213.22222222222223,2.9,2.7803300858899105,360,0.53,6.0,17,46,1469
11.222222222222221,1.2,2.625,360,0.6,5.0,18,46,1470
0.0,-0.5,2.4441142838268908,360,0.69,4.0,19,46,1471
0.0,-0.5,2.25,360,0.7,3.0,20,46,1472
0.0,-0.6,2.0558857161731097,360,0.72,4.0,21,46,1473
0.0,-1.0,1.8750000000000002,360,0.76,4.0,22,46,1474
0.0,-1.4,1.7196699141100895,360,0.79,4.0,23,46,1475
0.0,-2.3,1.600480947161671,360,0.83,4.0,24,46,1476
0.0,-2.7,1.1442964258242116,360,0.86,2.0,1,47,1477
0.0,-2.8,1.1000000000000003,360,0.85,2.0,2,47,1478
0.0,-2.8,1.1442964258242114,360,0.85,2.0,3,47,1479
0.0,-2.6,1.2741669750802298,360,0.82,2.0,4,47,1480
0.0,-2.8,1.4807611844574882,360,0.83,2.0,5,47,1481
0.0,-2.7,1.7499999999999998,360,0.84,2.0,6,47,1482
0.0,-2.5,2.0635352413667234,360,0.85,2.0,7,47,1483
67.33333333333334,-2.0,2.4000000000000004,360,0.81,1.0,8,47,1484
235.66666666666669,-1.1,2.7364647586332773,360,0.79,2.0,9,47,1485
594.7777777777778,1.5,3.0500000000000007,360,0.64,3.0,10,47,1486
931.4444444444445,4.1,3.319238815542512,360,0.58,4.0,11,47,1487
1032.4444444444446,5.4,3.5258330249197707,360,0.59,4.0,12,47,1488
931.4444444444445,6.1,3.6557035741757895,360,0.67,5.0,13,47,1489
875.3333333333334,6.6,3.7,360,0.74,4.0,14,47,1490
740.6666666666667,7.2,3.6557035741757895,360,0.7,5.0,15,47,1491
325.44444444444446,6.2,3.5258330249197707,360,0.79,5.0,16,47,1492
112.22222222222223,5.6,3.319238815542512,360,0.84,4.0,17,47,1493
11.222222222222221,4.3,3.0500000000000007,360,0.89,4.0,18,47,1494
0.0,4.5,2.7364647586332773,360,0.91,2.0,19,47,1495
0.0,4.5,2.4000000000000004,360,0.91,2.0,20,47,1496
0.0,4.5,2.0635352413667234,360,0.9,2.0,21,47,1497
0.0,4.4,1.7500000000000007,360,0.91,2.0,22,47,1498
0.0,3.6,1.4807611844574886,360,0.95,1.0,23,47,1499
0.0,3.8,1.27416697508023,360,0.94,2.0,24,47,1500
0.0,4.1,3.534074173710932,360,0.95,2.0,1,48,1501
0.0,4.2,3.5,360,0.96,2.0,2,48,1502
0.0,3.8,3.534074173710932,360,0.98,1.0,3,48,1503
0.0,4.0,3.633974596215561,360,1.0,2.0,4,48,1504
0.0,3.9,3.792893218813452,360,1.0,4.0,5,48,1505
0.0,3.8,3.9999999999999996,360,1.0,3.0,6,48,1506
0.0,2.7,4.241180954897479,360,1.0,5.0,7,48,1507
22.444444444444443,2.9,4.5,360,1.0,6.0,8,48,1508
157.1111111111111,3.9,4.758819045102521,360,1.0,4.0,9,48,1509
190.77777777777777,4.7,5.0,360,1.0,3.0,10,48,1510
336.66666666666663,5.8,5.207106781186548,360,0.96,4.0,11,48,1511
617.2222222222222,7.7,5.366025403784438,360,0.76,4.0,12,48,1512
594.7777777777778,8.3,5.465925826289069,360,0.74,6.0,13,48,1513
527.4444444444445,8.2,5.5,360,0.75,6.0,14,48,1514
359.1111111111111,8.2,5.465925826289069,360,0.76,5.0,15,48,1515
179.55555555555554,8.0,5.366025403784438,360,0.71,4.0,16,48,1516
44.888888888888886,7.7,5.207106781186548,360,0.76,4.0,17,48,1517
11.222222222222221,7.1,5.0,360,0.8,2.0,18,48,1518
0.0,6.8,4.758819045102521,360,0.82,2.0,19,48,1519
0.0,6.6,4.5,360,0.85,2.0,20,48,1520
0.0,6.7,4.241180954897479,360,0.86,3.0,21,48,1521
0.0,6.7,4.0,360,0.85,4.0,22,48,1522
0.0,6.7,3.7928932188134525,360,0.86,4.0,23,48,1523
0.0,6.4,3.633974596215561,360,0.87,4.0,24,48,1524
0.0,6.3,5.127259338968745,360,0.88,4.0,1,49,1525
0.0,6.2,5.1,360,0.88,4.0,2,49,1526
0.0,6.2,5.127259338968745,360,0.89,5.0,3,49,1527
0.0,5.7,5.207179676972449,360,0.97,4.0,4,49,1528
0.0,5.5,5.334314575050762,360,1.0,4.0,5,49,1529
0.0,5.4,5.5,360,1.0,4.0,6,49,1530
0.0,5.5,5.692944763917984,360,1.0,4.0,7,49,1531
22.444444444444443,5.7,5.9,360,1.0,4.0,8,49,1532
145.88888888888889,6.4,6.107055236082017,360,1.0,4.0,9,49,1533
235.66666666666669,6.9,6.300000000000001,360,0.99,5.0,10,49,1534
370.33333333333337,8.2,6.465685424949239,360,0.91,4.0,11,49,1535
729.4444444444443,9.5,6.592820323027551,360,0.75,6.0,12,49,1536
415.2222222222223,9.3,6.672740661031256,360,0.75,5.0,13,49,1537
303.0,9.5,6.700000000000001,360,0.71,6.0,14,49,1538
280.55555555555554,9.6,6.672740661031256,360,0.74,5.0,15,49,1539
280.55555555555554,9.5,6.592820323027551,360,0.69,6.0,16,49,1540
112.22222222222223,8.5,6.465685424949239,360,0.74,5.0,17,49,1541
11.222222222222221,7.1,6.300000000000001,360,0.81,2.0,18,49,1542
0.0,6.7,6.107055236082017,360,0.82,2.0,19,49,1543
0.0,5.8,5.9,360,0.81,2.0,20,49,1544
0.0,5.9,5.692944763917984,360,0.82,1.0,21,49,1545
0.0,5.8,5.5,360,0.82,3.0,22,49,1546
0.0,5.5,5.334314575050763,360,0.84,2.0,23,49,1547
0.0,5.1,5.20717967697245,360,0.87,2.0,24,49,1548
0.0,4.9,5.320444504226559,360,0.88,1.0,1,50,1549
0.0,4.7,5.300000000000001,360,0.9,2.0,2,50,1550
0.0,4.8,5.320444504226559,360,0.86,2.0,3,50,1551
0.0,4.6,5.380384757729337,360,0.87,2.0,4,50,1552
0.0,4.3,5.475735931288072,360,0.89,2.0,5,50,1553
0.0,4.0,5.6,360,0.89,3.0,6,50,1554
0.0,3.8,5.744708572938488,360,0.86,3.0,7,50,1555
22.444444444444443,3.7,5.9,360,0.86,3.0,8,50,1556
112.22222222222223,3.8,6.055291427061513,360,0.83,4.0,9,50,1557
336.66666666666663,4.4,6.2,360,0.77,5.0,10,50,1558
650.8888888888889,5.4,6.324264068711929,360,0.7,6.0,11,50,1559
1054.888888888889,6.2,6.419615242270663,360,0.63,8.0,12,50,1560
1122.2222222222222,7.3,6.479555495773441,360,0.61,6.0,13,50,1561
1032.4444444444446,7.7,6.5,360,0.49,6.0,14,50,1562
841.6666666666666,7.9,6.479555495773441,360,0.49,5.0,15,50,1563
561.1111111111111,7.8,6.419615242270663,360,0.48,5.0,16,50,1564
246.8888888888889,6.5,6.324264068711929,360,0.46,4.0,17,50,1565
11.222222222222221,4.3,6.2,360,0.53,3.0,18,50,1566
0.0,2.5,6.055291427061513,360,0.59,2.0,19,50,1567
0.0,2.2,5.9,360,0.59,2.0,20,50,1568
0.0,2.3,5.744708572938488,360,0.52,2.0,21,50,1569
0.0,1.4,5.6000000000000005,360,0.57,2.0,22,50,1570
0.0,0.6,5.475735931288072,360,0.62,2.0,23,50,1571
0.0,1.5,5.380384757729337,360,0.55,1.0,24,50,1572
0.0,0.9,3.8306667563398378,360,0.64,2.0,1,51,1573
0.0,0.7,3.7999999999999994,360,0.71,2.0,2,51,1574
0.0,1.1,3.8306667563398378,360,0.65,2.0,3,51,1575
0.0,0.9,3.9205771365940043,360,0.68,2.0,4,51,1576
0.0,0.9,4.063603896932106,360,0.7,2.0,5,51,1577
0.0,0.7,4.249999999999999,360,0.7,2.0,6,51,1578
11.222222222222221,0.4,4.467062859407731,360,0.71,2.0,7,51,1579
123.44444444444446,1.2,4.699999999999999,360,0.69,2.0,8,51,1580
448.8888888888889,3.3,4.9329371405922675,360,0.57,4.0,9,51,1581
774.3333333333333,5.6,5.1499999999999995,360,0.36,6.0,10,51,1582
1010.0,6.8,5.336396103067892,360,0.33,6.0,11,51,1583
1144.6666666666665,8.2,5.479422863405994,360,0.35,6.0,12,51,1584
1167.111111111111,9.3,5.569333243660161,360,0.41,6.0,13,51,1585
1066.1111111111113,9.8,5.6,360,0.45,6.0,14,51,1586
886.5555555555555,10.0,5.569333243660161,360,0.48,6.0,15,51,1587
572.3333333333333,9.4,5.479422863405994,360,0.48,7.0,16,51,1588
258.11111111111114,8.4,5.336396103067892,360,0.52,6.0,17,51,1589
33.66666666666667,5.7,5.1499999999999995,360,0.65,4.0,18,51,1590
0.0,5.3,4.9329371405922675,360,0.65,3.0,19,51,1591
0.0,5.5,4.699999999999999,360,0.63,5.0,20,51,1592
0.0,4.5,4.467062859407731,360,0.67,4.0,21,51,1593
0.0,3.1,4.25,360,0.75,2.0,22,51,1594
0.0,2.1,4.063603896932107,360,0.79,2.0,23,51,1595
0.0,2.3,3.9205771365940043,360,0.79,1.0,24,51,1596
0.0,1.6,3.1442964258242116,360,0.87,2.0,1,52,1597
0.0,1.0,3.1000000000000005,360,0.92,2.0,2,52,1598
0.0,0.3,3.144296425824211,360,0.97,1.0,3,52,1599
0.0,0.5,3.27416697508023,360,0.99,1.0,4,52,1600
0.0,0.4,3.480761184457488,360,1.0,2.0,5,52,1601
0.0,0.1,3.75,360,1.0,2.0,6,52,1602
0.0,0.2,4.063535241366724,360,1.0,1.0,7,52,1603
101.0,0.6,4.4,360,1.0,2.0,8,52,1604
269.33333333333337,1.3,4.736464758633277,360,1.0,2.0,9,52,1605
359.1111111111111,3.4,5.050000000000001,360,1.0,3.0,10,52,1606
561.1111111111111,5.7,5.319238815542512,360,0.95,4.0,11,52,1607
976.3333333333333,8.1,5.525833024919771,360,0.78,4.0,12,52,1608
662.1111111111112,8.2,5.6557035741757895,360,0.79,5.0,13,52,1609
594.7777777777778,8.5,5.7,360,0.72,6.0,14,52,1610
471.33333333333337,8.2,5.6557035741757895,360,0.74,5.0,15,52,1611
381.55555555555554,8.3,5.525833024919771,360,0.74,4.0,16,52,1612
157.1111111111111,7.5,5.319238815542512,360,0.77,4.0,17,52,1613
22.444444444444443,5.7,5.050000000000001,360,0.83,4.0,18,52,1614
0.0,5.3,4.736464758633277,360,0.86,2.0,19,52,1615
0.0,4.8,4.4,360,0.9,2.0,20,52,1616
0.0,2.4,4.063535241366724,360,0.97,2.0,21,52,1617
0.0,3.5,3.750000000000001,360,0.99,2.0,22,52,1618
0.0,3.7,3.4807611844574886,360,0.99,2.0,23,52,1619
0.0,3.4,3.27416697508023,360,0.99,3.0,24,52,1620
0.0,2.5,3.832370465025385,360,1.0,2.0,1,53,1621
0.0,2.5,3.8,360,1.0,3.0,2,53,1622
0.0,2.5,3.832370465025385,360,1.0,3.0,3,53,1623
0.0,2.3,3.927275866404783,360,1.0,4.0,4,53,1624
0.0,2.4,4.078248557872779,360,1.0,6.0,5,53,1625
0.0,1.9,4.2749999999999995,360,1.0,4.0,6,53,1626
0.0,2.4,4.504121907152605,360,1.0,3.0,7,53,1627
44.888888888888886,3.5,4.75,360,0.99,3.0,8,53,1628
89.77777777777777,3.3,4.995878092847395,360,1.0,3.0,9,53,1629
269.33333333333337,4.9,5.2250000000000005,360,0.92,4.0,10,53,1630
235.66666666666669,5.4,5.421751442127221,360,0.88,5.0,11,53,1631
437.6666666666667,6.5,5.572724133595217,360,0.81,5.0,12,53,1632
381.55555555555554,7.1,5.6676295349746155,360,0.8,6.0,13,53,1633
538.6666666666667,7.7,5.7,360,0.83,5.0,14,53,1634
235.66666666666669,7.5,5.6676295349746155,360,0.84,5.0,15,53,1635
123.44444444444446,8.2,5.572724133595217,360,0.77,4.0,16,53,1636
101.0,7.9,5.421751442127221,360,0.78,4.0,17,53,1637
11.222222222222221,7.4,5.2250000000000005,360,0.81,3.0,18,53,1638
0.0,6.9,4.995878092847395,360,0.88,4.0,19,53,1639
0.0,6.5,4.75,360,0.91,5.0,20,53,1640
0.0,6.5,4.504121907152605,360,0.92,3.0,21,53,1641
0.0,5.9,4.275,360,1.0,3.0,22,53,1642
0.0,6.1,4.078248557872779,360,1.0,3.0,23,53,1643
0.0,6.0,3.9272758664047833,360,1.0,4.0,24,53,1644
0.0,5.6,5.432370465025385,360,1.0,2.0,1,54,1645
0.0,5.4,5.4,360,1.0,2.0,2,54,1646
0.0,5.4,5.432370465025385,360,1.0,2.0,3,54,1647
0.0,5.8,5.527275866404783,360,1.0,2.0,4,54,1648
0.0,5.7,5.678248557872779,360,1.0,2.0,5,54,1649
0.0,5.8,5.874999999999999,360,1.0,2.0,6,54,1650
0.0,5.8,6.104121907152605,360,1.0,3.0,7,54,1651
56.111111111111114,5.7,6.35,360,1.0,4.0,8,54,1652
123.44444444444446,5.7,6.595878092847395,360,1.0,5.0,9,54,1653
404.0,6.6,6.824999999999999,360,0.93,4.0,10,54,1654
527.4444444444445,6.8,7.021751442127219,360,0.93,5.0,11,54,1655
740.6666666666667,8.3,7.172724133595216,360,0.82,4.0,12,54,1656
774.3333333333333,9.4,7.267629534974614,360,0.76,4.0,13,54,1657
740.6666666666667,9.4,7.299999999999999,360,0.74,6.0,14,54,1658
527.4444444444445,9.1,7.267629534974614,360,0.73,6.0,15,54,1659
269.33333333333337,8.6,7.172724133595216,360,0.74,6.0,16,54,1660
44.888888888888886,8.5,7.021751442127219,360,0.73,5.0,17,54,1661
0.0,7.8,6.824999999999999,360,0.74,7.0,18,54,1662
0.0,7.2,6.595878092847395,360,0.8,6.0,19,54,1663
0.0,6.7,6.35,360,0.86,4.0,20,54,1664
0.0,6.1,6.104121907152605,360,0.96,4.0,21,54,1665
0.0,5.7,5.875,360,1.0,3.0,22,54,1666
0.0,5.7,5.67824855787278,360,1.0,3.0,23,54,1667
0.0,5.5,5.527275866404783,360,1.0,3.0,24,54,1668
0.0,5.5,6.018740795541013,360,1.0,3.0,1,55,1669
0.0,5.4,6.0,360,1.0,4.0,2,55,1670
0.0,5.4,6.018740795541012,360,1.0,4.0,3,55,1671
0.0,5.3,6.0736860279185585,360,1.0,4.0,4,55,1672
0.0,5.3,6.161091270347399,360,1.0,4.0,5,55,1673
0.0,5.1,6.2749999999999995,360,1.0,4.0,6,55,1674
11.222222222222221,3.6,6.407649525193613,360,1.0,3.0,7,55,1675
56.111111111111114,4.3,6.55,360,1.0,4.0,8,55,1676
246.8888888888889,5.2,6.6923504748063865,360,0.99,4.0,9,55,1677
673.3333333333333,6.8,6.825,360,0.88,6.0,10,55,1678
763.1111111111111,7.4,6.938908729652601,360,0.79,6.0,11,55,1679
392.7777777777778,6.6,7.026313972081441,360,0.93,6.0,12,55,1680
561.1111111111111,8.0,7.081259204458988,360,0.82,6.0,13,55,1681
246.8888888888889,7.9,7.1,360,0.81,5.0,14,55,1682
280.55555555555554,7.9,7.081259204458988,360,0.79,6.0,15,55,1683
157.1111111111111,8.0,7.026313972081441,360,0.72,7.0,16,55,1684
56.111111111111114,7.6,6.938908729652601,360,0.73,7.0,17,55,1685
11.222222222222221,7.3,6.825,360,0.78,5.0,18,55,1686
0.0,7.1,6.6923504748063865,360,0.76,6.0,19,55,1687
0.0,6.6,6.55,360,0.77,5.0,20,55,1688
0.0,5.6,6.407649525193613,360,0.74,5.0,21,55,1689
0.0,3.8,6.275,360,0.77,6.0,22,55,1690
0.0,2.5,6.161091270347399,360,0.83,3.0,23,55,1691
0.0,2.2,6.0736860279185585,360,0.88,3.0,24,55,1692
0.0,1.6,4.335777882396478,360,0.93,3.0,1,56,1693
0.0,0.7,4.299999999999999,360,0.95,3.0,2,56,1694
0.0,0.5,4.335777882396478,360,0.94,2.0,3,56,1695
0.0,0.5,4.440673326026339,360,0.93,3.0,4,56,1696
0.0,0.1,4.607537879754124,360,0.92,4.0,5,56,1697
0.0,-0.4,4.824999999999999,360,0.94,3.0,6,56,1698
0.0,-1.1,5.078240002642353,360,0.95,4.0,7,56,1699
179.55555555555554,0.7,5.35,360,0.9,3.0,8,56,1700
493.7777777777778,3.0,5.621759997357646,360,0.81,5.0,9,56,1701
864.1111111111111,4.9,5.875,360,0.69,6.0,10,56,1702
1077.3333333333335,6.7,6.092462120245875,360,0.62,7.0,11,56,1703
1223.2222222222222,8.0,6.259326673973661,360,0.59,8.0,12,56,1704
1234.4444444444443,8.8,6.364222117603521,360,0.54,7.0,13,56,1705
1155.888888888889,9.6,6.4,360,0.55,7.0,14,56,1706
942.6666666666667,10.1,6.364222117603521,360,0.52,6.0,15,56,1707
639.6666666666667,9.8,6.259326673973661,360,0.52,5.0,16,56,1708
314.2222222222222,8.4,6.092462120245875,360,0.58,5.0,17,56,1709
33.66666666666667,6.5,5.875,360,0.64,4.0,18,56,1710
0.0,5.5,5.621759997357646,360,0.65,2.0,19,56,1711
0.0,3.6,5.35,360,0.75,2.0,20,56,1712
0.0,4.0,5.078240002642353,360,0.72,2.0,21,56,1713
0.0,3.1,4.824999999999999,360,0.76,2.0,22,56,1714
0.0,2.8,4.607537879754124,360,0.77,2.0,23,56,1715
0.0,-0.1,4.440673326026339,360,0.88,1.0,24,56,1716
0.0,-0.8,3.0562223866230376,360,0.92,1.0,1,57,1717
0.0,-1.3,3.0000000000000004,360,0.97,1.0,2,57,1718
0.0,-2.2,3.0562223866230376,360,0.96,2.0,3,57,1719
0.0,-1.1,3.2210580837556764,360,0.98,2.0,4,57,1720
0.0,-1.4,3.4832738110421966,360,0.95,2.0,5,57,1721
0.0,-1.8,3.8249999999999997,360,0.97,2.0,6,57,1722
11.222222222222221,-3.2,4.222948575580841,360,0.99,2.0,7,57,1723
213.22222222222223,0.2,4.65,360,0.95,1.0,8,57,1724
482.5555555555556,3.2,5.077051424419159,360,0.8,2.0,9,57,1725
819.2222222222222,6.6,5.4750000000000005,360,0.7,2.0,10,57,1726
1077.3333333333335,8.8,5.816726188957803,360,0.62,4.0,11,57,1727
1155.888888888889,10.1,6.078941916244324,360,0.55,3.0,12,57,1728
1167.111111111111,10.7,6.243777613376963,360,0.52,4.0,13,57,1729
1066.1111111111113,11.1,6.300000000000001,360,0.47,4.0,14,57,1730
785.5555555555557,10.8,6.243777613376963,360,0.5,4.0,15,57,1731
505.0,10.7,6.078941916244324,360,0.51,4.0,16,57,1732
258.11111111111114,9.1,5.816726188957803,360,0.62,2.0,17,57,1733
44.888888888888886,7.4,5.4750000000000005,360,0.65,2.0,18,57,1734
0.0,6.5,5.077051424419159,360,0.76,3.0,19,57,1735
0.0,5.6,4.65,360,0.81,5.0,20,57,1736
0.0,4.5,4.222948575580841,360,0.87,6.0,21,57,1737
0.0,3.7,3.8250000000000006,360,0.91,4.0,22,57,1738
0.0,2.7,3.483273811042197,360,0.93,2.0,23,57,1739
0.0,2.4,3.2210580837556764,360,0.95,2.0,24,57,1740
0.0,1.4,3.5511112605663975,360,0.98,2.0,1,58,1741
0.0,0.9,3.5,360,1.0,1.0,2,58,1742
0.0,1.2,3.5511112605663975,360,1.0,2.0,3,58,1743
0.0,0.5,3.700961894323342,360,1.0,2.0,4,58,1744
0.0,-0.1,3.939339828220178,360,1.0,1.0,5,58,1745
0.0,0.4,4.249999999999999,360,1.0,2.0,6,58,1746
0.0,0.5,4.611771432346219,360,1.0,1.0,7,58,1747
179.55555555555554,2.4,5.0,360,0.97,1.0,8,58,1748
493.7777777777778,5.5,5.3882285676537816,360,0.82,2.0,9,58,1749
830.4444444444446,7.0,5.75,360,0.77,4.0,10,58,1750
1054.888888888889,8.2,6.060660171779821,360,0.67,5.0,11,58,1751
1200.7777777777778,8.8,6.299038105676658,360,0.62,5.0,12,58,1752
1212.0,10.0,6.4488887394336025,360,0.62,6.0,13,58,1753
1133.4444444444443,11.2,6.5,360,0.58,5.0,14,58,1754
931.4444444444445,11.8,6.4488887394336025,360,0.53,5.0,15,58,1755
650.8888888888889,11.7,6.299038105676658,360,0.56,5.0,16,58,1756
314.2222222222222,10.6,6.060660171779821,360,0.61,5.0,17,58,1757
56.111111111111114,8.3,5.75,360,0.66,4.0,18,58,1758
0.0,7.6,5.3882285676537816,360,0.69,4.0,19,58,1759
0.0,6.5,5.0,360,0.75,2.0,20,58,1760
0.0,5.9,4.611771432346219,360,0.78,3.0,21,58,1761
0.0,6.1,4.25,360,0.74,4.0,22,58,1762
0.0,5.2,3.939339828220179,360,0.79,3.0,23,58,1763
0.0,5.9,3.700961894323342,360,0.75,4.0,24,58,1764
0.0,5.0,4.461333512679678,360,0.78,4.0,1,59,1765
0.0,3.8,4.4,360,0.83,3.0,2,59,1766
0.0,4.2,4.461333512679677,360,0.81,3.0,3,59,1767
0.0,3.4,4.64115427318801,360,0.85,3.0,4,59,1768
0.0,3.5,4.9272077938642145,360,0.84,4.0,5,59,1769
0.0,2.5,5.3,360,0.87,3.0,6,59,1770
0.0,1.9,5.734125718815463,360,0.89,2.0,7,59,1771
190.77777777777777,4.3,6.2,360,0.83,3.0,8,59,1772
527.4444444444445,6.9,6.6658742811845375,360,0.72,3.0,9,59,1773
841.6666666666666,9.3,7.1000000000000005,360,0.65,2.0,10,59,1774
1054.888888888889,12.4,7.472792206135786,360,0.55,3.0,11,59,1775
1189.5555555555557,14.3,7.758845726811989,360,0.48,4.0,12,59,1776
1200.7777777777778,16.2,7.938666487320323,360,0.43,4.0,13,59,1777
1133.4444444444443,17.0,8.0,360,0.36,4.0,14,59,1778
897.7777777777778,16.9,7.938666487320323,360,0.42,2.0,15,59,1779
594.7777777777778,17.1,7.758845726811989,360,0.36,2.0,16,59,1780
280.55555555555554,15.0,7.472792206135786,360,0.47,2.0,17,59,1781
44.888888888888886,12.0,7.1000000000000005,360,0.61,1.0,18,59,1782
0.0,7.9,6.6658742811845375,360,0.79,2.0,19,59,1783
0.0,6.1,6.2,360,0.82,1.0,20,59,1784
0.0,7.3,5.734125718815463,360,0.74,2.0,21,59,1785
0.0,10.2,5.300000000000001,360,0.59,3.0,22,59,1786
0.0,9.6,4.9272077938642145,360,0.67,4.0,23,59,1787
0.0,10.3,4.641154273188011,360,0.67,6.0,24,59,1788
0.0,9.2,6.523851921597652,360,0.72,6.0,1,61,1789
0.0,8.6,6.5,360,0.77,5.0,2,61,1790
0.0,8.2,6.523851921597652,360,0.81,4.0,3,61,1791
0.0,8.3,6.593782217350893,360,0.81,7.0,4,61,1792
0.0,8.0,6.705025253169416,360,0.84,8.0,5,61,1793
0.0,7.2,6.85,360,0.88,6.0,6,61,1794
0.0,7.4,7.018826668428236,360,0.9,4.0,7,61,1795
44.888888888888886,6.2,7.2,360,0.97,6.0,8,61,1796
157.1111111111111,5.7,7.381173331571765,360,0.96,6.0,9,61,1797
347.8888888888889,6.7,7.550000000000001,360,0.89,6.0,10,61,1798
482.5555555555556,7.5,7.694974746830583,360,0.83,6.0,11,61,1799
650.8888888888889,8.3,7.8062177826491075,360,0.79,6.0,12,61,1800
482.5555555555556,9.1,7.876148078402348,360,0.78,6.0,13,61,1801
707.0000000000001,9.9,7.9,360,0.66,8.0,14,61,1802
460.11111111111114,9.1,7.876148078402348,360,0.64,7.0,15,61,1803
123.44444444444446,8.7,7.8062177826491075,360,0.67,6.0,16,61,1804
33.66666666666667,7.9,7.694974746830583,360,0.78,6.0,17,61,1805
11.222222222222221,7.5,7.550000000000001,360,0.82,5.0,18,61,1806
0.0,7.0,7.381173331571765,360,0.86,4.0,19,61,1807
0.0,6.8,7.2,360,0.89,4.0,20,61,1808
0.0,6.5,7.018826668428236,360,0.9,4.0,21,61,1809
0.0,6.2,6.8500000000000005,360,0.92,3.0,22,61,1810
0.0,6.1,6.705025253169417,360,0.96,3.0,23,61,1811
0.0,5.9,6.593782217350893,360,0.98,3.0,24,61,1812
0.0,6.2,6.139185299767571,360,0.96,2.0,1,62,1813
0.0,6.2,6.1,360,0.93,3.0,2,62,1814
0.0,5.8,6.139185299767571,360,0.95,3.0,3,62,1815
0.0,4.9,6.254070785647895,360,0.96,2.0,4,62,1816
0.0,4.0,6.436827201635469,360,0.99,2.0,5,62,1817
0.0,3.8,6.674999999999999,360,1.0,2.0,6,62,1818
11.222222222222221,4.2,6.952358098132101,360,1.0,4.0,7,62,1819
67.33333333333334,4.2,7.25,360,1.0,4.0,8,62,1820
179.55555555555554,4.2,7.547641901867899,360,1.0,4.0,9,62,1821
347.8888888888889,5.5,7.825,360,0.93,4.0,10,62,1822
897.7777777777778,7.8,8.06317279836453,360,0.79,4.0,11,62,1823
1088.5555555555557,8.6,8.245929214352104,360,0.71,5.0,12,62,1824
1054.888888888889,8.8,8.360814700232428,360,0.67,6.0,13,62,1825
1189.5555555555557,9.1,8.4,360,0.58,5.0,14,62,1826
1032.4444444444446,10.1,8.360814700232428,360,0.53,6.0,15,62,1827
830.4444444444446,9.8,8.245929214352104,360,0.55,5.0,16,62,1828
359.1111111111111,9.4,8.06317279836453,360,0.53,4.0,17,62,1829
44.888888888888886,7.2,7.825,360,0.63,3.0,18,62,1830
0.0,3.2,7.547641901867899,360,0.82,1.0,19,62,1831
0.0,2.7,7.25,360,0.85,2.0,20,62,1832
0.0,4.1,6.952358098132101,360,0.74,1.0,21,62,1833
0.0,-0.3,6.675,360,0.9,1.0,22,62,1834
0.0,0.1,6.43682720163547,360,0.92,2.0,23,62,1835
0.0,1.2,6.254070785647896,360,0.87,2.0,24,62,1836
0.0,0.6,4.3442964258242105,360,0.9,2.0,1,63,1837
0.0,0.2,4.299999999999999,360,0.95,1.0,2,63,1838
0.0,-1.8,4.3442964258242105,360,0.96,2.0,3,63,1839
0.0,-1.9,4.474166975080228,360,1.0,2.0,4,63,1840
0.0,-2.1,4.680761184457487,360,1.0,2.0,5,63,1841
0.0,-2.5,4.949999999999999,360,1.0,2.0,6,63,1842
22.444444444444443,-0.8,5.263535241366723,360,1.0,2.0,7,63,1843
258.11111111111114,0.6,5.6,360,1.0,4.0,8,63,1844
527.4444444444445,0.9,5.936464758633277,360,1.0,4.0,9,63,1845
572.3333333333333,3.5,6.25,360,1.0,5.0,10,63,1846
852.8888888888889,6.2,6.519238815542511,360,0.92,5.0,11,63,1847
1189.5555555555557,8.2,6.72583302491977,360,0.67,7.0,12,63,1848
1178.3333333333335,8.8,6.855703574175789,360,0.57,9.0,13,63,1849
864.1111111111111,8.2,6.9,360,0.6,8.0,14,63,1850
594.7777777777778,9.6,6.855703574175789,360,0.61,9.0,15,63,1851
606.0,8.4,6.72583302491977,360,0.63,8.0,16,63,1852
157.1111111111111,7.8,6.519238815542511,360,0.66,8.0,17,63,1853
22.444444444444443,6.6,6.25,360,0.69,7.0,18,63,1854
0.0,5.8,5.936464758633277,360,0.75,8.0,19,63,1855
0.0,5.3,5.6,360,0.76,6.0,20,63,1856
0.0,5.0,5.263535241366723,360,0.78,8.0,21,63,1857
0.0,4.8,4.95,360,0.81,9.0,22,63,1858
0.0,4.2,4.680761184457488,360,0.84,8.0,23,63,1859
0.0,4.4,4.474166975080229,360,0.83,10.0,24,63,1860
0.0,4.2,5.22044450422656,360,0.88,12.0,1,64,1861
0.0,4.0,5.200000000000001,360,0.93,12.0,2,64,1862
0.0,3.5,5.22044450422656,360,0.92,14.0,3,64,1863
0.0,3.6,5.280384757729338,360,0.93,13.0,4,64,1864
0.0,3.9,5.375735931288072,360,0.96,14.0,5,64,1865
0.0,4.0,5.5,360,0.95,16.0,6,64,1866
0.0,3.9,5.644708572938488,360,0.95,15.0,7,64,1867
22.444444444444443,3.8,5.800000000000001,360,0.99,11.0,8,64,1868
67.33333333333334,2.7,5.955291427061513,360,0.95,8.0,9,64,1869
145.88888888888889,3.5,6.1000000000000005,360,0.96,8.0,10,64,1870
886.5555555555555,7.5,6.224264068711929,360,0.83,7.0,11,64,1871
404.0,5.8,6.319615242270664,360,0.85,8.0,12,64,1872
561.1111111111111,6.1,6.379555495773442,360,0.83,7.0,13,64,1873
448.8888888888889,5.9,6.4,360,0.82,10.0,14,64,1874
639.6666666666667,6.6,6.379555495773442,360,0.78,8.0,15,64,1875
583.5555555555555,6.5,6.319615242270664,360,0.64,9.0,16,64,1876
392.7777777777778,5.4,6.224264068711929,360,0.7,8.0,17,64,1877
67.33333333333334,3.3,6.1000000000000005,360,0.78,7.0,18,64,1878
0.0,1.9,5.955291427061513,360,0.84,5.0,19,64,1879
0.0,1.4,5.800000000000001,360,0.89,4.0,20,64,1880
0.0,1.8,5.644708572938488,360,0.9,9.0,21,64,1881
0.0,0.2,5.500000000000001,360,0.98,9.0,22,64,1882
0.0,-0.2,5.375735931288072,360,0.99,4.0,23,64,1883
0.0,0.0,5.280384757729338,360,1.0,4.0,24,64,1884
0.0,-0.1,4.227259338968746,360,1.0,4.0,1,65,1885
0.0,0.0,4.2,360,1.0,6.0,2,65,1886
0.0,-0.1,4.227259338968746,360,1.0,6.0,3,65,1887
0.0,0.5,4.307179676972449,360,1.0,6.0,4,65,1888
0.0,0.8,4.434314575050761,360,1.0,6.0,5,65,1889
0.0,0.9,4.6,360,1.0,6.0,6,65,1890
33.66666666666667,1.1,4.792944763917983,360,1.0,6.0,7,65,1891
157.1111111111111,1.8,5.0,360,1.0,6.0,8,65,1892
235.66666666666669,2.5,5.207055236082017,360,1.0,6.0,9,65,1893
269.33333333333337,3.1,5.4,360,0.98,6.0,10,65,1894
404.0,3.6,5.565685424949238,360,0.95,6.0,11,65,1895
448.8888888888889,4.6,5.692820323027551,360,0.89,4.0,12,65,1896
291.77777777777777,4.3,5.772740661031254,360,0.9,3.0,13,65,1897
213.22222222222223,4.4,5.8,360,0.92,4.0,14,65,1898
482.5555555555556,5.0,5.772740661031254,360,0.86,4.0,15,65,1899
505.0,5.0,5.692820323027551,360,0.82,6.0,16,65,1900
190.77777777777777,6.2,5.565685424949238,360,0.78,5.0,17,65,1901
22.444444444444443,4.2,5.4,360,0.91,6.0,18,65,1902
0.0,4.3,5.207055236082017,360,0.91,6.0,19,65,1903
0.0,4.1,5.0,360,0.89,6.0,20,65,1904
0.0,4.2,4.792944763917983,360,0.91,5.0,21,65,1905
0.0,3.9,4.6000000000000005,360,0.91,6.0,22,65,1906
0.0,3.7,4.434314575050762,360,0.93,6.0,23,65,1907
0.0,3.6,4.307179676972449,360,0.9,8.0,24,65,1908
0.0,3.0,4.340889008453118,360,0.9,7.0,1,66,1909
0.0,3.0,4.3,360,0.94,6.0,2,66,1910
0.0,2.5,4.340889008453118,360,0.93,7.0,3,66,1911
0.0,1.9,4.460769515458673,360,0.92,6.0,4,66,1912
0.0,1.1,4.651471862576143,360,0.92,5.0,5,66,1913
0.0,0.7,4.8999999999999995,360,0.94,5.0,6,66,1914
22.444444444444443,0.7,5.189417145876975,360,0.93,4.0,7,66,1915
258.11111111111114,2.0,5.5,360,0.9,4.0,8,66,1916
594.7777777777778,3.9,5.810582854123025,360,0.82,6.0,9,66,1917
920.2222222222223,5.4,6.1000000000000005,360,0.75,6.0,10,66,1918
942.6666666666667,6.1,6.348528137423857,360,0.69,7.0,11,66,1919
1223.2222222222222,7.5,6.539230484541326,360,0.56,7.0,12,66,1920
1391.5555555555557,7.8,6.659110991546882,360,0.54,8.0,13,66,1921
1279.3333333333335,8.2,6.7,360,0.52,7.0,14,66,1922
1010.0,8.6,6.659110991546882,360,0.5,6.0,15,66,1923
359.1111111111111,7.7,6.539230484541326,360,0.5,5.0,16,66,1924
291.77777777777777,8.2,6.348528137423857,360,0.49,4.0,17,66,1925
56.111111111111114,5.5,6.1000000000000005,360,0.6,2.0,18,66,1926
0.0,4.6,5.810582854123025,360,0.68,3.0,19,66,1927
0.0,2.6,5.5,360,0.8,2.0,20,66,1928
0.0,1.8,5.189417145876975,360,0.85,3.0,21,66,1929
0.0,1.2,4.9,360,0.92,2.0,22,66,1930
0.0,2.1,4.651471862576143,360,0.94,3.0,23,66,1931
0.0,1.6,4.460769515458674,360,0.95,3.0,24,66,1932
0.0,0.9,4.8374815910820255,360,0.94,2.0,1,67,1933
0.0,2.8,4.800000000000001,360,0.92,2.0,2,67,1934
0.0,2.4,4.837481591082025,360,0.94,2.0,3,67,1935
0.0,2.6,4.947372055837118,360,0.95,2.0,4,67,1936
0.0,3.0,5.122182540694798,360,0.92,4.0,5,67,1937
0.0,3.2,5.35,360,0.93,4.0,6,67,1938
11.222222222222221,3.2,5.615299050387228,360,0.99,4.0,7,67,1939
101.0,3.7,5.9,360,1.0,4.0,8,67,1940
291.77777777777777,4.8,6.184700949612774,360,1.0,4.0,9,67,1941
415.2222222222223,5.9,6.45,360,1.0,5.0,10,67,1942
516.2222222222223,6.9,6.677817459305203,360,1.0,5.0,11,67,1943
516.2222222222223,7.4,6.852627944162883,360,0.98,5.0,12,67,1944
325.44444444444446,7.8,6.962518408917976,360,0.96,4.0,13,67,1945
347.8888888888889,8.6,7.0,360,0.93,4.0,14,67,1946
291.77777777777777,8.4,6.962518408917976,360,0.93,4.0,15,67,1947
213.22222222222223,8.7,6.852627944162883,360,0.89,4.0,16,67,1948
145.88888888888889,8.6,6.677817459305203,360,0.87,4.0,17,67,1949
33.66666666666667,7.8,6.45,360,0.89,3.0,18,67,1950
0.0,7.3,6.184700949612774,360,0.91,2.0,19,67,1951
0.0,6.4,5.9,360,0.9,5.0,20,67,1952
0.0,5.3,5.615299050387228,360,0.98,4.0,21,67,1953
0.0,5.5,5.3500000000000005,360,1.0,5.0,22,67,1954
0.0,6.1,5.122182540694798,360,1.0,5.0,23,67,1955
0.0,6.5,4.947372055837118,360,1.0,5.0,24,67,1956
0.0,6.7,6.432370465025386,360,1.0,4.0,1,68,1957
0.0,7.1,6.4,360,1.0,5.0,2,68,1958
0.0,7.5,6.432370465025386,360,1.0,4.0,3,68,1959
0.0,7.5,6.527275866404784,360,1.0,5.0,4,68,1960
0.0,7.7,6.67824855787278,360,1.0,6.0,5,68,1961
0.0,7.5,6.875,360,1.0,5.0,6,68,1962
11.222222222222221,7.7,7.104121907152606,360,0.98,6.0,7,68,1963
157.1111111111111,8.3,7.3500000000000005,360,0.94,8.0,8,68,1964
336.66666666666663,9.3,7.5958780928473955,360,0.9,9.0,9,68,1965
695.7777777777778,10.4,7.825000000000001,360,0.81,12.0,10,68,1966
1021.2222222222222,11.0,8.02175144212722,360,0.78,13.0,11,68,1967
864.1111111111111,10.0,8.172724133595217,360,0.88,13.0,12,68,1968
392.7777777777778,10.0,8.267629534974615,360,0.97,12.0,13,68,1969
291.77777777777777,9.6,8.3,360,1.0,11.0,14,68,1970
325.44444444444446,9.5,8.267629534974615,360,0.96,12.0,15,68,1971
415.2222222222223,9.5,8.172724133595217,360,0.93,9.0,16,68,1972
179.55555555555554,9.6,8.02175144212722,360,0.8,8.0,17,68,1973
44.888888888888886,8.3,7.825000000000001,360,0.77,7.0,18,68,1974
0.0,7.5,7.5958780928473955,360,0.89,8.0,19,68,1975
0.0,6.6,7.3500000000000005,360,0.95,8.0,20,68,1976
0.0,6.3,7.104121907152606,360,0.94,8.0,21,68,1977
0.0,5.4,6.875000000000001,360,0.93,8.0,22,68,1978
0.0,4.9,6.67824855787278,360,0.93,6.0,23,68,1979
0.0,4.8,6.527275866404784,360,0.95,6.0,24,68,1980
0.0,3.9,5.739185299767572,360,0.93,5.0,1,69,1981
0.0,3.1,5.699999999999999,360,0.95,5.0,2,69,1982
0.0,2.7,5.739185299767572,360,0.95,5.0,3,69,1983
0.0,2.1,5.854070785647895,360,0.97,5.0,4,69,1984
0.0,2.5,6.03682720163547,360,0.95,6.0,5,69,1985
0.0,1.9,6.2749999999999995,360,0.94,5.0,6,69,1986
22.444444444444443,2.5,6.552358098132101,360,0.93,6.0,7,69,1987
258.11111111111114,4.0,6.85,360,0.92,5.0,8,69,1988
662.1111111111112,6.4,7.147641901867899,360,0.87,7.0,9,69,1989
864.1111111111111,8.0,7.425,360,0.8,7.0,10,69,1990
998.7777777777778,9.0,7.6631727983645295,360,0.69,7.0,11,69,1991
1043.6666666666665,9.1,7.845929214352104,360,0.59,7.0,12,69,1992
987.5555555555557,9.7,7.960814700232428,360,0.66,8.0,13,69,1993
1200.7777777777778,10.1,8.0,360,0.55,10.0,14,69,1994
1021.2222222222222,10.1,7.960814700232428,360,0.52,8.0,15,69,1995
460.11111111111114,9.7,7.845929214352104,360,0.59,8.0,16,69,1996
202.0,8.7,7.6631727983645295,360,0.66,8.0,17,69,1997
33.66666666666667,7.3,7.425,360,0.8,7.0,18,69,1998
0.0,6.3,7.147641901867899,360,0.86,6.0,19,69,1999
0.0,5.1,6.85,360,0.91,5.0,20,69,2000
0.0,4.1,6.552358098132101,360,0.95,4.0,21,69,2001
0.0,3.1,6.275,360,0.97,3.0,22,69,2002
0.0,3.7,6.03682720163547,360,1.0,4.0,23,69,2003
0.0,4.0,5.854070785647895,360,1.0,4.0,24,69,2004
0.0,4.2,6.022148212912106,360,1.0,4.0,1,70,2005
0.0,3.8,6.0,360,1.0,4.0,2,70,2006
0.0,3.9,6.022148212912106,360,1.0,4.0,3,70,2007
0.0,3.9,6.087083487540115,360,1.0,4.0,4,70,2008
0.0,4.1,6.1903805922287445,360,1.0,6.0,5,70,2009
0.0,4.7,6.325,360,1.0,5.0,6,70,2010
11.222222222222221,5.1,6.481767620683362,360,0.99,5.0,7,70,2011
101.0,6.0,6.65,360,0.96,8.0,8,70,2012
202.0,6.7,6.818232379316639,360,0.91,9.0,9,70,2013
291.77777777777777,7.8,6.9750000000000005,360,0.81,11.0,10,70,2014
370.33333333333337,8.4,7.109619407771256,360,0.79,10.0,11,70,2015
437.6666666666667,7.9,7.212916512459885,360,0.86,12.0,12,70,2016
359.1111111111111,7.6,7.2778517870878945,360,0.99,12.0,13,70,2017
359.1111111111111,7.6,7.300000000000001,360,1.0,10.0,14,70,2018
246.8888888888889,7.8,7.2778517870878945,360,1.0,10.0,15,70,2019
168.33333333333331,8.2,7.212916512459885,360,1.0,11.0,16,70,2020
67.33333333333334,8.9,7.109619407771256,360,1.0,10.0,17,70,2021
78.55555555555554,8.7,6.9750000000000005,360,0.99,9.0,18,70,2022
0.0,8.4,6.818232379316639,360,1.0,8.0,19,70,2023
0.0,7.4,6.65,360,1.0,7.0,20,70,2024
0.0,7.2,6.481767620683362,360,1.0,6.0,21,70,2025
0.0,7.0,6.325,360,1.0,5.0,22,70,2026
0.0,6.3,6.1903805922287445,360,1.0,4.0,23,70,2027
0.0,5.6,6.087083487540116,360,1.0,3.0,24,70,2028
0.0,5.6,6.056222386623038,360,1.0,3.0,1,71,2029
0.0,5.4,6.0,360,1.0,3.0,2,71,2030
0.0,4.3,6.056222386623038,360,1.0,2.0,3,71,2031
0.0,3.1,6.2210580837556755,360,1.0,2.0,4,71,2032
0.0,2.5,6.483273811042196,360,1.0,2.0,5,71,2033
0.0,3.0,6.824999999999999,360,1.0,2.0,6,71,2034
11.222222222222221,4.5,7.222948575580841,360,1.0,2.0,7,71,2035
134.66666666666669,5.4,7.65,360,1.0,2.0,8,71,2036
359.1111111111111,6.6,8.07705142441916,360,1.0,2.0,9,71,2037
830.4444444444446,9.0,8.475000000000001,360,0.91,3.0,10,71,2038
1077.3333333333335,10.7,8.816726188957805,360,0.76,3.0,11,71,2039
1155.888888888889,11.0,9.078941916244325,360,0.63,4.0,12,71,2040
1223.2222222222222,12.3,9.243777613376963,360,0.58,3.0,13,71,2041
942.6666666666667,11.6,9.3,360,0.62,4.0,14,71,2042
808.0,12.0,9.243777613376963,360,0.63,4.0,15,71,2043
808.0,12.3,9.078941916244325,360,0.61,4.0,16,71,2044
437.6666666666667,11.7,8.816726188957805,360,0.62,4.0,17,71,2045
89.77777777777777,8.9,8.475000000000001,360,0.78,3.0,18,71,2046
0.0,6.1,8.07705142441916,360,0.93,1.0,19,71,2047
0.0,5.3,7.65,360,0.98,1.0,20,71,2048
0.0,3.8,7.222948575580841,360,0.97,2.0,21,71,2049
0.0,3.2,6.825,360,1.0,1.0,22,71,2050
0.0,3.2,6.483273811042197,360,1.0,2.0,23,71,2051
0.0,4.4,6.221058083755676,360,1.0,2.0,24,71,2052
0.0,3.5,5.9647409300507706,360,1.0,1.0,1,72,2053
0.0,2.9,5.9,360,1.0,1.0,2,72,2054
0.0,1.8,5.9647409300507706,360,1.0,2.0,3,72,2055
0.0,1.6,6.1545517328095665,360,1.0,1.0,4,72,2056
0.0,1.0,6.4564971157455595,360,1.0,1.0,5,72,2057
0.0,0.4,6.85,360,1.0,2.0,6,72,2058
44.888888888888886,1.2,7.308243814305211,360,1.0,1.0,7,72,2059
246.8888888888889,4.5,7.8,360,1.0,1.0,8,72,2060
617.2222222222222,9.0,8.291756185694789,360,0.91,2.0,9,72,2061
931.4444444444445,10.9,8.75,360,0.79,2.0,10,72,2062
987.5555555555557,11.9,9.14350288425444,360,0.68,3.0,11,72,2063
1122.2222222222222,13.1,9.445448267190432,360,0.64,4.0,12,72,2064
1099.7777777777778,14.2,9.635259069949228,360,0.62,3.0,13,72,2065
1066.1111111111113,14.0,9.7,360,0.63,3.0,14,72,2066
987.5555555555557,15.0,9.635259069949228,360,0.55,3.0,15,72,2067
561.1111111111111,14.3,9.445448267190432,360,0.62,3.0,16,72,2068
280.55555555555554,13.9,9.14350288425444,360,0.7,2.0,17,72,2069
89.77777777777777,11.5,8.75,360,0.75,1.0,18,72,2070
0.0,7.5,8.291756185694789,360,1.0,1.0,19,72,2071
0.0,7.1,7.8,360,0.98,1.0,20,72,2072
0.0,7.2,7.308243814305211,360,0.94,1.0,21,72,2073
0.0,7.6,6.8500000000000005,360,0.96,2.0,22,72,2074
0.0,7.2,6.4564971157455595,360,0.96,2.0,23,72,2075
0.0,6.0,6.1545517328095665,360,1.0,2.0,24,72,2076
0.0,6.1,6.468148347421864,360,1.0,1.0,1,73,2077
0.0,5.9,6.4,360,1.0,1.0,2,73,2078
0.0,5.5,6.468148347421864,360,1.0,1.0,3,73,2079
0.0,4.1,6.667949192431123,360,1.0,1.0,4,73,2080
0.0,4.0,6.9857864376269045,360,1.0,1.0,5,73,2081
0.0,3.2,7.3999999999999995,360,1.0,1.0,6,73,2082
33.66666666666667,2.4,7.882361909794959,360,1.0,0.0,7,73,2083
280.55555555555554,5.8,8.4,360,1.0,2.0,8,73,2084
628.4444444444443,8.5,8.917638090205042,360,0.94,3.0,9,73,2085
886.5555555555555,11.5,9.4,360,0.75,4.0,10,73,2086
1043.6666666666665,13.7,9.814213562373096,360,0.7,4.0,11,73,2087
1234.4444444444443,15.6,10.132050807568877,360,0.57,3.0,12,73,2088
1167.111111111111,16.5,10.331851652578138,360,0.53,3.0,13,73,2089
1178.3333333333335,17.8,10.4,360,0.5,3.0,14,73,2090
953.8888888888889,17.9,10.331851652578138,360,0.49,3.0,15,73,2091
673.3333333333333,18.0,10.132050807568877,360,0.48,2.0,16,73,2092
426.44444444444446,17.1,9.814213562373096,360,0.54,2.0,17,73,2093
123.44444444444446,15.3,9.4,360,0.57,1.0,18,73,2094
0.0,10.5,8.917638090205042,360,0.91,1.0,19,73,2095
0.0,7.7,8.4,360,0.93,2.0,20,73,2096
0.0,9.0,7.882361909794959,360,0.85,2.0,21,73,2097
0.0,9.4,7.4,360,0.8,1.0,22,73,2098
0.0,9.1,6.985786437626905,360,0.77,1.0,23,73,2099
0.0,7.9,6.667949192431123,360,0.83,2.0,24,73,2100
0.0,7.4,7.623851921597653,360,0.86,2.0,1,74,2101
0.0,8.3,7.6000000000000005,360,0.79,2.0,2,74,2102
0.0,7.9,7.623851921597653,360,0.84,4.0,3,74,2103
0.0,6.2,7.693782217350893,360,0.92,4.0,4,74,2104
0.0,6.1,7.805025253169417,360,1.0,7.0,5,74,2105
0.0,6.5,7.95,360,1.0,10.0,6,74,2106
22.444444444444443,6.5,8.118826668428236,360,1.0,8.0,7,74,2107
145.88888888888889,6.9,8.3,360,1.0,6.0,8,74,2108
179.55555555555554,7.2,8.481173331571766,360,1.0,6.0,9,74,2109
168.33333333333331,7.5,8.65,360,1.0,5.0,10,74,2110
246.8888888888889,8.4,8.794974746830585,360,1.0,4.0,11,74,2111
303.0,8.7,8.906217782649108,360,1.0,6.0,12,74,2112
179.55555555555554,8.8,8.976148078402348,360,1.0,5.0,13,74,2113
224.44444444444446,9.5,9.0,360,1.0,4.0,14,74,2114
336.66666666666663,10.4,8.976148078402348,360,1.0,4.0,15,74,2115
213.22222222222223,10.5,8.906217782649108,360,1.0,4.0,16,74,2116
78.55555555555554,10.3,8.794974746830585,360,1.0,3.0,17,74,2117
11.222222222222221,10.0,8.65,360,1.0,4.0,18,74,2118
0.0,9.7,8.481173331571766,360,1.0,2.0,19,74,2119
0.0,9.5,8.3,360,0.92,2.0,20,74,2120
0.0,9.2,8.118826668428236,360,0.98,3.0,21,74,2121
0.0,8.7,7.950000000000001,360,0.87,4.0,22,74,2122
0.0,7.8,7.8050252531694175,360,0.9,3.0,23,74,2123
0.0,7.9,7.693782217350893,360,0.85,3.0,24,74,2124
0.0,7.2,7.446000134509758,360,0.79,4.0,1,75,2125
0.0,6.5,7.4,360,0.83,5.0,2,75,2126
0.0,5.6,7.446000134509758,360,0.9,4.0,3,75,2127
0.0,4.9,7.580865704891008,360,0.95,4.0,4,75,2128
0.0,3.9,7.795405845398161,360,0.98,4.0,5,75,2129
0.0,3.3,8.075,360,1.0,3.0,6,75,2130
56.111111111111114,3.0,8.400594289111597,360,1.0,2.0,7,75,2131
392.7777777777778,5.1,8.75,360,0.97,4.0,8,75,2132
718.2222222222222,8.0,9.099405710888403,360,0.77,5.0,9,75,2133
1021.2222222222222,9.7,9.425,360,0.68,4.0,10,75,2134
1256.8888888888887,11.0,9.704594154601839,360,0.58,6.0,11,75,2135
1380.3333333333333,11.7,9.919134295108993,360,0.59,5.0,12,75,2136
1335.4444444444443,12.4,10.053999865490242,360,0.56,6.0,13,75,2137
1313.0,13.5,10.1,360,0.57,6.0,14,75,2138
1144.6666666666665,13.6,10.053999865490242,360,0.54,7.0,15,75,2139
796.7777777777777,13.3,9.919134295108993,360,0.56,6.0,16,75,2140
448.8888888888889,12.3,9.704594154601839,360,0.57,7.0,17,75,2141
101.0,9.8,9.425,360,0.66,5.0,18,75,2142
0.0,8.1,9.099405710888403,360,0.7,3.0,19,75,2143
0.0,6.5,8.75,360,0.8,2.0,20,75,2144
0.0,7.1,8.400594289111597,360,0.78,3.0,21,75,2145
0.0,7.1,8.075000000000001,360,0.78,3.0,22,75,2146
0.0,6.9,7.795405845398161,360,0.79,4.0,23,75,2147
0.0,6.6,7.580865704891008,360,0.8,4.0,24,75,2148
0.0,5.8,6.944296425824211,360,0.83,4.0,1,76,2149
0.0,5.1,6.8999999999999995,360,0.84,3.0,2,76,2150
0.0,4.9,6.944296425824211,360,0.85,3.0,3,76,2151
0.0,3.9,7.074166975080229,360,0.87,2.0,4,76,2152
0.0,3.8,7.2807611844574875,360,0.89,2.0,5,76,2153
0.0,2.9,7.549999999999999,360,0.93,2.0,6,76,2154
78.55555555555554,4.4,7.863535241366723,360,0.9,3.0,7,76,2155
370.33333333333337,7.0,8.2,360,0.8,4.0,8,76,2156
729.4444444444443,8.9,8.536464758633276,360,0.73,6.0,9,76,2157
1032.4444444444446,10.6,8.85,360,0.64,7.0,10,76,2158
1245.6666666666665,12.1,9.119238815542511,360,0.6,8.0,11,76,2159
1335.4444444444443,13.0,9.325833024919769,360,0.52,9.0,12,76,2160
1256.8888888888887,13.6,9.455703574175788,360,0.53,9.0,13,76,2161
1290.5555555555554,14.4,9.5,360,0.53,9.0,14,76,2162
864.1111111111111,14.2,9.455703574175788,360,0.53,8.0,15,76,2163
471.33333333333337,14.4,9.325833024919769,360,0.49,8.0,16,76,2164
392.7777777777778,13.5,9.119238815542511,360,0.52,8.0,17,76,2165
123.44444444444446,11.4,8.85,360,0.6,7.0,18,76,2166
0.0,10.7,8.536464758633276,360,0.61,4.0,19,76,2167
0.0,8.8,8.2,360,0.69,4.0,20,76,2168
0.0,7.1,7.863535241366723,360,0.77,3.0,21,76,2169
0.0,8.0,7.55,360,0.74,4.0,22,76,2170
0.0,7.7,7.2807611844574875,360,0.76,4.0,23,76,2171
0.0,7.4,7.074166975080229,360,0.79,5.0,24,76,2172
0.0,6.8,7.151111260566397,360,0.83,5.0,1,77,2173
0.0,6.0,7.1,360,0.88,4.0,2,77,2174
0.0,5.1,7.151111260566397,360,0.91,4.0,3,77,2175
0.0,5.1,7.300961894323342,360,0.91,3.0,4,77,2176
0.0,3.5,7.539339828220178,360,0.96,2.0,5,77,2177
0.0,4.0,7.849999999999999,360,0.96,4.0,6,77,2178
89.77777777777777,4.8,8.211771432346218,360,0.94,3.0,7,77,2179
392.7777777777778,6.7,8.6,360,0.87,4.0,8,77,2180
740.6666666666667,9.0,8.988228567653781,360,0.77,5.0,9,77,2181
1032.4444444444446,10.9,9.35,360,0.7,7.0,10,77,2182
1245.6666666666665,12.8,9.66066017177982,360,0.64,9.0,11,77,2183
1301.7777777777778,14.4,9.899038105676658,360,0.57,8.0,12,77,2184
1324.2222222222224,15.5,10.048888739433602,360,0.52,8.0,13,77,2185
1324.2222222222224,16.2,10.1,360,0.53,8.0,14,77,2186
931.4444444444445,16.5,10.048888739433602,360,0.44,8.0,15,77,2187
471.33333333333337,16.4,9.899038105676658,360,0.48,8.0,16,77,2188
415.2222222222223,15.5,9.66066017177982,360,0.48,8.0,17,77,2189
145.88888888888889,14.1,9.35,360,0.5,6.0,18,77,2190
0.0,12.6,8.988228567653781,360,0.55,6.0,19,77,2191
0.0,11.3,8.6,360,0.59,5.0,20,77,2192
0.0,11.6,8.211771432346218,360,0.58,5.0,21,77,2193
0.0,10.9,7.85,360,0.61,6.0,22,77,2194
0.0,9.5,7.539339828220179,360,0.7,7.0,23,77,2195
0.0,9.1,7.300961894323342,360,0.73,6.0,24,77,2196
0.0,8.2,7.651111260566397,360,0.76,7.0,1,78,2197
0.0,7.5,7.6,360,0.8,6.0,2,78,2198
0.0,6.7,7.651111260566397,360,0.83,5.0,3,78,2199
0.0,6.1,7.800961894323342,360,0.86,5.0,4,78,2200
0.0,5.0,8.039339828220179,360,0.9,4.0,5,78,2201
0.0,4.7,8.35,360,0.92,4.0,6,78,2202
89.77777777777777,5.4,8.711771432346218,360,0.88,5.0,7,78,2203
426.44444444444446,7.9,9.1,360,0.77,6.0,8,78,2204
774.3333333333333,10.1,9.488228567653781,360,0.66,6.0,9,78,2205
1066.1111111111113,12.6,9.85,360,0.59,7.0,10,78,2206
1256.8888888888887,15.1,10.16066017177982,360,0.56,6.0,11,78,2207
1335.4444444444443,16.4,10.399038105676658,360,0.48,6.0,12,78,2208
1346.6666666666665,16.5,10.548888739433602,360,0.41,8.0,13,78,2209
1369.1111111111113,17.2,10.6,360,0.42,8.0,14,78,2210
965.1111111111112,17.6,10.548888739433602,360,0.44,8.0,15,78,2211
471.33333333333337,17.3,10.399038105676658,360,0.45,8.0,16,78,2212
426.44444444444446,16.4,10.16066017177982,360,0.42,8.0,17,78,2213
157.1111111111111,14.5,9.85,360,0.43,6.0,18,78,2214
0.0,12.5,9.488228567653781,360,0.46,4.0,19,78,2215
0.0,11.1,9.1,360,0.51,4.0,20,78,2216
0.0,10.6,8.711771432346218,360,0.52,3.0,21,78,2217
0.0,9.2,8.35,360,0.57,3.0,22,78,2218
0.0,8.1,8.039339828220179,360,0.65,3.0,23,78,2219
0.0,7.7,7.800961894323342,360,0.66,4.0,24,78,2220
0.0,6.9,7.046000134509757,360,0.67,4.0,1,79,2221
0.0,5.3,7.0,360,0.72,3.0,2,79,2222
0.0,4.0,7.046000134509757,360,0.75,2.0,3,79,2223
0.0,4.0,7.180865704891008,360,0.73,2.0,4,79,2224
0.0,3.7,7.395405845398161,360,0.73,2.0,5,79,2225
0.0,3.0,7.674999999999999,360,0.74,2.0,6,79,2226
101.0,3.3,8.000594289111596,360,0.77,2.0,7,79,2227
460.11111111111114,6.9,8.35,360,0.65,4.0,8,79,2228
808.0,10.8,8.699405710888403,360,0.47,6.0,9,79,2229
1099.7777777777778,12.8,9.025,360,0.45,7.0,10,79,2230
1313.0,14.0,9.304594154601839,360,0.4,8.0,11,79,2231
1391.5555555555557,15.2,9.51913429510899,360,0.33,9.0,12,79,2232
1402.7777777777778,15.8,9.653999865490242,360,0.32,9.0,13,79,2233
1380.3333333333333,16.3,9.7,360,0.28,9.0,14,79,2234
953.8888888888889,16.0,9.653999865490242,360,0.28,10.0,15,79,2235
493.7777777777778,15.7,9.51913429510899,360,0.25,9.0,16,79,2236
415.2222222222223,15.0,9.304594154601839,360,0.27,8.0,17,79,2237
157.1111111111111,12.8,9.025,360,0.3,8.0,18,79,2238
0.0,10.1,8.699405710888403,360,0.38,4.0,19,79,2239
0.0,8.9,8.35,360,0.4,3.0,20,79,2240
0.0,7.8,8.000594289111596,360,0.43,3.0,21,79,2241
0.0,8.6,7.675,360,0.43,6.0,22,79,2242
0.0,7.7,7.395405845398161,360,0.48,6.0,23,79,2243
0.0,6.5,7.180865704891008,360,0.52,5.0,24,79,2244
0.0,6.6,6.634074173710932,360,0.53,5.0,1,80,2245
0.0,5.4,6.6,360,0.62,5.0,2,80,2246
0.0,4.2,6.634074173710931,360,0.69,5.0,3,80,2247
0.0,4.2,6.73397459621556,360,0.69,4.0,4,80,2248
0.0,3.9,6.892893218813452,360,0.68,6.0,5,80,2249
0.0,3.4,7.1,360,0.67,6.0,6,80,2250
112.22222222222223,4.0,7.341180954897479,360,0.64,7.0,7,80,2251
471.33333333333337,5.5,7.6,360,0.58,9.0,8,80,2252
808.0,7.2,7.85881904510252,360,0.49,10.0,9,80,2253
1122.2222222222222,8.9,8.1,360,0.41,12.0,10,80,2254
1335.4444444444443,9.9,8.307106781186548,360,0.39,10.0,11,80,2255
1301.7777777777778,11.3,8.466025403784439,360,0.34,10.0,12,80,2256
1290.5555555555554,11.9,8.565925826289067,360,0.32,10.0,13,80,2257
1414.0000000000002,12.5,8.6,360,0.28,10.0,14,80,2258
987.5555555555557,12.1,8.565925826289067,360,0.25,10.0,15,80,2259
493.7777777777778,11.8,8.466025403784439,360,0.25,10.0,16,80,2260
448.8888888888889,11.3,8.307106781186548,360,0.29,10.0,17,80,2261
190.77777777777777,9.0,8.1,360,0.32,8.0,18,80,2262
0.0,7.6,7.85881904510252,360,0.35,7.0,19,80,2263
0.0,6.7,7.6,360,0.42,6.0,20,80,2264
0.0,6.2,7.341180954897479,360,0.45,8.0,21,80,2265
0.0,5.3,7.1,360,0.43,10.0,22,80,2266
0.0,3.8,6.892893218813452,360,0.47,6.0,23,80,2267
0.0,3.0,6.733974596215561,360,0.47,6.0,24,80,2268
0.0,2.5,5.340889008453118,360,0.48,6.0,1,81,2269
0.0,1.5,5.3,360,0.51,5.0,2,81,2270
0.0,1.0,5.340889008453118,360,0.52,6.0,3,81,2271
0.0,-0.1,5.460769515458673,360,0.56,5.0,4,81,2272
0.0,-0.4,5.651471862576143,360,0.57,4.0,5,81,2273
0.0,-0.9,5.8999999999999995,360,0.58,5.0,6,81,2274
123.44444444444446,0.4,6.189417145876975,360,0.55,6.0,7,81,2275
482.5555555555556,2.6,6.5,360,0.49,7.0,8,81,2276
819.2222222222222,4.8,6.810582854123025,360,0.43,9.0,9,81,2277
1122.2222222222222,6.0,7.1000000000000005,360,0.4,10.0,10,81,2278
1335.4444444444443,7.4,7.348528137423857,360,0.31,10.0,11,81,2279
1414.0000000000002,8.8,7.539230484541326,360,0.36,10.0,12,81,2280
1402.7777777777778,9.5,7.659110991546882,360,0.3,10.0,13,81,2281
1402.7777777777778,10.2,7.7,360,0.31,10.0,14,81,2282
976.3333333333333,10.6,7.659110991546882,360,0.26,9.0,15,81,2283
493.7777777777778,10.6,7.539230484541326,360,0.26,9.0,16,81,2284
448.8888888888889,10.1,7.348528137423857,360,0.29,8.0,17,81,2285
179.55555555555554,8.1,7.1000000000000005,360,0.37,8.0,18,81,2286
0.0,6.2,6.810582854123025,360,0.45,6.0,19,81,2287
0.0,5.4,6.5,360,0.48,4.0,20,81,2288
0.0,4.4,6.189417145876975,360,0.52,4.0,21,81,2289
0.0,3.2,5.9,360,0.57,3.0,22,81,2290
0.0,2.8,5.651471862576143,360,0.57,3.0,23,81,2291
0.0,2.3,5.460769515458674,360,0.59,2.0,24,81,2292
0.0,2.3,4.6664446387363165,360,0.57,1.0,1,82,2293
0.0,2.0,4.6,360,0.59,2.0,2,82,2294
0.0,0.0,4.6664446387363165,360,0.7,2.0,3,82,2295
0.0,0.0,4.861250462620344,360,0.71,2.0,4,82,2296
0.0,-0.5,5.171141776686231,360,0.71,1.0,5,82,2297
0.0,-0.5,5.574999999999999,360,0.74,2.0,6,82,2298
123.44444444444446,0.7,6.045302862050084,360,0.76,4.0,7,82,2299
460.11111111111114,3.0,6.55,360,0.7,4.0,8,82,2300
796.7777777777777,6.0,7.0546971379499155,360,0.61,4.0,9,82,2301
1099.7777777777778,8.1,7.525,360,0.52,4.0,10,82,2302
1313.0,10.6,7.928858223313767,360,0.41,6.0,11,82,2303
1357.8888888888891,12.0,8.238749537379656,360,0.47,7.0,12,82,2304
1335.4444444444443,12.8,8.433555361263682,360,0.46,8.0,13,82,2305
1301.7777777777778,13.0,8.5,360,0.45,8.0,14,82,2306
931.4444444444445,13.4,8.433555361263682,360,0.46,7.0,15,82,2307
561.1111111111111,13.5,8.238749537379656,360,0.49,7.0,16,82,2308
392.7777777777778,12.7,7.928858223313767,360,0.54,7.0,17,82,2309
134.66666666666669,10.2,7.525,360,0.57,7.0,18,82,2310
0.0,9.0,7.0546971379499155,360,0.63,5.0,19,82,2311
0.0,6.8,6.55,360,0.68,5.0,20,82,2312
0.0,5.8,6.045302862050084,360,0.76,3.0,21,82,2313
0.0,4.7,5.575,360,0.8,3.0,22,82,2314
0.0,3.9,5.171141776686232,360,0.86,2.0,23,82,2315
0.0,4.4,4.861250462620344,360,0.85,2.0,24,82,2316
0.0,2.6,5.37496318216405,360,0.92,2.0,1,83,2317
0.0,1.6,5.300000000000001,360,0.94,1.0,2,83,2318
0.0,1.7,5.37496318216405,360,0.98,1.0,3,83,2319
0.0,0.5,5.594744111674235,360,0.99,2.0,4,83,2320
0.0,0.0,5.944365081389595,360,1.0,2.0,5,83,2321
0.0,-0.2,6.3999999999999995,360,1.0,2.0,6,83,2322
112.22222222222223,0.5,6.930598100774454,360,1.0,2.0,7,83,2323
426.44444444444446,3.9,7.5,360,1.0,2.0,8,83,2324
785.5555555555557,6.8,8.069401899225545,360,0.8,2.0,9,83,2325
1077.3333333333335,8.9,8.6,360,0.68,2.0,10,83,2326
1256.8888888888887,10.8,9.055634918610405,360,0.65,4.0,11,83,2327
1357.8888888888891,12.4,9.405255888325765,360,0.54,5.0,12,83,2328
1357.8888888888891,13.8,9.62503681783595,360,0.51,5.0,13,83,2329
1346.6666666666665,14.9,9.7,360,0.45,6.0,14,83,2330
953.8888888888889,14.9,9.62503681783595,360,0.53,6.0,15,83,2331
538.6666666666667,15.0,9.405255888325765,360,0.5,7.0,16,83,2332
460.11111111111114,14.1,9.055634918610405,360,0.48,6.0,17,83,2333
157.1111111111111,11.1,8.6,360,0.69,6.0,18,83,2334
0.0,9.1,8.069401899225545,360,0.79,5.0,19,83,2335
0.0,7.8,7.5,360,0.81,5.0,20,83,2336
0.0,6.6,6.930598100774454,360,0.86,6.0,21,83,2337
0.0,6.0,6.4,360,0.91,6.0,22,83,2338
0.0,5.5,5.944365081389596,360,0.97,6.0,23,83,2339
0.0,4.9,5.594744111674235,360,1.0,4.0,24,83,2340
0.0,5.7,7.139185299767571,360,0.95,4.0,1,84,2341
0.0,4.9,7.1,360,1.0,5.0,2,84,2342
0.0,5.3,7.139185299767571,360,1.0,6.0,3,84,2343
0.0,6.9,7.254070785647895,360,0.83,7.0,4,84,2344
0.0,6.1,7.436827201635469,360,0.72,9.0,5,84,2345
0.0,4.6,7.674999999999999,360,0.71,8.0,6,84,2346
145.88888888888889,4.7,7.952358098132101,360,0.71,7.0,7,84,2347
505.0,6.0,8.25,360,0.64,8.0,8,84,2348
852.8888888888889,6.9,8.547641901867898,360,0.58,10.0,9,84,2349
1122.2222222222222,8.1,8.825000000000001,360,0.54,10.0,10,84,2350
1380.3333333333333,8.9,9.06317279836453,360,0.51,9.0,11,84,2351
1335.4444444444443,8.8,9.245929214352104,360,0.47,9.0,12,84,2352
1313.0,9.9,9.360814700232428,360,0.44,8.0,13,84,2353
1391.5555555555557,10.8,9.4,360,0.43,10.0,14,84,2354
998.7777777777778,10.7,9.360814700232428,360,0.43,10.0,15,84,2355
538.6666666666667,10.6,9.245929214352104,360,0.37,7.0,16,84,2356
471.33333333333337,10.4,9.06317279836453,360,0.41,7.0,17,84,2357
190.77777777777777,9.1,8.825000000000001,360,0.48,6.0,18,84,2358
0.0,6.4,8.547641901867898,360,0.59,3.0,19,84,2359
0.0,5.5,8.25,360,0.61,2.0,20,84,2360
0.0,5.3,7.952358098132101,360,0.61,2.0,21,84,2361
0.0,4.7,7.675,360,0.63,2.0,22,84,2362
0.0,4.3,7.43682720163547,360,0.67,2.0,23,84,2363
0.0,1.2,7.254070785647896,360,0.81,4.0,24,84,2364
0.0,0.3,6.134074173710932,360,0.88,2.0,1,85,2365
0.0,0.1,6.1,360,0.89,4.0,2,85,2366
0.0,0.8,6.134074173710931,360,0.95,4.0,3,85,2367
0.0,0.4,6.23397459621556,360,0.97,4.0,4,85,2368
0.0,1.9,6.392893218813452,360,1.0,5.0,5,85,2369
0.0,2.6,6.6,360,1.0,4.0,6,85,2370
78.55555555555554,2.7,6.841180954897479,360,1.0,5.0,7,85,2371
179.55555555555554,4.4,7.1,360,1.0,8.0,8,85,2372
269.33333333333337,5.5,7.35881904510252,360,0.97,8.0,9,85,2373
258.11111111111114,6.7,7.6,360,0.97,8.0,10,85,2374
325.44444444444446,7.5,7.8071067811865476,360,0.94,11.0,11,85,2375
359.1111111111111,8.4,7.966025403784438,360,0.97,9.0,12,85,2376
538.6666666666667,9.8,8.065925826289067,360,0.86,10.0,13,85,2377
415.2222222222223,9.1,8.1,360,0.87,11.0,14,85,2378
359.1111111111111,10.0,8.065925826289067,360,0.81,10.0,15,85,2379
314.2222222222222,10.3,7.966025403784438,360,0.74,8.0,16,85,2380
224.44444444444446,9.8,7.8071067811865476,360,0.74,10.0,17,85,2381
44.888888888888886,8.5,7.6,360,0.83,8.0,18,85,2382
0.0,7.3,7.35881904510252,360,0.86,4.0,19,85,2383
0.0,7.2,7.1,360,0.84,4.0,20,85,2384
0.0,6.4,6.841180954897479,360,0.9,4.0,21,85,2385
0.0,5.7,6.6,360,0.91,4.0,22,85,2386
0.0,4.9,6.392893218813452,360,0.96,3.0,23,85,2387
0.0,5.5,6.233974596215561,360,0.86,2.0,24,85,2388
0.0,2.9,6.046000134509757,360,0.98,2.0,1,86,2389
0.0,2.8,6.0,360,1.0,2.0,2,86,2390
0.0,2.2,6.046000134509757,360,1.0,3.0,3,86,2391
0.0,2.0,6.180865704891008,360,1.0,3.0,4,86,2392
0.0,1.9,6.395405845398161,360,1.0,4.0,5,86,2393
0.0,1.2,6.674999999999999,360,1.0,4.0,6,86,2394
123.44444444444446,2.2,7.000594289111596,360,1.0,3.0,7,86,2395
415.2222222222223,4.6,7.35,360,1.0,4.0,8,86,2396
650.8888888888889,7.3,7.699405710888403,360,0.89,5.0,9,86,2397
639.6666666666667,8.2,8.025,360,0.78,8.0,10,86,2398
482.5555555555556,8.7,8.304594154601839,360,0.79,8.0,11,86,2399
1010.0,10.9,8.51913429510899,360,0.68,8.0,12,86,2400
931.4444444444445,10.3,8.653999865490242,360,0.68,10.0,13,86,2401
617.2222222222222,10.3,8.7,360,0.69,9.0,14,86,2402
527.4444444444445,10.5,8.653999865490242,360,0.65,10.0,15,86,2403
381.55555555555554,9.5,8.51913429510899,360,0.7,11.0,16,86,2404
123.44444444444446,9.3,8.304594154601839,360,0.71,9.0,17,86,2405
67.33333333333334,8.6,8.025,360,0.77,10.0,18,86,2406
11.222222222222221,8.2,7.699405710888403,360,0.77,9.0,19,86,2407
0.0,8.2,7.35,360,0.77,8.0,20,86,2408
0.0,7.9,7.000594289111596,360,0.81,8.0,21,86,2409
0.0,7.6,6.675,360,0.84,9.0,22,86,2410
0.0,7.3,6.395405845398161,360,0.91,8.0,23,86,2411
0.0,6.9,6.180865704891008,360,0.95,8.0,24,86,2412
0.0,6.7,7.7340741737109315,360,1.0,8.0,1,87,2413
0.0,7.0,7.699999999999999,360,1.0,8.0,2,87,2414
0.0,7.3,7.7340741737109315,360,1.0,8.0,3,87,2415
0.0,7.7,7.833974596215561,360,1.0,8.0,4,87,2416
0.0,7.6,7.992893218813451,360,1.0,5.0,5,87,2417
0.0,7.1,8.2,360,1.0,5.0,6,87,2418
112.22222222222223,7.5,8.44118095489748,360,0.97,5.0,7,87,2419
202.0,7.9,8.7,360,0.93,5.0,8,87,2420
415.2222222222223,8.5,8.95881904510252,360,0.8,7.0,9,87,2421
684.5555555555557,9.6,9.2,360,0.72,8.0,10,87,2422
909.0,10.5,9.407106781186547,360,0.63,8.0,11,87,2423
852.8888888888889,10.6,9.566025403784437,360,0.57,9.0,12,87,2424
718.2222222222222,10.6,9.665925826289067,360,0.59,9.0,13,87,2425
650.8888888888889,10.5,9.7,360,0.67,8.0,14,87,2426
639.6666666666667,10.1,9.665925826289067,360,0.67,8.0,15,87,2427
314.2222222222222,9.9,9.566025403784437,360,0.68,8.0,16,87,2428
224.44444444444446,8.5,9.407106781186547,360,0.77,8.0,17,87,2429
78.55555555555554,8.3,9.2,360,0.72,8.0,18,87,2430
0.0,8.1,8.95881904510252,360,0.78,8.0,19,87,2431
0.0,7.8,8.7,360,0.81,8.0,20,87,2432
0.0,7.4,8.44118095489748,360,0.82,7.0,21,87,2433
0.0,7.3,8.2,360,0.84,6.0,22,87,2434
0.0,7.3,7.992893218813452,360,0.86,10.0,23,87,2435
0.0,7.2,7.833974596215561,360,0.91,8.0,24,87,2436
0.0,7.0,7.452814969251944,360,1.0,8.0,1,88,2437
0.0,7.2,7.3999999999999995,360,0.96,10.0,2,88,2438
0.0,6.3,7.452814969251944,360,0.95,8.0,3,88,2439
0.0,5.3,7.60766062413412,360,0.97,8.0,4,88,2440
0.0,4.4,7.85398448916085,360,0.97,6.0,5,88,2441
0.0,3.3,8.174999999999999,360,0.99,4.0,6,88,2442
179.55555555555554,4.4,8.548830480091093,360,0.97,4.0,7,88,2443
549.8888888888889,5.3,8.95,360,0.91,6.0,8,88,2444
751.8888888888888,7.0,9.351169519908906,360,0.81,5.0,9,88,2445
1010.0,7.8,9.725,360,0.69,6.0,10,88,2446
1492.5555555555557,9.0,10.046015510839148,360,0.61,6.0,11,88,2447
1043.6666666666665,9.5,10.292339375865879,360,0.52,7.0,12,88,2448
1144.6666666666665,10.2,10.447185030748056,360,0.51,6.0,13,88,2449
1481.3333333333335,11.7,10.5,360,0.47,7.0,14,88,2450
886.5555555555555,11.2,10.447185030748056,360,0.49,8.0,15,88,2451
460.11111111111114,10.6,10.292339375865879,360,0.6,6.0,16,88,2452
460.11111111111114,9.4,10.046015510839148,360,0.62,8.0,17,88,2453
179.55555555555554,7.7,9.725,360,0.73,6.0,18,88,2454
0.0,5.6,9.351169519908906,360,0.8,5.0,19,88,2455
0.0,6.5,8.95,360,0.74,2.0,20,88,2456
0.0,4.9,8.548830480091093,360,0.84,3.0,21,88,2457
0.0,4.0,8.174999999999999,360,0.88,2.0,22,88,2458
0.0,3.5,7.853984489160851,360,0.89,3.0,23,88,2459
0.0,2.8,7.60766062413412,360,0.91,3.0,24,88,2460
0.0,2.2,6.6425927171386645,360,0.92,3.0,1,89,2461
0.0,1.8,6.6,360,0.91,4.0,2,89,2462
0.0,1.3,6.6425927171386645,360,0.94,4.0,3,89,2463
0.0,1.1,6.767468245269451,360,0.94,4.0,4,89,2464
0.0,-0.1,6.966116523516815,360,0.96,4.0,5,89,2465
0.0,0.1,7.224999999999999,360,0.98,3.0,6,89,2466
202.0,1.8,7.526476193621849,360,0.94,4.0,7,89,2467
572.3333333333333,3.7,7.85,360,0.88,6.0,8,89,2468
897.7777777777778,5.4,8.173523806378151,360,0.82,6.0,9,89,2469
1178.3333333333335,6.6,8.475,360,0.74,6.0,10,89,2470
1268.1111111111113,7.7,8.733883476483184,360,0.65,8.0,11,89,2471
1144.6666666666665,8.2,8.932531754730547,360,0.6,8.0,12,89,2472
1200.7777777777778,9.4,9.057407282861336,360,0.52,8.0,13,89,2473
1167.111111111111,9.8,9.1,360,0.55,8.0,14,89,2474
976.3333333333333,10.1,9.057407282861336,360,0.48,8.0,15,89,2475
662.1111111111112,8.9,8.932531754730547,360,0.5,9.0,16,89,2476
505.0,8.2,8.733883476483184,360,0.54,8.0,17,89,2477
224.44444444444446,6.4,8.475,360,0.58,6.0,18,89,2478
11.222222222222221,4.4,8.173523806378151,360,0.64,5.0,19,89,2479
0.0,2.7,7.85,360,0.7,2.0,20,89,2480
0.0,3.6,7.526476193621849,360,0.65,2.0,21,89,2481
0.0,1.7,7.225,360,0.74,2.0,22,89,2482
0.0,2.5,6.966116523516815,360,0.68,2.0,23,89,2483
0.0,1.5,6.767468245269451,360,0.73,2.0,24,89,2484
0.0,1.1,5.549407551880851,360,0.75,2.0,1,90,2485
0.0,1.3,5.5,360,0.74,2.0,2,90,2486
0.0,0.6,5.549407551880851,360,0.78,2.0,3,90,2487
0.0,0.5,5.694263164512564,360,0.79,2.0,4,90,2488
0.0,0.1,5.924695167279506,360,0.82,2.0,5,90,2489
0.0,0.0,6.225,360,0.83,2.0,6,90,2490
190.77777777777777,1.1,6.574712384601345,360,0.8,2.0,7,90,2491
561.1111111111111,3.8,6.95,360,0.75,4.0,8,90,2492
920.2222222222223,6.3,7.325287615398655,360,0.66,4.0,9,90,2493
1212.0,8.5,7.675000000000001,360,0.54,7.0,10,90,2494
1425.2222222222222,9.6,7.975304832720495,360,0.47,8.0,11,90,2495
774.3333333333333,9.0,8.205736835487436,360,0.49,8.0,12,90,2496
909.0,9.9,8.35059244811915,360,0.42,7.0,13,90,2497
987.5555555555557,9.9,8.4,360,0.48,6.0,14,90,2498
707.0000000000001,10.4,8.35059244811915,360,0.39,7.0,15,90,2499
650.8888888888889,9.4,8.205736835487436,360,0.44,8.0,16,90,2500
