PARi,air_temperature,soil_temperature,ambient_CO2,humidity,Wind,hour,DOY,t
235.66666666666669,9.0,10.35932667397366,360,0.79,10.0,12,351,0
460.11111111111114,9.1,10.464222117603521,360,0.67,12.0,13,351,1
437.6666666666667,9.0,10.5,360,0.67,10.0,14,351,2
179.55555555555554,6.8,10.464222117603521,360,0.79,13.0,15,351,3
123.44444444444446,6.9,10.35932667397366,360,0.7,12.0,16,351,4
0.0,6.2,10.192462120245875,360,0.8,9.0,17,351,5
0.0,6.2,9.975,360,0.82,8.0,18,351,6
0.0,4.7,9.721759997357646,360,0.98,8.0,19,351,7
0.0,5.9,9.45,360,0.86,14.0,20,351,8
0.0,3.2,9.178240002642353,360,0.99,11.0,21,351,9
0.0,3.2,8.924999999999999,360,0.99,4.0,22,351,10
0.0,3.0,8.707537879754124,360,1.0,7.0,23,351,11
0.0,2.4,8.540673326026338,360,1.0,6.0,24,351,12
0.0,2.5,6.617037086855466,360,1.0,6.0,1,352,13
0.0,2.8,6.6,360,1.0,6.0,2,352,14
0.0,2.9,6.617037086855466,360,1.0,5.0,3,352,15
0.0,3.8,6.66698729810778,360,1.0,6.0,4,352,16
0.0,3.6,6.746446609406726,360,1.0,7.0,5,352,17
0.0,2.8,6.85,360,1.0,5.0,6,352,18
0.0,1.9,6.97059047744874,360,1.0,4.0,7,352,19
11.222222222222221,2.1,7.1,360,1.0,4.0,8,352,20
78.55555555555554,2.6,7.22940952255126,360,1.0,4.0,9,352,21
336.66666666666663,4.8,7.35,360,1.0,4.0,10,352,22
505.0,6.9,7.453553390593274,360,0.85,4.0,11,352,23
617.2222222222222,7.1,7.533012701892219,360,0.89,5.0,12,352,24
505.0,7.5,7.5829629131445335,360,0.76,6.0,13,352,25
404.0,6.9,7.6,360,0.83,6.0,14,352,26
336.66666666666663,7.5,7.5829629131445335,360,0.74,6.0,15,352,27
101.0,5.9,7.533012701892219,360,0.78,4.0,16,352,28
0.0,4.7,7.453553390593274,360,0.85,3.0,17,352,29
0.0,4.0,7.35,360,0.92,10.0,18,352,30
0.0,2.7,7.22940952255126,360,0.98,4.0,19,352,31
0.0,1.9,7.1,360,1.0,2.0,20,352,32
0.0,1.6,6.97059047744874,360,1.0,2.0,21,352,33
0.0,1.4,6.85,360,1.0,4.0,22,352,34
0.0,1.2,6.746446609406726,360,1.0,4.0,23,352,35
0.0,0.8,6.66698729810778,360,1.0,4.0,24,352,36
0.0,0.4,5.217037086855466,360,1.0,3.0,1,353,37
0.0,0.1,5.2,360,1.0,4.0,2,353,38
0.0,0.0,5.217037086855466,360,1.0,4.0,3,353,39
0.0,-0.1,5.2669872981077805,360,1.0,3.0,4,353,40
0.0,-0.2,5.346446609406726,360,1.0,4.0,5,353,41
0.0,-0.5,5.45,360,1.0,3.0,6,353,42
0.0,-0.5,5.57059047744874,360,1.0,3.0,7,353,43
11.222222222222221,-0.3,5.7,360,1.0,2.0,8,353,44
123.44444444444446,0.6,5.829409522551261,360,1.0,3.0,9,353,45
448.8888888888889,3.1,5.95,360,0.92,2.0,10,353,46
606.0,4.7,6.053553390593274,360,0.8,3.0,11,353,47
639.6666666666667,5.8,6.13301270189222,360,0.73,4.0,12,353,48
673.3333333333333,6.6,6.182962913144534,360,0.71,5.0,13,353,49
628.4444444444443,6.6,6.2,360,0.68,4.0,14,353,50
359.1111111111111,6.3,6.182962913144534,360,0.69,5.0,15,353,51
134.66666666666669,4.9,6.13301270189222,360,0.76,4.0,16,353,52
0.0,2.3,6.053553390593274,360,0.96,2.0,17,353,53
0.0,3.0,5.95,360,0.9,4.0,18,353,54
0.0,1.8,5.829409522551261,360,0.98,3.0,19,353,55
0.0,2.1,5.7,360,1.0,4.0,20,353,56
0.0,1.9,5.57059047744874,360,0.98,4.0,21,353,57
0.0,1.7,5.45,360,0.99,4.0,22,353,58
0.0,2.1,5.346446609406726,360,0.98,4.0,23,353,59
0.0,2.0,5.2669872981077805,360,0.99,4.0,24,353,60
0.0,2.2,5.037481591082025,360,1.0,5.0,1,354,61
0.0,2.0,5.0,360,1.0,6.0,2,354,62
0.0,1.7,5.037481591082024,360,1.0,4.0,3,354,63
0.0,1.8,5.147372055837117,360,1.0,4.0,4,354,64
0.0,1.9,5.322182540694797,360,1.0,4.0,5,354,65
0.0,1.8,5.549999999999999,360,1.0,4.0,6,354,66
0.0,1.4,5.815299050387227,360,1.0,2.0,7,354,67
11.222222222222221,0.8,6.1,360,1.0,2.0,8,354,68
168.33333333333331,1.7,6.384700949612773,360,1.0,3.0,9,354,69
347.8888888888889,3.7,6.6499999999999995,360,1.0,3.0,10,354,70
482.5555555555556,5.4,6.877817459305202,360,0.93,2.0,11,354,71
370.33333333333337,5.5,7.052627944162882,360,0.99,4.0,12,354,72
359.1111111111111,6.2,7.162518408917975,360,0.92,4.0,13,354,73
190.77777777777777,6.2,7.199999999999999,360,0.91,4.0,14,354,74
78.55555555555554,5.6,7.162518408917975,360,1.0,5.0,15,354,75
22.444444444444443,5.3,7.052627944162882,360,1.0,4.0,16,354,76
0.0,5.2,6.877817459305202,360,1.0,4.0,17,354,77
0.0,5.1,6.6499999999999995,360,1.0,5.0,18,354,78
0.0,5.1,6.384700949612773,360,1.0,7.0,19,354,79
0.0,5.3,6.1,360,1.0,8.0,20,354,80
0.0,5.6,5.815299050387227,360,1.0,6.0,21,354,81
0.0,6.2,5.55,360,1.0,6.0,22,354,82
0.0,7.1,5.322182540694797,360,1.0,8.0,23,354,83
0.0,8.1,5.147372055837117,360,1.0,8.0,24,354,84
0.0,8.9,6.339185299767571,360,1.0,8.0,1,355,85
0.0,9.4,6.299999999999999,360,1.0,6.0,2,355,86
0.0,10.1,6.339185299767571,360,1.0,5.0,3,355,87
0.0,10.3,6.454070785647895,360,1.0,6.0,4,355,88
0.0,10.4,6.6368272016354695,360,1.0,6.0,5,355,89
0.0,10.0,6.874999999999999,360,1.0,4.0,6,355,90
0.0,9.9,7.1523580981321,360,1.0,4.0,7,355,91
0.0,9.9,7.449999999999999,360,1.0,4.0,8,355,92
67.33333333333334,10.0,7.747641901867898,360,1.0,4.0,9,355,93
134.66666666666669,10.3,8.024999999999999,360,1.0,4.0,10,355,94
145.88888888888889,9.8,8.26317279836453,360,1.0,5.0,11,355,95
303.0,10.3,8.445929214352104,360,0.93,7.0,12,355,96
347.8888888888889,10.4,8.560814700232427,360,0.87,6.0,13,355,97
336.66666666666663,10.3,8.6,360,0.73,8.0,14,355,98
246.8888888888889,10.1,8.560814700232427,360,0.76,7.0,15,355,99
67.33333333333334,9.6,8.445929214352104,360,0.8,5.0,16,355,100
0.0,9.2,8.26317279836453,360,0.83,4.0,17,355,101
0.0,8.9,8.024999999999999,360,0.88,2.0,18,355,102
0.0,8.3,7.747641901867898,360,0.93,4.0,19,355,103
0.0,8.2,7.449999999999999,360,0.99,3.0,20,355,104
0.0,8.2,7.1523580981321,360,0.99,3.0,21,355,105
0.0,8.1,6.875,360,1.0,3.0,22,355,106
0.0,7.6,6.6368272016354695,360,1.0,3.0,23,355,107
0.0,7.5,6.454070785647895,360,1.0,4.0,24,355,108
0.0,7.2,8.025555630283199,360,1.0,4.0,1,356,109
0.0,7.0,8.0,360,1.0,4.0,2,356,110
0.0,7.1,8.025555630283199,360,1.0,4.0,3,356,111
0.0,6.9,8.100480947161671,360,1.0,4.0,4,356,112
0.0,7.2,8.219669914110089,360,1.0,5.0,5,356,113
0.0,7.6,8.375,360,1.0,6.0,6,356,114
0.0,8.9,8.55588571617311,360,1.0,6.0,7,356,115
0.0,10.0,8.75,360,1.0,9.0,8,356,116
33.66666666666667,10.7,8.94411428382689,360,1.0,8.0,9,356,117
56.111111111111114,11.0,9.125,360,1.0,6.0,10,356,118
112.22222222222223,11.4,9.280330085889911,360,1.0,6.0,11,356,119
157.1111111111111,11.8,9.399519052838329,360,1.0,6.0,12,356,120
123.44444444444446,12.1,9.474444369716801,360,1.0,7.0,13,356,121
78.55555555555554,12.1,9.5,360,1.0,6.0,14,356,122
56.111111111111114,12.1,9.474444369716801,360,1.0,5.0,15,356,123
22.444444444444443,12.1,9.399519052838329,360,1.0,6.0,16,356,124
0.0,11.7,9.280330085889911,360,1.0,4.0,17,356,125
0.0,11.4,9.125,360,1.0,4.0,18,356,126
0.0,11.2,8.94411428382689,360,1.0,3.0,19,356,127
0.0,11.0,8.75,360,1.0,3.0,20,356,128
0.0,10.9,8.55588571617311,360,1.0,3.0,21,356,129
0.0,10.8,8.375,360,1.0,2.0,22,356,130
0.0,10.9,8.219669914110089,360,1.0,4.0,23,356,131
0.0,10.9,8.100480947161671,360,1.0,3.0,24,356,132
0.0,10.6,9.31533337816992,360,1.0,3.0,1,357,133
0.0,10.5,9.3,360,1.0,2.0,2,357,134
0.0,10.5,9.31533337816992,360,1.0,4.0,3,357,135
0.0,10.6,9.360288568297003,360,1.0,4.0,4,357,136
0.0,10.6,9.431801948466054,360,1.0,3.0,5,357,137
0.0,10.5,9.525,360,1.0,5.0,6,357,138
0.0,10.0,9.633531429703867,360,1.0,3.0,7,357,139
0.0,10.2,9.75,360,1.0,4.0,8,357,140
67.33333333333334,10.1,9.866468570296135,360,1.0,5.0,9,357,141
145.88888888888889,10.1,9.975,360,1.0,6.0,10,357,142
392.7777777777778,10.7,10.068198051533946,360,0.95,6.0,11,357,143
628.4444444444443,11.6,10.139711431702997,360,0.91,6.0,12,357,144
426.44444444444446,10.9,10.18466662183008,360,0.96,6.0,13,357,145
269.33333333333337,10.4,10.2,360,0.96,5.0,14,357,146
123.44444444444446,10.6,10.18466662183008,360,0.98,4.0,15,357,147
44.888888888888886,10.4,10.139711431702997,360,0.95,2.0,16,357,148
0.0,10.2,10.068198051533946,360,0.95,3.0,17,357,149
0.0,10.0,9.975,360,0.94,2.0,18,357,150
0.0,9.9,9.866468570296135,360,0.95,3.0,19,357,151
0.0,9.7,9.75,360,0.97,3.0,20,357,152
0.0,9.0,9.633531429703867,360,1.0,1.0,21,357,153
0.0,8.8,9.525,360,1.0,1.0,22,357,154
0.0,8.6,9.431801948466054,360,1.0,2.0,23,357,155
0.0,7.4,9.360288568297003,360,1.0,2.0,24,357,156
0.0,7.1,9.108518543427733,360,1.0,2.0,1,358,157
0.0,8.3,9.1,360,1.0,2.0,2,358,158
0.0,8.3,9.108518543427733,360,1.0,2.0,3,358,159
0.0,8.4,9.13349364905389,360,1.0,2.0,4,358,160
0.0,8.3,9.173223304703363,360,1.0,2.0,5,358,161
0.0,8.5,9.225,360,0.98,2.0,6,358,162
0.0,8.2,9.28529523872437,360,1.0,2.0,7,358,163
0.0,8.0,9.35,360,1.0,2.0,8,358,164
33.66666666666667,8.2,9.41470476127563,360,1.0,0.0,9,358,165
89.77777777777777,8.6,9.475,360,1.0,2.0,10,358,166
101.0,8.8,9.526776695296636,360,1.0,3.0,11,358,167
190.77777777777777,9.2,9.56650635094611,360,0.99,4.0,12,358,168
202.0,9.3,9.591481456572266,360,0.96,5.0,13,358,169
145.88888888888889,8.8,9.6,360,1.0,6.0,14,358,170
67.33333333333334,8.6,9.591481456572266,360,1.0,6.0,15,358,171
22.444444444444443,8.6,9.56650635094611,360,1.0,7.0,16,358,172
0.0,8.5,9.526776695296636,360,1.0,8.0,17,358,173
0.0,8.7,9.475,360,1.0,9.0,18,358,174
0.0,9.0,9.41470476127563,360,1.0,8.0,19,358,175
0.0,9.1,9.35,360,0.95,12.0,20,358,176
0.0,8.6,9.28529523872437,360,0.83,12.0,21,358,177
0.0,7.2,9.225,360,0.84,10.0,22,358,178
0.0,6.4,9.173223304703363,360,0.87,8.0,23,358,179
0.0,5.7,9.13349364905389,360,0.9,6.0,24,358,180
0.0,5.1,6.913629669484374,360,0.92,5.0,1,359,181
0.0,4.6,6.9,360,0.93,5.0,2,359,182
0.0,4.4,6.913629669484373,360,0.92,4.0,3,359,183
0.0,3.7,6.953589838486225,360,0.95,4.0,4,359,184
0.0,2.9,7.017157287525381,360,1.0,3.0,5,359,185
0.0,3.1,7.1000000000000005,360,0.99,3.0,6,359,186
0.0,1.8,7.196472381958992,360,1.0,1.0,7,359,187
11.222222222222221,1.9,7.300000000000001,360,1.0,1.0,8,359,188
134.66666666666669,3.4,7.403527618041009,360,0.97,3.0,9,359,189
370.33333333333337,5.7,7.500000000000001,360,0.85,3.0,10,359,190
538.6666666666667,7.4,7.58284271247462,360,0.77,4.0,11,359,191
639.6666666666667,8.4,7.646410161513776,360,0.66,4.0,12,359,192
639.6666666666667,8.5,7.686370330515628,360,0.58,5.0,13,359,193
583.5555555555555,8.7,7.700000000000001,360,0.6,4.0,14,359,194
359.1111111111111,8.4,7.686370330515628,360,0.62,3.0,15,359,195
123.44444444444446,7.2,7.646410161513776,360,0.7,2.0,16,359,196
0.0,3.7,7.58284271247462,360,1.0,1.0,17,359,197
0.0,2.4,7.500000000000001,360,1.0,2.0,18,359,198
0.0,2.3,7.403527618041009,360,1.0,2.0,19,359,199
0.0,1.6,7.300000000000001,360,1.0,2.0,20,359,200
0.0,1.8,7.196472381958992,360,1.0,2.0,21,359,201
0.0,1.6,7.1000000000000005,360,1.0,2.0,22,359,202
0.0,1.0,7.017157287525382,360,1.0,2.0,23,359,203
0.0,-0.2,6.953589838486225,360,1.0,0.0,24,359,204
0.0,1.6,5.728963047654292,360,1.0,2.0,1,360,205
0.0,3.2,5.700000000000001,360,1.0,4.0,2,360,206
0.0,3.5,5.728963047654292,360,0.99,4.0,3,360,207
0.0,2.9,5.813878406783227,360,1.0,3.0,4,360,208
0.0,3.3,5.948959235991435,360,1.0,4.0,5,360,209
0.0,3.3,6.125,360,1.0,4.0,6,360,210
0.0,3.5,6.330003811662858,360,0.99,3.0,7,360,211
11.222222222222221,3.6,6.550000000000001,360,0.98,4.0,8,360,212
78.55555555555554,3.9,6.769996188337143,360,1.0,2.0,9,360,213
157.1111111111111,4.8,6.9750000000000005,360,0.97,2.0,10,360,214
415.2222222222223,6.2,7.151040764008567,360,0.86,4.0,11,360,215
325.44444444444446,6.8,7.286121593216774,360,0.94,4.0,12,360,216
370.33333333333337,7.7,7.371036952345709,360,0.91,4.0,13,360,217
291.77777777777777,8.3,7.4,360,0.88,4.0,14,360,218
145.88888888888889,8.0,7.371036952345709,360,0.93,4.0,15,360,219
56.111111111111114,7.7,7.286121593216774,360,0.98,2.0,16,360,220
0.0,7.3,7.151040764008567,360,1.0,2.0,17,360,221
0.0,7.1,6.9750000000000005,360,1.0,2.0,18,360,222
0.0,6.9,6.769996188337143,360,1.0,2.0,19,360,223
0.0,6.6,6.550000000000001,360,1.0,1.0,20,360,224
0.0,6.4,6.330003811662858,360,1.0,1.0,21,360,225
0.0,6.2,6.125000000000001,360,1.0,1.0,22,360,226
0.0,6.1,5.948959235991436,360,1.0,2.0,23,360,227
0.0,6.0,5.813878406783227,360,1.0,2.0,24,360,228
0.0,5.8,6.91022225211328,360,1.0,1.0,1,361,229
0.0,5.7,6.9,360,1.0,1.0,2,361,230
0.0,5.8,6.91022225211328,360,1.0,1.0,3,361,231
0.0,5.7,6.940192378864669,360,1.0,1.0,4,361,232
0.0,5.8,6.987867965644036,360,1.0,1.0,5,361,233
0.0,5.6,7.05,360,1.0,2.0,6,361,234
0.0,5.0,7.122354286469244,360,1.0,2.0,7,361,235
11.222222222222221,4.2,7.2,360,1.0,2.0,8,361,236
123.44444444444446,5.0,7.277645713530756,360,1.0,3.0,9,361,237
381.55555555555554,6.1,7.3500000000000005,360,1.0,4.0,10,361,238
538.6666666666667,7.7,7.412132034355964,360,0.8,6.0,11,361,239
662.1111111111112,8.8,7.459807621135331,360,0.76,7.0,12,361,240
662.1111111111112,9.0,7.489777747886721,360,0.74,8.0,13,361,241
572.3333333333333,9.7,7.5,360,0.7,8.0,14,361,242
325.44444444444446,8.5,7.489777747886721,360,0.76,6.0,15,361,243
89.77777777777777,7.6,7.459807621135331,360,0.81,5.0,16,361,244
11.222222222222221,6.1,7.412132034355964,360,0.92,4.0,17,361,245
0.0,4.5,7.3500000000000005,360,1.0,6.0,18,361,246
0.0,4.6,7.277645713530756,360,1.0,5.0,19,361,247
0.0,4.4,7.2,360,1.0,6.0,20,361,248
0.0,3.6,7.122354286469244,360,1.0,6.0,21,361,249
0.0,2.3,7.050000000000001,360,1.0,3.0,22,361,250
0.0,1.8,6.987867965644036,360,1.0,2.0,23,361,251
0.0,1.8,6.940192378864669,360,1.0,2.0,24,361,252
0.0,2.4,6.2102222521132795,360,1.0,4.0,1,362,253
0.0,2.5,6.2,360,1.0,3.0,2,362,254
0.0,2.2,6.2102222521132795,360,1.0,4.0,3,362,255
0.0,2.1,6.240192378864668,360,1.0,3.0,4,362,256
0.0,2.0,6.287867965644036,360,1.0,3.0,5,362,257
0.0,2.1,6.35,360,1.0,3.0,6,362,258
0.0,2.0,6.422354286469244,360,1.0,4.0,7,362,259
0.0,1.9,6.5,360,1.0,4.0,8,362,260
33.66666666666667,1.8,6.577645713530756,360,1.0,4.0,9,362,261
145.88888888888889,1.8,6.65,360,1.0,4.0,10,362,262
202.0,2.0,6.712132034355964,360,1.0,4.0,11,362,263
235.66666666666669,2.5,6.759807621135331,360,1.0,4.0,12,362,264
291.77777777777777,2.7,6.7897777478867205,360,1.0,3.0,13,362,265
202.0,3.0,6.8,360,1.0,4.0,14,362,266
145.88888888888889,2.8,6.7897777478867205,360,1.0,3.0,15,362,267
67.33333333333334,2.8,6.759807621135331,360,1.0,3.0,16,362,268
11.222222222222221,2.2,6.712132034355964,360,1.0,4.0,17,362,269
0.0,1.9,6.65,360,1.0,4.0,18,362,270
0.0,1.9,6.577645713530756,360,1.0,4.0,19,362,271
0.0,1.6,6.5,360,1.0,3.0,20,362,272
0.0,1.3,6.422354286469244,360,1.0,3.0,21,362,273
0.0,0.7,6.3500000000000005,360,1.0,2.0,22,362,274
0.0,0.2,6.287867965644036,360,1.0,2.0,23,362,275
0.0,-0.4,6.240192378864669,360,1.0,2.0,24,362,276
0.0,-1.1,5.127259338968745,360,1.0,1.0,1,363,277
0.0,-1.2,5.1,360,1.0,1.0,2,363,278
0.0,-1.6,5.127259338968745,360,1.0,0.0,3,363,279
0.0,-1.1,5.207179676972449,360,1.0,1.0,4,363,280
0.0,0.9,5.334314575050762,360,1.0,6.0,5,363,281
0.0,-0.1,5.5,360,1.0,4.0,6,363,282
0.0,-0.5,5.692944763917984,360,1.0,1.0,7,363,283
0.0,1.2,5.9,360,1.0,4.0,8,363,284
56.111111111111114,2.8,6.107055236082017,360,1.0,5.0,9,363,285
67.33333333333334,3.3,6.300000000000001,360,1.0,6.0,10,363,286
101.0,3.7,6.465685424949239,360,1.0,6.0,11,363,287
112.22222222222223,4.9,6.592820323027551,360,1.0,5.0,12,363,288
303.0,6.4,6.672740661031256,360,1.0,5.0,13,363,289
303.0,7.4,6.700000000000001,360,1.0,4.0,14,363,290
246.8888888888889,8.1,6.672740661031256,360,1.0,5.0,15,363,291
78.55555555555554,8.0,6.592820323027551,360,1.0,5.0,16,363,292
0.0,7.7,6.465685424949239,360,1.0,5.0,17,363,293
0.0,8.0,6.300000000000001,360,1.0,4.0,18,363,294
0.0,7.6,6.107055236082017,360,1.0,5.0,19,363,295
0.0,7.6,5.9,360,1.0,4.0,20,363,296
0.0,7.8,5.692944763917984,360,1.0,5.0,21,363,297
0.0,5.9,5.5,360,1.0,4.0,22,363,298
0.0,4.8,5.334314575050763,360,1.0,5.0,23,363,299
0.0,3.5,5.20717967697245,360,1.0,2.0,24,363,300
0.0,3.4,5.020444504226559,360,1.0,2.0,1,364,301
0.0,2.3,5.0,360,1.0,2.0,2,364,302
0.0,1.1,5.020444504226559,360,1.0,2.0,3,364,303
0.0,1.0,5.080384757729337,360,1.0,3.0,4,364,304
0.0,0.3,5.175735931288071,360,1.0,2.0,5,364,305
0.0,0.7,5.299999999999999,360,1.0,3.0,6,364,306
0.0,0.3,5.444708572938487,360,1.0,3.0,7,364,307
11.222222222222221,0.6,5.6,360,1.0,4.0,8,364,308
123.44444444444446,1.3,5.755291427061512,360,1.0,4.0,9,364,309
359.1111111111111,2.7,5.8999999999999995,360,1.0,5.0,10,364,310
549.8888888888889,4.1,6.024264068711928,360,1.0,6.0,11,364,311
650.8888888888889,6.0,6.119615242270663,360,0.95,5.0,12,364,312
628.4444444444443,7.2,6.179555495773441,360,0.94,5.0,13,364,313
336.66666666666663,8.2,6.199999999999999,360,0.74,5.0,14,364,314
258.11111111111114,7.2,6.179555495773441,360,0.9,6.0,15,364,315
67.33333333333334,6.9,6.119615242270663,360,0.99,4.0,16,364,316
11.222222222222221,5.7,6.024264068711928,360,1.0,4.0,17,364,317
0.0,5.0,5.8999999999999995,360,1.0,5.0,18,364,318
0.0,4.6,5.755291427061512,360,1.0,5.0,19,364,319
0.0,5.6,5.6,360,1.0,5.0,20,364,320
0.0,5.8,5.444708572938487,360,1.0,7.0,21,364,321
0.0,5.5,5.3,360,1.0,6.0,22,364,322
0.0,5.5,5.175735931288071,360,1.0,7.0,23,364,323
0.0,5.8,5.080384757729337,360,1.0,7.0,24,364,324
0.0,6.0,5.947703843195304,360,1.0,6.0,1,365,325
0.0,6.4,5.9,360,1.0,7.0,2,365,326
0.0,6.8,5.947703843195304,360,1.0,8.0,3,365,327
0.0,6.9,6.087564434701786,360,1.0,8.0,4,365,328
0.0,6.8,6.3100505063388335,360,1.0,7.0,5,365,329
0.0,7.1,6.6,360,1.0,7.0,6,365,330
0.0,7.5,6.937653336856471,360,1.0,7.0,7,365,331
0.0,7.5,7.3,360,1.0,6.0,8,365,332
33.66666666666667,7.9,7.662346663143529,360,1.0,6.0,9,365,333
101.0,8.4,8.0,360,1.0,6.0,10,365,334
145.88888888888889,8.9,8.289949493661165,360,1.0,6.0,11,365,335
179.55555555555554,9.4,8.512435565298214,360,1.0,8.0,12,365,336
224.44444444444446,10.0,8.652296156804695,360,1.0,7.0,13,365,337
123.44444444444446,9.5,8.7,360,1.0,6.0,14,365,338
44.888888888888886,9.5,8.652296156804695,360,1.0,8.0,15,365,339
33.66666666666667,9.4,8.512435565298214,360,1.0,8.0,16,365,340
0.0,9.2,8.289949493661165,360,1.0,6.0,17,365,341
0.0,9.4,8.0,360,1.0,8.0,18,365,342
0.0,9.7,7.662346663143529,360,1.0,10.0,19,365,343
0.0,10.1,7.3,360,1.0,10.0,20,365,344
0.0,10.4,6.937653336856471,360,1.0,10.0,21,365,345
0.0,10.7,6.6000000000000005,360,1.0,9.0,22,365,346
0.0,10.9,6.3100505063388335,360,1.0,8.0,23,365,347
0.0,11.1,6.087564434701786,360,1.0,8.0,24,365,348
0.0,11.2,7.739185299767572,360,1.0,8.0,1,366,349
0.0,11.2,7.699999999999999,360,1.0,8.0,2,366,350
0.0,11.2,7.739185299767572,360,1.0,8.0,3,366,351
0.0,11.2,7.854070785647895,360,1.0,10.0,4,366,352
0.0,11.2,8.03682720163547,360,1.0,7.0,5,366,353
0.0,11.3,8.274999999999999,360,1.0,8.0,6,366,354
0.0,11.2,8.552358098132101,360,1.0,9.0,7,366,355
0.0,11.0,8.85,360,1.0,7.0,8,366,356
67.33333333333334,11.4,9.147641901867898,360,1.0,8.0,9,366,357
112.22222222222223,12.0,9.424999999999999,360,1.0,8.0,10,366,358
145.88888888888889,12.0,9.66317279836453,360,1.0,11.0,11,366,359
112.22222222222223,11.8,9.845929214352104,360,1.0,8.0,12,366,360
157.1111111111111,12.2,9.960814700232428,360,1.0,8.0,13,366,361
179.55555555555554,12.4,10.0,360,1.0,8.0,14,366,362
101.0,12.4,9.960814700232428,360,1.0,8.0,15,366,363
44.888888888888886,12.3,9.845929214352104,360,1.0,8.0,16,366,364
0.0,12.1,9.66317279836453,360,1.0,6.0,17,366,365
0.0,12.0,9.424999999999999,360,1.0,6.0,18,366,366
0.0,12.0,9.147641901867898,360,1.0,6.0,19,366,367
0.0,7.77436867078904,8.85,360,0.9505634918607041,7.53553390599669,20,366,368
0.0,6.97458013239341,8.552358098132101,360,0.957331587760778,7.80684494542086,21,366,369
0.0,6.72031792444343,8.275,360,0.966073686168775,7.96947818928093,22,366,370
0.0,6.69515989262808,8.03682720163547,360,0.975184215423235,8.25158031847894,23,366,371
0.0,7.09834070762221,7.854070785647895,360,0.981985176519126,7.49172684260787,24,366,372
0.0,2.8,3.506814834742187,360,1.0,6.0,1,1,373
0.0,2.1,3.5,360,1.0,6.0,2,1,374
0.0,2.1,3.5068148347421864,360,1.0,6.0,3,1,375
0.0,1.8,3.5267949192431125,360,1.0,6.0,4,1,376
0.0,1.5,3.5585786437626905,360,1.0,6.0,5,1,377
0.0,1.3,3.6,360,1.0,5.0,6,1,378
0.0,1.0,3.648236190979496,360,1.0,5.0,7,1,379
0.0,0.9,3.7,360,1.0,6.0,8,1,380
33.66666666666667,0.6,3.7517638090205043,360,1.0,5.0,9,1,381
67.33333333333334,0.4,3.8000000000000003,360,1.0,6.0,10,1,382
123.44444444444446,0.3,3.84142135623731,360,1.0,6.0,11,1,383
168.33333333333331,0.1,3.873205080756888,360,1.0,6.0,12,1,384
157.1111111111111,0.0,3.893185165257814,360,1.0,6.0,13,1,385
134.66666666666669,0.1,3.9000000000000004,360,1.0,6.0,14,1,386
67.33333333333334,-0.3,3.893185165257814,360,1.0,6.0,15,1,387
22.444444444444443,-0.4,3.873205080756888,360,1.0,6.0,16,1,388
11.222222222222221,-0.2,3.84142135623731,360,1.0,6.0,17,1,389
0.0,-0.6,3.8000000000000003,360,1.0,6.0,18,1,390
0.0,-1.0,3.7517638090205043,360,1.0,6.0,19,1,391
0.0,-0.7,3.7,360,1.0,6.0,20,1,392
0.0,-1.1,3.648236190979496,360,1.0,6.0,21,1,393
0.0,-1.0,3.6,360,1.0,6.0,22,1,394
0.0,-1.2,3.558578643762691,360,1.0,7.0,23,1,395
0.0,-0.7,3.5267949192431125,360,1.0,7.0,24,1,396
0.0,-0.3,2.61022225211328,360,1.0,7.0,1,2,397
0.0,-0.1,2.6000000000000005,360,1.0,6.0,2,2,398
0.0,-0.1,2.61022225211328,360,1.0,7.0,3,2,399
0.0,0.0,2.640192378864669,360,1.0,6.0,4,2,400
0.0,0.1,2.687867965644036,360,1.0,6.0,5,2,401
0.0,0.3,2.75,360,1.0,8.0,6,2,402
0.0,0.6,2.822354286469244,360,1.0,6.0,7,2,403
0.0,0.8,2.9000000000000004,360,1.0,5.0,8,2,404
33.66666666666667,1.1,2.9776457135307566,360,1.0,6.0,9,2,405
89.77777777777777,1.5,3.0500000000000003,360,1.0,6.0,10,2,406
134.66666666666669,2.2,3.1121320343559646,360,1.0,6.0,11,2,407
325.44444444444446,3.4,3.159807621135332,360,0.95,6.0,12,2,408
538.6666666666667,4.1,3.189777747886721,360,0.85,7.0,13,2,409
370.33333333333337,3.6,3.2,360,0.67,9.0,14,2,410
190.77777777777777,3.4,3.189777747886721,360,0.72,9.0,15,2,411
33.66666666666667,2.9,3.159807621135332,360,0.67,8.0,16,2,412
0.0,2.6,3.1121320343559646,360,0.68,6.0,17,2,413
0.0,2.3,3.0500000000000003,360,0.65,8.0,18,2,414
0.0,2.0,2.9776457135307566,360,0.69,6.0,19,2,415
0.0,2.0,2.9000000000000004,360,0.66,6.0,20,2,416
0.0,2.0,2.822354286469244,360,0.65,8.0,21,2,417
0.0,1.8,2.7500000000000004,360,0.67,7.0,22,2,418
0.0,1.4,2.687867965644036,360,0.69,5.0,23,2,419
0.0,1.3,2.640192378864669,360,0.69,5.0,24,2,420
0.0,0.5,1.6085185434277331,360,0.73,5.0,1,3,421
0.0,-1.2,1.6,360,0.81,4.0,2,3,422
0.0,-1.9,1.608518543427733,360,0.85,2.0,3,3,423
0.0,-2.0,1.6334936490538903,360,0.88,4.0,4,3,424
0.0,-2.4,1.6732233047033631,360,0.91,4.0,5,3,425
0.0,-2.4,1.725,360,0.93,4.0,6,3,426
0.0,-2.5,1.78529523872437,360,0.95,4.0,7,3,427
11.222222222222221,-3.0,1.85,360,0.97,3.0,8,3,428
168.33333333333331,-1.5,1.9147047612756303,360,0.92,3.0,9,3,429
426.44444444444446,-0.1,1.975,360,0.86,5.0,10,3,430
606.0,1.5,2.026776695296637,360,0.75,4.0,11,3,431
684.5555555555557,2.5,2.06650635094611,360,0.66,6.0,12,3,432
650.8888888888889,3.1,2.091481456572267,360,0.59,6.0,13,3,433
572.3333333333333,3.1,2.1,360,0.55,7.0,14,3,434
426.44444444444446,3.0,2.091481456572267,360,0.58,7.0,15,3,435
168.33333333333331,1.8,2.06650635094611,360,0.64,8.0,16,3,436
11.222222222222221,-0.2,2.026776695296637,360,0.78,4.0,17,3,437
0.0,-1.2,1.975,360,0.85,2.0,18,3,438
0.0,-1.6,1.9147047612756303,360,0.95,4.0,19,3,439
0.0,-2.4,1.85,360,0.99,4.0,20,3,440
0.0,-2.7,1.78529523872437,360,1.0,4.0,21,3,441
0.0,-2.7,1.725,360,1.0,4.0,22,3,442
0.0,-3.0,1.6732233047033631,360,1.0,4.0,23,3,443
0.0,-3.0,1.6334936490538905,360,1.0,4.0,24,3,444
0.0,-3.2,1.3187407955410126,360,1.0,4.0,1,4,445
0.0,-3.3,1.3000000000000003,360,1.0,4.0,2,4,446
0.0,-3.1,1.3187407955410126,360,1.0,2.0,3,4,447
0.0,-3.1,1.3736860279185588,360,1.0,3.0,4,4,448
0.0,-3.0,1.4610912703473988,360,1.0,2.0,5,4,449
0.0,-2.8,1.575,360,1.0,2.0,6,4,450
0.0,-2.6,1.7076495251936137,360,1.0,2.0,7,4,451
0.0,-2.4,1.85,360,1.0,3.0,8,4,452
44.888888888888886,-2.2,1.9923504748063865,360,1.0,3.0,9,4,453
202.0,-1.7,2.125,360,1.0,4.0,10,4,454
258.11111111111114,-1.2,2.2389087296526013,360,0.99,3.0,11,4,455
482.5555555555556,0.6,2.3263139720814414,360,0.82,2.0,12,4,456
471.33333333333337,1.2,2.3812592044589875,360,0.74,4.0,13,4,457
482.5555555555556,2.7,2.4,360,0.68,2.0,14,4,458
359.1111111111111,2.8,2.3812592044589875,360,0.68,2.0,15,4,459
101.0,0.5,2.3263139720814414,360,0.83,2.0,16,4,460
0.0,-1.1,2.2389087296526013,360,0.89,2.0,17,4,461
0.0,-1.0,2.125,360,0.9,2.0,18,4,462
0.0,-0.8,1.9923504748063865,360,0.85,2.0,19,4,463
0.0,-1.2,1.85,360,0.87,2.0,20,4,464
0.0,-1.4,1.7076495251936137,360,0.9,2.0,21,4,465
0.0,-1.6,1.5750000000000002,360,0.9,2.0,22,4,466
0.0,-2.0,1.461091270347399,360,0.93,2.0,23,4,467
0.0,-2.1,1.3736860279185588,360,0.91,2.0,24,4,468
0.0,-1.7,1.1545186779374912,360,0.91,2.0,1,5,469
0.0,-1.8,1.1000000000000003,360,0.92,2.0,2,5,470
0.0,-1.0,1.154518677937491,360,0.88,3.0,3,5,471
0.0,-0.4,1.3143593539448981,360,0.84,4.0,4,5,472
0.0,0.0,1.5686291501015237,360,0.84,4.0,5,5,473
0.0,0.9,1.8999999999999995,360,0.9,6.0,6,5,474
0.0,1.2,2.285889527835967,360,0.97,7.0,7,5,475
0.0,1.6,2.7,360,1.0,8.0,8,5,476
33.66666666666667,2.0,3.1141104721640334,360,1.0,7.0,9,5,477
123.44444444444446,3.0,3.5000000000000004,360,1.0,8.0,10,5,478
202.0,3.4,3.831370849898476,360,1.0,8.0,11,5,479
314.2222222222222,5.5,4.0856406460551025,360,0.94,9.0,12,5,480
493.7777777777778,7.5,4.24548132206251,360,0.86,8.0,13,5,481
224.44444444444446,7.6,4.3,360,0.86,9.0,14,5,482
145.88888888888889,7.8,4.24548132206251,360,0.89,10.0,15,5,483
44.888888888888886,7.4,4.0856406460551025,360,0.97,8.0,16,5,484
11.222222222222221,7.5,3.831370849898476,360,0.98,11.0,17,5,485
0.0,7.9,3.5000000000000004,360,0.95,11.0,18,5,486
0.0,8.1,3.1141104721640334,360,0.92,13.0,19,5,487
0.0,8.2,2.7,360,0.92,10.0,20,5,488
0.0,8.3,2.285889527835967,360,0.91,12.0,21,5,489
0.0,8.4,1.9000000000000006,360,0.89,11.0,22,5,490
0.0,8.5,1.5686291501015244,360,0.88,11.0,23,5,491
0.0,8.0,1.3143593539448983,360,0.95,13.0,24,5,492
0.0,7.5,2.959629803994131,360,0.98,12.0,1,6,493
0.0,7.5,2.9000000000000004,360,0.97,12.0,2,6,494
0.0,7.6,2.9596298039941304,360,0.99,10.0,3,6,495
0.0,7.7,3.134455543377232,360,0.97,12.0,4,6,496
0.0,7.9,3.412563132923541,360,0.95,10.0,5,6,497
0.0,8.1,3.7749999999999995,360,0.97,10.0,6,6,498
0.0,8.2,4.197066671070589,360,0.98,9.0,7,6,499
0.0,8.3,4.65,360,1.0,10.0,8,6,500
33.66666666666667,9.1,5.102933328929412,360,0.94,12.0,9,6,501
89.77777777777777,9.6,5.525,360,0.95,11.0,10,6,502
179.55555555555554,10.1,5.887436867076459,360,0.93,13.0,11,6,503
303.0,10.7,6.165544456622769,360,0.91,15.0,12,6,504
157.1111111111111,11.2,6.34037019600587,360,0.89,12.0,13,6,505
157.1111111111111,11.7,6.4,360,0.89,10.0,14,6,506
89.77777777777777,11.2,6.34037019600587,360,0.96,11.0,15,6,507
44.888888888888886,11.4,6.165544456622769,360,0.94,10.0,16,6,508
0.0,11.3,5.887436867076459,360,0.96,10.0,17,6,509
0.0,11.2,5.525,360,0.98,8.0,18,6,510
0.0,11.1,5.102933328929412,360,1.0,8.0,19,6,511
0.0,10.8,4.65,360,0.98,8.0,20,6,512
0.0,10.5,4.197066671070589,360,0.95,8.0,21,6,513
0.0,10.3,3.775000000000001,360,0.96,7.0,22,6,514
0.0,10.0,3.412563132923542,360,0.98,6.0,23,6,515
0.0,10.8,3.1344555433772325,360,0.99,7.0,24,6,516
0.0,10.9,5.922148212912107,360,0.98,7.0,1,7,517
0.0,10.8,5.9,360,0.97,8.0,2,7,518
0.0,10.4,5.922148212912107,360,0.96,7.0,3,7,519
0.0,10.3,5.987083487540115,360,0.97,8.0,4,7,520
0.0,10.5,6.090380592228745,360,0.95,8.0,5,7,521
0.0,10.1,6.2250000000000005,360,0.96,6.0,6,7,522
0.0,10.2,6.3817676206833625,360,0.96,8.0,7,7,523
0.0,10.5,6.550000000000001,360,0.93,10.0,8,7,524
67.33333333333334,11.0,6.718232379316639,360,0.89,9.0,9,7,525
145.88888888888889,11.4,6.875000000000001,360,0.87,10.0,10,7,526
213.22222222222223,11.9,7.009619407771257,360,0.85,9.0,11,7,527
235.66666666666669,12.4,7.112916512459885,360,0.83,8.0,12,7,528
157.1111111111111,12.3,7.177851787087895,360,0.85,6.0,13,7,529
190.77777777777777,12.6,7.200000000000001,360,0.84,6.0,14,7,530
168.33333333333331,12.7,7.177851787087895,360,0.84,9.0,15,7,531
123.44444444444446,13.1,7.112916512459885,360,0.8,9.0,16,7,532
11.222222222222221,11.9,7.009619407771257,360,0.83,8.0,17,7,533
0.0,11.7,6.875000000000001,360,0.82,8.0,18,7,534
0.0,11.6,6.718232379316639,360,0.81,10.0,19,7,535
0.0,11.8,6.550000000000001,360,0.79,10.0,20,7,536
0.0,11.3,6.3817676206833625,360,0.8,8.0,21,7,537
0.0,10.9,6.2250000000000005,360,0.82,8.0,22,7,538
0.0,10.3,6.090380592228745,360,0.84,7.0,23,7,539
0.0,9.8,5.987083487540116,360,0.85,8.0,24,7,540
0.0,9.2,6.318740795541012,360,0.87,6.0,1,8,541
0.0,9.1,6.299999999999999,360,0.86,8.0,2,8,542
0.0,9.1,6.318740795541012,360,0.84,9.0,3,8,543
0.0,9.4,6.373686027918558,360,0.83,8.0,4,8,544
0.0,9.6,6.461091270347398,360,0.83,8.0,5,8,545
0.0,9.8,6.574999999999999,360,0.82,8.0,6,8,546
0.0,9.6,6.707649525193613,360,0.82,10.0,7,8,547
0.0,10.2,6.85,360,0.79,9.0,8,8,548
123.44444444444446,10.9,6.992350474806386,360,0.78,8.0,9,8,549
258.11111111111114,12.1,7.125,360,0.74,8.0,10,8,550
505.0,12.5,7.238908729652601,360,0.74,7.0,11,8,551
437.6666666666667,13.0,7.326313972081441,360,0.73,8.0,12,8,552
404.0,12.8,7.3812592044589875,360,0.77,7.0,13,8,553
224.44444444444446,12.8,7.4,360,0.78,6.0,14,8,554
78.55555555555554,11.2,7.3812592044589875,360,0.87,6.0,15,8,555
33.66666666666667,10.3,7.326313972081441,360,0.92,4.0,16,8,556
0.0,10.1,7.238908729652601,360,0.93,3.0,17,8,557
0.0,11.3,7.125,360,0.84,8.0,18,8,558
0.0,11.9,6.992350474806386,360,0.77,9.0,19,8,559
0.0,11.9,6.85,360,0.75,11.0,20,8,560
0.0,11.3,6.707649525193613,360,0.8,10.0,21,8,561
0.0,11.2,6.574999999999999,360,0.79,9.0,22,8,562
0.0,10.9,6.461091270347398,360,0.78,8.0,23,8,563
0.0,10.5,6.373686027918558,360,0.79,6.0,24,8,564
0.0,10.5,6.408518543427733,360,0.82,7.0,1,9,565
0.0,9.5,6.4,360,0.93,6.0,2,9,566
0.0,9.5,6.408518543427733,360,0.95,5.0,3,9,567
0.0,6.4,6.433493649053891,360,0.95,7.0,4,9,568
0.0,6.0,6.473223304703364,360,0.94,6.0,5,9,569
0.0,5.2,6.525,360,0.95,6.0,6,9,570
0.0,4.9,6.58529523872437,360,0.97,5.0,7,9,571
0.0,4.9,6.65,360,0.96,5.0,8,9,572
33.66666666666667,4.7,6.71470476127563,360,0.94,5.0,9,9,573
67.33333333333334,4.9,6.775,360,0.93,4.0,10,9,574
179.55555555555554,5.5,6.826776695296637,360,0.85,5.0,11,9,575
392.7777777777778,6.2,6.86650635094611,360,0.82,4.0,12,9,576
460.11111111111114,7.4,6.891481456572268,360,0.78,3.0,13,9,577
594.7777777777778,8.4,6.9,360,0.64,5.0,14,9,578
381.55555555555554,8.0,6.891481456572268,360,0.68,4.0,15,9,579
101.0,7.3,6.86650635094611,360,0.69,4.0,16,9,580
22.444444444444443,4.3,6.826776695296637,360,0.89,2.0,17,9,581
0.0,1.3,6.775,360,0.98,1.0,18,9,582
0.0,0.7,6.71470476127563,360,0.99,1.0,19,9,583
0.0,0.1,6.65,360,0.99,1.0,20,9,584
0.0,-0.2,6.58529523872437,360,1.0,1.0,21,9,585
0.0,-0.9,6.525,360,1.0,1.0,22,9,586
0.0,-0.5,6.473223304703364,360,1.0,1.0,23,9,587
0.0,-1.6,6.433493649053891,360,1.0,2.0,24,9,588
0.0,-0.7,2.722148212912106,360,1.0,1.0,1,10,589
0.0,-1.1,2.7,360,1.0,1.0,2,10,590
0.0,-1.4,2.7221482129121055,360,1.0,0.0,3,10,591
0.0,-2.4,2.787083487540115,360,1.0,0.0,4,10,592
0.0,-2.0,2.8903805922287438,360,1.0,1.0,5,10,593
0.0,-2.4,3.025,360,1.0,1.0,6,10,594
0.0,-2.7,3.181767620683362,360,1.0,0.0,7,10,595
0.0,-2.5,3.35,360,1.0,2.0,8,10,596
213.22222222222223,0.1,3.5182323793166383,360,1.0,3.0,9,10,597
392.7777777777778,2.6,3.6750000000000003,360,1.0,2.0,10,10,598
527.4444444444445,4.3,3.809619407771256,360,0.92,3.0,11,10,599
673.3333333333333,6.9,3.9129165124598853,360,0.8,5.0,12,10,600
707.0000000000001,6.7,3.9778517870878947,360,0.81,5.0,13,10,601
538.6666666666667,6.7,4.0,360,0.77,5.0,14,10,602
381.55555555555554,6.8,3.9778517870878947,360,0.77,5.0,15,10,603
213.22222222222223,5.7,3.9129165124598853,360,0.83,6.0,16,10,604
22.444444444444443,4.2,3.809619407771256,360,0.87,4.0,17,10,605
0.0,3.9,3.6750000000000003,360,0.84,5.0,18,10,606
0.0,3.7,3.5182323793166383,360,0.83,6.0,19,10,607
0.0,3.6,3.35,360,0.83,8.0,20,10,608
0.0,3.5,3.181767620683362,360,0.8,8.0,21,10,609
0.0,3.7,3.0250000000000004,360,0.83,10.0,22,10,610
0.0,3.5,2.890380592228744,360,0.91,9.0,23,10,611
0.0,3.7,2.787083487540115,360,0.94,11.0,24,10,612
0.0,4.1,3.542592717138665,360,0.98,10.0,1,11,613
0.0,4.9,3.5,360,0.99,10.0,2,11,614
0.0,5.7,3.542592717138665,360,1.0,10.0,3,11,615
0.0,6.7,3.6674682452694514,360,1.0,10.0,4,11,616
0.0,7.5,3.866116523516815,360,1.0,11.0,5,11,617
0.0,8.8,4.124999999999999,360,1.0,7.0,6,11,618
0.0,9.4,4.426476193621849,360,1.0,7.0,7,11,619
0.0,9.0,4.75,360,0.99,7.0,8,11,620
101.0,9.1,5.073523806378151,360,0.98,7.0,9,11,621
269.33333333333337,9.8,5.375,360,0.95,9.0,10,11,622
258.11111111111114,10.3,5.633883476483184,360,0.88,10.0,11,11,623
303.0,10.2,5.832531754730549,360,0.87,9.0,12,11,624
505.0,10.3,5.957407282861335,360,0.78,10.0,13,11,625
235.66666666666669,10.0,6.0,360,0.78,8.0,14,11,626
426.44444444444446,10.8,5.957407282861335,360,0.75,7.0,15,11,627
89.77777777777777,9.8,5.832531754730549,360,0.81,8.0,16,11,628
11.222222222222221,9.6,5.633883476483184,360,0.76,7.0,17,11,629
0.0,8.9,5.375,360,0.78,8.0,18,11,630
0.0,8.4,5.073523806378151,360,0.76,5.0,19,11,631
0.0,8.0,4.75,360,0.77,3.0,20,11,632
0.0,6.4,4.426476193621849,360,0.88,4.0,21,11,633
0.0,5.4,4.125,360,0.95,4.0,22,11,634
0.0,5.0,3.8661165235168156,360,0.97,4.0,23,11,635
0.0,4.6,3.6674682452694514,360,0.98,4.0,24,11,636
0.0,4.6,5.140889008453118,360,0.98,4.0,1,12,637
0.0,5.1,5.1,360,0.96,4.0,2,12,638
0.0,5.1,5.140889008453118,360,0.96,4.0,3,12,639
0.0,5.8,5.260769515458673,360,0.92,4.0,4,12,640
0.0,6.1,5.451471862576142,360,0.93,6.0,5,12,641
0.0,5.9,5.699999999999999,360,1.0,6.0,6,12,642
0.0,6.3,5.989417145876975,360,1.0,7.0,7,12,643
0.0,6.9,6.3,360,1.0,6.0,8,12,644
22.444444444444443,7.8,6.610582854123025,360,1.0,6.0,9,12,645
78.55555555555554,8.4,6.9,360,1.0,7.0,10,12,646
168.33333333333331,9.6,7.148528137423857,360,1.0,6.0,11,12,647
246.8888888888889,10.9,7.339230484541327,360,1.0,8.0,12,12,648
123.44444444444446,11.3,7.459110991546882,360,1.0,8.0,13,12,649
112.22222222222223,11.6,7.5,360,1.0,8.0,14,12,650
67.33333333333334,11.3,7.459110991546882,360,1.0,8.0,15,12,651
44.888888888888886,11.3,7.339230484541327,360,1.0,8.0,16,12,652
0.0,11.2,7.148528137423857,360,1.0,8.0,17,12,653
0.0,11.3,6.9,360,1.0,8.0,18,12,654
0.0,11.3,6.610582854123025,360,1.0,8.0,19,12,655
0.0,11.2,6.3,360,1.0,9.0,20,12,656
0.0,11.2,5.989417145876975,360,1.0,8.0,21,12,657
0.0,11.3,5.7,360,1.0,8.0,22,12,658
0.0,11.3,5.451471862576143,360,1.0,10.0,23,12,659
0.0,11.2,5.260769515458673,360,1.0,8.0,24,12,660
0.0,11.3,6.730666756339838,360,1.0,7.0,1,13,661
0.0,11.2,6.699999999999999,360,1.0,8.0,2,13,662
0.0,11.2,6.730666756339838,360,1.0,7.0,3,13,663
0.0,11.3,6.820577136594005,360,1.0,7.0,4,13,664
0.0,11.5,6.963603896932106,360,1.0,8.0,5,13,665
0.0,11.4,7.1499999999999995,360,1.0,8.0,6,13,666
0.0,11.3,7.367062859407731,360,1.0,8.0,7,13,667
0.0,11.3,7.6,360,1.0,8.0,8,13,668
22.444444444444443,11.3,7.832937140592268,360,1.0,7.0,9,13,669
44.888888888888886,11.5,8.049999999999999,360,1.0,7.0,10,13,670
89.77777777777777,11.8,8.236396103067893,360,1.0,7.0,11,13,671
157.1111111111111,12.3,8.379422863405994,360,0.97,6.0,12,13,672
258.11111111111114,12.5,8.469333243660161,360,0.94,6.0,13,13,673
246.8888888888889,12.8,8.5,360,0.94,6.0,14,13,674
101.0,12.7,8.469333243660161,360,0.91,6.0,15,13,675
89.77777777777777,12.4,8.379422863405994,360,0.89,6.0,16,13,676
11.222222222222221,11.7,8.236396103067893,360,0.9,5.0,17,13,677
0.0,11.5,8.049999999999999,360,0.9,4.0,18,13,678
0.0,11.1,7.832937140592268,360,0.92,3.0,19,13,679
0.0,10.9,7.6,360,0.93,3.0,20,13,680
0.0,10.7,7.367062859407731,360,0.93,4.0,21,13,681
0.0,10.6,7.15,360,0.94,4.0,22,13,682
0.0,10.4,6.963603896932107,360,0.94,4.0,23,13,683
0.0,10.3,6.820577136594005,360,0.93,4.0,24,13,684
0.0,10.5,7.711925960798827,360,0.92,4.0,1,14,685
0.0,10.4,7.700000000000001,360,0.91,4.0,2,14,686
0.0,10.4,7.711925960798827,360,0.91,4.0,3,14,687
0.0,10.4,7.746891108675447,360,0.91,4.0,4,14,688
0.0,10.0,7.802512626584709,360,0.91,4.0,5,14,689
0.0,10.2,7.875000000000001,360,0.9,5.0,6,14,690
0.0,10.0,7.959413334214118,360,0.91,5.0,7,14,691
0.0,9.8,8.05,360,0.91,4.0,8,14,692
78.55555555555554,10.4,8.140586665785882,360,0.9,5.0,9,14,693
224.44444444444446,11.3,8.225000000000001,360,0.85,4.0,10,14,694
291.77777777777777,11.9,8.297487373415292,360,0.8,6.0,11,14,695
359.1111111111111,11.7,8.353108891324554,360,0.77,7.0,12,14,696
291.77777777777777,12.1,8.388074039201175,360,0.77,6.0,13,14,697
303.0,12.2,8.4,360,0.74,6.0,14,14,698
213.22222222222223,12.3,8.388074039201175,360,0.76,6.0,15,14,699
101.0,9.5,8.353108891324554,360,0.93,8.0,16,14,700
11.222222222222221,9.1,8.297487373415292,360,0.95,6.0,17,14,701
0.0,9.5,8.225000000000001,360,0.97,6.0,18,14,702
0.0,9.5,8.140586665785882,360,0.96,6.0,19,14,703
0.0,8.9,8.05,360,0.99,4.0,20,14,704
0.0,8.8,7.959413334214118,360,0.99,4.0,21,14,705
0.0,9.1,7.875000000000001,360,0.99,4.0,22,14,706
0.0,9.2,7.802512626584709,360,0.99,4.0,23,14,707
0.0,9.3,7.746891108675447,360,0.98,5.0,24,14,708
0.0,9.3,7.315333378169919,360,0.95,5.0,1,15,709
0.0,8.3,7.300000000000001,360,0.95,5.0,2,15,710
0.0,7.8,7.315333378169919,360,1.0,5.0,3,15,711
0.0,7.3,7.360288568297003,360,1.0,5.0,4,15,712
0.0,7.1,7.431801948466053,360,1.0,5.0,5,15,713
0.0,7.5,7.525,360,1.0,4.0,6,15,714
0.0,8.0,7.633531429703866,360,1.0,6.0,7,15,715
0.0,8.2,7.75,360,1.0,4.0,8,15,716
78.55555555555554,8.6,7.866468570296134,360,1.0,6.0,9,15,717
134.66666666666669,9.2,7.975,360,1.0,6.0,10,15,718
134.66666666666669,9.6,8.068198051533946,360,0.97,6.0,11,15,719
314.2222222222222,10.2,8.139711431702997,360,0.92,6.0,12,15,720
460.11111111111114,10.6,8.18466662183008,360,0.91,6.0,13,15,721
291.77777777777777,10.9,8.2,360,0.9,6.0,14,15,722
291.77777777777777,11.0,8.18466662183008,360,0.89,5.0,15,15,723
224.44444444444446,11.0,8.139711431702997,360,0.89,4.0,16,15,724
33.66666666666667,9.0,8.068198051533946,360,0.97,2.0,17,15,725
0.0,7.4,7.975,360,1.0,2.0,18,15,726
0.0,6.7,7.866468570296134,360,1.0,2.0,19,15,727
0.0,8.6,7.75,360,0.96,5.0,20,15,728
0.0,8.3,7.633531429703866,360,0.96,6.0,21,15,729
0.0,7.9,7.525,360,0.94,6.0,22,15,730
0.0,6.5,7.431801948466054,360,0.94,4.0,23,15,731
0.0,6.2,7.360288568297003,360,0.94,2.0,24,15,732
0.0,5.7,5.023851921597652,360,0.97,2.0,1,16,733
0.0,5.0,5.0,360,0.98,2.0,2,16,734
0.0,4.0,5.023851921597652,360,1.0,2.0,3,16,735
0.0,3.8,5.093782217350893,360,1.0,1.0,4,16,736
0.0,3.6,5.205025253169416,360,1.0,2.0,5,16,737
0.0,3.0,5.35,360,1.0,2.0,6,16,738
0.0,2.9,5.518826668428236,360,1.0,2.0,7,16,739
11.222222222222221,2.1,5.7,360,1.0,3.0,8,16,740
157.1111111111111,5.4,5.881173331571765,360,0.93,4.0,9,16,741
381.55555555555554,8.2,6.050000000000001,360,0.8,6.0,10,16,742
594.7777777777778,9.3,6.194974746830583,360,0.82,8.0,11,16,743
718.2222222222222,10.5,6.3062177826491075,360,0.78,6.0,12,16,744
606.0,10.2,6.376148078402348,360,0.84,6.0,13,16,745
325.44444444444446,10.1,6.4,360,0.89,5.0,14,16,746
258.11111111111114,9.7,6.376148078402348,360,0.91,5.0,15,16,747
145.88888888888889,9.1,6.3062177826491075,360,0.91,5.0,16,16,748
33.66666666666667,7.5,6.194974746830583,360,0.97,4.0,17,16,749
0.0,6.8,6.050000000000001,360,0.99,3.0,18,16,750
0.0,6.4,5.881173331571765,360,1.0,2.0,19,16,751
0.0,3.3,5.7,360,1.0,1.0,20,16,752
0.0,4.9,5.518826668428236,360,1.0,2.0,21,16,753
0.0,3.1,5.3500000000000005,360,1.0,2.0,22,16,754
0.0,2.7,5.205025253169417,360,1.0,2.0,23,16,755
0.0,1.8,5.093782217350893,360,1.0,2.0,24,16,756
0.0,3.3,4.930666756339839,360,1.0,2.0,1,17,757
0.0,5.8,4.9,360,1.0,4.0,2,17,758
0.0,6.2,4.930666756339839,360,0.98,6.0,3,17,759
0.0,6.5,5.020577136594006,360,0.97,6.0,4,17,760
0.0,6.1,5.163603896932107,360,0.98,7.0,5,17,761
0.0,6.0,5.3500000000000005,360,0.98,7.0,6,17,762
0.0,5.6,5.5670628594077325,360,0.99,7.0,7,17,763
11.222222222222221,5.1,5.800000000000001,360,1.0,7.0,8,17,764
78.55555555555554,5.6,6.032937140592269,360,1.0,8.0,9,17,765
213.22222222222223,6.9,6.250000000000001,360,1.0,7.0,10,17,766
213.22222222222223,7.7,6.436396103067893,360,0.98,7.0,11,17,767
303.0,8.6,6.579422863405996,360,0.95,6.0,12,17,768
415.2222222222223,9.9,6.669333243660162,360,0.9,6.0,13,17,769
280.55555555555554,10.4,6.700000000000001,360,0.92,6.0,14,17,770
134.66666666666669,10.7,6.669333243660162,360,0.91,5.0,15,17,771
56.111111111111114,10.3,6.579422863405996,360,0.92,6.0,16,17,772
11.222222222222221,10.1,6.436396103067893,360,0.93,6.0,17,17,773
0.0,9.8,6.250000000000001,360,0.94,4.0,18,17,774
0.0,8.7,6.032937140592269,360,0.97,4.0,19,17,775
0.0,8.2,5.800000000000001,360,0.99,4.0,20,17,776
0.0,8.0,5.5670628594077325,360,1.0,4.0,21,17,777
0.0,8.1,5.350000000000001,360,1.0,4.0,22,17,778
0.0,8.2,5.163603896932108,360,1.0,4.0,23,17,779
0.0,8.3,5.020577136594006,360,1.0,4.0,24,17,780
0.0,8.4,6.413629669484374,360,1.0,5.0,1,18,781
0.0,8.3,6.4,360,1.0,6.0,2,18,782
0.0,8.4,6.413629669484373,360,1.0,5.0,3,18,783
0.0,8.6,6.453589838486225,360,1.0,6.0,4,18,784
0.0,8.6,6.517157287525381,360,1.0,5.0,5,18,785
0.0,7.9,6.6000000000000005,360,1.0,3.0,6,18,786
0.0,7.3,6.696472381958992,360,1.0,4.0,7,18,787
0.0,6.3,6.800000000000001,360,1.0,4.0,8,18,788
112.22222222222223,6.9,6.903527618041009,360,1.0,4.0,9,18,789
381.55555555555554,8.2,7.000000000000001,360,0.91,5.0,10,18,790
404.0,8.3,7.08284271247462,360,0.81,5.0,11,18,791
448.8888888888889,9.0,7.146410161513776,360,0.77,5.0,12,18,792
437.6666666666667,9.4,7.186370330515628,360,0.79,4.0,13,18,793
370.33333333333337,9.6,7.200000000000001,360,0.76,5.0,14,18,794
291.77777777777777,9.4,7.186370330515628,360,0.78,4.0,15,18,795
101.0,8.9,7.146410161513776,360,0.81,4.0,16,18,796
11.222222222222221,8.0,7.08284271247462,360,0.87,5.0,17,18,797
0.0,7.3,7.000000000000001,360,0.85,7.0,18,18,798
0.0,6.4,6.903527618041009,360,0.84,8.0,19,18,799
0.0,5.3,6.800000000000001,360,0.87,6.0,20,18,800
0.0,4.9,6.696472381958992,360,0.9,5.0,21,18,801
0.0,3.3,6.6000000000000005,360,0.95,4.0,22,18,802
0.0,3.2,6.517157287525382,360,0.96,4.0,23,18,803
0.0,2.9,6.453589838486225,360,0.93,5.0,24,18,804
0.0,2.6,4.310222252113279,360,0.9,6.0,1,19,805
0.0,2.2,4.299999999999999,360,0.89,6.0,2,19,806
0.0,1.9,4.310222252113279,360,0.89,6.0,3,19,807
0.0,1.4,4.340192378864668,360,0.91,5.0,4,19,808
0.0,1.4,4.387867965644035,360,0.92,6.0,5,19,809
0.0,1.1,4.449999999999999,360,0.92,6.0,6,19,810
0.0,1.1,4.522354286469243,360,0.91,6.0,7,19,811
11.222222222222221,1.1,4.6,360,0.9,6.0,8,19,812
157.1111111111111,1.9,4.677645713530756,360,0.86,7.0,9,19,813
370.33333333333337,3.3,4.75,360,0.81,6.0,10,19,814
594.7777777777778,4.7,4.812132034355964,360,0.79,8.0,11,19,815
774.3333333333333,5.2,4.859807621135332,360,0.73,9.0,12,19,816
751.8888888888888,6.0,4.88977774788672,360,0.69,8.0,13,19,817
684.5555555555557,6.2,4.9,360,0.68,9.0,14,19,818
505.0,6.0,4.88977774788672,360,0.65,8.0,15,19,819
258.11111111111114,5.3,4.859807621135332,360,0.68,9.0,16,19,820
33.66666666666667,3.6,4.812132034355964,360,0.78,7.0,17,19,821
0.0,2.9,4.75,360,0.81,4.0,18,19,822
0.0,2.7,4.677645713530756,360,0.81,6.0,19,19,823
0.0,1.8,4.6,360,0.92,7.0,20,19,824
0.0,1.2,4.522354286469243,360,0.94,6.0,21,19,825
0.0,0.8,4.449999999999999,360,0.93,6.0,22,19,826
0.0,0.7,4.387867965644035,360,0.92,5.0,23,19,827
0.0,0.6,4.340192378864668,360,0.91,6.0,24,19,828
0.0,0.2,2.913629669484372,360,0.93,4.0,1,20,829
0.0,-0.6,2.8999999999999995,360,0.94,4.0,2,20,830
0.0,-0.8,2.913629669484372,360,0.95,4.0,3,20,831
0.0,-1.3,2.953589838486224,360,0.96,3.0,4,20,832
0.0,-1.1,3.0171572875253805,360,0.97,4.0,5,20,833
0.0,-0.7,3.0999999999999996,360,0.98,4.0,6,20,834
0.0,0.1,3.1964723819589915,360,0.96,4.0,7,20,835
11.222222222222221,0.1,3.3,360,0.97,5.0,8,20,836
134.66666666666669,0.4,3.403527618041008,360,0.97,6.0,9,20,837
168.33333333333331,0.6,3.5,360,0.99,6.0,10,20,838
190.77777777777777,1.4,3.582842712474619,360,0.95,6.0,11,20,839
314.2222222222222,1.9,3.646410161513775,360,0.92,6.0,12,20,840
404.0,2.9,3.6863703305156275,360,0.88,5.0,13,20,841
224.44444444444446,3.5,3.7,360,0.86,6.0,14,20,842
224.44444444444446,3.9,3.6863703305156275,360,0.73,9.0,15,20,843
269.33333333333337,4.3,3.646410161513775,360,0.7,10.0,16,20,844
33.66666666666667,2.0,3.582842712474619,360,0.76,9.0,17,20,845
0.0,1.4,3.5,360,0.82,4.0,18,20,846
0.0,2.1,3.403527618041008,360,0.77,6.0,19,20,847
0.0,1.1,3.3,360,0.82,5.0,20,20,848
0.0,1.3,3.1964723819589915,360,0.79,4.0,21,20,849
0.0,0.5,3.0999999999999996,360,0.82,5.0,22,20,850
0.0,0.3,3.017157287525381,360,0.84,5.0,23,20,851
0.0,0.2,2.9535898384862245,360,0.84,5.0,24,20,852
0.0,0.0,2.11022225211328,360,0.86,5.0,1,21,853
0.0,-0.3,2.1000000000000005,360,0.87,6.0,2,21,854
0.0,-0.5,2.11022225211328,360,0.89,7.0,3,21,855
0.0,-1.1,2.140192378864669,360,0.92,6.0,4,21,856
0.0,-1.3,2.187867965644036,360,0.94,6.0,5,21,857
0.0,-0.9,2.25,360,0.94,7.0,6,21,858
0.0,-1.0,2.322354286469244,360,0.95,7.0,7,21,859
11.222222222222221,-0.8,2.4000000000000004,360,0.93,8.0,8,21,860
33.66666666666667,-0.5,2.4776457135307566,360,0.91,7.0,9,21,861
89.77777777777777,0.0,2.5500000000000003,360,0.87,6.0,10,21,862
190.77777777777777,0.4,2.6121320343559646,360,0.84,6.0,11,21,863
381.55555555555554,0.7,2.659807621135332,360,0.82,7.0,12,21,864
448.8888888888889,1.4,2.689777747886721,360,0.78,8.0,13,21,865
606.0,1.9,2.7,360,0.71,8.0,14,21,866
493.7777777777778,2.1,2.689777747886721,360,0.7,10.0,15,21,867
269.33333333333337,2.0,2.659807621135332,360,0.69,10.0,16,21,868
44.888888888888886,0.7,2.6121320343559646,360,0.77,7.0,17,21,869
0.0,-0.1,2.5500000000000003,360,0.81,5.0,18,21,870
0.0,-0.3,2.4776457135307566,360,0.84,6.0,19,21,871
0.0,0.0,2.4000000000000004,360,0.82,9.0,20,21,872
0.0,-0.3,2.322354286469244,360,0.8,10.0,21,21,873
0.0,-0.6,2.2500000000000004,360,0.76,9.0,22,21,874
0.0,-1.1,2.187867965644036,360,0.76,8.0,23,21,875
0.0,-1.3,2.140192378864669,360,0.75,8.0,24,21,876
0.0,-2.0,1.4187407955410123,360,0.81,8.0,1,22,877
0.0,-2.4,1.4,360,0.86,7.0,2,22,878
0.0,-2.6,1.4187407955410123,360,0.9,7.0,3,22,879
0.0,-2.7,1.4736860279185586,360,0.93,8.0,4,22,880
0.0,-2.8,1.5610912703473985,360,0.95,6.0,5,22,881
0.0,-2.4,1.6749999999999998,360,0.94,6.0,6,22,882
0.0,-1.9,1.8076495251936135,360,0.92,10.0,7,22,883
0.0,-1.2,1.95,360,0.9,10.0,8,22,884
101.0,-0.4,2.0923504748063864,360,0.89,8.0,9,22,885
101.0,0.1,2.225,360,0.88,8.0,10,22,886
269.33333333333337,0.8,2.338908729652601,360,0.85,9.0,11,22,887
202.0,0.6,2.4263139720814415,360,0.91,8.0,12,22,888
112.22222222222223,0.6,2.4812592044589876,360,0.95,7.0,13,22,889
67.33333333333334,0.7,2.5,360,0.97,6.0,14,22,890
101.0,1.3,2.4812592044589876,360,0.94,6.0,15,22,891
89.77777777777777,1.6,2.4263139720814415,360,0.92,6.0,16,22,892
11.222222222222221,1.6,2.338908729652601,360,0.93,5.0,17,22,893
0.0,2.3,2.225,360,0.86,7.0,18,22,894
0.0,2.7,2.0923504748063864,360,0.89,8.0,19,22,895
0.0,2.6,1.95,360,0.91,6.0,20,22,896
0.0,2.8,1.8076495251936135,360,0.94,8.0,21,22,897
0.0,3.0,1.675,360,0.95,7.0,22,22,898
0.0,3.2,1.561091270347399,360,0.93,6.0,23,22,899
0.0,3.5,1.4736860279185586,360,0.9,8.0,24,22,900
0.0,3.2,1.9136296694843724,360,0.88,10.0,1,23,901
0.0,2.5,1.8999999999999997,360,0.89,7.0,2,23,902
0.0,1.8,1.9136296694843724,360,0.84,8.0,3,23,903
0.0,1.1,1.9535898384862243,360,0.84,8.0,4,23,904
0.0,0.2,2.0171572875253805,360,0.86,7.0,5,23,905
0.0,-0.2,2.0999999999999996,360,0.84,8.0,6,23,906
0.0,-0.7,2.1964723819589915,360,0.86,6.0,7,23,907
11.222222222222221,-0.8,2.3,360,0.86,7.0,8,23,908
190.77777777777777,-0.1,2.403527618041008,360,0.8,8.0,9,23,909
471.33333333333337,0.7,2.5,360,0.72,10.0,10,23,910
639.6666666666667,2.3,2.582842712474619,360,0.68,10.0,11,23,911
774.3333333333333,3.1,2.646410161513775,360,0.67,12.0,12,23,912
785.5555555555557,3.5,2.6863703305156275,360,0.64,13.0,13,23,913
718.2222222222222,4.2,2.7,360,0.63,13.0,14,23,914
505.0,3.4,2.6863703305156275,360,0.69,12.0,15,23,915
258.11111111111114,3.0,2.646410161513775,360,0.72,11.0,16,23,916
33.66666666666667,1.9,2.582842712474619,360,0.78,11.0,17,23,917
0.0,1.4,2.5,360,0.84,8.0,18,23,918
0.0,0.8,2.403527618041008,360,0.87,5.0,19,23,919
0.0,1.8,2.3,360,0.87,4.0,20,23,920
0.0,2.2,2.1964723819589915,360,0.89,6.0,21,23,921
0.0,3.3,2.0999999999999996,360,0.9,7.0,22,23,922
0.0,3.2,2.017157287525381,360,0.92,6.0,23,23,923
0.0,3.4,1.9535898384862243,360,0.94,5.0,24,23,924
0.0,3.7,2.423851921597652,360,0.93,4.0,1,24,925
0.0,3.5,2.3999999999999995,360,0.94,6.0,2,24,926
0.0,3.5,2.423851921597652,360,0.96,6.0,3,24,927
0.0,3.4,2.4937822173508923,360,0.97,4.0,4,24,928
0.0,3.5,2.605025253169416,360,0.98,5.0,5,24,929
0.0,3.7,2.749999999999999,360,0.96,6.0,6,24,930
0.0,3.7,2.918826668428235,360,0.97,5.0,7,24,931
11.222222222222221,4.0,3.0999999999999996,360,0.96,6.0,8,24,932
33.66666666666667,4.2,3.281173331571764,360,0.96,6.0,9,24,933
112.22222222222223,4.8,3.4499999999999997,360,0.93,6.0,10,24,934
145.88888888888889,5.1,3.594974746830583,360,0.91,6.0,11,24,935
168.33333333333331,5.2,3.706217782649107,360,0.89,6.0,12,24,936
168.33333333333331,5.4,3.7761480784023473,360,0.86,6.0,13,24,937
224.44444444444446,5.5,3.8,360,0.84,6.0,14,24,938
168.33333333333331,5.2,3.7761480784023473,360,0.85,6.0,15,24,939
123.44444444444446,4.9,3.706217782649107,360,0.84,6.0,16,24,940
22.444444444444443,4.7,3.594974746830583,360,0.84,6.0,17,24,941
0.0,4.5,3.4499999999999997,360,0.84,6.0,18,24,942
0.0,4.2,3.281173331571764,360,0.85,5.0,19,24,943
0.0,4.3,3.0999999999999996,360,0.83,5.0,20,24,944
0.0,3.2,2.918826668428235,360,0.9,5.0,21,24,945
0.0,2.8,2.75,360,0.92,5.0,22,24,946
0.0,2.3,2.6050252531694165,360,0.94,5.0,23,24,947
0.0,2.5,2.4937822173508923,360,0.94,4.0,24,24,948
0.0,2.5,3.118740795541013,360,0.97,4.0,1,25,949
0.0,2.5,3.1000000000000005,360,0.99,4.0,2,25,950
0.0,2.6,3.1187407955410125,360,0.99,4.0,3,25,951
0.0,2.9,3.173686027918559,360,1.0,4.0,4,25,952
0.0,2.8,3.261091270347399,360,1.0,3.0,5,25,953
0.0,2.7,3.375,360,1.0,3.0,6,25,954
0.0,2.3,3.507649525193614,360,1.0,2.0,7,25,955
0.0,2.5,3.6500000000000004,360,1.0,2.0,8,25,956
67.33333333333334,2.8,3.792350474806387,360,0.99,2.0,9,25,957
168.33333333333331,3.6,3.9250000000000003,360,0.95,2.0,10,25,958
269.33333333333337,4.4,4.038908729652602,360,0.88,2.0,11,25,959
280.55555555555554,5.0,4.126313972081442,360,0.83,2.0,12,25,960
258.11111111111114,5.3,4.181259204458988,360,0.77,3.0,13,25,961
235.66666666666669,5.5,4.2,360,0.79,4.0,14,25,962
370.33333333333337,6.1,4.181259204458988,360,0.74,4.0,15,25,963
179.55555555555554,5.3,4.126313972081442,360,0.77,3.0,16,25,964
33.66666666666667,4.6,4.038908729652602,360,0.85,2.0,17,25,965
0.0,3.2,3.9250000000000003,360,0.88,2.0,18,25,966
0.0,1.9,3.792350474806387,360,0.91,3.0,19,25,967
0.0,1.8,3.6500000000000004,360,0.9,4.0,20,25,968
0.0,1.0,3.507649525193614,360,0.92,4.0,21,25,969
0.0,0.3,3.3750000000000004,360,0.96,3.0,22,25,970
0.0,0.1,3.261091270347399,360,0.98,3.0,23,25,971
0.0,0.5,3.173686027918559,360,1.0,2.0,24,25,972
0.0,0.7,2.613629669484373,360,1.0,4.0,1,26,973
0.0,0.8,2.6,360,1.0,4.0,2,26,974
0.0,0.5,2.613629669484373,360,1.0,4.0,3,26,975
0.0,0.4,2.6535898384862247,360,1.0,4.0,4,26,976
0.0,0.2,2.7171572875253807,360,1.0,4.0,5,26,977
0.0,0.2,2.8,360,0.99,4.0,6,26,978
0.0,0.8,2.8964723819589917,360,0.92,5.0,7,26,979
11.222222222222221,0.9,3.0,360,0.91,5.0,8,26,980
44.888888888888886,1.4,3.1035276180410083,360,0.87,6.0,9,26,981
123.44444444444446,2.0,3.2,360,0.87,7.0,10,26,982
246.8888888888889,2.5,3.282842712474619,360,0.9,8.0,11,26,983
168.33333333333331,2.6,3.3464101615137753,360,0.94,8.0,12,26,984
190.77777777777777,2.9,3.386370330515627,360,0.95,8.0,13,26,985
235.66666666666669,3.6,3.4,360,0.96,8.0,14,26,986
145.88888888888889,3.6,3.386370330515627,360,0.95,8.0,15,26,987
78.55555555555554,3.3,3.3464101615137753,360,0.97,7.0,16,26,988
22.444444444444443,3.0,3.282842712474619,360,0.96,7.0,17,26,989
0.0,2.6,3.2,360,0.97,7.0,18,26,990
0.0,2.4,3.1035276180410083,360,0.97,7.0,19,26,991
0.0,2.0,3.0,360,0.98,6.0,20,26,992
0.0,1.9,2.8964723819589917,360,0.98,4.0,21,26,993
0.0,2.1,2.8000000000000003,360,0.98,4.0,22,26,994
0.0,2.1,2.717157287525381,360,0.99,4.0,23,26,995
0.0,1.9,2.6535898384862247,360,0.99,3.0,24,26,996
0.0,1.7,2.711925960798826,360,1.0,3.0,1,27,997
0.0,1.5,2.7,360,1.0,3.0,2,27,998
0.0,1.6,2.711925960798826,360,1.0,5.0,3,27,999
0.0,1.8,2.746891108675446,360,1.0,6.0,4,27,1000
0.0,1.4,2.8025126265847082,360,0.99,6.0,5,27,1001
0.0,1.6,2.8749999999999996,360,0.99,8.0,6,27,1002
0.0,1.4,2.959413334214118,360,0.99,8.0,7,27,1003
0.0,1.3,3.05,360,0.97,7.0,8,27,1004
44.888888888888886,1.3,3.140586665785882,360,0.96,8.0,9,27,1005
101.0,1.9,3.2249999999999996,360,0.94,8.0,10,27,1006
123.44444444444446,2.5,3.2974873734152914,360,0.91,9.0,11,27,1007
213.22222222222223,3.3,3.3531088913245535,360,0.89,8.0,12,27,1008
336.66666666666663,4.0,3.3880740392011734,360,0.85,8.0,13,27,1009
437.6666666666667,4.5,3.3999999999999995,360,0.83,9.0,14,27,1010
347.8888888888889,3.6,3.3880740392011734,360,0.84,9.0,15,27,1011
157.1111111111111,3.1,3.3531088913245535,360,0.83,10.0,16,27,1012
44.888888888888886,2.4,3.2974873734152914,360,0.88,8.0,17,27,1013
0.0,2.6,3.2249999999999996,360,0.89,7.0,18,27,1014
0.0,2.6,3.140586665785882,360,0.91,7.0,19,27,1015
0.0,2.5,3.05,360,0.9,9.0,20,27,1016
0.0,2.3,2.959413334214118,360,0.9,8.0,21,27,1017
0.0,2.3,2.875,360,0.89,8.0,22,27,1018
0.0,2.9,2.8025126265847082,360,0.86,8.0,23,27,1019
0.0,2.6,2.746891108675446,360,0.86,9.0,24,27,1020
0.0,1.6,2.0136296694843727,360,0.9,7.0,1,28,1021
0.0,1.3,2.0,360,0.91,7.0,2,28,1022
0.0,1.1,2.0136296694843727,360,0.91,7.0,3,28,1023
0.0,0.8,2.0535898384862246,360,0.91,8.0,4,28,1024
0.0,0.5,2.117157287525381,360,0.91,6.0,5,28,1025
0.0,0.0,2.1999999999999997,360,0.93,6.0,6,28,1026
0.0,0.7,2.2964723819589916,360,0.88,8.0,7,28,1027
11.222222222222221,0.4,2.4,360,0.86,8.0,8,28,1028
123.44444444444446,0.7,2.503527618041008,360,0.84,10.0,9,28,1029
202.0,1.1,2.6,360,0.83,9.0,10,28,1030
280.55555555555554,1.7,2.682842712474619,360,0.83,9.0,11,28,1031
280.55555555555554,2.3,2.7464101615137753,360,0.81,8.0,12,28,1032
437.6666666666667,3.2,2.786370330515627,360,0.81,10.0,13,28,1033
246.8888888888889,2.6,2.8,360,0.81,8.0,14,28,1034
258.11111111111114,3.0,2.786370330515627,360,0.79,9.0,15,28,1035
213.22222222222223,2.7,2.7464101615137753,360,0.81,10.0,16,28,1036
22.444444444444443,1.8,2.682842712474619,360,0.89,9.0,17,28,1037
11.222222222222221,1.4,2.6,360,0.89,9.0,18,28,1038
0.0,1.4,2.503527618041008,360,0.87,8.0,19,28,1039
0.0,1.5,2.4,360,0.85,8.0,20,28,1040
0.0,1.4,2.2964723819589916,360,0.84,8.0,21,28,1041
0.0,1.0,2.2,360,0.85,8.0,22,28,1042
0.0,0.2,2.117157287525381,360,0.89,6.0,23,28,1043
0.0,-0.1,2.0535898384862246,360,0.91,6.0,24,28,1044
0.0,-0.5,1.8187407955410126,360,0.93,6.0,1,29,1045
0.0,-0.5,1.8000000000000003,360,0.93,5.0,2,29,1046
0.0,-0.4,1.8187407955410126,360,0.93,5.0,3,29,1047
0.0,-0.2,1.8736860279185588,360,0.92,5.0,4,29,1048
0.0,0.1,1.9610912703473988,360,0.9,4.0,5,29,1049
0.0,-0.6,2.0749999999999997,360,0.93,4.0,6,29,1050
0.0,-0.7,2.207649525193614,360,0.93,4.0,7,29,1051
0.0,-0.7,2.35,360,0.93,5.0,8,29,1052
78.55555555555554,-0.4,2.4923504748063863,360,0.92,6.0,9,29,1053
303.0,0.7,2.625,360,0.88,6.0,10,29,1054
404.0,1.0,2.7389087296526013,360,0.85,6.0,11,29,1055
482.5555555555556,1.8,2.8263139720814414,360,0.83,6.0,12,29,1056
617.2222222222222,4.1,2.8812592044589875,360,0.76,6.0,13,29,1057
751.8888888888888,5.5,2.9,360,0.71,6.0,14,29,1058
549.8888888888889,6.0,2.8812592044589875,360,0.65,7.0,15,29,1059
314.2222222222222,5.1,2.8263139720814414,360,0.71,8.0,16,29,1060
56.111111111111114,3.1,2.7389087296526013,360,0.77,8.0,17,29,1061
0.0,1.7,2.625,360,0.83,8.0,18,29,1062
0.0,0.7,2.4923504748063863,360,0.86,7.0,19,29,1063
0.0,-0.3,2.35,360,0.9,8.0,20,29,1064
0.0,-1.0,2.207649525193614,360,0.91,8.0,21,29,1065
0.0,-1.5,2.075,360,0.92,8.0,22,29,1066
0.0,-1.2,1.961091270347399,360,0.9,8.0,23,29,1067
0.0,-1.2,1.8736860279185588,360,0.88,9.0,24,29,1068
0.0,-1.5,1.408518543427733,360,0.87,8.0,1,30,1069
0.0,-1.7,1.4,360,0.87,8.0,2,30,1070
0.0,-1.9,1.4085185434277327,360,0.87,8.0,3,30,1071
0.0,-1.9,1.43349364905389,360,0.86,7.0,4,30,1072
0.0,-1.9,1.473223304703363,360,0.87,7.0,5,30,1073
0.0,-1.9,1.525,360,0.83,8.0,6,30,1074
0.0,-1.7,1.5852952387243697,360,0.82,8.0,7,30,1075
11.222222222222221,-1.6,1.65,360,0.81,8.0,8,30,1076
56.111111111111114,-1.4,1.71470476127563,360,0.8,8.0,9,30,1077
134.66666666666669,-1.1,1.775,360,0.78,8.0,10,30,1078
280.55555555555554,-0.8,1.8267766952966369,360,0.78,8.0,11,30,1079
347.8888888888889,-0.7,1.8665063509461095,360,0.76,8.0,12,30,1080
359.1111111111111,0.0,1.891481456572267,360,0.76,7.0,13,30,1081
291.77777777777777,-0.2,1.9,360,0.77,7.0,14,30,1082
202.0,-0.4,1.891481456572267,360,0.77,7.0,15,30,1083
157.1111111111111,-0.6,1.8665063509461095,360,0.77,6.0,16,30,1084
44.888888888888886,-1.4,1.8267766952966369,360,0.81,6.0,17,30,1085
0.0,-2.3,1.775,360,0.85,2.0,18,30,1086
0.0,-2.2,1.71470476127563,360,0.89,2.0,19,30,1087
0.0,-1.6,1.65,360,0.87,4.0,20,30,1088
0.0,-1.5,1.5852952387243697,360,0.84,5.0,21,30,1089
0.0,-1.9,1.525,360,0.82,7.0,22,30,1090
0.0,-2.4,1.473223304703363,360,0.85,7.0,23,30,1091
0.0,-2.4,1.4334936490538903,360,0.85,5.0,24,30,1092
0.0,-2.6,0.908518543427733,360,0.86,6.0,1,31,1093
0.0,-2.6,0.8999999999999999,360,0.86,6.0,2,31,1094
0.0,-2.4,0.9085185434277329,360,0.87,5.0,3,31,1095
0.0,-2.5,0.9334936490538903,360,0.88,6.0,4,31,1096
0.0,-2.9,0.9732233047033629,360,0.89,6.0,5,31,1097
0.0,-3.1,1.025,360,0.89,6.0,6,31,1098
0.0,-3.2,1.0852952387243697,360,0.91,6.0,7,31,1099
11.222222222222221,-3.0,1.15,360,0.9,6.0,8,31,1100
44.888888888888886,-2.6,1.21470476127563,360,0.88,6.0,9,31,1101
123.44444444444446,-2.2,1.275,360,0.87,5.0,10,31,1102
190.77777777777777,-1.6,1.3267766952966369,360,0.84,5.0,11,31,1103
235.66666666666669,-1.0,1.3665063509461095,360,0.81,5.0,12,31,1104
325.44444444444446,-0.5,1.3914814565722669,360,0.78,6.0,13,31,1105
314.2222222222222,-0.1,1.4,360,0.78,5.0,14,31,1106
213.22222222222223,-0.1,1.3914814565722669,360,0.76,4.0,15,31,1107
101.0,-0.3,1.3665063509461095,360,0.8,4.0,16,31,1108
22.444444444444443,-0.5,1.3267766952966369,360,0.8,4.0,17,31,1109
0.0,-0.8,1.275,360,0.85,4.0,18,31,1110
0.0,-1.4,1.21470476127563,360,0.88,5.0,19,31,1111
0.0,-1.6,1.15,360,0.9,4.0,20,31,1112
0.0,-1.8,1.0852952387243697,360,0.91,4.0,21,31,1113
0.0,-1.9,1.025,360,0.89,4.0,22,31,1114
0.0,-2.0,0.973223304703363,360,0.87,4.0,23,31,1115
0.0,-2.1,0.9334936490538903,360,0.87,4.0,24,31,1116
0.0,-2.4,1.0034074173710934,360,0.87,4.0,1,32,1117
0.0,-2.7,1.0,360,0.89,4.0,2,32,1118
0.0,-2.8,1.0034074173710932,360,0.9,4.0,3,32,1119
0.0,-3.0,1.0133974596215563,360,0.92,4.0,4,32,1120
0.0,-3.0,1.0292893218813453,360,0.92,4.0,5,32,1121
0.0,-3.2,1.05,360,0.92,4.0,6,32,1122
0.0,-3.2,1.074118095489748,360,0.93,4.0,7,32,1123
0.0,-3.3,1.1,360,0.93,4.0,8,32,1124
33.66666666666667,-3.3,1.1258819045102522,360,0.92,4.0,9,32,1125
78.55555555555554,-2.9,1.1500000000000001,360,0.91,4.0,10,32,1126
123.44444444444446,-2.7,1.170710678118655,360,0.91,4.0,11,32,1127
134.66666666666669,-2.5,1.186602540378444,360,0.9,4.0,12,32,1128
145.88888888888889,-2.6,1.196592582628907,360,0.91,4.0,13,32,1129
123.44444444444446,-2.8,1.2000000000000002,360,0.9,4.0,14,32,1130
112.22222222222223,-3.0,1.196592582628907,360,0.9,4.0,15,32,1131
56.111111111111114,-3.2,1.186602540378444,360,0.89,4.0,16,32,1132
33.66666666666667,-3.3,1.170710678118655,360,0.87,3.0,17,32,1133
0.0,-3.0,1.1500000000000001,360,0.86,4.0,18,32,1134
0.0,-2.8,1.1258819045102522,360,0.87,4.0,19,32,1135
0.0,-2.6,1.1,360,0.89,2.0,20,32,1136
0.0,-2.6,1.074118095489748,360,0.91,3.0,21,32,1137
0.0,-2.9,1.05,360,0.92,4.0,22,32,1138
0.0,-3.0,1.0292893218813455,360,0.94,1.0,23,32,1139
0.0,-2.9,1.0133974596215563,360,0.98,1.0,24,32,1140
0.0,-2.6,1.0289630476542921,360,1.0,2.0,1,33,1141
0.0,-2.4,1.0,360,1.0,2.0,2,33,1142
0.0,-2.2,1.028963047654292,360,0.99,2.0,3,33,1143
0.0,-2.3,1.113878406783227,360,0.98,3.0,4,33,1144
0.0,-2.1,1.2489592359914343,360,0.98,2.0,5,33,1145
0.0,-2.0,1.4249999999999996,360,0.98,2.0,6,33,1146
0.0,-1.9,1.6300038116628575,360,0.98,2.0,7,33,1147
11.222222222222221,-1.7,1.85,360,0.99,3.0,8,33,1148
56.111111111111114,-1.4,2.069996188337143,360,1.0,3.0,9,33,1149
134.66666666666669,-1.0,2.2750000000000004,360,1.0,3.0,10,33,1150
224.44444444444446,-0.4,2.4510407640085656,360,1.0,2.0,11,33,1151
325.44444444444446,0.4,2.586121593216773,360,1.0,3.0,12,33,1152
392.7777777777778,1.4,2.671036952345708,360,0.98,4.0,13,33,1153
392.7777777777778,2.4,2.7,360,0.95,3.0,14,33,1154
291.77777777777777,2.7,2.671036952345708,360,0.96,3.0,15,33,1155
112.22222222222223,2.9,2.586121593216773,360,0.96,2.0,16,33,1156
44.888888888888886,2.7,2.4510407640085656,360,0.97,3.0,17,33,1157
0.0,2.4,2.2750000000000004,360,0.99,4.0,18,33,1158
0.0,2.3,2.069996188337143,360,1.0,3.0,19,33,1159
0.0,2.2,1.85,360,1.0,3.0,20,33,1160
0.0,2.2,1.6300038116628575,360,1.0,2.0,21,33,1161
0.0,2.3,1.4250000000000003,360,1.0,2.0,22,33,1162
0.0,2.6,1.2489592359914345,360,1.0,3.0,23,33,1163
0.0,2.7,1.1138784067832272,360,1.0,3.0,24,33,1164
0.0,3.0,2.542592717138665,360,1.0,4.0,1,34,1165
0.0,3.4,2.5,360,1.0,4.0,2,34,1166
0.0,3.6,2.542592717138665,360,1.0,4.0,3,34,1167
0.0,3.6,2.6674682452694514,360,1.0,4.0,4,34,1168
0.0,3.6,2.866116523516815,360,1.0,4.0,5,34,1169
0.0,3.7,3.1249999999999996,360,1.0,5.0,6,34,1170
0.0,4.1,3.4264761936218493,360,1.0,6.0,7,34,1171
11.222222222222221,4.6,3.75,360,1.0,4.0,8,34,1172
33.66666666666667,5.1,4.073523806378151,360,1.0,4.0,9,34,1173
123.44444444444446,6.0,4.375,360,1.0,4.0,10,34,1174
235.66666666666669,7.2,4.633883476483184,360,1.0,4.0,11,34,1175
213.22222222222223,8.2,4.832531754730549,360,1.0,4.0,12,34,1176
303.0,9.6,4.957407282861335,360,1.0,5.0,13,34,1177
269.33333333333337,9.7,5.0,360,1.0,6.0,14,34,1178
190.77777777777777,9.6,4.957407282861335,360,1.0,6.0,15,34,1179
89.77777777777777,9.4,4.832531754730549,360,1.0,5.0,16,34,1180
44.888888888888886,9.0,4.633883476483184,360,1.0,6.0,17,34,1181
0.0,8.8,4.375,360,1.0,5.0,18,34,1182
0.0,8.7,4.073523806378151,360,1.0,5.0,19,34,1183
0.0,8.6,3.75,360,1.0,4.0,20,34,1184
0.0,8.6,3.4264761936218493,360,1.0,5.0,21,34,1185
0.0,7.8,3.125,360,1.0,6.0,22,34,1186
0.0,7.0,2.8661165235168156,360,1.0,6.0,23,34,1187
0.0,6.6,2.6674682452694514,360,1.0,5.0,24,34,1188
0.0,6.2,4.820444504226559,360,1.0,5.0,1,35,1189
0.0,6.3,4.800000000000001,360,1.0,4.0,2,35,1190
0.0,6.1,4.820444504226559,360,1.0,4.0,3,35,1191
0.0,5.9,4.880384757729337,360,1.0,4.0,4,35,1192
0.0,6.7,4.975735931288072,360,1.0,4.0,5,35,1193
0.0,7.4,5.1,360,1.0,6.0,6,35,1194
0.0,7.0,5.244708572938488,360,1.0,6.0,7,35,1195
22.444444444444443,6.5,5.4,360,1.0,2.0,8,35,1196
101.0,7.0,5.555291427061513,360,1.0,4.0,9,35,1197
112.22222222222223,7.7,5.7,360,1.0,4.0,10,35,1198
190.77777777777777,8.2,5.824264068711929,360,1.0,6.0,11,35,1199
482.5555555555556,9.7,5.919615242270663,360,0.99,6.0,12,35,1200
370.33333333333337,10.0,5.979555495773441,360,0.85,8.0,13,35,1201
246.8888888888889,10.1,6.0,360,0.82,8.0,14,35,1202
213.22222222222223,10.1,5.979555495773441,360,0.83,6.0,15,35,1203
112.22222222222223,10.0,5.919615242270663,360,0.8,6.0,16,35,1204
56.111111111111114,9.7,5.824264068711929,360,0.83,6.0,17,35,1205
0.0,9.5,5.7,360,0.83,6.0,18,35,1206
0.0,9.3,5.555291427061513,360,0.89,6.0,19,35,1207
0.0,8.8,5.4,360,0.94,5.0,20,35,1208
0.0,8.7,5.244708572938488,360,0.93,6.0,21,35,1209
0.0,8.7,5.1000000000000005,360,0.91,6.0,22,35,1210
0.0,8.6,4.975735931288072,360,0.9,6.0,23,35,1211
0.0,8.8,4.880384757729337,360,0.88,6.0,24,35,1212
0.0,8.9,5.717037086855466,360,0.86,6.0,1,36,1213
0.0,8.7,5.7,360,0.86,7.0,2,36,1214
0.0,8.7,5.717037086855466,360,0.85,6.0,3,36,1215
0.0,8.7,5.7669872981077805,360,0.84,6.0,4,36,1216
0.0,8.5,5.846446609406726,360,0.85,5.0,5,36,1217
0.0,8.5,5.95,360,0.86,5.0,6,36,1218
0.0,7.9,6.07059047744874,360,0.91,5.0,7,36,1219
11.222222222222221,8.0,6.2,360,0.91,5.0,8,36,1220
112.22222222222223,8.6,6.329409522551261,360,0.88,4.0,9,36,1221
325.44444444444446,9.7,6.45,360,0.79,8.0,10,36,1222
516.2222222222223,10.2,6.553553390593274,360,0.76,10.0,11,36,1223
437.6666666666667,10.2,6.63301270189222,360,0.76,8.0,12,36,1224
347.8888888888889,10.2,6.682962913144534,360,0.75,10.0,13,36,1225
303.0,10.3,6.7,360,0.78,9.0,14,36,1226
213.22222222222223,10.2,6.682962913144534,360,0.76,8.0,15,36,1227
123.44444444444446,9.8,6.63301270189222,360,0.75,8.0,16,36,1228
33.66666666666667,9.2,6.553553390593274,360,0.79,7.0,17,36,1229
0.0,8.9,6.45,360,0.82,6.0,18,36,1230
0.0,8.7,6.329409522551261,360,0.83,6.0,19,36,1231
0.0,8.3,6.2,360,0.84,7.0,20,36,1232
0.0,7.9,6.07059047744874,360,0.84,7.0,21,36,1233
0.0,7.7,5.95,360,0.84,6.0,22,36,1234
0.0,7.7,5.846446609406726,360,0.83,6.0,23,36,1235
0.0,6.8,5.7669872981077805,360,0.87,5.0,24,36,1236
0.0,6.5,5.725555630283199,360,0.91,3.0,1,37,1237
0.0,6.3,5.7,360,0.92,2.0,2,37,1238
0.0,6.4,5.725555630283199,360,0.9,2.0,3,37,1239
0.0,6.6,5.800480947161671,360,0.88,3.0,4,37,1240
0.0,6.4,5.91966991411009,360,0.88,4.0,5,37,1241
0.0,6.4,6.075,360,0.86,3.0,6,37,1242
0.0,6.0,6.255885716173109,360,0.88,3.0,7,37,1243
11.222222222222221,6.1,6.45,360,0.85,3.0,8,37,1244
89.77777777777777,6.2,6.644114283826891,360,0.85,4.0,9,37,1245
246.8888888888889,6.6,6.825,360,0.83,4.0,10,37,1246
448.8888888888889,7.0,6.980330085889911,360,0.83,5.0,11,37,1247
909.0,8.8,7.099519052838329,360,0.74,4.0,12,37,1248
953.8888888888889,10.0,7.174444369716801,360,0.69,4.0,13,37,1249
886.5555555555555,11.2,7.2,360,0.66,3.0,14,37,1250
684.5555555555557,11.8,7.174444369716801,360,0.64,3.0,15,37,1251
404.0,11.0,7.099519052838329,360,0.68,2.0,16,37,1252
134.66666666666669,8.6,6.980330085889911,360,0.82,1.0,17,37,1253
0.0,5.0,6.825,360,0.99,1.0,18,37,1254
0.0,2.2,6.644114283826891,360,0.99,1.0,19,37,1255
0.0,3.3,6.45,360,1.0,1.0,20,37,1256
0.0,1.9,6.255885716173109,360,1.0,1.0,21,37,1257
0.0,2.1,6.075,360,1.0,1.0,22,37,1258
0.0,1.3,5.91966991411009,360,1.0,1.0,23,37,1259
0.0,-0.8,5.800480947161671,360,1.0,1.0,24,37,1260
0.0,-1.3,3.339185299767571,360,1.0,1.0,1,38,1261
0.0,-1.4,3.2999999999999994,360,1.0,0.0,2,38,1262
0.0,-1.9,3.339185299767571,360,1.0,0.0,3,38,1263
0.0,-0.6,3.454070785647895,360,1.0,2.0,4,38,1264
0.0,-0.6,3.6368272016354695,360,1.0,2.0,5,38,1265
0.0,3.3,3.8749999999999987,360,1.0,4.0,6,38,1266
0.0,3.4,4.1523580981321,360,0.93,4.0,7,38,1267
44.888888888888886,3.2,4.449999999999999,360,0.85,4.0,8,38,1268
291.77777777777777,5.8,4.747641901867898,360,0.77,6.0,9,38,1269
583.5555555555555,7.3,5.0249999999999995,360,0.74,6.0,10,38,1270
819.2222222222222,9.1,5.263172798364529,360,0.69,6.0,11,38,1271
931.4444444444445,10.7,5.445929214352104,360,0.67,5.0,12,38,1272
953.8888888888889,12.4,5.560814700232427,360,0.6,4.0,13,38,1273
864.1111111111111,12.4,5.6,360,0.59,5.0,14,38,1274
673.3333333333333,12.8,5.560814700232427,360,0.57,5.0,15,38,1275
415.2222222222223,12.3,5.445929214352104,360,0.58,4.0,16,38,1276
123.44444444444446,9.5,5.263172798364529,360,0.72,4.0,17,38,1277
0.0,7.2,5.0249999999999995,360,0.84,2.0,18,38,1278
0.0,5.9,4.747641901867898,360,0.89,2.0,19,38,1279
0.0,4.7,4.449999999999999,360,1.0,2.0,20,38,1280
0.0,5.6,4.1523580981321,360,1.0,2.0,21,38,1281
0.0,7.2,3.8749999999999996,360,0.99,3.0,22,38,1282
0.0,7.6,3.63682720163547,360,0.94,4.0,23,38,1283
0.0,3.7,3.454070785647895,360,1.0,3.0,24,38,1284
0.0,3.7,3.6289630476542922,360,1.0,1.0,1,39,1285
0.0,3.7,3.6000000000000005,360,1.0,2.0,2,39,1286
0.0,1.5,3.6289630476542922,360,1.0,2.0,3,39,1287
0.0,-0.4,3.7138784067832273,360,1.0,2.0,4,39,1288
0.0,-0.6,3.8489592359914346,360,1.0,2.0,5,39,1289
0.0,0.5,4.0249999999999995,360,1.0,2.0,6,39,1290
0.0,0.5,4.230003811662858,360,1.0,2.0,7,39,1291
33.66666666666667,1.0,4.45,360,1.0,2.0,8,39,1292
145.88888888888889,2.9,4.669996188337143,360,1.0,2.0,9,39,1293
269.33333333333337,4.3,4.875,360,1.0,3.0,10,39,1294
303.0,5.9,5.051040764008565,360,1.0,3.0,11,39,1295
336.66666666666663,6.2,5.1861215932167735,360,1.0,5.0,12,39,1296
303.0,7.0,5.271036952345709,360,1.0,5.0,13,39,1297
258.11111111111114,7.3,5.3,360,1.0,5.0,14,39,1298
235.66666666666669,7.4,5.271036952345709,360,1.0,5.0,15,39,1299
157.1111111111111,6.9,5.1861215932167735,360,1.0,5.0,16,39,1300
56.111111111111114,6.8,5.051040764008565,360,1.0,5.0,17,39,1301
0.0,6.5,4.875,360,1.0,5.0,18,39,1302
0.0,6.1,4.669996188337143,360,1.0,5.0,19,39,1303
0.0,5.6,4.45,360,1.0,4.0,20,39,1304
0.0,5.2,4.230003811662858,360,1.0,5.0,21,39,1305
0.0,5.0,4.025,360,1.0,6.0,22,39,1306
0.0,5.0,3.848959235991435,360,1.0,6.0,23,39,1307
0.0,4.7,3.7138784067832273,360,1.0,4.0,24,39,1308
0.0,4.3,4.534074173710932,360,1.0,4.0,1,40,1309
0.0,4.0,4.5,360,1.0,4.0,2,40,1310
0.0,3.5,4.534074173710931,360,1.0,3.0,3,40,1311
0.0,3.0,4.633974596215561,360,1.0,2.0,4,40,1312
0.0,2.3,4.792893218813452,360,1.0,2.0,5,40,1313
0.0,1.7,5.0,360,1.0,2.0,6,40,1314
0.0,0.3,5.241180954897479,360,1.0,3.0,7,40,1315
33.66666666666667,-0.4,5.5,360,1.0,2.0,8,40,1316
258.11111111111114,2.2,5.758819045102521,360,1.0,2.0,9,40,1317
606.0,6.4,6.0,360,0.97,2.0,10,40,1318
808.0,10.4,6.207106781186548,360,0.7,6.0,11,40,1319
920.2222222222223,12.1,6.366025403784438,360,0.66,6.0,12,40,1320
931.4444444444445,14.2,6.465925826289069,360,0.6,5.0,13,40,1321
852.8888888888889,15.2,6.5,360,0.51,5.0,14,40,1322
673.3333333333333,15.5,6.465925826289069,360,0.52,4.0,15,40,1323
415.2222222222223,14.8,6.366025403784438,360,0.56,4.0,16,40,1324
123.44444444444446,12.6,6.207106781186548,360,0.61,4.0,17,40,1325
11.222222222222221,6.5,6.0,360,0.88,2.0,18,40,1326
0.0,9.4,5.758819045102521,360,0.74,2.0,19,40,1327
0.0,7.3,5.5,360,0.81,2.0,20,40,1328
0.0,6.7,5.241180954897479,360,0.87,2.0,21,40,1329
0.0,6.4,5.0,360,0.91,2.0,22,40,1330
0.0,6.7,4.792893218813452,360,0.91,2.0,23,40,1331
0.0,5.9,4.633974596215562,360,0.94,2.0,24,40,1332
0.0,4.7,4.737481591082026,360,1.0,2.0,1,41,1333
0.0,6.7,4.700000000000001,360,1.0,2.0,2,41,1334
0.0,6.1,4.737481591082025,360,1.0,2.0,3,41,1335
0.0,5.4,4.847372055837118,360,0.99,1.0,4,41,1336
0.0,5.7,5.022182540694798,360,0.94,2.0,5,41,1337
0.0,5.7,5.25,360,0.91,2.0,6,41,1338
0.0,7.7,5.515299050387228,360,0.77,5.0,7,41,1339
22.444444444444443,7.0,5.800000000000001,360,0.79,6.0,8,41,1340
280.55555555555554,8.2,6.084700949612774,360,0.75,6.0,9,41,1341
572.3333333333333,10.1,6.3500000000000005,360,0.71,7.0,10,41,1342
841.6666666666666,12.0,6.577817459305203,360,0.62,6.0,11,41,1343
920.2222222222223,13.7,6.752627944162883,360,0.59,6.0,12,41,1344
942.6666666666667,15.1,6.8625184089179765,360,0.54,5.0,13,41,1345
841.6666666666666,15.9,6.9,360,0.47,5.0,14,41,1346
662.1111111111112,16.3,6.8625184089179765,360,0.47,5.0,15,41,1347
370.33333333333337,14.5,6.752627944162883,360,0.55,5.0,16,41,1348
89.77777777777777,12.5,6.577817459305203,360,0.65,3.0,17,41,1349
0.0,9.2,6.3500000000000005,360,0.78,2.0,18,41,1350
0.0,7.8,6.084700949612774,360,0.85,1.0,19,41,1351
0.0,6.6,5.800000000000001,360,0.85,2.0,20,41,1352
0.0,6.6,5.515299050387228,360,0.86,2.0,21,41,1353
0.0,5.5,5.250000000000001,360,0.94,1.0,22,41,1354
0.0,4.8,5.022182540694798,360,0.94,2.0,23,41,1355
0.0,5.3,4.847372055837118,360,0.89,2.0,24,41,1356
0.0,3.6,4.139185299767571,360,0.9,1.0,1,42,1357
0.0,3.7,4.1,360,0.94,2.0,2,42,1358
0.0,2.9,4.139185299767571,360,1.0,2.0,3,42,1359
0.0,1.7,4.254070785647895,360,1.0,2.0,4,42,1360
0.0,2.7,4.436827201635469,360,1.0,2.0,5,42,1361
0.0,3.6,4.674999999999999,360,0.86,2.0,6,42,1362
0.0,4.8,4.952358098132101,360,0.8,2.0,7,42,1363
44.888888888888886,4.8,5.25,360,0.81,2.0,8,42,1364
280.55555555555554,7.6,5.547641901867899,360,0.76,3.0,9,42,1365
549.8888888888889,9.1,5.825,360,0.7,6.0,10,42,1366
785.5555555555557,10.8,6.06317279836453,360,0.65,6.0,11,42,1367
920.2222222222223,12.4,6.245929214352104,360,0.63,6.0,12,42,1368
909.0,13.8,6.360814700232429,360,0.62,5.0,13,42,1369
852.8888888888889,13.9,6.4,360,0.61,5.0,14,42,1370
650.8888888888889,14.0,6.360814700232429,360,0.62,5.0,15,42,1371
415.2222222222223,13.7,6.245929214352104,360,0.66,4.0,16,42,1372
145.88888888888889,11.9,6.06317279836453,360,0.71,4.0,17,42,1373
0.0,8.8,5.825,360,0.82,2.0,18,42,1374
0.0,6.3,5.547641901867899,360,1.0,2.0,19,42,1375
0.0,6.1,5.25,360,0.99,0.0,20,42,1376
0.0,4.0,4.952358098132101,360,1.0,1.0,21,42,1377
0.0,5.3,4.675,360,1.0,2.0,22,42,1378
0.0,4.7,4.43682720163547,360,1.0,2.0,23,42,1379
0.0,8.1,4.254070785647896,360,0.83,6.0,24,42,1380
0.0,5.2,4.528963047654291,360,0.97,4.0,1,43,1381
0.0,6.0,4.5,360,0.93,4.0,2,43,1382
0.0,5.9,4.528963047654291,360,0.92,3.0,3,43,1383
0.0,5.2,4.613878406783226,360,0.94,4.0,4,43,1384
0.0,4.7,4.748959235991434,360,0.95,5.0,5,43,1385
0.0,4.1,4.924999999999999,360,0.99,6.0,6,43,1386
0.0,4.8,5.130003811662857,360,0.99,4.0,7,43,1387
22.444444444444443,5.2,5.35,360,0.99,4.0,8,43,1388
134.66666666666669,5.8,5.569996188337142,360,1.0,4.0,9,43,1389
202.0,6.3,5.7749999999999995,360,1.0,4.0,10,43,1390
89.77777777777777,6.6,5.951040764008566,360,1.0,2.0,11,43,1391
123.44444444444446,7.0,6.086121593216773,360,1.0,4.0,12,43,1392
325.44444444444446,7.8,6.171036952345708,360,1.0,4.0,13,43,1393
740.6666666666667,9.4,6.199999999999999,360,0.91,4.0,14,43,1394
415.2222222222223,10.0,6.171036952345708,360,0.82,6.0,15,43,1395
246.8888888888889,9.3,6.086121593216773,360,0.9,6.0,16,43,1396
89.77777777777777,8.7,5.951040764008566,360,0.8,4.0,17,43,1397
11.222222222222221,7.1,5.7749999999999995,360,0.79,4.0,18,43,1398
0.0,6.0,5.569996188337142,360,0.91,4.0,19,43,1399
0.0,4.7,5.35,360,0.97,4.0,20,43,1400
0.0,4.9,5.130003811662857,360,1.0,4.0,21,43,1401
0.0,4.4,4.925,360,1.0,3.0,22,43,1402
0.0,3.5,4.7489592359914345,360,1.0,3.0,23,43,1403
0.0,3.3,4.613878406783226,360,1.0,3.0,24,43,1404
0.0,4.1,4.335777882396478,360,1.0,4.0,1,44,1405
0.0,4.0,4.299999999999999,360,1.0,4.0,2,44,1406
0.0,3.8,4.335777882396478,360,1.0,4.0,3,44,1407
0.0,3.5,4.440673326026339,360,1.0,4.0,4,44,1408
0.0,2.9,4.607537879754124,360,1.0,4.0,5,44,1409
0.0,3.6,4.824999999999999,360,1.0,4.0,6,44,1410
0.0,4.9,5.078240002642353,360,1.0,5.0,7,44,1411
22.444444444444443,5.8,5.35,360,1.0,7.0,8,44,1412
123.44444444444446,6.3,5.621759997357646,360,1.0,8.0,9,44,1413
269.33333333333337,7.1,5.875,360,1.0,8.0,10,44,1414
505.0,8.3,6.092462120245875,360,0.9,8.0,11,44,1415
774.3333333333333,10.3,6.259326673973661,360,0.76,9.0,12,44,1416
572.3333333333333,10.7,6.364222117603521,360,0.73,7.0,13,44,1417
684.5555555555557,12.1,6.4,360,0.66,9.0,14,44,1418
549.8888888888889,11.7,6.364222117603521,360,0.67,10.0,15,44,1419
190.77777777777777,11.0,6.259326673973661,360,0.67,10.0,16,44,1420
56.111111111111114,10.4,6.092462120245875,360,0.69,7.0,17,44,1421
0.0,10.1,5.875,360,0.7,7.0,18,44,1422
0.0,9.9,5.621759997357646,360,0.73,8.0,19,44,1423
0.0,8.3,5.35,360,0.97,9.0,20,44,1424
0.0,8.0,5.078240002642353,360,1.0,6.0,21,44,1425
0.0,7.9,4.824999999999999,360,1.0,6.0,22,44,1426
0.0,7.8,4.607537879754124,360,1.0,5.0,23,44,1427
0.0,7.2,4.440673326026339,360,1.0,6.0,24,44,1428
0.0,6.7,5.622148212912105,360,1.0,3.0,1,45,1429
0.0,6.3,5.6,360,1.0,2.0,2,45,1430
0.0,5.8,5.622148212912105,360,1.0,3.0,3,45,1431
0.0,5.3,5.687083487540114,360,1.0,3.0,4,45,1432
0.0,5.4,5.790380592228743,360,1.0,4.0,5,45,1433
0.0,5.3,5.925,360,1.0,4.0,6,45,1434
0.0,5.0,6.081767620683362,360,1.0,4.0,7,45,1435
44.888888888888886,4.9,6.25,360,1.0,4.0,8,45,1436
202.0,5.8,6.418232379316638,360,1.0,4.0,9,45,1437
415.2222222222223,6.7,6.575,360,0.99,5.0,10,45,1438
583.5555555555555,7.9,6.709619407771256,360,0.84,5.0,11,45,1439
774.3333333333333,8.5,6.812916512459886,360,0.81,6.0,12,45,1440
628.4444444444443,9.4,6.877851787087895,360,0.75,8.0,13,45,1441
763.1111111111111,8.8,6.9,360,0.78,8.0,14,45,1442
505.0,9.2,6.877851787087895,360,0.7,8.0,15,45,1443
336.66666666666663,8.1,6.812916512459886,360,0.69,9.0,16,45,1444
134.66666666666669,6.5,6.709619407771256,360,0.78,8.0,17,45,1445
0.0,5.2,6.575,360,0.81,6.0,18,45,1446
0.0,4.9,6.418232379316638,360,0.85,5.0,19,45,1447
0.0,5.1,6.25,360,0.86,6.0,20,45,1448
0.0,4.7,6.081767620683362,360,0.89,6.0,21,45,1449
0.0,4.9,5.925,360,0.87,6.0,22,45,1450
0.0,5.0,5.790380592228744,360,0.84,9.0,23,45,1451
0.0,5.2,5.687083487540114,360,0.82,8.0,24,45,1452
0.0,5.0,5.122148212912105,360,0.82,6.0,1,46,1453
0.0,4.7,5.1,360,0.85,7.0,2,46,1454
0.0,5.3,5.122148212912105,360,0.81,10.0,3,46,1455
0.0,4.7,5.187083487540114,360,0.89,10.0,4,46,1456
0.0,4.5,5.290380592228743,360,0.93,10.0,5,46,1457
0.0,4.7,5.425,360,0.95,8.0,6,46,1458
0.0,4.8,5.581767620683362,360,0.96,9.0,7,46,1459
56.111111111111114,5.4,5.75,360,0.94,10.0,8,46,1460
179.55555555555554,6.1,5.918232379316638,360,0.94,8.0,9,46,1461
471.33333333333337,7.0,6.075,360,0.95,8.0,10,46,1462
448.8888888888889,8.5,6.209619407771256,360,0.91,8.0,11,46,1463
852.8888888888889,9.4,6.312916512459886,360,0.85,10.0,12,46,1464
527.4444444444445,9.3,6.377851787087895,360,0.88,11.0,13,46,1465
179.55555555555554,8.6,6.4,360,0.91,11.0,14,46,1466
280.55555555555554,8.2,6.377851787087895,360,0.86,9.0,15,46,1467
235.66666666666669,8.1,6.312916512459886,360,0.89,6.0,16,46,1468
123.44444444444446,7.3,6.209619407771256,360,0.9,5.0,17,46,1469
11.222222222222221,6.6,6.075,360,0.93,4.0,18,46,1470
0.0,5.8,5.918232379316638,360,0.93,4.0,19,46,1471
0.0,5.3,5.75,360,0.94,4.0,20,46,1472
0.0,5.1,5.581767620683362,360,0.95,5.0,21,46,1473
0.0,4.6,5.425,360,0.97,5.0,22,46,1474
0.0,4.5,5.290380592228744,360,0.98,5.0,23,46,1475
0.0,4.6,5.187083487540114,360,0.99,5.0,24,46,1476
0.0,4.7,4.632370465025385,360,1.0,6.0,1,47,1477
0.0,5.0,4.6,360,1.0,6.0,2,47,1478
0.0,4.2,4.632370465025385,360,0.99,6.0,3,47,1479
0.0,3.8,4.727275866404783,360,1.0,4.0,4,47,1480
0.0,4.0,4.878248557872779,360,1.0,5.0,5,47,1481
0.0,3.3,5.074999999999999,360,1.0,4.0,6,47,1482
0.0,3.5,5.304121907152605,360,0.99,6.0,7,47,1483
44.888888888888886,4.5,5.55,360,1.0,7.0,8,47,1484
202.0,5.1,5.795878092847395,360,1.0,8.0,9,47,1485
269.33333333333337,5.9,6.025,360,0.97,8.0,10,47,1486
617.2222222222222,8.2,6.22175144212722,360,0.86,6.0,11,47,1487
684.5555555555557,9.8,6.3727241335952165,360,0.78,8.0,12,47,1488
965.1111111111112,10.5,6.4676295349746145,360,0.7,9.0,13,47,1489
864.1111111111111,10.7,6.5,360,0.67,8.0,14,47,1490
415.2222222222223,10.2,6.4676295349746145,360,0.71,7.0,15,47,1491
269.33333333333337,10.0,6.3727241335952165,360,0.73,5.0,16,47,1492
101.0,8.9,6.22175144212722,360,0.8,5.0,17,47,1493
11.222222222222221,8.5,6.025,360,0.81,3.0,18,47,1494
0.0,8.0,5.795878092847395,360,0.82,3.0,19,47,1495
0.0,8.0,5.55,360,0.8,3.0,20,47,1496
0.0,6.4,5.304121907152605,360,0.85,2.0,21,47,1497
0.0,5.6,5.075,360,0.88,2.0,22,47,1498
0.0,5.0,4.878248557872779,360,0.89,2.0,23,47,1499
0.0,5.0,4.727275866404783,360,0.89,2.0,24,47,1500
0.0,4.1,4.042592717138665,360,0.91,2.0,1,48,1501
0.0,3.6,4.0,360,0.93,2.0,2,48,1502
0.0,3.0,4.042592717138665,360,0.93,3.0,3,48,1503
0.0,1.7,4.167468245269451,360,0.98,2.0,4,48,1504
0.0,1.2,4.366116523516816,360,1.0,1.0,5,48,1505
0.0,0.9,4.624999999999999,360,1.0,0.0,6,48,1506
0.0,-0.1,4.926476193621849,360,1.0,1.0,7,48,1507
89.77777777777777,2.3,5.25,360,1.0,1.0,8,48,1508
359.1111111111111,5.8,5.573523806378151,360,0.81,1.0,9,48,1509
662.1111111111112,8.6,5.875,360,0.72,2.0,10,48,1510
886.5555555555555,10.4,6.133883476483184,360,0.66,3.0,11,48,1511
1021.2222222222222,11.3,6.332531754730549,360,0.58,4.0,12,48,1512
1066.1111111111113,11.8,6.457407282861335,360,0.61,5.0,13,48,1513
998.7777777777778,12.7,6.5,360,0.58,6.0,14,48,1514
819.2222222222222,12.5,6.457407282861335,360,0.62,8.0,15,48,1515
538.6666666666667,11.6,6.332531754730549,360,0.63,6.0,16,48,1516
235.66666666666669,10.3,6.133883476483184,360,0.67,6.0,17,48,1517
33.66666666666667,8.0,5.875,360,0.8,4.0,18,48,1518
0.0,7.9,5.573523806378151,360,0.82,2.0,19,48,1519
0.0,6.9,5.25,360,0.84,4.0,20,48,1520
0.0,5.3,4.926476193621849,360,0.89,2.0,21,48,1521
0.0,5.3,4.625,360,0.93,2.0,22,48,1522
0.0,4.7,4.366116523516816,360,0.97,2.0,23,48,1523
0.0,4.5,4.167468245269451,360,1.0,2.0,24,48,1524
0.0,3.1,4.437481591082025,360,1.0,2.0,1,49,1525
0.0,3.5,4.4,360,1.0,2.0,2,49,1526
0.0,1.4,4.437481591082025,360,1.0,2.0,3,49,1527
0.0,2.1,4.547372055837117,360,1.0,2.0,4,49,1528
0.0,1.4,4.7221825406947975,360,1.0,2.0,5,49,1529
0.0,1.3,4.949999999999999,360,1.0,2.0,6,49,1530
0.0,1.2,5.215299050387228,360,1.0,2.0,7,49,1531
56.111111111111114,1.0,5.5,360,1.0,2.0,8,49,1532
179.55555555555554,1.7,5.784700949612772,360,1.0,2.0,9,49,1533
314.2222222222222,3.3,6.05,360,1.0,2.0,10,49,1534
404.0,4.7,6.2778174593052025,360,1.0,2.0,11,49,1535
437.6666666666667,5.6,6.452627944162883,360,1.0,2.0,12,49,1536
572.3333333333333,6.2,6.562518408917975,360,1.0,3.0,13,49,1537
650.8888888888889,7.5,6.6,360,1.0,3.0,14,49,1538
718.2222222222222,9.1,6.562518408917975,360,1.0,3.0,15,49,1539
381.55555555555554,8.7,6.452627944162883,360,1.0,4.0,16,49,1540
190.77777777777777,8.1,6.2778174593052025,360,1.0,4.0,17,49,1541
11.222222222222221,6.7,6.05,360,1.0,3.0,18,49,1542
0.0,5.9,5.784700949612772,360,1.0,2.0,19,49,1543
0.0,5.3,5.5,360,1.0,2.0,20,49,1544
0.0,5.7,5.215299050387228,360,1.0,3.0,21,49,1545
0.0,5.1,4.95,360,1.0,3.0,22,49,1546
0.0,4.8,4.722182540694798,360,1.0,5.0,23,49,1547
0.0,5.6,4.547372055837117,360,0.98,5.0,24,49,1548
0.0,6.1,5.225555630283199,360,0.93,7.0,1,50,1549
0.0,6.0,5.2,360,0.93,6.0,2,50,1550
0.0,5.3,5.225555630283199,360,0.95,7.0,3,50,1551
0.0,4.8,5.300480947161671,360,1.0,6.0,4,50,1552
0.0,4.9,5.41966991411009,360,1.0,5.0,5,50,1553
0.0,5.2,5.575,360,1.0,6.0,6,50,1554
0.0,5.4,5.755885716173109,360,1.0,7.0,7,50,1555
11.222222222222221,5.6,5.95,360,1.0,7.0,8,50,1556
145.88888888888889,6.6,6.144114283826891,360,1.0,7.0,9,50,1557
370.33333333333337,7.6,6.325,360,0.95,8.0,10,50,1558
246.8888888888889,7.9,6.480330085889911,360,1.0,10.0,11,50,1559
123.44444444444446,8.9,6.599519052838329,360,1.0,9.0,12,50,1560
89.77777777777777,10.4,6.674444369716801,360,1.0,8.0,13,50,1561
134.66666666666669,11.0,6.7,360,1.0,8.0,14,50,1562
246.8888888888889,11.4,6.674444369716801,360,0.98,8.0,15,50,1563
112.22222222222223,10.4,6.599519052838329,360,1.0,6.0,16,50,1564
56.111111111111114,10.7,6.480330085889911,360,1.0,3.0,17,50,1565
22.444444444444443,10.0,6.325,360,1.0,2.0,18,50,1566
0.0,8.8,6.144114283826891,360,0.89,5.0,19,50,1567
0.0,7.6,5.95,360,1.0,3.0,20,50,1568
0.0,7.3,5.755885716173109,360,1.0,4.0,21,50,1569
0.0,6.7,5.575,360,1.0,4.0,22,50,1570
0.0,5.7,5.41966991411009,360,1.0,3.0,23,50,1571
0.0,5.3,5.300480947161671,360,1.0,2.0,24,50,1572
0.0,4.9,5.632370465025385,360,1.0,2.0,1,51,1573
0.0,3.9,5.6,360,1.0,4.0,2,51,1574
0.0,4.2,5.632370465025385,360,1.0,4.0,3,51,1575
0.0,3.6,5.727275866404783,360,1.0,2.0,4,51,1576
0.0,4.3,5.878248557872779,360,1.0,3.0,5,51,1577
0.0,4.3,6.074999999999999,360,1.0,2.0,6,51,1578
0.0,4.5,6.304121907152605,360,1.0,4.0,7,51,1579
33.66666666666667,5.2,6.55,360,1.0,4.0,8,51,1580
134.66666666666669,6.1,6.795878092847395,360,1.0,4.0,9,51,1581
213.22222222222223,6.7,7.025,360,1.0,4.0,10,51,1582
303.0,7.3,7.22175144212722,360,1.0,4.0,11,51,1583
370.33333333333337,8.0,7.3727241335952165,360,1.0,3.0,12,51,1584
392.7777777777778,8.9,7.4676295349746145,360,1.0,2.0,13,51,1585
482.5555555555556,9.9,7.5,360,0.86,4.0,14,51,1586
841.6666666666666,11.1,7.4676295349746145,360,0.76,5.0,15,51,1587
527.4444444444445,11.0,7.3727241335952165,360,0.74,5.0,16,51,1588
235.66666666666669,9.1,7.22175144212722,360,0.87,4.0,17,51,1589
11.222222222222221,6.5,7.025,360,1.0,3.0,18,51,1590
0.0,5.7,6.795878092847395,360,1.0,2.0,19,51,1591
0.0,5.3,6.55,360,1.0,2.0,20,51,1592
0.0,3.8,6.304121907152605,360,1.0,2.0,21,51,1593
0.0,5.8,6.075,360,1.0,2.0,22,51,1594
0.0,6.5,5.878248557872779,360,1.0,2.0,23,51,1595
0.0,7.1,5.727275866404783,360,1.0,2.0,24,51,1596
0.0,6.9,6.018740795541013,360,1.0,3.0,1,52,1597
0.0,7.0,6.0,360,1.0,4.0,2,52,1598
0.0,6.6,6.018740795541012,360,1.0,4.0,3,52,1599
0.0,6.6,6.0736860279185585,360,1.0,3.0,4,52,1600
0.0,6.2,6.161091270347399,360,1.0,2.0,5,52,1601
0.0,6.6,6.2749999999999995,360,1.0,2.0,6,52,1602
0.0,6.9,6.407649525193613,360,1.0,4.0,7,52,1603
67.33333333333334,7.5,6.55,360,1.0,5.0,8,52,1604
190.77777777777777,7.9,6.6923504748063865,360,1.0,6.0,9,52,1605
269.33333333333337,8.7,6.825,360,1.0,5.0,10,52,1606
246.8888888888889,9.0,6.938908729652601,360,1.0,6.0,11,52,1607
235.66666666666669,9.4,7.026313972081441,360,1.0,5.0,12,52,1608
258.11111111111114,9.8,7.081259204458988,360,0.93,6.0,13,52,1609
190.77777777777777,9.7,7.1,360,0.95,6.0,14,52,1610
78.55555555555554,8.8,7.081259204458988,360,1.0,6.0,15,52,1611
56.111111111111114,7.4,7.026313972081441,360,1.0,8.0,16,52,1612
56.111111111111114,6.6,6.938908729652601,360,1.0,7.0,17,52,1613
0.0,6.2,6.825,360,1.0,7.0,18,52,1614
0.0,6.3,6.6923504748063865,360,1.0,7.0,19,52,1615
0.0,6.6,6.55,360,1.0,6.0,20,52,1616
0.0,7.7,6.407649525193613,360,1.0,5.0,21,52,1617
0.0,6.5,6.275,360,1.0,4.0,22,52,1618
0.0,6.2,6.161091270347399,360,1.0,4.0,23,52,1619
0.0,6.0,6.0736860279185585,360,1.0,5.0,24,52,1620
0.0,6.0,6.3136296694843725,360,1.0,9.0,1,53,1621
0.0,5.8,6.299999999999999,360,1.0,8.0,2,53,1622
0.0,5.7,6.313629669484372,360,1.0,6.0,3,53,1623
0.0,5.9,6.353589838486224,360,1.0,5.0,4,53,1624
0.0,6.1,6.41715728752538,360,1.0,4.0,5,53,1625
0.0,6.4,6.499999999999999,360,1.0,4.0,6,53,1626
0.0,6.2,6.596472381958991,360,1.0,7.0,7,53,1627
33.66666666666667,6.4,6.699999999999999,360,1.0,5.0,8,53,1628
89.77777777777777,6.7,6.803527618041008,360,1.0,4.0,9,53,1629
67.33333333333334,6.6,6.8999999999999995,360,1.0,4.0,10,53,1630
145.88888888888889,7.3,6.982842712474619,360,1.0,4.0,11,53,1631
258.11111111111114,7.6,7.046410161513775,360,0.97,4.0,12,53,1632
280.55555555555554,8.0,7.086370330515627,360,0.88,4.0,13,53,1633
202.0,7.9,7.1,360,0.94,4.0,14,53,1634
202.0,8.0,7.086370330515627,360,0.89,4.0,15,53,1635
179.55555555555554,7.9,7.046410161513775,360,0.89,4.0,16,53,1636
78.55555555555554,7.5,6.982842712474619,360,0.92,4.0,17,53,1637
0.0,6.7,6.8999999999999995,360,0.91,3.0,18,53,1638
0.0,5.8,6.803527618041008,360,0.91,2.0,19,53,1639
0.0,4.9,6.699999999999999,360,0.97,2.0,20,53,1640
0.0,3.4,6.596472381958991,360,1.0,1.0,21,53,1641
0.0,1.3,6.499999999999999,360,1.0,1.0,22,53,1642
0.0,1.6,6.417157287525381,360,1.0,2.0,23,53,1643
0.0,1.5,6.353589838486224,360,1.0,1.0,24,53,1644
0.0,0.9,4.252814969251944,360,1.0,1.0,1,54,1645
0.0,-0.2,4.2,360,1.0,1.0,2,54,1646
0.0,-0.1,4.252814969251944,360,1.0,1.0,3,54,1647
0.0,-0.6,4.40766062413412,360,1.0,2.0,4,54,1648
0.0,-1.1,4.653984489160851,360,1.0,2.0,5,54,1649
0.0,-0.2,4.975,360,1.0,1.0,6,54,1650
0.0,0.2,5.3488304800910935,360,1.0,2.0,7,54,1651
89.77777777777777,2.8,5.75,360,1.0,2.0,8,54,1652
179.55555555555554,5.0,6.151169519908907,360,0.83,4.0,9,54,1653
381.55555555555554,6.3,6.525,360,0.75,5.0,10,54,1654
527.4444444444445,7.6,6.846015510839148,360,0.69,6.0,11,54,1655
516.2222222222223,7.8,7.09233937586588,360,0.7,6.0,12,54,1656
493.7777777777778,8.1,7.247185030748056,360,0.67,6.0,13,54,1657
381.55555555555554,7.5,7.3,360,0.75,6.0,14,54,1658
269.33333333333337,6.6,7.247185030748056,360,0.93,5.0,15,54,1659
134.66666666666669,6.6,7.09233937586588,360,0.95,5.0,16,54,1660
33.66666666666667,6.9,6.846015510839148,360,0.97,3.0,17,54,1661
11.222222222222221,7.2,6.525,360,0.97,4.0,18,54,1662
0.0,7.4,6.151169519908907,360,0.98,4.0,19,54,1663
0.0,7.7,5.75,360,0.98,3.0,20,54,1664
0.0,8.0,5.3488304800910935,360,0.98,4.0,21,54,1665
0.0,8.6,4.9750000000000005,360,0.98,4.0,22,54,1666
0.0,9.2,4.653984489160852,360,0.99,4.0,23,54,1667
0.0,9.2,4.40766062413412,360,0.98,4.0,24,54,1668
0.0,9.1,7.240889008453118,360,0.98,4.0,1,55,1669
0.0,8.1,7.200000000000001,360,0.98,4.0,2,55,1670
0.0,8.5,7.240889008453118,360,0.97,3.0,3,55,1671
0.0,8.5,7.360769515458674,360,0.96,3.0,4,55,1672
0.0,8.1,7.551471862576143,360,0.97,2.0,5,55,1673
0.0,8.3,7.8,360,0.98,4.0,6,55,1674
0.0,8.7,8.089417145876975,360,0.98,4.0,7,55,1675
33.66666666666667,9.2,8.4,360,0.99,4.0,8,55,1676
123.44444444444446,9.8,8.710582854123025,360,0.99,4.0,9,55,1677
190.77777777777777,10.6,9.0,360,0.99,5.0,10,55,1678
336.66666666666663,11.4,9.248528137423857,360,0.94,4.0,11,55,1679
404.0,12.0,9.439230484541326,360,0.88,4.0,12,55,1680
493.7777777777778,12.4,9.559110991546882,360,0.89,5.0,13,55,1681
415.2222222222223,12.8,9.6,360,0.87,4.0,14,55,1682
145.88888888888889,12.9,9.559110991546882,360,0.83,3.0,15,55,1683
246.8888888888889,13.3,9.439230484541326,360,0.79,3.0,16,55,1684
67.33333333333334,12.6,9.248528137423857,360,0.82,3.0,17,55,1685
0.0,12.0,9.0,360,0.88,2.0,18,55,1686
0.0,11.8,8.710582854123025,360,0.86,3.0,19,55,1687
0.0,11.6,8.4,360,0.87,2.0,20,55,1688
0.0,11.0,8.089417145876975,360,0.85,2.0,21,55,1689
0.0,10.3,7.800000000000001,360,0.93,2.0,22,55,1690
0.0,10.1,7.551471862576143,360,0.88,2.0,23,55,1691
0.0,9.3,7.360769515458674,360,0.93,2.0,24,55,1692
0.0,8.6,8.237481591082025,360,0.96,2.0,1,56,1693
0.0,8.5,8.2,360,0.97,3.0,2,56,1694
0.0,8.5,8.237481591082025,360,0.96,2.0,3,56,1695
0.0,8.2,8.347372055837118,360,0.9,2.0,4,56,1696
0.0,7.8,8.522182540694798,360,0.93,2.0,5,56,1697
0.0,8.2,8.75,360,0.91,2.0,6,56,1698
11.222222222222221,7.9,9.015299050387227,360,0.93,2.0,7,56,1699
44.888888888888886,8.4,9.3,360,0.92,2.0,8,56,1700
202.0,9.4,9.584700949612774,360,0.88,2.0,9,56,1701
404.0,10.6,9.850000000000001,360,0.76,4.0,10,56,1702
561.1111111111111,11.3,10.077817459305203,360,0.67,4.0,11,56,1703
572.3333333333333,11.2,10.252627944162883,360,0.65,5.0,12,56,1704
527.4444444444445,11.3,10.362518408917976,360,0.64,4.0,13,56,1705
864.1111111111111,11.4,10.400000000000002,360,0.64,3.0,14,56,1706
561.1111111111111,11.4,10.362518408917976,360,0.67,4.0,15,56,1707
291.77777777777777,10.9,10.252627944162883,360,0.67,4.0,16,56,1708
179.55555555555554,10.0,10.077817459305203,360,0.71,3.0,17,56,1709
33.66666666666667,7.8,9.850000000000001,360,0.82,2.0,18,56,1710
0.0,6.1,9.584700949612774,360,0.91,2.0,19,56,1711
0.0,6.0,9.3,360,0.89,2.0,20,56,1712
0.0,6.8,9.015299050387227,360,0.89,2.0,21,56,1713
0.0,5.5,8.75,360,0.93,2.0,22,56,1714
0.0,6.1,8.522182540694798,360,0.91,2.0,23,56,1715
0.0,6.2,8.347372055837118,360,0.9,2.0,24,56,1716
0.0,5.2,7.732370465025386,360,0.94,2.0,1,57,1717
0.0,6.1,7.700000000000001,360,0.96,2.0,2,57,1718
0.0,6.2,7.732370465025386,360,0.96,3.0,3,57,1719
0.0,6.2,7.827275866404784,360,0.95,4.0,4,57,1720
0.0,6.7,7.97824855787278,360,0.94,3.0,5,57,1721
0.0,6.9,8.175,360,0.92,3.0,6,57,1722
0.0,7.2,8.404121907152605,360,0.9,4.0,7,57,1723
33.66666666666667,7.8,8.65,360,0.91,5.0,8,57,1724
112.22222222222223,8.3,8.895878092847395,360,0.96,7.0,9,57,1725
246.8888888888889,9.2,9.125,360,0.96,8.0,10,57,1726
258.11111111111114,10.0,9.321751442127221,360,0.96,8.0,11,57,1727
258.11111111111114,11.1,9.472724133595216,360,0.96,8.0,12,57,1728
751.8888888888888,13.3,9.567629534974614,360,0.84,7.0,13,57,1729
763.1111111111111,13.6,9.6,360,0.72,7.0,14,57,1730
493.7777777777778,14.0,9.567629534974614,360,0.6,8.0,15,57,1731
684.5555555555557,12.7,9.472724133595216,360,0.61,10.0,16,57,1732
179.55555555555554,9.4,9.321751442127221,360,0.68,14.0,17,57,1733
11.222222222222221,8.3,9.125,360,0.76,11.0,18,57,1734
0.0,7.6,8.895878092847395,360,0.87,6.0,19,57,1735
0.0,7.0,8.65,360,0.9,4.0,20,57,1736
0.0,7.0,8.404121907152605,360,0.86,4.0,21,57,1737
0.0,6.0,8.175,360,0.9,4.0,22,57,1738
0.0,5.8,7.978248557872781,360,0.83,5.0,23,57,1739
0.0,5.1,7.827275866404784,360,0.8,5.0,24,57,1740
0.0,4.2,6.030666756339839,360,0.87,2.0,1,58,1741
0.0,4.1,6.0,360,0.88,3.0,2,58,1742
0.0,3.7,6.030666756339839,360,0.89,4.0,3,58,1743
0.0,3.3,6.120577136594005,360,0.91,3.0,4,58,1744
0.0,2.5,6.263603896932107,360,0.92,2.0,5,58,1745
0.0,1.4,6.45,360,0.96,2.0,6,58,1746
0.0,1.0,6.667062859407732,360,0.96,2.0,7,58,1747
190.77777777777777,2.8,6.9,360,0.94,2.0,8,58,1748
482.5555555555556,6.4,7.132937140592269,360,0.81,6.0,9,58,1749
628.4444444444443,7.4,7.3500000000000005,360,0.77,7.0,10,58,1750
729.4444444444443,7.6,7.536396103067893,360,0.68,8.0,11,58,1751
965.1111111111112,8.7,7.679422863405995,360,0.66,8.0,12,58,1752
819.2222222222222,8.5,7.769333243660162,360,0.57,8.0,13,58,1753
617.2222222222222,8.0,7.800000000000001,360,0.53,10.0,14,58,1754
460.11111111111114,9.1,7.769333243660162,360,0.58,5.0,15,58,1755
370.33333333333337,8.9,7.679422863405995,360,0.54,6.0,16,58,1756
179.55555555555554,7.8,7.536396103067893,360,0.65,6.0,17,58,1757
22.444444444444443,6.4,7.3500000000000005,360,0.69,4.0,18,58,1758
0.0,5.1,7.132937140592269,360,0.85,1.0,19,58,1759
0.0,4.0,6.9,360,0.87,2.0,20,58,1760
0.0,5.1,6.667062859407732,360,0.84,2.0,21,58,1761
0.0,5.0,6.450000000000001,360,0.9,2.0,22,58,1762
0.0,4.6,6.263603896932108,360,0.84,5.0,23,58,1763
0.0,3.5,6.120577136594005,360,0.91,5.0,24,58,1764
0.0,3.5,5.628963047654291,360,0.93,4.0,1,59,1765
0.0,4.0,5.6,360,0.93,6.0,2,59,1766
0.0,4.1,5.628963047654291,360,0.94,5.0,3,59,1767
0.0,3.2,5.713878406783226,360,0.95,5.0,4,59,1768
0.0,2.6,5.848959235991433,360,0.95,6.0,5,59,1769
0.0,1.9,6.024999999999999,360,0.93,5.0,6,59,1770
11.222222222222221,1.6,6.230003811662857,360,0.91,6.0,7,59,1771
213.22222222222223,2.5,6.449999999999999,360,0.89,6.0,8,59,1772
527.4444444444445,4.0,6.669996188337142,360,0.87,6.0,9,59,1773
763.1111111111111,5.4,6.874999999999999,360,0.84,8.0,10,59,1774
920.2222222222223,5.9,7.051040764008565,360,0.79,8.0,11,59,1775
785.5555555555557,7.4,7.186121593216773,360,0.68,8.0,12,59,1776
1032.4444444444446,7.0,7.271036952345708,360,0.67,8.0,13,59,1777
527.4444444444445,6.9,7.299999999999999,360,0.69,8.0,14,59,1778
426.44444444444446,7.1,7.271036952345708,360,0.65,7.0,15,59,1779
291.77777777777777,7.2,7.186121593216773,360,0.6,8.0,16,59,1780
224.44444444444446,6.3,7.051040764008565,360,0.67,8.0,17,59,1781
33.66666666666667,5.5,6.874999999999999,360,0.78,8.0,18,59,1782
0.0,4.8,6.669996188337142,360,0.84,7.0,19,59,1783
0.0,4.3,6.449999999999999,360,0.89,6.0,20,59,1784
0.0,4.3,6.230003811662857,360,0.88,6.0,21,59,1785
0.0,4.1,6.0249999999999995,360,0.89,6.0,22,59,1786
0.0,3.8,5.848959235991434,360,0.86,6.0,23,59,1787
0.0,3.2,5.713878406783226,360,0.86,6.0,24,59,1788
0.0,2.3,5.123851921597652,360,0.86,6.0,1,61,1789
0.0,1.6,5.1,360,0.9,5.0,2,61,1790
0.0,1.6,5.123851921597652,360,0.91,5.0,3,61,1791
0.0,1.6,5.1937822173508925,360,0.92,6.0,4,61,1792
0.0,1.5,5.305025253169416,360,0.91,6.0,5,61,1793
0.0,2.1,5.449999999999999,360,0.9,6.0,6,61,1794
0.0,2.0,5.618826668428236,360,0.91,6.0,7,61,1795
44.888888888888886,2.7,5.8,360,0.87,7.0,8,61,1796
112.22222222222223,2.7,5.981173331571765,360,0.86,9.0,9,61,1797
336.66666666666663,3.5,6.15,360,0.84,10.0,10,61,1798
415.2222222222223,3.8,6.294974746830583,360,0.8,10.0,11,61,1799
426.44444444444446,5.0,6.406217782649107,360,0.77,8.0,12,61,1800
482.5555555555556,5.8,6.476148078402348,360,0.74,9.0,13,61,1801
516.2222222222223,6.4,6.5,360,0.72,8.0,14,61,1802
684.5555555555557,7.7,6.476148078402348,360,0.7,8.0,15,61,1803
482.5555555555556,7.8,6.406217782649107,360,0.68,10.0,16,61,1804
291.77777777777777,7.0,6.294974746830583,360,0.71,10.0,17,61,1805
11.222222222222221,6.9,6.15,360,0.7,8.0,18,61,1806
0.0,6.5,5.981173331571765,360,0.73,8.0,19,61,1807
0.0,6.1,5.8,360,0.75,9.0,20,61,1808
0.0,5.7,5.618826668428236,360,0.78,8.0,21,61,1809
0.0,5.6,5.45,360,0.79,8.0,22,61,1810
0.0,5.0,5.305025253169417,360,0.82,9.0,23,61,1811
0.0,4.2,5.1937822173508925,360,0.84,8.0,24,61,1812
0.0,3.7,5.310222252113279,360,0.86,8.0,1,62,1813
0.0,3.8,5.299999999999999,360,0.86,7.0,2,62,1814
0.0,4.1,5.310222252113279,360,0.84,8.0,3,62,1815
0.0,3.8,5.340192378864668,360,0.82,10.0,4,62,1816
0.0,3.7,5.387867965644035,360,0.82,10.0,5,62,1817
0.0,3.5,5.449999999999999,360,0.81,12.0,6,62,1818
0.0,3.2,5.522354286469243,360,0.81,10.0,7,62,1819
22.444444444444443,3.0,5.6,360,0.8,13.0,8,62,1820
67.33333333333334,2.9,5.677645713530756,360,0.78,10.0,9,62,1821
134.66666666666669,3.0,5.75,360,0.77,10.0,10,62,1822
157.1111111111111,3.2,5.812132034355964,360,0.79,10.0,11,62,1823
213.22222222222223,3.9,5.859807621135332,360,0.72,8.0,12,62,1824
359.1111111111111,4.4,5.88977774788672,360,0.67,9.0,13,62,1825
426.44444444444446,5.7,5.9,360,0.68,8.0,14,62,1826
426.44444444444446,5.8,5.88977774788672,360,0.66,10.0,15,62,1827
213.22222222222223,6.4,5.859807621135332,360,0.63,8.0,16,62,1828
134.66666666666669,6.3,5.812132034355964,360,0.67,8.0,17,62,1829
22.444444444444443,4.8,5.75,360,0.72,4.0,18,62,1830
0.0,4.8,5.677645713530756,360,0.69,4.0,19,62,1831
0.0,4.0,5.6,360,0.71,4.0,20,62,1832
0.0,3.8,5.522354286469243,360,0.72,5.0,21,62,1833
0.0,3.6,5.449999999999999,360,0.74,6.0,22,62,1834
0.0,3.0,5.387867965644035,360,0.76,7.0,23,62,1835
0.0,2.4,5.340192378864668,360,0.79,7.0,24,62,1836
0.0,2.0,3.6357778823964786,360,0.8,7.0,1,63,1837
0.0,1.4,3.6000000000000005,360,0.81,6.0,2,63,1838
0.0,0.8,3.6357778823964786,360,0.82,5.0,3,63,1839
0.0,0.5,3.7406733260263394,360,0.81,6.0,4,63,1840
0.0,0.5,3.907537879754125,360,0.8,7.0,5,63,1841
0.0,0.3,4.125,360,0.78,6.0,6,63,1842
11.222222222222221,0.1,4.378240002642354,360,0.8,6.0,7,63,1843
179.55555555555554,1.1,4.65,360,0.74,8.0,8,63,1844
505.0,2.4,4.921759997357647,360,0.69,8.0,9,63,1845
808.0,3.5,5.175000000000001,360,0.63,9.0,10,63,1846
1043.6666666666665,4.8,5.392462120245876,360,0.6,8.0,11,63,1847
1189.5555555555557,6.1,5.559326673973661,360,0.57,8.0,12,63,1848
1200.7777777777778,6.7,5.664222117603522,360,0.5,10.0,13,63,1849
1066.1111111111113,7.1,5.7,360,0.51,9.0,14,63,1850
897.7777777777778,7.5,5.664222117603522,360,0.52,10.0,15,63,1851
628.4444444444443,7.1,5.559326673973661,360,0.5,9.0,16,63,1852
291.77777777777777,6.0,5.392462120245876,360,0.53,8.0,17,63,1853
33.66666666666667,4.4,5.175000000000001,360,0.61,6.0,18,63,1854
0.0,3.0,4.921759997357647,360,0.66,4.0,19,63,1855
0.0,2.1,4.65,360,0.69,2.0,20,63,1856
0.0,2.3,4.378240002642354,360,0.7,2.0,21,63,1857
0.0,2.0,4.125000000000001,360,0.73,3.0,22,63,1858
0.0,2.5,3.9075378797541256,360,0.69,3.0,23,63,1859
0.0,2.2,3.74067332602634,360,0.71,4.0,24,63,1860
0.0,2.0,4.052814969251944,360,0.73,5.0,1,64,1861
0.0,2.2,4.0,360,0.72,4.0,2,64,1862
0.0,2.3,4.052814969251944,360,0.74,4.0,3,64,1863
0.0,2.5,4.20766062413412,360,0.79,4.0,4,64,1864
0.0,1.9,4.453984489160851,360,0.84,4.0,5,64,1865
0.0,1.0,4.7749999999999995,360,0.85,2.0,6,64,1866
11.222222222222221,0.7,5.1488304800910925,360,0.84,2.0,7,64,1867
190.77777777777777,2.0,5.55,360,0.81,3.0,8,64,1868
493.7777777777778,3.7,5.951169519908907,360,0.74,4.0,9,64,1869
830.4444444444446,6.1,6.325,360,0.72,4.0,10,64,1870
1066.1111111111113,8.0,6.646015510839149,360,0.62,4.0,11,64,1871
1200.7777777777778,9.8,6.8923393758658795,360,0.53,5.0,12,64,1872
1234.4444444444443,10.8,7.0471850307480555,360,0.49,6.0,13,64,1873
1133.4444444444443,11.3,7.1,360,0.47,6.0,14,64,1874
953.8888888888889,11.7,7.0471850307480555,360,0.48,6.0,15,64,1875
662.1111111111112,11.3,6.8923393758658795,360,0.49,6.0,16,64,1876
336.66666666666663,10.1,6.646015510839149,360,0.55,7.0,17,64,1877
56.111111111111114,8.0,6.325,360,0.6,5.0,18,64,1878
0.0,5.6,5.951169519908907,360,0.7,2.0,19,64,1879
0.0,4.9,5.55,360,0.71,2.0,20,64,1880
0.0,3.9,5.1488304800910925,360,0.77,3.0,21,64,1881
0.0,3.6,4.775,360,0.77,2.0,22,64,1882
0.0,3.2,4.4539844891608515,360,0.77,4.0,23,64,1883
0.0,3.6,4.20766062413412,360,0.76,4.0,24,64,1884
0.0,2.7,3.857926095308584,360,0.79,3.0,1,65,1885
0.0,1.6,3.8,360,0.82,2.0,2,65,1886
0.0,1.6,3.8579260953085837,360,0.82,2.0,3,65,1887
0.0,-0.5,4.027756813566453,360,0.89,2.0,4,65,1888
0.0,-0.4,4.297918471982868,360,0.9,3.0,5,65,1889
0.0,-0.1,4.6499999999999995,360,0.89,2.0,6,65,1890
22.444444444444443,-0.7,5.060007623325715,360,0.91,2.0,7,65,1891
213.22222222222223,1.0,5.5,360,0.87,4.0,8,65,1892
549.8888888888889,4.0,5.939992376674286,360,0.81,4.0,9,65,1893
830.4444444444446,6.0,6.3500000000000005,360,0.75,4.0,10,65,1894
1054.888888888889,8.0,6.702081528017131,360,0.66,6.0,11,65,1895
1212.0,9.8,6.972243186433546,360,0.61,6.0,12,65,1896
1212.0,10.9,7.142073904691417,360,0.55,6.0,13,65,1897
1111.0,12.0,7.2,360,0.54,6.0,14,65,1898
897.7777777777778,12.3,7.142073904691417,360,0.54,5.0,15,65,1899
628.4444444444443,11.7,6.972243186433546,360,0.56,5.0,16,65,1900
314.2222222222222,10.2,6.702081528017131,360,0.58,6.0,17,65,1901
56.111111111111114,7.3,6.3500000000000005,360,0.7,4.0,18,65,1902
0.0,5.4,5.939992376674286,360,0.75,2.0,19,65,1903
0.0,5.3,5.5,360,0.75,2.0,20,65,1904
0.0,5.8,5.060007623325715,360,0.76,6.0,21,65,1905
0.0,5.2,4.65,360,0.78,6.0,22,65,1906
0.0,4.2,4.297918471982869,360,0.81,5.0,23,65,1907
0.0,3.3,4.027756813566454,360,0.83,5.0,24,65,1908
0.0,1.9,4.146000134509757,360,0.87,5.0,1,66,1909
0.0,1.8,4.1,360,0.86,5.0,2,66,1910
0.0,0.7,4.146000134509757,360,0.89,4.0,3,66,1911
0.0,0.0,4.280865704891006,360,0.89,4.0,4,66,1912
0.0,-0.9,4.495405845398159,360,0.92,3.0,5,66,1913
0.0,-1.1,4.774999999999999,360,0.92,5.0,6,66,1914
11.222222222222221,-1.5,5.100594289111596,360,0.94,4.0,7,66,1915
202.0,-0.6,5.449999999999999,360,0.91,5.0,8,66,1916
516.2222222222223,1.2,5.7994057108884025,360,0.86,6.0,9,66,1917
864.1111111111111,3.5,6.124999999999999,360,0.8,7.0,10,66,1918
1099.7777777777778,5.4,6.404594154601838,360,0.69,7.0,11,66,1919
1245.6666666666665,7.8,6.619134295108991,360,0.62,7.0,12,66,1920
1279.3333333333335,9.1,6.753999865490242,360,0.59,8.0,13,66,1921
1189.5555555555557,9.9,6.799999999999999,360,0.56,8.0,14,66,1922
965.1111111111112,10.3,6.753999865490242,360,0.58,8.0,15,66,1923
684.5555555555557,10.2,6.619134295108991,360,0.55,8.0,16,66,1924
347.8888888888889,9.2,6.404594154601838,360,0.57,8.0,17,66,1925
56.111111111111114,6.9,6.124999999999999,360,0.67,6.0,18,66,1926
0.0,6.4,5.7994057108884025,360,0.66,5.0,19,66,1927
0.0,5.8,5.449999999999999,360,0.64,6.0,20,66,1928
0.0,5.6,5.100594289111596,360,0.61,8.0,21,66,1929
0.0,4.7,4.7749999999999995,360,0.65,8.0,22,66,1930
0.0,3.8,4.49540584539816,360,0.68,6.0,23,66,1931
0.0,3.1,4.280865704891007,360,0.71,6.0,24,66,1932
0.0,2.4,3.8613335126796766,360,0.73,7.0,1,67,1933
0.0,1.4,3.7999999999999994,360,0.76,4.0,2,67,1934
0.0,0.7,3.8613335126796766,360,0.78,4.0,3,67,1935
0.0,0.6,4.04115427318801,360,0.79,4.0,4,67,1936
0.0,-0.1,4.327207793864213,360,0.81,4.0,5,67,1937
0.0,-0.6,4.699999999999998,360,0.83,4.0,6,67,1938
22.444444444444443,-0.6,5.134125718815462,360,0.82,4.0,7,67,1939
246.8888888888889,0.9,5.6,360,0.77,5.0,8,67,1940
594.7777777777778,2.9,6.065874281184537,360,0.69,6.0,9,67,1941
909.0,5.3,6.5,360,0.65,5.0,10,67,1942
1133.4444444444443,7.1,6.872792206135785,360,0.61,5.0,11,67,1943
1256.8888888888887,9.2,7.15884572681199,360,0.59,5.0,12,67,1944
1256.8888888888887,10.8,7.338666487320323,360,0.54,6.0,13,67,1945
1167.111111111111,11.8,7.4,360,0.53,5.0,14,67,1946
965.1111111111112,12.5,7.338666487320323,360,0.46,4.0,15,67,1947
695.7777777777778,12.8,7.15884572681199,360,0.48,4.0,16,67,1948
359.1111111111111,11.7,6.872792206135785,360,0.52,2.0,17,67,1949
67.33333333333334,9.7,6.5,360,0.56,2.0,18,67,1950
0.0,8.1,6.065874281184537,360,0.6,2.0,19,67,1951
0.0,6.7,5.6,360,0.64,2.0,20,67,1952
0.0,6.6,5.134125718815462,360,0.64,2.0,21,67,1953
0.0,4.6,4.7,360,0.73,1.0,22,67,1954
0.0,2.9,4.327207793864214,360,0.8,1.0,23,67,1955
0.0,3.8,4.04115427318801,360,0.74,2.0,24,67,1956
0.0,3.2,4.4715557647929565,360,0.79,2.0,1,68,1957
0.0,5.7,4.4,360,0.73,4.0,2,68,1958
0.0,4.8,4.4715557647929565,360,0.77,6.0,3,68,1959
0.0,4.7,4.681346652052679,360,0.83,4.0,4,68,1960
0.0,4.3,5.01507575950825,360,0.84,4.0,5,68,1961
0.0,4.1,5.449999999999999,360,0.85,2.0,6,68,1962
22.444444444444443,3.8,5.956480005284707,360,0.86,2.0,7,68,1963
246.8888888888889,6.3,6.5,360,0.8,3.0,8,68,1964
583.5555555555555,10.2,7.043519994715293,360,0.69,8.0,9,68,1965
909.0,11.6,7.55,360,0.61,10.0,10,68,1966
1144.6666666666665,12.6,7.9849242404917495,360,0.57,10.0,11,68,1967
1279.3333333333335,13.7,8.318653347947322,360,0.54,9.0,12,68,1968
1279.3333333333335,15.0,8.528444235207044,360,0.51,8.0,13,68,1969
1178.3333333333335,15.7,8.6,360,0.5,7.0,14,68,1970
987.5555555555557,16.0,8.528444235207044,360,0.48,6.0,15,68,1971
695.7777777777778,15.7,8.318653347947322,360,0.49,5.0,16,68,1972
370.33333333333337,14.5,7.9849242404917495,360,0.53,4.0,17,68,1973
67.33333333333334,11.9,7.55,360,0.6,2.0,18,68,1974
0.0,8.2,7.043519994715293,360,0.76,2.0,19,68,1975
0.0,8.1,6.5,360,0.72,2.0,20,68,1976
0.0,9.9,5.956480005284707,360,0.63,6.0,21,68,1977
0.0,8.9,5.450000000000001,360,0.65,6.0,22,68,1978
0.0,8.0,5.0150757595082505,360,0.67,8.0,23,68,1979
0.0,6.9,4.681346652052679,360,0.7,6.0,24,68,1980
0.0,6.2,5.56474093005077,360,0.72,6.0,1,69,1981
0.0,5.7,5.5,360,0.71,8.0,2,69,1982
0.0,5.1,5.56474093005077,360,0.72,7.0,3,69,1983
0.0,4.4,5.754551732809566,360,0.75,6.0,4,69,1984
0.0,3.7,6.056497115745559,360,0.77,4.0,5,69,1985
0.0,2.5,6.449999999999999,360,0.82,2.0,6,69,1986
22.444444444444443,3.7,6.908243814305211,360,0.79,2.0,7,69,1987
213.22222222222223,5.9,7.4,360,0.7,6.0,8,69,1988
594.7777777777778,7.6,7.89175618569479,360,0.67,8.0,9,69,1989
897.7777777777778,9.3,8.350000000000001,360,0.65,8.0,10,69,1990
1144.6666666666665,10.8,8.743502884254442,360,0.63,8.0,11,69,1991
1223.2222222222222,12.0,9.045448267190434,360,0.61,6.0,12,69,1992
1234.4444444444443,13.1,9.23525906994923,360,0.6,5.0,13,69,1993
1155.888888888889,13.7,9.3,360,0.58,5.0,14,69,1994
965.1111111111112,14.1,9.23525906994923,360,0.54,4.0,15,69,1995
650.8888888888889,13.7,9.045448267190434,360,0.58,4.0,16,69,1996
314.2222222222222,12.7,8.743502884254442,360,0.63,4.0,17,69,1997
78.55555555555554,10.9,8.350000000000001,360,0.72,3.0,18,69,1998
0.0,10.1,7.89175618569479,360,0.75,2.0,19,69,1999
0.0,9.1,7.4,360,0.82,2.0,20,69,2000
0.0,5.2,6.908243814305211,360,0.95,1.0,21,69,2001
0.0,4.4,6.450000000000001,360,0.97,0.0,22,69,2002
0.0,3.3,6.05649711574556,360,0.97,2.0,23,69,2003
0.0,3.7,5.754551732809567,360,0.98,1.0,24,69,2004
0.0,3.2,6.251111260566398,360,0.98,1.0,1,70,2005
0.0,3.3,6.199999999999999,360,0.98,1.0,2,70,2006
0.0,2.1,6.251111260566397,360,0.98,2.0,3,70,2007
0.0,2.0,6.400961894323341,360,0.99,2.0,4,70,2008
0.0,3.8,6.639339828220177,360,1.0,2.0,5,70,2009
0.0,3.7,6.949999999999999,360,1.0,2.0,6,70,2010
11.222222222222221,3.5,7.311771432346219,360,1.0,4.0,7,70,2011
123.44444444444446,4.2,7.699999999999999,360,1.0,4.0,8,70,2012
224.44444444444446,5.2,8.08822856765378,360,1.0,4.0,9,70,2013
471.33333333333337,6.3,8.45,360,1.0,4.0,10,70,2014
493.7777777777778,6.3,8.76066017177982,360,1.0,4.0,11,70,2015
920.2222222222223,8.4,8.999038105676657,360,0.82,4.0,12,70,2016
1357.8888888888891,10.8,9.148888739433602,360,0.66,5.0,13,70,2017
1256.8888888888887,11.7,9.2,360,0.61,6.0,14,70,2018
583.5555555555555,10.7,9.148888739433602,360,0.63,6.0,15,70,2019
314.2222222222222,10.2,8.999038105676657,360,0.67,5.0,16,70,2020
168.33333333333331,10.1,8.76066017177982,360,0.67,4.0,17,70,2021
44.888888888888886,9.4,8.45,360,0.73,4.0,18,70,2022
0.0,9.1,8.08822856765378,360,0.75,4.0,19,70,2023
0.0,8.1,7.699999999999999,360,0.79,4.0,20,70,2024
0.0,7.8,7.311771432346219,360,0.8,4.0,21,70,2025
0.0,7.1,6.95,360,0.84,2.0,22,70,2026
0.0,4.6,6.639339828220178,360,0.95,2.0,23,70,2027
0.0,3.5,6.400961894323341,360,0.98,1.0,24,70,2028
0.0,2.9,5.66474093005077,360,0.96,2.0,1,71,2029
0.0,1.3,5.6,360,0.97,2.0,2,71,2030
0.0,1.0,5.66474093005077,360,0.99,1.0,3,71,2031
0.0,0.0,5.854551732809566,360,1.0,0.0,4,71,2032
0.0,-0.6,6.156497115745559,360,1.0,2.0,5,71,2033
0.0,-0.3,6.549999999999999,360,1.0,1.0,6,71,2034
33.66666666666667,-0.1,7.008243814305211,360,1.0,1.0,7,71,2035
258.11111111111114,4.4,7.5,360,1.0,2.0,8,71,2036
639.6666666666667,8.3,7.99175618569479,360,0.84,2.0,9,71,2037
953.8888888888889,10.3,8.450000000000001,360,0.66,3.0,10,71,2038
1167.111111111111,10.9,8.843502884254441,360,0.6,5.0,11,71,2039
1324.2222222222224,12.3,9.145448267190433,360,0.56,5.0,12,71,2040
1346.6666666666665,12.6,9.335259069949231,360,0.56,6.0,13,71,2041
1279.3333333333335,13.4,9.4,360,0.53,6.0,14,71,2042
1043.6666666666665,13.7,9.335259069949231,360,0.53,6.0,15,71,2043
774.3333333333333,13.7,9.145448267190433,360,0.52,6.0,16,71,2044
437.6666666666667,13.3,8.843502884254441,360,0.51,6.0,17,71,2045
78.55555555555554,10.7,8.450000000000001,360,0.61,4.0,18,71,2046
11.222222222222221,9.5,7.99175618569479,360,0.62,2.0,19,71,2047
0.0,8.1,7.5,360,0.69,2.0,20,71,2048
0.0,8.2,7.008243814305211,360,0.67,2.0,21,71,2049
0.0,7.4,6.550000000000001,360,0.71,2.0,22,71,2050
0.0,6.3,6.15649711574556,360,0.77,3.0,23,71,2051
0.0,5.5,5.854551732809567,360,0.8,4.0,24,71,2052
0.0,4.7,6.0391852997675715,360,0.83,2.0,1,72,2053
0.0,5.6,6.0,360,0.82,2.0,2,72,2054
0.0,5.3,6.0391852997675715,360,0.86,2.0,3,72,2055
0.0,4.0,6.154070785647895,360,0.89,2.0,4,72,2056
0.0,5.6,6.33682720163547,360,0.83,2.0,5,72,2057
0.0,4.6,6.574999999999999,360,0.86,2.0,6,72,2058
11.222222222222221,7.0,6.852358098132101,360,0.8,4.0,7,72,2059
89.77777777777777,8.4,7.15,360,0.74,6.0,8,72,2060
202.0,10.1,7.447641901867899,360,0.67,8.0,9,72,2061
190.77777777777777,10.1,7.7250000000000005,360,0.73,12.0,10,72,2062
246.8888888888889,9.7,7.96317279836453,360,0.82,9.0,11,72,2063
336.66666666666663,10.4,8.145929214352105,360,0.83,9.0,12,72,2064
505.0,11.4,8.26081470023243,360,0.77,12.0,13,72,2065
224.44444444444446,11.4,8.3,360,0.76,11.0,14,72,2066
235.66666666666669,12.0,8.26081470023243,360,0.76,10.0,15,72,2067
258.11111111111114,12.2,8.145929214352105,360,0.72,10.0,16,72,2068
89.77777777777777,12.2,7.96317279836453,360,0.7,8.0,17,72,2069
11.222222222222221,11.9,7.7250000000000005,360,0.68,9.0,18,72,2070
0.0,10.8,7.447641901867899,360,0.72,9.0,19,72,2071
0.0,10.1,7.15,360,0.77,9.0,20,72,2072
0.0,9.5,6.852358098132101,360,0.83,7.0,21,72,2073
0.0,9.6,6.575,360,0.8,6.0,22,72,2074
0.0,9.4,6.3368272016354705,360,0.8,7.0,23,72,2075
0.0,9.1,6.154070785647896,360,0.8,8.0,24,72,2076
0.0,9.1,7.556222386623038,360,0.81,7.0,1,73,2077
0.0,8.5,7.5,360,0.83,6.0,2,73,2078
0.0,8.6,7.556222386623038,360,0.83,5.0,3,73,2079
0.0,8.5,7.7210580837556755,360,0.84,4.0,4,73,2080
0.0,9.0,7.983273811042196,360,0.82,5.0,5,73,2081
0.0,8.7,8.325,360,0.84,4.0,6,73,2082
11.222222222222221,9.1,8.72294857558084,360,0.83,4.0,7,73,2083
157.1111111111111,9.6,9.15,360,0.8,5.0,8,73,2084
291.77777777777777,10.2,9.57705142441916,360,0.8,5.0,9,73,2085
538.6666666666667,11.3,9.975000000000001,360,0.77,5.0,10,73,2086
594.7777777777778,12.0,10.316726188957805,360,0.76,4.0,11,73,2087
662.1111111111112,12.4,10.578941916244325,360,0.78,4.0,12,73,2088
875.3333333333334,13.3,10.743777613376963,360,0.73,4.0,13,73,2089
785.5555555555557,13.7,10.8,360,0.68,4.0,14,73,2090
359.1111111111111,13.3,10.743777613376963,360,0.72,4.0,15,73,2091
561.1111111111111,14.2,10.578941916244325,360,0.64,4.0,16,73,2092
291.77777777777777,13.3,10.316726188957805,360,0.72,2.0,17,73,2093
44.888888888888886,12.4,9.975000000000001,360,0.79,2.0,18,73,2094
0.0,11.5,9.57705142441916,360,0.84,1.0,19,73,2095
0.0,10.8,9.15,360,0.84,2.0,20,73,2096
0.0,8.9,8.72294857558084,360,0.87,3.0,21,73,2097
0.0,7.3,8.325000000000001,360,0.93,2.0,22,73,2098
0.0,8.5,7.983273811042197,360,0.88,2.0,23,73,2099
0.0,5.9,7.721058083755676,360,0.99,2.0,24,73,2100
0.0,5.7,7.754518677937492,360,1.0,1.0,1,74,2101
0.0,6.3,7.700000000000001,360,1.0,1.0,2,74,2102
0.0,6.0,7.754518677937491,360,1.0,2.0,3,74,2103
0.0,6.1,7.914359353944898,360,1.0,2.0,4,74,2104
0.0,5.6,8.168629150101523,360,1.0,2.0,5,74,2105
0.0,6.1,8.5,360,1.0,2.0,6,74,2106
33.66666666666667,6.6,8.885889527835968,360,1.0,2.0,7,74,2107
224.44444444444446,8.7,9.3,360,0.96,3.0,8,74,2108
538.6666666666667,11.3,9.714110472164034,360,0.82,5.0,9,74,2109
875.3333333333334,12.7,10.100000000000001,360,0.76,6.0,10,74,2110
998.7777777777778,14.6,10.431370849898476,360,0.61,7.0,11,74,2111
1335.4444444444443,16.0,10.685640646055102,360,0.6,8.0,12,74,2112
1268.1111111111113,16.8,10.84548132206251,360,0.55,9.0,13,74,2113
976.3333333333333,17.4,10.9,360,0.55,8.0,14,74,2114
594.7777777777778,17.7,10.84548132206251,360,0.51,8.0,15,74,2115
370.33333333333337,17.2,10.685640646055102,360,0.54,8.0,16,74,2116
157.1111111111111,16.3,10.431370849898476,360,0.59,7.0,17,74,2117
67.33333333333334,15.0,10.100000000000001,360,0.6,5.0,18,74,2118
0.0,13.8,9.714110472164034,360,0.71,7.0,19,74,2119
0.0,12.7,9.3,360,0.75,3.0,20,74,2120
0.0,13.5,8.885889527835968,360,0.66,4.0,21,74,2121
0.0,13.7,8.500000000000002,360,0.63,4.0,22,74,2122
0.0,14.3,8.168629150101525,360,0.6,6.0,23,74,2123
0.0,12.0,7.914359353944898,360,0.69,5.0,24,74,2124
0.0,11.1,8.934074173710933,360,0.71,4.0,1,75,2125
0.0,10.5,8.9,360,0.74,4.0,2,75,2126
0.0,10.2,8.934074173710933,360,0.76,4.0,3,75,2127
0.0,10.5,9.033974596215561,360,0.75,4.0,4,75,2128
0.0,10.6,9.192893218813452,360,0.76,5.0,5,75,2129
0.0,10.4,9.4,360,0.75,5.0,6,75,2130
33.66666666666667,10.4,9.64118095489748,360,0.76,5.0,7,75,2131
157.1111111111111,11.5,9.9,360,0.73,6.0,8,75,2132
291.77777777777777,12.6,10.158819045102522,360,0.71,6.0,9,75,2133
291.77777777777777,12.3,10.4,360,0.75,7.0,10,75,2134
471.33333333333337,13.6,10.607106781186548,360,0.73,6.0,11,75,2135
1133.4444444444443,15.2,10.76602540378444,360,0.66,8.0,12,75,2136
583.5555555555555,14.6,10.865925826289068,360,0.7,8.0,13,75,2137
404.0,14.5,10.9,360,0.7,7.0,14,75,2138
168.33333333333331,13.7,10.865925826289068,360,0.77,6.0,15,75,2139
179.55555555555554,14.2,10.76602540378444,360,0.78,6.0,16,75,2140
145.88888888888889,14.2,10.607106781186548,360,0.79,5.0,17,75,2141
78.55555555555554,13.9,10.4,360,0.8,6.0,18,75,2142
0.0,12.3,10.158819045102522,360,0.78,2.0,19,75,2143
0.0,13.1,9.9,360,0.71,4.0,20,75,2144
0.0,12.6,9.64118095489748,360,0.71,4.0,21,75,2145
0.0,12.8,9.4,360,0.7,4.0,22,75,2146
0.0,11.8,9.192893218813452,360,0.74,3.0,23,75,2147
0.0,10.4,9.033974596215561,360,0.8,2.0,24,75,2148
0.0,10.5,9.339185299767571,360,0.8,1.0,1,76,2149
0.0,10.3,9.3,360,0.81,2.0,2,76,2150
0.0,10.2,9.339185299767571,360,0.81,2.0,3,76,2151
0.0,9.9,9.454070785647895,360,0.84,2.0,4,76,2152
0.0,9.7,9.63682720163547,360,0.84,2.0,5,76,2153
0.0,9.5,9.874999999999998,360,0.84,2.0,6,76,2154
22.444444444444443,9.3,10.152358098132101,360,0.88,4.0,7,76,2155
168.33333333333331,10.3,10.45,360,0.81,6.0,8,76,2156
280.55555555555554,10.7,10.747641901867897,360,0.77,6.0,9,76,2157
561.1111111111111,12.1,11.024999999999999,360,0.74,6.0,10,76,2158
931.4444444444445,13.7,11.26317279836453,360,0.67,6.0,11,76,2159
864.1111111111111,14.4,11.445929214352104,360,0.64,7.0,12,76,2160
852.8888888888889,14.6,11.560814700232427,360,0.66,6.0,13,76,2161
1043.6666666666665,15.9,11.599999999999998,360,0.63,8.0,14,76,2162
729.4444444444443,16.1,11.560814700232427,360,0.57,6.0,15,76,2163
347.8888888888889,15.6,11.445929214352104,360,0.58,6.0,16,76,2164
235.66666666666669,15.6,11.26317279836453,360,0.63,4.0,17,76,2165
78.55555555555554,14.7,11.024999999999999,360,0.67,4.0,18,76,2166
0.0,13.4,10.747641901867897,360,0.74,9.0,19,76,2167
0.0,11.3,10.45,360,0.82,9.0,20,76,2168
0.0,9.9,10.152358098132101,360,0.86,7.0,21,76,2169
0.0,8.8,9.875,360,0.9,8.0,22,76,2170
0.0,8.2,9.63682720163547,360,0.9,8.0,23,76,2171
0.0,7.8,9.454070785647895,360,0.91,8.0,24,76,2172
0.0,7.4,9.120444504226558,360,0.92,8.0,1,77,2173
0.0,7.2,9.099999999999998,360,0.94,8.0,2,77,2174
0.0,7.0,9.120444504226558,360,0.94,9.0,3,77,2175
0.0,6.9,9.180384757729335,360,0.94,8.0,4,77,2176
0.0,7.1,9.27573593128807,360,0.89,8.0,5,77,2177
0.0,7.1,9.399999999999999,360,0.89,7.0,6,77,2178
11.222222222222221,7.0,9.544708572938486,360,0.88,8.0,7,77,2179
56.111111111111114,7.3,9.7,360,0.85,12.0,8,77,2180
101.0,7.6,9.855291427061513,360,0.85,8.0,9,77,2181
190.77777777777777,8.0,10.0,360,0.83,7.0,10,77,2182
202.0,8.6,10.124264068711929,360,0.8,6.0,11,77,2183
673.3333333333333,10.0,10.219615242270663,360,0.72,6.0,12,77,2184
561.1111111111111,10.8,10.27955549577344,360,0.69,7.0,13,77,2185
538.6666666666667,10.9,10.3,360,0.68,7.0,14,77,2186
460.11111111111114,11.1,10.27955549577344,360,0.68,8.0,15,77,2187
325.44444444444446,11.1,10.219615242270663,360,0.71,6.0,16,77,2188
235.66666666666669,10.4,10.124264068711929,360,0.71,7.0,17,77,2189
33.66666666666667,9.7,10.0,360,0.77,7.0,18,77,2190
0.0,9.2,9.855291427061513,360,0.77,5.0,19,77,2191
0.0,8.1,9.7,360,0.81,5.0,20,77,2192
0.0,6.8,9.544708572938486,360,0.91,2.0,21,77,2193
0.0,7.3,9.399999999999999,360,0.9,1.0,22,77,2194
0.0,7.5,9.27573593128807,360,0.87,3.0,23,77,2195
0.0,6.9,9.180384757729335,360,0.92,3.0,24,77,2196
0.0,6.3,8.432370465025386,360,0.94,4.0,1,78,2197
0.0,6.0,8.400000000000002,360,0.94,4.0,2,78,2198
0.0,5.5,8.432370465025386,360,0.97,4.0,3,78,2199
0.0,5.7,8.527275866404784,360,0.99,6.0,4,78,2200
0.0,6.3,8.67824855787278,360,0.99,5.0,5,78,2201
0.0,6.8,8.875,360,0.99,4.0,6,78,2202
33.66666666666667,7.2,9.104121907152606,360,1.0,4.0,7,78,2203
134.66666666666669,7.8,9.350000000000001,360,1.0,5.0,8,78,2204
246.8888888888889,8.8,9.595878092847396,360,1.0,5.0,9,78,2205
325.44444444444446,10.1,9.825000000000001,360,1.0,7.0,10,78,2206
381.55555555555554,10.8,10.021751442127222,360,0.99,6.0,11,78,2207
471.33333333333337,12.4,10.172724133595219,360,0.9,6.0,12,78,2208
258.11111111111114,12.2,10.267629534974617,360,0.9,7.0,13,78,2209
347.8888888888889,12.3,10.3,360,0.85,8.0,14,78,2210
202.0,11.7,10.267629534974617,360,0.87,8.0,15,78,2211
347.8888888888889,12.2,10.172724133595219,360,0.79,8.0,16,78,2212
101.0,11.7,10.021751442127222,360,0.82,7.0,17,78,2213
44.888888888888886,11.3,9.825000000000001,360,0.8,8.0,18,78,2214
0.0,10.8,9.595878092847396,360,0.85,8.0,19,78,2215
0.0,10.4,9.350000000000001,360,0.88,8.0,20,78,2216
0.0,9.8,9.104121907152606,360,0.95,8.0,21,78,2217
0.0,10.0,8.875000000000002,360,0.94,7.0,22,78,2218
0.0,10.0,8.67824855787278,360,0.96,6.0,23,78,2219
0.0,9.9,8.527275866404784,360,1.0,6.0,24,78,2220
0.0,10.0,9.313629669484373,360,1.0,6.0,1,79,2221
0.0,9.7,9.3,360,0.96,6.0,2,79,2222
0.0,9.0,9.313629669484373,360,0.97,4.0,3,79,2223
0.0,8.9,9.353589838486224,360,0.97,5.0,4,79,2224
0.0,8.3,9.41715728752538,360,0.95,6.0,5,79,2225
0.0,7.7,9.5,360,0.96,6.0,6,79,2226
33.66666666666667,7.6,9.596472381958991,360,0.93,7.0,7,79,2227
134.66666666666669,7.2,9.7,360,0.91,7.0,8,79,2228
291.77777777777777,7.5,9.803527618041008,360,0.86,7.0,9,79,2229
437.6666666666667,7.9,9.899999999999999,360,0.82,8.0,10,79,2230
460.11111111111114,7.5,9.982842712474618,360,0.81,8.0,11,79,2231
594.7777777777778,7.9,10.046410161513775,360,0.79,8.0,12,79,2232
606.0,7.8,10.086370330515626,360,0.76,7.0,13,79,2233
448.8888888888889,8.5,10.099999999999998,360,0.73,6.0,14,79,2234
325.44444444444446,8.5,10.086370330515626,360,0.72,7.0,15,79,2235
269.33333333333337,8.4,10.046410161513775,360,0.7,8.0,16,79,2236
168.33333333333331,8.2,9.982842712474618,360,0.71,7.0,17,79,2237
33.66666666666667,8.1,9.899999999999999,360,0.72,6.0,18,79,2238
0.0,7.8,9.803527618041008,360,0.75,6.0,19,79,2239
0.0,7.8,9.7,360,0.75,6.0,20,79,2240
0.0,7.4,9.596472381958991,360,0.82,5.0,21,79,2241
0.0,7.3,9.5,360,0.83,6.0,22,79,2242
0.0,7.3,9.41715728752538,360,0.79,5.0,23,79,2243
0.0,6.8,9.353589838486224,360,0.83,5.0,24,79,2244
0.0,4.1,7.3374815910820255,360,0.92,3.0,1,80,2245
0.0,3.2,7.300000000000001,360,0.95,2.0,2,80,2246
0.0,3.1,7.337481591082025,360,0.97,3.0,3,80,2247
0.0,2.7,7.447372055837118,360,0.97,4.0,4,80,2248
0.0,2.4,7.622182540694798,360,0.97,3.0,5,80,2249
0.0,2.2,7.85,360,0.95,3.0,6,80,2250
101.0,2.8,8.115299050387227,360,0.95,3.0,7,80,2251
269.33333333333337,4.2,8.4,360,0.89,4.0,8,80,2252
471.33333333333337,6.0,8.684700949612774,360,0.82,4.0,9,80,2253
852.8888888888889,8.3,8.950000000000001,360,0.65,6.0,10,80,2254
1133.4444444444443,9.4,9.177817459305203,360,0.55,9.0,11,80,2255
1099.7777777777778,10.0,9.352627944162883,360,0.51,8.0,12,80,2256
819.2222222222222,10.1,9.462518408917976,360,0.51,8.0,13,80,2257
1010.0,10.3,9.5,360,0.54,8.0,14,80,2258
740.6666666666667,11.0,9.462518408917976,360,0.47,8.0,15,80,2259
561.1111111111111,10.9,9.352627944162883,360,0.46,8.0,16,80,2260
538.6666666666667,10.9,9.177817459305203,360,0.43,8.0,17,80,2261
157.1111111111111,8.8,8.950000000000001,360,0.53,7.0,18,80,2262
0.0,6.2,8.684700949612774,360,0.65,4.0,19,80,2263
0.0,5.6,8.4,360,0.68,3.0,20,80,2264
0.0,5.5,8.115299050387227,360,0.69,4.0,21,80,2265
0.0,4.5,7.8500000000000005,360,0.7,4.0,22,80,2266
0.0,3.5,7.622182540694798,360,0.74,3.0,23,80,2267
0.0,3.5,7.447372055837118,360,0.73,3.0,24,80,2268
0.0,3.4,5.761333512679677,360,0.73,4.0,1,81,2269
0.0,2.8,5.699999999999999,360,0.74,3.0,2,81,2270
0.0,1.6,5.761333512679677,360,0.79,2.0,3,81,2271
0.0,0.8,5.94115427318801,360,0.82,2.0,4,81,2272
0.0,0.4,6.227207793864213,360,0.83,2.0,5,81,2273
0.0,0.0,6.599999999999999,360,0.84,2.0,6,81,2274
101.0,1.8,7.034125718815463,360,0.78,3.0,7,81,2275
437.6666666666667,4.8,7.5,360,0.69,4.0,8,81,2276
808.0,7.3,7.965874281184537,360,0.58,6.0,9,81,2277
1122.2222222222222,10.0,8.4,360,0.49,7.0,10,81,2278
1369.1111111111113,11.8,8.772792206135787,360,0.4,9.0,11,81,2279
1492.5555555555557,12.8,9.05884572681199,360,0.35,9.0,12,81,2280
1503.7777777777776,14.3,9.238666487320323,360,0.36,9.0,13,81,2281
1391.5555555555557,14.7,9.3,360,0.29,8.0,14,81,2282
1189.5555555555557,14.7,9.238666487320323,360,0.32,9.0,15,81,2283
886.5555555555555,14.8,9.05884572681199,360,0.29,8.0,16,81,2284
527.4444444444445,13.8,8.772792206135787,360,0.28,8.0,17,81,2285
157.1111111111111,10.8,8.4,360,0.36,7.0,18,81,2286
11.222222222222221,7.6,7.965874281184537,360,0.45,3.0,19,81,2287
0.0,8.4,7.5,360,0.43,5.0,20,81,2288
0.0,7.7,7.034125718815463,360,0.46,5.0,21,81,2289
0.0,6.3,6.6000000000000005,360,0.52,4.0,22,81,2290
0.0,4.8,6.227207793864214,360,0.6,3.0,23,81,2291
0.0,3.9,5.94115427318801,360,0.64,3.0,24,81,2292
0.0,3.7,5.873259473478503,360,0.67,2.0,1,82,2293
0.0,4.2,5.799999999999999,360,0.63,2.0,2,82,2294
0.0,3.0,5.873259473478503,360,0.69,2.0,3,82,2295
0.0,3.1,6.088045381863456,360,0.69,3.0,4,82,2296
0.0,1.8,6.429720420448922,360,0.76,2.0,5,82,2297
0.0,1.8,6.874999999999998,360,0.77,2.0,6,82,2298
101.0,2.1,7.3935390530295795,360,0.77,3.0,7,82,2299
426.44444444444446,6.1,7.949999999999999,360,0.66,5.0,8,82,2300
785.5555555555557,8.5,8.506460946970419,360,0.58,5.0,9,82,2301
1088.5555555555557,11.6,9.024999999999999,360,0.52,4.0,10,82,2302
1335.4444444444443,13.5,9.470279579551077,360,0.38,6.0,11,82,2303
1470.111111111111,14.6,9.811954618136543,360,0.38,6.0,12,82,2304
1481.3333333333335,15.1,10.026740526521497,360,0.4,6.0,13,82,2305
1369.1111111111113,15.3,10.1,360,0.37,6.0,14,82,2306
1167.111111111111,15.6,10.026740526521497,360,0.33,6.0,15,82,2307
864.1111111111111,15.1,9.811954618136543,360,0.36,6.0,16,82,2308
516.2222222222223,13.8,9.470279579551077,360,0.4,6.0,17,82,2309
145.88888888888889,11.4,9.024999999999999,360,0.45,5.0,18,82,2310
11.222222222222221,9.6,8.506460946970419,360,0.48,3.0,19,82,2311
0.0,8.0,7.949999999999999,360,0.54,2.0,20,82,2312
0.0,8.5,7.3935390530295795,360,0.52,2.0,21,82,2313
0.0,8.1,6.875,360,0.55,2.0,22,82,2314
0.0,7.7,6.4297204204489224,360,0.57,2.0,23,82,2315
0.0,7.1,6.088045381863456,360,0.6,2.0,24,82,2316
0.0,6.5,6.373259473478503,360,0.63,2.0,1,83,2317
0.0,5.2,6.299999999999999,360,0.7,2.0,2,83,2318
0.0,4.4,6.373259473478503,360,0.72,2.0,3,83,2319
0.0,3.0,6.588045381863456,360,0.78,1.0,4,83,2320
0.0,3.1,6.929720420448922,360,0.78,1.0,5,83,2321
0.0,1.5,7.374999999999998,360,0.85,2.0,6,83,2322
112.22222222222223,3.0,7.8935390530295795,360,0.82,2.0,7,83,2323
426.44444444444446,7.0,8.45,360,0.72,3.0,8,83,2324
785.5555555555557,10.3,9.006460946970419,360,0.62,3.0,9,83,2325
1099.7777777777778,12.9,9.524999999999999,360,0.56,6.0,10,83,2326
1335.4444444444443,15.2,9.970279579551077,360,0.46,6.0,11,83,2327
1470.111111111111,16.7,10.311954618136543,360,0.37,6.0,12,83,2328
1492.5555555555557,17.5,10.526740526521497,360,0.35,8.0,13,83,2329
1380.3333333333333,17.8,10.6,360,0.33,7.0,14,83,2330
1178.3333333333335,18.1,10.526740526521497,360,0.36,6.0,15,83,2331
875.3333333333334,17.8,10.311954618136543,360,0.34,6.0,16,83,2332
505.0,16.7,9.970279579551077,360,0.38,6.0,17,83,2333
168.33333333333331,14.0,9.524999999999999,360,0.43,5.0,18,83,2334
0.0,11.3,9.006460946970419,360,0.5,2.0,19,83,2335
0.0,11.7,8.45,360,0.47,2.0,20,83,2336
0.0,11.4,7.8935390530295795,360,0.48,2.0,21,83,2337
0.0,10.8,7.375,360,0.5,2.0,22,83,2338
0.0,9.5,6.9297204204489224,360,0.56,3.0,23,83,2339
0.0,9.6,6.588045381863456,360,0.54,2.0,24,83,2340
0.0,7.5,6.786889142962876,360,0.61,2.0,1,84,2341
0.0,5.8,6.699999999999999,360,0.69,1.0,2,84,2342
0.0,5.6,6.786889142962876,360,0.68,1.0,3,84,2343
0.0,4.5,7.041635220349681,360,0.74,1.0,4,84,2344
0.0,5.4,7.446877707974303,360,0.69,2.0,5,84,2345
0.0,4.4,7.974999999999999,360,0.73,1.0,6,84,2346
123.44444444444446,5.0,8.590011434988572,360,0.7,1.0,7,84,2347
448.8888888888889,8.5,9.25,360,0.69,2.0,8,84,2348
796.7777777777777,12.3,9.909988565011428,360,0.6,2.0,9,84,2349
1111.0,15.1,10.525,360,0.52,2.0,10,84,2350
1335.4444444444443,17.7,11.053122292025696,360,0.45,4.0,11,84,2351
1470.111111111111,19.4,11.458364779650319,360,0.32,5.0,12,84,2352
1503.7777777777776,20.1,11.713110857037124,360,0.33,6.0,13,84,2353
1391.5555555555557,21.0,11.8,360,0.3,7.0,14,84,2354
1200.7777777777778,21.3,11.713110857037124,360,0.26,6.0,15,84,2355
909.0,21.0,11.458364779650319,360,0.26,6.0,16,84,2356
538.6666666666667,20.1,11.053122292025696,360,0.24,6.0,17,84,2357
179.55555555555554,17.1,10.525,360,0.3,4.0,18,84,2358
0.0,14.7,9.909988565011428,360,0.37,2.0,19,84,2359
0.0,13.8,9.25,360,0.37,2.0,20,84,2360
0.0,10.1,8.590011434988572,360,0.51,3.0,21,84,2361
0.0,9.8,7.9750000000000005,360,0.48,2.0,22,84,2362
0.0,9.8,7.446877707974304,360,0.49,3.0,23,84,2363
0.0,8.8,7.041635220349681,360,0.48,4.0,24,84,2364
0.0,11.2,8.071555764792956,360,0.39,7.0,1,85,2365
0.0,10.1,8.0,360,0.43,7.0,2,85,2366
0.0,8.3,8.071555764792956,360,0.5,6.0,3,85,2367
0.0,8.2,8.281346652052678,360,0.52,4.0,4,85,2368
0.0,8.0,8.61507575950825,360,0.52,4.0,5,85,2369
0.0,7.9,9.049999999999999,360,0.54,4.0,6,85,2370
134.66666666666669,9.1,9.556480005284707,360,0.49,7.0,7,85,2371
448.8888888888889,10.7,10.1,360,0.48,7.0,8,85,2372
718.2222222222222,12.8,10.643519994715293,360,0.45,6.0,9,85,2373
1066.1111111111113,14.2,11.15,360,0.46,7.0,10,85,2374
819.2222222222222,14.8,11.58492424049175,360,0.49,5.0,11,85,2375
1324.2222222222224,17.6,11.91865334794732,360,0.4,6.0,12,85,2376
1335.4444444444443,18.6,12.128444235207043,360,0.36,6.0,13,85,2377
1268.1111111111113,19.2,12.2,360,0.31,6.0,14,85,2378
1167.111111111111,19.7,12.128444235207043,360,0.34,5.0,15,85,2379
830.4444444444446,18.8,11.91865334794732,360,0.37,5.0,16,85,2380
527.4444444444445,18.9,11.58492424049175,360,0.37,4.0,17,85,2381
168.33333333333331,16.8,11.15,360,0.46,3.0,18,85,2382
11.222222222222221,12.3,10.643519994715293,360,0.65,1.0,19,85,2383
0.0,10.4,10.1,360,0.72,1.0,20,85,2384
0.0,12.3,9.556480005284707,360,0.68,2.0,21,85,2385
0.0,9.1,9.05,360,0.81,1.0,22,85,2386
0.0,7.9,8.615075759508251,360,0.86,1.0,23,85,2387
0.0,7.2,8.28134665205268,360,0.89,1.0,24,85,2388
0.0,6.4,8.774963182164049,360,0.92,1.0,1,86,2389
0.0,5.6,8.7,360,0.95,1.0,2,86,2390
0.0,5.7,8.774963182164047,360,0.97,1.0,3,86,2391
0.0,4.9,8.994744111674233,360,0.95,1.0,4,86,2392
0.0,9.9,9.344365081389594,360,0.74,8.0,5,86,2393
0.0,9.5,9.799999999999997,360,0.76,7.0,6,86,2394
44.888888888888886,8.7,10.330598100774454,360,0.81,6.0,7,86,2395
370.33333333333337,10.7,10.899999999999999,360,0.73,6.0,8,86,2396
774.3333333333333,13.1,11.469401899225545,360,0.69,6.0,9,86,2397
1077.3333333333335,14.8,11.999999999999998,360,0.6,6.0,10,86,2398
1324.2222222222224,16.5,12.455634918610404,360,0.57,5.0,11,86,2399
1032.4444444444446,16.7,12.805255888325764,360,0.57,6.0,12,86,2400
1133.4444444444443,18.1,13.02503681783595,360,0.49,5.0,13,86,2401
1313.0,19.4,13.099999999999998,360,0.46,6.0,14,86,2402
684.5555555555557,19.0,13.02503681783595,360,0.49,6.0,15,86,2403
437.6666666666667,18.7,12.805255888325764,360,0.47,4.0,16,86,2404
258.11111111111114,19.1,12.455634918610404,360,0.46,2.0,17,86,2405
145.88888888888889,17.2,11.999999999999998,360,0.56,1.0,18,86,2406
11.222222222222221,12.5,11.469401899225545,360,0.77,1.0,19,86,2407
0.0,13.1,10.899999999999999,360,0.7,1.0,20,86,2408
0.0,11.0,10.330598100774454,360,0.78,1.0,21,86,2409
0.0,11.5,9.799999999999999,360,0.75,1.0,22,86,2410
0.0,11.4,9.344365081389594,360,0.73,1.0,23,86,2411
0.0,11.1,8.994744111674233,360,0.76,2.0,24,86,2412
0.0,10.5,10.427259338968746,360,0.79,2.0,1,87,2413
0.0,10.3,10.399999999999999,360,0.82,2.0,2,87,2414
0.0,10.8,10.427259338968744,360,0.78,2.0,3,87,2415
0.0,10.2,10.507179676972449,360,0.86,2.0,4,87,2416
0.0,11.2,10.63431457505076,360,0.89,4.0,5,87,2417
0.0,10.5,10.799999999999999,360,0.96,4.0,6,87,2418
56.111111111111114,10.7,10.992944763917983,360,0.99,2.0,7,87,2419
145.88888888888889,10.9,11.2,360,0.98,4.0,8,87,2420
145.88888888888889,11.3,11.407055236082016,360,1.0,4.0,9,87,2421
246.8888888888889,11.8,11.6,360,0.96,4.0,10,87,2422
224.44444444444446,11.2,11.765685424949238,360,0.96,6.0,11,87,2423
235.66666666666669,11.3,11.89282032302755,360,0.95,6.0,12,87,2424
359.1111111111111,11.7,11.972740661031255,360,0.95,5.0,13,87,2425
359.1111111111111,11.8,12.0,360,0.86,5.0,14,87,2426
381.55555555555554,12.1,11.972740661031255,360,0.84,5.0,15,87,2427
471.33333333333337,12.7,11.89282032302755,360,0.85,6.0,16,87,2428
235.66666666666669,12.3,11.765685424949238,360,0.83,6.0,17,87,2429
134.66666666666669,11.7,11.6,360,0.87,6.0,18,87,2430
11.222222222222221,10.4,11.407055236082016,360,0.9,3.0,19,87,2431
0.0,9.4,11.2,360,0.93,3.0,20,87,2432
0.0,8.0,10.992944763917983,360,0.97,2.0,21,87,2433
0.0,7.7,10.799999999999999,360,1.0,2.0,22,87,2434
0.0,8.3,10.634314575050762,360,1.0,3.0,23,87,2435
0.0,8.1,10.507179676972449,360,1.0,3.0,24,87,2436
0.0,8.2,9.954518677937491,360,1.0,3.0,1,88,2437
0.0,8.2,9.9,360,1.0,2.0,2,88,2438
0.0,8.0,9.954518677937491,360,1.0,2.0,3,88,2439
0.0,8.0,10.114359353944899,360,1.0,2.0,4,88,2440
0.0,7.9,10.368629150101523,360,1.0,4.0,5,88,2441
0.0,7.9,10.7,360,1.0,3.0,6,88,2442
56.111111111111114,8.3,11.085889527835967,360,1.0,2.0,7,88,2443
235.66666666666669,8.7,11.5,360,1.0,4.0,8,88,2444
404.0,10.0,11.914110472164033,360,1.0,4.0,9,88,2445
650.8888888888889,12.0,12.3,360,0.84,4.0,10,88,2446
1414.0000000000002,13.9,12.631370849898476,360,0.76,5.0,11,88,2447
763.1111111111111,13.2,12.885640646055101,360,0.74,4.0,12,88,2448
583.5555555555555,13.7,13.045481322062509,360,0.7,3.0,13,88,2449
426.44444444444446,14.0,13.1,360,0.66,3.0,14,88,2450
538.6666666666667,14.5,13.045481322062509,360,0.68,2.0,15,88,2451
392.7777777777778,14.7,12.885640646055101,360,0.64,2.0,16,88,2452
213.22222222222223,14.2,12.631370849898476,360,0.7,2.0,17,88,2453
67.33333333333334,13.7,12.3,360,0.72,1.0,18,88,2454
11.222222222222221,13.1,11.914110472164033,360,0.75,1.0,19,88,2455
0.0,9.9,11.5,360,0.95,1.0,20,88,2456
0.0,9.1,11.085889527835967,360,0.92,2.0,21,88,2457
0.0,9.5,10.700000000000001,360,0.9,2.0,22,88,2458
0.0,8.2,10.368629150101524,360,0.94,2.0,23,88,2459
0.0,7.9,10.114359353944899,360,1.0,1.0,24,88,2460
0.0,8.4,10.140889008453119,360,1.0,1.0,1,89,2461
0.0,8.2,10.100000000000001,360,0.96,2.0,2,89,2462
0.0,8.0,10.140889008453119,360,1.0,2.0,3,89,2463
0.0,9.0,10.260769515458675,360,1.0,4.0,4,89,2464
0.0,9.1,10.451471862576144,360,1.0,6.0,5,89,2465
0.0,9.1,10.7,360,1.0,4.0,6,89,2466
22.444444444444443,9.2,10.989417145876976,360,1.0,3.0,7,89,2467
101.0,9.5,11.3,360,1.0,3.0,8,89,2468
224.44444444444446,10.2,11.610582854123026,360,1.0,4.0,9,89,2469
224.44444444444446,10.4,11.9,360,0.97,5.0,10,89,2470
729.4444444444443,12.2,12.148528137423858,360,0.86,5.0,11,89,2471
662.1111111111112,12.5,12.339230484541327,360,0.85,4.0,12,89,2472
953.8888888888889,13.8,12.459110991546883,360,0.7,8.0,13,89,2473
673.3333333333333,13.4,12.5,360,0.75,6.0,14,89,2474
235.66666666666669,10.8,12.459110991546883,360,0.87,10.0,15,89,2475
527.4444444444445,12.4,12.339230484541327,360,0.89,8.0,16,89,2476
347.8888888888889,12.0,12.148528137423858,360,0.84,9.0,17,89,2477
78.55555555555554,10.6,11.9,360,0.92,7.0,18,89,2478
0.0,9.8,11.610582854123026,360,0.93,8.0,19,89,2479
0.0,9.8,11.3,360,0.95,4.0,20,89,2480
0.0,9.7,10.989417145876976,360,0.97,4.0,21,89,2481
0.0,9.6,10.700000000000001,360,0.99,4.0,22,89,2482
0.0,9.8,10.451471862576144,360,1.0,4.0,23,89,2483
0.0,10.0,10.260769515458675,360,1.0,4.0,24,89,2484
0.0,10.0,10.627259338968745,360,0.99,4.0,1,90,2485
0.0,9.8,10.599999999999998,360,0.99,4.0,2,90,2486
0.0,9.7,10.627259338968743,360,0.99,4.0,3,90,2487
0.0,9.4,10.707179676972448,360,0.98,4.0,4,90,2488
0.0,9.4,10.83431457505076,360,1.0,4.0,5,90,2489
11.222222222222221,9.6,10.999999999999998,360,0.99,5.0,6,90,2490
101.0,10.1,11.192944763917982,360,0.96,5.0,7,90,2491
291.77777777777777,10.8,11.399999999999999,360,0.91,5.0,8,90,2492
538.6666666666667,11.4,11.607055236082015,360,0.86,6.0,9,90,2493
426.44444444444446,12.0,11.799999999999999,360,0.86,6.0,10,90,2494
650.8888888888889,12.6,11.965685424949237,360,0.82,8.0,11,90,2495
729.4444444444443,12.6,12.09282032302755,360,0.76,9.0,12,90,2496
718.2222222222222,11.4,12.172740661031254,360,0.74,10.0,13,90,2497
269.33333333333337,11.4,12.2,360,0.71,8.0,14,90,2498
280.55555555555554,11.7,12.172740661031254,360,0.76,9.0,15,90,2499
157.1111111111111,10.4,12.09282032302755,360,0.92,9.0,16,90,2500
