PARi,air_temperature,soil_temperature,ambient_CO2,humidity,Wind,hour,DOY,t
78.55555555555554,9.6,8.15980762113533,360,0.87,12.0,12,351,0
134.66666666666669,9.1,8.189777747886719,360,0.91,8.0,13,351,1
112.22222222222223,9.0,8.2,360,0.92,10.0,14,351,2
56.111111111111114,8.8,8.189777747886719,360,0.94,11.0,15,351,3
33.66666666666667,8.6,8.15980762113533,360,0.95,6.0,16,351,4
11.222222222222221,8.9,8.112132034355964,360,0.95,8.0,17,351,5
0.0,9.3,8.049999999999999,360,0.93,10.0,18,351,6
0.0,8.9,7.977645713530755,360,0.93,11.0,19,351,7
0.0,6.7,7.8999999999999995,360,0.95,10.0,20,351,8
0.0,7.1,7.822354286469244,360,0.96,6.0,21,351,9
0.0,7.9,7.75,360,0.95,6.0,22,351,10
0.0,7.7,7.687867965644036,360,0.94,6.0,23,351,11
0.0,7.7,7.640192378864668,360,0.93,5.0,24,351,12
0.0,7.8,7.018740795541013,360,0.92,6.0,1,352,13
0.0,7.9,7.0,360,0.92,6.0,2,352,14
0.0,7.6,7.018740795541012,360,0.93,6.0,3,352,15
0.0,7.9,7.0736860279185585,360,0.94,6.0,4,352,16
0.0,7.9,7.161091270347399,360,0.91,7.0,5,352,17
0.0,7.6,7.2749999999999995,360,0.92,6.0,6,352,18
0.0,7.8,7.407649525193613,360,0.92,6.0,7,352,19
0.0,7.9,7.55,360,0.9,10.0,8,352,20
67.33333333333334,7.7,7.6923504748063865,360,0.92,6.0,9,352,21
224.44444444444446,8.2,7.825,360,0.85,8.0,10,352,22
448.8888888888889,9.3,7.938908729652601,360,0.84,8.0,11,352,23
617.2222222222222,10.9,8.026313972081441,360,0.77,8.0,12,352,24
336.66666666666663,10.2,8.081259204458988,360,0.81,8.0,13,352,25
392.7777777777778,10.8,8.1,360,0.74,10.0,14,352,26
370.33333333333337,10.6,8.081259204458988,360,0.74,9.0,15,352,27
78.55555555555554,9.4,8.026313972081441,360,0.82,10.0,16,352,28
0.0,7.7,7.938908729652601,360,0.88,8.0,17,352,29
0.0,7.2,7.825,360,0.88,7.0,18,352,30
0.0,7.8,7.6923504748063865,360,0.91,9.0,19,352,31
0.0,6.9,7.55,360,0.88,9.0,20,352,32
0.0,6.5,7.407649525193613,360,0.91,6.0,21,352,33
0.0,6.5,7.275,360,0.92,6.0,22,352,34
0.0,7.2,7.161091270347399,360,0.89,5.0,23,352,35
0.0,7.0,7.0736860279185585,360,0.92,6.0,24,352,36
0.0,6.9,6.322148212912105,360,0.95,6.0,1,353,37
0.0,7.1,6.299999999999999,360,0.93,6.0,2,353,38
0.0,6.6,6.322148212912105,360,0.94,5.0,3,353,39
0.0,6.1,6.387083487540114,360,0.96,5.0,4,353,40
0.0,6.3,6.490380592228743,360,0.96,6.0,5,353,41
0.0,5.8,6.624999999999999,360,0.98,6.0,6,353,42
0.0,5.5,6.781767620683361,360,0.98,5.0,7,353,43
11.222222222222221,6.0,6.949999999999999,360,0.96,5.0,8,353,44
157.1111111111111,6.2,7.1182323793166375,360,0.95,5.0,9,353,45
370.33333333333337,7.7,7.2749999999999995,360,0.91,4.0,10,353,46
527.4444444444445,9.0,7.409619407771255,360,0.84,5.0,11,353,47
572.3333333333333,9.8,7.512916512459884,360,0.8,4.0,12,353,48
549.8888888888889,9.9,7.577851787087893,360,0.79,4.0,13,353,49
381.55555555555554,9.4,7.6,360,0.79,4.0,14,353,50
202.0,9.0,7.577851787087893,360,0.81,4.0,15,353,51
101.0,8.2,7.512916512459884,360,0.84,3.0,16,353,52
0.0,6.2,7.409619407771255,360,0.92,2.0,17,353,53
0.0,5.2,7.2749999999999995,360,0.96,2.0,18,353,54
0.0,4.9,7.1182323793166375,360,0.98,2.0,19,353,55
0.0,4.4,6.949999999999999,360,0.98,1.0,20,353,56
0.0,5.8,6.781767620683361,360,0.99,2.0,21,353,57
0.0,4.4,6.624999999999999,360,0.98,2.0,22,353,58
0.0,5.0,6.490380592228743,360,0.96,2.0,23,353,59
0.0,4.6,6.387083487540115,360,0.97,2.0,24,353,60
0.0,5.2,6.225555630283199,360,0.94,2.0,1,354,61
0.0,5.2,6.2,360,0.95,2.0,2,354,62
0.0,5.4,6.225555630283199,360,0.95,2.0,3,354,63
0.0,5.4,6.300480947161671,360,0.95,2.0,4,354,64
0.0,5.7,6.41966991411009,360,0.96,3.0,5,354,65
0.0,7.0,6.575,360,0.92,5.0,6,354,66
0.0,6.8,6.755885716173109,360,0.97,5.0,7,354,67
0.0,6.8,6.95,360,0.99,6.0,8,354,68
22.444444444444443,7.3,7.144114283826891,360,0.99,7.0,9,354,69
78.55555555555554,7.7,7.325,360,0.97,6.0,10,354,70
157.1111111111111,8.0,7.480330085889911,360,0.98,8.0,11,354,71
157.1111111111111,8.0,7.599519052838329,360,0.98,8.0,12,354,72
202.0,8.3,7.674444369716801,360,0.98,8.0,13,354,73
145.88888888888889,8.7,7.7,360,0.99,6.0,14,354,74
78.55555555555554,8.7,7.674444369716801,360,1.0,6.0,15,354,75
33.66666666666667,8.7,7.599519052838329,360,1.0,6.0,16,354,76
0.0,8.7,7.480330085889911,360,1.0,5.0,17,354,77
0.0,8.8,7.325,360,1.0,5.0,18,354,78
0.0,8.9,7.144114283826891,360,0.98,6.0,19,354,79
0.0,8.7,6.95,360,0.97,6.0,20,354,80
0.0,8.4,6.755885716173109,360,0.96,4.0,21,354,81
0.0,8.4,6.575,360,0.93,5.0,22,354,82
0.0,8.4,6.41966991411009,360,0.87,6.0,23,354,83
0.0,8.5,6.300480947161671,360,0.81,7.0,24,354,84
0.0,8.3,7.420444504226559,360,0.8,6.0,1,355,85
0.0,7.7,7.4,360,0.85,4.0,2,355,86
0.0,8.6,7.420444504226559,360,0.8,6.0,3,355,87
0.0,8.6,7.480384757729337,360,0.77,10.0,4,355,88
0.0,8.5,7.575735931288071,360,0.8,10.0,5,355,89
0.0,8.0,7.7,360,0.85,11.0,6,355,90
0.0,7.8,7.844708572938488,360,0.94,10.0,7,355,91
0.0,8.5,8.0,360,0.98,10.0,8,355,92
11.222222222222221,8.9,8.155291427061512,360,0.98,10.0,9,355,93
67.33333333333334,10.0,8.3,360,0.97,9.0,10,355,94
145.88888888888889,10.5,8.424264068711928,360,0.95,8.0,11,355,95
359.1111111111111,11.4,8.519615242270662,360,0.9,10.0,12,355,96
269.33333333333337,11.8,8.579555495773441,360,0.82,14.0,13,355,97
246.8888888888889,11.0,8.6,360,0.86,13.0,14,355,98
145.88888888888889,11.4,8.579555495773441,360,0.82,11.0,15,355,99
44.888888888888886,10.7,8.519615242270662,360,0.85,10.0,16,355,100
0.0,10.1,8.424264068711928,360,0.88,10.0,17,355,101
0.0,9.4,8.3,360,0.9,7.0,18,355,102
0.0,8.7,8.155291427061512,360,0.93,4.0,19,355,103
0.0,8.4,8.0,360,0.92,6.0,20,355,104
0.0,8.2,7.844708572938488,360,0.94,5.0,21,355,105
0.0,7.9,7.7,360,0.96,5.0,22,355,106
0.0,7.8,7.575735931288071,360,0.96,5.0,23,355,107
0.0,7.7,7.480384757729337,360,0.95,6.0,24,355,108
0.0,7.7,7.617037086855466,360,0.96,5.0,1,356,109
0.0,7.7,7.6,360,0.97,6.0,2,356,110
0.0,8.1,7.617037086855466,360,0.97,6.0,3,356,111
0.0,8.1,7.66698729810778,360,0.98,6.0,4,356,112
0.0,7.7,7.746446609406726,360,0.99,4.0,5,356,113
0.0,7.6,7.85,360,0.99,4.0,6,356,114
0.0,7.5,7.97059047744874,360,1.0,4.0,7,356,115
0.0,7.4,8.1,360,1.0,3.0,8,356,116
22.444444444444443,7.6,8.22940952255126,360,1.0,3.0,9,356,117
123.44444444444446,7.9,8.35,360,1.0,3.0,10,356,118
246.8888888888889,8.8,8.453553390593273,360,0.96,3.0,11,356,119
258.11111111111114,9.1,8.533012701892218,360,0.93,4.0,12,356,120
157.1111111111111,9.3,8.582962913144534,360,0.93,3.0,13,356,121
213.22222222222223,9.5,8.6,360,0.91,2.0,14,356,122
202.0,9.4,8.582962913144534,360,0.93,2.0,15,356,123
78.55555555555554,9.1,8.533012701892218,360,0.96,2.0,16,356,124
0.0,8.5,8.453553390593273,360,0.98,2.0,17,356,125
0.0,8.0,8.35,360,0.99,2.0,18,356,126
0.0,7.8,8.22940952255126,360,1.0,1.0,19,356,127
0.0,6.9,8.1,360,1.0,1.0,20,356,128
0.0,7.4,7.97059047744874,360,1.0,2.0,21,356,129
0.0,6.9,7.85,360,1.0,2.0,22,356,130
0.0,7.0,7.746446609406726,360,1.0,2.0,23,356,131
0.0,7.1,7.66698729810778,360,1.0,4.0,24,356,132
0.0,7.4,7.8374815910820255,360,1.0,4.0,1,357,133
0.0,7.5,7.800000000000001,360,1.0,5.0,2,357,134
0.0,7.5,7.837481591082025,360,1.0,6.0,3,357,135
0.0,7.7,7.947372055837118,360,1.0,6.0,4,357,136
0.0,7.9,8.122182540694798,360,1.0,8.0,5,357,137
0.0,8.1,8.35,360,1.0,8.0,6,357,138
0.0,8.5,8.615299050387227,360,1.0,8.0,7,357,139
0.0,9.0,8.9,360,1.0,10.0,8,357,140
22.444444444444443,9.7,9.184700949612774,360,1.0,11.0,9,357,141
33.66666666666667,10.2,9.450000000000001,360,1.0,10.0,10,357,142
67.33333333333334,11.2,9.677817459305203,360,1.0,8.0,11,357,143
89.77777777777777,11.9,9.852627944162883,360,1.0,10.0,12,357,144
123.44444444444446,12.6,9.962518408917976,360,1.0,10.0,13,357,145
67.33333333333334,13.0,10.0,360,1.0,12.0,14,357,146
33.66666666666667,13.1,9.962518408917976,360,1.0,11.0,15,357,147
22.444444444444443,13.1,9.852627944162883,360,1.0,11.0,16,357,148
0.0,13.1,9.677817459305203,360,0.99,10.0,17,357,149
0.0,13.0,9.450000000000001,360,0.99,10.0,18,357,150
0.0,13.0,9.184700949612774,360,0.96,11.0,19,357,151
0.0,13.1,8.9,360,0.94,10.0,20,357,152
0.0,13.4,8.615299050387227,360,0.9,10.0,21,357,153
0.0,13.6,8.350000000000001,360,0.85,11.0,22,357,154
0.0,13.0,8.122182540694798,360,0.91,10.0,23,357,155
0.0,12.7,7.947372055837118,360,0.92,7.0,24,357,156
0.0,11.9,9.22044450422656,360,0.93,7.0,1,358,157
0.0,10.9,9.2,360,0.96,6.0,2,358,158
0.0,10.3,9.22044450422656,360,0.98,8.0,3,358,159
0.0,10.1,9.280384757729337,360,0.99,7.0,4,358,160
0.0,11.0,9.375735931288071,360,0.94,10.0,5,358,161
0.0,10.9,9.5,360,0.94,10.0,6,358,162
0.0,11.0,9.644708572938487,360,0.91,8.0,7,358,163
11.222222222222221,10.6,9.8,360,0.92,8.0,8,358,164
145.88888888888889,11.2,9.955291427061514,360,0.9,7.0,9,358,165
359.1111111111111,12.1,10.100000000000001,360,0.87,6.0,10,358,166
448.8888888888889,13.0,10.22426406871193,360,0.84,6.0,11,358,167
549.8888888888889,14.4,10.319615242270665,360,0.79,6.0,12,358,168
549.8888888888889,14.9,10.379555495773442,360,0.76,7.0,13,358,169
426.44444444444446,14.6,10.400000000000002,360,0.78,7.0,14,358,170
291.77777777777777,14.3,10.379555495773442,360,0.79,6.0,15,358,171
101.0,13.1,10.319615242270665,360,0.85,4.0,16,358,172
11.222222222222221,11.2,10.22426406871193,360,0.94,3.0,17,358,173
0.0,10.5,10.100000000000001,360,0.95,2.0,18,358,174
0.0,9.7,9.955291427061514,360,0.97,2.0,19,358,175
0.0,10.3,9.8,360,0.96,3.0,20,358,176
0.0,9.1,9.644708572938487,360,0.98,2.0,21,358,177
0.0,7.2,9.5,360,0.99,2.0,22,358,178
0.0,7.5,9.375735931288071,360,1.0,2.0,23,358,179
0.0,8.9,9.280384757729337,360,1.0,3.0,24,358,180
0.0,9.6,8.118740795541012,360,0.93,5.0,1,359,181
0.0,10.4,8.099999999999998,360,0.88,8.0,2,359,182
0.0,10.2,8.118740795541012,360,0.87,7.0,3,359,183
0.0,10.0,8.173686027918558,360,0.86,8.0,4,359,184
0.0,10.1,8.261091270347398,360,0.83,8.0,5,359,185
0.0,9.9,8.374999999999998,360,0.82,7.0,6,359,186
0.0,9.7,8.507649525193612,360,0.83,6.0,7,359,187
0.0,9.9,8.649999999999999,360,0.82,8.0,8,359,188
78.55555555555554,10.2,8.792350474806385,360,0.8,10.0,9,359,189
202.0,11.1,8.924999999999999,360,0.76,10.0,10,359,190
392.7777777777778,12.5,9.038908729652599,360,0.72,10.0,11,359,191
437.6666666666667,13.3,9.126313972081439,360,0.68,10.0,12,359,192
381.55555555555554,13.8,9.181259204458986,360,0.67,9.0,13,359,193
325.44444444444446,13.1,9.2,360,0.7,8.0,14,359,194
213.22222222222223,12.7,9.181259204458986,360,0.74,6.0,15,359,195
56.111111111111114,12.0,9.126313972081439,360,0.76,6.0,16,359,196
0.0,11.6,9.038908729652599,360,0.77,6.0,17,359,197
0.0,11.5,8.924999999999999,360,0.76,6.0,18,359,198
0.0,11.9,8.792350474806385,360,0.75,8.0,19,359,199
0.0,11.7,8.649999999999999,360,0.77,9.0,20,359,200
0.0,11.7,8.507649525193612,360,0.79,10.0,21,359,201
0.0,11.8,8.374999999999998,360,0.8,12.0,22,359,202
0.0,12.1,8.261091270347398,360,0.76,11.0,23,359,203
0.0,11.2,8.173686027918558,360,0.83,12.0,24,359,204
0.0,10.8,8.810222252113281,360,0.84,10.0,1,360,205
0.0,10.5,8.8,360,0.85,9.0,2,360,206
0.0,10.5,8.810222252113281,360,0.86,8.0,3,360,207
0.0,10.1,8.84019237886467,360,0.92,8.0,4,360,208
0.0,9.5,8.887867965644038,360,0.96,8.0,5,360,209
0.0,9.0,8.950000000000001,360,0.95,9.0,6,360,210
0.0,8.8,9.022354286469245,360,0.96,8.0,7,360,211
0.0,8.9,9.100000000000001,360,0.91,9.0,8,360,212
67.33333333333334,9.0,9.177645713530758,360,0.92,10.0,9,360,213
190.77777777777777,9.6,9.250000000000002,360,0.92,10.0,10,360,214
415.2222222222223,10.9,9.312132034355965,360,0.83,12.0,11,360,215
359.1111111111111,11.2,9.359807621135333,360,0.85,12.0,12,360,216
583.5555555555555,12.3,9.389777747886722,360,0.75,11.0,13,360,217
359.1111111111111,11.9,9.400000000000002,360,0.79,14.0,14,360,218
168.33333333333331,10.4,9.389777747886722,360,0.88,11.0,15,360,219
56.111111111111114,9.6,9.359807621135333,360,0.88,8.0,16,360,220
11.222222222222221,8.8,9.312132034355965,360,0.9,8.0,17,360,221
0.0,9.0,9.250000000000002,360,0.88,6.0,18,360,222
0.0,8.6,9.177645713530758,360,0.91,7.0,19,360,223
0.0,8.6,9.100000000000001,360,0.93,7.0,20,360,224
0.0,8.6,9.022354286469245,360,0.92,7.0,21,360,225
0.0,8.3,8.950000000000001,360,0.93,7.0,22,360,226
0.0,7.8,8.887867965644038,360,0.96,10.0,23,360,227
0.0,7.9,8.84019237886467,360,0.95,6.0,24,360,228
0.0,7.0,7.335777882396478,360,0.97,5.0,1,361,229
0.0,6.9,7.299999999999999,360,0.96,5.0,2,361,230
0.0,6.6,7.335777882396478,360,0.96,5.0,3,361,231
0.0,6.1,7.440673326026339,360,0.97,4.0,4,361,232
0.0,6.2,7.607537879754124,360,0.97,4.0,5,361,233
0.0,6.2,7.824999999999999,360,0.96,5.0,6,361,234
0.0,6.2,8.078240002642353,360,0.97,5.0,7,361,235
0.0,7.1,8.35,360,0.95,6.0,8,361,236
123.44444444444446,7.4,8.621759997357646,360,0.94,5.0,9,361,237
325.44444444444446,9.2,8.875,360,0.92,5.0,10,361,238
505.0,10.7,9.092462120245875,360,0.85,7.0,11,361,239
314.2222222222222,10.6,9.25932667397366,360,0.86,8.0,12,361,240
493.7777777777778,11.3,9.364222117603521,360,0.81,8.0,13,361,241
303.0,11.3,9.4,360,0.76,12.0,14,361,242
246.8888888888889,11.3,9.364222117603521,360,0.8,11.0,15,361,243
134.66666666666669,10.6,9.25932667397366,360,0.81,10.0,16,361,244
0.0,10.4,9.092462120245875,360,0.81,9.0,17,361,245
0.0,9.9,8.875,360,0.86,11.0,18,361,246
0.0,9.8,8.621759997357646,360,0.9,9.0,19,361,247
0.0,9.7,8.35,360,0.96,9.0,20,361,248
0.0,10.0,8.078240002642353,360,0.97,11.0,21,361,249
0.0,10.3,7.824999999999999,360,0.98,12.0,22,361,250
0.0,11.2,7.607537879754124,360,0.93,12.0,23,361,251
0.0,11.1,7.440673326026339,360,0.96,12.0,24,361,252
0.0,11.4,8.722148212912105,360,0.94,14.0,1,362,253
0.0,11.3,8.7,360,0.93,13.0,2,362,254
0.0,10.9,8.722148212912105,360,0.98,10.0,3,362,255
0.0,11.4,8.787083487540114,360,0.96,13.0,4,362,256
0.0,11.5,8.890380592228743,360,0.96,15.0,5,362,257
0.0,12.2,9.024999999999999,360,0.91,18.0,6,362,258
0.0,11.9,9.181767620683361,360,0.95,16.0,7,362,259
0.0,10.8,9.35,360,0.94,16.0,8,362,260
11.222222222222221,10.0,9.518232379316638,360,0.96,13.0,9,362,261
67.33333333333334,10.4,9.675,360,0.93,14.0,10,362,262
370.33333333333337,11.6,9.809619407771256,360,0.88,16.0,11,362,263
235.66666666666669,10.8,9.912916512459885,360,0.75,14.0,12,362,264
426.44444444444446,11.0,9.977851787087895,360,0.81,11.0,13,362,265
359.1111111111111,11.5,10.0,360,0.74,11.0,14,362,266
179.55555555555554,10.4,9.977851787087895,360,0.74,15.0,15,362,267
78.55555555555554,9.9,9.912916512459885,360,0.75,10.0,16,362,268
0.0,9.3,9.809619407771256,360,0.73,9.0,17,362,269
0.0,9.4,9.675,360,0.75,8.0,18,362,270
0.0,8.9,9.518232379316638,360,0.79,9.0,19,362,271
0.0,8.3,9.35,360,0.82,8.0,20,362,272
0.0,8.4,9.181767620683361,360,0.82,6.0,21,362,273
0.0,8.2,9.025,360,0.84,6.0,22,362,274
0.0,7.8,8.890380592228743,360,0.86,5.0,23,362,275
0.0,7.7,8.787083487540114,360,0.87,4.0,24,362,276
0.0,7.7,8.422148212912107,360,0.9,3.0,1,363,277
0.0,7.9,8.400000000000002,360,0.92,4.0,2,363,278
0.0,8.2,8.422148212912107,360,0.91,4.0,3,363,279
0.0,8.3,8.487083487540115,360,0.93,4.0,4,363,280
0.0,8.4,8.590380592228746,360,0.95,4.0,5,363,281
0.0,8.8,8.725000000000001,360,0.96,4.0,6,363,282
0.0,8.9,8.881767620683362,360,0.98,4.0,7,363,283
11.222222222222221,9.4,9.05,360,1.0,6.0,8,363,284
33.66666666666667,10.2,9.218232379316639,360,1.0,7.0,9,363,285
101.0,11.1,9.375,360,1.0,6.0,10,363,286
235.66666666666669,11.6,9.509619407771256,360,0.95,8.0,11,363,287
179.55555555555554,11.6,9.612916512459886,360,0.96,7.0,12,363,288
168.33333333333331,12.0,9.677851787087894,360,0.93,7.0,13,363,289
78.55555555555554,11.8,9.7,360,0.96,6.0,14,363,290
78.55555555555554,12.1,9.677851787087894,360,0.92,7.0,15,363,291
56.111111111111114,11.9,9.612916512459886,360,0.92,6.0,16,363,292
11.222222222222221,10.9,9.509619407771256,360,0.96,4.0,17,363,293
0.0,10.4,9.375,360,0.98,4.0,18,363,294
0.0,10.3,9.218232379316639,360,0.98,5.0,19,363,295
0.0,10.2,9.05,360,0.97,6.0,20,363,296
0.0,9.7,8.881767620683362,360,0.97,6.0,21,363,297
0.0,9.5,8.725000000000001,360,0.97,7.0,22,363,298
0.0,8.9,8.590380592228746,360,0.97,6.0,23,363,299
0.0,8.3,8.487083487540115,360,0.97,6.0,24,363,300
0.0,7.7,7.717037086855465,360,0.97,6.0,1,364,301
0.0,7.7,7.699999999999999,360,0.95,6.0,2,364,302
0.0,7.5,7.717037086855465,360,0.93,7.0,3,364,303
0.0,7.8,7.7669872981077805,360,0.89,6.0,4,364,304
0.0,7.6,7.846446609406725,360,0.88,7.0,5,364,305
0.0,7.6,7.949999999999999,360,0.86,6.0,6,364,306
0.0,7.8,8.07059047744874,360,0.84,10.0,7,364,307
0.0,7.9,8.2,360,0.82,10.0,8,364,308
134.66666666666669,8.2,8.32940952255126,360,0.82,10.0,9,364,309
370.33333333333337,9.6,8.45,360,0.77,10.0,10,364,310
561.1111111111111,10.9,8.553553390593272,360,0.74,10.0,11,364,311
662.1111111111112,12.2,8.633012701892218,360,0.69,10.0,12,364,312
538.6666666666667,12.5,8.682962913144532,360,0.64,12.0,13,364,313
213.22222222222223,12.2,8.7,360,0.68,10.0,14,364,314
44.888888888888886,10.2,8.682962913144532,360,0.83,15.0,15,364,315
11.222222222222221,9.2,8.633012701892218,360,0.88,13.0,16,364,316
0.0,9.4,8.553553390593272,360,0.85,11.0,17,364,317
0.0,9.1,8.45,360,0.84,9.0,18,364,318
0.0,8.7,8.32940952255126,360,0.85,9.0,19,364,319
0.0,8.2,8.2,360,0.89,6.0,20,364,320
0.0,7.8,8.07059047744874,360,0.88,6.0,21,364,321
0.0,7.6,7.949999999999999,360,0.86,8.0,22,364,322
0.0,7.1,7.846446609406726,360,0.89,10.0,23,364,323
0.0,6.9,7.7669872981077805,360,0.91,6.0,24,364,324
0.0,7.0,6.923851921597652,360,0.9,8.0,1,365,325
0.0,7.1,6.9,360,0.9,8.0,2,365,326
0.0,7.7,6.923851921597652,360,0.88,8.0,3,365,327
0.0,7.1,6.993782217350893,360,0.94,6.0,4,365,328
0.0,6.4,7.1050252531694165,360,0.95,5.0,5,365,329
0.0,6.1,7.25,360,0.94,6.0,6,365,330
0.0,6.1,7.4188266684282365,360,0.92,5.0,7,365,331
11.222222222222221,6.1,7.6000000000000005,360,0.93,5.0,8,365,332
89.77777777777777,6.7,7.7811733315717655,360,0.92,5.0,9,365,333
269.33333333333337,8.2,7.950000000000001,360,0.87,6.0,10,365,334
325.44444444444446,9.3,8.094974746830584,360,0.84,6.0,11,365,335
426.44444444444446,9.6,8.206217782649107,360,0.85,7.0,12,365,336
415.2222222222223,10.6,8.276148078402349,360,0.84,8.0,13,365,337
415.2222222222223,11.1,8.3,360,0.77,8.0,14,365,338
381.55555555555554,10.9,8.276148078402349,360,0.77,9.0,15,365,339
78.55555555555554,9.8,8.206217782649107,360,0.79,7.0,16,365,340
11.222222222222221,8.7,8.094974746830584,360,0.87,5.0,17,365,341
0.0,8.7,7.950000000000001,360,0.88,4.0,18,365,342
0.0,8.4,7.7811733315717655,360,0.89,4.0,19,365,343
0.0,7.9,7.6000000000000005,360,0.92,4.0,20,365,344
0.0,7.6,7.4188266684282365,360,0.95,4.0,21,365,345
0.0,7.4,7.250000000000001,360,0.96,4.0,22,365,346
0.0,7.2,7.105025253169417,360,0.96,5.0,23,365,347
0.0,7.1,6.993782217350893,360,0.96,4.0,24,365,348
0.0,6.8,7.41533337816992,360,0.97,5.0,1,366,349
0.0,6.9,7.4,360,0.98,6.0,2,366,350
0.0,6.9,7.41533337816992,360,0.99,8.0,3,366,351
0.0,7.2,7.460288568297003,360,0.99,6.0,4,366,352
0.0,7.3,7.531801948466054,360,1.0,6.0,5,366,353
0.0,7.4,7.625,360,1.0,6.0,6,366,354
0.0,7.6,7.733531429703866,360,1.0,7.0,7,366,355
0.0,7.4,7.8500000000000005,360,1.0,7.0,8,366,356
67.33333333333334,7.3,7.966468570296135,360,0.98,8.0,9,366,357
246.8888888888889,8.0,8.075000000000001,360,0.94,9.0,10,366,358
303.0,8.7,8.168198051533947,360,0.86,10.0,11,366,359
460.11111111111114,9.0,8.239711431702998,360,0.79,10.0,12,366,360
370.33333333333337,9.6,8.284666621830082,360,0.75,12.0,13,366,361
370.33333333333337,10.2,8.3,360,0.7,12.0,14,366,362
415.2222222222223,10.4,8.284666621830082,360,0.7,13.0,15,366,363
134.66666666666669,9.4,8.239711431702998,360,0.76,12.0,16,366,364
11.222222222222221,8.8,8.168198051533947,360,0.77,10.0,17,366,365
0.0,8.7,8.075000000000001,360,0.78,11.0,18,366,366
0.0,8.8,7.966468570296135,360,0.77,10.0,19,366,367
0.0,8.1,7.8500000000000005,360,0.84,9.0,20,366,368
0.0,7.8,7.733531429703866,360,0.88,10.0,21,366,369
0.0,7.7,7.625000000000001,360,0.9,13.0,22,366,370
0.0,7.5,7.531801948466054,360,0.93,12.0,23,366,371
0.0,7.4,7.460288568297003,360,0.96,12.0,24,366,372
0.0,12.2,10.015333378169919,360,1.0,8.0,1,1,373
0.0,12.2,10.0,360,1.0,8.0,2,1,374
0.0,12.2,10.015333378169919,360,1.0,8.0,3,1,375
0.0,12.2,10.060288568297002,360,1.0,8.0,4,1,376
0.0,12.2,10.131801948466052,360,1.0,8.0,5,1,377
0.0,12.1,10.225,360,1.0,9.0,6,1,378
0.0,12.0,10.333531429703864,360,1.0,8.0,7,1,379
0.0,12.0,10.45,360,1.0,8.0,8,1,380
33.66666666666667,12.3,10.566468570296134,360,1.0,8.0,9,1,381
89.77777777777777,12.5,10.674999999999999,360,1.0,8.0,10,1,382
134.66666666666669,12.6,10.768198051533945,360,1.0,9.0,11,1,383
112.22222222222223,12.6,10.839711431702996,360,1.0,9.0,12,1,384
112.22222222222223,12.4,10.88466662183008,360,1.0,10.0,13,1,385
112.22222222222223,12.2,10.899999999999999,360,1.0,10.0,14,1,386
67.33333333333334,12.5,10.88466662183008,360,1.0,10.0,15,1,387
33.66666666666667,12.3,10.839711431702996,360,1.0,9.0,16,1,388
11.222222222222221,12.2,10.768198051533945,360,0.99,8.0,17,1,389
0.0,12.2,10.674999999999999,360,0.99,9.0,18,1,390
0.0,11.9,10.566468570296134,360,1.0,10.0,19,1,391
0.0,12.0,10.45,360,1.0,10.0,20,1,392
0.0,11.7,10.333531429703864,360,1.0,10.0,21,1,393
0.0,11.3,10.225,360,1.0,9.0,22,1,394
0.0,11.2,10.131801948466054,360,1.0,9.0,23,1,395
0.0,11.1,10.060288568297002,360,1.0,9.0,24,1,396
0.0,10.9,9.511925960798827,360,1.0,10.0,1,2,397
0.0,10.9,9.5,360,1.0,11.0,2,2,398
0.0,10.1,9.511925960798827,360,1.0,9.0,3,2,399
0.0,9.1,9.546891108675446,360,1.0,6.0,4,2,400
0.0,8.4,9.602512626584708,360,1.0,6.0,5,2,401
0.0,8.5,9.674999999999999,360,1.0,6.0,6,2,402
0.0,8.5,9.759413334214118,360,1.0,5.0,7,2,403
0.0,7.9,9.85,360,1.0,4.0,8,2,404
78.55555555555554,7.7,9.940586665785881,360,1.0,6.0,9,2,405
303.0,8.9,10.025,360,0.93,5.0,10,2,406
617.2222222222222,10.1,10.09748737341529,360,0.81,6.0,11,2,407
460.11111111111114,9.9,10.153108891324553,360,0.8,8.0,12,2,408
381.55555555555554,9.2,10.188074039201172,360,0.85,9.0,13,2,409
437.6666666666667,10.2,10.2,360,0.87,8.0,14,2,410
359.1111111111111,9.1,10.188074039201172,360,0.74,10.0,15,2,411
123.44444444444446,7.4,10.153108891324553,360,0.83,9.0,16,2,412
11.222222222222221,6.5,10.09748737341529,360,0.9,5.0,17,2,413
0.0,5.9,10.025,360,0.92,4.0,18,2,414
0.0,5.3,9.940586665785881,360,0.97,3.0,19,2,415
0.0,4.8,9.85,360,0.98,4.0,20,2,416
0.0,4.2,9.759413334214118,360,1.0,3.0,21,2,417
0.0,4.4,9.675,360,1.0,3.0,22,2,418
0.0,4.5,9.602512626584708,360,1.0,4.0,23,2,419
0.0,3.9,9.546891108675446,360,1.0,4.0,24,2,420
0.0,4.7,7.537481591082025,360,1.0,6.0,1,3,421
0.0,4.8,7.5,360,1.0,6.0,2,3,422
0.0,5.3,7.537481591082025,360,1.0,7.0,3,3,423
0.0,5.9,7.647372055837117,360,1.0,7.0,4,3,424
0.0,6.1,7.822182540694797,360,1.0,8.0,5,3,425
0.0,6.2,8.049999999999999,360,1.0,8.0,6,3,426
0.0,7.5,8.315299050387226,360,1.0,10.0,7,3,427
11.222222222222221,8.0,8.6,360,1.0,9.0,8,3,428
56.111111111111114,8.4,8.884700949612773,360,1.0,10.0,9,3,429
112.22222222222223,9.1,9.15,360,1.0,10.0,10,3,430
168.33333333333331,9.7,9.377817459305202,360,1.0,11.0,11,3,431
224.44444444444446,11.0,9.552627944162882,360,1.0,13.0,12,3,432
291.77777777777777,11.5,9.662518408917975,360,0.99,14.0,13,3,433
269.33333333333337,11.8,9.7,360,0.95,14.0,14,3,434
44.888888888888886,11.6,9.662518408917975,360,0.98,15.0,15,3,435
11.222222222222221,11.8,9.552627944162882,360,0.99,14.0,16,3,436
0.0,11.7,9.377817459305202,360,1.0,14.0,17,3,437
0.0,11.4,9.15,360,1.0,14.0,18,3,438
0.0,11.5,8.884700949612773,360,1.0,14.0,19,3,439
0.0,11.7,8.6,360,1.0,15.0,20,3,440
0.0,11.5,8.315299050387226,360,1.0,14.0,21,3,441
0.0,11.5,8.05,360,1.0,14.0,22,3,442
0.0,11.9,7.822182540694798,360,1.0,14.0,23,3,443
0.0,11.1,7.647372055837117,360,1.0,15.0,24,3,444
0.0,9.2,8.31533337816992,360,0.99,10.0,1,4,445
0.0,8.8,8.3,360,0.96,6.0,2,4,446
0.0,8.4,8.31533337816992,360,0.94,4.0,3,4,447
0.0,7.5,8.360288568297003,360,0.9,4.0,4,4,448
0.0,6.7,8.431801948466054,360,0.93,4.0,5,4,449
0.0,6.2,8.525,360,0.93,4.0,6,4,450
0.0,4.9,8.633531429703867,360,1.0,4.0,7,4,451
11.222222222222221,4.4,8.75,360,1.0,4.0,8,4,452
134.66666666666669,5.2,8.866468570296135,360,1.0,4.0,9,4,453
325.44444444444446,6.4,8.975,360,0.95,5.0,10,4,454
549.8888888888889,8.4,9.068198051533946,360,0.82,5.0,11,4,455
639.6666666666667,9.5,9.139711431702997,360,0.76,6.0,12,4,456
673.3333333333333,10.1,9.18466662183008,360,0.67,6.0,13,4,457
516.2222222222223,9.6,9.2,360,0.71,6.0,14,4,458
370.33333333333337,9.5,9.18466662183008,360,0.72,6.0,15,4,459
101.0,9.0,9.139711431702997,360,0.75,6.0,16,4,460
11.222222222222221,7.8,9.068198051533946,360,0.88,5.0,17,4,461
0.0,7.6,8.975,360,0.94,5.0,18,4,462
0.0,7.6,8.866468570296135,360,0.93,5.0,19,4,463
0.0,8.4,8.75,360,0.92,8.0,20,4,464
0.0,8.9,8.633531429703867,360,0.83,10.0,21,4,465
0.0,8.8,8.525,360,0.86,9.0,22,4,466
0.0,9.2,8.431801948466054,360,0.86,10.0,23,4,467
0.0,9.4,8.360288568297003,360,0.88,12.0,24,4,468
0.0,9.5,8.318740795541014,360,0.88,15.0,1,5,469
0.0,9.8,8.3,360,0.87,14.0,2,5,470
0.0,9.7,8.318740795541014,360,0.88,13.0,3,5,471
0.0,9.6,8.373686027918561,360,0.92,14.0,4,5,472
0.0,9.7,8.461091270347401,360,0.92,12.0,5,5,473
0.0,9.8,8.575000000000001,360,0.92,14.0,6,5,474
0.0,9.8,8.707649525193615,360,0.93,14.0,7,5,475
0.0,9.5,8.850000000000001,360,1.0,13.0,8,5,476
22.444444444444443,9.6,8.992350474806388,360,1.0,13.0,9,5,477
44.888888888888886,9.9,9.125000000000002,360,1.0,12.0,10,5,478
101.0,10.3,9.238908729652602,360,1.0,14.0,11,5,479
89.77777777777777,10.7,9.326313972081442,360,1.0,14.0,12,5,480
123.44444444444446,11.0,9.381259204458988,360,1.0,13.0,13,5,481
78.55555555555554,11.2,9.400000000000002,360,1.0,12.0,14,5,482
101.0,11.2,9.381259204458988,360,1.0,12.0,15,5,483
78.55555555555554,11.5,9.326313972081442,360,0.98,10.0,16,5,484
11.222222222222221,11.3,9.238908729652602,360,0.92,10.0,17,5,485
0.0,10.8,9.125000000000002,360,0.89,12.0,18,5,486
0.0,10.2,8.992350474806388,360,0.89,8.0,19,5,487
0.0,10.0,8.850000000000001,360,0.82,7.0,20,5,488
0.0,9.1,8.707649525193615,360,0.75,10.0,21,5,489
0.0,8.3,8.575000000000001,360,0.77,8.0,22,5,490
0.0,7.3,8.461091270347401,360,0.81,5.0,23,5,491
0.0,6.9,8.373686027918561,360,0.82,6.0,24,5,492
0.0,6.5,7.111925960798826,360,0.86,4.0,1,6,493
0.0,6.1,7.1,360,0.89,5.0,2,6,494
0.0,6.3,7.111925960798826,360,0.88,6.0,3,6,495
0.0,5.8,7.146891108675446,360,0.91,6.0,4,6,496
0.0,5.5,7.202512626584707,360,0.93,5.0,5,6,497
0.0,5.3,7.2749999999999995,360,0.93,5.0,6,6,498
0.0,4.5,7.359413334214117,360,0.97,4.0,7,6,499
0.0,5.1,7.449999999999999,360,0.93,5.0,8,6,500
134.66666666666669,5.2,7.540586665785882,360,0.94,4.0,9,6,501
359.1111111111111,6.8,7.624999999999999,360,0.87,4.0,10,6,502
561.1111111111111,8.3,7.697487373415291,360,0.77,6.0,11,6,503
684.5555555555557,8.9,7.753108891324553,360,0.71,6.0,12,6,504
662.1111111111112,8.8,7.788074039201173,360,0.72,6.0,13,6,505
392.7777777777778,8.7,7.799999999999999,360,0.67,6.0,14,6,506
291.77777777777777,8.7,7.788074039201173,360,0.7,6.0,15,6,507
168.33333333333331,8.2,7.753108891324553,360,0.7,2.0,16,6,508
11.222222222222221,5.7,7.697487373415291,360,0.91,1.0,17,6,509
0.0,5.3,7.624999999999999,360,0.89,1.0,18,6,510
0.0,3.3,7.540586665785882,360,1.0,2.0,19,6,511
0.0,3.0,7.449999999999999,360,1.0,2.0,20,6,512
0.0,3.1,7.359413334214117,360,1.0,2.0,21,6,513
0.0,4.6,7.2749999999999995,360,0.98,4.0,22,6,514
0.0,4.6,7.202512626584707,360,1.0,3.0,23,6,515
0.0,4.4,7.146891108675446,360,1.0,4.0,24,6,516
0.0,4.8,6.7340741737109315,360,1.0,4.0,1,7,517
0.0,5.1,6.699999999999999,360,1.0,4.0,2,7,518
0.0,5.6,6.7340741737109315,360,1.0,6.0,3,7,519
0.0,5.8,6.833974596215561,360,1.0,5.0,4,7,520
0.0,6.4,6.992893218813451,360,1.0,5.0,5,7,521
0.0,6.6,7.199999999999999,360,1.0,5.0,6,7,522
0.0,7.1,7.4411809548974785,360,1.0,4.0,7,7,523
0.0,7.4,7.699999999999999,360,1.0,5.0,8,7,524
56.111111111111114,7.8,7.95881904510252,360,1.0,5.0,9,7,525
123.44444444444446,8.5,8.2,360,1.0,6.0,10,7,526
246.8888888888889,9.2,8.407106781186547,360,1.0,5.0,11,7,527
269.33333333333337,9.8,8.566025403784437,360,1.0,6.0,12,7,528
291.77777777777777,10.4,8.665925826289067,360,0.99,6.0,13,7,529
269.33333333333337,10.3,8.7,360,0.98,6.0,14,7,530
168.33333333333331,10.4,8.665925826289067,360,1.0,6.0,15,7,531
44.888888888888886,10.0,8.566025403784437,360,1.0,4.0,16,7,532
11.222222222222221,9.6,8.407106781186547,360,1.0,5.0,17,7,533
0.0,9.4,8.2,360,1.0,4.0,18,7,534
0.0,9.3,7.95881904510252,360,1.0,6.0,19,7,535
0.0,9.4,7.699999999999999,360,1.0,5.0,20,7,536
0.0,9.4,7.4411809548974785,360,1.0,6.0,21,7,537
0.0,9.4,7.199999999999999,360,1.0,6.0,22,7,538
0.0,9.3,6.992893218813452,360,1.0,6.0,23,7,539
0.0,9.2,6.833974596215561,360,1.0,4.0,24,7,540
0.0,9.1,8.408518543427734,360,1.0,4.0,1,8,541
0.0,9.0,8.4,360,1.0,4.0,2,8,542
0.0,9.0,8.408518543427734,360,1.0,4.0,3,8,543
0.0,8.6,8.43349364905389,360,0.9,5.0,4,8,544
0.0,7.8,8.473223304703364,360,0.85,5.0,5,8,545
0.0,7.6,8.525,360,0.84,4.0,6,8,546
0.0,7.7,8.58529523872437,360,0.82,4.0,7,8,547
0.0,7.4,8.65,360,0.86,3.0,8,8,548
33.66666666666667,7.5,8.71470476127563,360,0.87,2.0,9,8,549
89.77777777777777,7.9,8.775,360,0.9,3.0,10,8,550
157.1111111111111,8.3,8.826776695296637,360,0.87,3.0,11,8,551
179.55555555555554,8.6,8.86650635094611,360,0.87,3.0,12,8,552
303.0,9.2,8.891481456572267,360,0.77,4.0,13,8,553
202.0,8.9,8.9,360,0.81,4.0,14,8,554
112.22222222222223,8.8,8.891481456572267,360,0.81,4.0,15,8,555
56.111111111111114,8.6,8.86650635094611,360,0.81,4.0,16,8,556
11.222222222222221,8.3,8.826776695296637,360,0.85,3.0,17,8,557
0.0,8.0,8.775,360,0.89,2.0,18,8,558
0.0,7.9,8.71470476127563,360,0.87,3.0,19,8,559
0.0,7.8,8.65,360,0.84,3.0,20,8,560
0.0,7.5,8.58529523872437,360,0.9,2.0,21,8,561
0.0,7.4,8.525,360,0.91,2.0,22,8,562
0.0,7.0,8.473223304703364,360,1.0,1.0,23,8,563
0.0,7.4,8.43349364905389,360,0.94,2.0,24,8,564
0.0,7.2,8.022148212912105,360,0.96,2.0,1,9,565
0.0,6.9,8.0,360,1.0,2.0,2,9,566
0.0,6.9,8.022148212912105,360,0.99,2.0,3,9,567
0.0,6.5,8.087083487540115,360,1.0,2.0,4,9,568
0.0,6.2,8.190380592228744,360,1.0,1.0,5,9,569
0.0,6.2,8.325,360,1.0,2.0,6,9,570
0.0,6.6,8.481767620683362,360,0.97,2.0,7,9,571
0.0,6.4,8.65,360,1.0,2.0,8,9,572
67.33333333333334,6.9,8.818232379316639,360,0.95,2.0,9,9,573
168.33333333333331,7.7,8.975000000000001,360,0.89,2.0,10,9,574
336.66666666666663,8.8,9.109619407771257,360,0.78,4.0,11,9,575
460.11111111111114,9.3,9.212916512459886,360,0.75,3.0,12,9,576
628.4444444444443,9.9,9.277851787087895,360,0.74,4.0,13,9,577
493.7777777777778,9.7,9.3,360,0.74,4.0,14,9,578
145.88888888888889,9.2,9.277851787087895,360,0.84,4.0,15,9,579
89.77777777777777,9.0,9.212916512459886,360,0.85,4.0,16,9,580
11.222222222222221,7.4,9.109619407771257,360,0.97,2.0,17,9,581
0.0,6.7,8.975000000000001,360,1.0,0.0,18,9,582
0.0,6.4,8.818232379316639,360,1.0,0.0,19,9,583
0.0,6.5,8.65,360,1.0,0.0,20,9,584
0.0,5.8,8.481767620683362,360,1.0,2.0,21,9,585
0.0,6.1,8.325000000000001,360,1.0,2.0,22,9,586
0.0,6.3,8.190380592228744,360,1.0,2.0,23,9,587
0.0,6.0,8.087083487540115,360,1.0,1.0,24,9,588
0.0,6.5,8.013629669484374,360,1.0,2.0,1,10,589
0.0,6.3,8.0,360,1.0,2.0,2,10,590
0.0,6.5,8.013629669484372,360,1.0,2.0,3,10,591
0.0,6.6,8.053589838486225,360,1.0,2.0,4,10,592
0.0,6.9,8.11715728752538,360,1.0,3.0,5,10,593
0.0,6.8,8.2,360,1.0,3.0,6,10,594
0.0,6.9,8.296472381958992,360,1.0,4.0,7,10,595
0.0,6.6,8.4,360,1.0,4.0,8,10,596
44.888888888888886,6.3,8.503527618041009,360,1.0,5.0,9,10,597
112.22222222222223,6.4,8.600000000000001,360,1.0,5.0,10,10,598
460.11111111111114,7.6,8.682842712474619,360,1.0,4.0,11,10,599
729.4444444444443,9.1,8.746410161513776,360,1.0,4.0,12,10,600
729.4444444444443,10.0,8.786370330515629,360,0.82,6.0,13,10,601
628.4444444444443,10.7,8.8,360,0.76,6.0,14,10,602
460.11111111111114,10.7,8.786370330515629,360,0.72,6.0,15,10,603
224.44444444444446,9.7,8.746410161513776,360,0.79,6.0,16,10,604
22.444444444444443,8.2,8.682842712474619,360,0.84,7.0,17,10,605
0.0,7.2,8.600000000000001,360,0.99,4.0,18,10,606
0.0,7.0,8.503527618041009,360,1.0,5.0,19,10,607
0.0,7.3,8.4,360,1.0,5.0,20,10,608
0.0,6.7,8.296472381958992,360,1.0,5.0,21,10,609
0.0,6.6,8.200000000000001,360,1.0,4.0,22,10,610
0.0,6.2,8.117157287525382,360,1.0,4.0,23,10,611
0.0,6.0,8.053589838486225,360,1.0,4.0,24,10,612
0.0,5.9,6.515333378169919,360,1.0,5.0,1,11,613
0.0,5.6,6.5,360,1.0,5.0,2,11,614
0.0,5.3,6.515333378169919,360,0.97,6.0,3,11,615
0.0,5.2,6.560288568297002,360,0.9,6.0,4,11,616
0.0,4.5,6.6318019484660535,360,0.93,6.0,5,11,617
0.0,4.5,6.725,360,0.98,6.0,6,11,618
0.0,4.0,6.833531429703866,360,1.0,6.0,7,11,619
11.222222222222221,3.9,6.95,360,1.0,6.0,8,11,620
145.88888888888889,5.2,7.066468570296134,360,1.0,6.0,9,11,621
381.55555555555554,6.8,7.175000000000001,360,0.93,7.0,10,11,622
594.7777777777778,7.5,7.268198051533947,360,0.87,7.0,11,11,623
718.2222222222222,8.1,7.339711431702998,360,0.82,7.0,12,11,624
740.6666666666667,8.7,7.384666621830081,360,0.79,8.0,13,11,625
650.8888888888889,8.6,7.4,360,0.76,8.0,14,11,626
460.11111111111114,8.3,7.384666621830081,360,0.79,8.0,15,11,627
213.22222222222223,7.4,7.339711431702998,360,0.83,6.0,16,11,628
22.444444444444443,5.8,7.268198051533947,360,0.92,6.0,17,11,629
0.0,5.0,7.175000000000001,360,0.95,4.0,18,11,630
0.0,4.3,7.066468570296134,360,1.0,4.0,19,11,631
0.0,3.5,6.95,360,1.0,4.0,20,11,632
0.0,2.1,6.833531429703866,360,1.0,3.0,21,11,633
0.0,1.6,6.7250000000000005,360,1.0,2.0,22,11,634
0.0,1.6,6.6318019484660535,360,1.0,2.0,23,11,635
0.0,0.3,6.560288568297002,360,1.0,2.0,24,11,636
0.0,0.3,5.311925960798827,360,1.0,2.0,1,12,637
0.0,0.0,5.300000000000001,360,1.0,2.0,2,12,638
0.0,-0.7,5.311925960798827,360,1.0,0.0,3,12,639
0.0,0.4,5.346891108675447,360,1.0,0.0,4,12,640
0.0,1.3,5.402512626584708,360,1.0,3.0,5,12,641
0.0,1.6,5.4750000000000005,360,1.0,3.0,6,12,642
0.0,1.6,5.559413334214118,360,1.0,4.0,7,12,643
11.222222222222221,1.4,5.65,360,1.0,2.0,8,12,644
22.444444444444443,1.2,5.740586665785883,360,1.0,2.0,9,12,645
89.77777777777777,0.9,5.825,360,1.0,3.0,10,12,646
145.88888888888889,0.8,5.897487373415292,360,1.0,3.0,11,12,647
145.88888888888889,1.1,5.953108891324554,360,1.0,4.0,12,12,648
145.88888888888889,1.8,5.988074039201174,360,1.0,4.0,13,12,649
157.1111111111111,2.5,6.0,360,1.0,4.0,14,12,650
134.66666666666669,2.8,5.988074039201174,360,1.0,5.0,15,12,651
67.33333333333334,3.0,5.953108891324554,360,1.0,4.0,16,12,652
11.222222222222221,3.0,5.897487373415292,360,1.0,4.0,17,12,653
0.0,3.1,5.825,360,1.0,4.0,18,12,654
0.0,3.1,5.740586665785883,360,1.0,4.0,19,12,655
0.0,3.0,5.65,360,1.0,2.0,20,12,656
0.0,2.8,5.559413334214118,360,1.0,3.0,21,12,657
0.0,2.6,5.4750000000000005,360,1.0,3.0,22,12,658
0.0,2.4,5.402512626584708,360,1.0,3.0,23,12,659
0.0,2.5,5.346891108675447,360,1.0,2.0,24,12,660
0.0,2.5,5.920444504226559,360,1.0,2.0,1,13,661
0.0,2.6,5.9,360,1.0,2.0,2,13,662
0.0,2.8,5.920444504226559,360,1.0,1.0,3,13,663
0.0,3.0,5.980384757729337,360,1.0,1.0,4,13,664
0.0,3.2,6.075735931288071,360,1.0,1.0,5,13,665
0.0,3.4,6.2,360,1.0,1.0,6,13,666
0.0,3.6,6.344708572938488,360,1.0,2.0,7,13,667
0.0,3.7,6.5,360,1.0,2.0,8,13,668
33.66666666666667,4.1,6.655291427061512,360,1.0,2.0,9,13,669
101.0,4.8,6.8,360,1.0,2.0,10,13,670
213.22222222222223,5.9,6.924264068711929,360,1.0,2.0,11,13,671
134.66666666666669,6.2,7.019615242270663,360,1.0,2.0,12,13,672
123.44444444444446,6.5,7.079555495773441,360,1.0,2.0,13,13,673
157.1111111111111,7.0,7.1,360,1.0,3.0,14,13,674
112.22222222222223,7.0,7.079555495773441,360,1.0,4.0,15,13,675
56.111111111111114,6.8,7.019615242270663,360,1.0,4.0,16,13,676
11.222222222222221,6.1,6.924264068711929,360,1.0,4.0,17,13,677
0.0,5.9,6.8,360,1.0,5.0,18,13,678
0.0,5.3,6.655291427061512,360,1.0,6.0,19,13,679
0.0,2.9,6.5,360,1.0,3.0,20,13,680
0.0,2.8,6.344708572938488,360,1.0,2.0,21,13,681
0.0,3.0,6.2,360,1.0,4.0,22,13,682
0.0,2.1,6.075735931288071,360,1.0,4.0,23,13,683
0.0,2.2,5.980384757729337,360,1.0,4.0,24,13,684
0.0,1.7,4.7102222521132795,360,1.0,4.0,1,14,685
0.0,1.2,4.7,360,1.0,4.0,2,14,686
0.0,1.2,4.7102222521132795,360,1.0,0.0,3,14,687
0.0,0.6,4.740192378864668,360,1.0,1.0,4,14,688
0.0,0.5,4.787867965644036,360,1.0,0.0,5,14,689
0.0,0.3,4.85,360,1.0,0.0,6,14,690
0.0,0.2,4.922354286469244,360,1.0,1.0,7,14,691
11.222222222222221,0.0,5.0,360,1.0,0.0,8,14,692
67.33333333333334,0.2,5.077645713530756,360,1.0,0.0,9,14,693
280.55555555555554,1.0,5.15,360,1.0,8.0,10,14,694
538.6666666666667,2.4,5.212132034355964,360,0.96,7.0,11,14,695
639.6666666666667,3.6,5.259807621135331,360,0.85,8.0,12,14,696
740.6666666666667,4.7,5.2897777478867205,360,0.77,8.0,13,14,697
684.5555555555557,4.8,5.3,360,0.75,8.0,14,14,698
493.7777777777778,4.8,5.2897777478867205,360,0.74,8.0,15,14,699
246.8888888888889,3.7,5.259807621135331,360,0.74,7.0,16,14,700
33.66666666666667,2.4,5.212132034355964,360,0.83,7.0,17,14,701
0.0,1.7,5.15,360,0.86,6.0,18,14,702
0.0,1.7,5.077645713530756,360,0.85,8.0,19,14,703
0.0,1.1,5.0,360,0.88,5.0,20,14,704
0.0,0.3,4.922354286469244,360,0.93,3.0,21,14,705
0.0,-0.2,4.8500000000000005,360,0.98,0.0,22,14,706
0.0,-0.6,4.787867965644036,360,0.97,0.0,23,14,707
0.0,-0.8,4.740192378864669,360,0.96,0.0,24,14,708
0.0,-1.7,3.311925960798826,360,1.0,0.0,1,15,709
0.0,-2.6,3.3,360,1.0,0.0,2,15,710
0.0,-3.0,3.311925960798826,360,1.0,0.0,3,15,711
0.0,-2.6,3.3468911086754463,360,1.0,0.0,4,15,712
0.0,-1.7,3.402512626584708,360,1.0,0.0,5,15,713
0.0,-1.6,3.4749999999999996,360,1.0,0.0,6,15,714
0.0,-1.5,3.559413334214118,360,1.0,2.0,7,15,715
0.0,-1.3,3.65,360,1.0,2.0,8,15,716
33.66666666666667,-1.6,3.7405866657858824,360,1.0,3.0,9,15,717
101.0,-1.7,3.825,360,1.0,2.0,10,15,718
168.33333333333331,-1.4,3.8974873734152915,360,1.0,3.0,11,15,719
179.55555555555554,-1.4,3.9531088913245536,360,1.0,3.0,12,15,720
190.77777777777777,-1.5,3.988074039201174,360,1.0,4.0,13,15,721
202.0,-1.6,4.0,360,1.0,5.0,14,15,722
157.1111111111111,-1.6,3.988074039201174,360,1.0,5.0,15,15,723
89.77777777777777,-1.4,3.9531088913245536,360,1.0,4.0,16,15,724
11.222222222222221,-1.7,3.8974873734152915,360,1.0,4.0,17,15,725
0.0,-2.0,3.825,360,1.0,2.0,18,15,726
0.0,-2.4,3.7405866657858824,360,1.0,2.0,19,15,727
0.0,-3.2,3.65,360,1.0,0.0,20,15,728
0.0,-3.0,3.559413334214118,360,1.0,0.0,21,15,729
0.0,-2.7,3.475,360,1.0,0.0,22,15,730
0.0,-3.4,3.4025126265847083,360,1.0,0.0,23,15,731
0.0,-3.4,3.3468911086754463,360,1.0,0.0,24,15,732
0.0,-3.3,2.2170370868554663,360,1.0,0.0,1,16,733
0.0,-3.9,2.2,360,1.0,0.0,2,16,734
0.0,-3.8,2.217037086855466,360,1.0,0.0,3,16,735
0.0,-4.0,2.2669872981077805,360,1.0,0.0,4,16,736
0.0,-4.6,2.3464466094067262,360,1.0,0.0,5,16,737
0.0,-4.3,2.45,360,1.0,0.0,6,16,738
0.0,-3.8,2.57059047744874,360,1.0,0.0,7,16,739
11.222222222222221,-4.3,2.7,360,1.0,0.0,8,16,740
224.44444444444446,-2.8,2.8294095225512605,360,1.0,0.0,9,16,741
471.33333333333337,-1.3,2.95,360,1.0,2.0,10,16,742
662.1111111111112,0.5,3.053553390593274,360,0.97,3.0,11,16,743
864.1111111111111,2.2,3.1330127018922194,360,0.9,3.0,12,16,744
729.4444444444443,3.7,3.1829629131445345,360,0.86,3.0,13,16,745
650.8888888888889,4.6,3.2,360,0.82,4.0,14,16,746
471.33333333333337,4.8,3.1829629131445345,360,0.79,4.0,15,16,747
235.66666666666669,3.6,3.1330127018922194,360,0.84,3.0,16,16,748
33.66666666666667,1.5,3.053553390593274,360,0.93,2.0,17,16,749
0.0,0.8,2.95,360,0.96,2.0,18,16,750
0.0,0.6,2.8294095225512605,360,0.98,2.0,19,16,751
0.0,0.0,2.7,360,1.0,2.0,20,16,752
0.0,-0.4,2.57059047744874,360,1.0,0.0,21,16,753
0.0,-1.3,2.45,360,1.0,0.0,22,16,754
0.0,-1.6,2.3464466094067262,360,1.0,0.0,23,16,755
0.0,-1.7,2.266987298107781,360,1.0,0.0,24,16,756
0.0,-1.7,1.9340741737109317,360,1.0,0.0,1,17,757
0.0,-1.9,1.9,360,1.0,0.0,2,17,758
0.0,-2.0,1.9340741737109317,360,1.0,0.0,3,17,759
0.0,-2.4,2.033974596215561,360,1.0,0.0,4,17,760
0.0,-2.5,2.192893218813452,360,1.0,0.0,5,17,761
0.0,-2.6,2.3999999999999995,360,1.0,0.0,6,17,762
0.0,-3.2,2.641180954897479,360,1.0,0.0,7,17,763
11.222222222222221,-1.9,2.9,360,1.0,0.0,8,17,764
112.22222222222223,-1.9,3.1588190451025207,360,1.0,0.0,9,17,765
370.33333333333337,0.9,3.4,360,1.0,1.0,10,17,766
381.55555555555554,1.3,3.6071067811865474,360,1.0,2.0,11,17,767
606.0,3.5,3.7660254037844387,360,0.93,2.0,12,17,768
673.3333333333333,6.2,3.865925826289068,360,0.79,1.0,13,17,769
516.2222222222223,5.7,3.9,360,0.85,2.0,14,17,770
336.66666666666663,5.3,3.865925826289068,360,0.91,3.0,15,17,771
202.0,5.2,3.7660254037844387,360,0.93,2.0,16,17,772
33.66666666666667,4.5,3.6071067811865474,360,0.98,1.0,17,17,773
0.0,2.7,3.4,360,1.0,0.0,18,17,774
0.0,3.2,3.1588190451025207,360,1.0,1.0,19,17,775
0.0,3.3,2.9,360,1.0,2.0,20,17,776
0.0,2.1,2.641180954897479,360,1.0,2.0,21,17,777
0.0,1.8,2.4000000000000004,360,1.0,1.0,22,17,778
0.0,1.5,2.1928932188134524,360,1.0,2.0,23,17,779
0.0,1.5,2.033974596215561,360,1.0,2.0,24,17,780
0.0,2.0,3.5442964258242116,360,1.0,1.0,1,18,781
0.0,2.0,3.5,360,1.0,1.0,2,18,782
0.0,2.0,3.544296425824211,360,1.0,1.0,3,18,783
0.0,2.0,3.6741669750802295,360,1.0,2.0,4,18,784
0.0,2.1,3.8807611844574876,360,1.0,1.0,5,18,785
0.0,1.4,4.1499999999999995,360,1.0,1.0,6,18,786
0.0,0.8,4.463535241366723,360,1.0,2.0,7,18,787
11.222222222222221,1.7,4.8,360,1.0,2.0,8,18,788
179.55555555555554,2.9,5.136464758633276,360,1.0,4.0,9,18,789
370.33333333333337,4.9,5.45,360,0.92,5.0,10,18,790
437.6666666666667,5.4,5.719238815542512,360,0.95,6.0,11,18,791
583.5555555555555,7.2,5.92583302491977,360,0.88,6.0,12,18,792
370.33333333333337,7.5,6.055703574175789,360,0.87,6.0,13,18,793
246.8888888888889,7.6,6.1,360,0.88,5.0,14,18,794
190.77777777777777,7.8,6.055703574175789,360,0.87,6.0,15,18,795
89.77777777777777,7.7,5.92583302491977,360,0.88,6.0,16,18,796
11.222222222222221,7.7,5.719238815542512,360,0.89,5.0,17,18,797
0.0,7.7,5.45,360,0.91,6.0,18,18,798
0.0,7.5,5.136464758633276,360,0.99,7.0,19,18,799
0.0,7.1,4.8,360,1.0,7.0,20,18,800
0.0,7.0,4.463535241366723,360,1.0,6.0,21,18,801
0.0,7.1,4.15,360,1.0,6.0,22,18,802
0.0,7.1,3.880761184457488,360,1.0,6.0,23,18,803
0.0,7.3,3.6741669750802295,360,1.0,6.0,24,18,804
0.0,7.2,5.444296425824212,360,1.0,6.0,1,19,805
0.0,7.2,5.4,360,1.0,7.0,2,19,806
0.0,7.2,5.444296425824211,360,1.0,7.0,3,19,807
0.0,7.3,5.57416697508023,360,1.0,7.0,4,19,808
0.0,7.2,5.7807611844574875,360,1.0,6.0,5,19,809
0.0,7.2,6.05,360,1.0,6.0,6,19,810
0.0,7.3,6.363535241366724,360,1.0,5.0,7,19,811
0.0,7.6,6.7,360,1.0,4.0,8,19,812
44.888888888888886,8.0,7.036464758633277,360,1.0,4.0,9,19,813
123.44444444444446,9.3,7.3500000000000005,360,1.0,5.0,10,19,814
168.33333333333331,10.3,7.619238815542512,360,1.0,6.0,11,19,815
213.22222222222223,10.6,7.8258330249197705,360,1.0,7.0,12,19,816
246.8888888888889,11.5,7.955703574175789,360,1.0,6.0,13,19,817
190.77777777777777,11.3,8.0,360,1.0,9.0,14,19,818
67.33333333333334,11.5,7.955703574175789,360,1.0,8.0,15,19,819
56.111111111111114,11.4,7.8258330249197705,360,1.0,8.0,16,19,820
11.222222222222221,10.9,7.619238815542512,360,1.0,7.0,17,19,821
0.0,10.7,7.3500000000000005,360,0.99,8.0,18,19,822
0.0,10.3,7.036464758633277,360,1.0,8.0,19,19,823
0.0,9.9,6.7,360,1.0,8.0,20,19,824
0.0,10.1,6.363535241366724,360,1.0,8.0,21,19,825
0.0,10.0,6.050000000000001,360,1.0,8.0,22,19,826
0.0,10.3,5.780761184457488,360,1.0,8.0,23,19,827
0.0,10.5,5.57416697508023,360,1.0,9.0,24,19,828
0.0,10.6,7.217037086855465,360,1.0,7.0,1,20,829
0.0,10.0,7.199999999999999,360,1.0,5.0,2,20,830
0.0,9.0,7.217037086855465,360,1.0,4.0,3,20,831
0.0,8.9,7.2669872981077805,360,1.0,5.0,4,20,832
0.0,7.6,7.346446609406725,360,1.0,5.0,5,20,833
0.0,6.5,7.449999999999999,360,1.0,4.0,6,20,834
0.0,6.3,7.570590477448739,360,1.0,4.0,7,20,835
11.222222222222221,6.1,7.699999999999999,360,1.0,4.0,8,20,836
78.55555555555554,6.3,7.829409522551259,360,1.0,6.0,9,20,837
224.44444444444446,7.5,7.949999999999999,360,1.0,6.0,10,20,838
370.33333333333337,8.1,8.053553390593272,360,1.0,6.0,11,20,839
673.3333333333333,9.8,8.133012701892218,360,0.93,6.0,12,20,840
617.2222222222222,10.0,8.182962913144532,360,0.84,8.0,13,20,841
291.77777777777777,10.0,8.2,360,0.8,8.0,14,20,842
190.77777777777777,10.0,8.182962913144532,360,0.84,8.0,15,20,843
67.33333333333334,9.7,8.133012701892218,360,0.88,7.0,16,20,844
11.222222222222221,9.5,8.053553390593272,360,0.86,7.0,17,20,845
0.0,8.8,7.949999999999999,360,0.95,7.0,18,20,846
0.0,8.8,7.829409522551259,360,0.96,6.0,19,20,847
0.0,8.4,7.699999999999999,360,0.98,7.0,20,20,848
0.0,7.9,7.570590477448739,360,1.0,8.0,21,20,849
0.0,8.4,7.449999999999999,360,0.97,10.0,22,20,850
0.0,8.3,7.346446609406726,360,0.97,10.0,23,20,851
0.0,7.6,7.2669872981077805,360,1.0,7.0,24,20,852
0.0,8.1,7.523851921597651,360,0.99,8.0,1,21,853
0.0,7.7,7.499999999999999,360,1.0,7.0,2,21,854
0.0,8.0,7.523851921597651,360,1.0,6.0,3,21,855
0.0,8.7,7.593782217350892,360,1.0,5.0,4,21,856
0.0,9.3,7.705025253169415,360,1.0,6.0,5,21,857
0.0,9.7,7.849999999999999,360,1.0,7.0,6,21,858
0.0,9.7,8.018826668428234,360,1.0,7.0,7,21,859
0.0,9.5,8.2,360,1.0,8.0,8,21,860
44.888888888888886,9.5,8.381173331571764,360,1.0,6.0,9,21,861
78.55555555555554,9.7,8.549999999999999,360,1.0,8.0,10,21,862
157.1111111111111,10.1,8.694974746830583,360,1.0,7.0,11,21,863
213.22222222222223,10.3,8.806217782649107,360,1.0,8.0,12,21,864
246.8888888888889,10.6,8.876148078402347,360,1.0,9.0,13,21,865
168.33333333333331,10.6,8.899999999999999,360,1.0,8.0,14,21,866
145.88888888888889,10.7,8.876148078402347,360,1.0,7.0,15,21,867
67.33333333333334,10.7,8.806217782649107,360,1.0,8.0,16,21,868
11.222222222222221,10.8,8.694974746830583,360,1.0,8.0,17,21,869
0.0,10.6,8.549999999999999,360,1.0,8.0,18,21,870
0.0,10.1,8.381173331571764,360,1.0,6.0,19,21,871
0.0,10.0,8.2,360,1.0,8.0,20,21,872
0.0,10.1,8.018826668428234,360,1.0,7.0,21,21,873
0.0,10.0,7.85,360,1.0,7.0,22,21,874
0.0,9.8,7.705025253169416,360,1.0,7.0,23,21,875
0.0,9.7,7.593782217350892,360,1.0,6.0,24,21,876
0.0,9.5,8.60511112605664,360,1.0,6.0,1,22,877
0.0,9.6,8.6,360,1.0,7.0,2,22,878
0.0,9.7,8.60511112605664,360,1.0,8.0,3,22,879
0.0,9.8,8.620096189432333,360,0.97,6.0,4,22,880
0.0,9.7,8.643933982822018,360,0.93,6.0,5,22,881
0.0,9.3,8.674999999999999,360,0.98,5.0,6,22,882
0.0,9.0,8.711177143234622,360,1.0,4.0,7,22,883
11.222222222222221,8.3,8.75,360,1.0,4.0,8,22,884
22.444444444444443,8.3,8.788822856765378,360,1.0,4.0,9,22,885
101.0,8.4,8.825000000000001,360,1.0,5.0,10,22,886
157.1111111111111,8.9,8.856066017177982,360,1.0,4.0,11,22,887
179.55555555555554,8.8,8.879903810567667,360,1.0,6.0,12,22,888
168.33333333333331,9.0,8.89488887394336,360,0.97,5.0,13,22,889
123.44444444444446,8.9,8.9,360,0.96,5.0,14,22,890
101.0,8.5,8.89488887394336,360,1.0,6.0,15,22,891
78.55555555555554,8.6,8.879903810567667,360,1.0,4.0,16,22,892
22.444444444444443,8.2,8.856066017177982,360,1.0,3.0,17,22,893
0.0,8.2,8.825000000000001,360,1.0,4.0,18,22,894
0.0,8.4,8.788822856765378,360,1.0,4.0,19,22,895
0.0,8.1,8.75,360,1.0,4.0,20,22,896
0.0,7.9,8.711177143234622,360,1.0,2.0,21,22,897
0.0,7.9,8.675,360,1.0,3.0,22,22,898
0.0,7.9,8.643933982822018,360,1.0,3.0,23,22,899
0.0,7.9,8.620096189432333,360,1.0,3.0,24,22,900
0.0,7.8,8.111925960798825,360,1.0,3.0,1,23,901
0.0,7.7,8.099999999999998,360,1.0,4.0,2,23,902
0.0,7.6,8.111925960798825,360,1.0,3.0,3,23,903
0.0,7.6,8.146891108675446,360,1.0,4.0,4,23,904
0.0,7.5,8.202512626584706,360,1.0,4.0,5,23,905
0.0,7.5,8.274999999999999,360,1.0,3.0,6,23,906
0.0,7.4,8.359413334214118,360,1.0,3.0,7,23,907
0.0,7.4,8.45,360,1.0,2.0,8,23,908
33.66666666666667,7.5,8.54058666578588,360,1.0,4.0,9,23,909
89.77777777777777,7.8,8.625,360,1.0,2.0,10,23,910
112.22222222222223,8.0,8.697487373415292,360,1.0,2.0,11,23,911
202.0,8.9,8.753108891324553,360,1.0,2.0,12,23,912
314.2222222222222,9.6,8.788074039201174,360,0.76,3.0,13,23,913
213.22222222222223,9.3,8.8,360,0.74,4.0,14,23,914
179.55555555555554,9.4,8.788074039201174,360,0.73,3.0,15,23,915
89.77777777777777,8.9,8.753108891324553,360,0.72,4.0,16,23,916
11.222222222222221,8.6,8.697487373415292,360,0.74,2.0,17,23,917
0.0,7.9,8.625,360,0.85,2.0,18,23,918
0.0,7.7,8.54058666578588,360,0.86,2.0,19,23,919
0.0,7.6,8.45,360,0.87,3.0,20,23,920
0.0,7.2,8.359413334214118,360,0.89,3.0,21,23,921
0.0,6.7,8.274999999999999,360,0.97,3.0,22,23,922
0.0,5.7,8.202512626584708,360,1.0,2.0,23,23,923
0.0,5.2,8.146891108675446,360,1.0,2.0,24,23,924
0.0,4.4,6.830666756339838,360,1.0,2.0,1,24,925
0.0,4.1,6.799999999999999,360,1.0,2.0,2,24,926
0.0,3.7,6.830666756339838,360,1.0,3.0,3,24,927
0.0,3.7,6.920577136594004,360,1.0,4.0,4,24,928
0.0,3.8,7.063603896932106,360,1.0,4.0,5,24,929
0.0,3.9,7.249999999999999,360,1.0,4.0,6,24,930
0.0,4.7,7.467062859407731,360,1.0,4.0,7,24,931
0.0,5.3,7.699999999999999,360,1.0,4.0,8,24,932
56.111111111111114,6.1,7.9329371405922675,360,1.0,5.0,9,24,933
202.0,6.9,8.149999999999999,360,1.0,6.0,10,24,934
347.8888888888889,8.0,8.336396103067893,360,1.0,6.0,11,24,935
359.1111111111111,8.6,8.479422863405993,360,1.0,5.0,12,24,936
617.2222222222222,10.3,8.56933324366016,360,1.0,6.0,13,24,937
448.8888888888889,10.2,8.6,360,1.0,5.0,14,24,938
258.11111111111114,10.5,8.56933324366016,360,1.0,4.0,15,24,939
123.44444444444446,10.0,8.479422863405993,360,1.0,5.0,16,24,940
22.444444444444443,9.3,8.336396103067893,360,1.0,4.0,17,24,941
0.0,9.1,8.149999999999999,360,1.0,4.0,18,24,942
0.0,8.9,7.9329371405922675,360,1.0,6.0,19,24,943
0.0,8.7,7.699999999999999,360,1.0,6.0,20,24,944
0.0,8.3,7.467062859407731,360,1.0,6.0,21,24,945
0.0,7.7,7.25,360,1.0,6.0,22,24,946
0.0,8.1,7.063603896932107,360,1.0,6.0,23,24,947
0.0,8.0,6.920577136594004,360,1.0,6.0,24,24,948
0.0,7.9,8.213629669484373,360,1.0,5.0,1,25,949
0.0,8.1,8.2,360,1.0,5.0,2,25,950
0.0,8.1,8.213629669484371,360,1.0,5.0,3,25,951
0.0,8.0,8.253589838486224,360,1.0,4.0,4,25,952
0.0,8.0,8.31715728752538,360,1.0,4.0,5,25,953
0.0,7.9,8.399999999999999,360,1.0,4.0,6,25,954
0.0,7.8,8.496472381958991,360,1.0,2.0,7,25,955
0.0,7.7,8.6,360,1.0,3.0,8,25,956
56.111111111111114,7.5,8.703527618041008,360,1.0,3.0,9,25,957
101.0,7.8,8.8,360,1.0,3.0,10,25,958
190.77777777777777,8.2,8.882842712474618,360,1.0,3.0,11,25,959
303.0,9.0,8.946410161513775,360,1.0,3.0,12,25,960
190.77777777777777,9.1,8.986370330515628,360,1.0,4.0,13,25,961
145.88888888888889,8.9,9.0,360,1.0,3.0,14,25,962
89.77777777777777,8.9,8.986370330515628,360,1.0,3.0,15,25,963
44.888888888888886,8.7,8.946410161513775,360,1.0,4.0,16,25,964
11.222222222222221,8.5,8.882842712474618,360,1.0,4.0,17,25,965
0.0,8.3,8.8,360,1.0,3.0,18,25,966
0.0,8.2,8.703527618041008,360,1.0,4.0,19,25,967
0.0,8.0,8.6,360,1.0,4.0,20,25,968
0.0,7.8,8.496472381958991,360,1.0,4.0,21,25,969
0.0,7.7,8.4,360,1.0,4.0,22,25,970
0.0,7.6,8.317157287525381,360,1.0,4.0,23,25,971
0.0,7.5,8.253589838486224,360,1.0,4.0,24,25,972
0.0,7.4,8.011925960798827,360,1.0,5.0,1,26,973
0.0,7.1,8.0,360,1.0,4.0,2,26,974
0.0,7.0,8.011925960798827,360,1.0,5.0,3,26,975
0.0,6.9,8.046891108675446,360,1.0,3.0,4,26,976
0.0,6.7,8.102512626584708,360,1.0,4.0,5,26,977
0.0,6.5,8.174999999999999,360,1.0,4.0,6,26,978
0.0,6.6,8.259413334214118,360,1.0,5.0,7,26,979
11.222222222222221,6.6,8.35,360,1.0,5.0,8,26,980
145.88888888888889,6.9,8.440586665785881,360,1.0,6.0,9,26,981
112.22222222222223,7.3,8.525,360,1.0,8.0,10,26,982
235.66666666666669,8.0,8.59748737341529,360,1.0,7.0,11,26,983
101.0,7.7,8.653108891324553,360,1.0,8.0,12,26,984
145.88888888888889,7.6,8.688074039201172,360,0.98,8.0,13,26,985
235.66666666666669,8.2,8.7,360,0.88,2.0,14,26,986
258.11111111111114,8.5,8.688074039201172,360,0.82,2.0,15,26,987
168.33333333333331,8.5,8.653108891324553,360,0.82,2.0,16,26,988
33.66666666666667,7.1,8.59748737341529,360,0.92,2.0,17,26,989
0.0,6.2,8.525,360,0.95,3.0,18,26,990
0.0,4.9,8.440586665785881,360,1.0,2.0,19,26,991
0.0,4.7,8.35,360,1.0,2.0,20,26,992
0.0,4.2,8.259413334214118,360,1.0,2.0,21,26,993
0.0,3.3,8.175,360,1.0,2.0,22,26,994
0.0,2.7,8.102512626584708,360,1.0,1.0,23,26,995
0.0,1.5,8.046891108675446,360,1.0,1.0,24,26,996
0.0,1.4,5.227259338968746,360,1.0,1.0,1,27,997
0.0,0.9,5.2,360,1.0,0.0,2,27,998
0.0,0.6,5.227259338968746,360,1.0,0.0,3,27,999
0.0,-0.2,5.307179676972449,360,1.0,0.0,4,27,1000
0.0,-0.3,5.434314575050761,360,1.0,0.0,5,27,1001
0.0,-0.2,5.6,360,1.0,0.0,6,27,1002
0.0,-0.5,5.792944763917983,360,1.0,0.0,7,27,1003
22.444444444444443,0.2,6.0,360,1.0,0.0,8,27,1004
67.33333333333334,2.1,6.207055236082017,360,1.0,1.0,9,27,1005
134.66666666666669,3.5,6.4,360,1.0,2.0,10,27,1006
303.0,5.5,6.565685424949238,360,1.0,2.0,11,27,1007
763.1111111111111,8.4,6.692820323027551,360,0.83,2.0,12,27,1008
841.6666666666666,8.9,6.772740661031254,360,0.7,4.0,13,27,1009
617.2222222222222,8.6,6.8,360,0.73,4.0,14,27,1010
269.33333333333337,7.6,6.772740661031254,360,0.78,4.0,15,27,1011
101.0,6.4,6.692820323027551,360,0.93,4.0,16,27,1012
56.111111111111114,4.5,6.565685424949238,360,1.0,1.0,17,27,1013
0.0,3.2,6.4,360,1.0,1.0,18,27,1014
0.0,3.6,6.207055236082017,360,1.0,1.0,19,27,1015
0.0,3.5,6.0,360,1.0,2.0,20,27,1016
0.0,2.9,5.792944763917983,360,1.0,2.0,21,27,1017
0.0,2.0,5.6000000000000005,360,1.0,1.0,22,27,1018
0.0,2.2,5.434314575050762,360,1.0,2.0,23,27,1019
0.0,1.8,5.307179676972449,360,1.0,2.0,24,27,1020
0.0,2.2,4.727259338968746,360,1.0,3.0,1,28,1021
0.0,2.7,4.7,360,1.0,4.0,2,28,1022
0.0,2.2,4.727259338968746,360,1.0,4.0,3,28,1023
0.0,2.1,4.807179676972449,360,1.0,3.0,4,28,1024
0.0,1.7,4.934314575050761,360,1.0,3.0,5,28,1025
0.0,1.6,5.1,360,1.0,4.0,6,28,1026
0.0,1.3,5.292944763917983,360,1.0,4.0,7,28,1027
11.222222222222221,1.3,5.5,360,1.0,3.0,8,28,1028
168.33333333333331,2.0,5.707055236082017,360,1.0,2.0,9,28,1029
527.4444444444445,4.7,5.9,360,0.98,3.0,10,28,1030
639.6666666666667,5.7,6.065685424949238,360,0.9,4.0,11,28,1031
662.1111111111112,5.8,6.192820323027551,360,0.87,5.0,12,28,1032
505.0,5.9,6.272740661031254,360,0.85,5.0,13,28,1033
460.11111111111114,5.7,6.3,360,0.86,6.0,14,28,1034
347.8888888888889,5.6,6.272740661031254,360,0.88,6.0,15,28,1035
347.8888888888889,6.2,6.192820323027551,360,0.82,6.0,16,28,1036
78.55555555555554,3.8,6.065685424949238,360,0.91,6.0,17,28,1037
0.0,2.9,5.9,360,1.0,4.0,18,28,1038
0.0,2.3,5.707055236082017,360,1.0,2.0,19,28,1039
0.0,2.3,5.5,360,1.0,3.0,20,28,1040
0.0,2.2,5.292944763917983,360,1.0,4.0,21,28,1041
0.0,1.8,5.1000000000000005,360,1.0,4.0,22,28,1042
0.0,2.0,4.934314575050762,360,1.0,6.0,23,28,1043
0.0,2.0,4.807179676972449,360,1.0,5.0,24,28,1044
0.0,2.3,4.91022225211328,360,1.0,6.0,1,29,1045
0.0,2.2,4.9,360,1.0,6.0,2,29,1046
0.0,2.2,4.91022225211328,360,1.0,6.0,3,29,1047
0.0,2.3,4.940192378864669,360,1.0,6.0,4,29,1048
0.0,2.4,4.987867965644036,360,1.0,6.0,5,29,1049
0.0,2.5,5.05,360,1.0,6.0,6,29,1050
0.0,2.6,5.122354286469244,360,1.0,6.0,7,29,1051
11.222222222222221,2.7,5.2,360,1.0,6.0,8,29,1052
168.33333333333331,2.9,5.277645713530756,360,1.0,6.0,9,29,1053
134.66666666666669,2.7,5.3500000000000005,360,0.97,7.0,10,29,1054
202.0,2.8,5.412132034355964,360,0.96,8.0,11,29,1055
190.77777777777777,3.0,5.459807621135331,360,0.91,6.0,12,29,1056
235.66666666666669,3.5,5.489777747886721,360,0.86,6.0,13,29,1057
347.8888888888889,3.8,5.5,360,0.8,7.0,14,29,1058
505.0,4.9,5.489777747886721,360,0.73,7.0,15,29,1059
314.2222222222222,4.3,5.459807621135331,360,0.77,6.0,16,29,1060
78.55555555555554,2.7,5.412132034355964,360,0.82,6.0,17,29,1061
0.0,1.2,5.3500000000000005,360,0.9,2.0,18,29,1062
0.0,0.4,5.277645713530756,360,0.91,2.0,19,29,1063
0.0,-0.5,5.2,360,0.97,2.0,20,29,1064
0.0,-0.8,5.122354286469244,360,1.0,0.0,21,29,1065
0.0,-1.6,5.050000000000001,360,1.0,0.0,22,29,1066
0.0,-1.8,4.987867965644036,360,1.0,0.0,23,29,1067
0.0,-2.0,4.940192378864669,360,1.0,0.0,24,29,1068
0.0,-2.5,2.810222252113279,360,1.0,0.0,1,30,1069
0.0,-2.9,2.8,360,1.0,0.0,2,30,1070
0.0,-3.1,2.810222252113279,360,1.0,0.0,3,30,1071
0.0,-2.8,2.840192378864668,360,1.0,0.0,4,30,1072
0.0,-2.3,2.8878679656440354,360,1.0,0.0,5,30,1073
0.0,-2.0,2.9499999999999993,360,1.0,0.0,6,30,1074
0.0,-1.5,3.0223542864692434,360,1.0,0.0,7,30,1075
11.222222222222221,-1.2,3.0999999999999996,360,1.0,0.0,8,30,1076
78.55555555555554,-0.6,3.177645713530756,360,1.0,3.0,9,30,1077
145.88888888888889,-0.2,3.2499999999999996,360,0.97,4.0,10,30,1078
179.55555555555554,-0.2,3.312132034355964,360,1.0,4.0,11,30,1079
112.22222222222223,-0.7,3.359807621135331,360,1.0,6.0,12,30,1080
157.1111111111111,-0.6,3.38977774788672,360,1.0,5.0,13,30,1081
157.1111111111111,-0.4,3.3999999999999995,360,1.0,5.0,14,30,1082
112.22222222222223,-0.4,3.38977774788672,360,1.0,5.0,15,30,1083
67.33333333333334,-0.1,3.359807621135331,360,1.0,6.0,16,30,1084
22.444444444444443,0.1,3.312132034355964,360,1.0,6.0,17,30,1085
0.0,0.4,3.2499999999999996,360,1.0,7.0,18,30,1086
0.0,0.5,3.177645713530756,360,1.0,8.0,19,30,1087
0.0,0.8,3.0999999999999996,360,1.0,6.0,20,30,1088
0.0,0.8,3.0223542864692434,360,1.0,4.0,21,30,1089
0.0,0.5,2.9499999999999997,360,1.0,3.0,22,30,1090
0.0,0.3,2.8878679656440354,360,1.0,2.0,23,30,1091
0.0,0.2,2.840192378864668,360,1.0,2.0,24,30,1092
0.0,0.0,3.30511112605664,360,1.0,4.0,1,31,1093
0.0,0.0,3.3,360,1.0,6.0,2,31,1094
0.0,0.0,3.30511112605664,360,1.0,6.0,3,31,1095
0.0,-0.2,3.320096189432334,360,1.0,6.0,4,31,1096
0.0,-0.2,3.343933982822018,360,1.0,6.0,5,31,1097
0.0,-0.4,3.375,360,1.0,6.0,6,31,1098
0.0,-0.5,3.411177143234622,360,1.0,7.0,7,31,1099
11.222222222222221,-1.1,3.45,360,1.0,7.0,8,31,1100
190.77777777777777,-1.3,3.4888228567653785,360,1.0,6.0,9,31,1101
505.0,-0.6,3.5250000000000004,360,1.0,8.0,10,31,1102
763.1111111111111,-0.3,3.5560660171779825,360,0.84,6.0,11,31,1103
1077.3333333333335,0.3,3.579903810567666,360,0.79,8.0,12,31,1104
527.4444444444445,-0.8,3.5948888739433604,360,0.87,7.0,13,31,1105
325.44444444444446,-0.9,3.6000000000000005,360,0.88,6.0,14,31,1106
246.8888888888889,-0.9,3.5948888739433604,360,0.87,6.0,15,31,1107
179.55555555555554,-1.0,3.579903810567666,360,0.92,6.0,16,31,1108
33.66666666666667,-1.4,3.5560660171779825,360,0.93,8.0,17,31,1109
0.0,-1.6,3.5250000000000004,360,0.9,7.0,18,31,1110
0.0,-1.7,3.4888228567653785,360,0.93,1.0,19,31,1111
0.0,-2.1,3.45,360,0.89,0.0,20,31,1112
0.0,-2.2,3.411177143234622,360,0.88,0.0,21,31,1113
0.0,-2.3,3.375,360,0.9,0.0,22,31,1114
0.0,-3.0,3.343933982822018,360,0.96,0.0,23,31,1115
0.0,-3.4,3.320096189432334,360,1.0,0.0,24,31,1116
0.0,-3.8,2.3034074173710932,360,1.0,0.0,1,32,1117
0.0,-4.2,2.3,360,1.0,0.0,2,32,1118
0.0,-4.9,2.303407417371093,360,1.0,0.0,3,32,1119
0.0,-4.7,2.313397459621556,360,1.0,0.0,4,32,1120
0.0,-3.2,2.329289321881345,360,1.0,0.0,5,32,1121
0.0,-2.6,2.3499999999999996,360,1.0,0.0,6,32,1122
0.0,-2.2,2.374118095489748,360,1.0,0.0,7,32,1123
11.222222222222221,-1.9,2.4,360,1.0,0.0,8,32,1124
67.33333333333334,-1.4,2.425881904510252,360,0.95,0.0,9,32,1125
112.22222222222223,-1.5,2.45,360,0.77,10.0,10,32,1126
145.88888888888889,-1.7,2.4707106781186545,360,0.76,11.0,11,32,1127
785.5555555555557,-1.4,2.4866025403784437,360,0.74,10.0,12,32,1128
505.0,-1.9,2.496592582628907,360,0.83,10.0,13,32,1129
224.44444444444446,-1.8,2.5,360,0.82,10.0,14,32,1130
157.1111111111111,-2.3,2.496592582628907,360,0.87,9.0,15,32,1131
145.88888888888889,-2.3,2.4866025403784437,360,0.85,5.0,16,32,1132
67.33333333333334,-2.8,2.4707106781186545,360,0.86,0.0,17,32,1133
0.0,-3.3,2.45,360,0.85,0.0,18,32,1134
0.0,-3.4,2.425881904510252,360,0.83,0.0,19,32,1135
0.0,-3.4,2.4,360,0.83,0.0,20,32,1136
0.0,-3.1,2.374118095489748,360,0.76,0.0,21,32,1137
0.0,-3.8,2.35,360,0.81,0.0,22,32,1138
0.0,-4.1,2.3292893218813453,360,0.84,0.0,23,32,1139
0.0,-4.6,2.313397459621556,360,0.84,0.0,24,32,1140
0.0,-4.8,1.206814834742186,360,0.84,0.0,1,33,1141
0.0,-5.4,1.1999999999999997,360,0.82,0.0,2,33,1142
0.0,-5.8,1.206814834742186,360,0.8,0.0,3,33,1143
0.0,-6.4,1.226794919243112,360,0.8,0.0,4,33,1144
0.0,-6.9,1.2585786437626902,360,0.8,0.0,5,33,1145
0.0,-7.1,1.2999999999999998,360,0.79,0.0,6,33,1146
0.0,-7.2,1.3482361909794958,360,0.77,0.0,7,33,1147
22.444444444444443,-7.2,1.4,360,0.77,0.0,8,33,1148
224.44444444444446,-6.8,1.451763809020504,360,0.73,0.0,9,33,1149
505.0,-6.2,1.5,360,0.72,0.0,10,33,1150
751.8888888888888,-5.7,1.5414213562373096,360,0.71,0.0,11,33,1151
909.0,-5.0,1.5732050807568876,360,0.67,13.0,12,33,1152
931.4444444444445,-4.2,1.5931851652578137,360,0.67,12.0,13,33,1153
864.1111111111111,-4.1,1.6,360,0.65,11.0,14,33,1154
662.1111111111112,-3.7,1.5931851652578137,360,0.65,12.0,15,33,1155
392.7777777777778,-3.7,1.5732050807568876,360,0.63,10.0,16,33,1156
123.44444444444446,-4.3,1.5414213562373096,360,0.66,10.0,17,33,1157
0.0,-4.9,1.5,360,0.68,0.0,18,33,1158
0.0,-5.1,1.451763809020504,360,0.68,0.0,19,33,1159
0.0,-5.4,1.4,360,0.67,0.0,20,33,1160
0.0,-5.5,1.3482361909794958,360,0.67,0.0,21,33,1161
0.0,-6.0,1.2999999999999998,360,0.69,0.0,22,33,1162
0.0,-6.4,1.2585786437626905,360,0.71,0.0,23,33,1163
0.0,-7.0,1.2267949192431122,360,0.74,0.0,24,33,1164
0.0,-7.1,0.8034074173710932,360,0.72,0.0,1,34,1165
0.0,-7.6,0.8,360,0.73,0.0,2,34,1166
0.0,-8.0,0.8034074173710932,360,0.73,0.0,3,34,1167
0.0,-8.6,0.8133974596215562,360,0.75,0.0,4,34,1168
0.0,-8.5,0.8292893218813453,360,0.72,0.0,5,34,1169
0.0,-8.8,0.85,360,0.73,0.0,6,34,1170
0.0,-9.3,0.874118095489748,360,0.75,0.0,7,34,1171
33.66666666666667,-9.0,0.9,360,0.74,0.0,8,34,1172
258.11111111111114,-8.3,0.9258819045102521,360,0.72,0.0,9,34,1173
561.1111111111111,-7.4,0.9500000000000001,360,0.69,0.0,10,34,1174
785.5555555555557,-6.6,0.9707106781186547,360,0.7,0.0,11,34,1175
931.4444444444445,-6.2,0.9866025403784439,360,0.68,8.0,12,34,1176
976.3333333333333,-5.1,0.9965925826289068,360,0.64,8.0,13,34,1177
864.1111111111111,-4.1,1.0,360,0.63,8.0,14,34,1178
695.7777777777778,-3.2,0.9965925826289068,360,0.57,9.0,15,34,1179
415.2222222222223,-3.4,0.9866025403784439,360,0.54,9.0,16,34,1180
134.66666666666669,-4.1,0.9707106781186547,360,0.57,8.0,17,34,1181
0.0,-4.8,0.9500000000000001,360,0.58,0.0,18,34,1182
0.0,-5.0,0.9258819045102521,360,0.59,0.0,19,34,1183
0.0,-5.1,0.9,360,0.55,0.0,20,34,1184
0.0,-5.4,0.874118095489748,360,0.57,0.0,21,34,1185
0.0,-5.7,0.8500000000000001,360,0.6,0.0,22,34,1186
0.0,-6.1,0.8292893218813453,360,0.63,0.0,23,34,1187
0.0,-5.4,0.8133974596215562,360,0.65,0.0,24,34,1188
0.0,-4.5,0.6,360,0.63,0.0,1,35,1189
0.0,-3.8,0.6,360,0.66,0.0,2,35,1190
0.0,-3.3,0.6,360,0.73,0.0,3,35,1191
0.0,-3.7,0.6,360,0.75,0.0,4,35,1192
0.0,-4.2,0.6,360,0.81,0.0,5,35,1193
0.0,-4.9,0.6,360,0.87,0.0,6,35,1194
0.0,-4.8,0.6,360,0.89,0.0,7,35,1195
11.222222222222221,-4.8,0.6,360,0.93,0.0,8,35,1196
157.1111111111111,-4.4,0.6,360,0.89,0.0,9,35,1197
549.8888888888889,-3.4,0.6,360,0.64,6.0,10,35,1198
808.0,-3.2,0.6,360,0.55,6.0,11,35,1199
942.6666666666667,-3.0,0.6,360,0.49,6.0,12,35,1200
976.3333333333333,-2.6,0.6,360,0.49,6.0,13,35,1201
886.5555555555555,-2.6,0.6,360,0.48,7.0,14,35,1202
695.7777777777778,-2.5,0.6,360,0.55,6.0,15,35,1203
437.6666666666667,-3.2,0.6,360,0.55,6.0,16,35,1204
134.66666666666669,-4.6,0.6,360,0.65,5.0,17,35,1205
0.0,-5.0,0.6,360,0.65,0.0,18,35,1206
0.0,-6.6,0.6,360,0.79,0.0,19,35,1207
0.0,-6.4,0.6,360,0.74,0.0,20,35,1208
0.0,-7.8,0.6,360,0.81,0.0,21,35,1209
0.0,-8.7,0.6,360,0.91,0.0,22,35,1210
0.0,-7.8,0.6,360,0.95,0.0,23,35,1211
0.0,-7.5,0.6,360,0.95,0.0,24,35,1212
0.0,-5.8,0.5,360,0.88,0.0,1,36,1213
0.0,-4.6,0.5,360,0.8,0.0,2,36,1214
0.0,-4.5,0.5,360,0.73,0.0,3,36,1215
0.0,-5.9,0.5,360,1.0,0.0,4,36,1216
0.0,-6.1,0.5,360,1.0,0.0,5,36,1217
0.0,-6.1,0.5,360,1.0,0.0,6,36,1218
0.0,-6.2,0.5,360,1.0,0.0,7,36,1219
11.222222222222221,-5.8,0.5,360,1.0,0.0,8,36,1220
67.33333333333334,-5.6,0.5,360,1.0,0.0,9,36,1221
190.77777777777777,-5.5,0.5,360,1.0,0.0,10,36,1222
258.11111111111114,-5.1,0.5,360,1.0,0.0,11,36,1223
370.33333333333337,-4.9,0.5,360,1.0,2.0,12,36,1224
437.6666666666667,-4.5,0.5,360,1.0,2.0,13,36,1225
471.33333333333337,-4.2,0.5,360,0.97,3.0,14,36,1226
392.7777777777778,-4.0,0.5,360,0.96,4.0,15,36,1227
179.55555555555554,-4.3,0.5,360,0.98,4.0,16,36,1228
67.33333333333334,-4.4,0.5,360,0.98,0.0,17,36,1229
0.0,-4.5,0.5,360,1.0,0.0,18,36,1230
0.0,-4.4,0.5,360,1.0,0.0,19,36,1231
0.0,-4.6,0.5,360,1.0,0.0,20,36,1232
0.0,-4.7,0.5,360,0.9,0.0,21,36,1233
0.0,-5.1,0.5,360,0.95,0.0,22,36,1234
0.0,-6.1,0.5,360,0.96,0.0,23,36,1235
0.0,-5.5,0.5,360,0.95,0.0,24,36,1236
0.0,-5.4,0.5017037086855467,360,0.96,0.0,1,37,1237
0.0,-6.7,0.5,360,1.0,0.0,2,37,1238
0.0,-6.6,0.5017037086855466,360,1.0,0.0,3,37,1239
0.0,-7.0,0.5066987298107781,360,1.0,0.0,4,37,1240
0.0,-7.2,0.5146446609406726,360,1.0,0.0,5,37,1241
0.0,-8.8,0.525,360,1.0,0.0,6,37,1242
0.0,-8.1,0.537059047744874,360,1.0,0.0,7,37,1243
22.444444444444443,-7.8,0.55,360,1.0,0.0,8,37,1244
325.44444444444446,-8.0,0.5629409522551261,360,0.99,0.0,9,37,1245
650.8888888888889,-6.0,0.5750000000000001,360,0.91,3.0,10,37,1246
1077.3333333333335,-5.0,0.5853553390593275,360,0.83,4.0,11,37,1247
1010.0,-1.8,0.593301270189222,360,0.63,2.0,12,37,1248
1021.2222222222222,-1.1,0.5982962913144535,360,0.61,2.0,13,37,1249
920.2222222222223,-2.1,0.6000000000000001,360,0.7,3.0,14,37,1250
695.7777777777778,-1.7,0.5982962913144535,360,0.7,4.0,15,37,1251
235.66666666666669,-2.6,0.593301270189222,360,0.73,4.0,16,37,1252
44.888888888888886,-2.8,0.5853553390593275,360,0.78,3.0,17,37,1253
0.0,-2.9,0.5750000000000001,360,0.83,3.0,18,37,1254
0.0,-3.0,0.5629409522551261,360,0.86,0.0,19,37,1255
0.0,-2.9,0.55,360,0.89,0.0,20,37,1256
0.0,-2.8,0.537059047744874,360,0.92,0.0,21,37,1257
0.0,-2.7,0.525,360,0.93,0.0,22,37,1258
0.0,-2.8,0.5146446609406727,360,0.97,0.0,23,37,1259
0.0,-3.0,0.5066987298107781,360,0.98,0.0,24,37,1260
0.0,-6.1,0.6,360,1.0,0.0,1,38,1261
0.0,-6.9,0.6,360,1.0,0.0,2,38,1262
0.0,-6.3,0.6,360,1.0,0.0,3,38,1263
0.0,-8.7,0.6,360,1.0,0.0,4,38,1264
0.0,-8.0,0.6,360,1.0,0.0,5,38,1265
0.0,-9.0,0.6,360,1.0,0.0,6,38,1266
0.0,-11.2,0.6,360,1.0,0.0,7,38,1267
101.0,-10.6,0.6,360,1.0,0.0,8,38,1268
471.33333333333337,-9.2,0.6,360,0.87,0.0,9,38,1269
718.2222222222222,-7.7,0.6,360,0.67,0.0,10,38,1270
1099.7777777777778,-6.7,0.6,360,0.59,8.0,11,38,1271
1099.7777777777778,-6.5,0.6,360,0.61,6.0,12,38,1272
1054.888888888889,-5.9,0.6,360,0.6,8.0,13,38,1273
942.6666666666667,-5.1,0.6,360,0.57,8.0,14,38,1274
751.8888888888888,-4.6,0.6,360,0.56,10.0,15,38,1275
460.11111111111114,-4.9,0.6,360,0.56,10.0,16,38,1276
168.33333333333331,-5.6,0.6,360,0.54,10.0,17,38,1277
0.0,-6.8,0.6,360,0.63,0.0,18,38,1278
0.0,-6.5,0.6,360,0.54,0.0,19,38,1279
0.0,-7.2,0.6,360,0.56,0.0,20,38,1280
0.0,-7.9,0.6,360,0.56,0.0,21,38,1281
0.0,-9.4,0.6,360,0.6,0.0,22,38,1282
0.0,-9.8,0.6,360,0.61,0.0,23,38,1283
0.0,-10.3,0.6,360,0.64,0.0,24,38,1284
0.0,-10.6,0.6,360,0.64,0.0,1,39,1285
0.0,-10.4,0.6,360,0.67,0.0,2,39,1286
0.0,-9.9,0.6,360,0.72,0.0,3,39,1287
0.0,-9.7,0.6,360,0.76,0.0,4,39,1288
0.0,-9.5,0.6,360,0.8,0.0,5,39,1289
0.0,-9.1,0.6,360,0.83,0.0,6,39,1290
0.0,-8.8,0.6,360,0.87,0.0,7,39,1291
33.66666666666667,-8.6,0.6,360,0.88,0.0,8,39,1292
224.44444444444446,-7.9,0.6,360,0.86,0.0,9,39,1293
482.5555555555556,-7.7,0.6,360,0.86,0.0,10,39,1294
516.2222222222223,-7.3,0.6,360,0.89,0.0,11,39,1295
673.3333333333333,-6.8,0.6,360,0.89,0.0,12,39,1296
482.5555555555556,-6.6,0.6,360,0.85,0.0,13,39,1297
628.4444444444443,-6.1,0.6,360,0.75,0.0,14,39,1298
471.33333333333337,-6.4,0.6,360,0.78,8.0,15,39,1299
246.8888888888889,-6.5,0.6,360,0.75,0.0,16,39,1300
112.22222222222223,-6.8,0.6,360,0.79,0.0,17,39,1301
0.0,-7.9,0.6,360,0.8,0.0,18,39,1302
0.0,-8.9,0.6,360,0.84,0.0,19,39,1303
0.0,-7.8,0.6,360,0.85,0.0,20,39,1304
0.0,-7.5,0.6,360,0.86,0.0,21,39,1305
0.0,-7.8,0.6,360,0.88,0.0,22,39,1306
0.0,-8.5,0.6,360,0.89,0.0,23,39,1307
0.0,-9.7,0.6,360,0.9,0.0,24,39,1308
0.0,-9.8,0.6,360,0.89,0.0,1,40,1309
0.0,-10.7,0.6,360,0.95,0.0,2,40,1310
0.0,-11.1,0.6,360,0.97,0.0,3,40,1311
0.0,-10.4,0.6,360,0.99,0.0,4,40,1312
0.0,-10.7,0.6,360,1.0,0.0,5,40,1313
0.0,-10.6,0.6,360,0.99,0.0,6,40,1314
0.0,-10.9,0.6,360,1.0,0.0,7,40,1315
67.33333333333334,-11.3,0.6,360,1.0,0.0,8,40,1316
404.0,-10.1,0.6,360,0.97,0.0,9,40,1317
740.6666666666667,-8.8,0.6,360,0.92,0.0,10,40,1318
864.1111111111111,-7.1,0.6,360,0.84,3.0,11,40,1319
942.6666666666667,-5.0,0.6,360,0.76,4.0,12,40,1320
1043.6666666666665,-3.5,0.6,360,0.71,4.0,13,40,1321
942.6666666666667,-2.9,0.6,360,0.68,4.0,14,40,1322
774.3333333333333,-2.8,0.6,360,0.67,5.0,15,40,1323
460.11111111111114,-3.6,0.6,360,0.72,4.0,16,40,1324
224.44444444444446,-3.9,0.6,360,0.75,4.0,17,40,1325
11.222222222222221,-5.7,0.6,360,0.8,4.0,18,40,1326
0.0,-5.0,0.6,360,0.81,0.0,19,40,1327
0.0,-6.1,0.6,360,0.83,0.0,20,40,1328
0.0,-5.8,0.6,360,0.83,0.0,21,40,1329
0.0,-6.6,0.6,360,0.84,0.0,22,40,1330
0.0,-6.2,0.6,360,0.83,0.0,23,40,1331
0.0,-6.3,0.6,360,0.83,0.0,24,40,1332
0.0,-5.8,0.5017037086855467,360,0.82,0.0,1,41,1333
0.0,-6.5,0.5,360,0.85,0.0,2,41,1334
0.0,-6.7,0.5017037086855466,360,0.86,0.0,3,41,1335
0.0,-7.5,0.5066987298107781,360,0.89,0.0,4,41,1336
0.0,-6.5,0.5146446609406726,360,0.9,0.0,5,41,1337
0.0,-7.3,0.525,360,0.9,0.0,6,41,1338
0.0,-8.1,0.537059047744874,360,0.96,0.0,7,41,1339
78.55555555555554,-8.5,0.55,360,0.97,0.0,8,41,1340
482.5555555555556,-7.1,0.5629409522551261,360,0.9,0.0,9,41,1341
886.5555555555555,-5.7,0.5750000000000001,360,0.82,5.0,10,41,1342
1088.5555555555557,-4.2,0.5853553390593275,360,0.74,5.0,11,41,1343
1099.7777777777778,-3.8,0.593301270189222,360,0.71,6.0,12,41,1344
1088.5555555555557,-3.1,0.5982962913144535,360,0.66,6.0,13,41,1345
998.7777777777778,-2.5,0.6000000000000001,360,0.61,8.0,14,41,1346
796.7777777777777,-2.6,0.5982962913144535,360,0.62,7.0,15,41,1347
505.0,-2.8,0.593301270189222,360,0.62,6.0,16,41,1348
179.55555555555554,-4.1,0.5853553390593275,360,0.66,6.0,17,41,1349
11.222222222222221,-4.8,0.5750000000000001,360,0.7,4.0,18,41,1350
0.0,-5.4,0.5629409522551261,360,0.74,0.0,19,41,1351
0.0,-6.3,0.55,360,0.78,0.0,20,41,1352
0.0,-6.7,0.537059047744874,360,0.79,0.0,21,41,1353
0.0,-7.5,0.525,360,0.81,0.0,22,41,1354
0.0,-7.9,0.5146446609406727,360,0.82,0.0,23,41,1355
0.0,-8.9,0.5066987298107781,360,0.85,0.0,24,41,1356
0.0,-9.1,0.20340741737109322,360,0.85,0.0,1,42,1357
0.0,-9.4,0.20000000000000004,360,0.84,0.0,2,42,1358
0.0,-10.1,0.2034074173710932,360,0.85,0.0,3,42,1359
0.0,-10.4,0.21339745962155615,360,0.84,0.0,4,42,1360
0.0,-10.7,0.22928932188134526,360,0.85,0.0,5,42,1361
0.0,-10.9,0.25,360,0.84,0.0,6,42,1362
0.0,-11.0,0.27411809548974797,360,0.84,0.0,7,42,1363
67.33333333333334,-10.7,0.30000000000000004,360,0.81,0.0,8,42,1364
347.8888888888889,-9.1,0.3258819045102521,360,0.78,0.0,9,42,1365
662.1111111111112,-7.7,0.3500000000000001,360,0.73,0.0,10,42,1366
909.0,-6.5,0.3707106781186548,360,0.69,8.0,11,42,1367
1032.4444444444446,-5.3,0.38660254037844394,360,0.64,8.0,12,42,1368
1066.1111111111113,-4.3,0.3965925826289069,360,0.6,8.0,13,42,1369
998.7777777777778,-3.7,0.4,360,0.58,9.0,14,42,1370
796.7777777777777,-3.4,0.3965925826289069,360,0.55,9.0,15,42,1371
516.2222222222223,-3.6,0.38660254037844394,360,0.55,10.0,16,42,1372
202.0,-4.1,0.3707106781186548,360,0.54,8.0,17,42,1373
11.222222222222221,-5.1,0.3500000000000001,360,0.59,0.0,18,42,1374
0.0,-5.4,0.3258819045102521,360,0.57,0.0,19,42,1375
0.0,-6.0,0.30000000000000004,360,0.57,0.0,20,42,1376
0.0,-6.9,0.27411809548974797,360,0.62,0.0,21,42,1377
0.0,-7.6,0.25000000000000006,360,0.64,0.0,22,42,1378
0.0,-8.0,0.2292893218813453,360,0.66,0.0,23,42,1379
0.0,-8.4,0.21339745962155615,360,0.67,0.0,24,42,1380
0.0,-8.8,-0.09659258262890683,360,0.68,0.0,1,43,1381
0.0,-9.6,-0.1,360,0.71,0.0,2,43,1382
0.0,-9.8,-0.09659258262890684,360,0.72,0.0,3,43,1383
0.0,-10.6,-0.08660254037844389,360,0.75,0.0,4,43,1384
0.0,-11.7,-0.0707106781186548,360,0.78,0.0,5,43,1385
0.0,-12.0,-0.050000000000000044,360,0.79,0.0,6,43,1386
0.0,-11.5,-0.025881904510252064,360,0.78,0.0,7,43,1387
67.33333333333334,-11.2,6.123233995736766e-18,360,0.79,0.0,8,43,1388
347.8888888888889,-9.9,0.025881904510252074,360,0.75,0.0,9,43,1389
673.3333333333333,-8.4,0.05000000000000002,360,0.7,0.0,10,43,1390
920.2222222222223,-6.9,0.07071067811865477,360,0.65,6.0,11,43,1391
1066.1111111111113,-5.4,0.08660254037844388,360,0.59,8.0,12,43,1392
1111.0,-5.3,0.09659258262890684,360,0.62,7.0,13,43,1393
1010.0,-4.9,0.1,360,0.61,6.0,14,43,1394
617.2222222222222,-4.5,0.09659258262890684,360,0.6,8.0,15,43,1395
527.4444444444445,-4.0,0.08660254037844388,360,0.57,8.0,16,43,1396
202.0,-4.1,0.07071067811865477,360,0.56,8.0,17,43,1397
11.222222222222221,-4.8,0.05000000000000002,360,0.58,0.0,18,43,1398
0.0,-4.1,0.025881904510252074,360,0.56,0.0,19,43,1399
0.0,-3.5,6.123233995736766e-18,360,0.55,0.0,20,43,1400
0.0,-2.9,-0.025881904510252064,360,0.55,0.0,21,43,1401
0.0,-2.7,-0.04999999999999998,360,0.55,0.0,22,43,1402
0.0,-2.7,-0.07071067811865475,360,0.61,0.0,23,43,1403
0.0,-2.6,-0.08660254037844388,360,0.64,0.0,24,43,1404
0.0,-2.2,-0.09659258262890683,360,0.65,0.0,1,44,1405
0.0,-2.0,-0.1,360,0.74,0.0,2,44,1406
0.0,-1.7,-0.09659258262890684,360,0.8,0.0,3,44,1407
0.0,-1.6,-0.08660254037844389,360,1.0,0.0,4,44,1408
0.0,-1.5,-0.0707106781186548,360,1.0,0.0,5,44,1409
0.0,-1.4,-0.050000000000000044,360,1.0,1.0,6,44,1410
0.0,-1.3,-0.025881904510252064,360,1.0,1.0,7,44,1411
22.444444444444443,-0.8,6.123233995736766e-18,360,1.0,2.0,8,44,1412
112.22222222222223,0.1,0.025881904510252074,360,1.0,2.0,9,44,1413
235.66666666666669,1.1,0.05000000000000002,360,1.0,4.0,10,44,1414
392.7777777777778,1.5,0.07071067811865477,360,1.0,4.0,11,44,1415
448.8888888888889,2.3,0.08660254037844388,360,1.0,4.0,12,44,1416
460.11111111111114,2.9,0.09659258262890684,360,1.0,2.0,13,44,1417
538.6666666666667,2.7,0.1,360,0.99,4.0,14,44,1418
280.55555555555554,3.0,0.09659258262890684,360,0.94,2.0,15,44,1419
190.77777777777777,2.8,0.08660254037844388,360,0.93,2.0,16,44,1420
44.888888888888886,1.9,0.07071067811865477,360,1.0,2.0,17,44,1421
0.0,1.7,0.05000000000000002,360,1.0,4.0,18,44,1422
0.0,1.3,0.025881904510252074,360,1.0,4.0,19,44,1423
0.0,1.3,6.123233995736766e-18,360,1.0,5.0,20,44,1424
0.0,1.2,-0.025881904510252064,360,1.0,4.0,21,44,1425
0.0,1.1,-0.04999999999999998,360,1.0,4.0,22,44,1426
0.0,1.0,-0.07071067811865475,360,1.0,4.0,23,44,1427
0.0,1.1,-0.08660254037844388,360,1.0,6.0,24,44,1428
0.0,0.9,0.00340741737109318,360,1.0,6.0,1,45,1429
0.0,2.0,0.0,360,1.0,4.0,2,45,1430
0.0,2.6,0.003407417371093166,360,1.0,6.0,3,45,1431
0.0,2.3,0.013397459621556113,360,1.0,8.0,4,45,1432
0.0,2.5,0.029289321881345212,360,1.0,6.0,5,45,1433
0.0,2.5,0.04999999999999996,360,1.0,7.0,6,45,1434
0.0,2.7,0.07411809548974795,360,1.0,8.0,7,45,1435
67.33333333333334,2.4,0.1,360,1.0,9.0,8,45,1436
179.55555555555554,2.8,0.12588190451025208,360,1.0,7.0,9,45,1437
437.6666666666667,3.4,0.15000000000000002,360,1.0,8.0,10,45,1438
482.5555555555556,3.5,0.17071067811865476,360,1.0,9.0,11,45,1439
505.0,3.9,0.18660254037844387,360,0.99,9.0,12,45,1440
471.33333333333337,3.9,0.19659258262890683,360,0.98,8.0,13,45,1441
347.8888888888889,4.0,0.2,360,0.97,8.0,14,45,1442
258.11111111111114,4.2,0.19659258262890683,360,0.95,6.0,15,45,1443
112.22222222222223,4.1,0.18660254037844387,360,0.94,6.0,16,45,1444
56.111111111111114,4.1,0.17071067811865476,360,0.91,6.0,17,45,1445
11.222222222222221,3.9,0.15000000000000002,360,0.89,4.0,18,45,1446
0.0,3.4,0.12588190451025208,360,0.91,4.0,19,45,1447
0.0,2.9,0.1,360,0.93,4.0,20,45,1448
0.0,2.4,0.07411809548974795,360,0.98,4.0,21,45,1449
0.0,1.3,0.050000000000000024,360,1.0,2.0,22,45,1450
0.0,1.7,0.029289321881345254,360,1.0,2.0,23,45,1451
0.0,0.7,0.013397459621556126,360,1.0,2.0,24,45,1452
0.0,1.1,0.10851854342773293,360,1.0,3.0,1,46,1453
0.0,1.4,0.09999999999999998,360,1.0,4.0,2,46,1454
0.0,1.1,0.1085185434277329,360,1.0,5.0,3,46,1455
0.0,0.9,0.13349364905389027,360,1.0,5.0,4,46,1456
0.0,1.0,0.173223304703363,360,1.0,5.0,5,46,1457
0.0,0.7,0.22499999999999987,360,1.0,4.0,6,46,1458
0.0,0.8,0.2852952387243698,360,1.0,3.0,7,46,1459
11.222222222222221,2.2,0.35,360,1.0,2.0,8,46,1460
224.44444444444446,3.9,0.41470476127563016,360,1.0,4.0,9,46,1461
594.7777777777778,5.5,0.475,360,1.0,6.0,10,46,1462
527.4444444444445,6.4,0.5267766952966368,360,0.98,5.0,11,46,1463
729.4444444444443,7.6,0.5665063509461097,360,0.88,5.0,12,46,1464
920.2222222222223,9.1,0.591481456572267,360,0.78,6.0,13,46,1465
662.1111111111112,9.1,0.6,360,0.71,7.0,14,46,1466
269.33333333333337,8.6,0.591481456572267,360,0.73,6.0,15,46,1467
157.1111111111111,8.3,0.5665063509461097,360,0.79,6.0,16,46,1468
78.55555555555554,7.8,0.5267766952966368,360,0.79,5.0,17,46,1469
0.0,7.1,0.475,360,0.84,5.0,18,46,1470
0.0,6.6,0.41470476127563016,360,0.85,6.0,19,46,1471
0.0,6.1,0.35,360,0.85,5.0,20,46,1472
0.0,5.1,0.2852952387243698,360,0.89,4.0,21,46,1473
0.0,4.3,0.22500000000000003,360,0.91,4.0,22,46,1474
0.0,3.0,0.1732233047033631,360,1.0,3.0,23,46,1475
0.0,3.5,0.1334936490538903,360,1.0,3.0,24,46,1476
0.0,4.0,0.34429642582421116,360,1.0,4.0,1,47,1477
0.0,4.5,0.2999999999999998,360,1.0,4.0,2,47,1478
0.0,4.1,0.34429642582421094,360,1.0,4.0,3,47,1479
0.0,3.9,0.4741669750802293,360,1.0,4.0,4,47,1480
0.0,3.8,0.6807611844574876,360,1.0,4.0,5,47,1481
0.0,3.7,0.9499999999999993,360,1.0,4.0,6,47,1482
0.0,3.6,1.2635352413667231,360,1.0,4.0,7,47,1483
44.888888888888886,4.2,1.5999999999999999,360,1.0,4.0,8,47,1484
246.8888888888889,5.6,1.9364647586332768,360,0.98,6.0,9,47,1485
347.8888888888889,6.2,2.25,360,1.0,7.0,10,47,1486
785.5555555555557,7.7,2.519238815542512,360,0.9,7.0,11,47,1487
796.7777777777777,8.5,2.72583302491977,360,0.84,6.0,12,47,1488
707.0000000000001,8.6,2.855703574175789,360,0.78,6.0,13,47,1489
493.7777777777778,8.6,2.9,360,0.77,6.0,14,47,1490
258.11111111111114,8.5,2.855703574175789,360,0.77,4.0,15,47,1491
134.66666666666669,8.1,2.72583302491977,360,0.79,4.0,16,47,1492
44.888888888888886,7.9,2.519238815542512,360,0.82,2.0,17,47,1493
0.0,7.1,2.25,360,0.9,2.0,18,47,1494
0.0,6.7,1.9364647586332768,360,0.93,2.0,19,47,1495
0.0,6.8,1.5999999999999999,360,0.8,4.0,20,47,1496
0.0,6.4,1.2635352413667231,360,0.79,4.0,21,47,1497
0.0,5.9,0.9500000000000002,360,0.81,4.0,22,47,1498
0.0,5.5,0.6807611844574881,360,0.83,3.0,23,47,1499
0.0,5.1,0.47416697508022954,360,0.83,3.0,24,47,1500
0.0,4.8,2.4494075518808507,360,0.85,2.0,1,48,1501
0.0,5.0,2.3999999999999995,360,0.88,3.0,2,48,1502
0.0,4.8,2.4494075518808507,360,0.87,3.0,3,48,1503
0.0,4.9,2.5942631645125633,360,0.83,2.0,4,48,1504
0.0,4.4,2.824695167279505,360,0.87,2.0,5,48,1505
0.0,4.4,3.124999999999999,360,0.86,2.0,6,48,1506
0.0,4.4,3.474712384601345,360,0.85,2.0,7,48,1507
22.444444444444443,4.2,3.8499999999999996,360,0.88,2.0,8,48,1508
123.44444444444446,5.2,4.2252876153986545,360,0.82,2.0,9,48,1509
291.77777777777777,6.3,4.574999999999999,360,0.76,2.0,10,48,1510
404.0,7.5,4.875304832720493,360,0.59,2.0,11,48,1511
448.8888888888889,7.8,5.105736835487436,360,0.57,4.0,12,48,1512
684.5555555555557,8.3,5.250592448119148,360,0.56,4.0,13,48,1513
864.1111111111111,9.0,5.3,360,0.56,4.0,14,48,1514
684.5555555555557,8.9,5.250592448119148,360,0.57,4.0,15,48,1515
392.7777777777778,8.5,5.105736835487436,360,0.67,4.0,16,48,1516
134.66666666666669,7.7,4.875304832720493,360,0.71,5.0,17,48,1517
11.222222222222221,7.0,4.574999999999999,360,0.77,3.0,18,48,1518
0.0,6.3,4.2252876153986545,360,0.89,1.0,19,48,1519
0.0,6.4,3.8499999999999996,360,0.83,1.0,20,48,1520
0.0,5.9,3.474712384601345,360,0.92,1.0,21,48,1521
0.0,6.1,3.125,360,0.85,1.0,22,48,1522
0.0,6.0,2.824695167279506,360,0.89,2.0,23,48,1523
0.0,6.0,2.5942631645125633,360,0.91,2.0,24,48,1524
0.0,6.0,4.723851921597653,360,0.89,2.0,1,49,1525
0.0,6.0,4.700000000000001,360,0.89,2.0,2,49,1526
0.0,5.7,4.723851921597653,360,0.94,2.0,3,49,1527
0.0,5.7,4.793782217350893,360,0.92,2.0,4,49,1528
0.0,5.2,4.905025253169417,360,1.0,2.0,5,49,1529
0.0,5.2,5.05,360,1.0,2.0,6,49,1530
0.0,4.8,5.218826668428236,360,1.0,2.0,7,49,1531
33.66666666666667,5.1,5.4,360,1.0,1.0,8,49,1532
134.66666666666669,6.7,5.581173331571764,360,1.0,1.0,9,49,1533
202.0,7.5,5.75,360,0.98,2.0,10,49,1534
269.33333333333337,7.8,5.8949747468305835,360,0.93,2.0,11,49,1535
291.77777777777777,7.9,6.006217782649108,360,0.95,4.0,12,49,1536
325.44444444444446,8.1,6.076148078402348,360,0.96,4.0,13,49,1537
258.11111111111114,8.1,6.1,360,0.94,4.0,14,49,1538
101.0,7.7,6.076148078402348,360,0.99,4.0,15,49,1539
78.55555555555554,7.2,6.006217782649108,360,1.0,4.0,16,49,1540
22.444444444444443,6.6,5.8949747468305835,360,1.0,5.0,17,49,1541
11.222222222222221,6.3,5.75,360,1.0,4.0,18,49,1542
0.0,6.3,5.581173331571764,360,1.0,4.0,19,49,1543
0.0,6.1,5.4,360,1.0,4.0,20,49,1544
0.0,6.0,5.218826668428236,360,1.0,4.0,21,49,1545
0.0,6.0,5.050000000000001,360,0.97,5.0,22,49,1546
0.0,5.7,4.905025253169417,360,0.97,6.0,23,49,1547
0.0,5.9,4.793782217350893,360,0.94,6.0,24,49,1548
0.0,5.9,4.918740795541013,360,0.99,6.0,1,50,1549
0.0,5.7,4.9,360,1.0,5.0,2,50,1550
0.0,5.5,4.918740795541012,360,1.0,4.0,3,50,1551
0.0,5.0,4.973686027918559,360,1.0,7.0,4,50,1552
0.0,4.5,5.061091270347399,360,1.0,7.0,5,50,1553
0.0,4.5,5.175,360,1.0,5.0,6,50,1554
0.0,4.1,5.3076495251936135,360,1.0,6.0,7,50,1555
89.77777777777777,3.3,5.45,360,1.0,6.0,8,50,1556
415.2222222222223,4.3,5.592350474806387,360,1.0,7.0,9,50,1557
684.5555555555557,5.1,5.7250000000000005,360,0.94,8.0,10,50,1558
920.2222222222223,6.2,5.838908729652601,360,0.73,9.0,11,50,1559
1066.1111111111113,6.6,5.9263139720814415,360,0.6,10.0,12,50,1560
1144.6666666666665,7.5,5.981259204458988,360,0.56,9.0,13,50,1561
1066.1111111111113,7.6,6.0,360,0.55,8.0,14,50,1562
875.3333333333334,7.8,5.981259204458988,360,0.52,8.0,15,50,1563
415.2222222222223,7.5,5.9263139720814415,360,0.56,8.0,16,50,1564
235.66666666666669,6.9,5.838908729652601,360,0.54,6.0,17,50,1565
44.888888888888886,5.7,5.7250000000000005,360,0.6,6.0,18,50,1566
0.0,4.6,5.592350474806387,360,0.65,4.0,19,50,1567
0.0,3.8,5.45,360,0.66,3.0,20,50,1568
0.0,3.0,5.3076495251936135,360,0.69,4.0,21,50,1569
0.0,2.8,5.175000000000001,360,0.72,4.0,22,50,1570
0.0,2.5,5.061091270347399,360,0.8,4.0,23,50,1571
0.0,1.7,4.973686027918559,360,0.84,3.0,24,50,1572
0.0,0.9,2.8340741737109316,360,0.88,3.0,1,51,1573
0.0,0.6,2.8,360,0.91,2.0,2,51,1574
0.0,0.1,2.8340741737109316,360,0.91,3.0,3,51,1575
0.0,-0.3,2.933974596215561,360,0.91,2.0,4,51,1576
0.0,-0.8,3.092893218813452,360,0.98,0.0,5,51,1577
0.0,-1.0,3.2999999999999994,360,0.99,0.0,6,51,1578
0.0,-1.4,3.541180954897479,360,1.0,0.0,7,51,1579
112.22222222222223,-0.9,3.8,360,0.96,2.0,8,51,1580
415.2222222222223,0.6,4.058819045102521,360,0.88,2.0,9,51,1581
729.4444444444443,2.6,4.3,360,0.72,3.0,10,51,1582
987.5555555555557,4.5,4.507106781186548,360,0.62,4.0,11,51,1583
1111.0,5.2,4.666025403784438,360,0.52,8.0,12,51,1584
1144.6666666666665,5.9,4.7659258262890685,360,0.52,6.0,13,51,1585
1066.1111111111113,6.0,4.8,360,0.49,8.0,14,51,1586
864.1111111111111,6.0,4.7659258262890685,360,0.52,6.0,15,51,1587
583.5555555555555,5.6,4.666025403784438,360,0.53,6.0,16,51,1588
246.8888888888889,4.1,4.507106781186548,360,0.57,6.0,17,51,1589
22.444444444444443,1.3,4.3,360,0.66,4.0,18,51,1590
0.0,1.1,4.058819045102521,360,0.66,2.0,19,51,1591
0.0,1.0,3.8,360,0.65,1.0,20,51,1592
0.0,0.3,3.541180954897479,360,0.67,0.0,21,51,1593
0.0,0.5,3.3,360,0.67,0.0,22,51,1594
0.0,-0.3,3.0928932188134524,360,0.7,0.0,23,51,1595
0.0,-0.8,2.933974596215561,360,0.72,0.0,24,51,1596
0.0,-1.1,1.8323704650253851,360,0.75,0.0,1,52,1597
0.0,-1.4,1.7999999999999998,360,0.76,0.0,2,52,1598
0.0,-2.0,1.832370465025385,360,0.8,0.0,3,52,1599
0.0,-2.3,1.927275866404783,360,0.84,0.0,4,52,1600
0.0,-2.9,2.0782485578727794,360,0.89,0.0,5,52,1601
0.0,-2.7,2.2749999999999995,360,0.88,0.0,6,52,1602
11.222222222222221,-3.2,2.5041219071526055,360,0.96,0.0,7,52,1603
190.77777777777777,-2.3,2.75,360,0.9,0.0,8,52,1604
549.8888888888889,-0.3,2.995878092847395,360,0.86,2.0,9,52,1605
864.1111111111111,1.9,3.225,360,0.74,3.0,10,52,1606
976.3333333333333,3.5,3.42175144212722,360,0.64,5.0,11,52,1607
1043.6666666666665,5.1,3.5727241335952167,360,0.54,6.0,12,52,1608
965.1111111111112,5.5,3.667629534974615,360,0.56,6.0,13,52,1609
965.1111111111112,6.2,3.7,360,0.53,6.0,14,52,1610
662.1111111111112,6.3,3.667629534974615,360,0.52,6.0,15,52,1611
572.3333333333333,6.1,3.5727241335952167,360,0.54,6.0,16,52,1612
224.44444444444446,4.9,3.42175144212722,360,0.63,5.0,17,52,1613
33.66666666666667,2.7,3.225,360,0.7,4.0,18,52,1614
0.0,1.4,2.995878092847395,360,0.74,2.0,19,52,1615
0.0,0.4,2.75,360,0.75,2.0,20,52,1616
0.0,0.6,2.5041219071526055,360,0.71,1.0,21,52,1617
0.0,0.1,2.2750000000000004,360,0.72,0.0,22,52,1618
0.0,-0.3,2.07824855787278,360,0.74,0.0,23,52,1619
0.0,-0.7,1.9272758664047833,360,0.75,0.0,24,52,1620
0.0,-0.8,1.6460001345097581,360,0.76,0.0,1,53,1621
0.0,-0.8,1.6000000000000003,360,0.76,0.0,2,53,1622
0.0,-1.0,1.6460001345097581,360,0.77,0.0,3,53,1623
0.0,-1.7,1.780865704891008,360,0.83,0.0,4,53,1624
0.0,-2.1,1.9954058453981607,360,0.85,0.0,5,53,1625
0.0,-2.5,2.2749999999999995,360,0.87,0.0,6,53,1626
0.0,-3.0,2.6005942891115974,360,0.91,0.0,7,53,1627
134.66666666666669,-1.4,2.95,360,0.85,2.0,8,53,1628
460.11111111111114,0.7,3.299405710888403,360,0.77,3.0,9,53,1629
774.3333333333333,3.5,3.625,360,0.68,3.0,10,53,1630
987.5555555555557,6.0,3.9045941546018392,360,0.59,4.0,11,53,1631
1133.4444444444443,7.9,4.119134295108992,360,0.48,4.0,12,53,1632
1167.111111111111,9.5,4.2539998654902424,360,0.45,3.0,13,53,1633
931.4444444444445,9.9,4.3,360,0.34,3.0,14,53,1634
897.7777777777778,10.5,4.2539998654902424,360,0.38,4.0,15,53,1635
628.4444444444443,10.9,4.119134295108992,360,0.35,3.0,16,53,1636
269.33333333333337,9.2,3.9045941546018392,360,0.41,1.0,17,53,1637
11.222222222222221,4.8,3.625,360,0.71,2.0,18,53,1638
0.0,5.7,3.299405710888403,360,0.54,1.0,19,53,1639
0.0,2.9,2.95,360,0.77,2.0,20,53,1640
0.0,3.4,2.6005942891115974,360,0.72,3.0,21,53,1641
0.0,3.2,2.2750000000000004,360,0.75,3.0,22,53,1642
0.0,2.6,1.9954058453981611,360,0.8,2.0,23,53,1643
0.0,1.6,1.780865704891008,360,0.86,2.0,24,53,1644
0.0,1.5,3.0511112605663975,360,0.86,3.0,1,54,1645
0.0,1.6,3.0,360,0.86,2.0,2,54,1646
0.0,3.2,3.0511112605663975,360,0.76,4.0,3,54,1647
0.0,3.0,3.200961894323342,360,0.81,4.0,4,54,1648
0.0,2.7,3.439339828220178,360,0.88,4.0,5,54,1649
0.0,3.7,3.749999999999999,360,0.91,4.0,6,54,1650
0.0,3.6,4.111771432346219,360,1.0,4.0,7,54,1651
33.66666666666667,4.0,4.5,360,1.0,5.0,8,54,1652
78.55555555555554,4.4,4.8882285676537816,360,1.0,4.0,9,54,1653
134.66666666666669,5.3,5.25,360,1.0,4.0,10,54,1654
213.22222222222223,6.3,5.560660171779821,360,1.0,4.0,11,54,1655
258.11111111111114,7.4,5.799038105676658,360,1.0,5.0,12,54,1656
258.11111111111114,8.2,5.9488887394336025,360,1.0,5.0,13,54,1657
314.2222222222222,8.7,6.0,360,1.0,6.0,14,54,1658
258.11111111111114,8.9,5.9488887394336025,360,1.0,6.0,15,54,1659
101.0,9.0,5.799038105676658,360,1.0,5.0,16,54,1660
56.111111111111114,9.1,5.560660171779821,360,1.0,4.0,17,54,1661
11.222222222222221,9.2,5.25,360,1.0,4.0,18,54,1662
0.0,9.0,4.8882285676537816,360,1.0,2.0,19,54,1663
0.0,9.1,4.5,360,1.0,2.0,20,54,1664
0.0,9.0,4.111771432346219,360,1.0,2.0,21,54,1665
0.0,8.8,3.7500000000000004,360,1.0,3.0,22,54,1666
0.0,8.6,3.439339828220179,360,1.0,3.0,23,54,1667
0.0,8.5,3.200961894323342,360,1.0,2.0,24,54,1668
0.0,8.5,5.446000134509758,360,1.0,2.0,1,55,1669
0.0,8.5,5.4,360,1.0,2.0,2,55,1670
0.0,8.1,5.446000134509758,360,1.0,2.0,3,55,1671
0.0,8.2,5.580865704891008,360,1.0,1.0,4,55,1672
0.0,8.3,5.795405845398161,360,1.0,1.0,5,55,1673
0.0,8.4,6.074999999999999,360,1.0,1.0,6,55,1674
0.0,8.4,6.400594289111597,360,1.0,1.0,7,55,1675
33.66666666666667,8.4,6.75,360,1.0,0.0,8,55,1676
101.0,9.3,7.099405710888403,360,1.0,2.0,9,55,1677
202.0,10.1,7.425,360,1.0,1.0,10,55,1678
291.77777777777777,10.6,7.704594154601839,360,1.0,2.0,11,55,1679
303.0,11.0,7.919134295108992,360,1.0,2.0,12,55,1680
235.66666666666669,11.3,8.053999865490242,360,1.0,4.0,13,55,1681
224.44444444444446,11.5,8.1,360,1.0,4.0,14,55,1682
303.0,12.1,8.053999865490242,360,1.0,4.0,15,55,1683
269.33333333333337,12.4,7.919134295108992,360,1.0,4.0,16,55,1684
123.44444444444446,11.9,7.704594154601839,360,1.0,3.0,17,55,1685
11.222222222222221,10.4,7.425,360,1.0,3.0,18,55,1686
0.0,9.3,7.099405710888403,360,1.0,3.0,19,55,1687
0.0,8.7,6.75,360,1.0,2.0,20,55,1688
0.0,8.3,6.400594289111597,360,1.0,2.0,21,55,1689
0.0,7.8,6.075,360,1.0,2.0,22,55,1690
0.0,6.1,5.795405845398161,360,1.0,2.0,23,55,1691
0.0,8.0,5.580865704891008,360,1.0,2.0,24,55,1692
0.0,8.6,6.639185299767571,360,1.0,3.0,1,56,1693
0.0,8.8,6.6,360,1.0,4.0,2,56,1694
0.0,8.7,6.639185299767571,360,1.0,5.0,3,56,1695
0.0,8.7,6.754070785647895,360,1.0,5.0,4,56,1696
0.0,8.7,6.936827201635469,360,1.0,4.0,5,56,1697
0.0,8.7,7.174999999999999,360,1.0,6.0,6,56,1698
0.0,8.8,7.452358098132101,360,1.0,5.0,7,56,1699
56.111111111111114,9.3,7.75,360,1.0,4.0,8,56,1700
101.0,9.7,8.047641901867898,360,1.0,4.0,9,56,1701
213.22222222222223,10.4,8.325000000000001,360,1.0,5.0,10,56,1702
516.2222222222223,11.3,8.56317279836453,360,1.0,6.0,11,56,1703
617.2222222222222,12.1,8.745929214352104,360,1.0,6.0,12,56,1704
830.4444444444446,12.6,8.860814700232428,360,0.98,5.0,13,56,1705
561.1111111111111,12.3,8.9,360,0.98,6.0,14,56,1706
303.0,11.2,8.860814700232428,360,1.0,7.0,15,56,1707
426.44444444444446,12.2,8.745929214352104,360,0.94,6.0,16,56,1708
179.55555555555554,10.8,8.56317279836453,360,1.0,6.0,17,56,1709
22.444444444444443,9.2,8.325000000000001,360,1.0,4.0,18,56,1710
0.0,9.8,8.047641901867898,360,1.0,4.0,19,56,1711
0.0,8.4,7.75,360,1.0,4.0,20,56,1712
0.0,7.2,7.452358098132101,360,1.0,2.0,21,56,1713
0.0,6.8,7.175,360,1.0,1.0,22,56,1714
0.0,7.0,6.93682720163547,360,1.0,2.0,23,56,1715
0.0,7.5,6.754070785647896,360,1.0,2.0,24,56,1716
0.0,7.4,6.325555630283199,360,0.97,6.0,1,57,1717
0.0,7.3,6.3,360,0.94,10.0,2,57,1718
0.0,7.2,6.325555630283199,360,0.91,14.0,3,57,1719
0.0,7.1,6.400480947161671,360,0.88,18.0,4,57,1720
0.0,6.7,6.519669914110089,360,0.82,17.0,5,57,1721
0.0,6.0,6.675,360,0.81,12.0,6,57,1722
0.0,5.7,6.855885716173109,360,0.86,9.0,7,57,1723
89.77777777777777,6.7,7.05,360,0.85,7.0,8,57,1724
359.1111111111111,7.5,7.244114283826891,360,0.8,9.0,9,57,1725
695.7777777777778,9.2,7.425,360,0.74,11.0,10,57,1726
707.0000000000001,9.9,7.58033008588991,360,0.7,11.0,11,57,1727
976.3333333333333,10.7,7.699519052838329,360,0.66,13.0,12,57,1728
953.8888888888889,10.4,7.774444369716801,360,0.64,12.0,13,57,1729
718.2222222222222,10.1,7.8,360,0.69,12.0,14,57,1730
572.3333333333333,9.1,7.774444369716801,360,0.75,10.0,15,57,1731
572.3333333333333,10.8,7.699519052838329,360,0.66,8.0,16,57,1732
291.77777777777777,8.9,7.58033008588991,360,0.71,10.0,17,57,1733
22.444444444444443,8.0,7.425,360,0.78,7.0,18,57,1734
0.0,6.8,7.244114283826891,360,0.84,5.0,19,57,1735
0.0,6.4,7.05,360,0.87,5.0,20,57,1736
0.0,5.9,6.855885716173109,360,0.92,6.0,21,57,1737
0.0,5.7,6.675,360,0.97,6.0,22,57,1738
0.0,5.5,6.519669914110089,360,0.99,6.0,23,57,1739
0.0,5.4,6.400480947161671,360,1.0,6.0,24,57,1740
0.0,6.1,5.237481591082026,360,0.95,6.0,1,58,1741
0.0,5.8,5.200000000000001,360,0.94,7.0,2,58,1742
0.0,6.0,5.237481591082025,360,0.9,8.0,3,58,1743
0.0,5.8,5.347372055837118,360,0.89,8.0,4,58,1744
0.0,5.8,5.522182540694798,360,0.87,8.0,5,58,1745
0.0,5.6,5.75,360,0.88,8.0,6,58,1746
11.222222222222221,5.1,6.015299050387228,360,0.87,8.0,7,58,1747
134.66666666666669,5.8,6.300000000000001,360,0.81,7.0,8,58,1748
359.1111111111111,7.8,6.584700949612774,360,0.74,8.0,9,58,1749
527.4444444444445,8.8,6.8500000000000005,360,0.72,10.0,10,58,1750
471.33333333333337,9.8,7.077817459305203,360,0.69,8.0,11,58,1751
426.44444444444446,10.3,7.252627944162883,360,0.67,8.0,12,58,1752
280.55555555555554,10.1,7.3625184089179765,360,0.69,8.0,13,58,1753
179.55555555555554,9.7,7.4,360,0.73,7.0,14,58,1754
134.66666666666669,9.0,7.3625184089179765,360,0.8,8.0,15,58,1755
78.55555555555554,8.1,7.252627944162883,360,0.93,7.0,16,58,1756
33.66666666666667,8.5,7.077817459305203,360,0.96,6.0,17,58,1757
11.222222222222221,8.9,6.8500000000000005,360,0.97,5.0,18,58,1758
0.0,10.6,6.584700949612774,360,0.91,7.0,19,58,1759
0.0,11.4,6.300000000000001,360,0.87,8.0,20,58,1760
0.0,12.2,6.015299050387228,360,0.8,11.0,21,58,1761
0.0,13.3,5.750000000000001,360,0.73,12.0,22,58,1762
0.0,14.2,5.522182540694798,360,0.69,13.0,23,58,1763
0.0,14.5,5.347372055837118,360,0.68,17.0,24,58,1764
0.0,16.1,6.625555630283198,360,0.61,20.0,1,59,1765
0.0,13.0,6.6,360,0.64,20.0,2,59,1766
0.0,10.1,6.625555630283198,360,0.79,27.0,3,59,1767
0.0,8.6,6.700480947161671,360,0.83,25.0,4,59,1768
0.0,7.7,6.819669914110088,360,0.88,26.0,5,59,1769
0.0,8.0,6.975,360,0.82,23.0,6,59,1770
0.0,7.9,7.155885716173109,360,0.79,20.0,7,59,1771
123.44444444444446,8.4,7.35,360,0.78,18.0,8,59,1772
224.44444444444446,7.4,7.54411428382689,360,0.85,14.0,9,59,1773
269.33333333333337,6.4,7.725,360,0.97,11.0,10,59,1774
505.0,9.7,7.88033008588991,360,0.8,12.0,11,59,1775
785.5555555555557,10.4,7.999519052838329,360,0.78,12.0,12,59,1776
1290.5555555555554,11.8,8.074444369716801,360,0.59,13.0,13,59,1777
1077.3333333333335,10.7,8.1,360,0.72,13.0,14,59,1778
684.5555555555557,8.6,8.074444369716801,360,0.73,13.0,15,59,1779
707.0000000000001,10.1,7.999519052838329,360,0.63,11.0,16,59,1780
291.77777777777777,9.2,7.88033008588991,360,0.64,10.0,17,59,1781
56.111111111111114,7.5,7.725,360,0.69,8.0,18,59,1782
0.0,5.8,7.54411428382689,360,0.82,6.0,19,59,1783
0.0,4.8,7.35,360,0.89,3.0,20,59,1784
0.0,5.2,7.155885716173109,360,0.87,4.0,21,59,1785
0.0,4.1,6.975,360,0.93,3.0,22,59,1786
0.0,3.4,6.819669914110089,360,0.97,3.0,23,59,1787
0.0,2.1,6.700480947161671,360,1.0,2.0,24,59,1788
0.0,1.0,4.534074173710932,360,1.0,2.0,1,61,1789
0.0,0.6,4.5,360,1.0,2.0,2,61,1790
0.0,-0.1,4.534074173710931,360,1.0,2.0,3,61,1791
0.0,0.8,4.633974596215561,360,1.0,2.0,4,61,1792
0.0,0.4,4.792893218813452,360,1.0,2.0,5,61,1793
0.0,1.2,5.0,360,1.0,2.0,6,61,1794
0.0,1.7,5.241180954897479,360,1.0,2.0,7,61,1795
78.55555555555554,3.1,5.5,360,1.0,2.0,8,61,1796
269.33333333333337,5.4,5.758819045102521,360,0.93,4.0,9,61,1797
258.11111111111114,5.6,6.0,360,0.9,4.0,10,61,1798
179.55555555555554,5.7,6.207106781186548,360,0.96,4.0,11,61,1799
359.1111111111111,7.0,6.366025403784438,360,0.92,4.0,12,61,1800
269.33333333333337,7.1,6.465925826289069,360,0.94,5.0,13,61,1801
258.11111111111114,7.3,6.5,360,1.0,5.0,14,61,1802
404.0,9.4,6.465925826289069,360,0.94,6.0,15,61,1803
235.66666666666669,8.8,6.366025403784438,360,0.8,11.0,16,61,1804
168.33333333333331,8.9,6.207106781186548,360,0.87,12.0,17,61,1805
22.444444444444443,7.7,6.0,360,0.9,9.0,18,61,1806
0.0,7.1,5.758819045102521,360,0.95,7.0,19,61,1807
0.0,7.2,5.5,360,0.98,6.0,20,61,1808
0.0,7.0,5.241180954897479,360,0.96,9.0,21,61,1809
0.0,7.0,5.0,360,0.93,7.0,22,61,1810
0.0,7.3,4.792893218813452,360,0.91,8.0,23,61,1811
0.0,7.1,4.633974596215562,360,0.99,11.0,24,61,1812
0.0,7.8,5.946000134509758,360,0.99,9.0,1,62,1813
0.0,7.9,5.9,360,1.0,8.0,2,62,1814
0.0,8.0,5.946000134509758,360,1.0,10.0,3,62,1815
0.0,8.1,6.080865704891008,360,1.0,8.0,4,62,1816
0.0,8.1,6.295405845398161,360,1.0,8.0,5,62,1817
0.0,8.0,6.574999999999999,360,1.0,6.0,6,62,1818
11.222222222222221,7.2,6.900594289111597,360,1.0,5.0,7,62,1819
157.1111111111111,8.2,7.25,360,1.0,5.0,8,62,1820
471.33333333333337,9.1,7.599405710888403,360,0.99,5.0,9,62,1821
639.6666666666667,9.9,7.925,360,0.89,4.0,10,62,1822
617.2222222222222,10.1,8.204594154601839,360,0.84,5.0,11,62,1823
718.2222222222222,12.2,8.419134295108993,360,0.74,4.0,12,62,1824
841.6666666666666,11.8,8.553999865490242,360,0.73,4.0,13,62,1825
370.33333333333337,11.5,8.6,360,0.75,3.0,14,62,1826
246.8888888888889,11.3,8.553999865490242,360,0.78,5.0,15,62,1827
258.11111111111114,11.3,8.419134295108993,360,0.79,5.0,16,62,1828
157.1111111111111,10.3,8.204594154601839,360,0.85,5.0,17,62,1829
44.888888888888886,9.6,7.925,360,0.88,6.0,18,62,1830
0.0,8.9,7.599405710888403,360,0.89,6.0,19,62,1831
0.0,8.5,7.25,360,0.88,7.0,20,62,1832
0.0,7.9,6.900594289111597,360,0.9,7.0,21,62,1833
0.0,7.5,6.575,360,0.92,7.0,22,62,1834
0.0,7.3,6.295405845398161,360,0.9,7.0,23,62,1835
0.0,6.9,6.080865704891008,360,0.91,8.0,24,62,1836
0.0,6.6,6.0391852997675715,360,0.91,8.0,1,63,1837
0.0,6.3,6.0,360,0.93,7.0,2,63,1838
0.0,6.0,6.0391852997675715,360,0.94,8.0,3,63,1839
0.0,5.7,6.154070785647895,360,0.95,8.0,4,63,1840
0.0,5.6,6.33682720163547,360,0.94,7.0,5,63,1841
0.0,5.4,6.574999999999999,360,0.94,7.0,6,63,1842
0.0,5.2,6.852358098132101,360,0.94,6.0,7,63,1843
168.33333333333331,5.9,7.15,360,0.91,6.0,8,63,1844
280.55555555555554,6.7,7.447641901867899,360,0.9,6.0,9,63,1845
583.5555555555555,7.6,7.7250000000000005,360,0.83,6.0,10,63,1846
1054.888888888889,9.8,7.96317279836453,360,0.82,6.0,11,63,1847
808.0,10.7,8.145929214352105,360,0.75,5.0,12,63,1848
707.0000000000001,11.2,8.26081470023243,360,0.69,6.0,13,63,1849
650.8888888888889,11.4,8.3,360,0.71,5.0,14,63,1850
572.3333333333333,12.0,8.26081470023243,360,0.65,5.0,15,63,1851
404.0,11.0,8.145929214352105,360,0.71,5.0,16,63,1852
56.111111111111114,10.0,7.96317279836453,360,0.77,5.0,17,63,1853
33.66666666666667,8.7,7.7250000000000005,360,0.84,3.0,18,63,1854
0.0,7.8,7.447641901867899,360,0.87,2.0,19,63,1855
0.0,7.2,7.15,360,0.89,2.0,20,63,1856
0.0,7.3,6.852358098132101,360,0.9,3.0,21,63,1857
0.0,7.7,6.575,360,0.84,5.0,22,63,1858
0.0,6.4,6.3368272016354705,360,0.85,5.0,23,63,1859
0.0,6.5,6.154070785647896,360,0.76,5.0,24,63,1860
0.0,5.1,5.334074173710931,360,0.8,6.0,1,64,1861
0.0,3.5,5.3,360,0.81,5.0,2,64,1862
0.0,3.1,5.334074173710931,360,0.81,4.0,3,64,1863
0.0,1.7,5.4339745962155614,360,0.87,4.0,4,64,1864
0.0,1.8,5.592893218813452,360,0.88,4.0,5,64,1865
0.0,1.3,5.799999999999999,360,0.87,4.0,6,64,1866
11.222222222222221,0.7,6.041180954897479,360,0.87,4.0,7,64,1867
179.55555555555554,1.8,6.3,360,0.79,4.0,8,64,1868
572.3333333333333,3.3,6.558819045102521,360,0.7,5.0,9,64,1869
875.3333333333334,4.6,6.8,360,0.63,5.0,10,64,1870
1122.2222222222222,6.1,7.007106781186548,360,0.6,6.0,11,64,1871
1245.6666666666665,7.5,7.166025403784438,360,0.57,6.0,12,64,1872
1268.1111111111113,8.3,7.2659258262890685,360,0.56,8.0,13,64,1873
1155.888888888889,9.0,7.3,360,0.48,8.0,14,64,1874
953.8888888888889,9.1,7.2659258262890685,360,0.51,7.0,15,64,1875
662.1111111111112,8.6,7.166025403784438,360,0.47,8.0,16,64,1876
325.44444444444446,7.9,7.007106781186548,360,0.52,8.0,17,64,1877
44.888888888888886,7.2,6.8,360,0.55,8.0,18,64,1878
0.0,6.8,6.558819045102521,360,0.58,4.0,19,64,1879
0.0,5.9,6.3,360,0.61,8.0,20,64,1880
0.0,5.1,6.041180954897479,360,0.65,8.0,21,64,1881
0.0,4.0,5.8,360,0.67,8.0,22,64,1882
0.0,3.3,5.592893218813453,360,0.69,9.0,23,64,1883
0.0,2.5,5.4339745962155614,360,0.68,7.0,24,64,1884
0.0,1.7,3.634074173710932,360,0.67,8.0,1,65,1885
0.0,1.1,3.5999999999999996,360,0.69,8.0,2,65,1886
0.0,0.3,3.6340741737109314,360,0.7,8.0,3,65,1887
0.0,-0.4,3.7339745962155613,360,0.73,8.0,4,65,1888
0.0,-0.7,3.8928932188134517,360,0.75,8.0,5,65,1889
0.0,-1.2,4.1,360,0.78,7.0,6,65,1890
11.222222222222221,-1.3,4.341180954897479,360,0.78,6.0,7,65,1891
258.11111111111114,0.0,4.6,360,0.72,8.0,8,65,1892
606.0,1.8,4.85881904510252,360,0.68,9.0,9,65,1893
920.2222222222223,3.2,5.1,360,0.59,11.0,10,65,1894
1167.111111111111,4.7,5.3071067811865476,360,0.55,10.0,11,65,1895
1290.5555555555554,5.3,5.466025403784438,360,0.52,9.0,12,65,1896
1324.2222222222224,6.0,5.565925826289067,360,0.48,8.0,13,65,1897
1223.2222222222222,6.8,5.6,360,0.39,9.0,14,65,1898
1021.2222222222222,7.0,5.565925826289067,360,0.45,8.0,15,65,1899
718.2222222222222,6.5,5.466025403784438,360,0.43,8.0,16,65,1900
370.33333333333337,5.8,5.3071067811865476,360,0.49,8.0,17,65,1901
67.33333333333334,2.9,5.1,360,0.63,5.0,18,65,1902
0.0,1.2,4.85881904510252,360,0.71,2.0,19,65,1903
0.0,0.9,4.6,360,0.69,3.0,20,65,1904
0.0,0.7,4.341180954897479,360,0.72,4.0,21,65,1905
0.0,0.8,4.1,360,0.71,4.0,22,65,1906
0.0,0.0,3.892893218813452,360,0.75,4.0,23,65,1907
0.0,-0.6,3.7339745962155613,360,0.78,3.0,24,65,1908
0.0,-0.6,2.3511112605663973,360,0.78,4.0,1,66,1909
0.0,-0.7,2.3,360,0.77,2.0,2,66,1910
0.0,-1.6,2.3511112605663973,360,0.8,2.0,3,66,1911
0.0,-1.9,2.500961894323342,360,0.84,2.0,4,66,1912
0.0,-2.3,2.739339828220178,360,0.83,2.0,5,66,1913
0.0,-2.3,3.049999999999999,360,0.87,2.0,6,66,1914
33.66666666666667,-2.0,3.4117714323462187,360,0.84,2.0,7,66,1915
370.33333333333337,0.1,3.8,360,0.8,2.0,8,66,1916
740.6666666666667,2.6,4.1882285676537805,360,0.65,3.0,9,66,1917
931.4444444444445,4.7,4.55,360,0.62,6.0,10,66,1918
1144.6666666666665,5.9,4.860660171779822,360,0.57,6.0,11,66,1919
1268.1111111111113,7.3,5.099038105676658,360,0.58,7.0,12,66,1920
1290.5555555555554,8.1,5.248888739433602,360,0.53,8.0,13,66,1921
1200.7777777777778,9.1,5.3,360,0.59,8.0,14,66,1922
662.1111111111112,8.0,5.248888739433602,360,0.62,8.0,15,66,1923
505.0,8.0,5.099038105676658,360,0.6,10.0,16,66,1924
134.66666666666669,6.5,4.860660171779822,360,0.69,7.0,17,66,1925
44.888888888888886,5.3,4.55,360,0.74,7.0,18,66,1926
0.0,5.3,4.1882285676537805,360,0.74,8.0,19,66,1927
0.0,3.8,3.8,360,0.7,8.0,20,66,1928
0.0,3.1,3.4117714323462187,360,0.68,8.0,21,66,1929
0.0,2.2,3.0500000000000003,360,0.67,8.0,22,66,1930
0.0,1.4,2.739339828220179,360,0.68,7.0,23,66,1931
0.0,0.8,2.500961894323342,360,0.71,6.0,24,66,1932
0.0,0.3,2.2238519215976527,360,0.74,7.0,1,67,1933
0.0,0.0,2.2,360,0.66,9.0,2,67,1934
0.0,-0.7,2.2238519215976527,360,0.71,9.0,3,67,1935
0.0,-1.5,2.293782217350893,360,0.75,10.0,4,67,1936
0.0,-2.1,2.4050252531694167,360,0.77,8.0,5,67,1937
0.0,-2.8,2.55,360,0.8,8.0,6,67,1938
22.444444444444443,-2.9,2.718826668428236,360,0.79,9.0,7,67,1939
190.77777777777777,-2.6,2.9000000000000004,360,0.74,10.0,8,67,1940
527.4444444444445,-1.9,3.081173331571765,360,0.67,12.0,9,67,1941
897.7777777777778,-1.1,3.2500000000000004,360,0.64,12.0,10,67,1942
1189.5555555555557,0.1,3.3949747468305835,360,0.62,12.0,11,67,1943
1256.8888888888887,0.8,3.5062177826491077,360,0.58,12.0,12,67,1944
1301.7777777777778,1.6,3.576148078402348,360,0.57,12.0,13,67,1945
1212.0,2.7,3.6000000000000005,360,0.53,12.0,14,67,1946
1010.0,2.7,3.576148078402348,360,0.49,13.0,15,67,1947
650.8888888888889,2.5,3.5062177826491077,360,0.51,13.0,16,67,1948
246.8888888888889,1.6,3.3949747468305835,360,0.53,12.0,17,67,1949
33.66666666666667,1.1,3.2500000000000004,360,0.55,12.0,18,67,1950
0.0,0.7,3.081173331571765,360,0.57,12.0,19,67,1951
0.0,0.2,2.9000000000000004,360,0.63,8.0,20,67,1952
0.0,-0.1,2.718826668428236,360,0.58,7.0,21,67,1953
0.0,0.0,2.5500000000000007,360,0.52,11.0,22,67,1954
0.0,-0.8,2.405025253169417,360,0.56,9.0,23,67,1955
0.0,-1.1,2.293782217350893,360,0.59,8.0,24,67,1956
0.0,-1.4,1.2306667563398386,360,0.58,9.0,1,68,1957
0.0,-1.6,1.2000000000000002,360,0.57,10.0,2,68,1958
0.0,-1.5,1.2306667563398386,360,0.57,10.0,3,68,1959
0.0,-1.6,1.320577136594005,360,0.56,11.0,4,68,1960
0.0,-2.3,1.4636038969321068,360,0.58,10.0,5,68,1961
0.0,-2.7,1.6499999999999997,360,0.61,10.0,6,68,1962
11.222222222222221,-2.7,1.8670628594077314,360,0.61,10.0,7,68,1963
179.55555555555554,-2.0,2.1,360,0.59,10.0,8,68,1964
460.11111111111114,-1.1,2.3329371405922688,360,0.56,10.0,9,68,1965
886.5555555555555,0.4,2.5500000000000003,360,0.51,10.0,10,68,1966
1155.888888888889,1.6,2.736396103067893,360,0.51,11.0,11,68,1967
1301.7777777777778,2.8,2.879422863405995,360,0.45,10.0,12,68,1968
1346.6666666666665,4.2,2.9693332436601616,360,0.35,12.0,13,68,1969
1268.1111111111113,5.7,3.0,360,0.31,13.0,14,68,1970
1066.1111111111113,6.3,2.9693332436601616,360,0.28,13.0,15,68,1971
763.1111111111111,6.3,2.879422863405995,360,0.27,13.0,16,68,1972
415.2222222222223,5.7,2.736396103067893,360,0.27,12.0,17,68,1973
101.0,4.5,2.5500000000000003,360,0.28,11.0,18,68,1974
0.0,3.0,2.3329371405922688,360,0.33,10.0,19,68,1975
0.0,1.9,2.1,360,0.35,10.0,20,68,1976
0.0,1.5,1.8670628594077314,360,0.38,9.0,21,68,1977
0.0,1.3,1.6500000000000004,360,0.45,10.0,22,68,1978
0.0,0.1,1.4636038969321072,360,0.54,10.0,23,68,1979
0.0,-0.8,1.320577136594005,360,0.64,8.0,24,68,1980
0.0,-1.1,0.9221482129121056,360,0.74,9.0,1,69,1981
0.0,-1.3,0.8999999999999999,360,0.74,10.0,2,69,1982
0.0,-1.8,0.9221482129121055,360,0.75,10.0,3,69,1983
0.0,-2.2,0.9870834875401147,360,0.72,12.0,4,69,1984
0.0,-2.7,1.090380592228744,360,0.7,11.0,5,69,1985
0.0,-2.9,1.2249999999999996,360,0.69,10.0,6,69,1986
33.66666666666667,-2.8,1.3817676206833616,360,0.68,10.0,7,69,1987
280.55555555555554,-1.8,1.55,360,0.63,12.0,8,69,1988
650.8888888888889,-0.2,1.7182323793166385,360,0.53,13.0,9,69,1989
976.3333333333333,0.5,1.8750000000000002,360,0.47,14.0,10,69,1990
1212.0,1.9,2.009619407771256,360,0.46,15.0,11,69,1991
1335.4444444444443,2.5,2.1129165124598854,360,0.44,14.0,12,69,1992
1357.8888888888891,3.2,2.177851787087895,360,0.43,13.0,13,69,1993
1256.8888888888887,3.6,2.2,360,0.42,12.0,14,69,1994
1066.1111111111113,3.7,2.177851787087895,360,0.39,13.0,15,69,1995
763.1111111111111,3.5,2.1129165124598854,360,0.36,14.0,16,69,1996
392.7777777777778,3.0,2.009619407771256,360,0.4,13.0,17,69,1997
89.77777777777777,1.9,1.8750000000000002,360,0.4,13.0,18,69,1998
0.0,1.1,1.7182323793166385,360,0.45,10.0,19,69,1999
0.0,0.6,1.55,360,0.46,10.0,20,69,2000
0.0,-0.1,1.3817676206833616,360,0.59,9.0,21,69,2001
0.0,-0.3,1.225,360,0.58,9.0,22,69,2002
0.0,-0.7,1.0903805922287442,360,0.58,9.0,23,69,2003
0.0,-1.1,0.9870834875401148,360,0.56,8.0,24,69,2004
0.0,-1.4,0.7170370868554659,360,0.55,9.0,1,70,2005
0.0,-1.6,0.7,360,0.56,8.0,2,70,2006
0.0,-2.0,0.7170370868554659,360,0.59,8.0,3,70,2007
0.0,-1.9,0.7669872981077805,360,0.61,6.0,4,70,2008
0.0,-1.7,0.846446609406726,360,0.6,8.0,5,70,2009
0.0,-2.0,0.9499999999999997,360,0.61,8.0,6,70,2010
44.888888888888886,-1.7,1.0705904774487396,360,0.6,8.0,7,70,2011
157.1111111111111,-1.3,1.2,360,0.54,9.0,8,70,2012
291.77777777777777,-1.3,1.3294095225512603,360,0.57,10.0,9,70,2013
662.1111111111112,-1.6,1.45,360,0.62,10.0,10,70,2014
460.11111111111114,-1.2,1.5535533905932737,360,0.66,8.0,11,70,2015
404.0,-1.5,1.6330127018922194,360,0.69,8.0,12,70,2016
718.2222222222222,-1.1,1.682962913144534,360,0.76,8.0,13,70,2017
549.8888888888889,-1.7,1.7,360,0.83,8.0,14,70,2018
426.44444444444446,-1.7,1.682962913144534,360,0.83,6.0,15,70,2019
359.1111111111111,-1.4,1.6330127018922194,360,0.86,6.0,16,70,2020
314.2222222222222,-1.4,1.5535533905932737,360,0.81,6.0,17,70,2021
67.33333333333334,-2.5,1.45,360,0.83,4.0,18,70,2022
0.0,-2.4,1.3294095225512603,360,0.86,2.0,19,70,2023
0.0,-2.4,1.2,360,0.85,2.0,20,70,2024
0.0,-2.7,1.0705904774487396,360,0.83,2.0,21,70,2025
0.0,-2.5,0.9500000000000001,360,0.86,2.0,22,70,2026
0.0,-1.8,0.8464466094067262,360,0.85,2.0,23,70,2027
0.0,-1.6,0.7669872981077805,360,0.84,3.0,24,70,2028
0.0,-1.6,0.7357778823964785,360,0.86,4.0,1,71,2029
0.0,-1.8,0.7000000000000002,360,0.86,3.0,2,71,2030
0.0,-2.0,0.7357778823964785,360,0.86,1.0,3,71,2031
0.0,-1.3,0.8406733260263394,360,0.8,4.0,4,71,2032
0.0,-1.3,1.0075378797541248,360,0.88,5.0,5,71,2033
0.0,-1.4,1.2249999999999996,360,0.92,6.0,6,71,2034
22.444444444444443,-1.4,1.4782400026423534,360,0.94,7.0,7,71,2035
89.77777777777777,-1.2,1.75,360,0.94,7.0,8,71,2036
213.22222222222223,-0.5,2.0217599973576466,360,0.9,6.0,9,71,2037
303.0,0.4,2.275,360,0.86,6.0,10,71,2038
471.33333333333337,0.9,2.4924621202458748,360,0.79,7.0,11,71,2039
437.6666666666667,1.7,2.6593266739736605,360,0.77,6.0,12,71,2040
639.6666666666667,2.7,2.7642221176035218,360,0.69,7.0,13,71,2041
864.1111111111111,4.6,2.8,360,0.59,7.0,14,71,2042
516.2222222222223,4.9,2.7642221176035218,360,0.56,6.0,15,71,2043
437.6666666666667,4.3,2.6593266739736605,360,0.56,6.0,16,71,2044
291.77777777777777,4.1,2.4924621202458748,360,0.56,6.0,17,71,2045
101.0,2.1,2.275,360,0.64,6.0,18,71,2046
11.222222222222221,-0.7,2.0217599973576466,360,0.76,2.0,19,71,2047
0.0,-2.2,1.75,360,0.86,1.0,20,71,2048
0.0,-1.8,1.4782400026423534,360,0.85,1.0,21,71,2049
0.0,-3.0,1.2250000000000003,360,0.94,1.0,22,71,2050
0.0,-1.5,1.0075378797541252,360,0.8,1.0,23,71,2051
0.0,-1.7,0.8406733260263395,360,0.82,1.0,24,71,2052
0.0,-1.5,0.6374815910820251,360,0.81,3.0,1,72,2053
0.0,-1.7,0.6000000000000001,360,0.8,3.0,2,72,2054
0.0,-2.0,0.6374815910820248,360,0.82,3.0,3,72,2055
0.0,-2.1,0.7473720558371174,360,0.87,4.0,4,72,2056
0.0,-2.6,0.9221825406947973,360,0.91,4.0,5,72,2057
0.0,-2.9,1.1499999999999995,360,0.95,4.0,6,72,2058
33.66666666666667,-2.7,1.4152990503872274,360,0.95,3.0,7,72,2059
314.2222222222222,-1.0,1.7,360,0.93,4.0,8,72,2060
796.7777777777777,1.0,1.9847009496127728,360,0.84,4.0,9,72,2061
763.1111111111111,2.4,2.25,360,0.79,6.0,10,72,2062
729.4444444444443,2.9,2.4778174593052023,360,0.69,6.0,11,72,2063
751.8888888888888,3.4,2.6526279441628824,360,0.6,7.0,12,72,2064
931.4444444444445,4.0,2.762518408917975,360,0.6,6.0,13,72,2065
662.1111111111112,3.1,2.8,360,0.62,7.0,14,72,2066
471.33333333333337,3.3,2.762518408917975,360,0.61,6.0,15,72,2067
213.22222222222223,3.1,2.6526279441628824,360,0.65,6.0,16,72,2068
89.77777777777777,2.9,2.4778174593052023,360,0.65,5.0,17,72,2069
22.444444444444443,2.9,2.25,360,0.63,4.0,18,72,2070
0.0,2.0,1.9847009496127728,360,0.7,2.0,19,72,2071
0.0,0.6,1.7,360,0.75,2.0,20,72,2072
0.0,-1.6,1.4152990503872274,360,0.9,1.0,21,72,2073
0.0,0.5,1.1500000000000004,360,0.79,1.0,22,72,2074
0.0,-0.6,0.9221825406947979,360,0.9,1.0,23,72,2075
0.0,0.3,0.7473720558371175,360,0.87,2.0,24,72,2076
0.0,1.1,1.7494075518808512,360,0.84,2.0,1,73,2077
0.0,0.7,1.7000000000000002,360,0.85,2.0,2,73,2078
0.0,1.2,1.7494075518808512,360,0.87,2.0,3,73,2079
0.0,1.7,1.8942631645125638,360,0.84,2.0,4,73,2080
0.0,1.1,2.124695167279506,360,0.88,2.0,5,73,2081
0.0,1.4,2.4249999999999994,360,0.95,3.0,6,73,2082
22.444444444444443,1.5,2.774712384601345,360,1.0,2.0,7,73,2083
190.77777777777777,2.9,3.15,360,1.0,3.0,8,73,2084
572.3333333333333,4.7,3.5252876153986548,360,0.91,4.0,9,73,2085
695.7777777777778,5.8,3.875,360,0.75,5.0,10,73,2086
1010.0,6.9,4.175304832720494,360,0.58,6.0,11,73,2087
549.8888888888889,7.2,4.405736835487436,360,0.53,8.0,12,73,2088
639.6666666666667,7.5,4.550592448119149,360,0.54,6.0,13,73,2089
740.6666666666667,8.4,4.6,360,0.53,7.0,14,73,2090
841.6666666666666,8.8,4.550592448119149,360,0.5,7.0,15,73,2091
437.6666666666667,7.7,4.405736835487436,360,0.55,8.0,16,73,2092
179.55555555555554,7.4,4.175304832720494,360,0.55,6.0,17,73,2093
44.888888888888886,6.8,3.875,360,0.57,6.0,18,73,2094
0.0,6.4,3.5252876153986548,360,0.67,5.0,19,73,2095
0.0,5.9,3.15,360,0.69,5.0,20,73,2096
0.0,5.8,2.774712384601345,360,0.64,6.0,21,73,2097
0.0,5.1,2.4250000000000003,360,0.69,4.0,22,73,2098
0.0,5.3,2.1246951672795062,360,0.67,4.0,23,73,2099
0.0,5.1,1.894263164512564,360,0.7,4.0,24,73,2100
0.0,5.0,3.530666756339839,360,0.72,4.0,1,74,2101
0.0,4.6,3.5000000000000004,360,0.76,4.0,2,74,2102
0.0,4.4,3.530666756339839,360,0.78,3.0,3,74,2103
0.0,4.0,3.6205771365940054,360,0.82,3.0,4,74,2104
0.0,3.8,3.763603896932107,360,0.82,4.0,5,74,2105
0.0,3.6,3.95,360,0.79,3.0,6,74,2106
22.444444444444443,3.8,4.167062859407732,360,0.77,3.0,7,74,2107
112.22222222222223,4.3,4.4,360,0.74,4.0,8,74,2108
258.11111111111114,5.0,4.632937140592269,360,0.72,6.0,9,74,2109
280.55555555555554,5.0,4.8500000000000005,360,0.7,6.0,10,74,2110
471.33333333333337,6.1,5.036396103067893,360,0.67,6.0,11,74,2111
505.0,6.5,5.179422863405995,360,0.63,6.0,12,74,2112
583.5555555555555,7.3,5.269333243660162,360,0.62,6.0,13,74,2113
572.3333333333333,7.5,5.300000000000001,360,0.57,6.0,14,74,2114
460.11111111111114,7.8,5.269333243660162,360,0.63,6.0,15,74,2115
235.66666666666669,7.3,5.179422863405995,360,0.67,6.0,16,74,2116
112.22222222222223,7.0,5.036396103067893,360,0.69,5.0,17,74,2117
44.888888888888886,6.6,4.8500000000000005,360,0.7,4.0,18,74,2118
0.0,6.1,4.632937140592269,360,0.74,2.0,19,74,2119
0.0,4.7,4.4,360,0.8,2.0,20,74,2120
0.0,3.9,4.167062859407732,360,0.83,2.0,21,74,2121
0.0,4.4,3.9500000000000006,360,0.82,2.0,22,74,2122
0.0,4.4,3.763603896932108,360,0.86,2.0,23,74,2123
0.0,4.6,3.6205771365940054,360,0.85,2.0,24,74,2124
0.0,3.5,2.9732594734785027,360,0.91,2.0,1,75,2125
0.0,3.1,2.8999999999999995,360,0.9,3.0,2,75,2126
0.0,2.6,2.9732594734785027,360,0.92,3.0,3,75,2127
0.0,2.0,3.188045381863456,360,0.94,3.0,4,75,2128
0.0,1.8,3.5297204204489216,360,0.95,3.0,5,75,2129
0.0,1.0,3.9749999999999988,360,0.95,3.0,6,75,2130
56.111111111111114,1.5,4.49353905302958,360,0.94,2.0,7,75,2131
347.8888888888889,4.2,5.05,360,0.82,2.0,8,75,2132
707.0000000000001,6.7,5.60646094697042,360,0.75,3.0,9,75,2133
1010.0,9.3,6.125,360,0.58,3.0,10,75,2134
1234.4444444444443,10.4,6.5702795795510776,360,0.47,3.0,11,75,2135
1369.1111111111113,11.2,6.911954618136543,360,0.46,6.0,12,75,2136
1402.7777777777778,11.9,7.1267405265214965,360,0.48,5.0,13,75,2137
1346.6666666666665,12.5,7.2,360,0.5,6.0,14,75,2138
729.4444444444443,12.1,7.1267405265214965,360,0.45,4.0,15,75,2139
830.4444444444446,12.1,6.911954618136543,360,0.42,5.0,16,75,2140
415.2222222222223,12.0,6.5702795795510776,360,0.44,4.0,17,75,2141
112.22222222222223,10.4,6.125,360,0.49,3.0,18,75,2142
0.0,7.3,5.60646094697042,360,0.59,1.0,19,75,2143
0.0,4.8,5.05,360,0.73,1.0,20,75,2144
0.0,2.1,4.49353905302958,360,0.87,1.0,21,75,2145
0.0,3.5,3.975,360,0.81,1.0,22,75,2146
0.0,1.0,3.5297204204489225,360,0.91,2.0,23,75,2147
0.0,0.3,3.188045381863456,360,0.97,1.0,24,75,2148
0.0,1.7,2.778370599535143,360,0.88,1.0,1,76,2149
0.0,0.6,2.7,360,0.95,1.0,2,76,2150
0.0,0.0,2.778370599535143,360,1.0,1.0,3,76,2151
0.0,-0.9,3.008141571295791,360,0.98,1.0,4,76,2152
0.0,-0.1,3.37365440327094,360,0.98,0.0,5,76,2153
0.0,-1.9,3.8499999999999988,360,1.0,1.0,6,76,2154
112.22222222222223,0.1,4.404716196264203,360,1.0,0.0,7,76,2155
415.2222222222223,3.9,5.0,360,0.87,1.0,8,76,2156
695.7777777777778,8.2,5.595283803735798,360,0.66,2.0,9,76,2157
1021.2222222222222,10.5,6.15,360,0.62,3.0,10,76,2158
1223.2222222222222,12.4,6.62634559672906,360,0.48,5.0,11,76,2159
1335.4444444444443,13.3,6.991858428704209,360,0.44,6.0,12,76,2160
1391.5555555555557,14.0,7.221629400464857,360,0.37,6.0,13,76,2161
1335.4444444444443,14.7,7.3,360,0.38,5.0,14,76,2162
1010.0,15.0,7.221629400464857,360,0.37,5.0,15,76,2163
707.0000000000001,14.8,6.991858428704209,360,0.38,4.0,16,76,2164
381.55555555555554,13.1,6.62634559672906,360,0.42,4.0,17,76,2165
101.0,12.1,6.15,360,0.41,2.0,18,76,2166
0.0,10.5,5.595283803735798,360,0.47,2.0,19,76,2167
0.0,9.3,5.0,360,0.53,2.0,20,76,2168
0.0,8.4,4.404716196264203,360,0.58,2.0,21,76,2169
0.0,7.6,3.8500000000000005,360,0.61,2.0,22,76,2170
0.0,6.3,3.3736544032709412,360,0.65,2.0,23,76,2171
0.0,5.1,3.0081415712957913,360,0.72,0.0,24,76,2172
0.0,4.5,3.4868891429628763,360,0.76,1.0,1,77,2173
0.0,4.3,3.4000000000000004,360,0.78,1.0,2,77,2174
0.0,3.1,3.4868891429628763,360,0.8,1.0,3,77,2175
0.0,1.9,3.741635220349681,360,0.86,1.0,4,77,2176
0.0,1.5,4.146877707974303,360,0.93,1.0,5,77,2177
0.0,0.7,4.674999999999999,360,0.95,1.0,6,77,2178
56.111111111111114,2.2,5.290011434988573,360,0.86,1.0,7,77,2179
381.55555555555554,8.7,5.95,360,0.59,4.0,8,77,2180
774.3333333333333,11.6,6.609988565011428,360,0.48,6.0,9,77,2181
1077.3333333333335,14.3,7.2250000000000005,360,0.41,6.0,10,77,2182
1313.0,15.5,7.753122292025696,360,0.35,6.0,11,77,2183
1414.0000000000002,16.6,8.158364779650318,360,0.33,6.0,12,77,2184
1380.3333333333333,18.2,8.413110857037124,360,0.3,5.0,13,77,2185
1324.2222222222224,18.7,8.5,360,0.26,6.0,14,77,2186
1099.7777777777778,19.2,8.413110857037124,360,0.25,4.0,15,77,2187
830.4444444444446,20.1,8.158364779650318,360,0.22,4.0,16,77,2188
415.2222222222223,17.4,7.753122292025696,360,0.36,2.0,17,77,2189
112.22222222222223,14.0,7.2250000000000005,360,0.39,2.0,18,77,2190
0.0,9.9,6.609988565011428,360,0.52,2.0,19,77,2191
0.0,7.9,5.95,360,0.52,1.0,20,77,2192
0.0,11.1,5.290011434988573,360,0.4,2.0,21,77,2193
0.0,9.1,4.675000000000001,360,0.47,1.0,22,77,2194
0.0,8.5,4.146877707974304,360,0.48,2.0,23,77,2195
0.0,8.9,3.7416352203496817,360,0.47,2.0,24,77,2196
0.0,8.6,5.256222386623037,360,0.54,3.0,1,78,2197
0.0,11.1,5.199999999999999,360,0.44,9.0,2,78,2198
0.0,10.3,5.256222386623037,360,0.48,8.0,3,78,2199
0.0,8.3,5.421058083755676,360,0.57,7.0,4,78,2200
0.0,6.5,5.683273811042196,360,0.65,4.0,5,78,2201
0.0,8.7,6.024999999999999,360,0.57,6.0,6,78,2202
33.66666666666667,8.9,6.422948575580841,360,0.57,8.0,7,78,2203
179.55555555555554,10.0,6.85,360,0.57,8.0,8,78,2204
505.0,11.3,7.277051424419159,360,0.56,10.0,9,78,2205
707.0000000000001,13.2,7.675,360,0.5,10.0,10,78,2206
965.1111111111112,13.6,8.016726188957803,360,0.49,10.0,11,78,2207
1021.2222222222222,15.4,8.278941916244323,360,0.46,9.0,12,78,2208
1133.4444444444443,15.9,8.443777613376962,360,0.47,10.0,13,78,2209
819.2222222222222,16.5,8.5,360,0.44,10.0,14,78,2210
639.6666666666667,16.5,8.443777613376962,360,0.42,10.0,15,78,2211
415.2222222222223,16.1,8.278941916244323,360,0.46,8.0,16,78,2212
157.1111111111111,15.9,8.016726188957803,360,0.48,7.0,17,78,2213
44.888888888888886,15.0,7.675,360,0.52,8.0,18,78,2214
0.0,14.2,7.277051424419159,360,0.59,6.0,19,78,2215
0.0,13.4,6.85,360,0.64,5.0,20,78,2216
0.0,13.5,6.422948575580841,360,0.59,6.0,21,78,2217
0.0,12.4,6.025,360,0.66,6.0,22,78,2218
0.0,12.0,5.683273811042197,360,0.69,7.0,23,78,2219
0.0,11.3,5.421058083755676,360,0.74,6.0,24,78,2220
0.0,11.3,7.149407551880852,360,0.76,8.0,1,79,2221
0.0,10.7,7.1000000000000005,360,0.78,8.0,2,79,2222
0.0,10.9,7.149407551880851,360,0.75,9.0,3,79,2223
0.0,10.0,7.294263164512564,360,0.77,9.0,4,79,2224
0.0,9.7,7.524695167279506,360,0.78,10.0,5,79,2225
0.0,9.7,7.825,360,0.79,10.0,6,79,2226
89.77777777777777,10.3,8.174712384601346,360,0.78,10.0,7,79,2227
303.0,11.8,8.55,360,0.72,8.0,8,79,2228
527.4444444444445,13.6,8.925287615398656,360,0.68,8.0,9,79,2229
852.8888888888889,15.4,9.275,360,0.59,7.0,10,79,2230
976.3333333333333,17.1,9.575304832720494,360,0.56,8.0,11,79,2231
987.5555555555557,18.3,9.805736835487437,360,0.51,9.0,12,79,2232
886.5555555555555,18.7,9.95059244811915,360,0.53,9.0,13,79,2233
718.2222222222222,19.6,10.0,360,0.49,9.0,14,79,2234
157.1111111111111,18.2,9.95059244811915,360,0.54,8.0,15,79,2235
89.77777777777777,14.2,9.805736835487437,360,0.91,8.0,16,79,2236
33.66666666666667,13.5,9.575304832720494,360,1.0,4.0,17,79,2237
22.444444444444443,13.2,9.275,360,1.0,5.0,18,79,2238
0.0,13.2,8.925287615398656,360,1.0,8.0,19,79,2239
0.0,13.1,8.55,360,1.0,9.0,20,79,2240
0.0,13.0,8.174712384601346,360,1.0,8.0,21,79,2241
0.0,12.8,7.825000000000001,360,1.0,8.0,22,79,2242
0.0,12.8,7.524695167279507,360,0.98,8.0,23,79,2243
0.0,12.4,7.294263164512564,360,0.98,8.0,24,79,2244
0.0,12.3,8.74940755188085,360,0.91,8.0,1,80,2245
0.0,11.5,8.7,360,0.89,12.0,2,80,2246
0.0,11.0,8.74940755188085,360,0.88,9.0,3,80,2247
0.0,11.0,8.894263164512562,360,0.89,10.0,4,80,2248
0.0,10.9,9.124695167279505,360,0.91,10.0,5,80,2249
0.0,10.7,9.424999999999997,360,0.93,9.0,6,80,2250
33.66666666666667,11.2,9.774712384601344,360,0.92,9.0,7,80,2251
168.33333333333331,11.9,10.149999999999999,360,0.89,10.0,8,80,2252
415.2222222222223,12.9,10.525287615398653,360,0.85,9.0,9,80,2253
707.0000000000001,15.1,10.874999999999998,360,0.8,10.0,10,80,2254
1133.4444444444443,16.6,11.175304832720492,360,0.77,10.0,11,80,2255
1043.6666666666665,17.1,11.405736835487435,360,0.74,10.0,12,80,2256
1054.888888888889,17.1,11.550592448119147,360,0.72,10.0,13,80,2257
639.6666666666667,17.6,11.599999999999998,360,0.72,9.0,14,80,2258
538.6666666666667,18.2,11.550592448119147,360,0.66,11.0,15,80,2259
628.4444444444443,17.2,11.405736835487435,360,0.7,10.0,16,80,2260
314.2222222222222,16.2,11.175304832720492,360,0.75,9.0,17,80,2261
123.44444444444446,14.9,10.874999999999998,360,0.81,8.0,18,80,2262
11.222222222222221,14.3,10.525287615398653,360,0.85,8.0,19,80,2263
0.0,13.8,10.149999999999999,360,0.88,8.0,20,80,2264
0.0,12.4,9.774712384601344,360,0.95,8.0,21,80,2265
0.0,12.6,9.424999999999999,360,0.96,8.0,22,80,2266
0.0,12.3,9.124695167279505,360,1.0,12.0,23,80,2267
0.0,11.5,8.894263164512562,360,1.0,9.0,24,80,2268
0.0,9.4,9.056222386623038,360,1.0,9.0,1,81,2269
0.0,9.3,9.0,360,0.99,8.0,2,81,2270
0.0,9.1,9.056222386623038,360,0.97,7.0,3,81,2271
0.0,8.9,9.221058083755675,360,0.94,6.0,4,81,2272
0.0,8.7,9.483273811042196,360,1.0,6.0,5,81,2273
0.0,7.9,9.825,360,1.0,5.0,6,81,2274
44.888888888888886,8.1,10.22294857558084,360,1.0,6.0,7,81,2275
381.55555555555554,8.8,10.65,360,0.8,5.0,8,81,2276
763.1111111111111,9.8,11.07705142441916,360,0.7,4.0,9,81,2277
1021.2222222222222,10.9,11.475000000000001,360,0.67,5.0,10,81,2278
1324.2222222222224,11.9,11.816726188957805,360,0.59,6.0,11,81,2279
1346.6666666666665,12.9,12.078941916244325,360,0.56,4.0,12,81,2280
1346.6666666666665,13.4,12.243777613376963,360,0.58,4.0,13,81,2281
1402.7777777777778,13.3,12.3,360,0.57,5.0,14,81,2282
909.0,12.6,12.243777613376963,360,0.57,4.0,15,81,2283
796.7777777777777,12.8,12.078941916244325,360,0.55,4.0,16,81,2284
505.0,12.7,11.816726188957805,360,0.59,4.0,17,81,2285
145.88888888888889,10.6,11.475000000000001,360,0.68,3.0,18,81,2286
0.0,9.1,11.07705142441916,360,0.75,2.0,19,81,2287
0.0,6.7,10.65,360,0.87,1.0,20,81,2288
0.0,7.6,10.22294857558084,360,0.78,1.0,21,81,2289
0.0,6.3,9.825000000000001,360,0.87,1.0,22,81,2290
0.0,4.0,9.483273811042197,360,1.0,1.0,23,81,2291
0.0,4.6,9.221058083755675,360,1.0,1.0,24,81,2292
0.0,3.8,6.578370599535144,360,1.0,0.0,1,82,2293
0.0,4.1,6.500000000000001,360,0.99,1.0,2,82,2294
0.0,4.2,6.578370599535144,360,0.98,1.0,3,82,2295
0.0,2.6,6.808141571295792,360,1.0,2.0,4,82,2296
0.0,2.8,7.173654403270941,360,1.0,1.0,5,82,2297
0.0,1.3,7.6499999999999995,360,1.0,1.0,6,82,2298
89.77777777777777,3.1,8.204716196264203,360,1.0,1.0,7,82,2299
460.11111111111114,6.8,8.8,360,0.95,1.0,8,82,2300
763.1111111111111,10.3,9.395283803735799,360,0.79,2.0,9,82,2301
1122.2222222222222,11.9,9.950000000000001,360,0.67,4.0,10,82,2302
1346.6666666666665,13.2,10.42634559672906,360,0.59,4.0,11,82,2303
1470.111111111111,14.0,10.79185842870421,360,0.57,5.0,12,82,2304
1458.8888888888887,14.8,11.021629400464857,360,0.55,4.0,13,82,2305
1268.1111111111113,14.9,11.100000000000001,360,0.52,6.0,14,82,2306
1099.7777777777778,14.9,11.021629400464857,360,0.55,6.0,15,82,2307
808.0,15.1,10.79185842870421,360,0.53,6.0,16,82,2308
505.0,14.1,10.42634559672906,360,0.58,5.0,17,82,2309
145.88888888888889,11.5,9.950000000000001,360,0.71,5.0,18,82,2310
0.0,9.0,9.395283803735799,360,0.83,4.0,19,82,2311
0.0,8.6,8.8,360,0.89,4.0,20,82,2312
0.0,6.5,8.204716196264203,360,0.98,4.0,21,82,2313
0.0,5.4,7.650000000000001,360,1.0,2.0,22,82,2314
0.0,4.9,7.173654403270942,360,1.0,1.0,23,82,2315
0.0,3.3,6.808141571295792,360,1.0,1.0,24,82,2316
0.0,2.4,6.383481725591784,360,1.0,1.0,1,83,2317
0.0,1.2,6.300000000000001,360,1.0,1.0,2,83,2318
0.0,0.9,6.383481725591783,360,1.0,1.0,3,83,2319
0.0,1.4,6.628237760728125,360,1.0,1.0,4,83,2320
0.0,0.4,7.0175883860929575,360,1.0,2.0,5,83,2321
11.222222222222221,0.1,7.524999999999999,360,1.0,1.0,6,83,2322
123.44444444444446,1.7,8.115893339498825,360,1.0,1.0,7,83,2323
381.55555555555554,5.6,8.75,360,1.0,2.0,8,83,2324
830.4444444444446,10.0,9.384106660501176,360,0.9,4.0,9,83,2325
1099.7777777777778,11.8,9.975,360,0.83,4.0,10,83,2326
1335.4444444444443,14.2,10.482411613907042,360,0.62,5.0,11,83,2327
1447.6666666666667,16.0,10.871762239271874,360,0.6,5.0,12,83,2328
1346.6666666666665,16.7,11.116518274408218,360,0.57,6.0,13,83,2329
1054.888888888889,17.5,11.2,360,0.54,4.0,14,83,2330
897.7777777777778,17.9,11.116518274408218,360,0.56,6.0,15,83,2331
718.2222222222222,17.7,10.871762239271874,360,0.54,4.0,16,83,2332
359.1111111111111,16.5,10.482411613907042,360,0.57,4.0,17,83,2333
89.77777777777777,15.4,9.975,360,0.6,2.0,18,83,2334
11.222222222222221,13.0,9.384106660501176,360,0.7,1.0,19,83,2335
0.0,13.0,8.75,360,0.66,2.0,20,83,2336
0.0,11.9,8.115893339498825,360,0.71,2.0,21,83,2337
0.0,11.4,7.525,360,0.72,2.0,22,83,2338
0.0,11.4,7.017588386092958,360,0.73,2.0,23,83,2339
0.0,10.3,6.628237760728125,360,0.83,2.0,24,83,2340
0.0,12.8,8.856222386623037,360,0.7,5.0,1,84,2341
0.0,12.9,8.8,360,0.72,7.0,2,84,2342
0.0,12.4,8.856222386623037,360,0.77,8.0,3,84,2343
0.0,12.7,9.021058083755676,360,0.72,10.0,4,84,2344
0.0,12.5,9.283273811042196,360,0.69,10.0,5,84,2345
0.0,12.5,9.624999999999998,360,0.67,10.0,6,84,2346
11.222222222222221,11.9,10.022948575580841,360,0.74,9.0,7,84,2347
123.44444444444446,12.8,10.45,360,0.72,8.0,8,84,2348
404.0,13.9,10.87705142441916,360,0.73,8.0,9,84,2349
852.8888888888889,16.1,11.274999999999999,360,0.66,10.0,10,84,2350
1122.2222222222222,16.4,11.616726188957802,360,0.64,10.0,11,84,2351
976.3333333333333,18.8,11.878941916244322,360,0.56,8.0,12,84,2352
1402.7777777777778,19.9,12.043777613376962,360,0.5,10.0,13,84,2353
920.2222222222223,18.8,12.099999999999998,360,0.53,10.0,14,84,2354
1077.3333333333335,20.0,12.043777613376962,360,0.51,10.0,15,84,2355
897.7777777777778,20.3,11.878941916244322,360,0.48,9.0,16,84,2356
471.33333333333337,18.4,11.616726188957802,360,0.53,9.0,17,84,2357
44.888888888888886,18.4,11.274999999999999,360,0.49,8.0,18,84,2358
0.0,13.5,10.87705142441916,360,0.96,12.0,19,84,2359
0.0,13.3,10.45,360,0.99,6.0,20,84,2360
0.0,12.8,10.022948575580841,360,1.0,6.0,21,84,2361
0.0,12.7,9.625,360,0.98,4.0,22,84,2362
0.0,12.3,9.283273811042196,360,1.0,5.0,23,84,2363
0.0,12.1,9.021058083755676,360,1.0,8.0,24,84,2364
0.0,11.7,10.127259338968745,360,0.99,9.0,1,85,2365
0.0,11.8,10.099999999999998,360,0.88,9.0,2,85,2366
0.0,11.6,10.127259338968743,360,0.86,10.0,3,85,2367
0.0,11.4,10.207179676972448,360,0.87,10.0,4,85,2368
0.0,11.0,10.33431457505076,360,0.92,11.0,5,85,2369
0.0,10.4,10.499999999999998,360,1.0,10.0,6,85,2370
67.33333333333334,10.9,10.692944763917982,360,1.0,8.0,7,85,2371
179.55555555555554,11.7,10.899999999999999,360,0.92,9.0,8,85,2372
673.3333333333333,14.1,11.107055236082015,360,0.78,10.0,9,85,2373
942.6666666666667,15.1,11.299999999999999,360,0.73,12.0,10,85,2374
1155.888888888889,16.7,11.465685424949237,360,0.68,11.0,11,85,2375
1178.3333333333335,17.2,11.59282032302755,360,0.61,13.0,12,85,2376
224.44444444444446,14.8,11.672740661031254,360,0.69,16.0,13,85,2377
303.0,15.7,11.7,360,0.52,15.0,14,85,2378
808.0,13.5,11.672740661031254,360,0.69,15.0,15,85,2379
235.66666666666669,12.1,11.59282032302755,360,0.72,11.0,16,85,2380
168.33333333333331,11.6,11.465685424949237,360,0.62,8.0,17,85,2381
33.66666666666667,10.9,11.299999999999999,360,0.63,7.0,18,85,2382
0.0,9.8,11.107055236082015,360,0.71,7.0,19,85,2383
0.0,9.7,10.899999999999999,360,0.74,4.0,20,85,2384
0.0,8.7,10.692944763917982,360,0.83,4.0,21,85,2385
0.0,8.9,10.499999999999998,360,1.0,4.0,22,85,2386
0.0,8.6,10.334314575050762,360,1.0,4.0,23,85,2387
0.0,7.8,10.207179676972448,360,1.0,5.0,24,85,2388
0.0,7.7,8.727259338968745,360,1.0,4.0,1,86,2389
0.0,8.0,8.7,360,1.0,4.0,2,86,2390
0.0,7.8,8.727259338968745,360,1.0,6.0,3,86,2391
0.0,7.9,8.807179676972448,360,1.0,4.0,4,86,2392
0.0,7.8,8.934314575050761,360,1.0,4.0,5,86,2393
11.222222222222221,6.0,9.1,360,1.0,9.0,6,86,2394
56.111111111111114,5.6,9.292944763917983,360,1.0,2.0,7,86,2395
190.77777777777777,6.8,9.5,360,0.99,6.0,8,86,2396
561.1111111111111,9.0,9.707055236082017,360,0.94,8.0,9,86,2397
538.6666666666667,8.8,9.9,360,0.97,8.0,10,86,2398
594.7777777777778,11.6,10.065685424949239,360,0.84,8.0,11,86,2399
875.3333333333334,12.9,10.19282032302755,360,0.66,13.0,12,86,2400
628.4444444444443,7.1,10.272740661031255,360,0.95,15.0,13,86,2401
942.6666666666667,12.0,10.3,360,0.7,14.0,14,86,2402
729.4444444444443,12.7,10.272740661031255,360,0.59,16.0,15,86,2403
347.8888888888889,8.3,10.19282032302755,360,0.84,19.0,16,86,2404
179.55555555555554,9.8,10.065685424949239,360,0.71,14.0,17,86,2405
112.22222222222223,8.8,9.9,360,0.8,10.0,18,86,2406
0.0,8.4,9.707055236082017,360,0.86,6.0,19,86,2407
0.0,8.4,9.5,360,0.87,10.0,20,86,2408
0.0,6.5,9.292944763917983,360,0.96,12.0,21,86,2409
0.0,6.2,9.1,360,1.0,6.0,22,86,2410
0.0,6.6,8.934314575050761,360,0.98,7.0,23,86,2411
0.0,7.5,8.80717967697245,360,0.96,9.0,24,86,2412
0.0,8.0,8.127259338968745,360,0.93,10.0,1,87,2413
0.0,8.5,8.099999999999998,360,0.97,12.0,2,87,2414
0.0,8.8,8.127259338968743,360,0.97,13.0,3,87,2415
0.0,8.4,8.207179676972448,360,1.0,13.0,4,87,2416
0.0,8.5,8.33431457505076,360,0.98,14.0,5,87,2417
0.0,8.8,8.499999999999998,360,1.0,11.0,6,87,2418
33.66666666666667,9.3,8.692944763917982,360,0.95,12.0,7,87,2419
179.55555555555554,9.7,8.899999999999999,360,0.96,10.0,8,87,2420
202.0,9.7,9.107055236082015,360,0.94,13.0,9,87,2421
157.1111111111111,9.8,9.299999999999999,360,0.96,12.0,10,87,2422
303.0,10.9,9.465685424949237,360,0.87,10.0,11,87,2423
482.5555555555556,11.7,9.59282032302755,360,0.84,9.0,12,87,2424
751.8888888888888,11.8,9.672740661031254,360,0.77,11.0,13,87,2425
606.0,11.5,9.7,360,0.74,11.0,14,87,2426
695.7777777777778,12.4,9.672740661031254,360,0.69,11.0,15,87,2427
303.0,11.9,9.59282032302755,360,0.75,12.0,16,87,2428
426.44444444444446,11.2,9.465685424949237,360,0.77,12.0,17,87,2429
134.66666666666669,10.1,9.299999999999999,360,0.9,10.0,18,87,2430
0.0,9.4,9.107055236082015,360,0.96,10.0,19,87,2431
0.0,9.6,8.899999999999999,360,0.99,9.0,20,87,2432
0.0,9.7,8.692944763917982,360,0.98,9.0,21,87,2433
0.0,9.7,8.499999999999998,360,0.99,8.0,22,87,2434
0.0,9.7,8.334314575050762,360,1.0,7.0,23,87,2435
0.0,9.5,8.207179676972448,360,1.0,8.0,24,87,2436
0.0,9.3,8.828963047654293,360,1.0,7.0,1,88,2437
0.0,8.9,8.8,360,1.0,8.0,2,88,2438
0.0,7.9,8.828963047654293,360,1.0,8.0,3,88,2439
0.0,8.1,8.913878406783228,360,1.0,6.0,4,88,2440
0.0,9.5,9.048959235991434,360,1.0,8.0,5,88,2441
0.0,10.2,9.225,360,1.0,8.0,6,88,2442
11.222222222222221,10.6,9.430003811662857,360,1.0,8.0,7,88,2443
44.888888888888886,10.8,9.65,360,1.0,8.0,8,88,2444
145.88888888888889,11.4,9.869996188337144,360,1.0,8.0,9,88,2445
224.44444444444446,11.4,10.075000000000001,360,1.0,8.0,10,88,2446
303.0,11.8,10.251040764008566,360,1.0,8.0,11,88,2447
460.11111111111114,12.2,10.386121593216773,360,1.0,9.0,12,88,2448
538.6666666666667,13.2,10.471036952345708,360,0.96,8.0,13,88,2449
381.55555555555554,12.4,10.5,360,0.95,9.0,14,88,2450
426.44444444444446,12.8,10.471036952345708,360,0.94,8.0,15,88,2451
314.2222222222222,11.9,10.386121593216773,360,1.0,8.0,16,88,2452
145.88888888888889,11.9,10.251040764008566,360,1.0,7.0,17,88,2453
67.33333333333334,11.5,10.075000000000001,360,0.99,7.0,18,88,2454
0.0,11.0,9.869996188337144,360,1.0,4.0,19,88,2455
0.0,10.8,9.65,360,1.0,4.0,20,88,2456
0.0,10.5,9.430003811662857,360,1.0,4.0,21,88,2457
0.0,10.3,9.225000000000001,360,1.0,4.0,22,88,2458
0.0,10.0,9.048959235991436,360,1.0,4.0,23,88,2459
0.0,8.9,8.913878406783228,360,1.0,3.0,24,88,2460
0.0,8.4,8.949407551880853,360,1.0,1.0,1,89,2461
0.0,8.9,8.900000000000002,360,1.0,2.0,2,89,2462
0.0,9.6,8.949407551880853,360,1.0,3.0,3,89,2463
0.0,8.6,9.094263164512565,360,1.0,2.0,4,89,2464
0.0,8.8,9.324695167279508,360,1.0,3.0,5,89,2465
11.222222222222221,8.1,9.625,360,1.0,3.0,6,89,2466
123.44444444444446,9.2,9.974712384601347,360,1.0,3.0,7,89,2467
381.55555555555554,11.9,10.350000000000001,360,0.9,4.0,8,89,2468
785.5555555555557,14.0,10.725287615398656,360,0.76,7.0,9,89,2469
909.0,15.7,11.075000000000001,360,0.66,9.0,10,89,2470
1167.111111111111,16.2,11.375304832720495,360,0.62,10.0,11,89,2471
1414.0000000000002,17.5,11.605736835487438,360,0.58,10.0,12,89,2472
953.8888888888889,17.3,11.75059244811915,360,0.57,10.0,13,89,2473
1043.6666666666665,17.4,11.8,360,0.55,11.0,14,89,2474
493.7777777777778,15.9,11.75059244811915,360,0.6,12.0,15,89,2475
639.6666666666667,15.2,11.605736835487438,360,0.69,10.0,16,89,2476
336.66666666666663,14.0,11.375304832720495,360,0.75,8.0,17,89,2477
134.66666666666669,12.6,11.075000000000001,360,0.83,4.0,18,89,2478
11.222222222222221,10.6,10.725287615398656,360,0.87,2.0,19,89,2479
0.0,10.8,10.350000000000001,360,0.85,2.0,20,89,2480
0.0,12.5,9.974712384601347,360,0.75,4.0,21,89,2481
0.0,12.0,9.625000000000002,360,0.78,5.0,22,89,2482
0.0,10.6,9.324695167279508,360,0.96,11.0,23,89,2483
0.0,8.1,9.094263164512565,360,1.0,13.0,24,89,2484
0.0,7.2,9.020444504226559,360,1.0,8.0,1,90,2485
0.0,7.4,9.0,360,1.0,6.0,2,90,2486
0.0,7.2,9.020444504226559,360,1.0,8.0,3,90,2487
0.0,7.0,9.080384757729338,360,1.0,7.0,4,90,2488
0.0,7.0,9.175735931288072,360,1.0,7.0,5,90,2489
0.0,7.1,9.299999999999999,360,1.0,9.0,6,90,2490
112.22222222222223,7.5,9.444708572938488,360,0.97,10.0,7,90,2491
202.0,7.6,9.6,360,0.99,12.0,8,90,2492
190.77777777777777,7.9,9.755291427061511,360,1.0,12.0,9,90,2493
314.2222222222222,10.7,9.9,360,0.95,13.0,10,90,2494
841.6666666666666,10.8,10.024264068711927,360,0.83,15.0,11,90,2495
448.8888888888889,9.3,10.119615242270662,360,0.82,17.0,12,90,2496
987.5555555555557,10.8,10.17955549577344,360,0.61,16.0,13,90,2497
1346.6666666666665,11.5,10.2,360,0.54,14.0,14,90,2498
1200.7777777777778,11.1,10.17955549577344,360,0.48,15.0,15,90,2499
965.1111111111112,11.0,10.119615242270662,360,0.5,14.0,16,90,2500
336.66666666666663,8.5,10.024264068711927,360,0.78,13.0,17,90,2501
134.66666666666669,8.4,9.9,360,0.75,11.0,18,90,2502
11.222222222222221,7.5,9.755291427061511,360,0.88,9.0,19,90,2503
0.0,7.5,9.6,360,0.88,8.0,20,90,2504
0.0,7.0,9.444708572938488,360,0.89,8.0,21,90,2505
