PARi,air_temperature,soil_temperature,ambient_CO2,humidity,Wind,hour,DOY,t
729.4444444444443,3.3,5.259807621135331,360,0.53,10.0,12,351,0
718.2222222222222,4.0,5.2897777478867205,360,0.52,10.0,13,351,1
606.0,4.3,5.3,360,0.48,10.0,14,351,2
392.7777777777778,3.9,5.2897777478867205,360,0.63,8.0,15,351,3
134.66666666666669,2.8,5.259807621135331,360,0.71,7.0,16,351,4
11.222222222222221,1.1,5.212132034355964,360,0.85,6.0,17,351,5
0.0,0.7,5.15,360,0.88,6.0,18,351,6
0.0,0.0,5.077645713530756,360,0.92,6.0,19,351,7
0.0,-0.6,5.0,360,0.94,6.0,20,351,8
0.0,-1.5,4.922354286469244,360,0.97,4.0,21,351,9
0.0,-2.0,4.8500000000000005,360,0.98,4.0,22,351,10
0.0,-2.8,4.787867965644036,360,0.97,4.0,23,351,11
0.0,-3.0,4.740192378864669,360,0.97,4.0,24,351,12
0.0,-3.0,3.506814834742187,360,0.98,6.0,1,352,13
0.0,-3.3,3.5,360,0.96,6.0,2,352,14
0.0,-3.7,3.5068148347421864,360,0.96,6.0,3,352,15
0.0,-3.5,3.5267949192431125,360,0.96,6.0,4,352,16
0.0,-3.6,3.5585786437626905,360,0.96,5.0,5,352,17
0.0,-3.8,3.6,360,0.96,4.0,6,352,18
0.0,-4.0,3.648236190979496,360,0.96,4.0,7,352,19
22.444444444444443,-3.9,3.7,360,0.94,6.0,8,352,20
123.44444444444446,-3.4,3.7517638090205043,360,0.92,7.0,9,352,21
314.2222222222222,-2.5,3.8000000000000003,360,0.88,6.0,10,352,22
594.7777777777778,-1.0,3.84142135623731,360,0.82,6.0,11,352,23
415.2222222222223,-0.5,3.873205080756888,360,0.78,6.0,12,352,24
673.3333333333333,0.7,3.893185165257814,360,0.71,6.0,13,352,25
819.2222222222222,1.6,3.9000000000000004,360,0.63,6.0,14,352,26
359.1111111111111,1.6,3.893185165257814,360,0.66,4.0,15,352,27
145.88888888888889,0.6,3.873205080756888,360,0.69,4.0,16,352,28
11.222222222222221,-0.6,3.84142135623731,360,0.76,3.0,17,352,29
0.0,-1.7,3.8000000000000003,360,0.83,2.0,18,352,30
0.0,-2.3,3.7517638090205043,360,0.84,1.0,19,352,31
0.0,-3.0,3.7,360,0.88,0.0,20,352,32
0.0,-3.5,3.648236190979496,360,0.9,0.0,21,352,33
0.0,-3.9,3.6,360,0.92,0.0,22,352,34
0.0,-4.3,3.558578643762691,360,0.94,0.0,23,352,35
0.0,-4.8,3.5267949192431125,360,0.95,0.0,24,352,36
0.0,-5.1,2.847703843195304,360,0.95,0.0,1,353,37
0.0,-4.7,2.7999999999999994,360,0.95,0.0,2,353,38
0.0,-3.4,2.847703843195304,360,0.95,0.0,3,353,39
0.0,-4.0,2.987564434701785,360,0.91,0.0,4,353,40
0.0,-4.4,3.210050506338832,360,0.92,0.0,5,353,41
0.0,-4.1,3.4999999999999987,360,0.94,0.0,6,353,42
0.0,-4.0,3.8376533368564703,360,0.94,0.0,7,353,43
0.0,-1.7,4.199999999999999,360,0.95,0.0,8,353,44
67.33333333333334,1.9,4.562346663143528,360,0.96,5.0,9,353,45
213.22222222222223,4.1,4.8999999999999995,360,0.88,7.0,10,353,46
235.66666666666669,4.6,5.189949493661166,360,0.88,8.0,11,353,47
471.33333333333337,6.3,5.412435565298214,360,0.82,7.0,12,353,48
157.1111111111111,6.7,5.552296156804695,360,0.79,6.0,13,353,49
269.33333333333337,8.1,5.6,360,0.69,7.0,14,353,50
179.55555555555554,8.2,5.552296156804695,360,0.66,10.0,15,353,51
67.33333333333334,8.1,5.412435565298214,360,0.66,9.0,16,353,52
11.222222222222221,8.5,5.189949493661166,360,0.69,8.0,17,353,53
0.0,9.3,4.8999999999999995,360,0.73,10.0,18,353,54
0.0,9.8,4.562346663143528,360,0.75,10.0,19,353,55
0.0,10.0,4.199999999999999,360,0.75,11.0,20,353,56
0.0,9.8,3.8376533368564703,360,0.77,10.0,21,353,57
0.0,9.7,3.4999999999999996,360,0.79,10.0,22,353,58
0.0,9.6,3.210050506338833,360,0.81,10.0,23,353,59
0.0,9.5,2.987564434701785,360,0.82,9.0,24,353,60
0.0,9.2,4.254518677937492,360,0.84,10.0,1,354,61
0.0,9.0,4.200000000000001,360,0.85,9.0,2,354,62
0.0,9.4,4.254518677937491,360,0.85,7.0,3,354,63
0.0,9.0,4.414359353944898,360,0.86,7.0,4,354,64
0.0,9.1,4.668629150101524,360,0.86,6.0,5,354,65
0.0,9.4,5.0,360,0.85,10.0,6,354,66
0.0,9.5,5.3858895278359675,360,0.86,10.0,7,354,67
0.0,9.2,5.800000000000001,360,0.88,8.0,8,354,68
78.55555555555554,9.5,6.214110472164034,360,0.88,8.0,9,354,69
190.77777777777777,10.6,6.600000000000001,360,0.85,8.0,10,354,70
314.2222222222222,11.4,6.931370849898477,360,0.83,8.0,11,354,71
482.5555555555556,13.3,7.185640646055103,360,0.76,9.0,12,354,72
336.66666666666663,13.4,7.34548132206251,360,0.73,7.0,13,354,73
291.77777777777777,13.5,7.4,360,0.73,7.0,14,354,74
101.0,13.1,7.34548132206251,360,0.75,6.0,15,354,75
78.55555555555554,12.2,7.185640646055103,360,0.77,5.0,16,354,76
0.0,11.6,6.931370849898477,360,0.81,4.0,17,354,77
0.0,12.7,6.600000000000001,360,0.77,6.0,18,354,78
0.0,12.7,6.214110472164034,360,0.8,6.0,19,354,79
0.0,12.1,5.800000000000001,360,0.82,7.0,20,354,80
0.0,11.6,5.3858895278359675,360,0.84,6.0,21,354,81
0.0,11.7,5.000000000000001,360,0.85,6.0,22,354,82
0.0,11.4,4.668629150101525,360,0.84,6.0,23,354,83
0.0,11.5,4.414359353944898,360,0.84,8.0,24,354,84
0.0,11.4,7.230666756339838,360,0.83,7.0,1,355,85
0.0,11.4,7.199999999999999,360,0.83,7.0,2,355,86
0.0,10.9,7.230666756339838,360,0.86,8.0,3,355,87
0.0,11.3,7.320577136594005,360,0.84,7.0,4,355,88
0.0,11.2,7.463603896932106,360,0.84,6.0,5,355,89
0.0,11.3,7.6499999999999995,360,0.83,6.0,6,355,90
0.0,10.9,7.867062859407731,360,0.84,7.0,7,355,91
0.0,11.6,8.1,360,0.83,8.0,8,355,92
33.66666666666667,11.9,8.332937140592268,360,0.81,8.0,9,355,93
56.111111111111114,12.4,8.549999999999999,360,0.79,8.0,10,355,94
157.1111111111111,13.3,8.736396103067893,360,0.75,8.0,11,355,95
325.44444444444446,13.6,8.879422863405994,360,0.74,10.0,12,355,96
179.55555555555554,13.7,8.969333243660161,360,0.75,10.0,13,355,97
67.33333333333334,13.4,9.0,360,0.77,10.0,14,355,98
78.55555555555554,12.5,8.969333243660161,360,0.85,9.0,15,355,99
33.66666666666667,12.5,8.879422863405994,360,0.83,10.0,16,355,100
0.0,12.4,8.736396103067893,360,0.85,10.0,17,355,101
0.0,12.4,8.549999999999999,360,0.85,7.0,18,355,102
0.0,12.3,8.332937140592268,360,0.86,6.0,19,355,103
0.0,11.4,8.1,360,0.94,7.0,20,355,104
0.0,11.2,7.867062859407731,360,0.98,6.0,21,355,105
0.0,11.4,7.65,360,0.97,6.0,22,355,106
0.0,11.2,7.463603896932107,360,0.96,8.0,23,355,107
0.0,11.0,7.320577136594005,360,0.98,6.0,24,355,108
0.0,11.2,8.622148212912105,360,0.98,6.0,1,356,109
0.0,11.1,8.6,360,0.99,5.0,2,356,110
0.0,11.1,8.622148212912105,360,0.99,6.0,3,356,111
0.0,10.8,8.687083487540114,360,0.98,6.0,4,356,112
0.0,9.9,8.790380592228743,360,0.99,5.0,5,356,113
0.0,9.4,8.924999999999999,360,0.99,7.0,6,356,114
0.0,9.3,9.081767620683362,360,0.99,6.0,7,356,115
11.222222222222221,9.8,9.25,360,0.99,5.0,8,356,116
56.111111111111114,10.2,9.418232379316638,360,0.99,6.0,9,356,117
179.55555555555554,10.9,9.575000000000001,360,0.97,9.0,10,356,118
202.0,11.2,9.709619407771257,360,0.96,9.0,11,356,119
145.88888888888889,11.2,9.812916512459886,360,0.96,8.0,12,356,120
179.55555555555554,11.7,9.877851787087895,360,0.94,9.0,13,356,121
157.1111111111111,12.0,9.9,360,0.93,8.0,14,356,122
112.22222222222223,12.5,9.877851787087895,360,0.9,11.0,15,356,123
22.444444444444443,11.9,9.812916512459886,360,0.98,9.0,16,356,124
0.0,11.9,9.709619407771257,360,0.99,10.0,17,356,125
0.0,11.8,9.575000000000001,360,0.99,10.0,18,356,126
0.0,12.5,9.418232379316638,360,0.96,11.0,19,356,127
0.0,12.6,9.25,360,0.94,12.0,20,356,128
0.0,13.0,9.081767620683362,360,0.92,12.0,21,356,129
0.0,13.1,8.925,360,0.9,12.0,22,356,130
0.0,13.1,8.790380592228743,360,0.88,11.0,23,356,131
0.0,12.8,8.687083487540114,360,0.89,12.0,24,356,132
0.0,12.7,9.62896304765429,360,0.86,13.0,1,357,133
0.0,12.7,9.599999999999998,360,0.88,12.0,2,357,134
0.0,12.4,9.62896304765429,360,0.87,11.0,3,357,135
0.0,12.2,9.713878406783225,360,0.89,10.0,4,357,136
0.0,12.2,9.848959235991433,360,0.89,10.0,5,357,137
0.0,12.0,10.024999999999999,360,0.9,10.0,6,357,138
0.0,12.3,10.230003811662856,360,0.9,9.0,7,357,139
11.222222222222221,12.3,10.45,360,0.91,9.0,8,357,140
44.888888888888886,12.6,10.669996188337143,360,0.91,9.0,9,357,141
101.0,13.1,10.875,360,0.9,10.0,10,357,142
101.0,13.5,11.051040764008565,360,0.92,8.0,11,357,143
168.33333333333331,13.4,11.186121593216773,360,0.96,9.0,12,357,144
78.55555555555554,13.6,11.271036952345709,360,0.95,10.0,13,357,145
56.111111111111114,13.3,11.3,360,0.97,10.0,14,357,146
44.888888888888886,13.6,11.271036952345709,360,0.99,10.0,15,357,147
22.444444444444443,13.8,11.186121593216773,360,0.98,12.0,16,357,148
0.0,14.1,11.051040764008565,360,0.99,12.0,17,357,149
0.0,14.0,10.875,360,0.98,12.0,18,357,150
0.0,13.9,10.669996188337143,360,0.99,11.0,19,357,151
0.0,14.0,10.45,360,0.99,10.0,20,357,152
0.0,14.0,10.230003811662856,360,0.99,11.0,21,357,153
0.0,14.0,10.024999999999999,360,0.99,11.0,22,357,154
0.0,14.0,9.848959235991433,360,0.99,12.0,23,357,155
0.0,13.9,9.713878406783225,360,0.99,10.0,24,357,156
0.0,13.7,10.717037086855465,360,0.99,10.0,1,358,157
0.0,13.6,10.7,360,0.99,9.0,2,358,158
0.0,14.1,10.717037086855465,360,0.97,12.0,3,358,159
0.0,14.1,10.76698729810778,360,0.95,12.0,4,358,160
0.0,13.8,10.846446609406726,360,0.97,10.0,5,358,161
0.0,13.9,10.95,360,0.93,10.0,6,358,162
11.222222222222221,13.7,11.07059047744874,360,0.92,10.0,7,358,163
0.0,13.3,11.2,360,0.94,10.0,8,358,164
11.222222222222221,13.3,11.32940952255126,360,0.93,8.0,9,358,165
56.111111111111114,13.4,11.45,360,0.93,12.0,10,358,166
101.0,13.8,11.553553390593272,360,0.92,11.0,11,358,167
112.22222222222223,13.7,11.633012701892218,360,0.95,12.0,12,358,168
67.33333333333334,13.5,11.682962913144534,360,0.99,11.0,13,358,169
44.888888888888886,13.7,11.7,360,0.98,12.0,14,358,170
44.888888888888886,13.2,11.682962913144534,360,0.99,11.0,15,358,171
11.222222222222221,12.8,11.633012701892218,360,0.99,10.0,16,358,172
11.222222222222221,12.3,11.553553390593272,360,0.99,8.0,17,358,173
0.0,12.7,11.45,360,0.99,6.0,18,358,174
0.0,12.6,11.32940952255126,360,0.97,8.0,19,358,175
0.0,12.2,11.2,360,0.97,7.0,20,358,176
0.0,12.1,11.07059047744874,360,0.97,7.0,21,358,177
0.0,12.1,10.95,360,0.98,6.0,22,358,178
0.0,11.9,10.846446609406726,360,0.96,6.0,23,358,179
0.0,11.3,10.76698729810778,360,0.95,5.0,24,358,180
0.0,10.8,10.708518543427733,360,0.93,4.0,1,359,181
0.0,10.8,10.7,360,0.95,4.0,2,359,182
0.0,10.3,10.708518543427733,360,0.95,5.0,3,359,183
0.0,10.0,10.733493649053889,360,0.97,4.0,4,359,184
0.0,9.8,10.773223304703363,360,0.97,3.0,5,359,185
0.0,10.1,10.825,360,0.99,4.0,6,359,186
0.0,10.2,10.88529523872437,360,0.99,4.0,7,359,187
0.0,10.0,10.95,360,0.99,4.0,8,359,188
78.55555555555554,10.5,11.01470476127563,360,0.99,4.0,9,359,189
157.1111111111111,10.9,11.075,360,0.99,5.0,10,359,190
246.8888888888889,11.5,11.126776695296636,360,0.99,4.0,11,359,191
246.8888888888889,11.6,11.16650635094611,360,0.99,5.0,12,359,192
179.55555555555554,12.0,11.191481456572266,360,0.99,4.0,13,359,193
101.0,12.0,11.2,360,0.97,3.0,14,359,194
67.33333333333334,12.1,11.191481456572266,360,0.99,2.0,15,359,195
44.888888888888886,11.9,11.16650635094611,360,0.99,1.0,16,359,196
11.222222222222221,11.7,11.126776695296636,360,0.99,1.0,17,359,197
0.0,11.7,11.075,360,0.99,0.0,18,359,198
0.0,9.8,11.01470476127563,360,0.99,0.0,19,359,199
0.0,10.7,10.95,360,0.99,2.0,20,359,200
0.0,11.1,10.88529523872437,360,0.93,4.0,21,359,201
0.0,10.5,10.825,360,0.93,4.0,22,359,202
0.0,10.2,10.773223304703363,360,0.95,4.0,23,359,203
0.0,10.2,10.733493649053889,360,0.96,4.0,24,359,204
0.0,9.4,9.808518543427734,360,0.96,4.0,1,360,205
0.0,8.7,9.8,360,0.97,3.0,2,360,206
0.0,9.7,9.808518543427734,360,0.95,5.0,3,360,207
0.0,10.0,9.83349364905389,360,0.92,4.0,4,360,208
0.0,10.7,9.873223304703364,360,0.9,5.0,5,360,209
0.0,10.0,9.925,360,0.92,6.0,6,360,210
0.0,9.8,9.98529523872437,360,0.91,6.0,7,360,211
0.0,10.0,10.05,360,0.88,6.0,8,360,212
112.22222222222223,10.6,10.11470476127563,360,0.87,6.0,9,360,213
202.0,11.1,10.175,360,0.85,8.0,10,360,214
258.11111111111114,12.0,10.226776695296637,360,0.81,7.0,11,360,215
246.8888888888889,13.0,10.266506350946111,360,0.78,9.0,12,360,216
392.7777777777778,14.1,10.291481456572267,360,0.74,10.0,13,360,217
303.0,14.1,10.3,360,0.74,8.0,14,360,218
280.55555555555554,14.0,10.291481456572267,360,0.74,8.0,15,360,219
67.33333333333334,13.2,10.266506350946111,360,0.78,9.0,16,360,220
11.222222222222221,12.5,10.226776695296637,360,0.79,8.0,17,360,221
0.0,12.8,10.175,360,0.78,8.0,18,360,222
0.0,13.0,10.11470476127563,360,0.77,6.0,19,360,223
0.0,12.3,10.05,360,0.82,6.0,20,360,224
0.0,12.0,9.98529523872437,360,0.85,4.0,21,360,225
0.0,11.9,9.925,360,0.85,4.0,22,360,226
0.0,11.4,9.873223304703364,360,0.89,4.0,23,360,227
0.0,11.7,9.83349364905389,360,0.89,4.0,24,360,228
0.0,11.2,10.011925960798827,360,0.92,4.0,1,361,229
0.0,11.2,10.0,360,0.95,5.0,2,361,230
0.0,11.2,10.011925960798827,360,0.97,5.0,3,361,231
0.0,11.0,10.046891108675446,360,0.96,6.0,4,361,232
0.0,10.8,10.102512626584708,360,0.96,5.0,5,361,233
0.0,10.7,10.174999999999999,360,0.97,6.0,6,361,234
0.0,9.9,10.259413334214118,360,0.98,4.0,7,361,235
0.0,10.3,10.35,360,0.99,3.0,8,361,236
56.111111111111114,10.3,10.440586665785881,360,0.99,6.0,9,361,237
134.66666666666669,11.3,10.525,360,0.97,5.0,10,361,238
101.0,11.0,10.59748737341529,360,0.97,6.0,11,361,239
269.33333333333337,12.0,10.653108891324553,360,0.96,5.0,12,361,240
325.44444444444446,12.0,10.688074039201172,360,0.9,7.0,13,361,241
392.7777777777778,12.4,10.7,360,0.86,6.0,14,361,242
314.2222222222222,12.4,10.688074039201172,360,0.82,7.0,15,361,243
145.88888888888889,10.8,10.653108891324553,360,0.88,5.0,16,361,244
11.222222222222221,9.7,10.59748737341529,360,0.93,5.0,17,361,245
0.0,9.1,10.525,360,0.93,3.0,18,361,246
0.0,8.1,10.440586665785881,360,0.98,2.0,19,361,247
0.0,7.6,10.35,360,0.99,2.0,20,361,248
0.0,6.6,10.259413334214118,360,0.99,1.0,21,361,249
0.0,5.8,10.175,360,0.99,0.0,22,361,250
0.0,6.0,10.102512626584708,360,0.99,3.0,23,361,251
0.0,4.7,10.046891108675446,360,0.99,0.0,24,361,252
0.0,4.8,8.617037086855465,360,0.99,0.0,1,362,253
0.0,4.4,8.6,360,0.99,0.0,2,362,254
0.0,3.3,8.617037086855465,360,0.99,0.0,3,362,255
0.0,4.7,8.666987298107781,360,0.99,1.0,4,362,256
0.0,4.5,8.746446609406725,360,0.99,0.0,5,362,257
0.0,4.1,8.85,360,0.99,0.0,6,362,258
0.0,4.6,8.97059047744874,360,0.99,0.0,7,362,259
0.0,5.0,9.1,360,0.99,0.0,8,362,260
67.33333333333334,5.7,9.22940952255126,360,0.99,2.0,9,362,261
213.22222222222223,6.8,9.35,360,0.99,4.0,10,362,262
269.33333333333337,7.8,9.453553390593273,360,0.99,4.0,11,362,263
280.55555555555554,8.4,9.533012701892218,360,0.99,4.0,12,362,264
280.55555555555554,8.4,9.582962913144534,360,0.99,4.0,13,362,265
179.55555555555554,8.3,9.6,360,0.99,4.0,14,362,266
101.0,8.5,9.582962913144534,360,0.99,4.0,15,362,267
33.66666666666667,8.7,9.533012701892218,360,0.99,5.0,16,362,268
0.0,8.9,9.453553390593273,360,0.99,4.0,17,362,269
0.0,9.0,9.35,360,0.99,4.0,18,362,270
0.0,8.8,9.22940952255126,360,0.99,6.0,19,362,271
0.0,8.4,9.1,360,0.99,7.0,20,362,272
0.0,8.2,8.97059047744874,360,0.99,6.0,21,362,273
0.0,8.4,8.85,360,0.99,5.0,22,362,274
0.0,8.6,8.746446609406727,360,0.99,6.0,23,362,275
0.0,8.7,8.666987298107781,360,0.99,6.0,24,362,276
0.0,8.5,9.311925960798828,360,0.99,6.0,1,363,277
0.0,8.6,9.3,360,0.99,6.0,2,363,278
0.0,8.5,9.311925960798828,360,0.99,6.0,3,363,279
0.0,8.2,9.346891108675447,360,0.99,6.0,4,363,280
0.0,8.6,9.40251262658471,360,0.99,6.0,5,363,281
0.0,9.1,9.475,360,0.99,6.0,6,363,282
0.0,9.0,9.559413334214119,360,0.99,6.0,7,363,283
0.0,8.8,9.65,360,0.99,7.0,8,363,284
33.66666666666667,8.8,9.740586665785882,360,0.99,8.0,9,363,285
134.66666666666669,9.0,9.825000000000001,360,0.99,8.0,10,363,286
134.66666666666669,9.4,9.897487373415292,360,0.99,7.0,11,363,287
134.66666666666669,9.8,9.953108891324554,360,0.99,10.0,12,363,288
258.11111111111114,10.5,9.988074039201173,360,0.99,8.0,13,363,289
246.8888888888889,10.4,10.0,360,0.97,9.0,14,363,290
78.55555555555554,10.7,9.988074039201173,360,0.97,9.0,15,363,291
44.888888888888886,11.3,9.953108891324554,360,0.9,11.0,16,363,292
0.0,11.2,9.897487373415292,360,0.9,8.0,17,363,293
0.0,11.7,9.825000000000001,360,0.8,9.0,18,363,294
0.0,11.2,9.740586665785882,360,0.87,12.0,19,363,295
0.0,11.6,9.65,360,0.83,10.0,20,363,296
0.0,11.8,9.559413334214119,360,0.85,12.0,21,363,297
0.0,11.8,9.475000000000001,360,0.87,10.0,22,363,298
0.0,11.5,9.40251262658471,360,0.94,12.0,23,363,299
0.0,11.4,9.346891108675447,360,0.94,14.0,24,363,300
0.0,10.8,9.906814834742187,360,0.96,13.0,1,364,301
0.0,11.4,9.900000000000002,360,0.95,13.0,2,364,302
0.0,11.4,9.906814834742187,360,0.93,11.0,3,364,303
0.0,10.9,9.926794919243113,360,0.9,10.0,4,364,304
0.0,11.1,9.958578643762692,360,0.95,8.0,5,364,305
0.0,11.3,10.000000000000002,360,0.92,8.0,6,364,306
0.0,10.9,10.048236190979496,360,0.95,8.0,7,364,307
0.0,10.4,10.100000000000001,360,0.96,6.0,8,364,308
67.33333333333334,10.7,10.151763809020506,360,0.96,6.0,9,364,309
168.33333333333331,11.2,10.200000000000001,360,0.95,6.0,10,364,310
134.66666666666669,10.3,10.24142135623731,360,0.94,8.0,11,364,311
145.88888888888889,9.9,10.27320508075689,360,0.95,7.0,12,364,312
168.33333333333331,9.8,10.293185165257816,360,0.92,6.0,13,364,313
179.55555555555554,9.8,10.3,360,0.93,5.0,14,364,314
145.88888888888889,10.0,10.293185165257816,360,0.89,5.0,15,364,315
67.33333333333334,9.7,10.27320508075689,360,0.91,6.0,16,364,316
0.0,8.9,10.24142135623731,360,0.93,4.0,17,364,317
0.0,8.5,10.200000000000001,360,0.97,4.0,18,364,318
0.0,8.6,10.151763809020506,360,0.96,6.0,19,364,319
0.0,7.3,10.100000000000001,360,0.98,3.0,20,364,320
0.0,7.3,10.048236190979496,360,0.99,3.0,21,364,321
0.0,7.1,10.000000000000002,360,0.99,4.0,22,364,322
0.0,7.2,9.958578643762692,360,0.99,6.0,23,364,323
0.0,7.4,9.926794919243113,360,0.99,7.0,24,364,324
0.0,8.1,9.228963047654291,360,0.99,7.0,1,365,325
0.0,8.6,9.2,360,0.99,7.0,2,365,326
0.0,8.9,9.228963047654291,360,0.99,8.0,3,365,327
0.0,9.2,9.313878406783227,360,0.99,9.0,4,365,328
0.0,9.1,9.448959235991435,360,0.98,9.0,5,365,329
0.0,9.2,9.625,360,0.98,8.0,6,365,330
0.0,9.4,9.830003811662857,360,0.97,11.0,7,365,331
0.0,9.7,10.05,360,0.99,13.0,8,365,332
11.222222222222221,10.1,10.269996188337144,360,0.98,12.0,9,365,333
56.111111111111114,11.0,10.475000000000001,360,0.99,12.0,10,365,334
123.44444444444446,12.3,10.651040764008567,360,0.98,13.0,11,365,335
89.77777777777777,12.7,10.786121593216775,360,0.98,12.0,12,365,336
78.55555555555554,13.5,10.87103695234571,360,0.96,13.0,13,365,337
67.33333333333334,13.6,10.900000000000002,360,0.97,12.0,14,365,338
44.888888888888886,14.3,10.87103695234571,360,0.94,10.0,15,365,339
22.444444444444443,15.2,10.786121593216775,360,0.85,14.0,16,365,340
0.0,14.7,10.651040764008567,360,0.88,11.0,17,365,341
0.0,14.3,10.475000000000001,360,0.9,8.0,18,365,342
0.0,14.6,10.269996188337144,360,0.87,9.0,19,365,343
0.0,14.2,10.05,360,0.89,8.0,20,365,344
0.0,14.1,9.830003811662857,360,0.92,9.0,21,365,345
0.0,13.8,9.625,360,0.93,8.0,22,365,346
0.0,14.2,9.448959235991435,360,0.89,8.0,23,365,347
0.0,14.0,9.313878406783227,360,0.88,8.0,24,365,348
0.0,13.9,10.508518543427734,360,0.86,8.0,1,366,349
0.0,13.5,10.5,360,0.86,8.0,2,366,350
0.0,13.1,10.508518543427734,360,0.87,8.0,3,366,351
0.0,12.6,10.53349364905389,360,0.88,8.0,4,366,352
0.0,12.5,10.573223304703363,360,0.87,8.0,5,366,353
0.0,12.0,10.625,360,0.86,8.0,6,366,354
0.0,12.2,10.68529523872437,360,0.83,8.0,7,366,355
0.0,12.4,10.75,360,0.8,9.0,8,366,356
78.55555555555554,12.7,10.81470476127563,360,0.77,8.0,9,366,357
168.33333333333331,12.4,10.875,360,0.82,8.0,10,366,358
269.33333333333337,13.2,10.926776695296637,360,0.78,8.0,11,366,359
347.8888888888889,14.4,10.96650635094611,360,0.68,9.0,12,366,360
336.66666666666663,14.4,10.991481456572266,360,0.69,10.0,13,366,361
280.55555555555554,14.7,11.0,360,0.64,10.0,14,366,362
246.8888888888889,15.0,10.991481456572266,360,0.64,9.0,15,366,363
190.77777777777777,14.5,10.96650635094611,360,0.64,10.0,16,366,364
11.222222222222221,13.7,10.926776695296637,360,0.66,8.0,17,366,365
0.0,13.5,10.875,360,0.66,8.0,18,366,366
0.0,13.2,10.81470476127563,360,0.64,8.0,19,366,367
0.0,13.0,10.75,360,0.68,9.0,20,366,368
0.0,12.9,10.68529523872437,360,0.74,10.0,21,366,369
0.0,12.314285714285717,10.625,360,0.7742857142857144,9.428571428571429,22,366,370
0.0,11.72857142857143,10.573223304703363,360,0.8085714285714286,8.857142857142858,23,366,371
0.0,11.142857142857144,10.53349364905389,360,0.8428571428571427,8.285714285714286,24,366,372
0.0,10.557142857142855,7.9170370868554665,360,0.8771428571428571,7.714285714285714,1,1,373
0.0,9.971428571428572,7.9,360,0.9114285714285714,7.142857142857143,2,1,374
0.0,9.385714285714286,7.9170370868554665,360,0.9457142857142855,6.571428571428571,3,1,375
0.0,8.8,7.966987298107781,360,0.98,6.0,4,1,376
0.0,9.5,8.046446609406726,360,0.98,5.0,5,1,377
0.0,9.4,8.15,360,0.95,6.0,6,1,378
0.0,8.9,8.27059047744874,360,0.95,6.0,7,1,379
0.0,8.7,8.4,360,0.98,5.0,8,1,380
56.111111111111114,8.8,8.52940952255126,360,0.98,5.0,9,1,381
190.77777777777777,8.9,8.65,360,0.95,6.0,10,1,382
482.5555555555556,9.9,8.753553390593273,360,0.9,5.0,11,1,383
493.7777777777778,10.1,8.833012701892219,360,0.75,5.0,12,1,384
303.0,9.9,8.882962913144535,360,0.74,4.0,13,1,385
426.44444444444446,10.0,8.9,360,0.67,6.0,14,1,386
359.1111111111111,9.7,8.882962913144535,360,0.61,6.0,15,1,387
89.77777777777777,8.1,8.833012701892219,360,0.71,5.0,16,1,388
11.222222222222221,6.3,8.753553390593273,360,0.81,3.0,17,1,389
0.0,6.5,8.65,360,0.78,3.0,18,1,390
0.0,5.1,8.52940952255126,360,0.85,3.0,19,1,391
0.0,4.9,8.4,360,0.87,2.0,20,1,392
0.0,5.0,8.27059047744874,360,0.87,3.0,21,1,393
0.0,3.9,8.15,360,0.91,2.0,22,1,394
0.0,3.6,8.046446609406727,360,0.93,2.0,23,1,395
0.0,3.5,7.966987298107781,360,0.93,1.0,24,1,396
0.0,2.7,4.932370465025385,360,0.94,2.0,1,2,397
0.0,3.1,4.9,360,0.93,2.0,2,2,398
0.0,2.8,4.932370465025385,360,0.94,2.0,3,2,399
0.0,2.9,5.027275866404783,360,0.91,3.0,4,2,400
0.0,2.5,5.178248557872779,360,0.92,2.0,5,2,401
0.0,2.8,5.374999999999999,360,0.92,3.0,6,2,402
0.0,2.3,5.604121907152605,360,0.93,3.0,7,2,403
0.0,2.1,5.85,360,0.95,1.0,8,2,404
134.66666666666669,2.1,6.095878092847395,360,0.94,1.0,9,2,405
336.66666666666663,4.5,6.324999999999999,360,0.9,2.0,10,2,406
650.8888888888889,7.0,6.521751442127219,360,0.82,3.0,11,2,407
482.5555555555556,7.5,6.672724133595216,360,0.8,2.0,12,2,408
662.1111111111112,8.6,6.767629534974614,360,0.76,2.0,13,2,409
594.7777777777778,9.0,6.799999999999999,360,0.7,3.0,14,2,410
392.7777777777778,9.1,6.767629534974614,360,0.68,4.0,15,2,411
145.88888888888889,8.2,6.672724133595216,360,0.73,4.0,16,2,412
11.222222222222221,5.6,6.521751442127219,360,0.92,2.0,17,2,413
0.0,4.9,6.324999999999999,360,0.95,2.0,18,2,414
0.0,6.3,6.095878092847395,360,0.88,2.0,19,2,415
0.0,6.0,5.85,360,0.93,2.0,20,2,416
0.0,6.3,5.604121907152605,360,0.92,3.0,21,2,417
0.0,6.3,5.375,360,0.93,4.0,22,2,418
0.0,6.3,5.17824855787278,360,0.93,3.0,23,2,419
0.0,6.3,5.027275866404783,360,0.93,4.0,24,2,420
0.0,6.2,6.5323704650253855,360,0.95,4.0,1,3,421
0.0,6.5,6.5,360,0.95,3.0,2,3,422
0.0,6.6,6.5323704650253855,360,0.95,3.0,3,3,423
0.0,6.7,6.6272758664047835,360,0.96,4.0,4,3,424
0.0,6.7,6.77824855787278,360,0.98,4.0,5,3,425
0.0,6.5,6.975,360,0.97,4.0,6,3,426
0.0,6.7,7.204121907152605,360,0.98,4.0,7,3,427
11.222222222222221,6.8,7.45,360,0.97,3.0,8,3,428
44.888888888888886,7.4,7.695878092847395,360,0.96,4.0,9,3,429
123.44444444444446,7.8,7.925000000000001,360,0.94,4.0,10,3,430
190.77777777777777,8.0,8.12175144212722,360,0.96,6.0,11,3,431
168.33333333333331,8.4,8.272724133595217,360,0.97,5.0,12,3,432
269.33333333333337,8.7,8.367629534974615,360,1.0,5.0,13,3,433
190.77777777777777,9.0,8.4,360,1.0,4.0,14,3,434
134.66666666666669,9.2,8.367629534974615,360,1.0,3.0,15,3,435
67.33333333333334,9.3,8.272724133595217,360,1.0,2.0,16,3,436
0.0,9.4,8.12175144212722,360,1.0,2.0,17,3,437
0.0,9.2,7.925000000000001,360,1.0,2.0,18,3,438
0.0,9.3,7.695878092847395,360,1.0,2.0,19,3,439
0.0,9.3,7.45,360,1.0,2.0,20,3,440
0.0,9.0,7.204121907152605,360,1.0,2.0,21,3,441
0.0,9.0,6.9750000000000005,360,1.0,2.0,22,3,442
0.0,8.7,6.77824855787278,360,1.0,3.0,23,3,443
0.0,8.5,6.6272758664047835,360,1.0,2.0,24,3,444
0.0,8.5,8.20511112605664,360,1.0,2.0,1,4,445
0.0,8.3,8.2,360,1.0,2.0,2,4,446
0.0,8.1,8.20511112605664,360,1.0,2.0,3,4,447
0.0,8.0,8.220096189432333,360,1.0,2.0,4,4,448
0.0,7.9,8.243933982822018,360,1.0,2.0,5,4,449
0.0,7.8,8.274999999999999,360,1.0,2.0,6,4,450
0.0,8.0,8.311177143234621,360,0.99,2.0,7,4,451
0.0,7.9,8.35,360,1.0,3.0,8,4,452
22.444444444444443,8.2,8.388822856765378,360,0.97,4.0,9,4,453
67.33333333333334,8.4,8.425,360,0.94,4.0,10,4,454
78.55555555555554,8.4,8.456066017177982,360,0.93,5.0,11,4,455
112.22222222222223,8.4,8.479903810567667,360,0.91,5.0,12,4,456
112.22222222222223,8.4,8.49488887394336,360,0.92,4.0,13,4,457
89.77777777777777,8.4,8.5,360,0.92,4.0,14,4,458
56.111111111111114,8.2,8.49488887394336,360,0.93,4.0,15,4,459
22.444444444444443,8.0,8.479903810567667,360,0.94,4.0,16,4,460
0.0,7.8,8.456066017177982,360,0.91,4.0,17,4,461
0.0,7.7,8.425,360,0.92,4.0,18,4,462
0.0,7.6,8.388822856765378,360,0.92,5.0,19,4,463
0.0,7.5,8.35,360,0.92,5.0,20,4,464
0.0,7.3,8.311177143234621,360,0.93,4.0,21,4,465
0.0,7.2,8.275,360,0.94,5.0,22,4,466
0.0,7.0,8.243933982822018,360,0.94,4.0,23,4,467
0.0,6.9,8.220096189432333,360,0.95,4.0,24,4,468
0.0,6.7,7.711925960798827,360,0.96,4.0,1,5,469
0.0,6.7,7.700000000000001,360,0.97,5.0,2,5,470
0.0,6.7,7.711925960798827,360,0.97,5.0,3,5,471
0.0,6.6,7.746891108675447,360,0.98,5.0,4,5,472
0.0,6.6,7.802512626584709,360,0.98,6.0,5,5,473
0.0,6.5,7.875000000000001,360,0.98,5.0,6,5,474
0.0,6.5,7.959413334214118,360,0.96,5.0,7,5,475
0.0,6.5,8.05,360,0.95,6.0,8,5,476
33.66666666666667,6.6,8.140586665785882,360,0.96,5.0,9,5,477
67.33333333333334,6.4,8.225000000000001,360,0.94,5.0,10,5,478
168.33333333333331,6.9,8.297487373415292,360,0.88,6.0,11,5,479
269.33333333333337,7.5,8.353108891324554,360,0.85,5.0,12,5,480
404.0,8.2,8.388074039201175,360,0.8,5.0,13,5,481
460.11111111111114,8.2,8.4,360,0.83,6.0,14,5,482
235.66666666666669,8.0,8.388074039201175,360,0.83,5.0,15,5,483
78.55555555555554,7.5,8.353108891324554,360,0.85,6.0,16,5,484
11.222222222222221,7.1,8.297487373415292,360,0.88,6.0,17,5,485
0.0,7.0,8.225000000000001,360,0.89,6.0,18,5,486
0.0,6.9,8.140586665785882,360,0.91,6.0,19,5,487
0.0,6.7,8.05,360,0.93,6.0,20,5,488
0.0,6.6,7.959413334214118,360,0.93,5.0,21,5,489
0.0,6.5,7.875000000000001,360,0.94,5.0,22,5,490
0.0,6.4,7.802512626584709,360,0.95,6.0,23,5,491
0.0,6.2,7.746891108675447,360,0.96,5.0,24,5,492
0.0,6.1,7.6068148347421864,360,0.98,6.0,1,6,493
0.0,6.1,7.6,360,0.99,6.0,2,6,494
0.0,6.1,7.606814834742186,360,0.99,6.0,3,6,495
0.0,6.3,7.626794919243112,360,0.99,6.0,4,6,496
0.0,6.3,7.65857864376269,360,0.98,5.0,5,6,497
0.0,6.3,7.699999999999999,360,0.98,5.0,6,6,498
0.0,6.4,7.748236190979496,360,0.98,4.0,7,6,499
0.0,6.4,7.8,360,0.98,4.0,8,6,500
22.444444444444443,6.4,7.851763809020504,360,0.98,5.0,9,6,501
67.33333333333334,6.5,7.9,360,0.97,6.0,10,6,502
123.44444444444446,6.7,7.941421356237309,360,0.96,6.0,11,6,503
179.55555555555554,6.8,7.9732050807568875,360,0.96,6.0,12,6,504
168.33333333333331,6.9,7.993185165257814,360,0.96,4.0,13,6,505
134.66666666666669,6.9,8.0,360,0.96,6.0,14,6,506
78.55555555555554,6.8,7.993185165257814,360,0.96,6.0,15,6,507
44.888888888888886,6.6,7.9732050807568875,360,0.96,7.0,16,6,508
0.0,6.6,7.941421356237309,360,0.96,6.0,17,6,509
0.0,6.6,7.9,360,0.95,6.0,18,6,510
0.0,6.5,7.851763809020504,360,0.95,7.0,19,6,511
0.0,6.4,7.8,360,0.96,6.0,20,6,512
0.0,6.1,7.748236190979496,360,0.96,6.0,21,6,513
0.0,6.0,7.7,360,0.97,6.0,22,6,514
0.0,5.9,7.658578643762691,360,0.98,6.0,23,6,515
0.0,5.8,7.626794919243112,360,0.98,6.0,24,6,516
0.0,5.5,7.1068148347421864,360,0.97,6.0,1,7,517
0.0,5.2,7.1,360,0.97,5.0,2,7,518
0.0,5.0,7.106814834742186,360,0.98,5.0,3,7,519
0.0,4.8,7.126794919243112,360,0.99,5.0,4,7,520
0.0,4.5,7.15857864376269,360,1.0,4.0,5,7,521
0.0,4.2,7.199999999999999,360,1.0,4.0,6,7,522
0.0,4.1,7.248236190979496,360,1.0,4.0,7,7,523
0.0,4.1,7.3,360,1.0,4.0,8,7,524
22.444444444444443,4.3,7.351763809020504,360,1.0,4.0,9,7,525
101.0,3.9,7.4,360,1.0,4.0,10,7,526
123.44444444444446,4.2,7.441421356237309,360,1.0,3.0,11,7,527
145.88888888888889,4.3,7.4732050807568875,360,1.0,3.0,12,7,528
145.88888888888889,4.3,7.493185165257814,360,1.0,4.0,13,7,529
157.1111111111111,4.6,7.5,360,1.0,4.0,14,7,530
101.0,4.4,7.493185165257814,360,1.0,3.0,15,7,531
56.111111111111114,4.2,7.4732050807568875,360,1.0,3.0,16,7,532
0.0,4.3,7.441421356237309,360,1.0,3.0,17,7,533
0.0,4.0,7.4,360,1.0,2.0,18,7,534
0.0,4.0,7.351763809020504,360,1.0,2.0,19,7,535
0.0,3.8,7.3,360,1.0,4.0,20,7,536
0.0,3.6,7.248236190979496,360,1.0,3.0,21,7,537
0.0,3.5,7.2,360,1.0,2.0,22,7,538
0.0,3.4,7.158578643762691,360,1.0,3.0,23,7,539
0.0,3.3,7.126794919243112,360,1.0,2.0,24,7,540
0.0,3.2,6.5034074173710925,360,1.0,2.0,1,8,541
0.0,2.8,6.5,360,1.0,3.0,2,8,542
0.0,2.7,6.5034074173710925,360,1.0,2.0,3,8,543
0.0,2.7,6.513397459621555,360,1.0,2.0,4,8,544
0.0,2.6,6.529289321881345,360,1.0,2.0,5,8,545
0.0,2.3,6.55,360,1.0,3.0,6,8,546
0.0,2.6,6.574118095489747,360,1.0,2.0,7,8,547
0.0,2.5,6.6,360,1.0,2.0,8,8,548
33.66666666666667,2.6,6.625881904510252,360,1.0,2.0,9,8,549
67.33333333333334,2.6,6.6499999999999995,360,1.0,2.0,10,8,550
101.0,2.6,6.670710678118654,360,0.98,3.0,11,8,551
134.66666666666669,2.9,6.686602540378444,360,0.96,3.0,12,8,552
112.22222222222223,2.8,6.696592582628907,360,0.97,4.0,13,8,553
101.0,2.8,6.699999999999999,360,0.96,3.0,14,8,554
56.111111111111114,3.0,6.696592582628907,360,0.96,3.0,15,8,555
22.444444444444443,2.9,6.686602540378444,360,0.97,3.0,16,8,556
0.0,2.9,6.670710678118654,360,0.98,3.0,17,8,557
0.0,2.8,6.6499999999999995,360,0.97,3.0,18,8,558
0.0,2.9,6.625881904510252,360,0.98,2.0,19,8,559
0.0,3.0,6.6,360,0.95,3.0,20,8,560
0.0,2.9,6.574118095489747,360,0.95,3.0,21,8,561
0.0,2.9,6.55,360,0.97,2.0,22,8,562
0.0,2.9,6.529289321881345,360,0.96,2.0,23,8,563
0.0,3.1,6.513397459621555,360,0.97,1.0,24,8,564
0.0,3.1,6.010222252113279,360,0.97,2.0,1,9,565
0.0,3.0,6.0,360,0.98,2.0,2,9,566
0.0,3.1,6.010222252113279,360,0.97,2.0,3,9,567
0.0,3.0,6.040192378864669,360,0.97,1.0,4,9,568
0.0,2.9,6.087867965644036,360,0.98,2.0,5,9,569
0.0,2.8,6.1499999999999995,360,0.98,2.0,6,9,570
0.0,2.7,6.222354286469244,360,0.99,2.0,7,9,571
0.0,2.7,6.3,360,0.99,2.0,8,9,572
44.888888888888886,2.8,6.377645713530756,360,0.99,2.0,9,9,573
101.0,2.9,6.45,360,0.99,2.0,10,9,574
134.66666666666669,3.3,6.512132034355964,360,0.98,2.0,11,9,575
157.1111111111111,3.6,6.559807621135331,360,0.98,2.0,12,9,576
89.77777777777777,3.8,6.58977774788672,360,0.97,2.0,13,9,577
123.44444444444446,3.9,6.6,360,0.99,2.0,14,9,578
67.33333333333334,4.1,6.58977774788672,360,0.98,2.0,15,9,579
22.444444444444443,4.2,6.559807621135331,360,0.99,2.0,16,9,580
0.0,4.1,6.512132034355964,360,1.0,1.0,17,9,581
0.0,4.1,6.45,360,1.0,2.0,18,9,582
0.0,4.3,6.377645713530756,360,1.0,2.0,19,9,583
0.0,4.5,6.3,360,1.0,3.0,20,9,584
0.0,4.6,6.222354286469244,360,1.0,1.0,21,9,585
0.0,4.7,6.15,360,1.0,3.0,22,9,586
0.0,4.8,6.087867965644036,360,1.0,4.0,23,9,587
0.0,5.0,6.040192378864669,360,1.0,5.0,24,9,588
0.0,5.0,6.522148212912106,360,1.0,4.0,1,10,589
0.0,5.1,6.5,360,1.0,4.0,2,10,590
0.0,5.3,6.522148212912106,360,1.0,5.0,3,10,591
0.0,5.5,6.587083487540115,360,1.0,6.0,4,10,592
0.0,5.5,6.6903805922287445,360,1.0,4.0,5,10,593
0.0,5.6,6.825,360,1.0,4.0,6,10,594
0.0,5.7,6.981767620683362,360,1.0,5.0,7,10,595
11.222222222222221,6.2,7.15,360,1.0,6.0,8,10,596
11.222222222222221,6.4,7.318232379316639,360,1.0,7.0,9,10,597
33.66666666666667,6.5,7.4750000000000005,360,1.0,7.0,10,10,598
78.55555555555554,7.5,7.609619407771256,360,1.0,7.0,11,10,599
101.0,7.9,7.712916512459885,360,1.0,6.0,12,10,600
101.0,8.4,7.7778517870878945,360,1.0,5.0,13,10,601
123.44444444444446,9.3,7.800000000000001,360,1.0,4.0,14,10,602
112.22222222222223,10.1,7.7778517870878945,360,1.0,5.0,15,10,603
112.22222222222223,10.8,7.712916512459885,360,0.95,6.0,16,10,604
11.222222222222221,10.0,7.609619407771256,360,0.99,5.0,17,10,605
0.0,9.7,7.4750000000000005,360,0.95,6.0,18,10,606
0.0,9.0,7.318232379316639,360,0.97,8.0,19,10,607
0.0,9.2,7.15,360,0.87,8.0,20,10,608
0.0,8.3,6.981767620683362,360,0.85,8.0,21,10,609
0.0,7.6,6.825,360,0.87,8.0,22,10,610
0.0,6.9,6.6903805922287445,360,0.89,8.0,23,10,611
0.0,6.3,6.587083487540116,360,0.9,7.0,24,10,612
0.0,5.8,5.730666756339838,360,0.89,7.0,1,11,613
0.0,5.4,5.699999999999999,360,0.89,6.0,2,11,614
0.0,4.6,5.730666756339838,360,0.91,6.0,3,11,615
0.0,4.6,5.820577136594005,360,0.91,6.0,4,11,616
0.0,3.3,5.963603896932106,360,0.96,4.0,5,11,617
0.0,3.6,6.1499999999999995,360,0.94,5.0,6,11,618
0.0,2.8,6.367062859407731,360,0.97,5.0,7,11,619
11.222222222222221,2.8,6.6,360,0.98,4.0,8,11,620
145.88888888888889,4.4,6.832937140592268,360,0.94,4.0,9,11,621
381.55555555555554,5.2,7.05,360,0.93,4.0,10,11,622
538.6666666666667,8.1,7.236396103067892,360,0.83,4.0,11,11,623
684.5555555555557,9.5,7.379422863405995,360,0.79,4.0,12,11,624
561.1111111111111,9.5,7.469333243660161,360,0.76,4.0,13,11,625
718.2222222222222,10.1,7.5,360,0.74,5.0,14,11,626
404.0,9.4,7.469333243660161,360,0.78,4.0,15,11,627
235.66666666666669,9.1,7.379422863405995,360,0.76,4.0,16,11,628
11.222222222222221,7.6,7.236396103067892,360,0.83,4.0,17,11,629
0.0,6.7,7.05,360,0.88,2.0,18,11,630
0.0,7.4,6.832937140592268,360,0.84,3.0,19,11,631
0.0,7.2,6.6,360,0.85,4.0,20,11,632
0.0,6.7,6.367062859407731,360,0.87,4.0,21,11,633
0.0,5.7,6.15,360,0.89,4.0,22,11,634
0.0,5.3,5.963603896932107,360,0.89,4.0,23,11,635
0.0,4.3,5.820577136594005,360,0.92,4.0,24,11,636
0.0,5.1,5.725555630283199,360,0.91,5.0,1,12,637
0.0,5.0,5.7,360,0.88,6.0,2,12,638
0.0,3.5,5.725555630283199,360,0.93,6.0,3,12,639
0.0,3.9,5.800480947161671,360,0.9,5.0,4,12,640
0.0,4.3,5.91966991411009,360,0.88,6.0,5,12,641
0.0,4.2,6.075,360,0.91,8.0,6,12,642
0.0,4.2,6.255885716173109,360,0.92,7.0,7,12,643
11.222222222222221,3.8,6.45,360,0.96,7.0,8,12,644
78.55555555555554,4.2,6.644114283826891,360,0.97,6.0,9,12,645
246.8888888888889,5.2,6.825,360,0.96,7.0,10,12,646
381.55555555555554,6.2,6.980330085889911,360,0.96,7.0,11,12,647
482.5555555555556,7.5,7.099519052838329,360,0.92,6.0,12,12,648
482.5555555555556,8.5,7.174444369716801,360,0.85,6.0,13,12,649
482.5555555555556,9.3,7.2,360,0.75,6.0,14,12,650
303.0,8.8,7.174444369716801,360,0.77,6.0,15,12,651
101.0,8.0,7.099519052838329,360,0.85,6.0,16,12,652
11.222222222222221,6.9,6.980330085889911,360,0.92,5.0,17,12,653
0.0,6.1,6.825,360,0.92,3.0,18,12,654
0.0,6.0,6.644114283826891,360,0.97,4.0,19,12,655
0.0,5.1,6.45,360,0.99,4.0,20,12,656
0.0,4.8,6.255885716173109,360,1.0,4.0,21,12,657
0.0,4.5,6.075,360,1.0,3.0,22,12,658
0.0,4.4,5.91966991411009,360,1.0,4.0,23,12,659
0.0,4.6,5.800480947161671,360,1.0,4.0,24,12,660
0.0,4.6,6.2102222521132795,360,1.0,2.0,1,13,661
0.0,4.8,6.2,360,1.0,3.0,2,13,662
0.0,4.7,6.2102222521132795,360,1.0,2.0,3,13,663
0.0,4.6,6.240192378864668,360,1.0,2.0,4,13,664
0.0,4.3,6.287867965644036,360,1.0,3.0,5,13,665
0.0,4.1,6.35,360,1.0,3.0,6,13,666
0.0,4.1,6.422354286469244,360,1.0,3.0,7,13,667
11.222222222222221,4.2,6.5,360,1.0,4.0,8,13,668
56.111111111111114,4.5,6.577645713530756,360,1.0,4.0,9,13,669
89.77777777777777,4.5,6.65,360,0.99,5.0,10,13,670
179.55555555555554,4.6,6.712132034355964,360,0.99,5.0,11,13,671
280.55555555555554,4.4,6.759807621135331,360,0.98,5.0,12,13,672
291.77777777777777,4.1,6.7897777478867205,360,1.0,6.0,13,13,673
269.33333333333337,4.5,6.8,360,0.99,5.0,14,13,674
112.22222222222223,4.5,6.7897777478867205,360,0.99,5.0,15,13,675
44.888888888888886,4.1,6.759807621135331,360,0.99,6.0,16,13,676
11.222222222222221,3.8,6.712132034355964,360,0.99,6.0,17,13,677
0.0,4.0,6.65,360,0.99,6.0,18,13,678
0.0,4.2,6.577645713530756,360,0.96,6.0,19,13,679
0.0,4.4,6.5,360,0.88,6.0,20,13,680
0.0,4.2,6.422354286469244,360,0.88,4.0,21,13,681
0.0,4.3,6.3500000000000005,360,0.89,5.0,22,13,682
0.0,4.0,6.287867965644036,360,0.91,6.0,23,13,683
0.0,2.7,6.240192378864669,360,0.8,10.0,24,13,684
0.0,1.9,4.718740795541013,360,0.78,8.0,1,14,685
0.0,1.9,4.7,360,0.83,6.0,2,14,686
0.0,1.2,4.718740795541013,360,0.86,5.0,3,14,687
0.0,1.3,4.773686027918559,360,0.91,4.0,4,14,688
0.0,1.3,4.861091270347399,360,0.91,3.0,5,14,689
0.0,1.1,4.975,360,0.91,3.0,6,14,690
0.0,0.7,5.107649525193613,360,0.92,3.0,7,14,691
11.222222222222221,0.3,5.25,360,0.94,2.0,8,14,692
112.22222222222223,0.8,5.392350474806387,360,0.93,1.0,9,14,693
381.55555555555554,2.1,5.525,360,0.82,2.0,10,14,694
448.8888888888889,2.8,5.638908729652601,360,0.81,4.0,11,14,695
448.8888888888889,3.1,5.726313972081441,360,0.8,4.0,12,14,696
347.8888888888889,3.4,5.781259204458987,360,0.74,4.0,13,14,697
269.33333333333337,3.9,5.8,360,0.77,4.0,14,14,698
179.55555555555554,3.8,5.781259204458987,360,0.73,4.0,15,14,699
78.55555555555554,3.6,5.726313972081441,360,0.78,5.0,16,14,700
11.222222222222221,3.5,5.638908729652601,360,0.81,5.0,17,14,701
0.0,3.4,5.525,360,0.82,6.0,18,14,702
0.0,3.2,5.392350474806387,360,0.83,7.0,19,14,703
0.0,2.6,5.25,360,0.92,9.0,20,14,704
0.0,2.6,5.107649525193613,360,0.95,8.0,21,14,705
0.0,2.5,4.9750000000000005,360,0.98,9.0,22,14,706
0.0,3.0,4.861091270347399,360,0.99,7.0,23,14,707
0.0,3.3,4.773686027918559,360,1.0,6.0,24,14,708
0.0,3.3,4.3136296694843725,360,1.0,5.0,1,15,709
0.0,3.6,4.299999999999999,360,1.0,5.0,2,15,710
0.0,3.8,4.313629669484372,360,0.92,8.0,3,15,711
0.0,3.6,4.353589838486224,360,0.91,6.0,4,15,712
0.0,2.8,4.41715728752538,360,0.94,4.0,5,15,713
0.0,2.2,4.499999999999999,360,0.94,4.0,6,15,714
0.0,2.0,4.596472381958991,360,0.91,4.0,7,15,715
0.0,2.3,4.699999999999999,360,0.89,4.0,8,15,716
101.0,3.0,4.803527618041008,360,0.83,8.0,9,15,717
392.7777777777778,3.8,4.8999999999999995,360,0.8,8.0,10,15,718
606.0,4.7,4.982842712474619,360,0.72,8.0,11,15,719
482.5555555555556,4.9,5.046410161513775,360,0.7,7.0,12,15,720
190.77777777777777,4.3,5.086370330515627,360,0.71,8.0,13,15,721
359.1111111111111,4.6,5.1,360,0.69,8.0,14,15,722
190.77777777777777,4.7,5.086370330515627,360,0.69,7.0,15,15,723
101.0,4.3,5.046410161513775,360,0.71,7.0,16,15,724
11.222222222222221,3.7,4.982842712474619,360,0.79,4.0,17,15,725
0.0,3.8,4.8999999999999995,360,0.78,4.0,18,15,726
0.0,3.6,4.803527618041008,360,0.81,3.0,19,15,727
0.0,2.5,4.699999999999999,360,0.88,2.0,20,15,728
0.0,2.5,4.596472381958991,360,0.88,3.0,21,15,729
0.0,2.3,4.499999999999999,360,0.89,3.0,22,15,730
0.0,2.1,4.417157287525381,360,0.9,3.0,23,15,731
0.0,2.0,4.353589838486224,360,0.91,2.0,24,15,732
0.0,2.4,4.006814834742187,360,0.89,3.0,1,16,733
0.0,2.1,4.0,360,0.95,3.0,2,16,734
0.0,2.2,4.006814834742186,360,0.97,3.0,3,16,735
0.0,2.0,4.0267949192431125,360,0.99,3.0,4,16,736
0.0,1.5,4.05857864376269,360,0.97,4.0,5,16,737
0.0,0.2,4.1,360,0.99,4.0,6,16,738
0.0,0.1,4.148236190979496,360,1.0,3.0,7,16,739
0.0,0.2,4.2,360,1.0,3.0,8,16,740
33.66666666666667,0.3,4.251763809020504,360,1.0,3.0,9,16,741
67.33333333333334,0.5,4.300000000000001,360,1.0,3.0,10,16,742
101.0,0.9,4.341421356237309,360,1.0,5.0,11,16,743
179.55555555555554,2.0,4.373205080756888,360,0.98,5.0,12,16,744
145.88888888888889,2.4,4.393185165257814,360,0.94,6.0,13,16,745
224.44444444444446,3.0,4.4,360,0.86,7.0,14,16,746
325.44444444444446,3.1,4.393185165257814,360,0.78,8.0,15,16,747
134.66666666666669,2.0,4.373205080756888,360,0.78,8.0,16,16,748
22.444444444444443,1.0,4.341421356237309,360,0.81,7.0,17,16,749
0.0,0.2,4.300000000000001,360,0.78,8.0,18,16,750
0.0,-0.5,4.251763809020504,360,0.75,7.0,19,16,751
0.0,-1.0,4.2,360,0.76,6.0,20,16,752
0.0,-1.5,4.148236190979496,360,0.75,6.0,21,16,753
0.0,-2.0,4.1000000000000005,360,0.77,0.0,22,16,754
0.0,-2.1,4.058578643762691,360,0.76,0.0,23,16,755
0.0,-2.4,4.0267949192431125,360,0.79,0.0,24,16,756
0.0,-2.4,1.8085185434277329,360,0.78,0.0,1,17,757
0.0,-2.8,1.7999999999999998,360,0.77,0.0,2,17,758
0.0,-3.3,1.8085185434277329,360,0.87,0.0,3,17,759
0.0,-3.6,1.8334936490538902,360,0.84,0.0,4,17,760
0.0,-4.1,1.8732233047033628,360,0.85,0.0,5,17,761
0.0,-4.2,1.9249999999999998,360,0.9,0.0,6,17,762
0.0,-4.5,1.9852952387243696,360,0.92,0.0,7,17,763
22.444444444444443,-4.4,2.05,360,0.93,0.0,8,17,764
258.11111111111114,-3.5,2.11470476127563,360,0.91,0.0,9,17,765
594.7777777777778,-2.7,2.175,360,0.85,4.0,10,17,766
830.4444444444446,-1.5,2.226776695296637,360,0.76,4.0,11,17,767
875.3333333333334,-0.9,2.266506350946109,360,0.74,4.0,12,17,768
796.7777777777777,-0.1,2.2914814565722668,360,0.73,4.0,13,17,769
662.1111111111112,0.1,2.3,360,0.69,4.0,14,17,770
471.33333333333337,0.2,2.2914814565722668,360,0.71,4.0,15,17,771
202.0,-0.3,2.266506350946109,360,0.75,4.0,16,17,772
22.444444444444443,-1.3,2.226776695296637,360,0.82,4.0,17,17,773
0.0,-1.7,2.175,360,0.8,4.0,18,17,774
0.0,-3.0,2.11470476127563,360,0.86,0.0,19,17,775
0.0,-3.9,2.05,360,0.86,0.0,20,17,776
0.0,-4.2,1.9852952387243696,360,0.86,0.0,21,17,777
0.0,-4.3,1.9249999999999998,360,0.88,0.0,22,17,778
0.0,-4.4,1.873223304703363,360,0.87,0.0,23,17,779
0.0,-4.3,1.8334936490538902,360,0.83,0.0,24,17,780
0.0,-4.1,1.403407417371093,360,0.83,0.0,1,18,781
0.0,-4.0,1.4,360,0.82,0.0,2,18,782
0.0,-3.9,1.403407417371093,360,0.81,0.0,3,18,783
0.0,-3.8,1.413397459621556,360,0.8,0.0,4,18,784
0.0,-3.6,1.4292893218813452,360,0.81,0.0,5,18,785
0.0,-3.5,1.45,360,0.82,0.0,6,18,786
0.0,-3.7,1.474118095489748,360,0.84,0.0,7,18,787
0.0,-3.5,1.5,360,0.87,0.0,8,18,788
44.888888888888886,-3.1,1.525881904510252,360,0.87,0.0,9,18,789
89.77777777777777,-2.5,1.55,360,0.91,0.0,10,18,790
112.22222222222223,-1.8,1.5707106781186548,360,0.97,0.0,11,18,791
101.0,-1.4,1.5866025403784438,360,0.98,0.0,12,18,792
101.0,-1.1,1.596592582628907,360,0.97,0.0,13,18,793
78.55555555555554,-0.9,1.6,360,0.99,0.0,14,18,794
44.888888888888886,-0.6,1.596592582628907,360,0.99,4.0,15,18,795
22.444444444444443,-0.5,1.5866025403784438,360,1.0,6.0,16,18,796
11.222222222222221,-0.2,1.5707106781186548,360,1.0,5.0,17,18,797
0.0,0.1,1.55,360,1.0,4.0,18,18,798
0.0,0.3,1.525881904510252,360,1.0,4.0,19,18,799
0.0,0.3,1.5,360,1.0,4.0,20,18,800
0.0,0.5,1.474118095489748,360,1.0,4.0,21,18,801
0.0,0.4,1.45,360,1.0,5.0,22,18,802
0.0,0.5,1.4292893218813452,360,1.0,4.0,23,18,803
0.0,0.8,1.4133974596215562,360,1.0,6.0,24,18,804
0.0,0.7,1.4221482129121052,360,1.0,4.0,1,19,805
0.0,0.9,1.3999999999999997,360,1.0,2.0,2,19,806
0.0,0.8,1.4221482129121052,360,1.0,1.0,3,19,807
0.0,0.7,1.4870834875401144,360,1.0,2.0,4,19,808
0.0,1.0,1.5903805922287435,360,1.0,3.0,5,19,809
0.0,1.3,1.7249999999999994,360,1.0,4.0,6,19,810
0.0,1.4,1.8817676206833613,360,1.0,4.0,7,19,811
0.0,1.7,2.05,360,1.0,5.0,8,19,812
33.66666666666667,1.9,2.2182323793166385,360,1.0,6.0,9,19,813
33.66666666666667,2.2,2.375,360,1.0,6.0,10,19,814
67.33333333333334,2.5,2.5096194077712557,360,1.0,6.0,11,19,815
123.44444444444446,2.8,2.612916512459885,360,1.0,6.0,12,19,816
157.1111111111111,2.5,2.6778517870878944,360,1.0,7.0,13,19,817
123.44444444444446,2.0,2.7,360,1.0,9.0,14,19,818
44.888888888888886,1.4,2.6778517870878944,360,1.0,9.0,15,19,819
22.444444444444443,1.0,2.612916512459885,360,1.0,10.0,16,19,820
11.222222222222221,0.8,2.5096194077712557,360,1.0,10.0,17,19,821
0.0,0.6,2.375,360,0.99,10.0,18,19,822
0.0,0.5,2.2182323793166385,360,0.99,10.0,19,19,823
0.0,0.3,2.05,360,0.99,10.0,20,19,824
0.0,0.2,1.8817676206833613,360,0.99,10.0,21,19,825
0.0,0.0,1.7249999999999999,360,0.97,11.0,22,19,826
0.0,-0.1,1.590380592228744,360,0.97,12.0,23,19,827
0.0,-0.5,1.4870834875401147,360,0.98,10.0,24,19,828
0.0,-0.6,2.1051111260566397,360,0.97,10.0,1,20,829
0.0,-0.8,2.1,360,0.96,10.0,2,20,830
0.0,-1.0,2.1051111260566397,360,0.97,10.0,3,20,831
0.0,-1.4,2.120096189432334,360,0.99,8.0,4,20,832
0.0,-1.5,2.143933982822018,360,0.99,8.0,5,20,833
0.0,-1.5,2.175,360,0.98,7.0,6,20,834
0.0,-1.4,2.211177143234622,360,0.97,8.0,7,20,835
0.0,-1.0,2.25,360,0.99,6.0,8,20,836
33.66666666666667,-0.6,2.288822856765378,360,0.96,6.0,9,20,837
101.0,-0.2,2.325,360,0.95,5.0,10,20,838
78.55555555555554,0.1,2.356066017177982,360,0.97,4.0,11,20,839
145.88888888888889,0.3,2.3799038105676655,360,0.97,4.0,12,20,840
202.0,0.7,2.3948888739433603,360,0.97,5.0,13,20,841
527.4444444444445,2.1,2.4,360,0.91,6.0,14,20,842
392.7777777777778,2.5,2.3948888739433603,360,0.86,6.0,15,20,843
246.8888888888889,2.2,2.3799038105676655,360,0.88,4.0,16,20,844
33.66666666666667,0.1,2.356066017177982,360,0.96,2.0,17,20,845
0.0,0.6,2.325,360,0.98,2.0,18,20,846
0.0,1.5,2.288822856765378,360,0.93,4.0,19,20,847
0.0,1.5,2.25,360,0.92,6.0,20,20,848
0.0,1.3,2.211177143234622,360,0.94,6.0,21,20,849
0.0,1.2,2.1750000000000003,360,0.93,8.0,22,20,850
0.0,1.4,2.143933982822018,360,0.91,7.0,23,20,851
0.0,1.1,2.1200961894323345,360,0.94,8.0,24,20,852
0.0,0.9,2.3340741737109316,360,0.98,7.0,1,21,853
0.0,1.3,2.3,360,1.0,8.0,2,21,854
0.0,2.0,2.3340741737109316,360,0.98,11.0,3,21,855
0.0,2.3,2.433974596215561,360,0.99,10.0,4,21,856
0.0,3.4,2.592893218813452,360,0.99,10.0,5,21,857
0.0,6.3,2.7999999999999994,360,0.8,15.0,6,21,858
0.0,5.0,3.041180954897479,360,0.91,18.0,7,21,859
0.0,4.6,3.3,360,0.84,16.0,8,21,860
44.888888888888886,4.8,3.5588190451025206,360,0.84,12.0,9,21,861
224.44444444444446,5.5,3.8,360,0.84,10.0,10,21,862
662.1111111111112,6.5,4.007106781186548,360,0.75,12.0,11,21,863
639.6666666666667,7.4,4.166025403784438,360,0.72,13.0,12,21,864
381.55555555555554,5.4,4.2659258262890685,360,0.89,16.0,13,21,865
404.0,5.6,4.3,360,0.87,14.0,14,21,866
325.44444444444446,6.3,4.2659258262890685,360,0.74,15.0,15,21,867
145.88888888888889,5.3,4.166025403784438,360,0.78,12.0,16,21,868
33.66666666666667,4.9,4.007106781186548,360,0.8,11.0,17,21,869
0.0,4.2,3.8,360,0.78,10.0,18,21,870
0.0,2.9,3.5588190451025206,360,0.87,7.0,19,21,871
0.0,2.5,3.3,360,0.86,6.0,20,21,872
0.0,2.9,3.041180954897479,360,0.85,5.0,21,21,873
0.0,2.9,2.8,360,0.89,5.0,22,21,874
0.0,2.6,2.5928932188134524,360,0.95,4.0,23,21,875
0.0,2.8,2.433974596215561,360,0.95,6.0,24,21,876
0.0,3.2,3.415333378169919,360,0.98,6.0,1,22,877
0.0,3.5,3.3999999999999995,360,0.98,9.0,2,22,878
0.0,3.7,3.415333378169919,360,0.98,8.0,3,22,879
0.0,3.8,3.460288568297002,360,0.98,9.0,4,22,880
0.0,4.3,3.531801948466053,360,0.99,8.0,5,22,881
0.0,4.0,3.6249999999999996,360,0.99,9.0,6,22,882
0.0,3.7,3.7335314297038655,360,0.95,7.0,7,22,883
11.222222222222221,3.6,3.8499999999999996,360,0.88,8.0,8,22,884
145.88888888888889,3.9,3.9664685702961338,360,0.82,9.0,9,22,885
291.77777777777777,4.6,4.074999999999999,360,0.79,10.0,10,22,886
224.44444444444446,4.8,4.168198051533946,360,0.79,10.0,11,22,887
168.33333333333331,4.6,4.239711431702997,360,0.83,11.0,12,22,888
145.88888888888889,4.3,4.28466662183008,360,0.92,10.0,13,22,889
134.66666666666669,4.4,4.3,360,0.94,10.0,14,22,890
101.0,4.5,4.28466662183008,360,0.93,11.0,15,22,891
33.66666666666667,3.6,4.239711431702997,360,0.95,9.0,16,22,892
11.222222222222221,3.3,4.168198051533946,360,0.96,8.0,17,22,893
0.0,3.3,4.074999999999999,360,0.94,8.0,18,22,894
0.0,3.7,3.9664685702961338,360,0.97,6.0,19,22,895
0.0,3.5,3.8499999999999996,360,0.96,8.0,20,22,896
0.0,3.2,3.7335314297038655,360,0.97,8.0,21,22,897
0.0,2.6,3.625,360,0.98,5.0,22,22,898
0.0,2.0,3.5318019484660534,360,0.98,6.0,23,22,899
0.0,1.9,3.460288568297002,360,0.99,6.0,24,22,900
0.0,2.0,3.125555630283199,360,0.98,6.0,1,23,901
0.0,1.8,3.0999999999999996,360,0.97,6.0,2,23,902
0.0,1.4,3.1255556302831984,360,0.99,4.0,3,23,903
0.0,1.2,3.2004809471616706,360,1.0,4.0,4,23,904
0.0,1.2,3.3196699141100887,360,1.0,4.0,5,23,905
0.0,1.4,3.4749999999999996,360,1.0,3.0,6,23,906
0.0,1.5,3.6558857161731093,360,1.0,2.0,7,23,907
0.0,1.6,3.8499999999999996,360,1.0,3.0,8,23,908
56.111111111111114,2.0,4.04411428382689,360,1.0,2.0,9,23,909
179.55555555555554,2.8,4.225,360,1.0,2.0,10,23,910
179.55555555555554,2.9,4.38033008588991,360,0.98,2.0,11,23,911
370.33333333333337,3.9,4.499519052838329,360,0.91,2.0,12,23,912
258.11111111111114,3.8,4.574444369716801,360,0.91,3.0,13,23,913
168.33333333333331,4.0,4.6,360,0.92,4.0,14,23,914
123.44444444444446,4.5,4.574444369716801,360,0.91,2.0,15,23,915
67.33333333333334,4.2,4.499519052838329,360,0.92,4.0,16,23,916
22.444444444444443,4.0,4.38033008588991,360,0.9,4.0,17,23,917
0.0,3.7,4.225,360,0.91,4.0,18,23,918
0.0,2.7,4.04411428382689,360,0.98,2.0,19,23,919
0.0,2.5,3.8499999999999996,360,0.97,3.0,20,23,920
0.0,2.0,3.6558857161731093,360,0.98,4.0,21,23,921
0.0,1.0,3.475,360,0.99,4.0,22,23,922
0.0,1.0,3.319669914110089,360,1.0,3.0,23,23,923
0.0,1.1,3.2004809471616706,360,1.0,4.0,24,23,924
0.0,0.7,3.022148212912106,360,1.0,2.0,1,24,925
0.0,0.8,3.0,360,1.0,3.0,2,24,926
0.0,1.1,3.0221482129121053,360,0.99,2.0,3,24,927
0.0,1.5,3.0870834875401147,360,0.97,3.0,4,24,928
0.0,2.0,3.1903805922287436,360,0.95,4.0,5,24,929
0.0,2.1,3.3249999999999997,360,0.95,3.0,6,24,930
0.0,2.2,3.4817676206833617,360,0.94,3.0,7,24,931
0.0,2.1,3.65,360,0.94,4.0,8,24,932
56.111111111111114,2.4,3.818232379316638,360,0.92,4.0,9,24,933
168.33333333333331,2.7,3.975,360,0.95,6.0,10,24,934
291.77777777777777,3.8,4.109619407771255,360,0.92,6.0,11,24,935
303.0,3.8,4.212916512459885,360,0.91,7.0,12,24,936
314.2222222222222,3.9,4.2778517870878945,360,0.89,6.0,13,24,937
280.55555555555554,4.1,4.3,360,0.86,6.0,14,24,938
145.88888888888889,3.8,4.2778517870878945,360,0.89,5.0,15,24,939
78.55555555555554,3.4,4.212916512459885,360,0.9,5.0,16,24,940
44.888888888888886,2.7,4.109619407771255,360,0.93,4.0,17,24,941
0.0,2.8,3.975,360,0.91,5.0,18,24,942
0.0,2.7,3.818232379316638,360,0.94,4.0,19,24,943
0.0,2.6,3.65,360,0.95,4.0,20,24,944
0.0,2.5,3.4817676206833617,360,0.94,3.0,21,24,945
0.0,2.4,3.325,360,0.94,4.0,22,24,946
0.0,2.3,3.190380592228744,360,0.9,3.0,23,24,947
0.0,2.2,3.0870834875401147,360,0.79,5.0,24,24,948
0.0,2.0,3.3153333781699192,360,0.76,3.0,1,25,949
0.0,1.8,3.3,360,0.8,4.0,2,25,950
0.0,2.0,3.3153333781699192,360,0.76,4.0,3,25,951
0.0,1.6,3.3602885682970025,360,0.77,4.0,4,25,952
0.0,1.5,3.4318019484660534,360,0.75,4.0,5,25,953
0.0,1.4,3.525,360,0.75,3.0,6,25,954
0.0,1.2,3.633531429703866,360,0.77,2.0,7,25,955
0.0,1.2,3.75,360,0.77,3.0,8,25,956
56.111111111111114,1.4,3.8664685702961346,360,0.78,2.0,9,25,957
123.44444444444446,1.4,3.975,360,0.77,4.0,10,25,958
213.22222222222223,1.5,4.068198051533947,360,0.76,4.0,11,25,959
370.33333333333337,1.5,4.139711431702998,360,0.71,4.0,12,25,960
448.8888888888889,1.6,4.184666621830081,360,0.74,4.0,13,25,961
426.44444444444446,1.6,4.2,360,0.8,4.0,14,25,962
280.55555555555554,1.5,4.184666621830081,360,0.78,5.0,15,25,963
202.0,1.6,4.139711431702998,360,0.76,4.0,16,25,964
56.111111111111114,0.8,4.068198051533947,360,0.82,3.0,17,25,965
0.0,0.4,3.975,360,0.83,4.0,18,25,966
0.0,-0.6,3.8664685702961346,360,0.87,4.0,19,25,967
0.0,-1.0,3.75,360,0.89,3.0,20,25,968
0.0,-0.9,3.633531429703866,360,0.91,4.0,21,25,969
0.0,0.4,3.525,360,0.87,4.0,22,25,970
0.0,1.1,3.4318019484660534,360,0.85,7.0,23,25,971
0.0,1.4,3.3602885682970025,360,0.86,8.0,24,25,972
0.0,0.5,2.6391852997675715,360,0.96,7.0,1,26,973
0.0,0.5,2.5999999999999996,360,0.98,6.0,2,26,974
0.0,0.7,2.639185299767571,360,0.99,8.0,3,26,975
0.0,1.2,2.754070785647895,360,0.97,8.0,4,26,976
0.0,1.5,2.9368272016354697,360,0.97,6.0,5,26,977
0.0,1.5,3.1749999999999994,360,0.99,5.0,6,26,978
0.0,1.6,3.4523580981321014,360,1.0,3.0,7,26,979
0.0,1.9,3.75,360,1.0,4.0,8,26,980
145.88888888888889,4.1,4.047641901867899,360,1.0,4.0,9,26,981
269.33333333333337,5.9,4.325,360,0.93,7.0,10,26,982
246.8888888888889,6.7,4.56317279836453,360,0.89,8.0,11,26,983
325.44444444444446,7.4,4.745929214352104,360,0.82,6.0,12,26,984
482.5555555555556,8.5,4.860814700232429,360,0.78,6.0,13,26,985
392.7777777777778,8.5,4.9,360,0.74,6.0,14,26,986
370.33333333333337,8.4,4.860814700232429,360,0.74,5.0,15,26,987
224.44444444444446,8.5,4.745929214352104,360,0.77,4.0,16,26,988
78.55555555555554,6.2,4.56317279836453,360,0.91,2.0,17,26,989
0.0,5.5,4.325,360,0.93,2.0,18,26,990
0.0,5.1,4.047641901867899,360,0.92,3.0,19,26,991
0.0,5.2,3.75,360,0.91,4.0,20,26,992
0.0,4.9,3.4523580981321014,360,0.93,6.0,21,26,993
0.0,4.6,3.1750000000000003,360,0.95,6.0,22,26,994
0.0,4.6,2.93682720163547,360,0.93,6.0,23,26,995
0.0,4.7,2.7540707856478956,360,0.92,6.0,24,26,996
0.0,4.6,4.028963047654291,360,0.92,8.0,1,27,997
0.0,5.3,3.9999999999999996,360,0.91,10.0,2,27,998
0.0,4.4,4.028963047654291,360,0.94,10.0,3,27,999
0.0,4.1,4.113878406783226,360,0.95,8.0,4,27,1000
0.0,4.2,4.248959235991434,360,0.94,9.0,5,27,1001
0.0,4.2,4.424999999999999,360,0.96,10.0,6,27,1002
0.0,4.6,4.630003811662857,360,0.96,11.0,7,27,1003
0.0,4.9,4.85,360,0.96,11.0,8,27,1004
22.444444444444443,5.2,5.069996188337142,360,0.98,11.0,9,27,1005
44.888888888888886,5.7,5.2749999999999995,360,1.0,11.0,10,27,1006
78.55555555555554,6.4,5.451040764008566,360,0.99,12.0,11,27,1007
235.66666666666669,7.1,5.586121593216773,360,1.0,10.0,12,27,1008
246.8888888888889,7.5,5.671036952345708,360,1.0,8.0,13,27,1009
190.77777777777777,8.2,5.699999999999999,360,1.0,6.0,14,27,1010
89.77777777777777,8.5,5.671036952345708,360,1.0,4.0,15,27,1011
67.33333333333334,8.4,5.586121593216773,360,1.0,4.0,16,27,1012
11.222222222222221,8.0,5.451040764008566,360,0.99,4.0,17,27,1013
0.0,7.7,5.2749999999999995,360,1.0,4.0,18,27,1014
0.0,7.5,5.069996188337142,360,0.96,4.0,19,27,1015
0.0,7.1,4.85,360,0.88,4.0,20,27,1016
0.0,6.5,4.630003811662857,360,0.81,5.0,21,27,1017
0.0,6.2,4.425,360,0.81,4.0,22,27,1018
0.0,5.5,4.2489592359914345,360,0.85,4.0,23,27,1019
0.0,4.5,4.113878406783226,360,0.9,5.0,24,27,1020
0.0,4.2,4.144296425824211,360,0.94,4.0,1,28,1021
0.0,4.2,4.1,360,0.96,5.0,2,28,1022
0.0,5.2,4.144296425824211,360,0.98,7.0,3,28,1023
0.0,5.3,4.274166975080229,360,0.97,6.0,4,28,1024
0.0,4.6,4.480761184457488,360,0.99,6.0,5,28,1025
0.0,4.2,4.75,360,1.0,5.0,6,28,1026
0.0,4.5,5.063535241366724,360,0.98,6.0,7,28,1027
22.444444444444443,4.2,5.4,360,0.97,5.0,8,28,1028
235.66666666666669,5.6,5.736464758633278,360,0.94,3.0,9,28,1029
493.7777777777778,6.8,6.050000000000001,360,0.93,5.0,10,28,1030
707.0000000000001,9.0,6.319238815542512,360,0.77,5.0,11,28,1031
751.8888888888888,9.6,6.525833024919771,360,0.8,6.0,12,28,1032
662.1111111111112,10.4,6.6557035741757895,360,0.74,8.0,13,28,1033
583.5555555555555,10.6,6.700000000000001,360,0.76,8.0,14,28,1034
381.55555555555554,10.6,6.6557035741757895,360,0.72,8.0,15,28,1035
134.66666666666669,10.3,6.525833024919771,360,0.77,8.0,16,28,1036
78.55555555555554,9.7,6.319238815542512,360,0.82,9.0,17,28,1037
0.0,8.9,6.050000000000001,360,0.89,7.0,18,28,1038
0.0,8.6,5.736464758633278,360,0.92,8.0,19,28,1039
0.0,8.3,5.4,360,0.95,8.0,20,28,1040
0.0,8.9,5.063535241366724,360,0.96,10.0,21,28,1041
0.0,8.9,4.750000000000001,360,0.95,8.0,22,28,1042
0.0,9.0,4.480761184457489,360,0.94,8.0,23,28,1043
0.0,9.0,4.27416697508023,360,0.93,8.0,24,28,1044
0.0,9.4,6.322148212912105,360,0.9,8.0,1,29,1045
0.0,9.5,6.299999999999999,360,0.88,9.0,2,29,1046
0.0,9.0,6.322148212912105,360,0.91,8.0,3,29,1047
0.0,9.1,6.387083487540114,360,0.92,9.0,4,29,1048
0.0,8.9,6.490380592228743,360,0.92,10.0,5,29,1049
0.0,8.2,6.624999999999999,360,0.9,9.0,6,29,1050
0.0,8.3,6.781767620683361,360,0.79,9.0,7,29,1051
11.222222222222221,8.0,6.949999999999999,360,0.82,8.0,8,29,1052
44.888888888888886,7.3,7.1182323793166375,360,0.9,9.0,9,29,1053
145.88888888888889,7.9,7.2749999999999995,360,0.86,12.0,10,29,1054
190.77777777777777,7.5,7.409619407771255,360,0.96,11.0,11,29,1055
157.1111111111111,8.2,7.512916512459884,360,0.91,10.0,12,29,1056
168.33333333333331,9.0,7.577851787087893,360,0.88,8.0,13,29,1057
134.66666666666669,9.7,7.6,360,0.87,8.0,14,29,1058
78.55555555555554,9.5,7.577851787087893,360,0.94,8.0,15,29,1059
44.888888888888886,10.2,7.512916512459884,360,0.91,8.0,16,29,1060
11.222222222222221,10.6,7.409619407771255,360,0.93,7.0,17,29,1061
0.0,10.6,7.2749999999999995,360,0.91,6.0,18,29,1062
0.0,11.0,7.1182323793166375,360,0.88,8.0,19,29,1063
0.0,10.6,6.949999999999999,360,0.91,10.0,20,29,1064
0.0,10.5,6.781767620683361,360,0.89,8.0,21,29,1065
0.0,9.9,6.624999999999999,360,0.9,8.0,22,29,1066
0.0,10.1,6.490380592228743,360,0.84,7.0,23,29,1067
0.0,10.0,6.387083487540115,360,0.82,7.0,24,29,1068
0.0,10.5,7.328963047654292,360,0.76,8.0,1,30,1069
0.0,10.4,7.300000000000001,360,0.81,9.0,2,30,1070
0.0,10.5,7.328963047654292,360,0.81,8.0,3,30,1071
0.0,11.5,7.413878406783227,360,0.79,9.0,4,30,1072
0.0,11.0,7.548959235991434,360,0.83,10.0,5,30,1073
0.0,10.6,7.725,360,0.83,10.0,6,30,1074
0.0,10.3,7.930003811662858,360,0.84,10.0,7,30,1075
22.444444444444443,10.6,8.15,360,0.83,10.0,8,30,1076
56.111111111111114,11.3,8.369996188337144,360,0.82,9.0,9,30,1077
134.66666666666669,12.1,8.575000000000001,360,0.84,10.0,10,30,1078
112.22222222222223,11.9,8.751040764008566,360,0.89,10.0,11,30,1079
202.0,11.9,8.886121593216773,360,0.97,14.0,12,30,1080
145.88888888888889,12.1,8.971036952345708,360,0.99,14.0,13,30,1081
89.77777777777777,11.9,9.0,360,0.96,14.0,14,30,1082
179.55555555555554,11.8,8.971036952345708,360,0.94,9.0,15,30,1083
101.0,11.5,8.886121593216773,360,0.95,8.0,16,30,1084
56.111111111111114,11.1,8.751040764008566,360,0.86,6.0,17,30,1085
0.0,9.9,8.575000000000001,360,0.96,4.0,18,30,1086
0.0,8.8,8.369996188337144,360,0.98,4.0,19,30,1087
0.0,7.6,8.15,360,1.0,4.0,20,30,1088
0.0,7.4,7.930003811662858,360,1.0,5.0,21,30,1089
0.0,7.2,7.7250000000000005,360,1.0,5.0,22,30,1090
0.0,7.1,7.548959235991435,360,1.0,4.0,23,30,1091
0.0,6.9,7.413878406783227,360,1.0,5.0,24,30,1092
0.0,6.3,7.43066675633984,360,1.0,5.0,1,31,1093
0.0,5.6,7.400000000000001,360,1.0,4.0,2,31,1094
0.0,4.8,7.43066675633984,360,1.0,5.0,3,31,1095
0.0,6.0,7.520577136594007,360,1.0,6.0,4,31,1096
0.0,6.8,7.663603896932108,360,1.0,6.0,5,31,1097
0.0,7.7,7.8500000000000005,360,1.0,5.0,6,31,1098
0.0,8.0,8.067062859407732,360,1.0,7.0,7,31,1099
11.222222222222221,8.3,8.3,360,1.0,7.0,8,31,1100
101.0,8.8,8.532937140592269,360,1.0,6.0,9,31,1101
145.88888888888889,9.4,8.75,360,1.0,7.0,10,31,1102
179.55555555555554,10.4,8.936396103067892,360,1.0,8.0,11,31,1103
415.2222222222223,11.7,9.079422863405995,360,0.95,8.0,12,31,1104
909.0,12.9,9.169333243660162,360,0.77,9.0,13,31,1105
460.11111111111114,12.6,9.2,360,0.8,10.0,14,31,1106
505.0,12.1,9.169333243660162,360,0.75,10.0,15,31,1107
202.0,11.6,9.079422863405995,360,0.83,7.0,16,31,1108
44.888888888888886,11.2,8.936396103067892,360,0.85,7.0,17,31,1109
0.0,10.7,8.75,360,0.92,6.0,18,31,1110
0.0,10.2,8.532937140592269,360,0.94,7.0,19,31,1111
0.0,10.0,8.3,360,0.95,6.0,20,31,1112
0.0,9.8,8.067062859407732,360,0.97,6.0,21,31,1113
0.0,9.442857142857145,7.850000000000001,360,0.9742857142857144,7.142857142857142,22,31,1114
0.0,9.085714285714284,7.663603896932108,360,0.9785714285714286,8.285714285714285,23,31,1115
0.0,8.72857142857143,7.520577136594007,360,0.9828571428571428,9.428571428571429,24,31,1116
0.0,8.371428571428572,6.620444504226558,360,0.9871428571428572,10.571428571428571,1,32,1117
0.0,8.014285714285714,6.6,360,0.9914285714285714,11.714285714285714,2,32,1118
0.0,7.657142857142857,6.620444504226558,360,0.9957142857142856,12.857142857142858,3,32,1119
0.0,7.3,6.680384757729336,360,1.0,14.0,4,32,1120
0.0,7.2,6.775735931288071,360,1.0,13.0,5,32,1121
0.0,7.3,6.899999999999999,360,1.0,9.0,6,32,1122
0.0,7.2,7.044708572938487,360,1.0,10.0,7,32,1123
11.222222222222221,6.9,7.199999999999999,360,1.0,6.0,8,32,1124
89.77777777777777,6.9,7.355291427061512,360,0.99,6.0,9,32,1125
235.66666666666669,7.4,7.499999999999999,360,1.0,6.0,10,32,1126
280.55555555555554,6.4,7.624264068711928,360,0.92,10.0,11,32,1127
796.7777777777777,8.9,7.719615242270662,360,0.81,6.0,12,32,1128
684.5555555555557,9.4,7.77955549577344,360,0.75,9.0,13,32,1129
359.1111111111111,6.3,7.799999999999999,360,0.94,7.0,14,32,1130
213.22222222222223,6.7,7.77955549577344,360,0.93,4.0,15,32,1131
168.33333333333331,6.6,7.719615242270662,360,0.88,5.0,16,32,1132
33.66666666666667,5.7,7.624264068711928,360,0.92,5.0,17,32,1133
0.0,4.8,7.499999999999999,360,1.0,4.0,18,32,1134
0.0,4.0,7.355291427061512,360,1.0,3.0,19,32,1135
0.0,3.0,7.199999999999999,360,1.0,4.0,20,32,1136
0.0,2.8,7.044708572938487,360,1.0,4.0,21,32,1137
0.0,2.2,6.8999999999999995,360,1.0,4.0,22,32,1138
0.0,2.0,6.775735931288071,360,1.0,4.0,23,32,1139
0.0,1.6,6.680384757729336,360,1.0,4.0,24,32,1140
0.0,1.8,5.030666756339839,360,1.0,4.0,1,33,1141
0.0,1.8,5.0,360,1.0,4.0,2,33,1142
0.0,2.2,5.030666756339839,360,1.0,4.0,3,33,1143
0.0,2.2,5.120577136594005,360,1.0,4.0,4,33,1144
0.0,1.6,5.263603896932107,360,1.0,4.0,5,33,1145
0.0,1.0,5.45,360,1.0,4.0,6,33,1146
0.0,1.0,5.667062859407732,360,1.0,4.0,7,33,1147
33.66666666666667,1.2,5.9,360,1.0,4.0,8,33,1148
269.33333333333337,3.0,6.132937140592269,360,1.0,5.0,9,33,1149
505.0,5.2,6.3500000000000005,360,0.98,6.0,10,33,1150
673.3333333333333,7.2,6.536396103067893,360,0.89,6.0,11,33,1151
751.8888888888888,7.5,6.679422863405995,360,0.87,6.0,12,33,1152
729.4444444444443,8.5,6.769333243660162,360,0.9,7.0,13,33,1153
729.4444444444443,8.7,6.800000000000001,360,0.87,7.0,14,33,1154
471.33333333333337,9.0,6.769333243660162,360,0.8,6.0,15,33,1155
280.55555555555554,8.0,6.679422863405995,360,0.92,6.0,16,33,1156
89.77777777777777,6.1,6.536396103067893,360,0.96,4.0,17,33,1157
0.0,6.2,6.3500000000000005,360,1.0,2.0,18,33,1158
0.0,5.7,6.132937140592269,360,1.0,5.0,19,33,1159
0.0,5.7,5.9,360,1.0,4.0,20,33,1160
0.0,5.1,5.667062859407732,360,1.0,5.0,21,33,1161
0.0,4.2,5.450000000000001,360,1.0,5.0,22,33,1162
0.0,3.5,5.263603896932108,360,1.0,4.0,23,33,1163
0.0,2.9,5.120577136594005,360,1.0,3.0,24,33,1164
0.0,2.8,4.923851921597652,360,1.0,5.0,1,34,1165
0.0,2.9,4.9,360,1.0,4.0,2,34,1166
0.0,2.1,4.923851921597652,360,1.0,4.0,3,34,1167
0.0,1.7,4.993782217350892,360,1.0,4.0,4,34,1168
0.0,1.5,5.1050252531694165,360,1.0,4.0,5,34,1169
0.0,2.1,5.249999999999999,360,1.0,4.0,6,34,1170
0.0,2.0,5.418826668428236,360,1.0,4.0,7,34,1171
44.888888888888886,1.8,5.6,360,1.0,3.0,8,34,1172
291.77777777777777,3.1,5.781173331571764,360,0.93,4.0,9,34,1173
527.4444444444445,4.8,5.949999999999999,360,0.86,6.0,10,34,1174
763.1111111111111,6.3,6.094974746830583,360,0.75,6.0,11,34,1175
819.2222222222222,7.7,6.206217782649107,360,0.68,8.0,12,34,1176
763.1111111111111,8.0,6.276148078402347,360,0.63,10.0,13,34,1177
505.0,8.3,6.299999999999999,360,0.61,8.0,14,34,1178
415.2222222222223,7.8,6.276148078402347,360,0.64,9.0,15,34,1179
112.22222222222223,7.4,6.206217782649107,360,0.7,9.0,16,34,1180
44.888888888888886,7.2,6.094974746830583,360,0.78,10.0,17,34,1181
0.0,6.6,5.949999999999999,360,0.93,9.0,18,34,1182
0.0,6.7,5.781173331571764,360,0.96,12.0,19,34,1183
0.0,6.4,5.6,360,0.91,9.0,20,34,1184
0.0,6.2,5.418826668428236,360,0.99,8.0,21,34,1185
0.0,5.6,5.25,360,0.99,8.0,22,34,1186
0.0,4.5,5.1050252531694165,360,1.0,4.0,23,34,1187
0.0,4.8,4.993782217350892,360,1.0,6.0,24,34,1188
0.0,4.3,5.323851921597652,360,1.0,6.0,1,35,1189
0.0,4.5,5.3,360,1.0,7.0,2,35,1190
0.0,4.4,5.323851921597652,360,1.0,8.0,3,35,1191
0.0,4.3,5.393782217350893,360,1.0,6.0,4,35,1192
0.0,3.6,5.505025253169416,360,1.0,8.0,5,35,1193
0.0,3.6,5.6499999999999995,360,1.0,7.0,6,35,1194
0.0,3.3,5.818826668428236,360,1.0,7.0,7,35,1195
33.66666666666667,3.4,6.0,360,1.0,7.0,8,35,1196
314.2222222222222,5.2,6.181173331571765,360,1.0,8.0,9,35,1197
572.3333333333333,6.5,6.3500000000000005,360,0.95,8.0,10,35,1198
650.8888888888889,7.1,6.494974746830583,360,0.94,10.0,11,35,1199
628.4444444444443,7.8,6.606217782649107,360,0.84,9.0,12,35,1200
841.6666666666666,9.0,6.676148078402348,360,0.74,10.0,13,35,1201
830.4444444444446,9.9,6.7,360,0.66,11.0,14,35,1202
628.4444444444443,9.1,6.676148078402348,360,0.65,11.0,15,35,1203
246.8888888888889,8.4,6.606217782649107,360,0.65,11.0,16,35,1204
56.111111111111114,7.8,6.494974746830583,360,0.68,9.0,17,35,1205
0.0,7.9,6.3500000000000005,360,0.66,10.0,18,35,1206
0.0,7.7,6.181173331571765,360,0.7,10.0,19,35,1207
0.0,8.1,6.0,360,0.64,12.0,20,35,1208
0.0,7.7,5.818826668428236,360,0.69,13.0,21,35,1209
0.0,6.9,5.65,360,0.88,16.0,22,35,1210
0.0,6.7,5.505025253169417,360,0.89,15.0,23,35,1211
0.0,7.5,5.393782217350893,360,0.85,14.0,24,35,1212
0.0,7.2,6.213629669484373,360,0.93,14.0,1,36,1213
0.0,7.1,6.199999999999999,360,0.93,14.0,2,36,1214
0.0,6.5,6.213629669484372,360,0.94,10.0,3,36,1215
0.0,6.8,6.253589838486224,360,0.88,10.0,4,36,1216
0.0,6.0,6.31715728752538,360,0.96,10.0,5,36,1217
0.0,6.0,6.3999999999999995,360,1.0,8.0,6,36,1218
0.0,6.9,6.496472381958991,360,0.97,12.0,7,36,1219
22.444444444444443,5.9,6.6,360,0.94,16.0,8,36,1220
112.22222222222223,6.3,6.703527618041008,360,0.94,9.0,9,36,1221
258.11111111111114,6.7,6.8,360,0.97,14.0,10,36,1222
516.2222222222223,8.0,6.882842712474619,360,0.84,14.0,11,36,1223
594.7777777777778,6.5,6.946410161513775,360,0.85,16.0,12,36,1224
673.3333333333333,8.6,6.986370330515627,360,0.79,15.0,13,36,1225
168.33333333333331,7.6,7.0,360,0.89,13.0,14,36,1226
516.2222222222223,9.2,6.986370330515627,360,0.79,16.0,15,36,1227
336.66666666666663,8.3,6.946410161513775,360,0.84,13.0,16,36,1228
78.55555555555554,7.5,6.882842712474619,360,0.85,10.0,17,36,1229
0.0,6.9,6.8,360,0.95,8.0,18,36,1230
0.0,6.9,6.703527618041008,360,0.97,9.0,19,36,1231
0.0,6.4,6.6,360,0.99,7.0,20,36,1232
0.0,6.2,6.496472381958991,360,0.98,8.0,21,36,1233
0.0,6.3,6.3999999999999995,360,1.0,7.0,22,36,1234
0.0,6.3,6.317157287525381,360,0.99,10.0,23,36,1235
0.0,5.5,6.253589838486224,360,1.0,7.0,24,36,1236
0.0,5.3,6.0323704650253855,360,1.0,7.0,1,37,1237
0.0,5.1,6.0,360,1.0,7.0,2,37,1238
0.0,5.0,6.0323704650253855,360,1.0,8.0,3,37,1239
0.0,5.3,6.1272758664047835,360,1.0,8.0,4,37,1240
0.0,5.7,6.27824855787278,360,0.98,8.0,5,37,1241
0.0,6.2,6.475,360,0.96,10.0,6,37,1242
0.0,6.5,6.704121907152605,360,0.92,10.0,7,37,1243
22.444444444444443,6.8,6.95,360,0.84,11.0,8,37,1244
67.33333333333334,7.2,7.195878092847395,360,0.82,12.0,9,37,1245
168.33333333333331,6.4,7.425000000000001,360,0.94,16.0,10,37,1246
336.66666666666663,8.0,7.621751442127221,360,0.84,14.0,11,37,1247
673.3333333333333,9.9,7.772724133595217,360,0.76,13.0,12,37,1248
931.4444444444445,13.2,7.867629534974615,360,0.67,13.0,13,37,1249
875.3333333333334,14.2,7.9,360,0.59,13.0,14,37,1250
617.2222222222222,14.2,7.867629534974615,360,0.6,14.0,15,37,1251
202.0,14.1,7.772724133595217,360,0.62,14.0,16,37,1252
67.33333333333334,13.7,7.621751442127221,360,0.61,13.0,17,37,1253
0.0,13.7,7.425000000000001,360,0.57,11.0,18,37,1254
0.0,13.6,7.195878092847395,360,0.6,12.0,19,37,1255
0.0,12.7,6.95,360,0.65,12.0,20,37,1256
0.0,12.5,6.704121907152605,360,0.69,15.0,21,37,1257
0.0,11.2,6.4750000000000005,360,0.84,19.0,22,37,1258
0.0,11.0,6.27824855787278,360,0.83,14.0,23,37,1259
0.0,11.4,6.1272758664047835,360,0.81,14.0,24,37,1260
0.0,11.8,7.413629669484373,360,0.78,18.0,1,38,1261
0.0,9.9,7.4,360,0.96,17.0,2,38,1262
0.0,9.3,7.413629669484373,360,0.91,18.0,3,38,1263
0.0,8.6,7.4535898384862245,360,0.85,16.0,4,38,1264
0.0,8.1,7.517157287525381,360,0.9,13.0,5,38,1265
0.0,7.5,7.6,360,0.87,14.0,6,38,1266
0.0,7.2,7.6964723819589915,360,0.91,8.0,7,38,1267
22.444444444444443,7.0,7.8,360,0.86,11.0,8,38,1268
202.0,7.7,7.903527618041008,360,0.81,9.0,9,38,1269
392.7777777777778,8.1,8.0,360,0.85,15.0,10,38,1270
729.4444444444443,9.5,8.08284271247462,360,0.76,8.0,11,38,1271
404.0,10.1,8.146410161513774,360,0.71,10.0,12,38,1272
830.4444444444446,10.3,8.186370330515627,360,0.63,10.0,13,38,1273
606.0,10.2,8.2,360,0.68,10.0,14,38,1274
303.0,9.0,8.186370330515627,360,0.82,10.0,15,38,1275
157.1111111111111,8.8,8.146410161513774,360,0.86,8.0,16,38,1276
44.888888888888886,8.5,8.08284271247462,360,0.87,9.0,17,38,1277
0.0,8.1,8.0,360,0.88,10.0,18,38,1278
0.0,7.5,7.903527618041008,360,0.92,9.0,19,38,1279
0.0,7.6,7.8,360,0.95,8.0,20,38,1280
0.0,7.9,7.6964723819589915,360,0.91,11.0,21,38,1281
0.0,7.9,7.6000000000000005,360,0.88,9.0,22,38,1282
0.0,8.0,7.517157287525381,360,0.79,9.0,23,38,1283
0.0,8.0,7.4535898384862245,360,0.78,10.0,24,38,1284
0.0,8.4,7.205111126056639,360,0.74,10.0,1,39,1285
0.0,8.0,7.199999999999999,360,0.83,10.0,2,39,1286
0.0,7.7,7.205111126056639,360,0.84,10.0,3,39,1287
0.0,7.0,7.220096189432334,360,0.91,11.0,4,39,1288
0.0,6.9,7.243933982822018,360,0.94,12.0,5,39,1289
0.0,6.9,7.2749999999999995,360,0.97,13.0,6,39,1290
0.0,7.1,7.311177143234621,360,0.98,13.0,7,39,1291
11.222222222222221,7.1,7.35,360,1.0,13.0,8,39,1292
33.66666666666667,7.6,7.388822856765378,360,1.0,11.0,9,39,1293
78.55555555555554,8.2,7.425,360,1.0,10.0,10,39,1294
179.55555555555554,8.6,7.456066017177982,360,1.0,12.0,11,39,1295
347.8888888888889,9.1,7.479903810567666,360,0.89,11.0,12,39,1296
269.33333333333337,8.2,7.49488887394336,360,0.87,16.0,13,39,1297
471.33333333333337,8.1,7.5,360,0.84,16.0,14,39,1298
392.7777777777778,8.6,7.49488887394336,360,0.76,13.0,15,39,1299
202.0,5.9,7.479903810567666,360,0.88,14.0,16,39,1300
123.44444444444446,6.5,7.456066017177982,360,0.84,13.0,17,39,1301
11.222222222222221,6.6,7.425,360,0.81,17.0,18,39,1302
0.0,6.4,7.388822856765378,360,0.74,16.0,19,39,1303
0.0,5.6,7.35,360,0.88,12.0,20,39,1304
0.0,4.5,7.311177143234621,360,0.9,14.0,21,39,1305
0.0,4.4,7.2749999999999995,360,0.95,8.0,22,39,1306
0.0,4.7,7.243933982822018,360,0.96,11.0,23,39,1307
0.0,4.1,7.220096189432334,360,0.97,12.0,24,39,1308
0.0,3.4,5.520444504226559,360,1.0,10.0,1,40,1309
0.0,3.2,5.5,360,1.0,7.0,2,40,1310
0.0,4.0,5.520444504226559,360,0.99,8.0,3,40,1311
0.0,4.2,5.580384757729337,360,0.92,11.0,4,40,1312
0.0,3.4,5.675735931288071,360,0.95,12.0,5,40,1313
0.0,3.2,5.799999999999999,360,0.97,10.0,6,40,1314
0.0,3.9,5.944708572938487,360,0.95,9.0,7,40,1315
22.444444444444443,4.4,6.1,360,0.9,8.0,8,40,1316
235.66666666666669,5.1,6.255291427061512,360,0.9,8.0,9,40,1317
291.77777777777777,5.6,6.3999999999999995,360,0.98,8.0,10,40,1318
583.5555555555555,7.1,6.524264068711928,360,0.91,8.0,11,40,1319
482.5555555555556,6.4,6.619615242270663,360,1.0,9.0,12,40,1320
190.77777777777777,5.6,6.679555495773441,360,0.95,8.0,13,40,1321
145.88888888888889,5.8,6.699999999999999,360,1.0,4.0,14,40,1322
246.8888888888889,7.1,6.679555495773441,360,0.98,7.0,15,40,1323
145.88888888888889,7.0,6.619615242270663,360,0.94,8.0,16,40,1324
78.55555555555554,6.5,6.524264068711928,360,0.91,8.0,17,40,1325
11.222222222222221,5.7,6.3999999999999995,360,0.94,6.0,18,40,1326
0.0,5.7,6.255291427061512,360,0.92,4.0,19,40,1327
0.0,6.0,6.1,360,0.88,4.0,20,40,1328
0.0,6.2,5.944708572938487,360,0.84,5.0,21,40,1329
0.0,6.4,5.8,360,0.8,4.0,22,40,1330
0.0,6.5,5.675735931288071,360,0.78,4.0,23,40,1331
0.0,5.9,5.580384757729337,360,0.85,4.0,24,40,1332
0.0,5.9,6.113629669484372,360,0.87,5.0,1,41,1333
0.0,5.9,6.1,360,0.86,4.0,2,41,1334
0.0,5.3,6.113629669484372,360,0.9,4.0,3,41,1335
0.0,4.9,6.153589838486224,360,0.96,4.0,4,41,1336
0.0,4.6,6.217157287525381,360,1.0,4.0,5,41,1337
0.0,4.5,6.3,360,1.0,2.0,6,41,1338
0.0,4.6,6.396472381958992,360,1.0,2.0,7,41,1339
11.222222222222221,4.9,6.5,360,1.0,3.0,8,41,1340
33.66666666666667,4.7,6.603527618041008,360,1.0,4.0,9,41,1341
101.0,4.7,6.7,360,1.0,6.0,10,41,1342
78.55555555555554,4.7,6.782842712474619,360,1.0,9.0,11,41,1343
123.44444444444446,4.9,6.846410161513775,360,0.99,9.0,12,41,1344
415.2222222222223,6.5,6.886370330515628,360,0.9,7.0,13,41,1345
303.0,7.1,6.9,360,0.86,6.0,14,41,1346
415.2222222222223,7.9,6.886370330515628,360,0.85,6.0,15,41,1347
258.11111111111114,7.8,6.846410161513775,360,0.83,6.0,16,41,1348
44.888888888888886,7.4,6.782842712474619,360,0.89,4.0,17,41,1349
0.0,6.6,6.7,360,0.95,4.0,18,41,1350
0.0,6.4,6.603527618041008,360,0.93,4.0,19,41,1351
0.0,5.7,6.5,360,0.93,5.0,20,41,1352
0.0,5.3,6.396472381958992,360,0.99,5.0,21,41,1353
0.0,5.2,6.3,360,1.0,6.0,22,41,1354
0.0,4.8,6.217157287525381,360,1.0,5.0,23,41,1355
0.0,3.7,6.153589838486225,360,1.0,5.0,24,41,1356
0.0,3.3,5.115333378169919,360,1.0,5.0,1,42,1357
0.0,2.8,5.1,360,1.0,4.0,2,42,1358
0.0,2.8,5.115333378169919,360,1.0,4.0,3,42,1359
0.0,2.7,5.160288568297002,360,1.0,4.0,4,42,1360
0.0,2.7,5.231801948466053,360,1.0,6.0,5,42,1361
0.0,3.0,5.324999999999999,360,1.0,6.0,6,42,1362
0.0,3.4,5.433531429703866,360,0.98,8.0,7,42,1363
44.888888888888886,3.9,5.55,360,0.94,8.0,8,42,1364
134.66666666666669,4.4,5.666468570296134,360,0.96,10.0,9,42,1365
179.55555555555554,5.0,5.775,360,0.95,10.0,10,42,1366
314.2222222222222,5.8,5.8681980515339465,360,0.91,10.0,11,42,1367
303.0,6.6,5.939711431702998,360,0.84,11.0,12,42,1368
392.7777777777778,6.9,5.984666621830081,360,0.75,11.0,13,42,1369
168.33333333333331,5.3,6.0,360,0.92,12.0,14,42,1370
123.44444444444446,4.9,5.984666621830081,360,0.99,10.0,15,42,1371
112.22222222222223,4.8,5.939711431702998,360,1.0,10.0,16,42,1372
44.888888888888886,4.7,5.8681980515339465,360,1.0,9.0,17,42,1373
11.222222222222221,5.0,5.775,360,1.0,9.0,18,42,1374
0.0,5.3,5.666468570296134,360,1.0,8.0,19,42,1375
0.0,5.8,5.55,360,1.0,6.0,20,42,1376
0.0,6.5,5.433531429703866,360,0.96,9.0,21,42,1377
0.0,4.7,5.325,360,1.0,8.0,22,42,1378
0.0,4.5,5.231801948466053,360,0.98,3.0,23,42,1379
0.0,3.2,5.160288568297002,360,1.0,4.0,24,42,1380
0.0,3.1,4.730666756339838,360,1.0,4.0,1,43,1381
0.0,2.5,4.699999999999999,360,1.0,4.0,2,43,1382
0.0,2.4,4.730666756339838,360,1.0,4.0,3,43,1383
0.0,2.1,4.820577136594005,360,1.0,4.0,4,43,1384
0.0,2.9,4.963603896932106,360,1.0,5.0,5,43,1385
0.0,2.3,5.1499999999999995,360,1.0,6.0,6,43,1386
0.0,2.7,5.367062859407731,360,1.0,6.0,7,43,1387
56.111111111111114,3.4,5.6,360,0.98,8.0,8,43,1388
280.55555555555554,5.2,5.832937140592268,360,0.9,12.0,9,43,1389
639.6666666666667,6.8,6.05,360,0.85,11.0,10,43,1390
886.5555555555555,8.0,6.236396103067892,360,0.8,12.0,11,43,1391
841.6666666666666,8.6,6.379422863405995,360,0.76,12.0,12,43,1392
673.3333333333333,8.6,6.469333243660161,360,0.76,13.0,13,43,1393
639.6666666666667,9.1,6.5,360,0.73,13.0,14,43,1394
415.2222222222223,9.2,6.469333243660161,360,0.7,14.0,15,43,1395
67.33333333333334,7.8,6.379422863405995,360,0.88,12.0,16,43,1396
33.66666666666667,7.7,6.236396103067892,360,0.94,11.0,17,43,1397
11.222222222222221,8.3,6.05,360,0.88,13.0,18,43,1398
0.0,8.2,5.832937140592268,360,0.95,11.0,19,43,1399
0.0,8.6,5.6,360,1.0,12.0,20,43,1400
0.0,9.1,5.367062859407731,360,1.0,10.0,21,43,1401
0.0,8.6,5.15,360,1.0,7.0,22,43,1402
0.0,8.3,4.963603896932107,360,0.99,5.0,23,43,1403
0.0,7.8,4.820577136594005,360,1.0,6.0,24,43,1404
0.0,7.3,6.327259338968744,360,1.0,5.0,1,44,1405
0.0,7.2,6.299999999999999,360,0.99,8.0,2,44,1406
0.0,7.7,6.327259338968744,360,1.0,10.0,3,44,1407
0.0,8.3,6.407179676972448,360,1.0,10.0,4,44,1408
0.0,9.1,6.534314575050761,360,1.0,14.0,5,44,1409
0.0,8.8,6.699999999999999,360,1.0,12.0,6,44,1410
0.0,8.7,6.892944763917983,360,0.96,16.0,7,44,1411
22.444444444444443,7.9,7.1,360,1.0,10.0,8,44,1412
145.88888888888889,8.9,7.307055236082016,360,1.0,10.0,9,44,1413
269.33333333333337,9.3,7.5,360,0.94,10.0,10,44,1414
471.33333333333337,10.1,7.665685424949238,360,0.85,15.0,11,44,1415
920.2222222222223,9.3,7.79282032302755,360,0.78,19.0,12,44,1416
673.3333333333333,8.7,7.872740661031255,360,0.82,14.0,13,44,1417
841.6666666666666,9.0,7.9,360,0.73,13.0,14,44,1418
505.0,8.7,7.872740661031255,360,0.7,14.0,15,44,1419
224.44444444444446,8.6,7.79282032302755,360,0.7,11.0,16,44,1420
67.33333333333334,5.8,7.665685424949238,360,0.86,11.0,17,44,1421
11.222222222222221,5.1,7.5,360,0.92,6.0,18,44,1422
0.0,5.8,7.307055236082016,360,0.92,5.0,19,44,1423
0.0,5.8,7.1,360,0.94,5.0,20,44,1424
0.0,5.8,6.892944763917983,360,0.95,6.0,21,44,1425
0.0,6.0,6.699999999999999,360,0.95,6.0,22,44,1426
0.0,6.0,6.534314575050762,360,0.95,5.0,23,44,1427
0.0,6.2,6.407179676972449,360,0.97,5.0,24,44,1428
0.0,6.2,6.534074173710932,360,1.0,6.0,1,45,1429
0.0,6.0,6.5,360,1.0,6.0,2,45,1430
0.0,6.0,6.534074173710931,360,1.0,6.0,3,45,1431
0.0,6.0,6.633974596215561,360,1.0,7.0,4,45,1432
0.0,6.0,6.792893218813452,360,1.0,8.0,5,45,1433
0.0,5.9,7.0,360,1.0,11.0,6,45,1434
0.0,6.2,7.241180954897479,360,1.0,12.0,7,45,1435
11.222222222222221,7.0,7.5,360,1.0,12.0,8,45,1436
67.33333333333334,8.0,7.758819045102521,360,1.0,12.0,9,45,1437
370.33333333333337,9.7,8.0,360,0.93,9.0,10,45,1438
628.4444444444443,10.7,8.207106781186548,360,0.85,11.0,11,45,1439
471.33333333333337,11.6,8.36602540378444,360,0.8,11.0,12,45,1440
538.6666666666667,12.6,8.465925826289068,360,0.78,11.0,13,45,1441
426.44444444444446,14.0,8.5,360,0.75,12.0,14,45,1442
325.44444444444446,14.6,8.465925826289068,360,0.75,12.0,15,45,1443
190.77777777777777,14.5,8.36602540378444,360,0.72,13.0,16,45,1444
67.33333333333334,14.2,8.207106781186548,360,0.71,12.0,17,45,1445
0.0,12.1,8.0,360,0.88,12.0,18,45,1446
0.0,10.8,7.758819045102521,360,0.93,9.0,19,45,1447
0.0,10.3,7.5,360,0.93,10.0,20,45,1448
0.0,10.1,7.241180954897479,360,0.88,10.0,21,45,1449
0.0,9.5,7.0,360,0.89,11.0,22,45,1450
0.0,8.9,6.792893218813452,360,0.93,10.0,23,45,1451
0.0,9.0,6.633974596215562,360,0.93,11.0,24,45,1452
0.0,8.8,7.913629669484374,360,0.96,8.0,1,46,1453
0.0,8.7,7.900000000000001,360,0.97,10.0,2,46,1454
0.0,8.7,7.913629669484374,360,1.0,9.0,3,46,1455
0.0,8.6,7.953589838486225,360,1.0,8.0,4,46,1456
0.0,8.4,8.017157287525382,360,1.0,8.0,5,46,1457
0.0,8.5,8.100000000000001,360,1.0,10.0,6,46,1458
0.0,7.9,8.196472381958992,360,0.97,10.0,7,46,1459
22.444444444444443,7.6,8.3,360,1.0,8.0,8,46,1460
145.88888888888889,8.8,8.403527618041009,360,1.0,9.0,9,46,1461
291.77777777777777,9.4,8.5,360,0.97,11.0,10,46,1462
168.33333333333331,8.7,8.58284271247462,360,1.0,10.0,11,46,1463
258.11111111111114,8.3,8.646410161513776,360,0.89,9.0,12,46,1464
381.55555555555554,9.9,8.686370330515627,360,0.84,9.0,13,46,1465
370.33333333333337,9.0,8.7,360,0.79,12.0,14,46,1466
404.0,9.2,8.686370330515627,360,0.78,8.0,15,46,1467
291.77777777777777,9.2,8.646410161513776,360,0.8,8.0,16,46,1468
123.44444444444446,8.7,8.58284271247462,360,0.84,7.0,17,46,1469
11.222222222222221,8.0,8.5,360,0.84,8.0,18,46,1470
0.0,7.6,8.403527618041009,360,0.87,7.0,19,46,1471
0.0,7.1,8.3,360,0.89,8.0,20,46,1472
0.0,6.5,8.196472381958992,360,0.93,6.0,21,46,1473
0.0,6.0,8.100000000000001,360,0.96,5.0,22,46,1474
0.0,5.9,8.017157287525382,360,0.99,4.0,23,46,1475
0.0,5.4,7.953589838486225,360,1.0,5.0,24,46,1476
0.0,5.8,6.432370465025386,360,1.0,6.0,1,47,1477
0.0,5.6,6.4,360,1.0,6.0,2,47,1478
0.0,5.1,6.432370465025386,360,1.0,6.0,3,47,1479
0.0,4.7,6.527275866404784,360,1.0,5.0,4,47,1480
0.0,4.7,6.67824855787278,360,1.0,4.0,5,47,1481
0.0,4.6,6.875,360,1.0,5.0,6,47,1482
0.0,4.1,7.104121907152606,360,1.0,4.0,7,47,1483
89.77777777777777,4.8,7.3500000000000005,360,1.0,4.0,8,47,1484
381.55555555555554,6.2,7.5958780928473955,360,1.0,5.0,9,47,1485
662.1111111111112,8.1,7.825000000000001,360,0.96,6.0,10,47,1486
897.7777777777778,9.6,8.02175144212722,360,0.88,7.0,11,47,1487
684.5555555555557,10.2,8.172724133595217,360,0.77,7.0,12,47,1488
1111.0,10.9,8.267629534974615,360,0.63,10.0,13,47,1489
471.33333333333337,10.5,8.3,360,0.75,9.0,14,47,1490
763.1111111111111,10.7,8.267629534974615,360,0.69,10.0,15,47,1491
527.4444444444445,10.3,8.172724133595217,360,0.7,8.0,16,47,1492
112.22222222222223,8.4,8.02175144212722,360,0.86,8.0,17,47,1493
11.222222222222221,7.4,7.825000000000001,360,0.9,6.0,18,47,1494
0.0,6.6,7.5958780928473955,360,0.92,4.0,19,47,1495
0.0,6.6,7.3500000000000005,360,0.96,5.0,20,47,1496
0.0,5.7,7.104121907152606,360,0.99,4.0,21,47,1497
0.0,5.0,6.875000000000001,360,1.0,5.0,22,47,1498
0.0,5.0,6.67824855787278,360,1.0,4.0,23,47,1499
0.0,4.8,6.527275866404784,360,1.0,5.0,24,47,1500
0.0,4.6,6.134074173710932,360,1.0,6.0,1,48,1501
0.0,4.5,6.1,360,1.0,5.0,2,48,1502
0.0,4.4,6.134074173710931,360,1.0,6.0,3,48,1503
0.0,4.1,6.23397459621556,360,1.0,7.0,4,48,1504
0.0,3.6,6.392893218813452,360,1.0,6.0,5,48,1505
0.0,3.1,6.6,360,1.0,6.0,6,48,1506
0.0,3.6,6.841180954897479,360,1.0,6.0,7,48,1507
112.22222222222223,3.9,7.1,360,1.0,5.0,8,48,1508
381.55555555555554,5.6,7.35881904510252,360,0.97,8.0,9,48,1509
695.7777777777778,7.8,7.6,360,0.83,9.0,10,48,1510
942.6666666666667,9.6,7.8071067811865476,360,0.76,7.0,11,48,1511
1077.3333333333335,11.1,7.966025403784438,360,0.66,8.0,12,48,1512
1099.7777777777778,12.1,8.065925826289067,360,0.54,8.0,13,48,1513
1021.2222222222222,13.1,8.1,360,0.45,8.0,14,48,1514
774.3333333333333,12.4,8.065925826289067,360,0.4,8.0,15,48,1515
404.0,11.9,7.966025403784438,360,0.48,7.0,16,48,1516
179.55555555555554,10.2,7.8071067811865476,360,0.56,6.0,17,48,1517
11.222222222222221,9.0,7.6,360,0.59,4.0,18,48,1518
0.0,5.0,7.35881904510252,360,0.87,2.0,19,48,1519
0.0,6.5,7.1,360,0.77,2.0,20,48,1520
0.0,6.4,6.841180954897479,360,0.78,2.0,21,48,1521
0.0,6.2,6.6,360,0.77,2.0,22,48,1522
0.0,6.4,6.392893218813452,360,0.77,2.0,23,48,1523
0.0,6.2,6.233974596215561,360,0.8,2.0,24,48,1524
0.0,7.4,6.330666756339838,360,0.7,6.0,1,49,1525
0.0,7.0,6.299999999999999,360,0.74,8.0,2,49,1526
0.0,7.1,6.330666756339838,360,0.74,6.0,3,49,1527
0.0,7.2,6.420577136594004,360,0.73,8.0,4,49,1528
0.0,7.0,6.563603896932106,360,0.76,8.0,5,49,1529
0.0,6.4,6.749999999999999,360,0.81,8.0,6,49,1530
0.0,5.7,6.967062859407731,360,0.87,6.0,7,49,1531
33.66666666666667,6.1,7.199999999999999,360,0.86,6.0,8,49,1532
123.44444444444446,6.4,7.4329371405922675,360,0.87,6.0,9,49,1533
269.33333333333337,7.0,7.6499999999999995,360,0.88,6.0,10,49,1534
448.8888888888889,8.1,7.836396103067892,360,0.87,7.0,11,49,1535
549.8888888888889,9.3,7.979422863405994,360,0.87,6.0,12,49,1536
673.3333333333333,10.5,8.06933324366016,360,0.86,6.0,13,49,1537
437.6666666666667,10.7,8.1,360,0.85,7.0,14,49,1538
493.7777777777778,11.5,8.06933324366016,360,0.81,7.0,15,49,1539
314.2222222222222,11.5,7.979422863405994,360,0.79,6.0,16,49,1540
246.8888888888889,10.5,7.836396103067892,360,0.76,9.0,17,49,1541
22.444444444444443,8.4,7.6499999999999995,360,0.86,5.0,18,49,1542
0.0,6.9,7.4329371405922675,360,0.93,3.0,19,49,1543
0.0,6.5,7.199999999999999,360,1.0,4.0,20,49,1544
0.0,6.6,6.967062859407731,360,1.0,4.0,21,49,1545
0.0,6.2,6.75,360,1.0,4.0,22,49,1546
0.0,6.0,6.563603896932107,360,1.0,4.0,23,49,1547
0.0,5.3,6.420577136594004,360,1.0,3.0,24,49,1548
0.0,5.7,6.7340741737109315,360,1.0,4.0,1,50,1549
0.0,5.5,6.699999999999999,360,1.0,4.0,2,50,1550
0.0,6.2,6.7340741737109315,360,1.0,3.0,3,50,1551
0.0,6.6,6.833974596215561,360,1.0,4.0,4,50,1552
0.0,6.7,6.992893218813451,360,1.0,3.0,5,50,1553
0.0,6.8,7.199999999999999,360,1.0,4.0,6,50,1554
0.0,7.0,7.4411809548974785,360,1.0,4.0,7,50,1555
33.66666666666667,7.5,7.699999999999999,360,1.0,3.0,8,50,1556
101.0,8.1,7.95881904510252,360,1.0,4.0,9,50,1557
291.77777777777777,9.0,8.2,360,1.0,4.0,10,50,1558
471.33333333333337,10.1,8.407106781186547,360,1.0,6.0,11,50,1559
404.0,10.6,8.566025403784437,360,0.71,7.0,12,50,1560
594.7777777777778,11.3,8.665925826289067,360,0.7,6.0,13,50,1561
448.8888888888889,10.6,8.7,360,0.73,5.0,14,50,1562
303.0,10.7,8.665925826289067,360,0.77,5.0,15,50,1563
213.22222222222223,10.5,8.566025403784437,360,0.8,4.0,16,50,1564
78.55555555555554,10.2,8.407106781186547,360,0.86,6.0,17,50,1565
0.0,9.6,8.2,360,0.9,7.0,18,50,1566
0.0,8.3,7.95881904510252,360,0.97,4.0,19,50,1567
0.0,8.5,7.699999999999999,360,1.0,4.0,20,50,1568
0.0,8.4,7.4411809548974785,360,1.0,3.0,21,50,1569
0.0,8.0,7.199999999999999,360,1.0,4.0,22,50,1570
0.0,8.3,6.992893218813452,360,1.0,5.0,23,50,1571
0.0,8.5,6.833974596215561,360,1.0,6.0,24,50,1572
0.0,8.7,8.018740795541014,360,1.0,6.0,1,51,1573
0.0,8.6,8.0,360,1.0,6.0,2,51,1574
0.0,8.7,8.018740795541014,360,1.0,6.0,3,51,1575
0.0,8.6,8.07368602791856,360,1.0,8.0,4,51,1576
0.0,8.7,8.1610912703474,360,1.0,7.0,5,51,1577
0.0,8.9,8.275,360,1.0,8.0,6,51,1578
0.0,8.8,8.407649525193614,360,1.0,8.0,7,51,1579
11.222222222222221,8.9,8.55,360,1.0,7.0,8,51,1580
44.888888888888886,9.3,8.692350474806387,360,1.0,8.0,9,51,1581
101.0,9.9,8.825000000000001,360,1.0,7.0,10,51,1582
168.33333333333331,10.3,8.938908729652601,360,1.0,8.0,11,51,1583
314.2222222222222,10.9,9.026313972081441,360,1.0,8.0,12,51,1584
202.0,11.0,9.081259204458988,360,1.0,8.0,13,51,1585
179.55555555555554,11.2,9.100000000000001,360,1.0,9.0,14,51,1586
112.22222222222223,11.2,9.081259204458988,360,1.0,9.0,15,51,1587
78.55555555555554,11.1,9.026313972081441,360,1.0,12.0,16,51,1588
22.444444444444443,10.8,8.938908729652601,360,1.0,10.0,17,51,1589
11.222222222222221,10.6,8.825000000000001,360,1.0,10.0,18,51,1590
0.0,9.7,8.692350474806387,360,1.0,10.0,19,51,1591
0.0,8.8,8.55,360,1.0,8.0,20,51,1592
0.0,8.9,8.407649525193614,360,1.0,8.0,21,51,1593
0.0,8.3,8.275,360,1.0,8.0,22,51,1594
0.0,8.0,8.1610912703474,360,1.0,8.0,23,51,1595
0.0,7.3,8.07368602791856,360,1.0,6.0,24,51,1596
0.0,7.0,7.125555630283198,360,1.0,8.0,1,52,1597
0.0,6.6,7.1,360,1.0,6.0,2,52,1598
0.0,5.5,7.125555630283198,360,1.0,6.0,3,52,1599
0.0,5.9,7.200480947161671,360,1.0,6.0,4,52,1600
0.0,5.0,7.319669914110088,360,1.0,4.0,5,52,1601
0.0,3.3,7.475,360,1.0,7.0,6,52,1602
0.0,2.6,7.655885716173109,360,1.0,3.0,7,52,1603
112.22222222222223,4.7,7.85,360,1.0,4.0,8,52,1604
437.6666666666667,6.6,8.04411428382689,360,0.93,4.0,9,52,1605
583.5555555555555,7.6,8.225,360,0.85,7.0,10,52,1606
718.2222222222222,8.1,8.380330085889911,360,0.78,6.0,11,52,1607
976.3333333333333,7.9,8.499519052838329,360,0.78,9.0,12,52,1608
740.6666666666667,9.1,8.574444369716801,360,0.63,8.0,13,52,1609
505.0,7.9,8.6,360,0.77,8.0,14,52,1610
707.0000000000001,9.6,8.574444369716801,360,0.69,8.0,15,52,1611
448.8888888888889,8.0,8.499519052838329,360,0.75,10.0,16,52,1612
145.88888888888889,6.0,8.380330085889911,360,0.92,7.0,17,52,1613
22.444444444444443,5.2,8.225,360,0.95,4.0,18,52,1614
0.0,4.9,8.04411428382689,360,0.98,4.0,19,52,1615
0.0,4.8,7.85,360,0.94,6.0,20,52,1616
0.0,4.4,7.655885716173109,360,0.96,5.0,21,52,1617
0.0,5.1,7.475,360,0.97,6.0,22,52,1618
0.0,4.8,7.319669914110089,360,1.0,6.0,23,52,1619
0.0,4.3,7.200480947161671,360,1.0,6.0,24,52,1620
0.0,4.2,6.728963047654292,360,1.0,6.0,1,53,1621
0.0,4.3,6.700000000000001,360,1.0,6.0,2,53,1622
0.0,4.6,6.728963047654292,360,1.0,7.0,3,53,1623
0.0,4.8,6.813878406783227,360,1.0,7.0,4,53,1624
0.0,5.0,6.948959235991435,360,1.0,8.0,5,53,1625
0.0,5.0,7.125,360,1.0,8.0,6,53,1626
0.0,5.3,7.330003811662858,360,1.0,6.0,7,53,1627
33.66666666666667,5.6,7.550000000000001,360,1.0,8.0,8,53,1628
168.33333333333331,6.5,7.769996188337143,360,1.0,7.0,9,53,1629
258.11111111111114,7.5,7.9750000000000005,360,1.0,8.0,10,53,1630
246.8888888888889,7.9,8.151040764008567,360,1.0,8.0,11,53,1631
448.8888888888889,9.9,8.286121593216773,360,1.0,10.0,12,53,1632
448.8888888888889,9.9,8.371036952345708,360,0.99,12.0,13,53,1633
819.2222222222222,10.9,8.4,360,0.88,11.0,14,53,1634
415.2222222222223,10.5,8.371036952345708,360,0.92,11.0,15,53,1635
314.2222222222222,10.8,8.286121593216773,360,0.91,8.0,16,53,1636
112.22222222222223,10.4,8.151040764008567,360,0.95,8.0,17,53,1637
22.444444444444443,9.5,7.9750000000000005,360,1.0,6.0,18,53,1638
0.0,8.3,7.769996188337143,360,0.89,6.0,19,53,1639
0.0,6.6,7.550000000000001,360,0.99,4.0,20,53,1640
0.0,5.9,7.330003811662858,360,0.99,4.0,21,53,1641
0.0,4.4,7.125000000000001,360,1.0,4.0,22,53,1642
0.0,4.4,6.948959235991436,360,1.0,3.0,23,53,1643
0.0,5.8,6.813878406783227,360,1.0,4.0,24,53,1644
0.0,6.2,6.739185299767572,360,1.0,5.0,1,54,1645
0.0,6.3,6.699999999999999,360,1.0,4.0,2,54,1646
0.0,5.8,6.739185299767572,360,1.0,5.0,3,54,1647
0.0,5.3,6.854070785647895,360,1.0,5.0,4,54,1648
0.0,5.0,7.03682720163547,360,1.0,4.0,5,54,1649
0.0,4.1,7.2749999999999995,360,1.0,5.0,6,54,1650
0.0,4.2,7.552358098132101,360,1.0,4.0,7,54,1651
78.55555555555554,4.5,7.85,360,1.0,4.0,8,54,1652
246.8888888888889,5.1,8.147641901867898,360,1.0,4.0,9,54,1653
628.4444444444443,5.9,8.424999999999999,360,1.0,5.0,10,54,1654
976.3333333333333,8.2,8.66317279836453,360,0.95,5.0,11,54,1655
1122.2222222222222,10.1,8.845929214352104,360,0.83,6.0,12,54,1656
1167.111111111111,11.0,8.960814700232428,360,0.78,7.0,13,54,1657
774.3333333333333,11.8,9.0,360,0.77,5.0,14,54,1658
695.7777777777778,12.2,8.960814700232428,360,0.73,6.0,15,54,1659
415.2222222222223,12.1,8.845929214352104,360,0.7,5.0,16,54,1660
213.22222222222223,11.3,8.66317279836453,360,0.75,4.0,17,54,1661
22.444444444444443,9.4,8.424999999999999,360,0.84,2.0,18,54,1662
0.0,8.9,8.147641901867898,360,0.85,2.0,19,54,1663
0.0,7.9,7.85,360,0.89,2.0,20,54,1664
0.0,7.0,7.552358098132101,360,0.92,2.0,21,54,1665
0.0,6.2,7.275,360,0.93,1.0,22,54,1666
0.0,6.6,7.03682720163547,360,0.86,2.0,23,54,1667
0.0,8.6,6.854070785647895,360,0.73,6.0,24,54,1668
0.0,8.5,6.839185299767571,360,0.71,8.0,1,55,1669
0.0,8.3,6.799999999999999,360,0.69,9.0,2,55,1670
0.0,7.8,6.839185299767571,360,0.71,8.0,3,55,1671
0.0,7.3,6.954070785647895,360,0.74,9.0,4,55,1672
0.0,7.5,7.1368272016354695,360,0.74,10.0,5,55,1673
0.0,7.6,7.374999999999999,360,0.75,10.0,6,55,1674
11.222222222222221,7.9,7.6523580981321,360,0.75,9.0,7,55,1675
202.0,9.3,7.949999999999999,360,0.71,12.0,8,55,1676
269.33333333333337,9.4,8.247641901867897,360,0.73,11.0,9,55,1677
673.3333333333333,10.9,8.524999999999999,360,0.67,10.0,10,55,1678
875.3333333333334,12.6,8.76317279836453,360,0.65,10.0,11,55,1679
1133.4444444444443,14.4,8.945929214352104,360,0.54,10.0,12,55,1680
1155.888888888889,15.0,9.060814700232427,360,0.48,11.0,13,55,1681
1066.1111111111113,15.1,9.1,360,0.45,11.0,14,55,1682
852.8888888888889,15.3,9.060814700232427,360,0.49,9.0,15,55,1683
594.7777777777778,15.1,8.945929214352104,360,0.46,8.0,16,55,1684
258.11111111111114,13.7,8.76317279836453,360,0.54,6.0,17,55,1685
11.222222222222221,12.1,8.524999999999999,360,0.65,4.0,18,55,1686
0.0,12.3,8.247641901867897,360,0.63,4.0,19,55,1687
0.0,11.9,7.949999999999999,360,0.62,6.0,20,55,1688
0.0,11.3,7.6523580981321,360,0.68,6.0,21,55,1689
0.0,11.1,7.375,360,0.65,8.0,22,55,1690
0.0,10.2,7.1368272016354695,360,0.86,9.0,23,55,1691
0.0,9.6,6.954070785647895,360,1.0,7.0,24,55,1692
0.0,9.5,8.310222252113281,360,1.0,8.0,1,56,1693
0.0,9.2,8.3,360,1.0,7.0,2,56,1694
0.0,9.0,8.310222252113281,360,0.98,7.0,3,56,1695
0.0,8.8,8.34019237886467,360,0.94,9.0,4,56,1696
0.0,8.3,8.387867965644038,360,1.0,7.0,5,56,1697
0.0,8.6,8.450000000000001,360,0.99,12.0,6,56,1698
0.0,8.6,8.522354286469245,360,0.98,9.0,7,56,1699
33.66666666666667,8.3,8.600000000000001,360,1.0,10.0,8,56,1700
190.77777777777777,8.8,8.677645713530758,360,1.0,9.0,9,56,1701
179.55555555555554,8.8,8.750000000000002,360,1.0,10.0,10,56,1702
549.8888888888889,9.7,8.812132034355965,360,0.88,8.0,11,56,1703
235.66666666666669,9.0,8.859807621135333,360,0.96,11.0,12,56,1704
347.8888888888889,9.5,8.889777747886722,360,0.87,9.0,13,56,1705
269.33333333333337,8.7,8.900000000000002,360,0.92,10.0,14,56,1706
112.22222222222223,8.3,8.889777747886722,360,0.86,10.0,15,56,1707
67.33333333333334,7.4,8.859807621135333,360,0.92,10.0,16,56,1708
101.0,7.4,8.812132034355965,360,0.97,10.0,17,56,1709
11.222222222222221,6.7,8.750000000000002,360,1.0,8.0,18,56,1710
0.0,6.1,8.677645713530758,360,1.0,8.0,19,56,1711
0.0,5.8,8.600000000000001,360,1.0,6.0,20,56,1712
0.0,5.4,8.522354286469245,360,1.0,4.0,21,56,1713
0.0,5.0,8.450000000000001,360,1.0,6.0,22,56,1714
0.0,4.7,8.387867965644038,360,1.0,8.0,23,56,1715
0.0,4.1,8.34019237886467,360,1.0,4.0,24,56,1716
0.0,3.7,6.839185299767571,360,1.0,4.0,1,57,1717
0.0,4.0,6.799999999999999,360,1.0,6.0,2,57,1718
0.0,4.4,6.839185299767571,360,1.0,5.0,3,57,1719
0.0,3.5,6.954070785647895,360,1.0,4.0,4,57,1720
0.0,4.1,7.1368272016354695,360,1.0,6.0,5,57,1721
0.0,3.9,7.374999999999999,360,1.0,6.0,6,57,1722
11.222222222222221,4.0,7.6523580981321,360,1.0,5.0,7,57,1723
89.77777777777777,4.7,7.949999999999999,360,1.0,4.0,8,57,1724
246.8888888888889,5.4,8.247641901867897,360,1.0,4.0,9,57,1725
549.8888888888889,7.0,8.524999999999999,360,1.0,4.0,10,57,1726
796.7777777777777,8.7,8.76317279836453,360,0.78,4.0,11,57,1727
1043.6666666666665,9.9,8.945929214352104,360,0.69,4.0,12,57,1728
819.2222222222222,10.4,9.060814700232427,360,0.67,4.0,13,57,1729
785.5555555555557,10.9,9.1,360,0.56,4.0,14,57,1730
572.3333333333333,11.4,9.060814700232427,360,0.51,6.0,15,57,1731
740.6666666666667,10.4,8.945929214352104,360,0.69,8.0,16,57,1732
269.33333333333337,10.1,8.76317279836453,360,0.66,6.0,17,57,1733
33.66666666666667,7.6,8.524999999999999,360,0.82,6.0,18,57,1734
0.0,6.7,8.247641901867897,360,0.89,4.0,19,57,1735
0.0,5.7,7.949999999999999,360,0.96,4.0,20,57,1736
0.0,5.0,7.6523580981321,360,1.0,4.0,21,57,1737
0.0,4.9,7.375,360,1.0,4.0,22,57,1738
0.0,4.3,7.1368272016354695,360,1.0,4.0,23,57,1739
0.0,4.1,6.954070785647895,360,1.0,4.0,24,57,1740
0.0,3.8,7.025555630283199,360,1.0,4.0,1,58,1741
0.0,3.6,7.0,360,1.0,6.0,2,58,1742
0.0,4.0,7.025555630283199,360,1.0,6.0,3,58,1743
0.0,4.6,7.100480947161671,360,1.0,6.0,4,58,1744
0.0,5.0,7.219669914110089,360,1.0,6.0,5,58,1745
0.0,5.1,7.375,360,1.0,7.0,6,58,1746
11.222222222222221,5.2,7.555885716173109,360,1.0,9.0,7,58,1747
33.66666666666667,5.5,7.75,360,1.0,10.0,8,58,1748
78.55555555555554,6.0,7.944114283826891,360,1.0,12.0,9,58,1749
101.0,6.0,8.125,360,1.0,13.0,10,58,1750
246.8888888888889,6.6,8.280330085889911,360,1.0,14.0,11,58,1751
505.0,9.1,8.399519052838329,360,1.0,9.0,12,58,1752
673.3333333333333,11.5,8.474444369716801,360,0.75,8.0,13,58,1753
1021.2222222222222,12.2,8.5,360,0.71,12.0,14,58,1754
718.2222222222222,11.3,8.474444369716801,360,0.65,10.0,15,58,1755
359.1111111111111,10.5,8.399519052838329,360,0.67,12.0,16,58,1756
134.66666666666669,9.8,8.280330085889911,360,0.79,12.0,17,58,1757
22.444444444444443,8.6,8.125,360,0.92,11.0,18,58,1758
0.0,7.9,7.944114283826891,360,1.0,9.0,19,58,1759
0.0,7.5,7.75,360,1.0,8.0,20,58,1760
0.0,7.1,7.555885716173109,360,1.0,8.0,21,58,1761
0.0,7.0,7.375,360,1.0,9.0,22,58,1762
0.0,7.2,7.2196699141100895,360,1.0,5.0,23,58,1763
0.0,7.4,7.100480947161671,360,1.0,8.0,24,58,1764
0.0,8.4,7.515333378169919,360,1.0,9.0,1,59,1765
0.0,7.9,7.5,360,1.0,9.0,2,59,1766
0.0,8.0,7.515333378169919,360,1.0,10.0,3,59,1767
0.0,8.0,7.560288568297002,360,1.0,9.0,4,59,1768
0.0,8.2,7.6318019484660535,360,1.0,12.0,5,59,1769
0.0,4.2,7.725,360,1.0,10.0,6,59,1770
0.0,4.3,7.833531429703866,360,1.0,6.0,7,59,1771
67.33333333333334,4.5,7.95,360,1.0,7.0,8,59,1772
202.0,5.6,8.066468570296134,360,0.98,8.0,9,59,1773
751.8888888888888,7.7,8.175,360,0.85,8.0,10,59,1774
673.3333333333333,6.7,8.268198051533947,360,0.84,15.0,11,59,1775
909.0,8.0,8.339711431702998,360,0.74,13.0,12,59,1776
718.2222222222222,8.3,8.384666621830082,360,0.75,15.0,13,59,1777
370.33333333333337,6.1,8.4,360,0.9,17.0,14,59,1778
549.8888888888889,7.7,8.384666621830082,360,0.87,15.0,15,59,1779
291.77777777777777,7.7,8.339711431702998,360,0.85,13.0,16,59,1780
224.44444444444446,7.5,8.268198051533947,360,0.79,11.0,17,59,1781
33.66666666666667,6.9,8.175,360,0.81,11.0,18,59,1782
0.0,6.7,8.066468570296134,360,0.79,9.0,19,59,1783
0.0,6.0,7.95,360,0.86,10.0,20,59,1784
0.0,5.9,7.833531429703866,360,0.85,11.0,21,59,1785
0.0,5.7,7.7250000000000005,360,0.86,8.0,22,59,1786
0.0,5.1,7.6318019484660535,360,0.88,8.0,23,59,1787
0.0,4.7,7.560288568297002,360,0.9,8.0,24,59,1788
0.0,8.4,7.515333378169919,360,1.0,9.0,1,60,1789
0.0,7.9,7.5,360,1.0,9.0,2,60,1790
0.0,8.0,7.515333378169919,360,1.0,10.0,3,60,1791
0.0,8.0,7.560288568297002,360,1.0,9.0,4,60,1792
0.0,8.2,7.6318019484660535,360,1.0,12.0,5,60,1793
0.0,4.2,7.725,360,1.0,10.0,6,60,1794
0.0,4.3,7.833531429703866,360,1.0,6.0,7,60,1795
67.33333333333334,4.5,7.95,360,1.0,7.0,8,60,1796
202.0,5.6,8.066468570296134,360,0.98,8.0,9,60,1797
751.8888888888888,7.7,8.175,360,0.85,8.0,10,60,1798
673.3333333333333,6.7,8.268198051533947,360,0.84,15.0,11,60,1799
909.0,8.0,8.339711431702998,360,0.74,13.0,12,60,1800
718.2222222222222,8.3,8.384666621830082,360,0.75,15.0,13,60,1801
370.33333333333337,6.1,8.4,360,0.9,17.0,14,60,1802
549.8888888888889,7.7,8.384666621830082,360,0.87,15.0,15,60,1803
291.77777777777777,7.7,8.339711431702998,360,0.85,13.0,16,60,1804
224.44444444444446,7.5,8.268198051533947,360,0.79,11.0,17,60,1805
33.66666666666667,6.9,8.175,360,0.81,11.0,18,60,1806
0.0,6.7,8.066468570296134,360,0.79,9.0,19,60,1807
0.0,6.0,7.95,360,0.86,10.0,20,60,1808
0.0,5.9,7.833531429703866,360,0.85,11.0,21,60,1809
0.0,6.1000000000000005,7.7250000000000005,360,0.8628571428571429,10.285714285714286,22,60,1810
0.0,6.3,7.6318019484660535,360,0.8757142857142857,9.571428571428571,23,60,1811
0.0,6.5,7.560288568297002,360,0.8885714285714286,8.857142857142858,24,60,1812
0.0,6.7,8.523851921597652,360,0.9014285714285714,8.142857142857142,1,61,1813
0.0,6.9,8.5,360,0.9142857142857145,7.428571428571429,2,61,1814
0.0,7.1,8.523851921597652,360,0.9271428571428573,6.714285714285714,3,61,1815
0.0,7.3,8.593782217350892,360,0.94,6.0,4,61,1816
0.0,7.1,8.705025253169415,360,0.98,5.0,5,61,1817
0.0,6.9,8.85,360,1.0,6.0,6,61,1818
0.0,7.3,9.018826668428234,360,0.97,4.0,7,61,1819
101.0,8.3,9.2,360,0.96,6.0,8,61,1820
246.8888888888889,9.0,9.381173331571764,360,0.87,5.0,9,61,1821
370.33333333333337,9.9,9.549999999999999,360,0.72,5.0,10,61,1822
426.44444444444446,10.3,9.694974746830583,360,0.7,6.0,11,61,1823
336.66666666666663,10.6,9.806217782649107,360,0.67,6.0,12,61,1824
482.5555555555556,11.0,9.876148078402347,360,0.66,5.0,13,61,1825
572.3333333333333,11.9,9.899999999999999,360,0.64,4.0,14,61,1826
426.44444444444446,11.6,9.876148078402347,360,0.62,7.0,15,61,1827
347.8888888888889,12.0,9.806217782649107,360,0.6,5.0,16,61,1828
291.77777777777777,10.9,9.694974746830583,360,0.63,6.0,17,61,1829
33.66666666666667,9.6,9.549999999999999,360,0.71,4.0,18,61,1830
0.0,9.3,9.381173331571764,360,0.73,4.0,19,61,1831
0.0,8.9,9.2,360,0.75,4.0,20,61,1832
0.0,7.5,9.018826668428234,360,0.8,4.0,21,61,1833
0.0,6.6,8.85,360,0.85,2.0,22,61,1834
0.0,7.3,8.705025253169415,360,0.83,3.0,23,61,1835
0.0,7.4,8.593782217350892,360,0.87,4.0,24,61,1836
0.0,7.8,8.62896304765429,360,0.92,6.0,1,62,1837
0.0,8.6,8.599999999999998,360,0.9,8.0,2,62,1838
0.0,8.2,8.62896304765429,360,0.96,7.0,3,62,1839
0.0,8.4,8.713878406783225,360,0.98,8.0,4,62,1840
0.0,9.3,8.848959235991433,360,0.97,10.0,5,62,1841
0.0,9.5,9.024999999999999,360,0.94,10.0,6,62,1842
11.222222222222221,9.4,9.230003811662856,360,0.92,7.0,7,62,1843
179.55555555555554,10.0,9.45,360,0.94,7.0,8,62,1844
482.5555555555556,10.6,9.669996188337143,360,0.91,8.0,9,62,1845
673.3333333333333,11.3,9.875,360,0.81,8.0,10,62,1846
763.1111111111111,12.1,10.051040764008565,360,0.75,7.0,11,62,1847
1032.4444444444446,13.0,10.186121593216773,360,0.64,8.0,12,62,1848
875.3333333333334,13.1,10.271036952345709,360,0.7,9.0,13,62,1849
931.4444444444445,13.5,10.3,360,0.63,8.0,14,62,1850
796.7777777777777,13.1,10.271036952345709,360,0.65,9.0,15,62,1851
471.33333333333337,12.3,10.186121593216773,360,0.69,8.0,16,62,1852
190.77777777777777,11.8,10.051040764008565,360,0.72,8.0,17,62,1853
33.66666666666667,11.1,9.875,360,0.79,8.0,18,62,1854
0.0,9.5,9.669996188337143,360,0.83,10.0,19,62,1855
0.0,8.9,9.45,360,0.9,5.0,20,62,1856
0.0,9.0,9.230003811662856,360,0.91,6.0,21,62,1857
0.0,9.6,9.024999999999999,360,0.94,6.0,22,62,1858
0.0,9.9,8.848959235991433,360,0.93,7.0,23,62,1859
0.0,10.2,8.713878406783225,360,0.92,8.0,24,62,1860
0.0,10.1,9.425555630283199,360,0.93,7.0,1,63,1861
0.0,10.1,9.4,360,0.95,6.0,2,63,1862
0.0,10.0,9.425555630283199,360,0.95,6.0,3,63,1863
0.0,10.1,9.500480947161671,360,0.95,6.0,4,63,1864
0.0,9.7,9.619669914110089,360,0.93,7.0,5,63,1865
0.0,9.4,9.775,360,0.95,8.0,6,63,1866
11.222222222222221,9.1,9.95588571617311,360,0.95,8.0,7,63,1867
89.77777777777777,9.6,10.15,360,0.92,7.0,8,63,1868
157.1111111111111,10.3,10.34411428382689,360,0.87,7.0,9,63,1869
235.66666666666669,10.7,10.525,360,0.84,7.0,10,63,1870
561.1111111111111,13.6,10.680330085889912,360,0.69,9.0,11,63,1871
1245.6666666666665,14.8,10.79951905283833,360,0.58,11.0,12,63,1872
1223.2222222222222,15.4,10.874444369716802,360,0.57,10.0,13,63,1873
1189.5555555555557,16.0,10.9,360,0.54,11.0,14,63,1874
1021.2222222222222,17.1,10.874444369716802,360,0.5,10.0,15,63,1875
347.8888888888889,16.1,10.79951905283833,360,0.5,9.0,16,63,1876
44.888888888888886,15.9,10.680330085889912,360,0.45,8.0,17,63,1877
11.222222222222221,14.1,10.525,360,0.56,9.0,18,63,1878
0.0,13.2,10.34411428382689,360,0.62,8.0,19,63,1879
0.0,13.7,10.15,360,0.62,7.0,20,63,1880
0.0,15.3,9.95588571617311,360,0.48,10.0,21,63,1881
0.0,14.6,9.775,360,0.48,8.0,22,63,1882
0.0,14.1,9.619669914110089,360,0.58,12.0,23,63,1883
0.0,11.9,9.500480947161671,360,0.77,14.0,24,63,1884
0.0,11.3,9.410222252113279,360,0.8,10.0,1,64,1885
0.0,10.4,9.399999999999999,360,0.86,11.0,2,64,1886
0.0,10.6,9.410222252113279,360,0.78,17.0,3,64,1887
0.0,10.0,9.440192378864667,360,0.7,16.0,4,64,1888
0.0,9.6,9.487867965644035,360,0.66,16.0,5,64,1889
0.0,9.4,9.549999999999999,360,0.69,16.0,6,64,1890
22.444444444444443,9.1,9.622354286469243,360,0.7,17.0,7,64,1891
179.55555555555554,9.3,9.7,360,0.71,16.0,8,64,1892
258.11111111111114,8.5,9.777645713530756,360,0.78,14.0,9,64,1893
202.0,8.8,9.85,360,0.78,14.0,10,64,1894
1133.4444444444443,10.7,9.912132034355963,360,0.65,16.0,11,64,1895
1144.6666666666665,11.5,9.959807621135331,360,0.58,14.0,12,64,1896
987.5555555555557,10.9,9.98977774788672,360,0.58,14.0,13,64,1897
942.6666666666667,11.2,10.0,360,0.53,14.0,14,64,1898
561.1111111111111,10.8,9.98977774788672,360,0.63,14.0,15,64,1899
740.6666666666667,10.4,9.959807621135331,360,0.57,14.0,16,64,1900
258.11111111111114,9.4,9.912132034355963,360,0.63,12.0,17,64,1901
33.66666666666667,8.3,9.85,360,0.74,10.0,18,64,1902
0.0,7.6,9.777645713530756,360,0.83,8.0,19,64,1903
0.0,6.3,9.7,360,0.84,12.0,20,64,1904
0.0,6.6,9.622354286469243,360,0.87,6.0,21,64,1905
0.0,6.7,9.549999999999999,360,0.84,6.0,22,64,1906
0.0,6.7,9.487867965644035,360,0.88,5.0,23,64,1907
0.0,6.4,9.440192378864667,360,0.92,5.0,24,64,1908
0.0,6.4,8.232370465025383,360,0.92,5.0,1,65,1909
0.0,6.1,8.2,360,0.92,6.0,2,65,1910
0.0,6.1,8.232370465025383,360,0.94,8.0,3,65,1911
0.0,6.4,8.327275866404781,360,0.94,7.0,4,65,1912
0.0,6.3,8.478248557872778,360,0.95,8.0,5,65,1913
0.0,6.3,8.674999999999997,360,0.96,6.0,6,65,1914
22.444444444444443,6.6,8.904121907152604,360,0.95,7.0,7,65,1915
246.8888888888889,8.3,9.149999999999999,360,0.93,7.0,8,65,1916
426.44444444444446,9.0,9.395878092847394,360,0.93,8.0,9,65,1917
460.11111111111114,10.2,9.624999999999998,360,0.86,8.0,10,65,1918
493.7777777777778,11.4,9.82175144212722,360,0.82,9.0,11,65,1919
729.4444444444443,12.1,9.972724133595216,360,0.82,10.0,12,65,1920
1189.5555555555557,13.1,10.067629534974614,360,0.67,10.0,13,65,1921
976.3333333333333,13.5,10.099999999999998,360,0.65,9.0,14,65,1922
751.8888888888888,13.8,10.067629534974614,360,0.59,9.0,15,65,1923
628.4444444444443,12.7,9.972724133595216,360,0.62,8.0,16,65,1924
370.33333333333337,12.9,9.82175144212722,360,0.6,6.0,17,65,1925
67.33333333333334,10.1,9.624999999999998,360,0.68,5.0,18,65,1926
0.0,9.2,9.395878092847394,360,0.72,4.0,19,65,1927
0.0,10.0,9.149999999999999,360,0.68,4.0,20,65,1928
0.0,8.7,8.904121907152604,360,0.73,6.0,21,65,1929
0.0,10.1,8.674999999999999,360,0.65,6.0,22,65,1930
0.0,10.5,8.478248557872778,360,0.61,8.0,23,65,1931
0.0,11.4,8.327275866404781,360,0.55,8.0,24,65,1932
0.0,12.3,8.917037086855466,360,0.52,10.0,1,66,1933
0.0,11.7,8.9,360,0.57,12.0,2,66,1934
0.0,11.3,8.917037086855466,360,0.57,12.0,3,66,1935
0.0,11.0,8.966987298107782,360,0.56,12.0,4,66,1936
0.0,11.4,9.046446609406726,360,0.55,12.0,5,66,1937
0.0,10.8,9.15,360,0.58,13.0,6,66,1938
0.0,11.1,9.27059047744874,360,0.6,12.0,7,66,1939
56.111111111111114,11.5,9.4,360,0.62,12.0,8,66,1940
190.77777777777777,12.1,9.52940952255126,360,0.65,12.0,9,66,1941
325.44444444444446,13.2,9.65,360,0.64,15.0,10,66,1942
314.2222222222222,11.8,9.753553390593273,360,0.78,14.0,11,66,1943
235.66666666666669,11.0,9.833012701892219,360,0.89,11.0,12,66,1944
280.55555555555554,11.4,9.882962913144535,360,0.89,5.0,13,66,1945
246.8888888888889,11.9,9.9,360,0.91,6.0,14,66,1946
134.66666666666669,11.9,9.882962913144535,360,0.9,6.0,15,66,1947
112.22222222222223,12.2,9.833012701892219,360,0.85,8.0,16,66,1948
89.77777777777777,12.6,9.753553390593273,360,0.83,8.0,17,66,1949
33.66666666666667,11.7,9.65,360,0.89,8.0,18,66,1950
0.0,10.0,9.52940952255126,360,0.85,14.0,19,66,1951
0.0,8.9,9.4,360,0.97,12.0,20,66,1952
0.0,9.4,9.27059047744874,360,0.95,10.0,21,66,1953
0.0,8.6,9.15,360,0.91,9.0,22,66,1954
0.0,8.2,9.046446609406727,360,0.96,6.0,23,66,1955
0.0,7.8,8.966987298107782,360,0.94,7.0,24,66,1956
0.0,7.6,8.818740795541014,360,0.96,6.0,1,67,1957
0.0,8.0,8.8,360,0.94,7.0,2,67,1958
0.0,7.3,8.818740795541014,360,0.93,8.0,3,67,1959
0.0,7.1,8.873686027918561,360,0.91,8.0,4,67,1960
0.0,6.8,8.961091270347401,360,0.86,8.0,5,67,1961
0.0,6.6,9.075000000000001,360,0.88,7.0,6,67,1962
11.222222222222221,6.2,9.207649525193615,360,0.9,9.0,7,67,1963
145.88888888888889,6.7,9.350000000000001,360,0.88,10.0,8,67,1964
493.7777777777778,8.3,9.492350474806388,360,0.88,8.0,9,67,1965
897.7777777777778,10.0,9.625000000000002,360,0.74,10.0,10,67,1966
336.66666666666663,7.2,9.738908729652602,360,0.86,14.0,11,67,1967
1189.5555555555557,11.3,9.826313972081442,360,0.74,9.0,12,67,1968
785.5555555555557,8.2,9.881259204458988,360,0.79,14.0,13,67,1969
628.4444444444443,9.4,9.900000000000002,360,0.86,10.0,14,67,1970
740.6666666666667,10.3,9.881259204458988,360,0.78,8.0,15,67,1971
695.7777777777778,10.6,9.826313972081442,360,0.75,10.0,16,67,1972
202.0,7.9,9.738908729652602,360,0.86,10.0,17,67,1973
56.111111111111114,8.0,9.625000000000002,360,0.85,7.0,18,67,1974
0.0,7.3,9.492350474806388,360,0.9,6.0,19,67,1975
0.0,7.0,9.350000000000001,360,0.94,4.0,20,67,1976
0.0,6.7,9.207649525193615,360,0.95,4.0,21,67,1977
0.0,6.4,9.075000000000001,360,0.94,5.0,22,67,1978
0.0,5.7,8.961091270347401,360,0.96,4.0,23,67,1979
0.0,5.6,8.873686027918561,360,0.98,4.0,24,67,1980
0.0,5.7,8.432370465025386,360,0.97,3.0,1,68,1981
0.0,5.3,8.400000000000002,360,0.97,3.0,2,68,1982
0.0,6.0,8.432370465025386,360,0.99,4.0,3,68,1983
0.0,6.3,8.527275866404784,360,1.0,4.0,4,68,1984
0.0,6.0,8.67824855787278,360,1.0,4.0,5,68,1985
0.0,5.9,8.875,360,1.0,4.0,6,68,1986
22.444444444444443,5.9,9.104121907152606,360,1.0,4.0,7,68,1987
168.33333333333331,6.2,9.350000000000001,360,1.0,3.0,8,68,1988
505.0,7.5,9.595878092847396,360,1.0,4.0,9,68,1989
852.8888888888889,8.3,9.825000000000001,360,0.95,4.0,10,68,1990
1077.3333333333335,10.5,10.021751442127222,360,0.76,6.0,11,68,1991
897.7777777777778,9.8,10.172724133595219,360,0.74,6.0,12,68,1992
841.6666666666666,11.8,10.267629534974617,360,0.64,6.0,13,68,1993
830.4444444444446,11.0,10.3,360,0.63,6.0,14,68,1994
527.4444444444445,11.6,10.267629534974617,360,0.57,8.0,15,68,1995
482.5555555555556,11.2,10.172724133595219,360,0.63,7.0,16,68,1996
179.55555555555554,10.4,10.021751442127222,360,0.67,8.0,17,68,1997
44.888888888888886,9.7,9.825000000000001,360,0.73,7.0,18,68,1998
0.0,9.4,9.595878092847396,360,0.76,7.0,19,68,1999
0.0,9.2,9.350000000000001,360,0.8,6.0,20,68,2000
0.0,8.9,9.104121907152606,360,0.82,7.0,21,68,2001
0.0,8.9,8.875000000000002,360,0.84,7.0,22,68,2002
0.0,9.0,8.67824855787278,360,0.87,9.0,23,68,2003
0.0,9.1,8.527275866404784,360,0.89,9.0,24,68,2004
0.0,8.9,9.523851921597652,360,0.95,10.0,1,69,2005
0.0,9.0,9.5,360,0.96,10.0,2,69,2006
0.0,9.3,9.523851921597652,360,0.97,10.0,3,69,2007
0.0,9.6,9.593782217350892,360,0.97,10.0,4,69,2008
0.0,10.1,9.705025253169415,360,0.99,8.0,5,69,2009
0.0,10.6,9.85,360,0.99,7.0,6,69,2010
0.0,11.2,10.018826668428234,360,0.99,7.0,7,69,2011
56.111111111111114,11.4,10.2,360,0.99,8.0,8,69,2012
157.1111111111111,11.8,10.381173331571764,360,0.97,8.0,9,69,2013
370.33333333333337,12.3,10.549999999999999,360,0.88,11.0,10,69,2014
392.7777777777778,12.2,10.694974746830583,360,0.93,10.0,11,69,2015
381.55555555555554,13.1,10.806217782649107,360,0.91,9.0,12,69,2016
516.2222222222223,13.0,10.876148078402347,360,0.91,10.0,13,69,2017
415.2222222222223,13.0,10.899999999999999,360,0.95,8.0,14,69,2018
359.1111111111111,13.1,10.876148078402347,360,0.95,9.0,15,69,2019
235.66666666666669,12.7,10.806217782649107,360,0.96,8.0,16,69,2020
89.77777777777777,12.3,10.694974746830583,360,0.97,8.0,17,69,2021
22.444444444444443,12.0,10.549999999999999,360,0.97,7.0,18,69,2022
0.0,11.9,10.381173331571764,360,0.99,6.0,19,69,2023
0.0,11.7,10.2,360,0.99,8.0,20,69,2024
0.0,11.7,10.018826668428234,360,0.98,9.0,21,69,2025
0.0,11.7,9.85,360,0.98,9.0,22,69,2026
0.0,11.7,9.705025253169415,360,0.98,9.0,23,69,2027
0.0,11.7,9.593782217350892,360,0.98,10.0,24,69,2028
0.0,11.6,10.618740795541012,360,0.98,10.0,1,70,2029
0.0,11.4,10.599999999999998,360,0.97,12.0,2,70,2030
0.0,11.1,10.618740795541012,360,0.89,13.0,3,70,2031
0.0,11.1,10.673686027918558,360,0.92,12.0,4,70,2032
0.0,11.1,10.761091270347398,360,0.92,12.0,5,70,2033
0.0,10.9,10.874999999999998,360,0.96,11.0,6,70,2034
0.0,11.1,11.007649525193612,360,0.99,12.0,7,70,2035
89.77777777777777,11.7,11.149999999999999,360,0.93,14.0,8,70,2036
213.22222222222223,12.2,11.292350474806385,360,0.9,10.0,9,70,2037
258.11111111111114,12.5,11.424999999999999,360,0.84,10.0,10,70,2038
785.5555555555557,13.3,11.538908729652599,360,0.74,10.0,11,70,2039
1155.888888888889,12.9,11.626313972081439,360,0.65,10.0,12,70,2040
965.1111111111112,13.1,11.681259204458986,360,0.54,9.0,13,70,2041
1133.4444444444443,13.5,11.7,360,0.56,9.0,14,70,2042
942.6666666666667,12.9,11.681259204458986,360,0.62,10.0,15,70,2043
684.5555555555557,12.4,11.626313972081439,360,0.51,10.0,16,70,2044
381.55555555555554,11.3,11.538908729652599,360,0.54,9.0,17,70,2045
67.33333333333334,10.0,11.424999999999999,360,0.58,6.0,18,70,2046
0.0,8.0,11.292350474806385,360,0.67,7.0,19,70,2047
0.0,7.3,11.149999999999999,360,0.76,5.0,20,70,2048
0.0,6.7,11.007649525193612,360,0.82,5.0,21,70,2049
0.0,6.1,10.874999999999998,360,0.85,6.0,22,70,2050
0.0,5.5,10.761091270347398,360,0.87,6.0,23,70,2051
0.0,5.2,10.673686027918558,360,0.88,5.0,24,70,2052
0.0,4.9,8.830666756339838,360,0.9,4.0,1,71,2053
0.0,4.9,8.8,360,0.92,5.0,2,71,2054
0.0,4.9,8.830666756339838,360,0.91,6.0,3,71,2055
0.0,4.7,8.920577136594005,360,0.92,6.0,4,71,2056
0.0,4.1,9.063603896932106,360,0.95,5.0,5,71,2057
0.0,3.8,9.25,360,0.96,5.0,6,71,2058
44.888888888888886,4.2,9.467062859407731,360,0.92,5.0,7,71,2059
359.1111111111111,6.6,9.7,360,0.87,6.0,8,71,2060
673.3333333333333,8.4,9.932937140592268,360,0.73,7.0,9,71,2061
953.8888888888889,9.4,10.149999999999999,360,0.58,9.0,10,71,2062
987.5555555555557,9.6,10.33639610306789,360,0.58,8.0,11,71,2063
1369.1111111111113,10.8,10.479422863405993,360,0.54,8.0,12,71,2064
1290.5555555555554,11.2,10.56933324366016,360,0.49,8.0,13,71,2065
1335.4444444444443,11.3,10.599999999999998,360,0.46,7.0,14,71,2066
1178.3333333333335,11.4,10.56933324366016,360,0.47,6.0,15,71,2067
662.1111111111112,11.4,10.479422863405993,360,0.41,5.0,16,71,2068
448.8888888888889,10.5,10.33639610306789,360,0.44,5.0,17,71,2069
89.77777777777777,9.1,10.149999999999999,360,0.47,4.0,18,71,2070
0.0,4.0,9.932937140592268,360,0.85,2.0,19,71,2071
0.0,2.5,9.7,360,0.87,1.0,20,71,2072
0.0,1.3,9.467062859407731,360,0.89,2.0,21,71,2073
0.0,2.8,9.25,360,0.78,2.0,22,71,2074
0.0,3.2,9.063603896932108,360,0.74,2.0,23,71,2075
0.0,3.5,8.920577136594005,360,0.81,2.0,24,71,2076
0.0,2.3,7.634074173710932,360,0.88,2.0,1,72,2077
0.0,3.1,7.6,360,0.88,2.0,2,72,2078
0.0,1.1,7.634074173710931,360,0.93,3.0,3,72,2079
0.0,3.7,7.73397459621556,360,0.74,6.0,4,72,2080
0.0,3.2,7.892893218813452,360,0.75,6.0,5,72,2081
0.0,3.3,8.1,360,0.72,6.0,6,72,2082
33.66666666666667,4.2,8.34118095489748,360,0.69,6.0,7,72,2083
291.77777777777777,5.7,8.6,360,0.67,9.0,8,72,2084
538.6666666666667,7.1,8.858819045102521,360,0.62,10.0,9,72,2085
931.4444444444445,9.2,9.1,360,0.58,11.0,10,72,2086
1032.4444444444446,10.2,9.307106781186548,360,0.59,10.0,11,72,2087
1279.3333333333335,12.1,9.466025403784439,360,0.54,11.0,12,72,2088
1256.8888888888887,13.1,9.565925826289067,360,0.6,12.0,13,72,2089
830.4444444444446,13.1,9.6,360,0.66,11.0,14,72,2090
347.8888888888889,12.4,9.565925826289067,360,0.82,16.0,15,72,2091
213.22222222222223,12.0,9.466025403784439,360,0.79,15.0,16,72,2092
67.33333333333334,11.2,9.307106781186548,360,0.89,14.0,17,72,2093
11.222222222222221,8.4,9.1,360,0.92,14.0,18,72,2094
0.0,7.8,8.858819045102521,360,0.9,10.0,19,72,2095
0.0,7.1,8.6,360,0.89,6.0,20,72,2096
0.0,6.3,8.34118095489748,360,0.9,6.0,21,72,2097
0.0,5.8,8.1,360,0.88,6.0,22,72,2098
0.0,5.1,7.892893218813452,360,0.89,6.0,23,72,2099
0.0,4.6,7.733974596215561,360,0.89,5.0,24,72,2100
0.0,4.4,7.834074173710932,360,0.88,6.0,1,73,2101
0.0,4.7,7.800000000000001,360,0.86,6.0,2,73,2102
0.0,3.7,7.834074173710932,360,0.91,5.0,3,73,2103
0.0,3.8,7.9339745962155614,360,0.9,4.0,4,73,2104
0.0,4.1,8.092893218813453,360,0.91,4.0,5,73,2105
0.0,4.0,8.3,360,0.92,5.0,6,73,2106
44.888888888888886,4.8,8.54118095489748,360,0.89,6.0,7,73,2107
291.77777777777777,6.5,8.8,360,0.86,6.0,8,73,2108
673.3333333333333,8.0,9.058819045102522,360,0.75,9.0,9,73,2109
976.3333333333333,9.1,9.3,360,0.74,8.0,10,73,2110
976.3333333333333,9.6,9.507106781186549,360,0.64,8.0,11,73,2111
1313.0,10.3,9.66602540378444,360,0.65,9.0,12,73,2112
1279.3333333333335,10.9,9.76592582628907,360,0.56,10.0,13,73,2113
1066.1111111111113,11.6,9.8,360,0.54,8.0,14,73,2114
774.3333333333333,11.4,9.76592582628907,360,0.5,9.0,15,73,2115
516.2222222222223,9.5,9.66602540378444,360,0.66,10.0,16,73,2116
258.11111111111114,8.7,9.507106781186549,360,0.71,10.0,17,73,2117
67.33333333333334,8.2,9.3,360,0.72,7.0,18,73,2118
0.0,7.3,9.058819045102522,360,0.79,6.0,19,73,2119
0.0,6.4,8.8,360,0.85,6.0,20,73,2120
0.0,6.2,8.54118095489748,360,0.88,6.0,21,73,2121
0.0,5.7,8.3,360,0.92,5.0,22,73,2122
0.0,6.0,8.092893218813453,360,0.91,6.0,23,73,2123
0.0,6.6,7.9339745962155614,360,0.89,6.0,24,73,2124
0.0,6.6,8.317037086855466,360,0.88,8.0,1,74,2125
0.0,6.1,8.3,360,0.9,6.0,2,74,2126
0.0,5.2,8.317037086855466,360,0.93,6.0,3,74,2127
0.0,5.2,8.366987298107782,360,0.93,6.0,4,74,2128
0.0,5.7,8.446446609406728,360,0.92,6.0,5,74,2129
0.0,6.2,8.55,360,0.9,6.0,6,74,2130
22.444444444444443,6.9,8.67059047744874,360,0.89,6.0,7,74,2131
112.22222222222223,7.5,8.8,360,0.88,7.0,8,74,2132
213.22222222222223,8.5,8.92940952255126,360,0.87,9.0,9,74,2133
359.1111111111111,9.8,9.05,360,0.79,11.0,10,74,2134
381.55555555555554,9.9,9.153553390593274,360,0.81,12.0,11,74,2135
359.1111111111111,10.2,9.23301270189222,360,0.78,13.0,12,74,2136
448.8888888888889,10.1,9.282962913144535,360,0.82,14.0,13,74,2137
314.2222222222222,10.2,9.3,360,0.81,16.0,14,74,2138
258.11111111111114,10.4,9.282962913144535,360,0.83,13.0,15,74,2139
213.22222222222223,10.2,9.23301270189222,360,0.85,13.0,16,74,2140
89.77777777777777,9.6,9.153553390593274,360,0.92,14.0,17,74,2141
33.66666666666667,9.3,9.05,360,0.96,11.0,18,74,2142
0.0,9.4,8.92940952255126,360,0.97,11.0,19,74,2143
0.0,9.6,8.8,360,0.97,12.0,20,74,2144
0.0,9.8,8.67059047744874,360,0.97,9.0,21,74,2145
0.0,9.8,8.55,360,0.98,11.0,22,74,2146
0.0,10.0,8.446446609406728,360,0.98,12.0,23,74,2147
0.0,10.0,8.366987298107782,360,0.98,10.0,24,74,2148
0.0,9.9,9.222148212912105,360,0.98,9.0,1,75,2149
0.0,9.8,9.2,360,0.97,11.0,2,75,2150
0.0,9.8,9.222148212912105,360,0.95,9.0,3,75,2151
0.0,9.8,9.287083487540114,360,0.98,10.0,4,75,2152
0.0,10.0,9.390380592228743,360,0.98,11.0,5,75,2153
0.0,10.1,9.524999999999999,360,0.97,10.0,6,75,2154
11.222222222222221,10.0,9.681767620683361,360,0.99,8.0,7,75,2155
89.77777777777777,10.2,9.85,360,0.95,8.0,8,75,2156
157.1111111111111,10.4,10.018232379316638,360,0.95,8.0,9,75,2157
303.0,10.7,10.175,360,0.97,9.0,10,75,2158
381.55555555555554,10.9,10.309619407771256,360,0.96,10.0,11,75,2159
336.66666666666663,11.0,10.412916512459885,360,0.94,8.0,12,75,2160
291.77777777777777,11.0,10.477851787087895,360,0.94,8.0,13,75,2161
392.7777777777778,11.7,10.5,360,0.9,8.0,14,75,2162
471.33333333333337,12.0,10.477851787087895,360,0.87,8.0,15,75,2163
280.55555555555554,11.7,10.412916512459885,360,0.85,8.0,16,75,2164
157.1111111111111,10.9,10.309619407771256,360,0.9,8.0,17,75,2165
22.444444444444443,10.3,10.175,360,0.89,8.0,18,75,2166
0.0,9.6,10.018232379316638,360,0.94,8.0,19,75,2167
0.0,9.3,9.85,360,0.97,7.0,20,75,2168
0.0,9.0,9.681767620683361,360,0.96,7.0,21,75,2169
0.0,8.8,9.525,360,0.96,6.0,22,75,2170
0.0,8.9,9.390380592228743,360,0.97,6.0,23,75,2171
0.0,8.8,9.287083487540114,360,0.96,7.0,24,75,2172
0.0,8.7,9.627259338968745,360,0.97,7.0,1,76,2173
0.0,8.3,9.599999999999998,360,0.97,7.0,2,76,2174
0.0,8.2,9.627259338968743,360,0.96,6.0,3,76,2175
0.0,8.0,9.707179676972448,360,0.96,6.0,4,76,2176
0.0,8.0,9.83431457505076,360,0.96,6.0,5,76,2177
0.0,7.9,9.999999999999998,360,0.96,6.0,6,76,2178
33.66666666666667,8.1,10.192944763917982,360,0.94,6.0,7,76,2179
168.33333333333331,8.6,10.399999999999999,360,0.94,8.0,8,76,2180
370.33333333333337,8.7,10.607055236082015,360,0.95,8.0,9,76,2181
628.4444444444443,9.4,10.799999999999999,360,0.89,8.0,10,76,2182
336.66666666666663,9.8,10.965685424949237,360,0.86,7.0,11,76,2183
707.0000000000001,11.1,11.09282032302755,360,0.75,8.0,12,76,2184
774.3333333333333,11.5,11.172740661031254,360,0.73,9.0,13,76,2185
953.8888888888889,12.9,11.2,360,0.7,9.0,14,76,2186
1212.0,13.5,11.172740661031254,360,0.67,8.0,15,76,2187
909.0,14.0,11.09282032302755,360,0.67,9.0,16,76,2188
538.6666666666667,13.5,10.965685424949237,360,0.67,8.0,17,76,2189
134.66666666666669,12.1,10.799999999999999,360,0.71,7.0,18,76,2190
0.0,10.8,10.607055236082015,360,0.77,5.0,19,76,2191
0.0,9.3,10.399999999999999,360,0.83,4.0,20,76,2192
0.0,7.8,10.192944763917982,360,0.93,5.0,21,76,2193
0.0,7.8,9.999999999999998,360,0.94,7.0,22,76,2194
0.0,7.8,9.834314575050762,360,0.94,5.0,23,76,2195
0.0,8.5,9.707179676972448,360,0.92,7.0,24,76,2196
0.0,8.5,9.618740795541012,360,0.89,10.0,1,77,2197
0.0,8.6,9.599999999999998,360,0.86,10.0,2,77,2198
0.0,9.2,9.618740795541012,360,0.87,10.0,3,77,2199
0.0,9.1,9.673686027918558,360,0.87,10.0,4,77,2200
0.0,9.2,9.761091270347398,360,0.93,10.0,5,77,2201
0.0,8.2,9.874999999999998,360,0.94,10.0,6,77,2202
11.222222222222221,7.2,10.007649525193612,360,0.88,8.0,7,77,2203
89.77777777777777,7.3,10.149999999999999,360,0.84,8.0,8,77,2204
460.11111111111114,8.8,10.292350474806385,360,0.8,6.0,9,77,2205
897.7777777777778,10.1,10.424999999999999,360,0.63,10.0,10,77,2206
1054.888888888889,10.7,10.538908729652599,360,0.55,10.0,11,77,2207
1099.7777777777778,10.7,10.626313972081439,360,0.57,10.0,12,77,2208
740.6666666666667,6.7,10.681259204458986,360,0.65,10.0,13,77,2209
1290.5555555555554,10.3,10.7,360,0.56,8.0,14,77,2210
1111.0,10.8,10.681259204458986,360,0.58,10.0,15,77,2211
897.7777777777778,10.0,10.626313972081439,360,0.59,11.0,16,77,2212
482.5555555555556,9.3,10.538908729652599,360,0.57,12.0,17,77,2213
101.0,7.4,10.424999999999999,360,0.68,12.0,18,77,2214
0.0,6.8,10.292350474806385,360,0.75,9.0,19,77,2215
0.0,4.5,10.149999999999999,360,0.84,8.0,20,77,2216
0.0,3.9,10.007649525193612,360,0.91,4.0,21,77,2217
0.0,4.4,9.874999999999998,360,0.88,6.0,22,77,2218
0.0,3.4,9.761091270347398,360,0.93,4.0,23,77,2219
0.0,2.9,9.673686027918558,360,0.93,4.0,24,77,2220
0.0,2.5,8.035777882396479,360,0.95,4.0,1,78,2221
0.0,2.6,8.0,360,0.96,4.0,2,78,2222
0.0,2.4,8.035777882396479,360,0.95,4.0,3,78,2223
0.0,2.2,8.14067332602634,360,0.95,4.0,4,78,2224
0.0,2.1,8.307537879754125,360,0.96,4.0,5,78,2225
0.0,1.9,8.525,360,0.97,4.0,6,78,2226
78.55555555555554,2.7,8.778240002642354,360,0.96,4.0,7,78,2227
392.7777777777778,5.2,9.05,360,0.89,4.0,8,78,2228
718.2222222222222,8.3,9.321759997357647,360,0.82,4.0,9,78,2229
1021.2222222222222,10.0,9.575000000000001,360,0.79,5.0,10,78,2230
1212.0,11.1,9.792462120245876,360,0.66,5.0,11,78,2231
673.3333333333333,10.1,9.959326673973662,360,0.69,5.0,12,78,2232
864.1111111111111,11.8,10.064222117603522,360,0.58,7.0,13,78,2233
426.44444444444446,9.6,10.100000000000001,360,0.74,10.0,14,78,2234
527.4444444444445,11.0,10.064222117603522,360,0.68,4.0,15,78,2235
314.2222222222222,9.7,9.959326673973662,360,0.7,5.0,16,78,2236
157.1111111111111,8.4,9.792462120245876,360,0.8,6.0,17,78,2237
33.66666666666667,6.7,9.575000000000001,360,0.87,8.0,18,78,2238
0.0,6.4,9.321759997357647,360,0.91,4.0,19,78,2239
0.0,6.5,9.05,360,0.87,4.0,20,78,2240
0.0,6.1,8.778240002642354,360,0.93,4.0,21,78,2241
0.0,6.1,8.525,360,0.93,1.0,22,78,2242
0.0,5.8,8.307537879754125,360,0.97,1.0,23,78,2243
0.0,6.0,8.14067332602634,360,0.96,2.0,24,78,2244
0.0,5.9,8.535777882396479,360,0.94,2.0,1,79,2245
0.0,5.5,8.5,360,0.96,3.0,2,79,2246
0.0,4.9,8.535777882396479,360,0.95,4.0,3,79,2247
0.0,4.5,8.64067332602634,360,0.97,4.0,4,79,2248
0.0,4.1,8.807537879754125,360,0.98,2.0,5,79,2249
0.0,4.3,9.025,360,0.98,3.0,6,79,2250
44.888888888888886,4.5,9.278240002642354,360,0.98,4.0,7,79,2251
224.44444444444446,4.8,9.55,360,0.97,4.0,8,79,2252
606.0,6.2,9.821759997357647,360,0.89,4.0,9,79,2253
684.5555555555557,7.3,10.075000000000001,360,0.81,4.0,10,79,2254
1133.4444444444443,9.3,10.292462120245876,360,0.7,4.0,11,79,2255
909.0,9.4,10.459326673973662,360,0.67,4.0,12,79,2256
1122.2222222222222,11.0,10.564222117603522,360,0.6,7.0,13,79,2257
1335.4444444444443,10.9,10.600000000000001,360,0.48,5.0,14,79,2258
718.2222222222222,10.8,10.564222117603522,360,0.6,6.0,15,79,2259
1099.7777777777778,11.4,10.459326673973662,360,0.58,6.0,16,79,2260
561.1111111111111,10.6,10.292462120245876,360,0.61,6.0,17,79,2261
157.1111111111111,8.8,10.075000000000001,360,0.69,5.0,18,79,2262
0.0,7.8,9.821759997357647,360,0.74,4.0,19,79,2263
0.0,6.9,9.55,360,0.76,3.0,20,79,2264
0.0,6.3,9.278240002642354,360,0.77,2.0,21,79,2265
0.0,5.8,9.025,360,0.78,2.0,22,79,2266
0.0,5.7,8.807537879754125,360,0.78,3.0,23,79,2267
0.0,5.4,8.64067332602634,360,0.8,3.0,24,79,2268
0.0,5.1,7.944296425824211,360,0.84,3.0,1,80,2269
0.0,3.4,7.8999999999999995,360,0.87,3.0,2,80,2270
0.0,3.5,7.944296425824211,360,0.93,2.0,3,80,2271
0.0,3.0,8.074166975080228,360,0.92,2.0,4,80,2272
0.0,1.6,8.280761184457488,360,0.94,2.0,5,80,2273
0.0,1.1,8.549999999999999,360,0.96,1.0,6,80,2274
101.0,3.4,8.863535241366723,360,0.96,2.0,7,80,2275
381.55555555555554,5.6,9.2,360,0.87,2.0,8,80,2276
718.2222222222222,8.4,9.536464758633276,360,0.77,3.0,9,80,2277
1088.5555555555557,10.4,9.85,360,0.67,4.0,10,80,2278
1346.6666666666665,11.9,10.119238815542511,360,0.66,6.0,11,80,2279
1537.4444444444446,12.2,10.325833024919769,360,0.56,7.0,12,80,2280
1178.3333333333335,12.4,10.455703574175788,360,0.57,6.0,13,80,2281
1380.3333333333333,13.1,10.5,360,0.51,6.0,14,80,2282
1155.888888888889,13.0,10.455703574175788,360,0.51,7.0,15,80,2283
763.1111111111111,13.0,10.325833024919769,360,0.51,7.0,16,80,2284
493.7777777777778,12.3,10.119238815542511,360,0.58,7.0,17,80,2285
190.77777777777777,11.0,9.85,360,0.61,6.0,18,80,2286
11.222222222222221,9.5,9.536464758633276,360,0.69,3.0,19,80,2287
0.0,9.3,9.2,360,0.69,4.0,20,80,2288
0.0,8.8,8.863535241366723,360,0.73,4.0,21,80,2289
0.0,8.3,8.549999999999999,360,0.75,4.0,22,80,2290
0.0,6.5,8.280761184457488,360,0.8,3.0,23,80,2291
0.0,6.2,8.07416697508023,360,0.82,2.0,24,80,2292
0.0,4.9,8.240889008453117,360,0.86,2.0,1,81,2293
0.0,4.7,8.2,360,0.87,2.0,2,81,2294
0.0,4.3,8.240889008453117,360,0.88,2.0,3,81,2295
0.0,4.3,8.360769515458673,360,0.9,1.0,4,81,2296
0.0,3.5,8.551471862576141,360,0.9,2.0,5,81,2297
0.0,3.3,8.799999999999997,360,0.94,3.0,6,81,2298
123.44444444444446,5.0,9.089417145876974,360,0.89,4.0,7,81,2299
426.44444444444446,7.8,9.399999999999999,360,0.8,4.0,8,81,2300
751.8888888888888,10.0,9.710582854123023,360,0.62,6.0,9,81,2301
1021.2222222222222,11.8,9.999999999999998,360,0.53,8.0,10,81,2302
1290.5555555555554,13.3,10.248528137423856,360,0.48,8.0,11,81,2303
1425.2222222222222,14.4,10.439230484541325,360,0.44,8.0,12,81,2304
1425.2222222222222,15.2,10.55911099154688,360,0.37,8.0,13,81,2305
1425.2222222222222,15.5,10.599999999999998,360,0.35,8.0,14,81,2306
1234.4444444444443,16.1,10.55911099154688,360,0.32,8.0,15,81,2307
852.8888888888889,15.8,10.439230484541325,360,0.39,8.0,16,81,2308
516.2222222222223,15.0,10.248528137423856,360,0.42,7.0,17,81,2309
179.55555555555554,11.0,9.999999999999998,360,0.59,5.0,18,81,2310
0.0,9.4,9.710582854123023,360,0.6,2.0,19,81,2311
0.0,8.2,9.399999999999999,360,0.67,2.0,20,81,2312
0.0,8.3,9.089417145876974,360,0.65,3.0,21,81,2313
0.0,7.0,8.799999999999999,360,0.69,2.0,22,81,2314
0.0,4.5,8.551471862576141,360,0.81,1.0,23,81,2315
0.0,5.3,8.360769515458673,360,0.75,1.0,24,81,2316
0.0,3.8,7.56474093005077,360,0.81,1.0,1,82,2317
0.0,3.2,7.5,360,0.85,1.0,2,82,2318
0.0,2.2,7.56474093005077,360,0.9,0.0,3,82,2319
0.0,1.2,7.754551732809566,360,0.86,2.0,4,82,2320
0.0,0.8,8.05649711574556,360,0.92,0.0,5,82,2321
0.0,0.1,8.45,360,0.95,1.0,6,82,2322
134.66666666666669,1.9,8.90824381430521,360,0.95,1.0,7,82,2323
426.44444444444446,7.4,9.4,360,0.71,2.0,8,82,2324
774.3333333333333,11.6,9.89175618569479,360,0.59,2.0,9,82,2325
1122.2222222222222,15.2,10.350000000000001,360,0.47,2.0,10,82,2326
1369.1111111111113,15.3,10.743502884254442,360,0.45,5.0,11,82,2327
1515.0,16.2,11.045448267190434,360,0.43,5.0,12,82,2328
1548.6666666666665,17.3,11.23525906994923,360,0.41,4.0,13,82,2329
1458.8888888888887,17.6,11.3,360,0.31,4.0,14,82,2330
1234.4444444444443,17.7,11.23525906994923,360,0.33,4.0,15,82,2331
942.6666666666667,17.6,11.045448267190434,360,0.35,3.0,16,82,2332
572.3333333333333,17.2,10.743502884254442,360,0.34,3.0,17,82,2333
168.33333333333331,15.7,10.350000000000001,360,0.39,2.0,18,82,2334
0.0,9.0,9.89175618569479,360,0.64,1.0,19,82,2335
0.0,7.5,9.4,360,0.73,1.0,20,82,2336
0.0,6.6,8.90824381430521,360,0.74,1.0,21,82,2337
0.0,5.8,8.450000000000001,360,0.78,1.0,22,82,2338
0.0,6.0,8.05649711574556,360,0.78,1.0,23,82,2339
0.0,5.8,7.754551732809567,360,0.75,0.0,24,82,2340
0.0,5.1,8.15962980399413,360,0.78,1.0,1,83,2341
0.0,4.2,8.1,360,0.83,1.0,2,83,2342
0.0,3.9,8.15962980399413,360,0.85,0.0,3,83,2343
0.0,2.7,8.334455543377231,360,0.88,0.0,4,83,2344
0.0,3.3,8.61256313292354,360,0.87,1.0,5,83,2345
0.0,3.1,8.975,360,0.85,2.0,6,83,2346
112.22222222222223,5.2,9.397066671070588,360,0.82,1.0,7,83,2347
437.6666666666667,8.6,9.85,360,0.75,2.0,8,83,2348
808.0,12.4,10.302933328929411,360,0.62,2.0,9,83,2349
1122.2222222222222,15.5,10.725,360,0.49,4.0,10,83,2350
1369.1111111111113,16.6,11.087436867076457,360,0.43,6.0,11,83,2351
1503.7777777777776,17.9,11.365544456622768,360,0.35,6.0,12,83,2352
1526.2222222222222,19.0,11.540370196005869,360,0.36,4.0,13,83,2353
1436.4444444444443,19.3,11.6,360,0.33,4.0,14,83,2354
1234.4444444444443,19.3,11.540370196005869,360,0.39,4.0,15,83,2355
942.6666666666667,18.8,11.365544456622768,360,0.34,5.0,16,83,2356
572.3333333333333,17.5,11.087436867076457,360,0.4,4.0,17,83,2357
179.55555555555554,14.8,10.725,360,0.47,4.0,18,83,2358
0.0,12.8,10.302933328929411,360,0.54,2.0,19,83,2359
0.0,13.2,9.85,360,0.5,2.0,20,83,2360
0.0,9.0,9.397066671070588,360,0.73,2.0,21,83,2361
0.0,8.3,8.975,360,0.79,2.0,22,83,2362
0.0,8.0,8.612563132923542,360,0.81,2.0,23,83,2363
0.0,7.5,8.334455543377231,360,0.85,2.0,24,83,2364
0.0,6.0,8.840889008453118,360,0.87,2.0,1,84,2365
0.0,5.8,8.8,360,0.92,2.0,2,84,2366
0.0,5.3,8.840889008453118,360,0.95,3.0,3,84,2367
0.0,4.9,8.960769515458674,360,0.97,3.0,4,84,2368
0.0,3.8,9.151471862576143,360,0.97,3.0,5,84,2369
0.0,3.6,9.4,360,0.99,2.0,6,84,2370
101.0,4.5,9.689417145876975,360,0.98,3.0,7,84,2371
381.55555555555554,6.3,10.0,360,0.96,4.0,8,84,2372
740.6666666666667,9.6,10.310582854123025,360,0.83,4.0,9,84,2373
1099.7777777777778,11.9,10.6,360,0.68,6.0,10,84,2374
1301.7777777777778,12.8,10.848528137423857,360,0.61,7.0,11,84,2375
1503.7777777777776,13.8,11.039230484541326,360,0.59,6.0,12,84,2376
1458.8888888888887,13.5,11.159110991546882,360,0.56,8.0,13,84,2377
1369.1111111111113,14.0,11.2,360,0.52,8.0,14,84,2378
1178.3333333333335,13.8,11.159110991546882,360,0.51,8.0,15,84,2379
920.2222222222223,13.1,11.039230484541326,360,0.49,8.0,16,84,2380
516.2222222222223,12.3,10.848528137423857,360,0.54,8.0,17,84,2381
101.0,11.2,10.6,360,0.6,6.0,18,84,2382
0.0,10.4,10.310582854123025,360,0.65,4.0,19,84,2383
0.0,10.0,10.0,360,0.71,4.0,20,84,2384
0.0,9.1,9.689417145876975,360,0.79,5.0,21,84,2385
0.0,9.2,9.4,360,0.76,6.0,22,84,2386
0.0,8.3,9.151471862576143,360,0.79,6.0,23,84,2387
0.0,7.4,8.960769515458674,360,0.81,6.0,24,84,2388
0.0,5.9,8.827259338968748,360,0.79,6.0,1,85,2389
0.0,4.8,8.8,360,0.8,5.0,2,85,2390
0.0,3.7,8.827259338968746,360,0.81,6.0,3,85,2391
0.0,3.2,8.90717967697245,360,0.83,4.0,4,85,2392
0.0,2.7,9.034314575050763,360,0.85,4.0,5,85,2393
0.0,2.7,9.200000000000001,360,0.89,4.0,6,85,2394
123.44444444444446,3.7,9.392944763917985,360,0.88,4.0,7,85,2395
448.8888888888889,5.7,9.600000000000001,360,0.84,7.0,8,85,2396
808.0,7.9,9.807055236082018,360,0.76,8.0,9,85,2397
1144.6666666666665,9.3,10.000000000000002,360,0.66,8.0,10,85,2398
1357.8888888888891,11.0,10.16568542494924,360,0.57,9.0,11,85,2399
1369.1111111111113,11.3,10.292820323027552,360,0.52,10.0,12,85,2400
1144.6666666666665,12.4,10.372740661031257,360,0.51,10.0,13,85,2401
897.7777777777778,12.3,10.400000000000002,360,0.5,9.0,14,85,2402
684.5555555555557,11.3,10.372740661031257,360,0.5,11.0,15,85,2403
549.8888888888889,11.9,10.292820323027552,360,0.48,10.0,16,85,2404
505.0,11.1,10.16568542494924,360,0.46,10.0,17,85,2405
202.0,10.1,10.000000000000002,360,0.47,8.0,18,85,2406
0.0,8.5,9.807055236082018,360,0.53,7.0,19,85,2407
0.0,7.8,9.600000000000001,360,0.54,6.0,20,85,2408
0.0,7.1,9.392944763917985,360,0.57,7.0,21,85,2409
0.0,6.5,9.200000000000001,360,0.6,7.0,22,85,2410
0.0,5.6,9.034314575050765,360,0.64,7.0,23,85,2411
0.0,4.8,8.90717967697245,360,0.67,6.0,24,85,2412
0.0,4.2,7.839185299767571,360,0.71,6.0,1,86,2413
0.0,2.9,7.799999999999999,360,0.79,6.0,2,86,2414
0.0,2.5,7.839185299767571,360,0.8,4.0,3,86,2415
0.0,2.1,7.954070785647895,360,0.82,4.0,4,86,2416
0.0,2.0,8.13682720163547,360,0.83,5.0,5,86,2417
0.0,1.8,8.374999999999998,360,0.84,6.0,6,86,2418
145.88888888888889,3.1,8.652358098132101,360,0.83,6.0,7,86,2419
482.5555555555556,5.3,8.95,360,0.74,8.0,8,86,2420
864.1111111111111,7.1,9.247641901867897,360,0.67,8.0,9,86,2421
1200.7777777777778,9.1,9.524999999999999,360,0.61,8.0,10,86,2422
1436.4444444444443,9.8,9.76317279836453,360,0.54,8.0,11,86,2423
1582.3333333333335,11.0,9.945929214352104,360,0.5,8.0,12,86,2424
1604.7777777777778,11.8,10.060814700232427,360,0.46,9.0,13,86,2425
1515.0,12.5,10.1,360,0.39,9.0,14,86,2426
1301.7777777777778,13.2,10.060814700232427,360,0.44,10.0,15,86,2427
987.5555555555557,12.8,9.945929214352104,360,0.41,9.0,16,86,2428
617.2222222222222,12.0,9.76317279836453,360,0.39,10.0,17,86,2429
224.44444444444446,10.5,9.524999999999999,360,0.44,8.0,18,86,2430
11.222222222222221,8.8,9.247641901867897,360,0.51,6.0,19,86,2431
0.0,6.1,8.95,360,0.65,4.0,20,86,2432
0.0,7.0,8.652358098132101,360,0.62,5.0,21,86,2433
0.0,7.0,8.375,360,0.63,6.0,22,86,2434
0.0,6.1,8.13682720163547,360,0.67,5.0,23,86,2435
0.0,5.3,7.954070785647895,360,0.69,5.0,24,86,2436
0.0,3.8,7.839185299767571,360,0.76,4.0,1,87,2437
0.0,3.2,7.799999999999999,360,0.77,3.0,2,87,2438
0.0,3.0,7.839185299767571,360,0.8,4.0,3,87,2439
0.0,2.6,7.954070785647895,360,0.82,4.0,4,87,2440
0.0,2.6,8.13682720163547,360,0.83,5.0,5,87,2441
0.0,2.6,8.374999999999998,360,0.83,5.0,6,87,2442
145.88888888888889,4.4,8.652358098132101,360,0.78,6.0,7,87,2443
482.5555555555556,6.9,8.95,360,0.69,8.0,8,87,2444
841.6666666666666,9.1,9.247641901867897,360,0.6,8.0,9,87,2445
1167.111111111111,11.1,9.524999999999999,360,0.53,10.0,10,87,2446
1436.4444444444443,11.8,9.76317279836453,360,0.49,11.0,11,87,2447
1492.5555555555557,12.3,9.945929214352104,360,0.47,10.0,12,87,2448
1447.6666666666667,12.7,10.060814700232427,360,0.47,10.0,13,87,2449
1447.6666666666667,13.4,10.1,360,0.49,10.0,14,87,2450
1268.1111111111113,13.4,10.060814700232427,360,0.47,9.0,15,87,2451
953.8888888888889,13.7,9.945929214352104,360,0.46,10.0,16,87,2452
594.7777777777778,13.0,9.76317279836453,360,0.46,8.0,17,87,2453
213.22222222222223,11.4,9.524999999999999,360,0.55,7.0,18,87,2454
11.222222222222221,9.7,9.247641901867897,360,0.58,7.0,19,87,2455
0.0,8.5,8.95,360,0.63,4.0,20,87,2456
0.0,8.2,8.652358098132101,360,0.64,6.0,21,87,2457
0.0,7.1,8.375,360,0.7,4.0,22,87,2458
0.0,6.6,8.13682720163547,360,0.75,6.0,23,87,2459
0.0,5.9,7.954070785647895,360,0.8,6.0,24,87,2460
0.0,5.0,8.14429642582421,360,0.84,3.0,1,88,2461
0.0,4.8,8.099999999999998,360,0.83,4.0,2,88,2462
0.0,4.5,8.14429642582421,360,0.84,4.0,3,88,2463
0.0,4.2,8.274166975080227,360,0.86,4.0,4,88,2464
0.0,3.2,8.480761184457487,360,0.86,3.0,5,88,2465
0.0,3.3,8.749999999999998,360,0.88,4.0,6,88,2466
145.88888888888889,4.9,9.063535241366722,360,0.84,4.0,7,88,2467
471.33333333333337,7.0,9.399999999999999,360,0.77,6.0,8,88,2468
841.6666666666666,9.2,9.736464758633275,360,0.66,5.0,9,88,2469
1167.111111111111,11.3,10.049999999999999,360,0.57,6.0,10,88,2470
1402.7777777777778,13.1,10.31923881554251,360,0.52,7.0,11,88,2471
1537.4444444444446,13.8,10.525833024919768,360,0.47,8.0,12,88,2472
1559.888888888889,14.6,10.655703574175787,360,0.46,8.0,13,88,2473
1470.111111111111,15.1,10.7,360,0.46,9.0,14,88,2474
1200.7777777777778,14.9,10.655703574175787,360,0.45,8.0,15,88,2475
841.6666666666666,14.3,10.525833024919768,360,0.46,8.0,16,88,2476
516.2222222222223,14.2,10.31923881554251,360,0.47,7.0,17,88,2477
213.22222222222223,12.1,10.049999999999999,360,0.55,6.0,18,88,2478
0.0,9.7,9.736464758633275,360,0.64,3.0,19,88,2479
0.0,9.9,9.399999999999999,360,0.63,4.0,20,88,2480
0.0,9.0,9.063535241366722,360,0.66,5.0,21,88,2481
0.0,7.7,8.749999999999998,360,0.7,4.0,22,88,2482
0.0,6.0,8.480761184457487,360,0.77,3.0,23,88,2483
0.0,5.3,8.27416697508023,360,0.8,2.0,24,88,2484
0.0,4.8,8.363037221365225,360,0.81,2.0,1,89,2485
0.0,5.3,8.3,360,0.78,3.0,2,89,2486
0.0,3.5,8.363037221365225,360,0.84,3.0,3,89,2487
0.0,3.2,8.547853002998789,360,0.9,2.0,4,89,2488
0.0,3.2,8.841852454804886,360,0.89,3.0,5,89,2489
11.222222222222221,2.7,9.225,360,0.92,2.0,6,89,2490
134.66666666666669,4.3,9.671184766560337,360,0.91,2.0,7,89,2491
482.5555555555556,7.2,10.15,360,0.78,4.0,8,89,2492
864.1111111111111,10.1,10.628815233439664,360,0.64,4.0,9,89,2493
1200.7777777777778,13.3,11.075000000000001,360,0.54,4.0,10,89,2494
1425.2222222222222,15.1,11.458147545195112,360,0.5,5.0,11,89,2495
1559.888888888889,16.3,11.752146997001212,360,0.44,5.0,12,89,2496
1458.8888888888887,17.1,11.936962778634776,360,0.48,6.0,13,89,2497
1324.2222222222224,17.4,12.0,360,0.42,6.0,14,89,2498
1155.888888888889,18.2,11.936962778634776,360,0.38,6.0,15,89,2499
987.5555555555557,17.9,11.752146997001212,360,0.38,6.0,16,89,2500
650.8888888888889,17.6,11.458147545195112,360,0.47,4.0,17,89,2501
168.33333333333331,16.0,11.075000000000001,360,0.43,2.0,18,89,2502
11.222222222222221,11.2,10.628815233439664,360,0.66,1.0,19,89,2503
0.0,9.6,10.15,360,0.7,2.0,20,89,2504
0.0,8.9,9.671184766560337,360,0.71,1.0,21,89,2505
