PARi,air_temperature,soil_temperature,ambient_CO2,humidity,Wind,hour,DOY,t
385.516339869281,7.370588235294117,7.105936903757102,360,0.8523529411764705,6.411764705882353,12,351,0
359.1111111111111,7.782352941176471,7.158531537958068,360,0.8364705882352941,6.235294117647059,13,351,1
290.4575163398693,7.770588235294118,7.176470588235294,360,0.8305882352941176,6.235294117647059,14,351,2
190.77777777777777,7.594117647058823,7.158531537958068,360,0.8441176470588235,6.235294117647059,15,351,3
70.63398692810458,7.147058823529412,7.105936903757102,360,0.8611764705882353,5.588235294117647,16,351,4
3.9607843137254903,6.635294117647058,7.022270923036447,360,0.8758823529411766,5.352941176470588,17,351,5
0.0,6.364705882352942,6.913235294117648,360,0.8882352941176471,5.235294117647059,18,351,6
0.0,5.947058823529412,6.786260614921622,360,0.9041176470588236,5.470588235294118,19,351,7
0.0,5.800000000000001,6.65,360,0.9,5.647058823529412,20,351,8
0.0,5.323529411764706,6.513739385078379,360,0.9158823529411764,5.235294117647059,21,351,9
0.0,5.194117647058824,6.386764705882354,360,0.9194117647058825,4.647058823529412,22,351,10
0.0,4.947058823529411,6.277729076963554,360,0.926470588235294,5.0588235294117645,23,351,11
0.0,4.782352941176471,6.194063096242899,360,0.9288235294117646,5.117647058823529,24,351,12
0.0,4.570588235294117,5.69173426662649,360,0.9270588235294116,5.352941176470588,1,352,13
0.0,4.376470588235295,5.670588235294117,360,0.9252941176470588,5.235294117647059,2,352,14
0.0,4.241176470588235,5.69173426662649,360,0.9282352941176473,4.941176470588236,3,352,15
0.0,4.105882352941176,5.753731293533774,360,0.9305882352941175,4.764705882352941,4,352,16
0.0,3.923529411764706,5.852354321087171,360,0.9294117647058825,5.411764705882353,5,352,17
0.0,3.864705882352941,5.980882352941176,360,0.9370588235294116,4.588235294117647,6,352,18
0.0,3.6,6.130556416127553,360,0.9376470588235294,4.705882352941177,7,352,19
7.921568627450981,3.8117647058823527,6.291176470588235,360,0.93,5.0588235294117645,8,352,20
109.58169934640524,4.452941176470588,6.451796525048917,360,0.9205882352941175,5.176470588235294,9,352,21
271.9738562091503,5.6117647058823525,6.601470588235294,360,0.8982352941176471,5.588235294117647,10,352,22
400.6993464052287,6.7176470588235295,6.729998620089298,360,0.8705882352941177,6.0,11,352,23
461.4313725490196,7.394117647058824,6.828621647642696,360,0.8464705882352941,6.117647058823529,12,352,24
396.078431372549,7.629411764705882,6.89061867454998,360,0.8317647058823529,6.117647058823529,13,352,25
328.7450980392157,7.7,6.911764705882353,360,0.8205882352941177,6.117647058823529,14,352,26
224.44444444444446,7.588235294117647,6.89061867454998,360,0.8288235294117646,5.470588235294118,15,352,27
72.61437908496733,6.652941176470589,6.828621647642696,360,0.8611764705882353,4.823529411764706,16,352,28
1.3202614379084965,5.958823529411765,6.729998620089298,360,0.886470588235294,4.529411764705882,17,352,29
0.0,5.535294117647059,6.601470588235294,360,0.9058823529411764,4.647058823529412,18,352,30
0.0,5.288235294117648,6.451796525048917,360,0.9211764705882354,4.294117647058823,19,352,31
0.0,4.964705882352941,6.291176470588235,360,0.9258823529411764,4.0,20,352,32
0.0,4.811764705882353,6.130556416127553,360,0.9341176470588236,3.823529411764706,21,352,33
0.0,4.729411764705882,5.980882352941176,360,0.9347058823529412,4.0,22,352,34
0.0,4.494117647058824,5.852354321087172,360,0.9411764705882354,4.0588235294117645,23,352,35
0.0,4.417647058823529,5.753731293533774,360,0.9464705882352941,3.941176470588236,24,352,36
0.0,4.270588235294118,6.00817870755434,360,0.9576470588235294,4.0588235294117645,1,353,37
0.0,4.188235294117647,5.988235294117647,360,0.9564705882352941,4.352941176470588,2,353,38
0.0,4.082352941176471,6.00817870755434,360,0.96,4.0,3,353,39
0.0,3.794117647058824,6.066649837196755,360,0.9605882352941175,4.0588235294117645,4,353,40
0.0,3.7235294117647055,6.159663972187874,360,0.9588235294117646,4.117647058823529,5,353,41
0.0,3.6352941176470592,6.280882352941177,360,0.9617647058823527,4.235294117647059,6,353,42
0.0,3.588235294117647,6.422044147131173,360,0.9694117647058824,4.117647058823529,7,353,43
6.601307189542484,3.788235294117648,6.5735294117647065,360,0.9723529411764705,4.294117647058823,8,353,44
87.13725490196077,4.494117647058824,6.72501467639824,360,0.9729411764705884,4.470588235294118,9,353,45
225.76470588235296,5.647058823529412,6.866176470588236,360,0.9447058823529412,4.764705882352941,10,353,46
329.4052287581699,6.635294117647058,6.987394851341539,360,0.9176470588235294,5.588235294117647,11,353,47
372.9738562091503,7.223529411764706,7.080408986332658,360,0.896470588235294,6.294117647058823,12,353,48
369.0130718954249,7.723529411764707,7.138880115975073,360,0.8829411764705882,6.0,13,353,49
333.3660130718955,7.811764705882354,7.158823529411766,360,0.8641176470588234,6.294117647058823,14,353,50
214.54248366013073,7.552941176470589,7.138880115975073,360,0.8747058823529411,6.117647058823529,15,353,51
77.89542483660132,6.858823529411764,7.080408986332658,360,0.8988235294117647,5.823529411764706,16,353,52
1.3202614379084965,6.364705882352942,6.987394851341539,360,0.92,5.411764705882353,17,353,53
0.0,6.18235294117647,6.866176470588236,360,0.9258823529411764,6.117647058823529,18,353,54
0.0,6.052941176470588,6.72501467639824,360,0.9276470588235294,6.294117647058823,19,353,55
0.0,6.135294117647058,6.5735294117647065,360,0.9170588235294116,6.352941176470588,20,353,56
0.0,6.064705882352941,6.422044147131173,360,0.916470588235294,6.411764705882353,21,353,57
0.0,5.81764705882353,6.280882352941177,360,0.9194117647058825,5.882352941176471,22,353,58
0.0,5.611764705882353,6.159663972187874,360,0.9317647058823527,5.941176470588236,23,353,59
0.0,5.352941176470588,6.066649837196755,360,0.9382352941176473,5.823529411764706,24,353,60
0.0,5.364705882352942,6.325324675588002,360,0.9411764705882354,6.176470588235294,1,354,61
0.0,5.394117647058824,6.305882352941176,360,0.94,6.294117647058823,2,354,62
0.0,5.282352941176471,6.325324675588002,360,0.9376470588235294,6.0,3,354,63
0.0,5.323529411764706,6.382326681370055,360,0.9352941176470588,5.705882352941177,4,354,64
0.0,5.447058823529411,6.473003777793558,360,0.9341176470588236,5.764705882352941,5,354,65
0.0,5.423529411764706,6.591176470588235,360,0.9276470588235294,6.0588235294117645,6,354,66
0.0,5.129411764705883,6.7287914860297375,360,0.9352941176470588,5.823529411764706,7,354,67
5.281045751633986,5.341176470588235,6.876470588235294,360,0.9329411764705884,6.0,8,354,68
68.65359477124183,5.7176470588235295,7.02414969044085,360,0.9311764705882354,6.294117647058823,9,354,69
165.69281045751634,6.547058823529412,7.161764705882352,360,0.9111764705882354,6.470588235294118,10,354,70
277.9150326797386,7.2,7.2799373986770295,360,0.8858823529411766,6.823529411764706,11,354,71
299.03921568627453,7.605882352941177,7.370614495100532,360,0.8823529411764706,6.941176470588236,12,354,72
281.21568627450984,7.935294117647059,7.427616500882586,360,0.8676470588235294,6.705882352941177,13,354,73
262.07189542483655,8.311764705882354,7.447058823529411,360,0.8576470588235294,6.705882352941177,14,354,74
176.91503267973857,8.170588235294119,7.427616500882586,360,0.8664705882352941,6.352941176470588,15,354,75
58.09150326797386,7.511764705882353,7.370614495100532,360,0.8911764705882353,5.529411764705882,16,354,76
0.6601307189542482,6.9,7.2799373986770295,360,0.916470588235294,5.352941176470588,17,354,77
0.0,6.852941176470588,7.161764705882352,360,0.916470588235294,5.176470588235294,18,354,78
0.0,6.670588235294118,7.02414969044085,360,0.9217647058823527,5.470588235294118,19,354,79
0.0,6.470588235294118,6.876470588235294,360,0.9276470588235294,5.352941176470588,20,354,80
0.0,6.305882352941176,6.7287914860297375,360,0.9341176470588236,5.235294117647059,21,354,81
0.0,6.276470588235294,6.591176470588235,360,0.9388235294117646,5.117647058823529,22,354,82
0.0,6.076470588235294,6.473003777793558,360,0.9352941176470588,5.647058823529412,23,354,83
0.0,6.035294117647059,6.382326681370055,360,0.9388235294117646,5.294117647058823,24,354,84
0.0,6.082352941176471,6.637490254102248,360,0.9347058823529412,5.411764705882353,1,355,85
0.0,6.088235294117647,6.617647058823529,360,0.9394117647058825,5.705882352941177,2,355,86
0.0,5.888235294117647,6.637490254102248,360,0.94,5.941176470588236,3,355,87
0.0,5.8,6.695667558972591,360,0.9394117647058825,6.235294117647059,4,355,88
0.0,5.688235294117647,6.788214286250186,360,0.9394117647058825,5.764705882352941,5,355,89
0.6601307189542482,5.564705882352942,6.908823529411764,360,0.9452941176470588,5.470588235294118,6,355,90
0.0,5.523529411764706,7.049275967852061,360,0.9547058823529412,5.647058823529412,7,355,91
5.9411764705882355,5.447058823529411,7.2,360,0.9611764705882354,5.470588235294118,8,355,92
66.01307189542483,5.805882352941176,7.350724032147939,360,0.9605882352941175,5.588235294117647,9,355,93
203.98039215686273,6.735294117647059,7.491176470588236,360,0.9476470588235294,5.647058823529412,10,355,94
349.8692810457516,7.711764705882352,7.611785713749813,360,0.9188235294117646,5.470588235294118,11,355,95
444.26797385620915,8.523529411764706,7.704332441027409,360,0.8711764705882353,6.294117647058823,12,355,96
392.1176470588235,9.005882352941176,7.762509745897752,360,0.8329411764705883,6.764705882352941,13,355,97
309.60130718954247,9.08235294117647,7.782352941176471,360,0.8047058823529412,6.823529411764706,14,355,98
194.73856209150324,8.858823529411765,7.762509745897752,360,0.8323529411764706,6.0588235294117645,15,355,99
62.71241830065358,8.105882352941178,7.704332441027409,360,0.8811764705882353,4.941176470588236,16,355,100
1.3202614379084965,7.488235294117647,7.611785713749813,360,0.9023529411764706,4.882352941176471,17,355,101
0.0,7.194117647058824,7.491176470588236,360,0.9152941176470588,4.470588235294118,18,355,102
0.0,7.1000000000000005,7.350724032147939,360,0.9258823529411764,4.647058823529412,19,355,103
0.0,6.958823529411765,7.2,360,0.9341176470588236,4.764705882352941,20,355,104
0.0,6.958823529411765,7.049275967852061,360,0.9358823529411764,5.0,21,355,105
0.0,6.982352941176471,6.908823529411765,360,0.9464705882352941,5.235294117647059,22,355,106
0.0,6.947058823529411,6.788214286250187,360,0.9417647058823527,5.411764705882353,23,355,107
0.0,6.7294117647058815,6.695667558972591,360,0.9482352941176473,5.588235294117647,24,355,108
0.0,6.623529411764705,6.99083230320473,360,0.9529411764705884,5.705882352941177,1,356,109
0.0,6.552941176470589,6.970588235294118,360,0.9447058823529412,5.411764705882353,2,356,110
0.0,6.441176470588236,6.99083230320473,360,0.9452941176470588,5.529411764705882,3,356,111
0.0,6.358823529411764,7.050184907163363,360,0.9517647058823527,5.647058823529412,4,356,112
0.0,6.205882352941177,7.144601265295051,360,0.9470588235294116,5.176470588235294,5,356,113
0.0,6.082352941176471,7.267647058823529,360,0.9511764705882354,5.411764705882353,6,356,114
0.0,6.023529411764706,7.41093692026262,360,0.9570588235294116,5.294117647058823,7,356,115
6.601307189542484,6.029411764705882,7.564705882352941,360,0.9594117647058824,5.352941176470588,8,356,116
84.49673202614377,6.629411764705883,7.718474844443262,360,0.9594117647058824,5.411764705882353,9,356,117
203.98039215686273,7.447058823529411,7.8617647058823525,360,0.9329411764705884,5.529411764705882,10,356,118
291.11764705882354,8.194117647058825,7.98481049941083,360,0.9011764705882354,6.470588235294118,11,356,119
285.17647058823525,8.488235294117647,8.079226857542519,360,0.9005882352941177,6.235294117647059,12,356,120
233.68627450980392,8.711764705882352,8.138579461501152,360,0.9017647058823528,6.294117647058823,13,356,121
175.59477124183005,8.947058823529412,8.158823529411764,360,0.896470588235294,6.176470588235294,14,356,122
127.40522875816994,9.005882352941176,8.138579461501152,360,0.8923529411764706,6.0588235294117645,15,356,123
42.90849673202615,8.717647058823529,8.079226857542519,360,0.8994117647058824,6.529411764705882,16,356,124
0.6601307189542482,8.576470588235296,7.98481049941083,360,0.9058823529411764,6.0,17,356,125
0.0,8.511764705882353,7.8617647058823525,360,0.9117647058823528,6.235294117647059,18,356,126
0.0,8.488235294117647,7.718474844443262,360,0.9123529411764706,6.529411764705882,19,356,127
0.0,8.394117647058822,7.564705882352941,360,0.9105882352941176,6.588235294117647,20,356,128
0.0,8.411764705882353,7.41093692026262,360,0.9123529411764706,6.882352941176471,21,356,129
0.0,8.194117647058825,7.267647058823529,360,0.93,7.0588235294117645,22,356,130
0.0,8.164705882352942,7.1446012652950515,360,0.9370588235294116,7.0,23,356,131
0.0,8.188235294117646,7.050184907163363,360,0.9294117647058825,7.0,24,356,132
0.0,8.041176470588235,7.582544714472194,360,0.9341176470588236,7.235294117647059,1,357,133
0.0,8.035294117647059,7.564705882352941,360,0.9329411764705884,7.235294117647059,2,357,134
0.0,7.917647058823529,7.582544714472194,360,0.9441176470588236,7.411764705882353,3,357,135
0.0,7.911764705882353,7.634845523901087,360,0.9470588235294116,7.352941176470588,4,357,136
0.0,7.8,7.718044096908219,360,0.9494117647058825,7.411764705882353,5,357,137
0.0,7.652941176470588,7.826470588235294,360,0.9517647058823527,7.0588235294117645,6,357,138
0.0,7.517647058823529,7.952735911681621,360,0.9447058823529412,6.470588235294118,7,357,139
3.9607843137254903,7.511764705882353,8.088235294117647,360,0.9458823529411764,6.176470588235294,8,357,140
64.03267973856208,7.864705882352941,8.223734676553672,360,0.9388235294117646,6.470588235294118,9,357,141
157.1111111111111,8.258823529411766,8.35,360,0.9341176470588236,7.0588235294117645,10,357,142
231.70588235294116,8.823529411764707,8.458426491327074,360,0.9258823529411764,6.941176470588236,11,357,143
258.11111111111114,9.0,8.541625064334205,360,0.9194117647058825,7.176470588235294,12,357,144
236.98692810457513,9.188235294117646,8.5939258737631,360,0.9170588235294116,6.941176470588236,13,357,145
221.8039215686275,9.341176470588236,8.611764705882353,360,0.9047058823529411,6.882352941176471,14,357,146
146.54901960784312,9.264705882352942,8.5939258737631,360,0.8988235294117647,7.0588235294117645,15,357,147
55.45098039215687,8.823529411764707,8.541625064334205,360,0.91,5.941176470588236,16,357,148
3.300653594771242,8.505882352941176,8.458426491327074,360,0.9223529411764706,5.647058823529412,17,357,149
0.0,8.052941176470588,8.35,360,0.9329411764705884,5.470588235294118,18,357,150
0.0,7.935294117647059,8.223734676553672,360,0.9305882352941175,5.470588235294118,19,357,151
0.0,7.729411764705882,8.088235294117647,360,0.9358823529411764,5.294117647058823,20,357,152
0.0,7.605882352941177,7.952735911681621,360,0.9452941176470588,5.470588235294118,21,357,153
0.0,7.617647058823529,7.826470588235294,360,0.9423529411764706,5.764705882352941,22,357,154
0.0,7.664705882352941,7.718044096908219,360,0.9447058823529412,5.882352941176471,23,357,155
0.0,7.458823529411765,7.634845523901088,360,0.9423529411764706,5.705882352941177,24,357,156
0.0,7.329411764705882,7.721516385585016,360,0.9417647058823527,5.705882352941177,1,358,157
0.0,7.3,7.705882352941176,360,0.943529411764706,5.176470588235294,2,358,158
0.0,7.182352941176471,7.721516385585016,360,0.9488235294117646,5.823529411764706,3,358,159
0.0,7.170588235294118,7.767353050028316,360,0.9464705882352941,5.882352941176471,4,358,160
0.0,7.288235294117648,7.840268653337937,360,0.9441176470588236,5.882352941176471,5,358,161
0.0,7.305882352941176,7.935294117647058,360,0.9417647058823527,6.117647058823529,6,358,162
0.6601307189542482,7.276470588235294,8.04595361460002,360,0.9394117647058825,5.764705882352941,7,358,163
3.9607843137254903,7.205882352941177,8.16470588235294,360,0.94,5.882352941176471,8,358,164
72.61437908496733,7.535294117647059,8.283458150105862,360,0.936470588235294,5.941176470588236,9,358,165
167.01307189542487,8.070588235294117,8.394117647058822,360,0.9211764705882354,5.882352941176471,10,358,166
283.1960784313726,8.711764705882352,8.489143111367945,360,0.9,6.705882352941177,11,358,167
341.28758169934633,9.2,8.562058714677566,360,0.8841176470588235,7.0588235294117645,12,358,168
330.7254901960784,9.429411764705884,8.607895379120865,360,0.8664705882352941,7.470588235294118,13,358,169
271.3137254901961,9.282352941176471,8.623529411764705,360,0.8729411764705882,7.411764705882353,14,358,170
168.99346405228755,9.123529411764704,8.607895379120865,360,0.8741176470588234,7.0,15,358,171
62.71241830065358,8.764705882352942,8.562058714677566,360,0.8876470588235295,6.352941176470588,16,358,172
3.300653594771242,8.358823529411765,8.489143111367945,360,0.8988235294117647,6.176470588235294,17,358,173
0.0,8.152941176470588,8.394117647058822,360,0.9105882352941176,5.705882352941177,18,358,174
0.0,8.088235294117647,8.283458150105862,360,0.9170588235294116,5.823529411764706,19,358,175
0.0,7.858823529411764,8.16470588235294,360,0.9223529411764706,6.117647058823529,20,358,176
0.0,7.670588235294118,8.04595361460002,360,0.9188235294117646,5.823529411764706,21,358,177
0.0,7.405882352941177,7.935294117647058,360,0.9252941176470588,5.529411764705882,22,358,178
0.0,7.394117647058824,7.840268653337937,360,0.9305882352941175,5.941176470588236,23,358,179
0.0,7.370588235294117,7.767353050028316,360,0.9411764705882354,5.882352941176471,24,358,180
0.0,7.358823529411764,7.708549061806983,360,0.9411764705882354,5.941176470588236,1,359,181
0.0,7.394117647058824,7.694117647058824,360,0.9482352941176473,6.235294117647059,2,359,182
0.0,7.399999999999999,7.708549061806983,360,0.9476470588235294,6.529411764705882,3,359,183
0.0,7.364705882352942,7.750859828985414,360,0.95,6.764705882352941,4,359,184
0.0,7.288235294117648,7.818166539732756,360,0.953529411764706,6.470588235294118,5,359,185
0.0,7.270588235294118,7.905882352941176,360,0.9570588235294116,6.352941176470588,6,359,186
0.0,7.2176470588235295,8.008029580897755,360,0.9594117647058824,6.117647058823529,7,359,187
2.640522875816993,7.229411764705882,8.117647058823529,360,0.9594117647058824,6.0588235294117645,8,359,188
66.6732026143791,7.676470588235294,8.227264536749303,360,0.9523529411764706,6.176470588235294,9,359,189
182.8562091503268,8.270588235294117,8.329411764705881,360,0.9282352941176473,6.235294117647059,10,359,190
261.4117647058823,8.735294117647058,8.417127577914302,360,0.906470588235294,6.294117647058823,11,359,191
332.7058823529412,9.258823529411766,8.484434288661644,360,0.88,6.588235294117647,12,359,192
314.88235294117646,9.511764705882351,8.526745055840076,360,0.8605882352941177,6.705882352941177,13,359,193
268.01307189542484,9.576470588235296,8.541176470588233,360,0.8494117647058823,6.647058823529412,14,359,194
168.99346405228755,9.31764705882353,8.526745055840076,360,0.8664705882352941,5.705882352941177,15,359,195
63.372549019607845,8.958823529411765,8.484434288661644,360,0.8817647058823529,5.529411764705882,16,359,196
4.620915032679738,8.229411764705883,8.417127577914302,360,0.9152941176470588,5.117647058823529,17,359,197
0.0,8.011764705882353,8.329411764705881,360,0.9176470588235294,5.0588235294117645,18,359,198
0.0,7.81764705882353,8.227264536749303,360,0.9211764705882354,5.647058823529412,19,359,199
0.0,7.611764705882353,8.117647058823529,360,0.9276470588235294,6.117647058823529,20,359,200
0.0,7.270588235294118,8.008029580897755,360,0.9270588235294116,6.705882352941177,21,359,201
0.0,6.917647058823529,7.905882352941177,360,0.9282352941176473,6.411764705882353,22,359,202
0.0,6.664705882352941,7.818166539732756,360,0.9329411764705884,5.823529411764706,23,359,203
0.0,6.405882352941176,7.750859828985415,360,0.94,5.705882352941177,24,359,204
0.0,6.423529411764706,7.482614414250917,360,0.9482352941176473,5.176470588235294,1,360,205
0.0,6.358823529411764,7.470588235294118,360,0.9488235294117646,5.470588235294118,2,360,206
0.0,6.194117647058824,7.482614414250917,360,0.9547058823529412,5.294117647058823,3,360,207
0.0,6.129411764705883,7.51787338689961,360,0.9558823529411764,5.235294117647059,4,360,208
0.0,6.041176470588235,7.5739623125223945,360,0.9523529411764706,5.411764705882353,5,360,209
0.0,5.858823529411765,7.647058823529411,360,0.9541176470588236,5.235294117647059,6,360,210
0.0,5.776470588235294,7.732181513493228,360,0.9541176470588236,5.235294117647059,7,360,211
7.261437908496733,5.670588235294118,7.823529411764706,360,0.95,5.235294117647059,8,360,212
85.8169934640523,6.2176470588235295,7.914877310036183,360,0.9458823529411764,5.588235294117647,9,360,213
225.1045751633987,6.970588235294118,8.0,360,0.9205882352941175,5.823529411764706,10,360,214
359.1111111111111,7.935294117647059,8.073096511007016,360,0.8758823529411766,6.529411764705882,11,360,215
384.19607843137254,8.311764705882354,8.1291854366298,360,0.8682352941176471,6.647058823529412,12,360,216
412.58169934640523,8.794117647058824,8.164444409278493,360,0.8417647058823529,6.588235294117647,13,360,217
318.1830065359477,8.829411764705881,8.176470588235293,360,0.83,6.529411764705882,14,360,218
190.11764705882354,8.447058823529412,8.164444409278493,360,0.8405882352941176,6.470588235294118,15,360,219
60.0718954248366,7.68235294117647,8.1291854366298,360,0.8694117647058823,5.941176470588236,16,360,220
3.9607843137254903,7.064705882352941,8.073096511007016,360,0.8888235294117647,5.294117647058823,17,360,221
0.0,6.729411764705882,8.0,360,0.8976470588235295,5.176470588235294,18,360,222
0.0,6.494117647058824,7.914877310036183,360,0.9082352941176473,5.117647058823529,19,360,223
0.0,6.470588235294118,7.823529411764706,360,0.916470588235294,5.235294117647059,20,360,224
0.0,6.2176470588235295,7.732181513493228,360,0.9229411764705884,4.941176470588236,21,360,225
0.0,5.905882352941177,7.647058823529412,360,0.926470588235294,4.941176470588236,22,360,226
0.0,5.7,7.573962312522395,360,0.9335294117647059,5.352941176470588,23,360,227
0.0,5.594117647058824,7.51787338689961,360,0.9382352941176473,5.0588235294117645,24,360,228
0.0,5.264705882352941,6.796082828818817,360,0.9476470588235294,5.0588235294117645,1,361,229
0.0,5.017647058823529,6.782352941176471,360,0.9494117647058825,5.176470588235294,2,361,230
0.0,4.805882352941176,6.796082828818817,360,0.9511764705882354,4.882352941176471,3,361,231
0.0,4.452941176470588,6.836336822592741,360,0.9552941176470588,4.588235294117647,4,361,232
0.0,4.158823529411765,6.900371679345421,360,0.9594117647058824,4.0,5,361,233
0.0,4.070588235294117,6.983823529411765,360,0.9582352941176473,4.0,6,361,234
0.6601307189542482,3.882352941176471,7.081005267120455,360,0.9570588235294116,4.176470588235294,7,361,235
10.562091503267972,3.958823529411765,7.185294117647059,360,0.9564705882352941,4.352941176470588,8,361,236
101.66013071895425,4.552941176470589,7.289582968173663,360,0.9494117647058825,4.882352941176471,9,361,237
279.8954248366013,5.705882352941177,7.386764705882353,360,0.9323529411764706,4.941176470588236,10,361,238
403.3398692810457,6.629411764705883,7.4702165559486975,360,0.8976470588235295,5.647058823529412,11,361,239
424.4640522875817,7.394117647058824,7.534251412701377,360,0.8758823529411766,6.0,12,361,240
447.5686274509804,7.870588235294118,7.574505406475301,360,0.8523529411764705,6.470588235294118,13,361,241
382.2156862745099,8.205882352941176,7.588235294117647,360,0.8347058823529412,6.411764705882353,14,361,242
271.9738562091503,8.076470588235296,7.574505406475301,360,0.8270588235294117,6.0588235294117645,15,361,243
99.01960784313725,7.070588235294117,7.534251412701377,360,0.8558823529411765,5.764705882352941,16,361,244
4.620915032679738,6.229411764705882,7.4702165559486975,360,0.8929411764705882,5.0,17,361,245
0.0,5.788235294117648,7.386764705882353,360,0.906470588235294,5.470588235294118,18,361,246
0.0,5.364705882352942,7.289582968173663,360,0.9170588235294116,5.588235294117647,19,361,247
0.0,5.176470588235294,7.185294117647059,360,0.9288235294117646,5.235294117647059,20,361,248
0.0,5.0588235294117645,7.081005267120455,360,0.9223529411764706,5.705882352941177,21,361,249
0.0,4.823529411764706,6.983823529411765,360,0.9341176470588236,6.0588235294117645,22,361,250
0.0,4.676470588235294,6.900371679345421,360,0.9370588235294116,5.647058823529412,23,361,251
0.0,4.5588235294117645,6.836336822592741,360,0.9417647058823527,5.352941176470588,24,361,252
0.0,4.611764705882353,6.458013121127754,360,0.9429411764705884,6.0588235294117645,1,362,253
0.0,4.429411764705883,6.4411764705882355,360,0.9447058823529412,6.470588235294118,2,362,254
0.0,4.270588235294119,6.458013121127754,360,0.953529411764706,6.176470588235294,3,362,255
0.0,4.2176470588235295,6.507375682835924,360,0.9541176470588236,6.647058823529412,4,362,256
0.6601307189542482,4.341176470588235,6.585900178707823,360,0.9570588235294116,6.117647058823529,5,362,257
0.0,4.441176470588236,6.688235294117647,360,0.9488235294117646,6.823529411764706,6,362,258
0.6601307189542482,4.488235294117647,6.80740706006699,360,0.9494117647058825,6.529411764705882,7,362,259
8.581699346405228,4.6000000000000005,6.935294117647059,360,0.9429411764705884,6.941176470588236,8,362,260
85.15686274509804,5.247058823529412,7.063181175227128,360,0.9341176470588236,6.882352941176471,9,362,261
192.09803921568627,5.929411764705883,7.182352941176471,360,0.9223529411764706,7.647058823529412,10,362,262
348.5490196078431,6.847058823529411,7.284688056586294,360,0.8788235294117647,8.0,11,362,263
382.875816993464,7.411764705882353,7.363212552458194,360,0.8405882352941176,7.882352941176471,12,362,264
375.6143790849673,7.705882352941177,7.412575114166364,360,0.8294117647058823,7.647058823529412,13,362,265
298.3790849673203,7.870588235294118,7.429411764705883,360,0.8164705882352941,7.411764705882353,14,362,266
184.17647058823528,7.435294117647059,7.412575114166364,360,0.8352941176470589,6.705882352941177,15,362,267
62.71241830065358,7.017647058823529,7.363212552458194,360,0.8594117647058823,6.470588235294118,16,362,268
2.640522875816993,6.488235294117647,7.284688056586294,360,0.8782352941176471,6.117647058823529,17,362,269
0.0,6.2176470588235295,7.182352941176471,360,0.8888235294117647,6.176470588235294,18,362,270
0.0,5.905882352941177,7.063181175227128,360,0.8970588235294117,5.764705882352941,19,362,271
0.0,5.705882352941177,6.935294117647059,360,0.9041176470588236,5.352941176470588,20,362,272
0.0,5.688235294117647,6.80740706006699,360,0.9011764705882354,5.352941176470588,21,362,273
0.0,5.435294117647059,6.688235294117647,360,0.9111764705882354,5.235294117647059,22,362,274
0.0,5.18235294117647,6.585900178707824,360,0.9217647058823527,5.294117647058823,23,362,275
0.0,5.088235294117647,6.507375682835924,360,0.9229411764705884,5.411764705882353,24,362,276
0.0,4.805882352941176,6.381943405524354,360,0.9241176470588236,5.0588235294117645,1,363,277
0.0,4.705882352941177,6.364705882352942,360,0.9252941176470588,5.0588235294117645,2,363,278
0.0,4.5588235294117645,6.381943405524354,360,0.9252941176470588,5.235294117647059,3,363,279
0.0,4.347058823529412,6.4324812663208135,360,0.9405882352941175,5.411764705882353,4,363,280
0.0,4.258823529411765,6.512875393046806,360,0.95,5.647058823529412,5,363,281
0.0,4.335294117647059,6.61764705882353,360,0.9494117647058825,5.235294117647059,6,363,282
0.6601307189542482,4.341176470588235,6.739656247771666,360,0.9470588235294116,5.294117647058823,7,363,283
11.882352941176467,4.529411764705882,6.870588235294118,360,0.9452941176470588,5.705882352941177,8,363,284
93.07843137254902,5.241176470588236,7.00152022281657,360,0.9311764705882354,6.0,9,363,285
174.9346405228758,5.852941176470588,7.123529411764706,360,0.9111764705882354,6.588235294117647,10,363,286
239.6274509803921,6.329411764705882,7.22830107754143,360,0.8982352941176471,7.0588235294117645,11,363,287
296.39869281045753,6.864705882352942,7.308695204267423,360,0.8841176470588235,7.176470588235294,12,363,288
287.8169934640523,7.405882352941177,7.359233065063882,360,0.8705882352941177,7.176470588235294,13,363,289
266.0326797385622,7.476470588235294,7.376470588235295,360,0.8647058823529412,6.647058823529412,14,363,290
159.09150326797385,7.352941176470588,7.359233065063882,360,0.87,6.588235294117647,15,363,291
67.33333333333334,7.070588235294117,7.308695204267423,360,0.8741176470588234,6.235294117647059,16,363,292
3.9607843137254903,6.529411764705882,7.22830107754143,360,0.8947058823529411,5.764705882352941,17,363,293
0.0,6.258823529411764,7.123529411764706,360,0.8976470588235295,5.588235294117647,18,363,294
0.0,5.864705882352942,7.00152022281657,360,0.9123529411764706,6.411764705882353,19,363,295
0.0,5.888235294117647,6.870588235294118,360,0.9152941176470588,6.176470588235294,20,363,296
0.0,5.658823529411765,6.739656247771666,360,0.9194117647058825,6.176470588235294,21,363,297
0.0,5.441176470588236,6.61764705882353,360,0.9241176470588236,6.117647058823529,22,363,298
0.0,5.252941176470588,6.512875393046806,360,0.9329411764705884,5.823529411764706,23,363,299
0.0,4.911764705882353,6.4324812663208135,360,0.9411764705882354,5.764705882352941,24,363,300
0.0,4.623529411764705,6.247050160509188,360,0.9547058823529412,5.529411764705882,1,364,301
0.0,4.482352941176471,6.229411764705882,360,0.9570588235294116,5.470588235294118,2,364,302
0.0,4.335294117647059,6.247050160509188,360,0.9617647058823527,5.294117647058823,3,364,303
0.0,4.305882352941176,6.298763320393937,360,0.9594117647058824,5.117647058823529,4,364,304
0.0,4.147058823529412,6.381027077974022,360,0.9605882352941175,5.0,5,364,305
0.0,4.052941176470589,6.488235294117647,360,0.9605882352941175,4.941176470588236,6,364,306
0.6601307189542482,4.070588235294117,6.613081906064577,360,0.963529411764706,5.235294117647059,7,364,307
9.241830065359476,4.052941176470589,6.747058823529412,360,0.963529411764706,5.176470588235294,8,364,308
110.90196078431374,4.7176470588235295,6.881035740994246,360,0.9564705882352941,5.176470588235294,9,364,309
277.25490196078437,5.782352941176471,7.0058823529411764,360,0.9388235294117646,5.588235294117647,10,364,310
427.10457516339875,6.876470588235295,7.113090569084801,360,0.9088235294117646,6.0,11,364,311
487.17647058823536,7.629411764705882,7.195354326664886,360,0.8770588235294118,6.294117647058823,12,364,312
440.3071895424837,8.117647058823529,7.247067486549636,360,0.8558823529411765,6.411764705882353,13,364,313
366.37254901960785,8.647058823529411,7.264705882352941,360,0.8264705882352941,5.882352941176471,14,364,314
233.02614379084972,8.294117647058824,7.247067486549636,360,0.8447058823529412,5.941176470588236,15,364,315
87.79738562091502,7.470588235294118,7.195354326664886,360,0.8776470588235294,5.647058823529412,16,364,316
3.300653594771242,6.435294117647059,7.113090569084801,360,0.9129411764705884,4.764705882352941,17,364,317
0.0,6.1000000000000005,7.0058823529411764,360,0.9305882352941175,4.647058823529412,18,364,318
0.0,6.088235294117647,6.881035740994246,360,0.9305882352941175,5.411764705882353,19,364,319
0.0,5.788235294117647,6.747058823529412,360,0.94,4.882352941176471,20,364,320
0.0,5.582352941176471,6.613081906064577,360,0.9458823529411764,4.764705882352941,21,364,321
0.0,5.405882352941177,6.488235294117647,360,0.9476470588235294,4.705882352941177,22,364,322
0.0,5.282352941176471,6.381027077974022,360,0.9564705882352941,4.705882352941177,23,364,323
0.0,5.341176470588235,6.298763320393937,360,0.96,4.647058823529412,24,364,324
0.0,5.229411764705882,6.3728845899072795,360,0.9611764705882354,4.705882352941177,1,365,325
0.0,5.094117647058824,6.352941176470587,360,0.9670588235294116,4.647058823529412,2,365,326
0.0,5.0,6.3728845899072795,360,0.9723529411764705,5.117647058823529,3,365,327
0.0,4.911764705882353,6.431355719549695,360,0.9776470588235294,4.823529411764706,4,365,328
0.0,4.794117647058823,6.524369854540814,360,0.9788235294117646,4.588235294117647,5,365,329
0.0,4.68235294117647,6.645588235294117,360,0.9788235294117646,4.529411764705882,6,365,330
0.0,4.576470588235294,6.7867500294841125,360,0.9770588235294116,4.764705882352941,7,365,331
4.620915032679738,4.494117647058824,6.938235294117646,360,0.9788235294117646,4.764705882352941,8,365,332
56.77124183006534,4.805882352941176,7.08972055875118,360,0.9770588235294116,4.588235294117647,9,365,333
169.65359477124179,5.723529411764706,7.230882352941176,360,0.9682352941176472,5.0588235294117645,10,365,334
262.07189542483655,6.6000000000000005,7.352100733694479,360,0.9594117647058824,5.235294117647059,11,365,335
346.56862745098044,7.552941176470589,7.4451148686855975,360,0.9217647058823527,5.529411764705882,12,365,336
355.1503267973857,8.299999999999999,7.503585998328013,360,0.8970588235294117,5.941176470588236,13,365,337
307.6209150326797,8.48235294117647,7.523529411764706,360,0.8829411764705882,5.823529411764706,14,365,338
202.66013071895424,8.352941176470589,7.503585998328013,360,0.8929411764705882,5.882352941176471,15,365,339
79.87581699346406,7.8,7.4451148686855975,360,0.9041176470588236,6.0588235294117645,16,365,340
5.281045751633986,6.917647058823529,7.352100733694479,360,0.9294117647058825,5.0588235294117645,17,365,341
0.0,6.788235294117648,7.230882352941176,360,0.9329411764705884,5.294117647058823,18,365,342
0.0,6.776470588235294,7.08972055875118,360,0.93,5.647058823529412,19,365,343
0.0,6.511764705882353,6.938235294117646,360,0.9376470588235294,5.647058823529412,20,365,344
0.0,6.376470588235295,6.7867500294841125,360,0.95,5.764705882352941,21,365,345
0.0,6.241176470588235,6.645588235294117,360,0.9541176470588236,5.705882352941177,22,365,346
0.0,5.929411764705883,6.524369854540814,360,0.9576470588235294,5.882352941176471,23,365,347
0.0,5.852941176470588,6.431355719549695,360,0.9617647058823527,5.764705882352941,24,365,348
0.0,5.611764705882353,6.672252762580191,360,0.9582352941176473,5.588235294117647,1,366,349
0.0,5.68235294117647,6.658823529411765,360,0.9529411764705884,5.470588235294118,2,366,350
0.0,5.6000000000000005,6.672252762580191,360,0.9547058823529412,6.0588235294117645,3,366,351
0.0,5.505882352941176,6.711625282037898,360,0.9552941176470588,5.764705882352941,4,366,352
0.0,5.376470588235294,6.774257915650008,360,0.9541176470588236,5.352941176470588,5,366,353
0.0,5.152941176470588,6.855882352941176,360,0.953529411764706,5.176470588235294,6,366,354
0.0,4.964705882352941,6.9509360234007715,360,0.9547058823529412,5.0,7,366,355
3.300653594771242,5.0,7.052941176470588,360,0.9511764705882354,5.0,8,366,356
102.98039215686273,5.552941176470589,7.1549463295404045,360,0.9482352941176473,5.470588235294118,9,366,357
223.12418300653596,6.158823529411765,7.25,360,0.9358823529411764,6.0588235294117645,10,366,358
356.4705882352942,6.988235294117647,7.331624437291168,360,0.9017647058823528,6.176470588235294,11,366,359
431.72549019607834,7.735294117647059,7.394257070903278,360,0.8688235294117647,6.176470588235294,12,366,360
394.09803921568624,7.858823529411764,7.433629590360985,360,0.8476470588235294,7.0588235294117645,13,366,361
323.4640522875817,8.158823529411764,7.447058823529411,360,0.8382352941176471,6.294117647058823,14,366,362
198.0392156862745,7.794117647058823,7.433629590360985,360,0.8588235294117647,6.294117647058823,15,366,363
83.83660130718955,7.241176470588235,7.394257070903278,360,0.8758823529411766,6.235294117647059,16,366,364
5.281045751633986,6.4,7.331624437291168,360,0.9123529411764706,5.588235294117647,17,366,365
0.0,6.105882352941176,7.25,360,0.9205882352941175,4.823529411764706,18,366,366
0.0,5.7,7.1549463295404045,360,0.9229411764705884,4.941176470588236,19,366,367
0.0,5.351433451222884,7.052941176470588,360,0.932386087756512,4.796207876823335,20,366,368
0.0,5.01615177249373,6.9509360234007715,360,0.9421959757506341,5.223932055612992,21,366,369
0.0,4.848253995555496,6.855882352941177,360,0.9485925697746336,5.762910481722408,22,366,370
0.0,4.8761858760369465,6.774257915650008,360,0.9514814244366607,5.720681195204644,23,366,371
0.0,4.694020041624836,6.711625282037898,360,0.9565873633246543,5.734807461329874,24,366,372
0.0,4.811111111111111,6.1867983965318984,360,0.96,5.722222222222222,1,1,373
0.0,4.622222222222223,6.172222222222222,360,0.9622222222222224,5.555555555555555,2,1,374
0.0,4.333333333333333,6.186798396531898,360,0.9644444444444444,5.444444444444445,3,1,375
0.0,4.205555555555556,6.229533577269989,360,0.9677777777777776,4.888888888888889,4,1,376
0.0,4.255555555555556,6.29751543249242,360,0.97,5.166666666666667,5,1,377
0.0,3.9222222222222234,6.38611111111111,360,0.9711111111111111,5.222222222222222,6,1,378
0.0,3.861111111111111,6.489282964039477,360,0.9711111111111111,5.277777777777778,7,1,379
2.493827160493827,3.933333333333333,6.6,360,0.9738888888888888,5.444444444444445,8,1,380
74.81481481481482,4.222222222222222,6.710717035960522,360,0.9733333333333332,5.777777777777778,9,1,381
183.91975308641975,5.038888888888889,6.813888888888889,360,0.9627777777777776,6.277777777777778,10,1,382
324.1975308641976,5.866666666666666,6.902484567507578,360,0.9333333333333331,6.444444444444445,11,1,383
338.537037037037,6.427777777777778,6.97046642273001,360,0.9011111111111112,7.166666666666667,12,1,384
296.141975308642,6.550000000000001,7.013201603468102,360,0.875,6.777777777777778,13,1,385
303.0,6.966666666666667,7.027777777777778,360,0.8655555555555555,6.833333333333333,14,1,386
196.3888888888889,6.927777777777778,7.013201603468102,360,0.8666666666666667,6.611111111111111,15,1,387
79.80246913580245,6.477777777777778,6.97046642273001,360,0.8733333333333333,6.388888888888889,16,1,388
8.728395061728396,5.783333333333333,6.902484567507578,360,0.9,5.833333333333333,17,1,389
0.0,5.483333333333333,6.813888888888889,360,0.9172222222222224,5.333333333333333,18,1,390
0.0,5.316666666666666,6.710717035960522,360,0.9305555555555556,6.111111111111111,19,1,391
0.0,5.516666666666667,6.6,360,0.9322222222222224,6.555555555555555,20,1,392
0.0,5.416666666666667,6.489282964039477,360,0.9305555555555556,6.666666666666667,21,1,393
0.0,5.338888888888889,6.386111111111111,360,0.9333333333333331,6.111111111111111,22,1,394
0.0,5.261111111111111,6.297515432492421,360,0.9327777777777776,6.222222222222222,23,1,395
0.0,5.161111111111111,6.229533577269989,360,0.9422222222222224,6.5,24,1,396
0.0,5.127777777777777,6.011954783712562,360,0.945,6.333333333333333,1,2,397
0.0,5.122222222222223,5.994444444444444,360,0.9372222222222224,6.444444444444445,2,2,398
0.0,4.788888888888889,6.011954783712562,360,0.9361111111111111,5.888888888888889,3,2,399
0.0,4.666666666666667,6.063292500832996,360,0.9388888888888889,5.833333333333333,4,2,400
0.0,4.605555555555556,6.144959015223579,360,0.9444444444444444,5.722222222222222,5,2,401
0.0,4.438888888888889,6.251388888888888,360,0.9477777777777776,6.0,6,2,402
0.0,4.388888888888889,6.375329101822316,360,0.9511111111111111,5.777777777777778,7,2,403
1.2469135802469136,4.372222222222223,6.508333333333333,360,0.9533333333333331,5.277777777777778,8,2,404
68.58024691358023,4.627777777777777,6.641337564844351,360,0.9544444444444444,5.777777777777778,9,2,405
200.12962962962962,5.405555555555555,6.7652777777777775,360,0.9394444444444444,5.944444444444445,10,2,406
312.97530864197535,6.138888888888889,6.871707651443087,360,0.9122222222222224,6.277777777777778,11,2,407
364.0987654320988,6.4944444444444445,6.95337416583367,360,0.8983333333333333,6.388888888888889,12,2,408
378.4382716049383,6.844444444444445,7.004711882954104,360,0.8655555555555555,6.555555555555555,13,2,409
341.0308641975309,7.183333333333334,7.022222222222222,360,0.8388888888888889,6.777777777777778,14,2,410
248.75925925925927,7.25,7.004711882954104,360,0.8305555555555556,6.666666666666667,15,2,411
94.14197530864197,6.488888888888889,6.95337416583367,360,0.8555555555555556,6.444444444444445,16,2,412
5.611111111111111,5.716666666666667,6.871707651443087,360,0.9033333333333331,5.722222222222222,17,2,413
0.0,5.455555555555556,6.7652777777777775,360,0.9077777777777776,5.166666666666667,18,2,414
0.0,5.383333333333333,6.641337564844351,360,0.9161111111111111,4.722222222222222,19,2,415
0.0,5.272222222222222,6.508333333333333,360,0.925,4.944444444444445,20,2,416
0.0,5.411111111111111,6.375329101822316,360,0.9272222222222224,5.333333333333333,21,2,417
0.0,5.366666666666666,6.251388888888888,360,0.9227777777777776,5.777777777777778,22,2,418
0.0,5.222222222222222,6.144959015223579,360,0.9205555555555556,5.444444444444445,23,2,419
0.0,4.972222222222222,6.063292500832996,360,0.9283333333333331,5.722222222222222,24,2,420
0.0,5.088888888888889,5.9918148721060085,360,0.9333333333333331,5.888888888888889,1,3,421
0.0,5.1,5.972222222222223,360,0.9377777777777776,6.444444444444445,2,3,422
0.0,5.133333333333334,5.9918148721060085,360,0.9416666666666669,6.111111111111111,3,3,423
0.0,5.083333333333333,6.04925761504617,360,0.9483333333333331,6.611111111111111,4,3,424
0.0,5.116666666666666,6.140635823039958,360,0.9511111111111111,6.888888888888889,5,3,425
0.0,5.005555555555556,6.259722222222222,360,0.9455555555555556,6.666666666666667,6,3,426
0.0,5.094444444444444,6.398401271288273,360,0.9472222222222224,6.833333333333333,7,3,427
4.364197530864198,4.944444444444445,6.5472222222222225,360,0.95,6.666666666666667,8,3,428
63.592592592592595,5.444444444444445,6.696043173156172,360,0.9438888888888889,6.555555555555555,9,3,429
172.69753086419752,6.022222222222222,6.834722222222222,360,0.9333333333333331,7.0,10,3,430
299.8827160493827,6.777777777777778,6.953808621404487,360,0.9033333333333331,7.777777777777778,11,3,431
361.60493827160496,7.25,7.045186829398275,360,0.8722222222222222,8.222222222222221,12,3,432
373.45061728395063,7.794444444444445,7.1026295723384365,360,0.845,8.833333333333334,13,3,433
335.4197530864198,7.688888888888889,7.122222222222222,360,0.8344444444444444,8.61111111111111,14,3,434
221.32716049382717,7.483333333333332,7.1026295723384365,360,0.8422222222222223,8.5,15,3,435
91.0246913580247,7.016666666666668,7.045186829398275,360,0.8611111111111112,8.055555555555555,16,3,436
6.858024691358025,6.472222222222222,6.953808621404487,360,0.8927777777777777,7.166666666666667,17,3,437
0.0,6.177777777777778,6.834722222222222,360,0.8977777777777777,6.722222222222222,18,3,438
0.0,5.833333333333333,6.696043173156172,360,0.9172222222222224,6.777777777777778,19,3,439
0.0,5.527777777777778,6.5472222222222225,360,0.9438888888888889,6.555555555555555,20,3,440
0.0,5.383333333333334,6.398401271288273,360,0.9494444444444444,6.444444444444445,21,3,441
0.0,5.272222222222222,6.259722222222223,360,0.9416666666666669,6.5,22,3,442
0.0,5.238888888888889,6.140635823039958,360,0.9422222222222224,6.611111111111111,23,3,443
0.0,5.122222222222223,6.04925761504617,360,0.9405555555555556,6.944444444444445,24,3,444
0.0,4.927777777777778,6.2711728851730655,360,0.9444444444444444,6.333333333333333,1,4,445
0.0,4.872222222222223,6.2555555555555555,360,0.9422222222222224,5.833333333333333,2,4,446
0.0,4.588888888888889,6.2711728851730655,360,0.9433333333333331,5.222222222222222,3,4,447
0.0,4.5,6.316960578821021,360,0.9433333333333331,5.333333333333333,4,4,448
0.0,4.227777777777778,6.389798280845055,360,0.9461111111111111,5.611111111111111,5,4,449
0.0,4.1,6.484722222222222,360,0.9505555555555556,5.277777777777778,6,4,450
0.0,3.922222222222222,6.5952634932169,360,0.9622222222222224,5.222222222222222,7,4,451
3.117283950617284,3.98888888888889,6.713888888888889,360,0.9605555555555556,5.444444444444445,8,4,452
78.55555555555554,4.188888888888889,6.832514284560877,360,0.9544444444444444,5.277777777777778,9,4,453
216.3395061728395,4.983333333333333,6.9430555555555555,360,0.94,5.611111111111111,10,4,454
314.2222222222222,5.766666666666667,7.0379794969327225,360,0.9166666666666669,6.055555555555555,11,4,455
351.62962962962956,6.461111111111111,7.110817198956756,360,0.8927777777777777,5.833333333333333,12,4,456
357.2407407407407,6.9944444444444445,7.156604892604712,360,0.8744444444444445,6.222222222222222,13,4,457
284.9197530864198,7.161111111111111,7.172222222222222,360,0.8822222222222222,6.5,14,4,458
198.2592592592593,7.266666666666666,7.156604892604712,360,0.8688888888888888,6.555555555555555,15,4,459
78.55555555555554,6.688888888888888,7.110817198956756,360,0.8994444444444444,6.277777777777778,16,4,460
6.234567901234568,6.188888888888889,7.0379794969327225,360,0.9177777777777776,6.111111111111111,17,4,461
0.0,5.961111111111111,6.9430555555555555,360,0.9222222222222224,6.166666666666667,18,4,462
0.0,5.538888888888889,6.832514284560877,360,0.9144444444444444,5.833333333333333,19,4,463
0.0,5.155555555555555,6.713888888888889,360,0.9266666666666669,5.722222222222222,20,4,464
0.0,4.994444444444444,6.5952634932169,360,0.935,5.611111111111111,21,4,465
0.0,4.705555555555556,6.4847222222222225,360,0.9333333333333331,5.666666666666667,22,4,466
0.0,4.566666666666666,6.389798280845055,360,0.9388888888888889,5.166666666666667,23,4,467
0.0,4.355555555555556,6.316960578821021,360,0.9422222222222224,5.277777777777778,24,4,468
0.0,4.222222222222222,6.032757248696829,360,0.9477777777777776,5.555555555555555,1,5,469
0.0,4.2444444444444445,6.016666666666667,360,0.9516666666666669,5.611111111111111,2,5,470
0.0,4.216666666666667,6.032757248696829,360,0.9533333333333331,5.722222222222222,3,5,471
0.0,4.116666666666666,6.079932448212904,360,0.95,5.777777777777778,4,5,472
0.0,4.055555555555555,6.154977353328575,360,0.9522222222222224,5.611111111111111,5,5,473
0.0,4.072222222222222,6.252777777777777,360,0.9605555555555556,5.611111111111111,6,5,474
0.0,3.9222222222222234,6.366668784257143,360,0.9611111111111111,5.5,7,5,475
2.493827160493827,3.866666666666666,6.488888888888889,360,0.9666666666666669,5.444444444444445,8,5,476
73.5679012345679,4.233333333333333,6.611108993520634,360,0.9627777777777776,5.0,9,5,477
153.9938271604938,4.833333333333333,6.7250000000000005,360,0.9527777777777776,5.277777777777778,10,5,478
278.6851851851851,5.588888888888889,6.822800424449203,360,0.9222222222222224,5.944444444444445,11,5,479
311.7283950617284,6.177777777777778,6.897845329564874,360,0.8966666666666667,6.277777777777778,12,5,480
308.6111111111111,6.472222222222222,6.945020529080949,360,0.8844444444444445,6.055555555555555,13,5,481
267.46296296296293,6.522222222222222,6.961111111111111,360,0.8816666666666667,6.5,14,5,482
188.28395061728395,6.411111111111111,6.945020529080949,360,0.8811111111111112,6.277777777777778,15,5,483
83.54320987654322,5.949999999999999,6.897845329564874,360,0.895,6.0,16,5,484
8.728395061728396,5.422222222222222,6.822800424449203,360,0.9072222222222224,5.833333333333333,17,5,485
0.0,5.066666666666666,6.7250000000000005,360,0.9166666666666669,5.277777777777778,18,5,486
0.0,4.85,6.611108993520634,360,0.9238888888888889,5.0,19,5,487
0.0,4.811111111111111,6.488888888888889,360,0.9244444444444444,4.777777777777778,20,5,488
0.0,4.699999999999999,6.366668784257143,360,0.9272222222222224,5.555555555555555,21,5,489
0.0,4.394444444444444,6.252777777777778,360,0.9288888888888889,5.555555555555555,22,5,490
0.0,4.305555555555555,6.154977353328575,360,0.9305555555555556,4.888888888888889,23,5,491
0.0,4.138888888888889,6.079932448212904,360,0.9344444444444444,4.944444444444445,24,5,492
0.0,3.988888888888889,5.953370412716035,360,0.9405555555555556,4.944444444444445,1,6,493
0.0,3.927777777777778,5.938888888888889,360,0.9438888888888889,5.388888888888889,2,6,494
0.0,3.9722222222222223,5.953370412716035,360,0.9455555555555556,5.166666666666667,3,6,495
0.0,3.927777777777778,5.995828092280503,360,0.9466666666666669,5.277777777777778,4,6,496
0.0,3.855555555555556,6.063368506884606,360,0.9472222222222224,4.722222222222222,5,6,497
0.0,3.744444444444445,6.151388888888889,360,0.9522222222222224,4.833333333333333,6,6,498
0.0,3.7222222222222223,6.253890794720317,360,0.9572222222222224,5.111111111111111,7,6,499
1.8703703703703705,3.844444444444445,6.363888888888889,360,0.955,5.222222222222222,8,6,500
62.969135802469125,4.105555555555556,6.473886983057461,360,0.9427777777777776,5.611111111111111,9,6,501
186.41358024691357,4.816666666666666,6.576388888888889,360,0.9266666666666669,5.777777777777778,10,6,502
274.94444444444446,5.433333333333334,6.664409270893172,360,0.8966666666666667,6.388888888888889,11,6,503
344.77160493827154,5.966666666666667,6.731949685497275,360,0.8688888888888888,6.444444444444445,12,6,504
362.2283950617284,6.322222222222222,6.774407365061743,360,0.8511111111111112,6.333333333333333,13,6,505
295.5185185185185,6.433333333333334,6.788888888888889,360,0.835,6.444444444444445,14,6,506
228.80864197530866,6.388888888888889,6.774407365061743,360,0.8377777777777777,6.055555555555555,15,6,507
91.64814814814814,5.855555555555556,6.731949685497275,360,0.865,5.722222222222222,16,6,508
6.234567901234568,5.238888888888889,6.664409270893172,360,0.9027777777777776,5.388888888888889,17,6,509
0.0,4.977777777777778,6.576388888888889,360,0.9038888888888889,5.055555555555555,18,6,510
0.0,4.75,6.473886983057461,360,0.92,5.388888888888889,19,6,511
0.0,4.5888888888888895,6.363888888888889,360,0.9183333333333331,5.666666666666667,20,6,512
0.0,4.511111111111111,6.253890794720317,360,0.9244444444444444,5.5,21,6,513
0.0,4.516666666666667,6.1513888888888895,360,0.9283333333333331,5.722222222222222,22,6,514
0.0,4.444444444444445,6.063368506884606,360,0.9322222222222224,5.944444444444445,23,6,515
0.0,4.405555555555555,5.995828092280503,360,0.93,5.777777777777778,24,6,516
0.0,4.216666666666667,5.993395107395289,360,0.9372222222222224,5.555555555555555,1,7,517
0.0,4.199999999999999,5.977777777777778,360,0.9416666666666669,5.5,2,7,518
0.0,4.188888888888889,5.993395107395288,360,0.9466666666666669,5.722222222222222,3,7,519
0.0,4.294444444444444,6.039182801043244,360,0.9494444444444444,5.5,4,7,520
0.0,4.255555555555556,6.112020503067277,360,0.9505555555555556,5.611111111111111,5,7,521
0.0,4.127777777777777,6.206944444444444,360,0.9566666666666669,5.611111111111111,6,7,522
0.0,4.083333333333333,6.317485715439123,360,0.9544444444444444,6.0,7,7,523
4.364197530864198,4.15,6.436111111111111,360,0.9533333333333331,6.111111111111111,8,7,524
61.098765432098766,4.455555555555556,6.554736506783099,360,0.9461111111111111,6.0,9,7,525
162.0987654320988,5.1,6.665277777777778,360,0.9377777777777776,5.944444444444445,10,7,526
286.16666666666663,5.916666666666667,6.760201719154945,360,0.9055555555555556,6.333333333333333,11,7,527
339.1604938271605,6.555555555555555,6.833039421178978,360,0.8627777777777778,6.444444444444445,12,7,528
315.4691358024691,6.866666666666666,6.878827114826934,360,0.8372222222222223,6.666666666666667,13,7,529
269.33333333333337,7.016666666666667,6.894444444444444,360,0.8311111111111111,6.444444444444445,14,7,530
173.94444444444446,7.061111111111111,6.878827114826934,360,0.84,6.055555555555555,15,7,531
77.9320987654321,6.694444444444445,6.833039421178978,360,0.8477777777777777,5.944444444444445,16,7,532
8.104938271604938,6.322222222222222,6.760201719154945,360,0.8577777777777778,5.5,17,7,533
0.0,6.133333333333334,6.665277777777778,360,0.8816666666666667,5.444444444444445,18,7,534
0.0,5.894444444444444,6.554736506783099,360,0.8955555555555555,5.888888888888889,19,7,535
0.0,5.672222222222222,6.436111111111111,360,0.9055555555555556,5.333333333333333,20,7,536
0.0,5.622222222222223,6.317485715439123,360,0.9127777777777776,5.222222222222222,21,7,537
0.0,5.688888888888889,6.206944444444445,360,0.9222222222222224,5.388888888888889,22,7,538
0.0,5.661111111111111,6.112020503067277,360,0.93,5.277777777777778,23,7,539
0.0,5.699999999999999,6.039182801043244,360,0.9333333333333331,5.333333333333333,24,7,540
0.0,5.4944444444444445,6.253559713681096,360,0.9383333333333331,5.333333333333333,1,8,541
0.0,5.255555555555556,6.238888888888889,360,0.9488888888888889,5.333333333333333,2,8,542
0.0,5.199999999999999,6.253559713681096,360,0.9538888888888889,5.444444444444445,3,8,543
0.0,4.966666666666667,6.296572395592811,360,0.9527777777777776,5.777777777777778,4,8,544
0.0,5.127777777777777,6.3649956914335695,360,0.9505555555555556,5.777777777777778,5,8,545
0.0,5.088888888888889,6.454166666666667,360,0.9494444444444444,5.777777777777778,6,8,546
7.481481481481482,5.172222222222223,6.5580084666919705,360,0.9472222222222224,5.666666666666667,7,8,547
20.574074074074073,5.211111111111111,6.669444444444444,360,0.9411111111111111,5.888888888888889,8,8,548
83.54320987654322,5.433333333333334,6.780880422196918,360,0.9377777777777776,5.388888888888889,9,8,549
178.9320987654321,5.966666666666667,6.884722222222222,360,0.9255555555555556,6.277777777777778,10,8,550
242.52469135802468,6.444444444444445,6.973893197455319,360,0.9027777777777776,6.777777777777778,11,8,551
271.82716049382714,6.833333333333333,7.042316493296077,360,0.8861111111111112,6.722222222222222,12,8,552
248.75925925925927,6.788888888888889,7.085329175207793,360,0.8866666666666667,6.833333333333333,13,8,553
209.48148148148152,6.894444444444444,7.1,360,0.8838888888888888,6.444444444444445,14,8,554
148.3827160493827,6.816666666666666,7.085329175207793,360,0.8916666666666667,6.333333333333333,15,8,555
71.07407407407408,6.488888888888889,7.042316493296077,360,0.9033333333333331,5.666666666666667,16,8,556
6.234567901234568,6.227777777777778,6.973893197455319,360,0.9061111111111111,5.666666666666667,17,8,557
0.0,5.938888888888889,6.884722222222222,360,0.9038888888888889,5.277777777777778,18,8,558
0.0,5.577777777777778,6.780880422196918,360,0.9022222222222225,5.166666666666667,19,8,559
0.0,5.311111111111111,6.669444444444444,360,0.8988888888888888,5.222222222222222,20,8,560
0.0,5.038888888888889,6.5580084666919705,360,0.9038888888888889,5.611111111111111,21,8,561
0.0,4.844444444444445,6.454166666666667,360,0.9116666666666668,5.388888888888889,22,8,562
0.0,4.716666666666667,6.3649956914335695,360,0.9172222222222224,5.5,23,8,563
0.0,4.616666666666666,6.296572395592811,360,0.9222222222222224,5.333333333333333,24,8,564
0.0,4.633333333333334,6.279633782773327,360,0.9244444444444444,5.444444444444445,1,9,565
0.0,4.583333333333333,6.266666666666667,360,0.9361111111111111,5.555555555555555,2,9,566
0.0,4.588888888888889,6.279633782773327,360,0.9361111111111111,5.611111111111111,3,9,567
0.0,4.338888888888889,6.317651443559811,360,0.94,5.666666666666667,4,9,568
0.6234567901234568,4.366666666666666,6.378128808270675,360,0.9422222222222224,5.944444444444445,5,9,569
3.117283950617284,4.294444444444444,6.456944444444444,360,0.9422222222222224,5.888888888888889,6,9,570
7.481481481481482,4.344444444444445,6.548727196724874,360,0.9388888888888889,5.777777777777778,7,9,571
19.32716049382716,4.327777777777778,6.647222222222222,360,0.9394444444444444,6.0,8,9,572
79.80246913580245,4.611111111111111,6.74571724771957,360,0.935,6.0,9,9,573
193.27160493827157,5.305555555555555,6.8375,360,0.9194444444444444,5.944444444444445,10,9,574
265.5925925925926,5.788888888888889,6.91631563617377,360,0.8866666666666667,6.555555555555555,11,9,575
329.8086419753086,6.138888888888889,6.9767930008846335,360,0.8683333333333333,6.666666666666667,12,9,576
349.7592592592593,6.4944444444444445,7.014810661671118,360,0.845,6.333333333333333,13,9,577
286.7901234567901,6.561111111111111,7.027777777777778,360,0.8283333333333333,6.5,14,9,578
216.9629629629629,6.550000000000001,7.014810661671118,360,0.835,6.333333333333333,15,9,579
94.14197530864197,6.066666666666666,6.9767930008846335,360,0.8494444444444444,5.944444444444445,16,9,580
8.728395061728396,5.227777777777778,6.91631563617377,360,0.9,4.888888888888889,17,9,581
0.0,4.744444444444444,6.8375,360,0.9155555555555556,4.5,18,9,582
0.0,4.533333333333333,6.74571724771957,360,0.9255555555555556,4.611111111111111,19,9,583
0.0,4.199999999999999,6.647222222222222,360,0.9344444444444444,5.0,20,9,584
0.0,4.066666666666666,6.548727196724874,360,0.9372222222222224,4.833333333333333,21,9,585
0.0,3.905555555555555,6.456944444444445,360,0.9422222222222224,5.0,22,9,586
0.0,3.988888888888889,6.378128808270675,360,0.9422222222222224,5.055555555555555,23,9,587
0.0,3.927777777777778,6.317651443559811,360,0.9461111111111111,4.944444444444445,24,9,588
0.0,4.061111111111111,5.969847778417641,360,0.9488888888888889,4.888888888888889,1,10,589
0.0,3.9722222222222223,5.955555555555556,360,0.9511111111111111,4.777777777777778,2,10,590
0.0,3.894444444444444,5.969847778417641,360,0.9455555555555556,4.722222222222222,3,10,591
0.0,3.6944444444444446,6.011750455634861,360,0.9527777777777776,4.777777777777778,4,10,592
0.6234567901234568,3.716666666666667,6.078407989002309,360,0.9622222222222224,4.944444444444445,5,10,593
4.987654320987654,3.644444444444444,6.165277777777778,360,0.9633333333333332,5.333333333333333,6,10,594
11.84567901234568,3.644444444444444,6.266439789415331,360,0.965,5.055555555555555,7,10,595
23.69135802469136,3.783333333333333,6.375,360,0.9583333333333331,5.555555555555555,8,10,596
110.35185185185185,4.316666666666666,6.483560210584669,360,0.9488888888888889,5.722222222222222,9,10,597
211.97530864197532,5.038888888888889,6.584722222222222,360,0.9327777777777776,6.055555555555555,10,10,598
309.858024691358,5.777777777777778,6.67159201099769,360,0.9138888888888889,6.055555555555555,11,10,599
413.3518518518519,6.511111111111111,6.738249544365139,360,0.8933333333333333,6.166666666666667,12,10,600
394.64814814814815,6.683333333333334,6.780152221582359,360,0.8772222222222222,6.166666666666667,13,10,601
326.69135802469134,6.811111111111111,6.794444444444444,360,0.8622222222222223,6.166666666666667,14,10,602
233.17283950617283,6.85,6.780152221582359,360,0.8561111111111112,6.0,15,10,603
110.35185185185185,6.511111111111111,6.738249544365139,360,0.8744444444444445,5.888888888888889,16,10,604
13.71604938271605,5.961111111111111,6.67159201099769,360,0.8966666666666667,5.0,17,10,605
0.0,5.477777777777778,6.584722222222222,360,0.9166666666666669,4.555555555555555,18,10,606
0.0,5.261111111111111,6.483560210584669,360,0.9227777777777776,4.555555555555555,19,10,607
0.0,5.194444444444445,6.375,360,0.9233333333333331,5.055555555555555,20,10,608
0.0,5.066666666666666,6.266439789415331,360,0.9233333333333331,5.111111111111111,21,10,609
0.0,4.716666666666667,6.165277777777778,360,0.9338888888888889,5.222222222222222,22,10,610
0.0,4.472222222222222,6.07840798900231,360,0.9422222222222224,4.888888888888889,23,10,611
0.0,4.233333333333333,6.011750455634861,360,0.9505555555555556,4.888888888888889,24,10,612
0.0,4.15,5.765428028652449,360,0.9511111111111111,5.222222222222222,1,11,613
0.0,3.95,5.75,360,0.9533333333333331,4.888888888888889,2,11,614
0.0,3.638888888888889,5.765428028652449,360,0.9583333333333331,5.388888888888889,3,11,615
0.0,3.583333333333333,5.810660719953157,360,0.9583333333333331,5.333333333333333,4,11,616
0.6234567901234568,3.3944444444444444,5.882615540740535,360,0.9622222222222224,5.0,5,11,617
7.481481481481482,3.355555555555556,5.976388888888889,360,0.9622222222222224,4.722222222222222,6,11,618
20.574074074074073,3.2333333333333334,6.085590265689691,360,0.9594444444444444,4.666666666666667,7,11,619
36.78395061728395,3.3722222222222222,6.2027777777777775,360,0.9605555555555556,4.611111111111111,8,11,620
148.3827160493827,4.222222222222222,6.319965289865864,360,0.9516666666666669,4.944444444444445,9,11,621
287.41358024691357,5.255555555555556,6.429166666666666,360,0.915,4.944444444444445,10,11,622
402.1296296296296,6.344444444444445,6.52294001481502,360,0.8761111111111112,5.055555555555555,11,11,623
455.12345679012344,6.805555555555555,6.594894835602398,360,0.8455555555555556,5.111111111111111,12,11,624
500.01234567901236,7.194444444444445,6.640127526903106,360,0.8083333333333332,5.555555555555555,13,11,625
421.4567901234568,7.25,6.655555555555555,360,0.8005555555555556,5.222222222222222,14,11,626
301.12962962962956,7.188888888888889,6.640127526903106,360,0.7961111111111111,5.666666666666667,15,11,627
133.41975308641975,6.5888888888888895,6.594894835602398,360,0.8272222222222223,4.888888888888889,16,11,628
11.84567901234568,5.377777777777777,6.52294001481502,360,0.8744444444444445,4.833333333333333,17,11,629
0.0,4.855555555555556,6.429166666666666,360,0.8916666666666667,4.111111111111111,18,11,630
0.0,4.566666666666666,6.319965289865864,360,0.8983333333333333,4.5,19,11,631
0.0,4.138888888888889,6.2027777777777775,360,0.9027777777777776,4.5,20,11,632
0.0,3.75,6.085590265689691,360,0.92,4.5,21,11,633
0.0,3.6222222222222222,5.976388888888889,360,0.925,4.333333333333333,22,11,634
0.0,3.261111111111111,5.882615540740535,360,0.9305555555555556,4.222222222222222,23,11,635
0.0,3.211111111111111,5.810660719953157,360,0.9361111111111111,4.333333333333333,24,11,636
0.0,3.255555555555555,5.267353975508662,360,0.93,4.5,1,12,637
0.0,2.827777777777777,5.250065416116473,360,0.9366666666666669,4.5,2,12,638
0.0,2.6555555555555554,5.267353975508662,360,0.9455555555555556,4.5,3,12,639
0.0,2.727777777777778,5.318041466933347,360,0.9405555555555556,4.166666666666667,4,12,640
0.0,2.7333333333333334,5.398673621614975,360,0.9416666666666669,5.055555555555555,5,12,641
2.493827160493827,2.711111111111111,5.503755491462931,360,0.9444444444444444,5.166666666666667,6,12,642
6.234567901234568,2.622222222222222,5.626125920703075,360,0.9427777777777776,5.0,7,12,643
13.71604938271605,2.55,5.7574455668093885,360,0.9466666666666669,5.055555555555555,8,12,644
105.98765432098766,3.3166666666666664,5.888765212915702,360,0.9305555555555556,5.222222222222222,9,12,645
254.9938271604938,4.205555555555556,6.011135642155846,360,0.9227777777777776,5.888888888888889,10,12,646
362.2283950617284,5.172222222222222,6.116217512003801,360,0.8955555555555555,6.333333333333333,11,12,647
412.7283950617284,6.033333333333333,6.19684966668543,360,0.8622222222222223,6.833333333333333,12,12,648
424.4857027604408,6.521133931580131,6.247537158110115,360,0.8398216064685914,6.911467898171445,13,12,649
349.1358024691358,6.727777777777778,6.264825717502304,360,0.8433333333333333,6.666666666666667,14,12,650
238.78395061728395,6.699999999999999,6.247537158110115,360,0.85,7.055555555555555,15,12,651
114.09259259259257,6.361111111111111,6.19684966668543,360,0.8744444444444445,6.611111111111111,16,12,652
14.339506172839506,5.727777777777778,6.116217512003801,360,0.9072222222222224,6.388888888888889,17,12,653
0.0,5.327777777777778,6.011135642155846,360,0.9138888888888889,6.444444444444445,18,12,654
0.0,5.327777777777778,5.888765212915702,360,0.9166666666666669,6.666666666666667,19,12,655
0.0,5.138888888888889,5.7574455668093885,360,0.925,6.5,20,12,656
0.0,4.972222222222222,5.626125920703075,360,0.93,6.555555555555555,21,12,657
0.0,4.788888888888889,5.503755491462931,360,0.935,6.5,22,12,658
0.0,4.688888888888889,5.398673621614976,360,0.9416666666666669,6.5,23,12,659
0.0,4.583333333333333,5.318041466933347,360,0.9472222222222224,5.666666666666667,24,12,660
0.0,4.644444444444444,5.42476960350922,360,0.9422222222222224,5.5,1,13,661
0.0,4.511111111111111,5.405555555555555,360,0.9405555555555556,5.444444444444445,2,13,662
0.0,4.405555555555555,5.42476960350922,360,0.9383333333333331,5.111111111111111,3,13,663
0.0,4.161111111111111,5.481102341754886,360,0.9433333333333331,5.222222222222222,4,13,664
0.0,4.105555555555556,5.570714787275364,360,0.9427777777777776,5.277777777777778,5,13,665
0.0,4.077777777777778,5.6875,360,0.9422222222222224,5.222222222222222,6,13,666
0.0,3.85,5.823499260678301,360,0.9461111111111111,5.222222222222222,7,13,667
6.234567901234568,3.8333333333333335,5.969444444444445,360,0.9522222222222224,5.166666666666667,8,13,668
87.90740740740739,4.2444444444444445,6.115389628210589,360,0.9494444444444444,5.555555555555555,9,13,669
234.41975308641975,5.161111111111111,6.25138888888889,360,0.9294444444444444,5.833333333333333,10,13,670
355.3703703703704,6.022222222222222,6.368174101613526,360,0.9133333333333331,6.277777777777778,11,13,671
442.03086419753083,6.677777777777778,6.457786547134004,360,0.8883333333333333,6.444444444444445,12,13,672
398.38888888888886,6.916666666666667,6.51411928537967,360,0.875,6.722222222222222,13,13,673
331.0555555555556,7.277777777777778,6.533333333333335,360,0.8622222222222223,6.055555555555555,14,13,674
241.2777777777778,7.166666666666667,6.51411928537967,360,0.8511111111111112,6.722222222222222,15,13,675
103.49382716049382,6.466666666666666,6.457786547134004,360,0.8805555555555555,6.777777777777778,16,13,676
13.71604938271605,5.911111111111111,6.368174101613526,360,0.8988888888888888,5.722222222222222,17,13,677
0.0,5.566666666666666,6.25138888888889,360,0.9105555555555556,5.444444444444445,18,13,678
0.0,5.488888888888889,6.115389628210589,360,0.9172222222222224,5.833333333333333,19,13,679
0.0,5.122222222222223,5.969444444444445,360,0.9172222222222224,5.833333333333333,20,13,680
0.0,4.883333333333334,5.823499260678301,360,0.9211111111111111,5.444444444444445,21,13,681
0.0,4.694444444444445,5.6875,360,0.93,5.444444444444445,22,13,682
0.0,4.533333333333333,5.570714787275364,360,0.9294444444444444,5.777777777777778,23,13,683
0.0,4.377777777777777,5.481102341754886,360,0.9244444444444444,5.944444444444445,24,13,684
0.0,4.177777777777778,5.512522686607745,360,0.9255555555555556,5.944444444444445,1,14,685
0.0,3.983333333333333,5.494444444444445,360,0.9261111111111111,5.555555555555555,2,14,686
0.6234567901234568,3.8777777777777778,5.512522686607745,360,0.9322222222222224,4.777777777777778,3,14,687
0.0,3.65,5.565525410769923,360,0.9361111111111111,4.666666666666667,4,14,688
0.0,3.561111111111111,5.649840568870471,360,0.9394444444444444,4.5,5,14,689
0.0,3.5,5.759722222222223,360,0.94,4.277777777777778,6,14,690
0.0,3.1666666666666665,5.887682117737274,360,0.9488888888888889,4.277777777777778,7,14,691
4.987654320987654,3.105555555555556,6.025,360,0.9555555555555556,4.055555555555555,8,14,692
105.3641975308642,3.816666666666667,6.162317882262727,360,0.95,4.277777777777778,9,14,693
265.5925925925926,4.85,6.290277777777778,360,0.9266666666666669,5.388888888888889,10,14,694
411.48148148148147,5.938888888888888,6.40015943112953,360,0.8811111111111112,5.888888888888889,11,14,695
484.42592592592587,6.788888888888889,6.484474589230078,360,0.8372222222222223,6.0,12,14,696
458.86419753086415,7.355555555555556,6.537477313392256,360,0.8122222222222223,6.111111111111111,13,14,697
400.8827160493827,7.550000000000001,6.555555555555555,360,0.8011111111111111,5.777777777777778,14,14,698
266.21604938271605,7.466666666666667,6.537477313392256,360,0.8094444444444444,5.722222222222222,15,14,699
129.679012345679,6.833333333333333,6.484474589230078,360,0.8438888888888889,5.0,16,14,700
19.950617283950617,5.833333333333333,6.40015943112953,360,0.8838888888888888,4.611111111111111,17,14,701
0.0,5.411111111111111,6.290277777777778,360,0.9005555555555556,4.5,18,14,702
0.0,5.022222222222222,6.162317882262727,360,0.9116666666666668,4.555555555555555,19,14,703
0.0,4.727777777777778,6.025,360,0.9211111111111111,4.555555555555555,20,14,704
0.0,4.455555555555556,5.887682117737274,360,0.9327777777777776,4.611111111111111,21,14,705
0.0,4.416666666666667,5.759722222222223,360,0.9377777777777776,4.666666666666667,22,14,706
0.6234567901234568,4.033333333333333,5.649840568870471,360,0.9372222222222224,4.777777777777778,23,14,707
0.0,3.983333333333333,5.565525410769923,360,0.9422222222222224,4.611111111111111,24,14,708
0.0,3.688888888888889,5.515144077204859,360,0.9461111111111111,4.222222222222222,1,15,709
0.0,3.5444444444444447,5.5,360,0.9444444444444444,4.444444444444445,2,15,710
0.0,3.2444444444444445,5.515144077204859,360,0.9427777777777776,4.611111111111111,3,15,711
0.0,3.2666666666666666,5.559544264984694,360,0.9427777777777776,4.611111111111111,4,15,712
0.0,3.122222222222222,5.63017476391709,360,0.9488888888888889,4.666666666666667,5,15,713
0.0,3.138888888888889,5.722222222222222,360,0.95,4.666666666666667,6,15,714
0.0,3.1277777777777778,5.829413757732214,360,0.9372222222222224,5.055555555555555,7,15,715
3.117283950617284,3.288888888888889,5.944444444444445,360,0.9333333333333331,5.055555555555555,8,15,716
86.66049382716051,3.65,6.059475131156676,360,0.9244444444444444,5.666666666666667,9,15,717
239.40740740740736,4.405555555555555,6.166666666666667,360,0.9133333333333331,6.166666666666667,10,15,718
314.2222222222222,5.044444444444444,6.2587141249717995,360,0.8888888888888888,6.444444444444445,11,15,719
357.8641975308642,5.661111111111111,6.329344623904196,360,0.8688888888888888,6.388888888888889,12,15,720
368.462962962963,6.066666666666666,6.3737448116840305,360,0.8588888888888888,7.333333333333333,13,15,721
341.0308641975309,6.294444444444444,6.388888888888889,360,0.8461111111111111,7.055555555555555,14,15,722
248.13580246913577,6.316666666666666,6.3737448116840305,360,0.8511111111111112,6.777777777777778,15,15,723
117.83333333333334,5.861111111111111,6.329344623904196,360,0.8733333333333333,6.444444444444445,16,15,724
20.574074074074073,4.911111111111111,6.2587141249717995,360,0.9111111111111111,5.833333333333333,17,15,725
0.0,4.394444444444444,6.166666666666667,360,0.9322222222222224,5.111111111111111,18,15,726
0.0,4.072222222222222,6.059475131156676,360,0.9472222222222224,4.833333333333333,19,15,727
0.0,3.8777777777777778,5.944444444444445,360,0.9522222222222224,4.444444444444445,20,15,728
0.0,3.6944444444444446,5.829413757732214,360,0.9588888888888889,4.5,21,15,729
0.0,3.555555555555556,5.722222222222222,360,0.9611111111111111,4.722222222222222,22,15,730
0.0,3.338888888888889,5.63017476391709,360,0.9605555555555556,5.0,23,15,731
0.0,3.1722222222222225,5.559544264984694,360,0.9533333333333331,5.0,24,15,732
0.0,3.25,5.019781950848847,360,0.9488888888888889,5.222222222222222,1,16,733
0.0,3.15,5.0,360,0.9633333333333332,5.555555555555555,2,16,734
0.0,2.955555555555556,5.019781950848847,360,0.9611111111111111,5.166666666666667,3,16,735
0.0,2.933333333333333,5.077779696136257,360,0.9505555555555556,4.944444444444445,4,16,736
0.0,2.6944444444444446,5.170040785366699,360,0.9594444444444444,5.277777777777778,5,16,737
0.0,2.5166666666666666,5.290277777777778,360,0.9461111111111111,5.388888888888889,6,16,738
0.0,2.6333333333333333,5.4302967210377036,360,0.9455555555555556,6.0,7,16,739
6.234567901234568,2.4222222222222225,5.580555555555556,360,0.945,5.666666666666667,8,16,740
102.2469135802469,3.1333333333333333,5.730814390073408,360,0.9305555555555556,5.5,9,16,741
246.8888888888889,4.083333333333333,5.870833333333334,360,0.9105555555555556,5.722222222222222,10,16,742
349.7592592592593,4.727777777777778,5.9910703257444125,360,0.8977777777777777,6.166666666666667,11,16,743
407.1172839506173,5.427777777777778,6.083331414974855,360,0.8816666666666667,6.277777777777778,12,16,744
380.3086419753086,5.888888888888889,6.141329160262265,360,0.8794444444444445,7.055555555555555,13,16,745
304.24691358024694,6.216666666666667,6.161111111111111,360,0.8666666666666667,6.611111111111111,14,16,746
225.06790123456798,6.194444444444445,6.141329160262265,360,0.8627777777777778,6.722222222222222,15,16,747
127.80864197530865,5.794444444444444,6.083331414974855,360,0.8733333333333333,6.222222222222222,16,16,748
19.32716049382716,5.127777777777777,5.9910703257444125,360,0.9072222222222224,5.277777777777778,17,16,749
0.0,4.961111111111111,5.870833333333334,360,0.9188888888888889,5.055555555555555,18,16,750
0.0,4.538888888888889,5.730814390073408,360,0.9261111111111111,4.666666666666667,19,16,751
0.0,4.0777777777777775,5.580555555555556,360,0.9411111111111111,4.555555555555555,20,16,752
0.0,4.177777777777778,5.4302967210377036,360,0.9477777777777776,4.333333333333333,21,16,753
0.0,4.094444444444445,5.290277777777778,360,0.9466666666666669,4.0,22,16,754
0.0,3.8,5.170040785366699,360,0.9477777777777776,3.888888888888889,23,16,755
0.0,3.761111111111111,5.077779696136257,360,0.95,3.8333333333333335,24,16,756
0.0,3.677777777777778,4.888909530061302,360,0.9472222222222224,4.055555555555555,1,17,757
0.0,3.6277777777777778,4.866666666666666,360,0.9505555555555556,3.9444444444444446,2,17,758
0.0,3.333333333333333,4.888909530061302,360,0.9616666666666669,4.166666666666667,3,17,759
0.0,3.25,4.954122305862935,360,0.9644444444444444,3.888888888888889,4,17,760
0.0,3.077777777777777,5.057860851169892,360,0.9655555555555556,4.0,5,17,761
0.0,2.977777777777778,5.193055555555555,360,0.9711111111111111,4.222222222222222,6,17,762
0.0,2.711111111111111,5.350493123335854,360,0.965,3.888888888888889,7,17,763
9.975308641975309,2.6666666666666665,5.519444444444444,360,0.9616666666666669,3.9444444444444446,8,17,764
137.783950617284,3.461111111111111,5.688395765553034,360,0.9522222222222224,4.277777777777778,9,17,765
347.8888888888889,4.85,5.845833333333333,360,0.9305555555555556,5.277777777777778,10,17,766
478.81481481481484,5.877777777777777,5.981028037718996,360,0.8944444444444444,5.611111111111111,11,17,767
560.4876543209876,6.805555555555555,6.084766583025952,360,0.855,5.888888888888889,12,17,768
567.3456790123457,7.522222222222222,6.1499793588275855,360,0.8122222222222223,6.111111111111111,13,17,769
465.72222222222223,7.588888888888889,6.172222222222222,360,0.8061111111111111,6.333333333333333,14,17,770
332.9259259259259,7.416666666666667,6.1499793588275855,360,0.8077777777777777,6.222222222222222,15,17,771
175.81481481481478,6.866666666666666,6.084766583025952,360,0.8294444444444444,5.277777777777778,16,17,772
23.69135802469136,5.572222222222222,5.981028037718996,360,0.8822222222222222,4.277777777777778,17,17,773
0.0,4.783333333333333,5.845833333333333,360,0.9044444444444444,3.6666666666666665,18,17,774
0.0,4.483333333333333,5.688395765553034,360,0.9238888888888889,3.6666666666666665,19,17,775
0.0,4.283333333333333,5.519444444444444,360,0.9261111111111111,4.444444444444445,20,17,776
0.0,3.955555555555556,5.350493123335854,360,0.9344444444444444,4.222222222222222,21,17,777
0.0,3.4833333333333334,5.1930555555555555,360,0.9455555555555556,4.055555555555555,22,17,778
0.0,3.1722222222222225,5.057860851169893,360,0.9494444444444444,4.5,23,17,779
0.0,3.1277777777777778,4.954122305862936,360,0.9466666666666669,4.833333333333333,24,17,780
0.0,3.1722222222222225,4.991530920658417,360,0.9383333333333331,5.111111111111111,1,18,781
0.0,3.072222222222222,4.972222222222223,360,0.9383333333333331,5.666666666666667,2,18,782
0.0,2.922222222222222,4.991530920658417,360,0.9372222222222224,5.611111111111111,3,18,783
0.0,2.716666666666667,5.048141160077708,360,0.9416666666666669,5.611111111111111,4,18,784
0.0,2.566666666666667,5.138195046216512,360,0.9483333333333331,5.055555555555555,5,18,785
0.0,2.211111111111111,5.2555555555555555,360,0.9505555555555556,5.444444444444445,6,18,786
0.0,2.066666666666667,5.392224763330795,360,0.9488888888888889,5.111111111111111,7,18,787
8.104938271604938,2.033333333333333,5.53888888888889,360,0.9544444444444444,4.944444444444445,8,18,788
97.25925925925925,2.677777777777778,5.685553014446985,360,0.9488888888888889,5.666666666666667,9,18,789
216.9629629629629,3.572222222222222,5.822222222222223,360,0.93,6.0,10,18,790
307.9876543209876,4.344444444444445,5.939582731561266,360,0.9177777777777776,6.222222222222222,11,18,791
422.0802469135803,5.311111111111111,6.0296366177000715,360,0.89,6.388888888888889,12,18,792
425.82098765432096,5.672222222222222,6.086246857119362,360,0.8677777777777778,6.444444444444445,13,18,793
364.7222222222222,6.033333333333333,6.105555555555556,360,0.8544444444444445,6.277777777777778,14,18,794
270.58024691358025,6.016666666666667,6.086246857119362,360,0.8483333333333333,6.333333333333333,15,18,795
110.35185185185185,5.505555555555556,6.0296366177000715,360,0.8727777777777778,5.944444444444445,16,18,796
16.209876543209877,5.022222222222222,5.939582731561266,360,0.8938888888888888,5.388888888888889,17,18,797
0.0,4.772222222222222,5.822222222222223,360,0.9061111111111111,5.111111111111111,18,18,798
0.0,4.477777777777778,5.685553014446985,360,0.9222222222222224,4.611111111111111,19,18,799
0.0,4.311111111111111,5.53888888888889,360,0.9316666666666669,4.722222222222222,20,18,800
0.0,4.116666666666666,5.392224763330795,360,0.9383333333333331,5.0,21,18,801
0.0,3.8055555555555554,5.255555555555556,360,0.9416666666666669,4.666666666666667,22,18,802
0.0,3.488888888888889,5.138195046216513,360,0.9488888888888889,4.111111111111111,23,18,803
0.0,3.4277777777777776,5.048141160077708,360,0.9538888888888889,4.333333333333333,24,18,804
0.0,3.205555555555556,5.055263422366641,360,0.955,4.333333333333333,1,19,805
0.0,3.011111111111111,5.038888888888888,360,0.955,4.111111111111111,2,19,806
0.0,2.827777777777777,5.055263422366641,360,0.9572222222222224,4.388888888888889,3,19,807
0.0,2.661111111111111,5.103271125403588,360,0.9594444444444444,4.388888888888889,4,19,808
0.0,2.6166666666666667,5.179640352374242,360,0.9622222222222224,4.555555555555555,5,19,809
0.0,2.5722222222222224,5.279166666666666,360,0.9616666666666669,4.444444444444445,6,19,810
0.0,2.588888888888889,5.395067514436843,360,0.9561111111111111,4.777777777777778,7,19,811
6.234567901234568,2.4722222222222223,5.519444444444444,360,0.9555555555555556,4.777777777777778,8,19,812
114.71604938271604,2.983333333333333,5.6438213744520445,360,0.9505555555555556,5.0,9,19,813
267.46296296296293,3.755555555555556,5.759722222222222,360,0.9394444444444444,5.555555555555555,10,19,814
357.8641975308642,4.477777777777778,5.859248536514646,360,0.9255555555555556,6.222222222222222,11,19,815
422.0802469135803,5.066666666666666,5.9356177634853,360,0.905,6.222222222222222,12,19,816
410.2345679012345,5.6,5.983625466522247,360,0.885,6.111111111111111,13,19,817
362.8518518518519,5.872222222222223,6.0,360,0.8722222222222222,6.388888888888889,14,19,818
271.82716049382714,5.777777777777778,5.983625466522247,360,0.8616666666666667,6.111111111111111,15,19,819
147.1358024691358,5.211111111111111,5.9356177634853,360,0.8661111111111112,5.555555555555555,16,19,820
26.18518518518519,4.455555555555556,5.859248536514646,360,0.89,4.5,17,19,821
0.0,4.044444444444444,5.759722222222222,360,0.9011111111111112,4.666666666666667,18,19,822
0.0,3.844444444444445,5.6438213744520445,360,0.9088888888888889,4.388888888888889,19,19,823
0.0,3.455555555555556,5.519444444444444,360,0.9188888888888889,4.611111111111111,20,19,824
0.0,3.238888888888889,5.395067514436843,360,0.9222222222222224,4.444444444444445,21,19,825
0.0,2.961111111111111,5.279166666666666,360,0.9238888888888889,4.555555555555555,22,19,826
0.0,2.955555555555556,5.179640352374242,360,0.9244444444444444,4.166666666666667,23,19,827
0.0,2.955555555555556,5.103271125403588,360,0.9227777777777776,4.222222222222222,24,19,828
0.0,2.833333333333333,4.978148197966577,360,0.9333333333333331,4.444444444444445,1,20,829
0.0,2.6888888888888887,4.961111111111111,360,0.9372222222222224,4.055555555555555,2,20,830
0.0,2.611111111111111,4.978148197966577,360,0.9405555555555556,4.222222222222222,3,20,831
0.0,2.361111111111111,5.028098409218892,360,0.9527777777777776,4.277777777777778,4,20,832
0.0,2.288888888888889,5.107557720517837,360,0.9544444444444444,4.333333333333333,5,20,833
0.0,2.2333333333333334,5.211111111111111,360,0.9561111111111111,4.166666666666667,6,20,834
0.0,2.2444444444444445,5.331701588559851,360,0.9516666666666669,4.111111111111111,7,20,835
8.728395061728396,2.211111111111111,5.461111111111111,360,0.9555555555555556,4.833333333333333,8,20,836
101.0,2.711111111111111,5.590520633662372,360,0.95,4.944444444444445,9,20,837
240.0308641975309,3.5,5.711111111111111,360,0.9294444444444444,5.222222222222222,10,20,838
384.67283950617286,4.227777777777778,5.814664501704385,360,0.9094444444444444,5.277777777777778,11,20,839
506.87037037037027,5.044444444444444,5.894123813003331,360,0.8772222222222222,5.944444444444445,12,20,840
577.320987654321,5.894444444444444,5.944074024255645,360,0.8355555555555556,6.0,13,20,841
482.5555555555556,6.283333333333333,5.961111111111111,360,0.805,6.166666666666667,14,20,842
309.2345679012346,6.283333333333333,5.944074024255645,360,0.7994444444444444,6.222222222222222,15,20,843
174.5679012345679,5.561111111111111,5.894123813003331,360,0.8216666666666668,6.166666666666667,16,20,844
29.30246913580247,4.477777777777778,5.814664501704385,360,0.8577777777777778,4.5,17,20,845
0.0,4.027777777777778,5.711111111111111,360,0.88,4.388888888888889,18,20,846
0.0,3.822222222222222,5.590520633662372,360,0.8944444444444444,4.277777777777778,19,20,847
0.0,3.455555555555556,5.461111111111111,360,0.905,4.777777777777778,20,20,848
0.0,3.1444444444444444,5.331701588559851,360,0.9166666666666669,4.833333333333333,21,20,849
0.0,2.9388888888888887,5.211111111111111,360,0.9183333333333331,5.111111111111111,22,20,850
0.0,2.638888888888889,5.107557720517837,360,0.9283333333333331,4.944444444444445,23,20,851
0.0,2.327777777777777,5.028098409218892,360,0.9322222222222224,5.166666666666667,24,20,852
0.0,2.2,4.545222289477102,360,0.9355555555555556,5.055555555555555,1,21,853
0.0,2.1500000000000004,4.522222222222222,360,0.9383333333333331,5.111111111111111,2,21,854
0.0,1.95,4.545222289477102,360,0.9433333333333331,5.444444444444445,3,21,855
0.0,1.788888888888889,4.612655074667726,360,0.9466666666666669,4.722222222222222,4,21,856
0.0,1.6277777777777775,4.719925144921302,360,0.9527777777777776,4.777777777777778,5,21,857
0.0,1.6944444444444444,4.8597222222222225,360,0.9433333333333331,5.222222222222222,6,21,858
0.0,1.7666666666666666,5.022519366778021,360,0.9527777777777776,5.5,7,21,859
6.234567901234568,1.822222222222222,5.197222222222223,360,0.9494444444444444,5.611111111111111,8,21,860
104.74074074074076,2.433333333333333,5.3719250776664245,360,0.9461111111111111,5.555555555555555,9,21,861
263.0987654320988,3.5055555555555555,5.534722222222223,360,0.9277777777777776,6.055555555555555,10,21,862
397.1419753086419,4.472222222222222,5.674519299523142,360,0.8994444444444444,6.0,11,21,863
485.67283950617286,5.594444444444445,5.781789369776719,360,0.8733333333333333,6.666666666666667,12,21,864
511.2345679012346,6.183333333333334,5.849222154967344,360,0.8611111111111112,6.888888888888889,13,21,865
422.0802469135803,6.738888888888889,5.872222222222224,360,0.8327777777777777,7.611111111111111,14,21,866
329.18518518518516,6.866666666666666,5.849222154967344,360,0.82,7.444444444444445,15,21,867
172.69753086419752,6.483333333333333,5.781789369776719,360,0.8344444444444444,7.0,16,21,868
28.055555555555557,5.677777777777778,5.674519299523142,360,0.8688888888888888,6.111111111111111,17,21,869
0.0,5.050000000000001,5.534722222222223,360,0.8811111111111112,5.833333333333333,18,21,870
0.0,4.783333333333333,5.3719250776664245,360,0.8927777777777777,5.944444444444445,19,21,871
0.0,4.405555555555555,5.197222222222223,360,0.9088888888888889,5.944444444444445,20,21,872
0.0,4.233333333333333,5.022519366778021,360,0.9122222222222224,5.888888888888889,21,21,873
0.0,4.050000000000001,4.8597222222222225,360,0.9183333333333331,5.833333333333333,22,21,874
0.0,3.844444444444445,4.719925144921303,360,0.9216666666666669,5.888888888888889,23,21,875
0.0,3.8,4.612655074667726,360,0.9172222222222224,6.333333333333333,24,21,876
0.0,3.588888888888889,4.92072845567415,360,0.9233333333333331,6.166666666666667,1,22,877
0.0,3.677777777777778,4.9,360,0.9322222222222224,6.5,2,22,878
0.0,3.711111111111111,4.9207284556741495,360,0.93,6.388888888888889,3,22,879
0.0,3.594444444444445,4.9815012126977996,360,0.9333333333333331,6.555555555555555,4,22,880
0.0,3.583333333333333,5.078176708111516,360,0.9355555555555556,6.722222222222222,5,22,881
0.0,3.505555555555555,5.204166666666666,360,0.9388888888888889,6.777777777777778,6,22,882
0.0,3.405555555555556,5.350885080895966,360,0.9438888888888889,6.944444444444445,7,22,883
8.104938271604938,3.272222222222222,5.508333333333333,360,0.9466666666666669,7.166666666666667,8,22,884
77.9320987654321,3.6944444444444446,5.6657815857706995,360,0.94,7.055555555555555,9,22,885
196.3888888888889,4.533333333333333,5.812499999999999,360,0.9183333333333331,6.944444444444445,10,22,886
303.6234567901235,5.427777777777778,5.938489958555149,360,0.8877777777777777,7.055555555555555,11,22,887
317.33950617283955,5.933333333333334,6.035165453968866,360,0.8711111111111112,7.222222222222222,12,22,888
317.96296296296293,6.322222222222222,6.095938210992516,360,0.8644444444444445,7.111111111111111,13,22,889
293.64814814814815,6.644444444444444,6.116666666666665,360,0.8511111111111112,6.722222222222222,14,22,890
217.58641975308643,6.65,6.095938210992516,360,0.8594444444444445,6.833333333333333,15,22,891
111.59876543209876,6.472222222222222,6.035165453968866,360,0.8683333333333333,5.666666666666667,16,22,892
18.703703703703702,6.105555555555556,5.938489958555149,360,0.8833333333333333,5.111111111111111,17,22,893
0.0,5.761111111111111,5.812499999999999,360,0.9033333333333331,5.055555555555555,18,22,894
0.0,5.533333333333333,5.6657815857706995,360,0.9072222222222224,4.944444444444445,19,22,895
0.0,5.188888888888889,5.508333333333333,360,0.9211111111111111,4.777777777777778,20,22,896
0.0,5.061111111111111,5.350885080895966,360,0.9266666666666669,4.944444444444445,21,22,897
0.0,4.7444444444444445,5.204166666666667,360,0.9327777777777776,4.944444444444445,22,22,898
0.0,4.555555555555555,5.078176708111517,360,0.9388888888888889,4.888888888888889,23,22,899
0.6234567901234568,4.566666666666666,4.9815012126977996,360,0.9394444444444444,5.0,24,22,900
0.0,4.322222222222222,5.125621457851993,360,0.9405555555555556,4.833333333333333,1,23,901
0.0,4.072222222222222,5.105555555555556,360,0.945,4.666666666666667,2,23,902
0.0,3.7666666666666666,5.125621457851993,360,0.9444444444444444,4.666666666666667,3,23,903
0.0,3.705555555555556,5.184451706660275,360,0.9483333333333331,4.944444444444445,4,23,904
0.0,3.466666666666667,5.2780371177457,360,0.9544444444444444,4.944444444444445,5,23,905
0.6234567901234568,3.616666666666666,5.4,360,0.9533333333333331,4.888888888888889,6,23,906
0.0,3.6222222222222222,5.542028784550738,360,0.9538888888888889,5.055555555555555,7,23,907
7.481481481481482,3.5277777777777777,5.694444444444445,360,0.9455555555555556,5.555555555555555,8,23,908
89.15432098765433,3.9166666666666665,5.846860104338151,360,0.9355555555555556,5.722222222222222,9,23,909
246.8888888888889,4.872222222222223,5.988888888888889,360,0.9205555555555556,6.444444444444445,10,23,910
363.47530864197535,5.722222222222222,6.110851771143189,360,0.8777777777777778,6.277777777777778,11,23,911
486.2962962962963,6.477777777777778,6.204437182228614,360,0.8455555555555556,6.722222222222222,12,23,912
498.1419753086419,7.077777777777778,6.263267431036896,360,0.7983333333333333,7.277777777777778,13,23,913
420.2098765432099,7.216666666666667,6.283333333333333,360,0.7894444444444444,7.388888888888889,14,23,914
298.6358024691358,7.138888888888889,6.263267431036896,360,0.7877777777777777,6.611111111111111,15,23,915
155.8641975308642,6.638888888888889,6.204437182228614,360,0.7944444444444444,6.222222222222222,16,23,916
31.17283950617284,5.711111111111111,6.110851771143189,360,0.8405555555555556,6.0,17,23,917
0.0,5.133333333333334,5.988888888888889,360,0.875,4.944444444444445,18,23,918
0.0,4.755555555555556,5.846860104338151,360,0.8927777777777777,4.5,19,23,919
0.0,4.533333333333333,5.694444444444445,360,0.9144444444444444,4.333333333333333,20,23,920
0.0,4.372222222222223,5.542028784550738,360,0.9194444444444444,4.666666666666667,21,23,921
0.0,4.211111111111111,5.4,360,0.9311111111111111,4.777777777777778,22,23,922
0.0,3.961111111111111,5.278037117745701,360,0.9361111111111111,4.666666666666667,23,23,923
0.0,3.711111111111111,5.184451706660275,360,0.9416666666666669,5.055555555555555,24,23,924
0.0,3.5444444444444443,5.07741981702007,360,0.9472222222222224,4.444444444444445,1,24,925
0.0,3.355555555555556,5.055555555555555,360,0.9511111111111111,4.277777777777778,2,24,926
0.0,3.2666666666666666,5.07741981702007,360,0.9522222222222224,4.222222222222222,3,24,927
0.6234567901234568,3.022222222222222,5.1415225881272075,360,0.9516666666666669,4.277777777777778,4,24,928
0.0,3.1277777777777778,5.243495370960853,360,0.9527777777777776,4.5,5,24,929
0.0,3.083333333333333,5.376388888888888,360,0.9544444444444444,4.111111111111111,6,24,930
0.0,3.2944444444444443,5.531146668281438,360,0.9605555555555556,4.555555555555555,7,24,931
8.728395061728396,3.3,5.697222222222222,360,0.9594444444444444,4.277777777777778,8,24,932
107.85802469135801,3.9444444444444446,5.863297776163006,360,0.9561111111111111,4.666666666666667,9,24,933
240.6543209876543,5.1,6.018055555555556,360,0.9505555555555556,5.666666666666667,10,24,934
355.3703703703704,6.216666666666667,6.15094907348359,360,0.9077777777777776,5.833333333333333,11,24,935
433.3024691358025,7.211111111111112,6.252921856317236,360,0.8827777777777777,6.0,12,24,936
464.4753086419753,8.055555555555555,6.317024627424374,360,0.8522222222222223,6.388888888888889,13,24,937
419.5864197530864,8.5,6.338888888888889,360,0.8261111111111111,6.388888888888889,14,24,938
288.6604938271605,8.227777777777778,6.317024627424374,360,0.8311111111111111,5.388888888888889,15,24,939
158.35802469135803,7.783333333333333,6.252921856317236,360,0.8472222222222223,4.722222222222222,16,24,940
38.65432098765432,6.861111111111111,6.15094907348359,360,0.8705555555555555,4.166666666666667,17,24,941
0.0,6.116666666666667,6.018055555555556,360,0.8922222222222222,3.8333333333333335,18,24,942
0.0,5.7444444444444445,5.863297776163006,360,0.9072222222222224,3.888888888888889,19,24,943
0.0,5.561111111111111,5.697222222222222,360,0.9038888888888889,4.111111111111111,20,24,944
0.0,5.211111111111111,5.531146668281438,360,0.9122222222222224,4.0,21,24,945
0.0,4.911111111111111,5.376388888888889,360,0.9122222222222224,4.166666666666667,22,24,946
0.0,4.622222222222223,5.243495370960854,360,0.9155555555555556,3.888888888888889,23,24,947
0.0,4.5888888888888895,5.1415225881272075,360,0.9066666666666668,4.611111111111111,24,24,948
0.0,4.311111111111111,5.341436270175887,360,0.9222222222222224,4.333333333333333,1,25,949
0.0,4.305555555555555,5.322222222222223,360,0.9311111111111111,4.611111111111111,2,25,950
0.0,4.066666666666666,5.341436270175887,360,0.9366666666666669,4.5,3,25,951
0.0,3.894444444444444,5.397769008421553,360,0.9416666666666669,4.333333333333333,4,25,952
0.0,3.955555555555555,5.48738145394203,360,0.9438888888888889,4.388888888888889,5,25,953
0.0,3.8722222222222222,5.604166666666666,360,0.9416666666666669,4.0,6,25,954
0.0,3.7722222222222217,5.740165927344967,360,0.9411111111111111,3.6666666666666665,7,25,955
6.234567901234568,3.783333333333333,5.886111111111111,360,0.9461111111111111,3.7777777777777777,8,25,956
107.23456790123458,4.427777777777778,6.032056294877255,360,0.9361111111111111,4.055555555555555,9,25,957
238.16049382716048,5.333333333333333,6.168055555555555,360,0.9116666666666668,4.722222222222222,10,25,958
370.9567901234568,6.144444444444444,6.284840768280192,360,0.8866666666666667,4.888888888888889,11,25,959
456.3703703703704,6.761111111111111,6.3744532138006695,360,0.8622222222222223,5.055555555555555,12,25,960
474.4506172839506,7.294444444444445,6.430785952046335,360,0.8305555555555556,5.277777777777778,13,25,961
452.0061728395061,7.588888888888889,6.449999999999999,360,0.8205555555555556,5.388888888888889,14,25,962
327.31481481481484,7.6,6.430785952046335,360,0.8133333333333332,5.166666666666667,15,25,963
173.94444444444446,6.961111111111111,6.3744532138006695,360,0.835,4.777777777777778,16,25,964
36.78395061728395,6.033333333333333,6.284840768280192,360,0.8783333333333333,4.333333333333333,17,25,965
0.0,4.9944444444444445,6.168055555555555,360,0.9061111111111111,4.277777777777778,18,25,966
0.0,4.344444444444445,6.032056294877255,360,0.92,4.5,19,25,967
0.0,3.983333333333333,5.886111111111111,360,0.93,4.444444444444445,20,25,968
0.0,3.855555555555555,5.740165927344967,360,0.9316666666666669,4.5,21,25,969
0.0,3.7222222222222223,5.604166666666667,360,0.9366666666666669,4.388888888888889,22,25,970
0.0,3.4166666666666665,5.487381453942031,360,0.9472222222222224,4.055555555555555,23,25,971
0.0,3.1444444444444444,5.397769008421553,360,0.9572222222222224,3.611111111111111,24,25,972
0.0,2.9388888888888887,5.08155561533767,360,0.9705555555555556,3.611111111111111,1,26,973
0.0,2.911111111111111,5.061111111111112,360,0.975,3.7222222222222223,2,26,974
0.0,2.772222222222222,5.08155561533767,360,0.9727777777777775,4.111111111111111,3,26,975
0.0,2.6555555555555554,5.141495868840448,360,0.975,3.8333333333333335,4,26,976
0.0,2.6222222222222222,5.236847042399183,360,0.9761111111111112,3.7777777777777777,5,26,977
0.0,2.577777777777777,5.361111111111112,360,0.9766666666666669,4.222222222222222,6,26,978
0.0,2.738888888888889,5.505819684049599,360,0.975,4.222222222222222,7,26,979
9.975308641975309,3.055555555555556,5.661111111111111,360,0.97,4.222222222222222,8,26,980
104.1172839506173,3.738888888888889,5.816402538172624,360,0.9566666666666669,4.666666666666667,9,26,981
231.92592592592592,4.738888888888889,5.961111111111111,360,0.9344444444444444,5.333333333333333,10,26,982
348.51234567901247,5.65,6.08537517982304,360,0.9194444444444444,5.666666666666667,11,26,983
366.59259259259255,6.4,6.1807263533817745,360,0.8855555555555555,6.055555555555555,12,26,984
381.55555555555554,7.122222222222222,6.240666606884552,360,0.8538888888888888,6.388888888888889,13,26,985
330.4320987654321,7.438888888888889,6.261111111111111,360,0.8383333333333333,6.5,14,26,986
246.8888888888889,7.394444444444444,6.240666606884552,360,0.84,6.111111111111111,15,26,987
135.91358024691357,7.094444444444445,6.1807263533817745,360,0.8594444444444445,5.833333333333333,16,26,988
36.78395061728395,6.26111111111111,6.08537517982304,360,0.8883333333333333,5.555555555555555,17,26,989
0.0,5.816666666666666,5.961111111111111,360,0.9022222222222225,5.333333333333333,18,26,990
0.0,5.422222222222222,5.816402538172624,360,0.9077777777777776,5.611111111111111,19,26,991
0.0,5.227777777777778,5.661111111111111,360,0.8916666666666667,5.333333333333333,20,26,992
0.0,4.938888888888889,5.505819684049599,360,0.8983333333333333,5.5,21,26,993
0.0,4.816666666666666,5.361111111111112,360,0.9016666666666668,6.0,22,26,994
0.0,4.544444444444444,5.236847042399183,360,0.9061111111111111,5.722222222222222,23,26,995
0.0,4.205555555555556,5.141495868840448,360,0.9244444444444444,5.611111111111111,24,26,996
0.0,3.866666666666666,5.058670839737735,360,0.9333333333333331,5.611111111111111,1,27,997
0.0,3.555555555555556,5.038888888888888,360,0.9405555555555556,5.555555555555555,2,27,998
0.0,3.488888888888889,5.058670839737735,360,0.9438888888888889,5.222222222222222,3,27,999
0.0,3.35,5.1166685850251445,360,0.93,5.722222222222222,4,27,1000
0.0,3.177777777777778,5.208929674255587,360,0.9322222222222224,5.944444444444445,5,27,1001
0.0,3.138888888888889,5.329166666666666,360,0.9394444444444444,6.111111111111111,6,27,1002
0.0,3.1333333333333333,5.469185609926591,360,0.9416666666666669,5.722222222222222,7,27,1003
9.975308641975309,3.077777777777778,5.619444444444444,360,0.9438888888888889,5.277777777777778,8,27,1004
100.37654320987654,3.611111111111111,5.769703278962296,360,0.9438888888888889,5.333333333333333,9,27,1005
217.58641975308643,4.35,5.909722222222221,360,0.9188888888888889,5.777777777777778,10,27,1006
297.3888888888889,5.116666666666666,6.0299592146333,360,0.9072222222222224,6.0,11,27,1007
358.48765432098764,5.861111111111111,6.122220303863743,360,0.89,6.222222222222222,12,27,1008
388.41358024691357,6.011111111111111,6.1802180491511525,360,0.8727777777777778,6.333333333333333,13,27,1009
354.74691358024694,6.533333333333333,6.199999999999999,360,0.8555555555555556,5.888888888888889,14,27,1010
260.6049382716049,6.661111111111111,6.1802180491511525,360,0.8522222222222223,5.888888888888889,15,27,1011
143.39506172839506,6.333333333333333,6.122220303863743,360,0.8761111111111112,5.5,16,27,1012
39.901234567901234,5.405555555555555,6.0299592146333,360,0.9072222222222224,5.388888888888889,17,27,1013
0.0,4.988888888888889,5.909722222222221,360,0.925,4.5,18,27,1014
0.0,4.772222222222222,5.769703278962296,360,0.9211111111111111,4.388888888888889,19,27,1015
0.0,4.4944444444444445,5.619444444444444,360,0.9261111111111111,4.722222222222222,20,27,1016
0.0,4.411111111111111,5.469185609926591,360,0.9255555555555556,5.0,21,27,1017
0.0,4.272222222222222,5.329166666666666,360,0.9272222222222224,5.0,22,27,1018
0.0,4.161111111111111,5.208929674255587,360,0.9305555555555556,5.222222222222222,23,27,1019
0.0,3.9444444444444446,5.1166685850251445,360,0.9244444444444444,5.944444444444445,24,27,1020
0.0,3.788888888888889,5.028177020880313,360,0.9344444444444444,5.333333333333333,1,28,1021
0.0,3.683333333333333,5.0055555555555555,360,0.9405555555555556,5.333333333333333,2,28,1022
0.0,3.794444444444444,5.028177020880313,360,0.9427777777777776,6.055555555555555,3,28,1023
0.0,3.716666666666667,5.0944998013764415,360,0.9433333333333331,5.444444444444445,4,28,1024
0.0,3.738888888888889,5.200004109156708,360,0.9494444444444444,5.111111111111111,5,28,1025
0.0,3.6666666666666665,5.3374999999999995,360,0.9577777777777776,5.5,6,28,1026
0.0,3.6333333333333337,5.497617356168049,360,0.9605555555555556,5.222222222222222,7,28,1027
13.09259259259259,3.638888888888889,5.669444444444444,360,0.9616666666666669,5.0,8,28,1028
91.64814814814814,4.194444444444445,5.84127153272084,360,0.9511111111111111,5.555555555555555,9,28,1029
222.57407407407402,5.233333333333333,6.001388888888889,360,0.9466666666666669,5.444444444444445,10,28,1030
341.0308641975309,6.194444444444445,6.13888477973218,360,0.9211111111111111,5.666666666666667,11,28,1031
393.40123456790127,7.005555555555556,6.244389087512446,360,0.8955555555555555,6.0,12,28,1032
432.05555555555554,7.638888888888889,6.310711868008576,360,0.8561111111111112,6.666666666666667,13,28,1033
386.54320987654313,7.811111111111111,6.333333333333333,360,0.8472222222222223,7.166666666666667,14,28,1034
277.4382716049383,7.816666666666666,6.310711868008576,360,0.835,6.833333333333333,15,28,1035
157.1111111111111,7.644444444444444,6.244389087512446,360,0.8488888888888888,6.444444444444445,16,28,1036
37.40740740740741,6.877777777777777,6.13888477973218,360,0.8705555555555555,5.944444444444445,17,28,1037
1.2469135802469136,6.366666666666666,6.001388888888889,360,0.8916666666666667,6.222222222222222,18,28,1038
0.0,5.972222222222222,5.84127153272084,360,0.9061111111111111,5.388888888888889,19,28,1039
0.0,5.75,5.669444444444444,360,0.9172222222222224,5.555555555555555,20,28,1040
0.0,5.550000000000001,5.497617356168049,360,0.9216666666666669,5.5,21,28,1041
0.0,5.261111111111111,5.3375,360,0.9261111111111111,5.333333333333333,22,28,1042
0.0,4.988888888888889,5.200004109156708,360,0.9322222222222224,5.333333333333333,23,28,1043
0.0,4.811111111111112,5.094499801376442,360,0.9372222222222224,5.5,24,28,1044
0.0,4.527777777777778,5.462333385642684,360,0.9461111111111111,5.055555555555555,1,29,1045
0.0,4.344444444444445,5.444444444444445,360,0.9472222222222224,5.111111111111111,2,29,1046
0.0,4.116666666666666,5.462333385642684,360,0.9472222222222224,4.888888888888889,3,29,1047
13.09259259259259,4.166666666666667,5.5147811074576145,360,0.9505555555555556,5.055555555555555,4,29,1048
32.41975308641975,4.166666666666667,5.598213384321507,360,0.9505555555555556,4.944444444444445,5,29,1049
44.888888888888886,4.138888888888889,5.706944444444445,360,0.9533333333333331,4.944444444444445,6,29,1050
49.25308641975309,4.216666666666667,5.833564445765622,360,0.9438888888888889,5.111111111111111,7,29,1051
38.65432098765432,4.227777777777778,5.969444444444445,360,0.9477777777777776,5.111111111111111,8,29,1052
126.56172839506176,4.705555555555556,6.105324443123268,360,0.9438888888888889,5.388888888888889,9,29,1053
253.7469135802469,5.461111111111111,6.231944444444445,360,0.9261111111111111,5.944444444444445,10,29,1054
355.5151576411948,6.0510164284983325,6.340675504567383,360,0.9166406010216455,6.401474495538444,11,29,1055
409.61719271247364,6.714719657021406,6.4241077814312755,360,0.8867908610005554,6.658251563190197,12,29,1056
423.69515296687143,7.434226711673609,6.476555503246206,360,0.868277497187043,6.711900753467237,13,29,1057
400.0887397905507,7.7981646626488335,6.494444444444445,360,0.8464588824797188,6.266666666667344,14,29,1058
323.05966439375885,7.915839975744262,6.476555503246206,360,0.8304004715514314,6.105581752846947,15,29,1059
155.24074074074076,7.699999999999999,6.4241077814312755,360,0.8444444444444444,5.555555555555555,16,29,1060
36.78395061728395,6.944444444444445,6.340675504567383,360,0.8777777777777778,5.222222222222222,17,29,1061
0.0,6.411111111111111,6.231944444444445,360,0.8922222222222222,4.777777777777778,18,29,1062
0.0,5.861111111111111,6.105324443123268,360,0.9011111111111112,4.666666666666667,19,29,1063
0.0,5.366666666666666,5.969444444444445,360,0.9088888888888889,4.666666666666667,20,29,1064
0.0,5.094444444444445,5.833564445765622,360,0.9161111111111111,4.222222222222222,21,29,1065
0.6234567901234568,4.755555555555556,5.706944444444445,360,0.9183333333333331,4.888888888888889,22,29,1066
0.0,4.711111111111111,5.598213384321507,360,0.9061111111111111,5.166666666666667,23,29,1067
0.0,4.5,5.5147811074576145,360,0.9083333333333331,4.222222222222222,24,29,1068
0.0,4.172222222222222,5.436732568963105,360,0.9072222222222224,4.555555555555555,1,30,1069
0.0,3.966666666666667,5.416666666666668,360,0.9194444444444444,4.611111111111111,2,30,1070
0.0,3.85,5.436732568963105,360,0.9288888888888889,4.277777777777778,3,30,1071
0.0,3.894444444444444,5.495562817771387,360,0.9322222222222224,4.277777777777778,4,30,1072
0.0,3.827777777777778,5.5891482288568115,360,0.9444444444444444,4.444444444444445,5,30,1073
0.0,3.938888888888889,5.711111111111111,360,0.9433333333333331,4.833333333333333,6,30,1074
0.0,4.033333333333333,5.85313989566185,360,0.9444444444444444,4.888888888888889,7,30,1075
14.962962962962964,4.261111111111111,6.005555555555556,360,0.9416666666666669,4.5,8,30,1076
112.8456790123457,4.966666666666667,6.157971215449263,360,0.935,5.333333333333333,9,30,1077
229.43209876543207,5.766666666666667,6.300000000000001,360,0.9222222222222224,5.444444444444445,10,30,1078
341.65432098765433,6.655555555555555,6.421962882254301,360,0.9072222222222224,6.166666666666667,11,30,1079
397.1419753086419,7.211111111111112,6.515548293339726,360,0.8894444444444445,6.722222222222222,12,30,1080
332.3024691358025,7.238888888888888,6.574378542148008,360,0.8916666666666667,6.555555555555555,13,30,1081
301.7530864197531,7.399999999999999,6.594444444444445,360,0.8788888888888888,6.277777777777778,14,30,1082
231.30246913580245,7.316666666666666,6.574378542148008,360,0.8855555555555555,5.666666666666667,15,30,1083
117.83333333333334,7.044444444444444,6.515548293339726,360,0.8911111111111112,6.277777777777778,16,30,1084
31.796296296296298,6.488888888888889,6.421962882254301,360,0.905,5.944444444444445,17,30,1085
0.0,6.061111111111112,6.300000000000001,360,0.9305555555555556,4.833333333333333,18,30,1086
0.6234567901234568,5.716666666666666,6.157971215449263,360,0.9372222222222224,4.611111111111111,19,30,1087
0.0,5.505555555555556,6.005555555555556,360,0.9477777777777776,4.388888888888889,20,30,1088
0.0,5.361111111111111,5.85313989566185,360,0.9516666666666669,4.166666666666667,21,30,1089
0.0,5.083333333333333,5.711111111111112,360,0.9477777777777776,4.333333333333333,22,30,1090
0.0,4.655555555555555,5.5891482288568115,360,0.9605555555555556,4.111111111111111,23,30,1091
0.0,4.555555555555555,5.495562817771387,360,0.9633333333333332,3.9444444444444446,24,30,1092
0.0,4.255555555555556,5.583164673540686,360,0.9627777777777776,4.055555555555555,1,31,1093
0.0,3.866666666666666,5.561111111111111,360,0.9611111111111111,4.055555555555555,2,31,1094
0.0,3.7777777777777777,5.583164673540686,360,0.9638888888888889,3.9444444444444446,3,31,1095
0.0,3.6666666666666665,5.647822446995072,360,0.965,3.888888888888889,4,31,1096
0.0,3.644444444444444,5.750678111065373,360,0.9683333333333332,4.111111111111111,5,31,1097
0.0,3.516666666666667,5.884722222222222,360,0.9683333333333332,3.9444444444444446,6,31,1098
0.0,3.388888888888889,6.040819895808646,360,0.9705555555555556,4.5,7,31,1099
19.32716049382716,3.6222222222222222,6.208333333333333,360,0.9705555555555556,4.722222222222222,8,31,1100
135.91358024691357,4.444444444444445,6.37584677085802,360,0.9688888888888889,4.722222222222222,9,31,1101
274.94444444444446,5.5777777777777775,6.531944444444444,360,0.9466666666666669,5.111111111111111,10,31,1102
407.7407407407408,6.461111111111111,6.6659885556012926,360,0.9061111111111111,5.777777777777778,11,31,1103
481.3086419753086,7.066666666666666,6.768844219671594,360,0.8833333333333333,6.5,12,31,1104
525.5740740740741,7.705555555555555,6.83350199312598,360,0.8488888888888888,6.777777777777778,13,31,1105
427.69135802469145,8.066666666666666,6.855555555555555,360,0.8433333333333333,7.0,14,31,1106
325.44444444444446,8.06111111111111,6.83350199312598,360,0.8511111111111112,6.611111111111111,15,31,1107
174.5679012345679,7.7555555555555555,6.768844219671594,360,0.8633333333333333,6.277777777777778,16,31,1108
47.38271604938272,7.166666666666667,6.6659885556012926,360,0.8727777777777778,6.333333333333333,17,31,1109
0.6234567901234568,6.461111111111111,6.531944444444444,360,0.9127777777777776,6.777777777777778,18,31,1110
0.0,6.094444444444445,6.37584677085802,360,0.9222222222222224,6.055555555555555,19,31,1111
0.0,5.916666666666667,6.208333333333333,360,0.9183333333333331,5.5,20,31,1112
0.0,5.6,6.040819895808646,360,0.9277777777777776,5.277777777777778,21,31,1113
0.0,5.366666666666666,5.884722222222222,360,0.9372222222222224,5.444444444444445,22,31,1114
0.0,5.316666666666666,5.7506781110653735,360,0.945,5.444444444444445,23,31,1115
0.0,5.227777777777778,5.647822446995072,360,0.9533333333333331,5.444444444444445,24,31,1116
0.0,5.077777777777778,5.966658484925343,360,0.9522222222222224,5.5,1,32,1117
0.0,5.138888888888889,5.949999999999999,360,0.9483333333333331,5.555555555555555,2,32,1118
0.0,4.9,5.966658484925343,360,0.9505555555555556,5.833333333333333,3,32,1119
0.0,4.727777777777778,6.015498691483162,360,0.9561111111111111,5.277777777777778,4,32,1120
0.0,4.777777777777778,6.093192240308798,360,0.9605555555555556,5.388888888888889,5,32,1121
0.0,4.883333333333334,6.194444444444443,360,0.9572222222222224,5.611111111111111,6,32,1122
0.0,4.927777777777778,6.3123551335054335,360,0.9566666666666669,5.777777777777778,7,32,1123
12.469135802469136,5.050000000000001,6.438888888888888,360,0.9555555555555556,5.777777777777778,8,32,1124
107.85802469135801,5.488888888888889,6.565422644272343,360,0.9411111111111111,6.333333333333333,9,32,1125
224.44444444444446,6.15,6.683333333333333,360,0.9216666666666669,7.222222222222222,10,32,1126
319.2098765432099,6.611111111111111,6.7845855374689785,360,0.9016666666666668,7.833333333333333,11,32,1127
429.5617283950618,7.066666666666666,6.862279086294614,360,0.8794444444444445,8.166666666666666,12,32,1128
442.65432098765433,7.427777777777777,6.911119292852433,360,0.8594444444444445,7.944444444444445,13,32,1129
326.69135802469134,7.144444444444444,6.927777777777777,360,0.8627777777777778,7.833333333333333,14,32,1130
250.6296296296296,7.1,6.911119292852433,360,0.8561111111111112,7.0,15,32,1131
176.43827160493828,6.811111111111111,6.862279086294614,360,0.8566666666666667,6.333333333333333,16,32,1132
40.5246913580247,5.805555555555555,6.7845855374689785,360,0.8944444444444444,5.277777777777778,17,32,1133
0.6234567901234568,5.416666666666667,6.683333333333333,360,0.9088888888888889,4.611111111111111,18,32,1134
0.0,5.188888888888889,6.565422644272343,360,0.9111111111111111,4.611111111111111,19,32,1135
0.0,4.733333333333333,6.438888888888888,360,0.9177777777777776,4.166666666666667,20,32,1136
0.0,4.444444444444445,6.3123551335054335,360,0.9166666666666669,4.111111111111111,21,32,1137
0.0,4.138888888888889,6.194444444444444,360,0.9272222222222224,3.9444444444444446,22,32,1138
0.0,3.955555555555556,6.093192240308798,360,0.9383333333333331,3.7777777777777777,23,32,1139
0.0,3.811111111111112,6.015498691483162,360,0.9444444444444444,4.166666666666667,24,32,1140
0.0,3.927777777777778,5.536732568963105,360,0.9505555555555556,4.111111111111111,1,33,1141
0.0,3.755555555555555,5.5166666666666675,360,0.9555555555555556,4.166666666666667,2,33,1142
0.0,3.788888888888889,5.536732568963105,360,0.9566666666666669,4.055555555555555,3,33,1143
0.0,3.705555555555556,5.595562817771387,360,0.9572222222222224,4.388888888888889,4,33,1144
0.0,3.644444444444444,5.689148228856811,360,0.9572222222222224,4.444444444444445,5,33,1145
0.0,3.5166666666666666,5.811111111111111,360,0.9538888888888889,4.611111111111111,6,33,1146
0.0,3.4166666666666665,5.95313989566185,360,0.9511111111111111,4.611111111111111,7,33,1147
18.080246913580247,3.5277777777777777,6.105555555555556,360,0.9472222222222224,5.055555555555555,8,33,1148
140.90123456790124,4.272222222222222,6.257971215449262,360,0.9377777777777776,5.333333333333333,9,33,1149
273.074074074074,5.055555555555555,6.4,360,0.9144444444444444,5.5,10,33,1150
422.70370370370364,5.977777777777778,6.521962882254301,360,0.8761111111111112,5.722222222222222,11,33,1151
456.9938271604938,6.394444444444444,6.615548293339725,360,0.8538888888888888,6.666666666666667,12,33,1152
452.0061728395061,6.8277777777777775,6.674378542148007,360,0.8455555555555556,7.111111111111111,13,33,1153
445.1481481481481,7.144444444444444,6.694444444444445,360,0.805,6.722222222222222,14,33,1154
305.4938271604938,7.022222222222222,6.674378542148007,360,0.8088888888888889,7.0,15,33,1155
192.64814814814818,6.761111111111111,6.615548293339725,360,0.8072222222222223,6.222222222222222,16,33,1156
64.21604938271605,5.9,6.521962882254301,360,0.8327777777777777,5.333333333333333,17,33,1157
1.2469135802469136,5.438888888888888,6.4,360,0.86,4.777777777777778,18,33,1158
0.0,4.988888888888889,6.257971215449262,360,0.8738888888888888,4.222222222222222,19,33,1159
0.0,4.733333333333333,6.105555555555556,360,0.8794444444444445,4.222222222222222,20,33,1160
0.0,4.072222222222222,5.95313989566185,360,0.8922222222222222,4.0,21,33,1161
0.0,3.6666666666666665,5.811111111111112,360,0.9066666666666668,3.9444444444444446,22,33,1162
0.0,3.405555555555556,5.689148228856811,360,0.9094444444444444,4.111111111111111,23,33,1163
0.0,3.4166666666666665,5.595562817771387,360,0.905,3.8333333333333335,24,33,1164
0.0,3.155555555555556,5.248127631521806,360,0.9061111111111111,4.222222222222222,1,34,1165
0.0,3.05,5.227777777777778,360,0.9155555555555556,3.9444444444444446,2,34,1166
0.0,2.805555555555556,5.248127631521806,360,0.9211111111111111,3.9444444444444446,3,34,1167
0.0,2.638888888888889,5.30779038385096,360,0.9266666666666669,3.9444444444444446,4,34,1168
0.0,2.433333333333333,5.402700116791367,360,0.9266666666666669,4.111111111111111,5,34,1169
0.0,2.411111111111111,5.526388888888888,360,0.9266666666666669,4.111111111111111,6,34,1170
0.0,2.3833333333333333,5.670427514730439,360,0.9227777777777776,4.222222222222222,7,34,1171
24.314814814814813,2.533333333333333,5.824999999999999,360,0.9172222222222224,4.111111111111111,8,34,1172
178.30864197530866,3.5444444444444443,5.979572485269561,360,0.8755555555555555,4.611111111111111,9,34,1173
351.0061728395062,4.533333333333333,6.12361111111111,360,0.84,5.166666666666667,10,34,1174
529.3148148148147,5.338888888888889,6.2472998832086315,360,0.8194444444444444,6.222222222222222,11,34,1175
573.5802469135803,6.083333333333333,6.342209616149039,360,0.7777777777777777,7.333333333333333,12,34,1176
587.2962962962963,6.705555555555556,6.401872368478193,360,0.7505555555555555,7.888888888888889,13,34,1177
552.3827160493827,6.944444444444445,6.422222222222221,360,0.7544444444444445,7.722222222222222,14,34,1178
458.86419753086415,7.172222222222222,6.401872368478193,360,0.7533333333333333,7.777777777777778,15,34,1179
268.08641975308643,6.844444444444445,6.342209616149039,360,0.7661111111111112,7.222222222222222,16,34,1180
72.94444444444444,6.061111111111111,6.2472998832086315,360,0.805,6.388888888888889,17,34,1181
0.6234567901234568,5.483333333333333,6.12361111111111,360,0.8405555555555556,5.222222222222222,18,34,1182
0.0,4.877777777777777,5.979572485269561,360,0.87,4.833333333333333,19,34,1183
0.0,4.533333333333334,5.824999999999999,360,0.8838888888888888,4.833333333333333,20,34,1184
0.0,4.061111111111111,5.670427514730439,360,0.905,4.666666666666667,21,34,1185
0.0,3.966666666666667,5.526388888888889,360,0.9172222222222224,4.888888888888889,22,34,1186
0.0,3.688888888888889,5.402700116791367,360,0.9216666666666669,4.888888888888889,23,34,1187
0.0,3.5055555555555555,5.30779038385096,360,0.9216666666666669,5.0,24,34,1188
0.0,3.4166666666666665,5.378366321845374,360,0.9211111111111111,4.833333333333333,1,35,1189
0.0,3.361111111111111,5.355555555555556,360,0.9272222222222224,4.833333333333333,2,35,1190
0.0,3.5,5.378366321845374,360,0.9333333333333331,4.611111111111111,3,35,1191
0.0,3.511111111111111,5.445244104688751,360,0.9311111111111111,5.0,4,35,1192
0.0,3.283333333333333,5.551631293705673,360,0.9383333333333331,4.944444444444445,5,35,1193
0.0,3.411111111111111,5.690277777777778,360,0.9538888888888889,4.944444444444445,6,35,1194
0.6234567901234568,3.338888888888889,5.851735028139702,360,0.9544444444444444,5.166666666666667,7,35,1195
19.950617283950617,3.45,6.025,360,0.9511111111111111,4.333333333333333,8,35,1196
137.1604938271605,4.138888888888889,6.198264971860299,360,0.9333333333333331,5.111111111111111,9,35,1197
279.93209876543204,5.061111111111111,6.3597222222222225,360,0.8977777777777777,5.555555555555555,10,35,1198
433.3024691358025,6.044444444444444,6.498368706294328,360,0.865,6.388888888888889,11,35,1199
486.2962962962963,6.894444444444444,6.60475589531125,360,0.8377777777777777,6.611111111111111,12,35,1200
566.0987654320987,7.705555555555555,6.671633678154627,360,0.8055555555555556,7.111111111111111,13,35,1201
501.88271604938274,8.055555555555555,6.694444444444445,360,0.7872222222222223,7.388888888888889,14,35,1202
375.32098765432096,7.944444444444445,6.671633678154627,360,0.7877777777777777,7.055555555555555,15,35,1203
206.98765432098764,7.683333333333334,6.60475589531125,360,0.7983333333333333,6.833333333333333,16,35,1204
67.33333333333334,7.011111111111111,6.498368706294328,360,0.8238888888888889,5.833333333333333,17,35,1205
1.2469135802469136,6.372222222222223,6.3597222222222225,360,0.8427777777777777,5.222222222222222,18,35,1206
0.0,5.983333333333333,6.198264971860299,360,0.8616666666666667,5.555555555555555,19,35,1207
0.0,5.716666666666667,6.025,360,0.8616666666666667,6.333333333333333,20,35,1208
0.0,5.411111111111111,5.851735028139702,360,0.8688888888888888,5.944444444444445,21,35,1209
0.0,5.138888888888889,5.690277777777778,360,0.8933333333333333,6.166666666666667,22,35,1210
0.0,5.127777777777777,5.551631293705673,360,0.8988888888888888,5.611111111111111,23,35,1211
0.0,4.955555555555556,5.445244104688751,360,0.9122222222222224,5.666666666666667,24,35,1212
0.0,4.938888888888889,5.710185247458222,360,0.92,5.055555555555555,1,36,1213
0.0,4.788888888888889,5.688888888888889,360,0.9216666666666669,5.277777777777778,2,36,1214
0.0,4.7444444444444445,5.710185247458221,360,0.9122222222222224,5.388888888888889,3,36,1215
0.0,4.638888888888889,5.772623011523615,360,0.9183333333333331,5.055555555555555,4,36,1216
0.0,4.394444444444444,5.871947150647297,360,0.9261111111111111,5.277777777777778,5,36,1217
0.0,4.294444444444444,6.001388888888889,360,0.9283333333333331,5.111111111111111,6,36,1218
0.0,4.227777777777778,6.152126985699813,360,0.9322222222222224,5.444444444444445,7,36,1219
19.32716049382716,4.366666666666667,6.313888888888889,360,0.9283333333333331,5.277777777777778,8,36,1220
148.3827160493827,5.077777777777778,6.475650792077965,360,0.9177777777777776,5.277777777777778,9,36,1221
339.1604938271605,6.027777777777778,6.626388888888889,360,0.8816666666666667,6.666666666666667,10,36,1222
472.5802469135803,6.794444444444444,6.755830627130481,360,0.8516666666666667,6.944444444444445,11,36,1223
553.0061728395061,6.977777777777778,6.855154766254163,360,0.845,7.777777777777778,12,36,1224
544.2777777777778,7.338888888888889,6.917592530319557,360,0.8244444444444444,7.444444444444445,13,36,1225
447.641975308642,7.311111111111111,6.938888888888889,360,0.8233333333333333,7.166666666666667,14,36,1226
410.858024691358,7.644444444444444,6.917592530319557,360,0.8,7.555555555555555,15,36,1227
238.16049382716048,7.277777777777778,6.855154766254163,360,0.8077777777777777,7.111111111111111,16,36,1228
72.94444444444444,6.533333333333333,6.755830627130481,360,0.835,5.777777777777778,17,36,1229
1.8703703703703705,5.977777777777778,6.626388888888889,360,0.8644444444444445,4.611111111111111,18,36,1230
0.0,5.805555555555555,6.475650792077965,360,0.8727777777777778,5.388888888888889,19,36,1231
0.0,5.561111111111111,6.313888888888889,360,0.8805555555555555,5.777777777777778,20,36,1232
0.0,5.322222222222222,6.152126985699813,360,0.8838888888888888,6.0,21,36,1233
0.0,5.116666666666666,6.001388888888889,360,0.9038888888888889,5.944444444444445,22,36,1234
0.0,4.7444444444444445,5.871947150647297,360,0.9122222222222224,6.611111111111111,23,36,1235
0.0,4.65,5.772623011523615,360,0.9188888888888889,5.833333333333333,24,36,1236
0.0,4.511111111111111,5.779946557134654,360,0.9277777777777776,6.0,1,37,1237
0.0,4.477777777777778,5.761111111111111,360,0.9361111111111111,5.555555555555555,2,37,1238
0.0,4.372222222222223,5.779946557134654,360,0.935,5.444444444444445,3,37,1239
0.0,4.283333333333333,5.8351692906858235,360,0.9383333333333331,5.5,4,37,1240
0.0,4.266666666666667,5.923015973732991,360,0.935,5.5,5,37,1241
0.0,4.105555555555556,6.0375,360,0.9355555555555556,5.444444444444445,6,37,1242
0.0,3.983333333333333,6.1708194722905505,360,0.9311111111111111,5.611111111111111,7,37,1243
19.32716049382716,4.0,6.313888888888888,360,0.92,5.444444444444445,8,37,1244
155.24074074074076,4.738888888888889,6.456958305487226,360,0.9038888888888889,6.055555555555555,9,37,1245
320.45679012345687,5.483333333333333,6.590277777777777,360,0.8805555555555555,7.0,10,37,1246
483.80246913580254,6.361111111111111,6.704761804044785,360,0.8433333333333333,6.777777777777778,11,37,1247
525.5740740740741,7.233333333333332,6.792608487091953,360,0.7961111111111111,6.666666666666667,12,37,1248
552.3827160493827,7.733333333333332,6.847831220643123,360,0.7666666666666667,6.666666666666667,13,37,1249
481.9320987654321,7.894444444444444,6.866666666666665,360,0.7616666666666667,6.944444444444445,14,37,1250
389.037037037037,7.98888888888889,6.847831220643123,360,0.7644444444444445,6.888888888888889,15,37,1251
216.9629629629629,7.577777777777778,6.792608487091953,360,0.7905555555555556,6.611111111111111,16,37,1252
72.94444444444444,6.9,6.704761804044785,360,0.8172222222222223,6.277777777777778,17,37,1253
1.8703703703703705,6.0777777777777775,6.590277777777777,360,0.8455555555555556,5.944444444444445,18,37,1254
0.0,5.777777777777778,6.456958305487226,360,0.86,6.055555555555555,19,37,1255
0.6234567901234568,5.333333333333333,6.313888888888888,360,0.88,5.611111111111111,20,37,1256
0.0,5.133333333333334,6.1708194722905505,360,0.8933333333333333,6.055555555555555,21,37,1257
0.0,4.844444444444445,6.0375,360,0.9172222222222224,6.444444444444445,22,37,1258
0.0,4.638888888888889,5.9230159737329915,360,0.9255555555555556,5.666666666666667,23,37,1259
0.0,4.377777777777777,5.8351692906858235,360,0.9233333333333331,5.666666666666667,24,37,1260
0.0,3.955555555555556,5.4742963510965685,360,0.9261111111111111,5.666666666666667,1,38,1261
0.0,3.555555555555556,5.455555555555556,360,0.9333333333333331,5.777777777777778,2,38,1262
0.0,3.405555555555556,5.474296351096568,360,0.9305555555555556,5.444444444444445,3,38,1263
0.0,3.1166666666666667,5.529241583474114,360,0.9283333333333331,5.555555555555555,4,38,1264
0.0,2.8777777777777778,5.616646825902954,360,0.93,5.444444444444445,5,38,1265
0.0,3.0055555555555555,5.730555555555555,360,0.9238888888888889,5.222222222222222,6,38,1266
0.0,2.911111111111111,5.863205080749169,360,0.9161111111111111,5.166666666666667,7,38,1267
33.66666666666667,2.9944444444444445,6.0055555555555555,360,0.9055555555555556,5.166666666666667,8,38,1268
225.6913580246914,3.866666666666666,6.147906030361942,360,0.87,5.277777777777778,9,38,1269
424.5740740740741,4.911111111111111,6.280555555555556,360,0.8211111111111111,6.444444444444445,10,38,1270
609.1172839506172,5.822222222222222,6.394464285208157,360,0.7755555555555556,6.833333333333333,11,38,1271
668.3456790123457,6.622222222222223,6.481869527636997,360,0.7377777777777778,7.0,12,38,1272
672.0864197530864,6.988888888888889,6.536814760014543,360,0.715,7.166666666666667,13,38,1273
604.7530864197529,7.188888888888889,6.555555555555555,360,0.6883333333333332,7.277777777777778,14,38,1274
443.90123456790127,7.288888888888888,6.536814760014543,360,0.6933333333333332,7.111111111111111,15,38,1275
282.4259259259259,6.9944444444444445,6.481869527636997,360,0.7066666666666667,6.611111111111111,16,38,1276
79.17901234567901,5.955555555555556,6.394464285208157,360,0.7633333333333333,6.111111111111111,17,38,1277
1.2469135802469136,4.933333333333334,6.280555555555556,360,0.8255555555555556,4.888888888888889,18,38,1278
0.0,4.627777777777777,6.147906030361942,360,0.835,4.333333333333333,19,38,1279
0.0,4.311111111111111,6.0055555555555555,360,0.8527777777777777,4.5,20,38,1280
0.0,3.95,5.863205080749169,360,0.8577777777777778,4.722222222222222,21,38,1281
0.0,3.7666666666666666,5.730555555555556,360,0.8694444444444445,4.388888888888889,22,38,1282
0.0,3.6222222222222222,5.616646825902954,360,0.8655555555555555,4.444444444444445,23,38,1283
0.0,3.1944444444444446,5.529241583474114,360,0.8738888888888888,4.777777777777778,24,38,1284
0.0,3.088888888888889,5.1000206411724145,360,0.8822222222222222,4.555555555555555,1,39,1285
0.0,3.05,5.077777777777778,360,0.8983333333333333,4.777777777777778,2,39,1286
0.0,2.727777777777778,5.1000206411724145,360,0.9138888888888889,4.888888888888889,3,39,1287
0.0,2.45,5.165233416974047,360,0.9311111111111111,4.666666666666667,4,39,1288
0.0,2.3166666666666664,5.268971962281004,360,0.9388888888888889,5.0,5,39,1289
0.0,2.25,5.404166666666667,360,0.9394444444444444,4.944444444444445,6,39,1290
0.0,2.1166666666666663,5.561604234446966,360,0.9416666666666669,4.555555555555555,7,39,1291
34.29012345679013,2.361111111111111,5.730555555555556,360,0.9422222222222224,4.5,8,39,1292
163.96913580246914,3.3833333333333333,5.899506876664146,360,0.9288888888888889,4.722222222222222,9,39,1293
337.2901234567902,4.422222222222222,6.056944444444445,360,0.8883333333333333,5.555555555555555,10,39,1294
471.95679012345687,5.505555555555556,6.192139148830108,360,0.855,5.777777777777778,11,39,1295
554.8765432098766,6.377777777777777,6.295877694137064,360,0.8094444444444444,6.555555555555555,12,39,1296
549.8888888888889,6.766666666666667,6.361090469938698,360,0.7716666666666667,7.0,13,39,1297
525.5740740740741,7.061111111111111,6.383333333333334,360,0.7644444444444445,6.777777777777778,14,39,1298
418.96296296296305,7.094444444444445,6.361090469938698,360,0.7466666666666667,7.222222222222222,15,39,1299
264.3456790123457,6.638888888888889,6.295877694137064,360,0.77,6.222222222222222,16,39,1300
92.2716049382716,5.816666666666666,6.192139148830108,360,0.7872222222222223,5.944444444444445,17,39,1301
2.493827160493827,5.172222222222222,6.056944444444445,360,0.805,5.666666666666667,18,39,1302
0.0,4.572222222222222,5.899506876664146,360,0.8255555555555556,5.166666666666667,19,39,1303
0.0,4.094444444444445,5.730555555555556,360,0.8622222222222223,4.833333333333333,20,39,1304
0.0,3.9,5.561604234446966,360,0.8761111111111112,5.333333333333333,21,39,1305
0.0,3.538888888888889,5.404166666666668,360,0.8822222222222222,4.944444444444445,22,39,1306
0.0,3.272222222222222,5.268971962281005,360,0.9011111111111112,5.0,23,39,1307
0.0,2.7222222222222223,5.165233416974048,360,0.9155555555555556,4.777777777777778,24,39,1308
0.0,2.511111111111111,4.858131759756289,360,0.925,4.333333333333333,1,40,1309
0.0,2.338888888888889,4.833333333333333,360,0.9327777777777776,4.0,2,40,1310
0.0,2.2666666666666666,4.858131759756289,360,0.9433333333333331,4.444444444444445,3,40,1311
0.0,2.122222222222222,4.930837067245769,360,0.9461111111111111,4.388888888888889,4,40,1312
0.0,2.1722222222222225,5.046494509247568,360,0.9505555555555556,4.666666666666667,5,40,1313
0.0,1.8555555555555556,5.197222222222222,360,0.9438888888888889,4.5,6,40,1314
0.0,1.877777777777777,5.372748361619832,360,0.9422222222222224,4.444444444444445,7,40,1315
37.40740740740741,2.216666666666667,5.561111111111111,360,0.9377777777777776,5.166666666666667,8,40,1316
189.5308641975309,3.227777777777778,5.74947386060239,360,0.9288888888888889,5.555555555555555,9,40,1317
349.1358024691358,4.705555555555556,5.925,360,0.8855555555555555,6.333333333333333,10,40,1318
478.81481481481484,5.800000000000001,6.075727712974654,360,0.8338888888888889,7.277777777777778,11,40,1319
554.8765432098766,6.449999999999999,6.1913851549764525,360,0.8183333333333332,7.0,12,40,1320
531.8086419753085,7.1,6.264090462465933,360,0.7861111111111111,6.555555555555555,13,40,1321
478.81481481481484,7.455555555555555,6.288888888888889,360,0.7688888888888888,6.444444444444445,14,40,1322
411.48148148148147,7.6,6.264090462465933,360,0.7683333333333333,6.5,15,40,1323
243.14814814814815,7.277777777777778,6.1913851549764525,360,0.7894444444444444,6.555555555555555,16,40,1324
97.25925925925925,6.522222222222222,6.075727712974654,360,0.8005555555555556,6.166666666666667,17,40,1325
1.8703703703703705,5.383333333333334,5.925,360,0.8472222222222223,5.277777777777778,18,40,1326
0.0,5.216666666666667,5.74947386060239,360,0.8583333333333333,5.111111111111111,19,40,1327
0.0,4.816666666666666,5.561111111111111,360,0.87,5.055555555555555,20,40,1328
0.0,4.872222222222223,5.372748361619832,360,0.87,5.055555555555555,21,40,1329
0.0,4.5,5.197222222222222,360,0.8816666666666667,5.333333333333333,22,40,1330
0.0,4.2444444444444445,5.046494509247568,360,0.8922222222222222,5.722222222222222,23,40,1331
0.0,3.7277777777777774,4.930837067245769,360,0.9105555555555556,5.555555555555555,24,40,1332
0.0,3.466666666666667,4.984679081261173,360,0.9205555555555556,5.5,1,41,1333
0.0,3.3,4.961111111111112,360,0.9288888888888889,5.277777777777778,2,41,1334
0.6234567901234568,3.1944444444444446,4.984679081261173,360,0.9261111111111111,5.222222222222222,3,41,1335
0.0,2.977777777777778,5.0537768734935415,360,0.9338888888888889,5.055555555555555,4,41,1336
0.0,2.75,5.163695587457083,360,0.9411111111111111,4.944444444444445,5,41,1337
0.0,2.716666666666667,5.3069444444444445,360,0.9366666666666669,4.777777777777778,6,41,1338
0.0,2.7944444444444443,5.473761271581869,360,0.9322222222222224,4.944444444444445,7,41,1339
39.901234567901234,2.9000000000000004,5.652777777777779,360,0.9355555555555556,5.0,8,41,1340
222.57407407407402,3.6333333333333337,5.8317942839736885,360,0.9194444444444444,5.055555555555555,9,41,1341
405.8703703703704,4.783333333333333,5.998611111111112,360,0.8794444444444445,5.611111111111111,10,41,1342
523.0802469135804,5.811111111111111,6.1418599680984745,360,0.845,6.055555555555555,11,41,1343
687.0493827160493,6.772222222222222,6.251778682062016,360,0.8055555555555556,6.722222222222222,12,41,1344
697.648148148148,7.316666666666666,6.320876474294384,360,0.7638888888888888,7.277777777777778,13,41,1345
661.4876543209878,7.7666666666666675,6.344444444444445,360,0.7333333333333333,7.222222222222222,14,41,1346
480.6851851851852,7.649999999999999,6.320876474294384,360,0.7333333333333333,7.222222222222222,15,41,1347
315.4691358024691,7.25,6.251778682062016,360,0.7466666666666667,6.888888888888889,16,41,1348
109.72839506172842,6.0,6.1418599680984745,360,0.7955555555555556,6.5,17,41,1349
3.117283950617284,4.988888888888889,5.998611111111112,360,0.8255555555555556,5.111111111111111,18,41,1350
0.0,4.300000000000001,5.8317942839736885,360,0.8555555555555556,5.222222222222222,19,41,1351
0.0,3.711111111111111,5.652777777777779,360,0.8672222222222223,5.166666666666667,20,41,1352
0.0,3.3166666666666664,5.473761271581869,360,0.875,5.444444444444445,21,41,1353
0.6234567901234568,2.827777777777777,5.306944444444445,360,0.89,5.5,22,41,1354
0.0,2.427777777777778,5.163695587457083,360,0.9005555555555556,5.166666666666667,23,41,1355
0.0,2.1888888888888887,5.0537768734935415,360,0.91,4.833333333333333,24,41,1356
0.0,1.838888888888889,4.564160567724496,360,0.9161111111111111,4.222222222222222,1,42,1357
0.0,1.588888888888889,4.538888888888888,360,0.9122222222222224,4.277777777777778,2,42,1358
0.0,1.4833333333333334,4.564160567724496,360,0.9194444444444444,4.333333333333333,3,42,1359
0.0,1.2333333333333334,4.638253381082096,360,0.9266666666666669,4.444444444444445,4,42,1360
0.0,1.2055555555555555,4.756118026175532,360,0.925,4.388888888888889,5,42,1361
0.0,1.0888888888888888,4.909722222222221,360,0.9233333333333331,4.333333333333333,6,42,1362
0.0,1.072222222222222,5.088598097104519,360,0.9272222222222224,4.333333333333333,7,42,1363
43.641975308641975,1.3833333333333335,5.280555555555555,360,0.93,4.111111111111111,8,42,1364
222.57407407407402,2.4833333333333334,5.472513014006592,360,0.9094444444444444,4.777777777777778,9,42,1365
443.90123456790127,3.9722222222222223,5.651388888888889,360,0.8555555555555556,5.055555555555555,10,42,1366
631.5617283950617,5.183333333333334,5.804993084935578,360,0.7988888888888889,5.777777777777778,11,42,1367
722.5864197530864,6.038888888888889,5.922857730029014,360,0.7583333333333333,6.5,12,42,1368
720.0925925925927,6.705555555555556,5.996950543386614,360,0.7222222222222223,6.222222222222222,13,42,1369
627.1975308641975,6.894444444444444,6.022222222222222,360,0.7033333333333333,6.611111111111111,14,42,1370
551.7592592592591,7.216666666666667,5.996950543386614,360,0.6966666666666668,6.5,15,42,1371
325.44444444444446,6.788888888888889,5.922857730029014,360,0.7138888888888889,6.611111111111111,16,42,1372
115.33950617283953,5.827777777777778,5.804993084935578,360,0.7477777777777778,5.277777777777778,17,42,1373
7.481481481481482,4.477777777777778,5.651388888888889,360,0.7988888888888889,4.333333333333333,18,42,1374
0.0,3.7777777777777777,5.472513014006592,360,0.8388888888888889,3.388888888888889,19,42,1375
0.0,3.344444444444445,5.280555555555555,360,0.8561111111111112,3.0,20,42,1376
0.0,2.9000000000000004,5.088598097104519,360,0.8744444444444445,3.388888888888889,21,42,1377
0.0,2.433333333333333,4.909722222222221,360,0.8872222222222222,3.333333333333333,22,42,1378
0.0,2.2222222222222223,4.756118026175532,360,0.8877777777777777,3.111111111111111,23,42,1379
0.0,1.961111111111111,4.638253381082096,360,0.8866666666666667,3.388888888888889,24,42,1380
0.0,1.561111111111111,4.315391023997391,360,0.9,3.2222222222222223,1,43,1381
0.0,1.272222222222222,4.288888888888888,360,0.9094444444444444,3.1666666666666665,2,43,1382
0.0,1.0833333333333333,4.315391023997391,360,0.9144444444444444,3.1666666666666665,3,43,1383
0.0,0.8333333333333333,4.393091352612102,360,0.9266666666666669,3.2777777777777777,4,43,1384
0.0,0.7444444444444446,4.516694725743796,360,0.93,3.555555555555556,5,43,1385
0.0,0.6111111111111109,4.677777777777777,360,0.9388888888888889,3.5,6,43,1386
0.0,0.5666666666666668,4.865362964920261,360,0.9394444444444444,3.388888888888889,7,43,1387
44.888888888888886,1.0944444444444443,5.066666666666666,360,0.9372222222222224,3.2777777777777777,8,43,1388
211.97530864197532,2.2888888888888888,5.267970368413072,360,0.9177777777777776,3.888888888888889,9,43,1389
402.75308641975306,3.816666666666667,5.455555555555556,360,0.8788888888888888,4.333333333333333,10,43,1390
572.3333333333333,5.277777777777778,5.616638607589537,360,0.8111111111111111,4.277777777777778,11,43,1391
670.216049382716,6.438888888888889,5.74024198072123,360,0.7538888888888888,4.888888888888889,12,43,1392
673.9567901234568,6.922222222222222,5.817942309335942,360,0.7305555555555556,5.277777777777778,13,43,1393
692.6604938271606,7.422222222222222,5.844444444444445,360,0.7077777777777777,5.333333333333333,14,43,1394
463.85185185185185,7.394444444444444,5.817942309335942,360,0.7222222222222223,5.777777777777778,15,43,1395
278.0617283950618,7.050000000000001,5.74024198072123,360,0.7377777777777778,5.055555555555555,16,43,1396
129.679012345679,6.083333333333333,5.616638607589537,360,0.7633333333333333,4.166666666666667,17,43,1397
7.481481481481482,4.488888888888889,5.455555555555556,360,0.82,3.0,18,43,1398
0.0,3.961111111111111,5.267970368413072,360,0.8544444444444445,2.555555555555556,19,43,1399
0.0,3.65,5.066666666666666,360,0.8627777777777778,2.611111111111111,20,43,1400
0.0,3.4055555555555554,4.865362964920261,360,0.8822222222222222,2.2777777777777777,21,43,1401
0.0,3.0166666666666666,4.677777777777777,360,0.8888888888888888,2.111111111111111,22,43,1402
0.0,3.2333333333333334,4.516694725743796,360,0.8766666666666667,2.111111111111111,23,43,1403
0.0,3.0277777777777777,4.393091352612103,360,0.8816666666666667,2.1666666666666665,24,43,1404
0.0,2.6277777777777778,4.412391031470156,360,0.8911111111111112,2.1666666666666665,1,44,1405
0.0,2.35,4.383333333333334,360,0.9061111111111111,2.333333333333333,2,44,1406
0.0,2.4055555555555554,4.412391031470156,360,0.9122222222222224,2.5,3,44,1407
0.0,2.4055555555555554,4.497583891772715,360,0.9227777777777776,2.7777777777777777,4,44,1408
0.0,2.3777777777777778,4.63310616159925,360,0.9294444444444444,3.388888888888889,5,44,1409
0.0,2.533333333333333,4.809722222222223,360,0.9322222222222224,3.888888888888889,6,44,1410
0.0,2.761111111111111,5.015395980982017,360,0.9322222222222224,4.666666666666667,7,44,1411
49.25308641975309,3.338888888888889,5.236111111111112,360,0.9255555555555556,5.333333333333333,8,44,1412
188.9074074074074,4.322222222222222,5.456826241240206,360,0.9172222222222224,6.111111111111111,9,44,1413
367.216049382716,5.711111111111111,5.6625000000000005,360,0.8688888888888888,6.777777777777778,10,44,1414
526.1975308641975,6.577777777777778,5.839116060622973,360,0.8444444444444444,8.0,11,44,1415
682.0617283950618,7.594444444444444,5.974638330449508,360,0.7888888888888889,8.277777777777779,12,44,1416
634.6790123456791,8.261111111111111,6.059831190752067,360,0.7561111111111112,7.444444444444445,13,44,1417
595.4012345679012,8.75,6.0888888888888895,360,0.7322222222222223,7.722222222222222,14,44,1418
435.17283950617286,8.644444444444444,6.059831190752067,360,0.7388888888888888,7.277777777777778,15,44,1419
251.2530864197531,8.294444444444444,5.974638330449508,360,0.75,6.888888888888889,16,44,1420
91.0246913580247,7.477777777777778,5.839116060622973,360,0.7905555555555556,6.111111111111111,17,44,1421
6.234567901234568,6.533333333333333,5.6625000000000005,360,0.82,5.277777777777778,18,44,1422
0.0,6.261111111111111,5.456826241240206,360,0.8305555555555556,4.777777777777778,19,44,1423
0.0,5.844444444444445,5.236111111111112,360,0.8544444444444445,5.111111111111111,20,44,1424
0.0,5.416666666666667,5.015395980982017,360,0.8727777777777778,4.722222222222222,21,44,1425
0.0,5.138888888888889,4.809722222222223,360,0.8833333333333333,4.444444444444445,22,44,1426
0.0,4.833333333333333,4.63310616159925,360,0.8938888888888888,4.166666666666667,23,44,1427
0.0,4.538888888888889,4.497583891772715,360,0.9033333333333331,4.388888888888889,24,44,1428
0.0,4.111111111111111,4.9555103691591755,360,0.9216666666666669,3.9444444444444446,1,45,1429
0.0,3.938888888888889,4.927777777777779,360,0.9211111111111111,4.055555555555555,2,45,1430
0.0,3.711111111111111,4.9555103691591755,360,0.9255555555555556,3.9444444444444446,3,45,1431
0.0,3.511111111111111,5.036818213030999,360,0.9294444444444444,4.222222222222222,4,45,1432
0.0,3.3777777777777778,5.166160314200949,360,0.9333333333333331,4.0,5,45,1433
0.0,3.205555555555556,5.334722222222222,360,0.9366666666666669,4.277777777777778,6,45,1434
0.0,3.066666666666667,5.531016721624893,360,0.9405555555555556,4.111111111111111,7,45,1435
50.5,3.594444444444445,5.741666666666667,360,0.9277777777777776,4.222222222222222,8,45,1436
226.3148148148148,4.85,5.952316611708441,360,0.905,4.666666666666667,9,45,1437
440.1604938271605,6.266666666666667,6.148611111111111,360,0.8633333333333333,4.888888888888889,10,45,1438
590.4135802469137,7.449999999999999,6.317173019132385,360,0.8105555555555556,5.944444444444445,11,45,1439
670.8395061728396,8.411111111111111,6.446515120302335,360,0.7672222222222222,6.5,12,45,1440
651.5123456790124,9.077777777777778,6.527822964174159,360,0.7511111111111112,6.333333333333333,13,45,1441
637.1728395061729,9.511111111111113,6.555555555555555,360,0.74,6.5,14,45,1442
484.42592592592587,9.683333333333334,6.527822964174159,360,0.7177777777777777,6.222222222222222,15,45,1443
331.67901234567904,9.411111111111111,6.446515120302335,360,0.7244444444444444,6.222222222222222,16,45,1444
117.83333333333334,8.338888888888889,6.317173019132385,360,0.755,5.444444444444445,17,45,1445
8.104938271604938,6.972222222222222,6.148611111111111,360,0.8061111111111111,4.444444444444445,18,45,1446
0.0,6.366666666666667,5.952316611708441,360,0.8244444444444444,4.0,19,45,1447
0.0,5.944444444444445,5.741666666666667,360,0.8338888888888889,4.277777777777778,20,45,1448
0.0,5.511111111111111,5.531016721624893,360,0.8488888888888888,4.166666666666667,21,45,1449
0.0,4.877777777777777,5.334722222222223,360,0.8638888888888888,4.388888888888889,22,45,1450
0.0,4.383333333333334,5.166160314200949,360,0.8816666666666667,4.0,23,45,1451
0.0,4.050000000000001,5.036818213030999,360,0.8916666666666667,4.055555555555555,24,45,1452
0.0,4.094444444444445,4.8770700380036835,360,0.8855555555555555,4.166666666666667,1,46,1453
0.0,4.0,4.85,360,0.8911111111111112,4.333333333333333,2,46,1454
0.0,3.8777777777777778,4.8770700380036835,360,0.9066666666666668,4.555555555555555,3,46,1455
0.0,3.311111111111112,4.956435373660139,360,0.9233333333333331,4.5,4,46,1456
0.0,2.9388888888888887,5.082687390501797,360,0.9294444444444444,4.444444444444445,5,46,1457
0.0,2.772222222222222,5.247222222222221,360,0.9361111111111111,4.388888888888889,6,46,1458
0.0,3.077777777777777,5.43882709194633,360,0.9216666666666669,5.0,7,46,1459
61.098765432098766,3.9777777777777774,5.644444444444444,360,0.8983333333333333,5.277777777777778,8,46,1460
245.01851851851848,5.2444444444444445,5.8500617969425575,360,0.8761111111111112,5.833333333333333,9,46,1461
458.86419753086415,6.627777777777778,6.041666666666666,360,0.8433333333333333,6.388888888888889,10,46,1462
569.216049382716,7.838888888888889,6.20620149838709,360,0.8033333333333332,6.833333333333333,11,46,1463
718.8456790123457,8.944444444444445,6.332453515228748,360,0.7494444444444445,6.833333333333333,12,46,1464
719.4691358024692,9.661111111111111,6.411818850885204,360,0.7194444444444444,7.222222222222222,13,46,1465
627.8209876543209,9.905555555555557,6.438888888888888,360,0.71,7.333333333333333,14,46,1466
500.01234567901236,9.966666666666669,6.411818850885204,360,0.6972222222222223,6.777777777777778,15,46,1467
321.08024691358025,9.566666666666666,6.332453515228748,360,0.7161111111111111,6.111111111111111,16,46,1468
133.41975308641975,8.661111111111111,6.20620149838709,360,0.7511111111111112,5.611111111111111,17,46,1469
9.975308641975309,7.133333333333334,6.041666666666666,360,0.8072222222222223,4.611111111111111,18,46,1470
0.0,6.472222222222222,5.8500617969425575,360,0.8288888888888889,4.333333333333333,19,46,1471
0.0,6.166666666666667,5.644444444444444,360,0.8433333333333333,4.944444444444445,20,46,1472
0.0,5.438888888888889,5.43882709194633,360,0.8644444444444445,4.333333333333333,21,46,1473
0.0,5.105555555555556,5.247222222222222,360,0.8744444444444445,4.611111111111111,22,46,1474
0.0,4.822222222222222,5.082687390501798,360,0.8894444444444445,4.777777777777778,23,46,1475
0.0,4.394444444444445,4.95643537366014,360,0.9038888888888889,4.722222222222222,24,46,1476
0.0,4.233333333333333,5.042629721793723,360,0.9116666666666668,4.666666666666667,1,47,1477
0.0,4.038888888888889,5.011111111111111,360,0.915,4.722222222222222,2,47,1478
0.0,3.6666666666666665,5.042629721793723,360,0.9277777777777776,4.666666666666667,3,47,1479
0.0,3.455555555555556,5.135037612610505,360,0.9344444444444444,4.833333333333333,4,47,1480
0.0,3.4,5.282037338513554,360,0.9388888888888889,4.722222222222222,5,47,1481
0.0,3.338888888888889,5.4736111111111105,360,0.9438888888888889,5.166666666666667,6,47,1482
0.0,3.238888888888889,5.696703494391279,360,0.9461111111111111,5.055555555555555,7,47,1483
69.20370370370371,3.566666666666667,5.936111111111111,360,0.94,4.722222222222222,8,47,1484
273.074074074074,4.816666666666666,6.1755187278309425,360,0.9194444444444444,5.222222222222222,9,47,1485
478.81481481481484,6.211111111111111,6.398611111111111,360,0.8772222222222222,5.666666666666667,10,47,1486
721.9629629629629,7.827777777777778,6.590184883708667,360,0.8266666666666667,5.944444444444445,11,47,1487
817.3518518518517,9.3,6.737184609611717,360,0.775,6.0,12,47,1488
860.993827160494,10.122222222222222,6.8295925004284985,360,0.735,6.555555555555555,13,47,1489
745.0308641975308,10.544444444444444,6.861111111111111,360,0.7172222222222223,6.555555555555555,14,47,1490
556.746913580247,10.494444444444444,6.8295925004284985,360,0.7055555555555556,6.277777777777778,15,47,1491
324.82098765432096,10.088888888888889,6.737184609611717,360,0.7227777777777777,6.055555555555555,16,47,1492
120.95061728395065,9.2,6.590184883708667,360,0.7611111111111112,5.277777777777778,17,47,1493
8.104938271604938,8.066666666666666,6.398611111111111,360,0.8044444444444444,4.666666666666667,18,47,1494
0.0,7.5055555555555555,6.1755187278309425,360,0.8277777777777777,4.277777777777778,19,47,1495
0.0,7.105555555555556,5.936111111111111,360,0.8366666666666667,4.166666666666667,20,47,1496
0.0,6.833333333333333,5.696703494391279,360,0.8561111111111112,3.8333333333333335,21,47,1497
0.0,6.072222222222222,5.473611111111111,360,0.8911111111111112,4.0,22,47,1498
0.0,5.566666666666666,5.282037338513555,360,0.9077777777777776,3.611111111111111,23,47,1499
0.0,5.144444444444444,5.135037612610505,360,0.9155555555555556,3.4444444444444446,24,47,1500
0.0,5.205555555555556,5.560432194250754,360,0.9183333333333331,3.7222222222222223,1,48,1501
0.0,4.988888888888889,5.527777777777777,360,0.9233333333333331,3.7222222222222223,2,48,1502
0.0,4.688888888888889,5.560432194250754,360,0.9272222222222224,3.9444444444444446,3,48,1503
0.6234567901234568,4.511111111111111,5.656170099151024,360,0.9355555555555556,3.888888888888889,4,48,1504
0.0,4.305555555555555,5.808467112474002,360,0.94,4.222222222222222,5,48,1505
0.0,4.127777777777777,6.006944444444444,360,0.9383333333333331,4.333333333333333,6,48,1506
0.6234567901234568,3.983333333333333,6.238076192887862,360,0.9394444444444444,4.555555555555555,7,48,1507
65.46296296296296,4.505555555555556,6.486111111111111,360,0.9372222222222224,4.555555555555555,8,48,1508
258.73456790123464,5.766666666666667,6.73414602933436,360,0.9088888888888889,4.444444444444445,9,48,1509
483.80246913580254,7.23888888888889,6.965277777777778,360,0.8672222222222223,4.5,10,48,1510
677.6975308641975,8.644444444444444,7.163755109748219,360,0.8011111111111111,5.055555555555555,11,48,1511
811.7407407407408,9.755555555555556,7.316052123071198,360,0.7416666666666667,5.722222222222222,12,48,1512
792.4135802469137,10.494444444444444,7.411790027971468,360,0.7127777777777777,6.111111111111111,13,48,1513
758.1234567901236,10.833333333333334,7.444444444444445,360,0.685,5.833333333333333,14,48,1514
592.9074074074075,10.95,7.411790027971468,360,0.6755555555555556,5.5,15,48,1515
390.90740740740745,10.622222222222222,7.316052123071198,360,0.6844444444444444,4.888888888888889,16,48,1516
145.88888888888889,9.383333333333333,7.163755109748219,360,0.7322222222222223,4.277777777777778,17,48,1517
12.469135802469136,7.538888888888888,6.965277777777778,360,0.8055555555555556,3.2222222222222223,18,48,1518
0.0,6.861111111111111,6.73414602933436,360,0.8466666666666667,2.833333333333333,19,48,1519
0.0,6.311111111111111,6.486111111111111,360,0.8527777777777777,3.055555555555556,20,48,1520
0.0,5.922222222222222,6.238076192887862,360,0.8638888888888888,2.9444444444444446,21,48,1521
0.0,5.572222222222222,6.006944444444445,360,0.87,2.9444444444444446,22,48,1522
0.0,5.211111111111111,5.808467112474003,360,0.8811111111111112,3.1666666666666665,23,48,1523
0.0,5.116666666666667,5.656170099151024,360,0.8905555555555555,3.388888888888889,24,48,1524
0.0,5.194444444444445,5.736316962377924,360,0.8861111111111112,3.7777777777777777,1,49,1525
0.0,4.944444444444445,5.705555555555556,360,0.8961111111111112,4.055555555555555,2,49,1526
0.0,4.577777777777778,5.736316962377924,360,0.9083333333333331,3.7777777777777777,3,49,1527
0.0,4.327777777777778,5.826504843805715,360,0.9233333333333331,3.333333333333333,4,49,1528
0.0,4.222222222222222,5.969973044762144,360,0.935,3.555555555555556,5,49,1529
0.0,4.188888888888889,6.156944444444443,360,0.9405555555555556,3.6666666666666665,6,49,1530
0.0,4.177777777777778,6.374677250949112,360,0.9411111111111111,3.888888888888889,7,49,1531
53.61728395061729,4.65,6.6083333333333325,360,0.935,3.7777777777777777,8,49,1532
226.3148148148148,5.822222222222222,6.841989415717553,360,0.9166666666666669,4.611111111111111,9,49,1533
431.43209876543204,7.233333333333332,7.059722222222221,360,0.8844444444444445,5.555555555555555,10,49,1534
563.604938271605,8.533333333333333,7.246693621904521,360,0.8344444444444444,5.611111111111111,11,49,1535
580.4382716049382,9.05,7.39016182286095,360,0.8083333333333332,6.333333333333333,12,49,1536
577.320987654321,9.52777777777778,7.480349704288741,360,0.7988888888888889,6.0,13,49,1537
583.5555555555555,9.988888888888887,7.511111111111109,360,0.7738888888888888,6.722222222222222,14,49,1538
485.04938271604937,10.338888888888889,7.480349704288741,360,0.7688888888888888,6.222222222222222,15,49,1539
321.7037037037037,10.05,7.39016182286095,360,0.7688888888888888,5.777777777777778,16,49,1540
147.1358024691358,9.127777777777778,7.246693621904521,360,0.8033333333333332,5.277777777777778,17,49,1541
12.469135802469136,7.661111111111111,7.059722222222221,360,0.8538888888888888,3.9444444444444446,18,49,1542
0.0,6.9944444444444445,6.841989415717553,360,0.8861111111111112,3.1666666666666665,19,49,1543
0.0,6.411111111111111,6.6083333333333325,360,0.9077777777777776,3.0,20,49,1544
0.0,5.994444444444444,6.374677250949112,360,0.9205555555555556,3.0,21,49,1545
0.0,5.605555555555555,6.156944444444444,360,0.9311111111111111,3.055555555555556,22,49,1546
0.0,5.144444444444444,5.969973044762144,360,0.9388888888888889,2.9444444444444446,23,49,1547
0.0,4.866666666666666,5.826504843805715,360,0.945,2.9444444444444446,24,49,1548
0.0,4.672222222222222,5.902983629044592,360,0.9527777777777776,2.9444444444444446,1,50,1549
0.0,4.361111111111111,5.872222222222224,360,0.9616666666666669,2.9444444444444446,2,50,1550
0.0,4.188888888888889,5.902983629044592,360,0.9627777777777776,2.7777777777777777,3,50,1551
0.0,4.122222222222223,5.993171510472383,360,0.97,2.888888888888889,4,50,1552
0.0,4.194444444444445,6.136639711428812,360,0.9716666666666669,2.833333333333333,5,50,1553
0.0,4.061111111111111,6.323611111111111,360,0.9694444444444444,3.055555555555556,6,50,1554
0.0,4.155555555555555,6.54134391761578,360,0.9683333333333332,2.6666666666666665,7,50,1555
62.34567901234568,4.672222222222222,6.775,360,0.9655555555555556,3.055555555555556,8,50,1556
236.91358024691354,5.755555555555556,7.0086560823842206,360,0.9433333333333331,3.333333333333333,9,50,1557
428.31481481481484,7.061111111111111,7.226388888888889,360,0.9044444444444444,3.7777777777777777,10,50,1558
565.4753086419752,8.305555555555555,7.413360288571189,360,0.8427777777777777,4.833333333333333,11,50,1559
665.8518518518521,9.18888888888889,7.556828489527618,360,0.7766666666666667,5.277777777777778,12,50,1560
653.3827160493827,10.016666666666667,7.647016370955408,360,0.7383333333333333,5.388888888888889,13,50,1561
630.3148148148148,10.411111111111111,7.677777777777777,360,0.7166666666666667,5.388888888888889,14,50,1562
571.0864197530863,10.566666666666666,7.647016370955408,360,0.7055555555555556,5.555555555555555,15,50,1563
321.08024691358025,10.233333333333333,7.556828489527618,360,0.7233333333333333,5.0,16,50,1564
140.90123456790124,9.372222222222222,7.413360288571189,360,0.7666666666666667,4.333333333333333,17,50,1565
15.58641975308642,7.7555555555555555,7.226388888888889,360,0.8255555555555556,3.333333333333333,18,50,1566
0.0,6.9,7.0086560823842206,360,0.8488888888888888,2.9444444444444446,19,50,1567
0.0,6.677777777777778,6.775,360,0.8683333333333333,2.9444444444444446,20,50,1568
0.0,6.288888888888889,6.54134391761578,360,0.8805555555555555,3.1666666666666665,21,50,1569
0.0,6.133333333333334,6.323611111111112,360,0.8844444444444445,3.611111111111111,22,50,1570
0.0,5.722222222222222,6.136639711428812,360,0.9044444444444444,3.6666666666666665,23,50,1571
0.0,5.561111111111111,5.993171510472383,360,0.9127777777777776,3.6666666666666665,24,50,1572
0.0,5.372222222222223,6.159958941838101,360,0.9288888888888889,3.9444444444444446,1,51,1573
0.0,5.327777777777778,6.127777777777776,360,0.9355555555555556,4.111111111111111,2,51,1574
0.0,5.216666666666667,6.159958941838101,360,0.9422222222222224,3.9444444444444446,3,51,1575
0.0,5.011111111111111,6.254309340870251,360,0.9477777777777776,4.055555555555555,4,51,1576
0.0,5.216666666666667,6.404399151101592,360,0.9516666666666669,3.8333333333333335,5,51,1577
0.0,5.172222222222222,6.599999999999999,360,0.9488888888888889,4.0,6,51,1578
1.2469135802469136,5.144444444444444,6.827782012958729,360,0.9483333333333331,4.5,7,51,1579
80.42592592592592,5.7444444444444445,7.072222222222221,360,0.9405555555555556,4.722222222222222,8,51,1580
275.567901234568,7.038888888888889,7.316662431485713,360,0.9111111111111111,5.388888888888889,9,51,1581
454.5,8.205555555555556,7.544444444444443,360,0.8638888888888888,6.055555555555555,10,51,1582
570.462962962963,9.344444444444443,7.740045293342849,360,0.825,6.5,11,51,1583
684.5555555555557,10.316666666666666,7.890135103574191,360,0.7866666666666667,6.944444444444445,12,51,1584
644.0308641975308,10.944444444444445,7.984485502606341,360,0.7677777777777777,7.0,13,51,1585
609.7407407407409,11.5,8.016666666666666,360,0.7344444444444445,7.555555555555555,14,51,1586
546.7716049382717,11.716666666666669,7.984485502606341,360,0.7188888888888889,6.888888888888889,15,51,1587
349.7592592592593,11.366666666666667,7.890135103574191,360,0.7344444444444445,7.111111111111111,16,51,1588
141.52469135802468,10.344444444444443,7.740045293342849,360,0.7783333333333333,6.777777777777778,17,51,1589
14.962962962962964,8.977777777777778,7.544444444444443,360,0.835,5.777777777777778,18,51,1590
0.0,8.261111111111111,7.316662431485713,360,0.865,5.055555555555555,19,51,1591
0.0,7.911111111111111,7.072222222222221,360,0.8672222222222223,5.5,20,51,1592
0.0,7.477777777777778,6.827782012958729,360,0.8683333333333333,5.333333333333333,21,51,1593
0.0,6.988888888888889,6.6,360,0.8838888888888888,5.222222222222222,22,51,1594
0.0,6.622222222222223,6.404399151101593,360,0.8977777777777777,4.833333333333333,23,51,1595
0.0,6.133333333333334,6.254309340870251,360,0.9133333333333331,4.222222222222222,24,51,1596
0.0,5.655555555555555,6.240926013108177,360,0.9261111111111111,4.333333333333333,1,52,1597
0.0,5.344444444444445,6.211111111111112,360,0.9288888888888889,4.333333333333333,2,52,1598
0.0,4.944444444444445,6.240926013108177,360,0.9277777777777776,3.9444444444444446,3,52,1599
0.0,4.722222222222222,6.328338882799728,360,0.9272222222222224,4.0,4,52,1600
0.0,4.466666666666667,6.4673926775728825,360,0.9266666666666669,3.7222222222222223,5,52,1601
0.0,4.122222222222223,6.648611111111111,360,0.9294444444444444,3.4444444444444446,6,52,1602
1.8703703703703705,4.127777777777777,6.859644446646406,360,0.9344444444444444,3.5,7,52,1603
92.89506172839508,4.605555555555556,7.086111111111112,360,0.9233333333333331,4.111111111111111,8,52,1604
292.4012345679013,6.061111111111111,7.312577775575818,360,0.905,4.611111111111111,9,52,1605
480.0617283950618,7.472222222222222,7.523611111111112,360,0.8533333333333333,5.111111111111111,10,52,1606
639.0432098765432,8.738888888888889,7.704829544649342,360,0.7988888888888889,5.833333333333333,11,52,1607
748.1481481481483,9.694444444444445,7.843883339422496,360,0.7527777777777778,6.111111111111111,12,52,1608
693.2839506172841,10.066666666666666,7.9312962091140475,360,0.7183333333333333,6.611111111111111,13,52,1609
611.6111111111111,10.333333333333334,7.961111111111112,360,0.7011111111111111,6.222222222222222,14,52,1610
495.0246913580247,10.405555555555557,7.9312962091140475,360,0.6888888888888889,6.277777777777778,15,52,1611
340.4074074074074,9.894444444444444,7.843883339422496,360,0.715,6.444444444444445,16,52,1612
142.77160493827157,8.983333333333333,7.704829544649342,360,0.7661111111111112,5.722222222222222,17,52,1613
15.58641975308642,7.794444444444445,7.523611111111112,360,0.815,4.611111111111111,18,52,1614
0.0,7.05,7.312577775575818,360,0.8466666666666667,4.5,19,52,1615
0.0,6.505555555555556,7.086111111111112,360,0.865,4.5,20,52,1616
0.0,6.238888888888889,6.859644446646406,360,0.875,4.0,21,52,1617
0.0,5.866666666666666,6.648611111111112,360,0.8933333333333333,4.055555555555555,22,52,1618
0.0,5.572222222222222,6.4673926775728825,360,0.9016666666666668,3.9444444444444446,23,52,1619
0.0,5.35,6.328338882799728,360,0.9055555555555556,4.0,24,52,1620
0.0,5.044444444444444,6.244493908530594,360,0.91,3.4444444444444446,1,53,1621
0.0,4.794444444444444,6.216666666666667,360,0.9122222222222224,3.888888888888889,2,53,1622
0.0,4.716666666666667,6.244493908530594,360,0.9227777777777776,3.7777777777777777,3,53,1623
0.0,4.544444444444444,6.326079253576041,360,0.9288888888888889,4.0,4,53,1624
0.0,4.444444444444445,6.455862795364319,360,0.93,3.9444444444444446,5,53,1625
0.0,4.238888888888889,6.624999999999999,360,0.94,3.6666666666666665,6,53,1626
0.6234567901234568,4.194444444444445,6.821964446499608,360,0.9377777777777776,3.8333333333333335,7,53,1627
82.91975308641976,5.077777777777778,7.033333333333333,360,0.9266666666666669,4.055555555555555,8,53,1628
237.53703703703704,6.1,7.244702220167058,360,0.915,4.944444444444445,9,53,1629
412.1049382716049,7.533333333333333,7.441666666666666,360,0.8755555555555555,5.5,10,53,1630
562.9814814814814,8.744444444444445,7.610803871302347,360,0.8372222222222223,6.0,11,53,1631
653.3827160493827,9.655555555555557,7.740587413090625,360,0.7988888888888889,6.833333333333333,12,53,1632
686.4259259259258,10.211111111111112,7.822172758136072,360,0.7627777777777777,7.055555555555555,13,53,1633
628.4444444444443,10.266666666666667,7.85,360,0.7438888888888888,7.222222222222222,14,53,1634
500.01234567901236,10.316666666666666,7.822172758136072,360,0.7411111111111112,7.055555555555555,15,53,1635
320.45679012345687,10.038888888888888,7.740587413090625,360,0.7422222222222223,6.722222222222222,16,53,1636
145.88888888888889,9.272222222222222,7.610803871302347,360,0.7683333333333333,6.277777777777778,17,53,1637
16.209876543209877,8.194444444444445,7.441666666666666,360,0.8361111111111111,5.333333333333333,18,53,1638
0.0,7.544444444444445,7.244702220167058,360,0.8444444444444444,5.055555555555555,19,53,1639
0.0,6.977777777777778,7.033333333333333,360,0.885,4.888888888888889,20,53,1640
0.0,6.727777777777778,6.821964446499608,360,0.8961111111111112,4.388888888888889,21,53,1641
0.0,6.094444444444445,6.625,360,0.9127777777777776,4.166666666666667,22,53,1642
0.0,5.866666666666666,6.455862795364319,360,0.9183333333333331,4.111111111111111,23,53,1643
0.0,5.699999999999999,6.326079253576041,360,0.9288888888888889,4.333333333333333,24,53,1644
0.0,5.544444444444444,6.546670869628792,360,0.9288888888888889,4.277777777777778,1,54,1645
0.0,5.294444444444444,6.516666666666666,360,0.9327777777777776,4.0,2,54,1646
0.0,5.35,6.546670869628792,360,0.9283333333333331,4.277777777777778,3,54,1647
0.0,5.177777777777778,6.634638741667591,360,0.9433333333333331,4.055555555555555,4,54,1648
0.0,5.088888888888889,6.774575417677401,360,0.9461111111111111,4.111111111111111,5,54,1649
0.0,5.044444444444444,6.956944444444444,360,0.9488888888888889,4.5,6,54,1650
1.2469135802469136,5.005555555555556,7.169317674173613,360,0.95,4.333333333333333,7,54,1651
68.58024691358023,5.588888888888889,7.397222222222222,360,0.9483333333333331,4.555555555555555,8,54,1652
234.41975308641975,6.488888888888889,7.625126770270831,360,0.9227777777777776,5.611111111111111,9,54,1653
440.1604938271605,7.427777777777777,7.8375,360,0.8894444444444445,6.222222222222222,10,54,1654
572.3333333333333,8.3,8.019869026767044,360,0.8716666666666667,6.5,11,54,1655
637.7962962962964,9.038888888888888,8.159805702776854,360,0.8266666666666667,6.666666666666667,12,54,1656
725.7037037037038,9.783333333333331,8.247773574815652,360,0.7883333333333333,7.222222222222222,13,54,1657
622.2098765432099,9.833333333333334,8.277777777777779,360,0.7766666666666667,7.222222222222222,14,54,1658
511.2345679012346,9.755555555555556,8.247773574815652,360,0.775,6.944444444444445,15,54,1659
294.8950617283951,9.405555555555557,8.159805702776854,360,0.7961111111111111,6.277777777777778,16,54,1660
135.91358024691357,9.022222222222222,8.019869026767044,360,0.8138888888888889,5.388888888888889,17,54,1661
15.58641975308642,8.027777777777779,7.8375,360,0.8533333333333333,4.777777777777778,18,54,1662
0.0,7.305555555555555,7.625126770270831,360,0.8811111111111112,4.0,19,54,1663
0.0,7.144444444444444,7.397222222222222,360,0.8927777777777777,4.055555555555555,20,54,1664
0.0,6.672222222222222,7.169317674173613,360,0.9094444444444444,4.111111111111111,21,54,1665
0.0,6.566666666666666,6.956944444444444,360,0.9238888888888889,3.7222222222222223,22,54,1666
0.0,6.405555555555555,6.774575417677401,360,0.9205555555555556,3.5,23,54,1667
0.0,6.233333333333333,6.634638741667591,360,0.9133333333333331,4.055555555555555,24,54,1668
0.0,5.972222222222222,6.701847823254226,360,0.9177777777777776,3.7777777777777777,1,55,1669
0.0,5.883333333333334,6.672222222222221,360,0.9172222222222224,4.277777777777778,2,55,1670
0.0,5.722222222222222,6.701847823254226,360,0.92,4.0,3,55,1671
0.0,5.633333333333334,6.788705690598529,360,0.9255555555555556,4.555555555555555,4,55,1672
0.0,5.483333333333333,6.926876604135028,360,0.9194444444444444,4.666666666666667,5,55,1673
0.0,5.544444444444444,7.106944444444443,360,0.9183333333333331,4.888888888888889,6,55,1674
3.117283950617284,5.227777777777778,7.316637885785863,360,0.9244444444444444,4.722222222222222,7,55,1675
91.0246913580247,5.888888888888889,7.541666666666666,360,0.9188888888888889,4.833333333333333,8,55,1676
293.02469135802465,7.122222222222222,7.766695447547469,360,0.8955555555555555,5.888888888888889,9,55,1677
538.0432098765432,8.45,7.976388888888889,360,0.8561111111111112,6.5,10,55,1678
671.462962962963,9.377777777777778,8.156456729198304,360,0.8055555555555556,6.666666666666667,11,55,1679
721.3395061728395,10.116666666666667,8.294627642734804,360,0.7738888888888888,7.333333333333333,12,55,1680
741.2901234567902,10.605555555555556,8.381485510079106,360,0.7333333333333333,7.444444444444445,13,55,1681
603.5061728395062,10.755555555555556,8.411111111111111,360,0.7272222222222223,7.666666666666667,14,55,1682
466.34567901234567,10.411111111111111,8.381485510079106,360,0.7427777777777778,7.555555555555555,15,55,1683
311.10493827160496,10.272222222222222,8.294627642734804,360,0.7494444444444445,6.777777777777778,16,55,1684
145.88888888888889,9.683333333333334,8.156456729198304,360,0.7722222222222223,6.222222222222222,17,55,1685
18.080246913580247,8.583333333333334,7.976388888888889,360,0.8216666666666668,5.166666666666667,18,55,1686
0.0,8.044444444444444,7.766695447547469,360,0.8316666666666667,4.777777777777778,19,55,1687
0.0,7.672222222222222,7.541666666666666,360,0.8411111111111111,4.222222222222222,20,55,1688
0.0,6.9944444444444445,7.316637885785863,360,0.8555555555555556,4.388888888888889,21,55,1689
0.0,6.472222222222222,7.106944444444443,360,0.8672222222222223,4.388888888888889,22,55,1690
0.0,6.016666666666667,6.926876604135028,360,0.8877777777777777,3.8333333333333335,23,55,1691
0.0,5.877777777777777,6.788705690598529,360,0.9127777777777776,4.444444444444445,24,55,1692
0.0,5.666666666666667,6.814728470619679,360,0.9266666666666669,4.444444444444445,1,56,1693
0.0,5.394444444444444,6.78888888888889,360,0.9222222222222224,4.444444444444445,2,56,1694
0.0,5.105555555555556,6.814728470619679,360,0.9277777777777776,4.333333333333333,3,56,1695
0.0,5.116666666666666,6.890486291019023,360,0.9177777777777776,4.611111111111111,4,56,1696
0.0,4.966666666666667,7.010999579822424,360,0.9283333333333331,4.555555555555555,5,56,1697
0.0,4.933333333333334,7.168055555555555,360,0.9238888888888889,5.0,6,56,1698
3.117283950617284,4.827777777777778,7.350951113019478,360,0.9283333333333331,4.833333333333333,7,56,1699
86.03703703703704,5.561111111111112,7.5472222222222225,360,0.9138888888888889,5.333333333333333,8,56,1700
259.358024691358,6.544444444444444,7.743493331424967,360,0.8822222222222222,5.5,9,56,1701
417.71604938271605,7.572222222222223,7.926388888888889,360,0.8372222222222223,6.333333333333333,10,56,1702
572.9567901234568,8.383333333333333,8.08344486462202,360,0.7977777777777777,7.0,11,56,1703
680.1913580246913,9.166666666666666,8.203958153425422,360,0.77,7.166666666666667,12,56,1704
700.7654320987654,9.7,8.279715973824766,360,0.7411111111111112,6.611111111111111,13,56,1705
660.8641975308641,10.133333333333333,8.305555555555555,360,0.7244444444444444,6.444444444444445,14,56,1706
549.2654320987654,10.266666666666667,8.279715973824766,360,0.7072222222222223,6.277777777777778,15,56,1707
352.25308641975306,9.988888888888887,8.203958153425422,360,0.7316666666666667,5.833333333333333,16,56,1708
167.7098765432099,9.144444444444444,8.08344486462202,360,0.7616666666666667,5.611111111111111,17,56,1709
22.444444444444443,7.772222222222222,7.926388888888889,360,0.7961111111111111,5.111111111111111,18,56,1710
0.0,6.877777777777777,7.743493331424967,360,0.835,4.277777777777778,19,56,1711
0.0,6.3277777777777775,7.5472222222222225,360,0.8516666666666667,4.166666666666667,20,56,1712
0.0,6.283333333333333,7.350951113019478,360,0.8438888888888889,4.166666666666667,21,56,1713
0.0,5.65,7.168055555555556,360,0.8577777777777778,4.222222222222222,22,56,1714
0.0,5.416666666666667,7.010999579822424,360,0.8677777777777778,4.277777777777778,23,56,1715
0.0,4.888888888888889,6.890486291019023,360,0.8866666666666667,4.222222222222222,24,56,1716
0.0,4.616666666666667,6.461917779057504,360,0.9,4.444444444444445,1,57,1717
0.0,4.416666666666667,6.433333333333334,360,0.9116666666666668,4.555555555555555,2,57,1718
0.0,4.238888888888889,6.461917779057504,360,0.9155555555555556,4.166666666666667,3,57,1719
0.0,4.116666666666666,6.5457231334919435,360,0.91,4.055555555555555,4,57,1720
0.0,4.033333333333333,6.679038200226841,360,0.9061111111111111,4.222222222222222,5,57,1721
0.0,3.744444444444445,6.852777777777778,360,0.9088888888888889,4.111111111111111,6,57,1722
4.987654320987654,3.5444444444444443,7.055101801052886,360,0.9155555555555556,4.166666666666667,7,57,1723
110.97530864197532,4.45,7.272222222222222,360,0.895,4.0,8,57,1724
332.9259259259259,5.655555555555555,7.489342643391559,360,0.8644444444444445,5.666666666666667,9,57,1725
579.1913580246915,7.177777777777777,7.691666666666666,360,0.8144444444444444,6.666666666666667,10,57,1726
753.1358024691358,8.283333333333333,7.865406244217604,360,0.7494444444444445,7.111111111111111,11,57,1727
865.358024691358,9.13888888888889,7.998721310952501,360,0.6977777777777777,7.5,12,57,1728
882.1913580246915,9.616666666666667,8.08252666538694,360,0.6716666666666667,7.833333333333333,13,57,1729
806.753086419753,10.022222222222222,8.11111111111111,360,0.6472222222222223,8.277777777777779,14,57,1730
663.9814814814814,9.944444444444445,8.08252666538694,360,0.6327777777777778,8.777777777777779,15,57,1731
487.54320987654313,9.577777777777778,7.998721310952501,360,0.6438888888888888,8.444444444444445,16,57,1732
223.19753086419752,8.594444444444443,7.865406244217604,360,0.6705555555555556,7.777777777777778,17,57,1733
27.4320987654321,7.205555555555555,7.691666666666666,360,0.7338888888888888,6.722222222222222,18,57,1734
0.0,6.316666666666666,7.489342643391559,360,0.7905555555555556,4.833333333333333,19,57,1735
0.0,5.65,7.272222222222222,360,0.8205555555555556,4.722222222222222,20,57,1736
0.6234567901234568,5.294444444444444,7.055101801052886,360,0.8283333333333333,5.111111111111111,21,57,1737
0.0,4.861111111111111,6.852777777777778,360,0.8438888888888889,4.888888888888889,22,57,1738
0.0,4.388888888888889,6.679038200226841,360,0.8516666666666667,4.611111111111111,23,57,1739
0.0,4.022222222222222,6.5457231334919435,360,0.8611111111111112,4.611111111111111,24,57,1740
0.0,3.716666666666667,5.958255233152556,360,0.8716666666666667,4.444444444444445,1,58,1741
0.0,3.4000000000000004,5.927777777777779,360,0.8788888888888888,4.444444444444445,2,58,1742
0.0,3.1944444444444446,5.958255233152556,360,0.8888888888888888,4.611111111111111,3,58,1743
0.0,2.922222222222222,6.047610611059475,360,0.895,4.611111111111111,4,58,1744
0.0,2.7555555555555555,6.189754490160921,360,0.8988888888888888,4.555555555555555,5,58,1745
0.0,2.55,6.375,360,0.9055555555555556,4.722222222222222,6,58,1746
3.740740740740741,2.411111111111111,6.590722965213857,360,0.9127777777777776,5.111111111111111,7,58,1747
119.70370370370368,3.522222222222222,6.822222222222223,360,0.8938888888888888,5.166666666666667,8,58,1748
344.14814814814815,5.199999999999999,7.053721479230589,360,0.8316666666666667,6.833333333333333,9,58,1749
557.3703703703702,6.511111111111111,7.269444444444445,360,0.7938888888888889,7.611111111111111,10,58,1750
750.6419753086419,7.683333333333333,7.454689954283523,360,0.7244444444444444,8.277777777777779,11,58,1751
877.2037037037038,8.733333333333333,7.596833833384971,360,0.6794444444444444,7.888888888888889,12,58,1752
852.8888888888889,9.283333333333331,7.6861892112918895,360,0.6466666666666667,7.833333333333333,13,58,1753
799.2716049382717,9.544444444444444,7.716666666666667,360,0.6388888888888888,7.777777777777778,14,58,1754
667.0987654320987,9.65,7.6861892112918895,360,0.6272222222222222,7.555555555555555,15,58,1755
432.679012345679,9.36111111111111,7.596833833384971,360,0.6372222222222222,7.333333333333333,16,58,1756
220.08024691358025,8.605555555555556,7.454689954283523,360,0.6794444444444444,6.944444444444445,17,58,1757
31.17283950617284,6.927777777777778,7.269444444444445,360,0.7411111111111112,5.833333333333333,18,58,1758
0.0,6.016666666666667,7.053721479230589,360,0.7966666666666667,4.611111111111111,19,58,1759
0.0,5.383333333333334,6.822222222222223,360,0.8216666666666668,4.5,20,58,1760
0.0,4.9944444444444445,6.590722965213857,360,0.8194444444444444,4.777777777777778,21,58,1761
0.0,5.2444444444444445,6.375000000000001,360,0.8138888888888889,4.833333333333333,22,58,1762
0.0,4.683333333333334,6.189754490160922,360,0.835,4.888888888888889,23,58,1763
0.0,4.2444444444444445,6.047610611059475,360,0.8538888888888888,5.333333333333333,24,58,1764
0.0,3.9222222222222234,5.94827992783181,360,0.8672222222222223,5.166666666666667,1,59,1765
0.0,3.466666666666667,5.916666666666668,360,0.8766666666666667,5.0,2,59,1766
0.0,3.1555555555555554,5.94827992783181,360,0.89,5.5,3,59,1767
0.0,3.0388888888888888,6.040965319822216,360,0.8977777777777777,5.5,4,59,1768
0.0,2.844444444444444,6.188406486343593,360,0.9,6.055555555555555,5,59,1769
0.0,2.4944444444444445,6.3805555555555555,360,0.9027777777777776,5.888888888888889,6,59,1770
4.987654320987654,2.4944444444444445,6.604317885932662,360,0.8994444444444444,5.666666666666667,7,59,1771
130.92592592592592,3.588888888888889,6.844444444444445,360,0.8788888888888888,6.055555555555555,8,59,1772
359.1111111111111,4.955555555555556,7.084571002956228,360,0.8477777777777777,6.444444444444445,9,59,1773
623.4567901234568,6.372222222222223,7.308333333333334,360,0.7866666666666667,7.333333333333333,10,59,1774
782.4382716049383,7.699999999999999,7.500482402545297,360,0.7216666666666667,8.277777777777779,11,59,1775
887.179012345679,8.600000000000001,7.647923569066674,360,0.69,8.666666666666666,12,59,1776
943.2901234567902,9.266666666666667,7.74060896105708,360,0.6627777777777777,8.61111111111111,13,59,1777
771.8395061728394,9.261111111111113,7.772222222222222,360,0.6788888888888889,8.5,14,59,1778
621.5864197530863,9.488888888888887,7.74060896105708,360,0.6738888888888889,8.055555555555555,15,59,1779
433.9259259259259,9.47222222222222,7.647923569066674,360,0.6733333333333333,7.888888888888889,16,59,1780
207.61111111111114,8.588888888888889,7.500482402545297,360,0.715,7.166666666666667,17,59,1781
33.66666666666667,7.272222222222222,7.308333333333334,360,0.7827777777777777,6.166666666666667,18,59,1782
0.0,6.4944444444444445,7.084571002956228,360,0.8261111111111111,5.611111111111111,19,59,1783
0.0,6.005555555555556,6.844444444444445,360,0.8577777777777778,5.444444444444445,20,59,1784
0.0,5.811111111111111,6.604317885932662,360,0.8611111111111112,5.277777777777778,21,59,1785
0.0,5.655555555555555,6.380555555555556,360,0.8644444444444445,4.944444444444445,22,59,1786
0.0,5.405555555555555,6.188406486343593,360,0.8727777777777778,4.888888888888889,23,59,1787
0.0,5.15,6.040965319822216,360,0.8911111111111112,5.055555555555555,24,59,1788
0.0,7.219999999999999,7.4682815641800735,360,0.922,5.4,1,60,1789
0.0,6.74,7.4399999999999995,360,0.9279999999999999,6.0,2,60,1790
0.0,6.8,7.4682815641800735,360,0.9259999999999999,5.8,3,60,1791
0.0,6.34,7.551198914858916,360,0.932,6.4,4,60,1792
0.0,6.0600000000000005,7.683101371615165,360,0.932,6.2,5,60,1793
0.0,6.16,7.8549999999999995,360,0.934,7.0,6,60,1794
2.2444444444444445,6.220000000000001,8.055180192564908,360,0.922,6.2,7,60,1795
92.02222222222221,6.779999999999999,8.27,360,0.9279999999999999,6.4,8,60,1796
246.8888888888889,7.52,8.484819807435091,360,0.934,8.6,9,60,1797
489.28888888888883,9.0,8.684999999999999,360,0.866,8.4,10,60,1798
610.4888888888888,9.72,8.856898628384833,360,0.8420000000000001,9.0,11,60,1799
724.9555555555555,10.42,8.988801085141084,360,0.784,9.0,12,60,1800
767.6000000000001,10.98,9.071718435819927,360,0.7759999999999999,8.6,13,60,1801
749.6444444444444,11.64,9.1,360,0.748,8.8,14,60,1802
619.4666666666667,11.7,9.071718435819927,360,0.7340000000000001,8.4,15,60,1803
435.4222222222222,11.22,8.988801085141084,360,0.7340000000000001,8.6,16,60,1804
215.46666666666664,10.42,8.856898628384833,360,0.742,8.2,17,60,1805
31.42222222222222,8.72,8.684999999999999,360,0.7959999999999999,7.0,18,60,1806
0.0,7.959999999999999,8.484819807435091,360,0.828,6.2,19,60,1807
0.0,7.639999999999999,8.27,360,0.85,5.8,20,60,1808
0.0,7.1,8.055180192564908,360,0.872,5.2,21,60,1809
0.0,6.5,7.8549999999999995,360,0.9,5.0,22,60,1810
0.0,6.7,7.683101371615166,360,0.8959999999999999,5.4,23,60,1811
0.0,6.279999999999999,7.551198914858916,360,0.9079999999999999,5.6,24,60,1812
0.0,4.735294117647059,6.1882179680772,360,0.8958823529411766,5.352941176470588,1,61,1813
0.0,4.511764705882353,6.152941176470588,360,0.9141176470588236,5.176470588235294,2,61,1814
0.0,4.3,6.1882179680772,360,0.9329411764705884,4.823529411764706,3,61,1815
0.0,4.164705882352941,6.291644287846698,360,0.9447058823529412,5.294117647058823,4,61,1816
0.0,3.947058823529412,6.4561718030068675,360,0.9482352941176473,5.235294117647059,5,61,1817
0.0,4.0,6.670588235294117,360,0.9458823529411764,5.117647058823529,6,61,1818
6.601307189542484,4.129411764705883,6.920281459187978,360,0.9464705882352941,4.941176470588236,7,61,1819
91.75816993464052,4.852941176470588,7.188235294117647,360,0.9382352941176473,5.647058823529412,8,61,1820
264.0522875816993,5.923529411764706,7.456189129047316,360,0.9070588235294116,6.470588235294118,9,61,1821
421.16339869281046,7.194117647058824,7.7058823529411775,360,0.86,6.352941176470588,10,61,1822
519.5228758169934,8.305882352941175,7.920298785228426,360,0.8247058823529412,6.941176470588236,11,61,1823
630.4248366013072,9.358823529411763,8.084826300388595,360,0.7729411764705882,7.470588235294118,12,61,1824
718.8823529411766,10.029411764705882,8.188252620158096,360,0.73,7.882352941176471,13,61,1825
640.9869281045752,10.235294117647058,8.223529411764707,360,0.7288235294117646,7.352941176470588,14,61,1826
569.0326797385621,10.652941176470588,8.188252620158096,360,0.723529411764706,7.352941176470588,15,61,1827
338.64705882352945,10.458823529411765,8.084826300388595,360,0.7264705882352941,7.411764705882353,16,61,1828
192.7581699346405,9.9,7.920298785228426,360,0.7558823529411766,7.176470588235294,17,61,1829
30.366013071895424,8.964705882352941,7.7058823529411775,360,0.7976470588235294,6.294117647058823,18,61,1830
0.0,7.876470588235295,7.456189129047316,360,0.8488235294117646,6.0,19,61,1831
0.0,7.505882352941176,7.188235294117647,360,0.8547058823529412,5.764705882352941,20,61,1832
0.0,7.041176470588235,6.920281459187978,360,0.8711764705882353,5.823529411764706,21,61,1833
0.0,6.841176470588235,6.670588235294118,360,0.8852941176470588,5.529411764705882,22,61,1834
0.0,6.68235294117647,6.456171803006868,360,0.8952941176470588,5.705882352941177,23,61,1835
0.0,6.405882352941177,6.291644287846698,360,0.9123529411764706,5.411764705882353,24,61,1836
0.0,6.347058823529412,6.739725571956911,360,0.9152941176470588,5.647058823529412,1,62,1837
0.0,6.211764705882353,6.711764705882352,360,0.9158823529411764,5.705882352941177,2,62,1838
0.0,6.117647058823529,6.739725571956911,360,0.9205882352941175,5.764705882352941,3,62,1839
0.0,6.011764705882353,6.821702683365122,360,0.9241176470588236,6.0588235294117645,4,62,1840
0.0,5.852941176470588,6.952109435438097,360,0.9247058823529412,6.0,5,62,1841
0.0,5.470588235294118,7.122058823529411,360,0.9247058823529412,6.0588235294117645,6,62,1842
7.261437908496733,5.352941176470588,7.319969077695284,360,0.9217647058823527,5.823529411764706,7,62,1843
110.90196078431374,5.941176470588236,7.5323529411764705,360,0.9088235294117646,5.882352941176471,8,62,1844
283.8562091503268,6.688235294117647,7.744736804657657,360,0.8835294117647059,6.176470588235294,9,62,1845
467.37254901960785,7.623529411764705,7.94264705882353,360,0.8352941176470589,6.647058823529412,10,62,1846
620.5228758169934,8.523529411764706,8.112596446914845,360,0.7835294117647059,6.882352941176471,11,62,1847
639.0065359477125,8.841176470588236,8.24300319898782,360,0.7641176470588235,7.117647058823529,12,62,1848
681.2549019607844,9.41764705882353,8.32498031039603,360,0.7252941176470589,7.176470588235294,13,62,1849
605.3398692810457,9.447058823529412,8.352941176470589,360,0.7176470588235294,6.705882352941177,14,62,1850
568.372549019608,9.505882352941176,8.32498031039603,360,0.7117647058823529,7.294117647058823,15,62,1851
376.2745098039216,9.470588235294118,8.24300319898782,360,0.7058823529411765,6.294117647058823,16,62,1852
179.55555555555554,8.941176470588236,8.112596446914845,360,0.7276470588235294,5.941176470588236,17,62,1853
33.66666666666667,7.717647058823529,7.94264705882353,360,0.7882352941176471,4.882352941176471,18,62,1854
0.0,6.723529411764706,7.744736804657657,360,0.8388235294117646,4.588235294117647,19,62,1855
0.0,6.205882352941177,7.5323529411764705,360,0.8682352941176471,4.176470588235294,20,62,1856
0.0,6.264705882352941,7.319969077695284,360,0.86,4.235294117647059,21,62,1857
0.0,5.929411764705883,7.122058823529412,360,0.8805882352941177,4.470588235294118,22,62,1858
0.0,5.782352941176471,6.952109435438097,360,0.88,4.411764705882353,23,62,1859
0.0,5.741176470588235,6.821702683365122,360,0.8794117647058823,4.882352941176471,24,62,1860
0.0,5.482352941176471,6.673947808245515,360,0.8888235294117647,5.176470588235294,1,63,1861
0.0,5.005882352941176,6.641176470588237,360,0.91,4.470588235294118,2,63,1862
0.0,4.688235294117647,6.673947808245514,360,0.9158823529411764,4.647058823529412,3,63,1863
0.0,4.570588235294117,6.770028508713202,360,0.9311764705882354,4.647058823529412,4,63,1864
0.0,4.647058823529412,6.922870831035292,360,0.9252941176470588,4.705882352941177,5,63,1865
0.0,4.464705882352941,7.122058823529412,360,0.9352941176470588,4.764705882352941,6,63,1866
8.581699346405228,4.6000000000000005,7.354018153680812,360,0.9347058823529412,4.647058823529412,7,63,1867
136.6470588235294,5.711764705882352,7.602941176470589,360,0.9088235294117646,5.529411764705882,8,63,1868
285.83660130718954,6.352941176470588,7.851864199260366,360,0.8923529411764706,5.941176470588236,9,63,1869
507.640522875817,7.623529411764705,8.083823529411765,360,0.8564705882352941,6.882352941176471,10,63,1870
713.6013071895424,8.829411764705881,8.283011521905886,360,0.806470588235294,7.176470588235294,11,63,1871
848.2679738562092,9.764705882352942,8.435853844227974,360,0.7470588235294118,7.823529411764706,12,63,1872
835.7254901960785,10.270588235294117,8.531934544695662,360,0.7058823529411765,7.529411764705882,13,63,1873
747.9281045751634,10.505882352941176,8.564705882352941,360,0.6894117647058823,7.411764705882353,14,63,1874
641.6470588235295,10.81764705882353,8.531934544695662,360,0.6741176470588235,7.588235294117647,15,63,1875
448.8888888888889,10.6,8.435853844227974,360,0.6776470588235294,7.294117647058823,16,63,1876
205.9607843137254,9.735294117647058,8.283011521905886,360,0.7147058823529412,6.176470588235294,17,63,1877
29.705882352941174,8.4,8.083823529411765,360,0.7794117647058824,4.647058823529412,18,63,1878
0.0,7.364705882352942,7.851864199260366,360,0.8270588235294117,4.0,19,63,1879
0.0,6.882352941176471,7.602941176470589,360,0.8576470588235294,3.411764705882353,20,63,1880
0.0,6.847058823529412,7.354018153680812,360,0.8617647058823529,4.647058823529412,21,63,1881
0.0,6.570588235294117,7.122058823529413,360,0.8641176470588234,4.529411764705882,22,63,1882
0.0,6.082352941176471,6.922870831035292,360,0.8794117647058823,4.823529411764706,23,63,1883
0.0,5.641176470588236,6.770028508713202,360,0.8982352941176471,4.823529411764706,24,63,1884
0.0,5.588235294117647,6.706736471943239,360,0.9052941176470588,5.352941176470588,1,64,1885
0.0,5.347058823529412,6.6764705882352935,360,0.9170588235294116,5.352941176470588,2,64,1886
0.0,5.0588235294117645,6.706736471943239,360,0.9223529411764706,5.705882352941177,3,64,1887
0.0,4.68235294117647,6.795471553109116,360,0.9270588235294116,5.176470588235294,4,64,1888
0.0,4.594117647058823,6.936628682593125,360,0.9288235294117646,5.117647058823529,5,64,1889
0.0,4.358823529411764,7.120588235294117,360,0.9305882352941175,5.294117647058823,6,64,1890
13.202614379084968,4.117647058823529,7.3348136717030545,360,0.9329411764705884,5.294117647058823,7,64,1891
134.00653594771242,4.870588235294117,7.564705882352941,360,0.92,5.411764705882353,8,64,1892
336.66666666666663,6.047058823529412,7.794598093002827,360,0.8888235294117647,6.0,9,64,1893
491.79738562091495,6.870588235294117,8.008823529411764,360,0.8505882352941176,6.705882352941177,10,64,1894
751.2287581699346,8.129411764705882,8.192783082112756,360,0.7823529411764706,6.941176470588236,11,64,1895
825.8235294117648,8.947058823529412,8.333940211596765,360,0.7317647058823529,7.352941176470588,12,64,1896
821.8627450980392,9.264705882352942,8.422675292762642,360,0.7152941176470589,7.647058823529412,13,64,1897
744.6274509803922,9.470588235294118,8.452941176470588,360,0.6982352941176471,8.352941176470589,14,64,1898
611.9411764705883,9.7,8.422675292762642,360,0.6976470588235294,8.235294117647058,15,64,1899
448.8888888888889,9.25294117647059,8.333940211596765,360,0.7070588235294117,8.176470588235293,16,64,1900
242.9281045751634,8.523529411764706,8.192783082112756,360,0.74,7.9411764705882355,17,64,1901
40.26797385620915,7.347058823529412,8.008823529411764,360,0.7705882352941177,7.176470588235294,18,64,1902
0.0,6.458823529411765,7.794598093002827,360,0.8070588235294117,6.0588235294117645,19,64,1903
0.0,6.041176470588235,7.564705882352941,360,0.821764705882353,5.470588235294118,20,64,1904
0.0,5.547058823529412,7.3348136717030545,360,0.8364705882352941,5.647058823529412,21,64,1905
0.0,4.994117647058824,7.120588235294118,360,0.8617647058823529,4.882352941176471,22,64,1906
0.0,4.605882352941176,6.936628682593125,360,0.8764705882352941,4.764705882352941,23,64,1907
0.0,4.4,6.795471553109116,360,0.8876470588235295,4.588235294117647,24,64,1908
0.0,3.994117647058824,6.1216079407227655,360,0.9035294117647059,4.588235294117647,1,65,1909
0.0,3.8705882352941177,6.088235294117647,360,0.9111764705882354,4.823529411764706,2,65,1910
0.0,3.611764705882353,6.1216079407227655,360,0.9247058823529412,5.235294117647059,3,65,1911
0.0,3.476470588235294,6.219451589822888,360,0.9258823529411764,5.0588235294117645,4,65,1912
0.0,3.388235294117647,6.375098358426116,360,0.9294117647058825,5.176470588235294,5,65,1913
0.0,3.217647058823529,6.5779411764705875,360,0.9335294117647059,4.882352941176471,6,65,1914
12.542483660130719,3.423529411764706,6.814156641120178,360,0.9317647058823527,5.294117647058823,7,65,1915
150.50980392156865,4.394117647058824,7.067647058823529,360,0.9105882352941176,5.882352941176471,8,65,1916
380.2352941176471,5.81764705882353,7.32113747652688,360,0.863529411764706,7.352941176470588,9,65,1917
571.0130718954249,6.852941176470588,7.557352941176471,360,0.8088235294117646,7.705882352941177,10,65,1918
724.8235294117648,7.847058823529412,7.760195759220942,360,0.7482352941176471,7.764705882352941,11,65,1919
840.3464052287582,8.470588235294118,7.915842527824171,360,0.7123529411764706,8.0,12,65,1920
814.6013071895425,8.905882352941177,8.013686176924294,360,0.6770588235294117,8.529411764705882,13,65,1921
707.0000000000001,9.223529411764709,8.047058823529412,360,0.6617647058823529,7.764705882352941,14,65,1922
625.8039215686275,9.4,8.013686176924294,360,0.6511764705882354,7.882352941176471,15,65,1923
490.4771241830065,9.147058823529411,7.915842527824171,360,0.6488235294117647,7.529411764705882,16,65,1924
252.83006535947715,8.700000000000001,7.760195759220942,360,0.6635294117647059,7.0,17,65,1925
44.888888888888886,6.794117647058823,7.557352941176471,360,0.7535294117647059,5.882352941176471,18,65,1926
0.0,6.188235294117647,7.32113747652688,360,0.7805882352941177,4.470588235294118,19,65,1927
0.0,5.652941176470588,7.067647058823529,360,0.8023529411764706,4.882352941176471,20,65,1928
0.0,5.364705882352942,6.814156641120178,360,0.821764705882353,4.647058823529412,21,65,1929
0.0,5.070588235294117,6.577941176470588,360,0.8305882352941176,4.588235294117647,22,65,1930
0.0,4.5588235294117645,6.375098358426117,360,0.8441176470588235,4.352941176470588,23,65,1931
0.0,4.164705882352941,6.219451589822888,360,0.8552941176470589,4.117647058823529,24,65,1932
0.0,3.652941176470588,5.917930387257003,360,0.8717647058823529,4.0588235294117645,1,66,1933
0.0,3.4000000000000004,5.882352941176471,360,0.8847058823529411,4.0588235294117645,2,66,1934
0.0,2.864705882352941,5.917930387257003,360,0.8970588235294117,4.0,3,66,1935
0.0,2.7411764705882358,6.022238181342718,360,0.9041176470588236,3.5294117647058822,4,66,1936
0.0,2.6882352941176477,6.188167919643457,360,0.9123529411764706,3.4705882352941178,5,66,1937
0.0,2.682352941176471,6.404411764705882,360,0.9211764705882354,4.117647058823529,6,66,1938
17.163398692810457,2.8529411764705883,6.656233055848839,360,0.9223529411764706,4.0588235294117645,7,66,1939
192.7581699346405,4.141176470588236,6.926470588235294,360,0.9017647058823528,4.647058823529412,8,66,1940
425.78431372549016,5.629411764705883,7.19670812062175,360,0.8458823529411765,5.235294117647059,9,66,1941
677.9542483660131,7.082352941176471,7.4485294117647065,360,0.7776470588235295,6.294117647058823,10,66,1942
812.6209150326797,7.882352941176471,7.6647732568271305,360,0.7229411764705883,7.0588235294117645,11,66,1943
798.0980392156863,8.270588235294117,7.83070299512787,360,0.7076470588235294,7.588235294117647,12,66,1944
854.2091503267975,8.799999999999999,7.935010789213586,360,0.6929411764705883,7.352941176470588,13,66,1945
774.9934640522875,9.058823529411764,7.970588235294118,360,0.6741176470588235,7.176470588235294,14,66,1946
660.1307189542483,9.4,7.935010789213586,360,0.6629411764705883,6.411764705882353,15,66,1947
429.7450980392157,9.211764705882352,7.83070299512787,360,0.6647058823529411,6.0,16,66,1948
207.94117647058826,8.629411764705882,7.6647732568271305,360,0.691764705882353,5.764705882352941,17,66,1949
46.20915032679738,7.247058823529412,7.4485294117647065,360,0.7511764705882353,5.176470588235294,18,66,1950
0.0,6.323529411764706,7.19670812062175,360,0.7788235294117647,4.470588235294118,19,66,1951
0.0,5.7176470588235295,6.926470588235294,360,0.7952941176470588,4.352941176470588,20,66,1952
0.0,5.288235294117648,6.656233055848839,360,0.8052941176470588,4.529411764705882,21,66,1953
0.0,4.805882352941176,6.404411764705883,360,0.8241176470588235,4.235294117647059,22,66,1954
0.0,4.241176470588235,6.188167919643458,360,0.85,3.823529411764706,23,66,1955
0.0,3.894117647058824,6.022238181342718,360,0.8629411764705882,3.882352941176471,24,66,1956
0.0,3.735294117647059,5.99780839286339,360,0.8623529411764705,3.882352941176471,1,67,1957
0.0,3.2764705882352945,5.958823529411765,360,0.8670588235294118,4.117647058823529,2,67,1958
0.0,2.894117647058824,5.99780839286339,360,0.8894117647058823,3.5294117647058822,3,67,1959
0.0,2.6882352941176477,6.1121062291995685,360,0.9017647058823528,3.4705882352941178,4,67,1960
0.0,2.594117647058824,6.293927829760097,360,0.8988235294117647,3.7058823529411766,5,67,1961
0.0,2.423529411764706,6.530882352941176,360,0.9094117647058825,3.823529411764706,6,67,1962
16.503267973856207,2.623529411764706,6.806821739573881,360,0.9141176470588236,3.588235294117647,7,67,1963
179.55555555555554,3.6705882352941175,7.102941176470588,360,0.8858823529411766,4.411764705882353,8,67,1964
444.92810457516345,5.347058823529412,7.399060613367295,360,0.823529411764706,5.235294117647059,9,67,1965
703.0392156862746,7.035294117647059,7.675,360,0.7411764705882353,5.647058823529412,10,67,1966
830.4444444444446,8.223529411764707,7.911954523181079,360,0.693529411764706,5.764705882352941,11,67,1967
914.9411764705883,9.335294117647058,8.093776123741607,360,0.6576470588235295,6.235294117647059,12,67,1968
967.0915032679737,9.676470588235292,8.208073960077787,360,0.64,6.588235294117647,13,67,1969
825.8235294117648,10.370588235294118,8.24705882352941,360,0.6329411764705882,6.705882352941177,14,67,1970
674.6535947712418,10.33529411764706,8.208073960077787,360,0.6247058823529412,6.764705882352941,15,67,1971
449.5490196078432,10.41764705882353,8.093776123741607,360,0.6223529411764706,6.470588235294118,16,67,1972
212.56209150326796,9.43529411764706,7.911954523181079,360,0.6735294117647059,5.941176470588236,17,67,1973
40.26797385620915,8.352941176470589,7.675,360,0.7223529411764705,4.941176470588236,18,67,1974
0.0,7.358823529411764,7.399060613367295,360,0.7747058823529411,4.705882352941177,19,67,1975
0.0,6.611764705882353,7.102941176470588,360,0.8152941176470588,4.176470588235294,20,67,1976
0.0,6.258823529411765,6.806821739573881,360,0.8288235294117646,3.941176470588236,21,67,1977
0.0,5.958823529411765,6.530882352941177,360,0.8423529411764705,4.176470588235294,22,67,1978
0.0,5.4,6.293927829760097,360,0.86,4.0588235294117645,23,67,1979
0.0,5.111764705882353,6.1121062291995685,360,0.8658823529411765,4.294117647058823,24,67,1980
0.0,4.935294117647059,6.4063966360698466,360,0.8717647058823529,4.176470588235294,1,68,1981
0.0,4.858823529411764,6.364705882352942,360,0.8764705882352941,4.882352941176471,2,68,1982
0.0,4.694117647058824,6.4063966360698466,360,0.89,5.0,3,68,1983
0.0,4.552941176470589,6.528627741251981,360,0.8958823529411766,4.764705882352941,4,68,1984
0.0,4.364705882352942,6.723069350077636,360,0.9017647058823528,5.0,5,68,1985
0.0,3.888235294117647,6.976470588235294,360,0.9129411764705884,4.588235294117647,6,68,1986
18.483660130718956,4.035294117647059,7.271562580109857,360,0.9141176470588236,4.882352941176471,7,68,1987
192.09803921568627,5.652941176470588,7.588235294117648,360,0.8823529411764706,5.352941176470588,8,68,1988
450.8692810457517,7.552941176470589,7.904908008125438,360,0.8194117647058823,6.470588235294118,9,68,1989
678.6143790849673,8.882352941176471,8.200000000000001,360,0.7594117647058823,7.0588235294117645,10,68,1990
829.7843137254902,10.011764705882351,8.453401238157658,360,0.7011764705882354,8.0,11,68,1991
959.1699346405229,10.923529411764704,8.647842846983314,360,0.6805882352941177,7.9411764705882355,12,68,1992
920.8823529411766,11.552941176470588,8.770073952165449,360,0.6588235294117646,8.176470588235293,13,68,1993
861.4705882352941,11.764705882352942,8.811764705882354,360,0.6476470588235295,8.058823529411764,14,68,1994
627.7843137254902,11.75294117647059,8.770073952165449,360,0.6517647058823529,7.882352941176471,15,68,1995
438.326797385621,11.4,8.647842846983314,360,0.6711764705882354,7.0,16,68,1996
238.30718954248368,10.911764705882351,8.453401238157658,360,0.686470588235294,6.705882352941177,17,68,1997
52.81045751633985,9.470588235294118,8.200000000000001,360,0.743529411764706,5.470588235294118,18,68,1998
0.0,8.494117647058824,7.904908008125438,360,0.7923529411764706,5.352941176470588,19,68,1999
0.0,8.070588235294117,7.588235294117648,360,0.8,4.882352941176471,20,68,2000
0.0,7.623529411764705,7.271562580109857,360,0.81,5.470588235294118,21,68,2001
0.0,7.070588235294117,6.976470588235295,360,0.8311764705882354,5.411764705882353,22,68,2002
0.0,6.658823529411765,6.723069350077637,360,0.8452941176470589,5.235294117647059,23,68,2003
0.0,6.388235294117648,6.528627741251981,360,0.87,4.882352941176471,24,68,2004
0.0,6.147058823529412,6.978958716144181,360,0.8811764705882353,5.0588235294117645,1,69,2005
0.0,6.041176470588235,6.941176470588236,360,0.8888235294117647,5.352941176470588,2,69,2006
0.0,5.747058823529412,6.978958716144181,360,0.906470588235294,5.294117647058823,3,69,2007
0.0,5.5,7.089730655215491,360,0.9141176470588236,5.764705882352941,4,69,2008
0.0,5.170588235294118,7.26594336321374,360,0.9188235294117646,5.235294117647059,5,69,2009
0.0,5.064705882352941,7.495588235294118,360,0.9047058823529411,4.941176470588236,6,69,2010
20.4640522875817,5.458823529411765,7.7630153529304415,360,0.8976470588235295,4.941176470588236,7,69,2011
174.9346405228758,6.517647058823529,8.05,360,0.8811764705882353,6.0588235294117645,8,69,2012
398.05882352941177,7.917647058823529,8.33698464706956,360,0.8305882352941176,6.764705882352941,9,69,2013
635.0457516339869,9.305882352941175,8.604411764705883,360,0.7823529411764706,7.470588235294118,10,69,2014
823.1830065359479,10.429411764705884,8.834056636786261,360,0.7311764705882353,7.9411764705882355,11,69,2015
938.045751633987,11.323529411764708,9.010269344784511,360,0.6829411764705883,7.588235294117647,12,69,2016
908.3398692810456,11.48235294117647,9.12104128385582,360,0.6670588235294117,7.529411764705882,13,69,2017
894.4771241830064,11.870588235294118,9.158823529411766,360,0.6476470588235295,7.0588235294117645,14,69,2018
739.346405228758,12.13529411764706,9.12104128385582,360,0.6311764705882353,6.823529411764706,15,69,2019
469.35294117647055,11.664705882352942,9.010269344784511,360,0.6511764705882354,6.882352941176471,16,69,2020
256.1307189542483,11.052941176470588,8.834056636786261,360,0.6817647058823529,6.176470588235294,17,69,2021
58.751633986928105,9.529411764705882,8.604411764705883,360,0.7464705882352941,4.705882352941177,18,69,2022
0.0,8.547058823529412,8.33698464706956,360,0.7917647058823529,4.235294117647059,19,69,2023
0.0,7.8,8.05,360,0.821764705882353,4.823529411764706,20,69,2024
0.0,7.052941176470589,7.7630153529304415,360,0.8476470588235294,4.529411764705882,21,69,2025
0.0,6.552941176470589,7.495588235294119,360,0.8664705882352941,4.470588235294118,22,69,2026
0.0,6.405882352941177,7.265943363213741,360,0.8770588235294118,4.823529411764706,23,69,2027
0.0,6.176470588235294,7.089730655215491,360,0.8923529411764706,5.117647058823529,24,69,2028
0.0,5.835294117647059,7.152021887008381,360,0.9076470588235295,5.411764705882353,1,70,2029
0.0,5.605882352941176,7.117647058823529,360,0.9170588235294116,5.235294117647059,2,70,2030
0.0,5.18235294117647,7.152021887008381,360,0.9188235294117646,5.0588235294117645,3,70,2031
0.0,5.176470588235294,7.252803783829227,360,0.926470588235294,5.117647058823529,4,70,2032
0.0,5.270588235294118,7.4131246295676885,360,0.9311764705882354,5.647058823529412,5,70,2033
0.0,5.135294117647058,7.622058823529411,360,0.936470588235294,5.294117647058823,6,70,2034
23.764705882352942,5.494117647058823,7.865367845675987,360,0.9341176470588236,5.647058823529412,7,70,2035
190.77777777777777,7.047058823529412,8.126470588235295,360,0.8870588235294118,6.588235294117647,8,70,2036
405.98039215686276,8.36470588235294,8.387573330794602,360,0.8617647058823529,6.588235294117647,9,70,2037
587.516339869281,9.370588235294118,8.630882352941178,360,0.8252941176470588,7.882352941176471,10,70,2038
703.6993464052288,10.223529411764709,8.8398165469029,360,0.7758823529411765,7.882352941176471,11,70,2039
820.5424836601309,10.870588235294118,9.000137392641362,360,0.7305882352941176,7.9411764705882355,12,70,2040
821.8627450980392,11.394117647058822,9.100919289462208,360,0.7129411764705883,7.588235294117647,13,70,2041
701.0588235294118,11.3,9.13529411764706,360,0.7111764705882354,7.705882352941177,14,70,2042
512.921568627451,11.223529411764709,9.100919289462208,360,0.7258823529411765,7.705882352941177,15,70,2043
343.2679738562092,10.91764705882353,9.000137392641362,360,0.7382352941176471,7.705882352941177,16,70,2044
205.9607843137254,10.270588235294117,8.8398165469029,360,0.7747058823529411,7.117647058823529,17,70,2045
51.49019607843135,9.282352941176471,8.630882352941178,360,0.8076470588235294,5.764705882352941,18,70,2046
0.0,8.676470588235293,8.387573330794602,360,0.8382352941176471,4.705882352941177,19,70,2047
0.0,8.25294117647059,8.126470588235295,360,0.86,4.588235294117647,20,70,2048
0.0,7.905882352941177,7.865367845675987,360,0.8776470588235294,4.764705882352941,21,70,2049
0.0,7.68235294117647,7.622058823529412,360,0.8911764705882353,4.764705882352941,22,70,2050
0.0,7.235294117647059,7.4131246295676885,360,0.9117647058823528,4.882352941176471,23,70,2051
0.0,6.9,7.252803783829227,360,0.9241176470588236,4.705882352941177,24,70,2052
0.0,7.064705882352942,7.550348696702086,360,0.9323529411764706,5.0,1,71,2053
0.0,7.023529411764706,7.511764705882354,360,0.9411764705882354,5.294117647058823,2,71,2054
0.0,6.894117647058824,7.550348696702085,360,0.9476470588235294,5.294117647058823,3,71,2055
0.0,6.723529411764706,7.663471233949974,360,0.9529411764705884,5.176470588235294,4,71,2056
0.0,6.517647058823529,7.8434232036564095,360,0.9576470588235294,5.235294117647059,5,71,2057
0.0,6.370588235294117,8.077941176470588,360,0.9623529411764706,5.235294117647059,6,71,2058
23.10457516339869,6.805882352941176,8.3510431401045,360,0.9558823529411764,5.705882352941177,7,71,2059
174.27450980392155,7.876470588235295,8.644117647058824,360,0.9405882352941175,6.176470588235294,8,71,2060
376.9346405228758,9.094117647058823,8.937192154013148,360,0.9,6.764705882352941,9,71,2061
570.3529411764705,10.076470588235296,9.21029411764706,360,0.8547058823529412,7.411764705882353,10,71,2062
733.4052287581701,10.923529411764704,9.444812090461237,360,0.806470588235294,7.588235294117647,11,71,2063
841.0065359477123,11.764705882352942,9.624764060167672,360,0.7541176470588234,8.058823529411764,12,71,2064
879.2941176470589,12.31764705882353,9.737886597415562,360,0.7288235294117646,8.235294117647058,13,71,2065
825.1633986928105,12.694117647058825,9.776470588235295,360,0.6941176470588235,8.176470588235293,14,71,2066
681.2549019607844,12.811764705882354,9.737886597415562,360,0.6870588235294117,7.882352941176471,15,71,2067
464.7320261437909,12.58235294117647,9.624764060167672,360,0.6876470588235294,7.529411764705882,16,71,2068
260.75163398692814,11.941176470588236,9.444812090461237,360,0.6964705882352941,7.352941176470588,17,71,2069
64.69281045751634,10.664705882352942,9.21029411764706,360,0.7523529411764706,6.294117647058823,18,71,2070
1.980392156862745,9.388235294117647,8.937192154013148,360,0.8258823529411765,5.0,19,71,2071
0.0,8.741176470588234,8.644117647058824,360,0.8611764705882353,4.882352941176471,20,71,2072
0.0,8.25294117647059,8.3510431401045,360,0.8676470588235294,4.941176470588236,21,71,2073
0.0,7.929411764705883,8.077941176470588,360,0.8841176470588235,5.0,22,71,2074
0.0,7.658823529411764,7.84342320365641,360,0.8882352941176471,5.294117647058823,23,71,2075
0.0,7.323529411764706,7.663471233949974,360,0.9052941176470588,5.411764705882353,24,71,2076
0.0,6.917647058823529,7.874148244561461,360,0.9223529411764706,5.352941176470588,1,72,2077
0.0,6.735294117647059,7.841176470588236,360,0.9229411764705884,5.235294117647059,2,72,2078
0.0,6.341176470588235,7.874148244561461,360,0.9305882352941175,5.470588235294118,3,72,2079
0.0,6.0588235294117645,7.970816594573294,360,0.9276470588235294,5.294117647058823,4,72,2080
0.0,5.870588235294117,8.12459373232243,360,0.9311764705882354,5.294117647058823,5,72,2081
0.0,5.588235294117647,8.325,360,0.9370588235294116,5.294117647058823,6,72,2082
26.405228758169937,5.823529411764706,8.558378041650796,360,0.9347058823529412,5.0,7,72,2083
172.29411764705884,6.917647058823529,8.808823529411764,360,0.9176470588235294,5.705882352941177,8,72,2084
392.7777777777778,8.258823529411766,9.059269017172733,360,0.8770588235294118,5.941176470588236,9,72,2085
601.3790849673202,9.276470588235291,9.29264705882353,360,0.843529411764706,7.0588235294117645,10,72,2086
743.9673202614379,10.052941176470588,9.4930533265011,360,0.7682352941176471,7.117647058823529,11,72,2087
811.3006535947713,10.976470588235294,9.646830464250236,360,0.7223529411764705,7.647058823529412,12,72,2088
858.1699346405229,11.570588235294116,9.743498814262068,360,0.69,7.882352941176471,13,72,2089
733.4052287581701,11.4,9.776470588235293,360,0.6923529411764706,8.117647058823529,14,72,2090
592.1372549019609,11.511764705882351,9.743498814262068,360,0.7,7.9411764705882355,15,72,2091
407.96078431372547,11.294117647058824,9.646830464250236,360,0.7082352941176471,7.529411764705882,16,72,2092
217.18300653594764,10.770588235294117,9.4930533265011,360,0.733529411764706,7.117647058823529,17,72,2093
58.751633986928105,9.6,9.29264705882353,360,0.7652941176470588,6.705882352941177,18,72,2094
0.6601307189542482,8.264705882352942,9.059269017172733,360,0.8394117647058823,5.294117647058823,19,72,2095
0.0,7.641176470588236,8.808823529411764,360,0.8735294117647059,5.235294117647059,20,72,2096
0.0,7.094117647058823,8.558378041650796,360,0.8958823529411766,5.294117647058823,21,72,2097
0.0,6.976470588235294,8.325000000000001,360,0.896470588235294,5.470588235294118,22,72,2098
0.0,6.664705882352941,8.12459373232243,360,0.9070588235294116,5.411764705882353,23,72,2099
0.0,6.305882352941176,7.970816594573294,360,0.9129411764705884,5.470588235294118,24,72,2100
0.0,6.247058823529412,7.774379199256657,360,0.9182352941176473,5.294117647058823,1,73,2101
0.0,6.094117647058823,7.73529411764706,360,0.9229411764705884,4.705882352941177,2,73,2102
0.0,5.917647058823529,7.774379199256657,360,0.9305882352941175,4.588235294117647,3,73,2103
0.0,5.68235294117647,7.888970860364909,360,0.9282352941176473,4.176470588235294,4,73,2104
0.0,5.676470588235294,8.071259868638961,360,0.93,4.294117647058823,5,73,2105
0.0,5.541176470588235,8.308823529411764,360,0.9429411764705884,4.588235294117647,6,73,2106
27.065359477124183,5.464705882352941,8.585472271794169,360,0.9423529411764706,3.941176470588236,7,73,2107
215.20261437908496,6.894117647058824,8.882352941176471,360,0.9335294117647059,4.882352941176471,8,73,2108
463.4117647058823,8.223529411764707,9.179233610558775,360,0.8735294117647059,5.941176470588236,9,73,2109
675.9738562091502,9.423529411764704,9.455882352941178,360,0.8005882352941177,6.235294117647059,10,73,2110
821.2026143790849,10.276470588235291,9.69344601371398,360,0.7376470588235294,6.470588235294118,11,73,2111
954.5490196078432,11.258823529411766,9.875735021988033,360,0.6947058823529412,6.647058823529412,12,73,2112
1027.8235294117649,11.9,9.990326683096285,360,0.6541176470588235,7.176470588235294,13,73,2113
840.3464052287582,12.023529411764706,10.029411764705882,360,0.6552941176470588,7.588235294117647,14,73,2114
743.9673202614379,12.423529411764704,9.990326683096285,360,0.6188235294117647,7.294117647058823,15,73,2115
598.078431372549,12.288235294117648,9.875735021988033,360,0.618235294117647,7.0588235294117645,16,73,2116
299.03921568627453,11.43529411764706,9.69344601371398,360,0.6670588235294117,6.647058823529412,17,73,2117
66.01307189542483,10.123529411764704,9.455882352941178,360,0.7247058823529412,5.352941176470588,18,73,2118
0.0,8.835294117647058,9.179233610558775,360,0.806470588235294,4.705882352941177,19,73,2119
0.0,7.764705882352941,8.882352941176471,360,0.8423529411764705,4.411764705882353,20,73,2120
0.0,7.511764705882353,8.585472271794169,360,0.8417647058823529,4.529411764705882,21,73,2121
0.0,7.017647058823529,8.308823529411764,360,0.8711764705882353,4.0,22,73,2122
0.0,6.864705882352942,8.071259868638961,360,0.8682352941176471,4.235294117647059,23,73,2123
0.0,6.258823529411765,7.888970860364909,360,0.8835294117647059,3.882352941176471,24,73,2124
0.0,6.005882352941176,7.777185307679909,360,0.8929411764705882,3.764705882352941,1,74,2125
0.0,5.8,7.735294117647058,360,0.9035294117647059,3.588235294117647,2,74,2126
0.0,5.423529411764706,7.777185307679909,360,0.9235294117647059,3.7058823529411766,3,74,2127
0.0,5.223529411764706,7.90000406240619,360,0.9311764705882354,3.588235294117647,4,74,2128
0.0,4.947058823529411,8.095380486658891,360,0.9376470588235294,4.0,5,74,2129
0.0,4.958823529411765,8.35,360,0.9382352941176473,3.7058823529411766,6,74,2130
37.62745098039216,5.282352941176471,8.64651070337396,360,0.9335294117647059,4.235294117647059,7,74,2131
246.22875816993465,6.876470588235295,8.964705882352941,360,0.9005882352941177,4.823529411764706,8,74,2132
512.2614379084969,8.36470588235294,9.282901061331923,360,0.8376470588235294,5.941176470588236,9,74,2133
756.5098039215685,9.905882352941177,9.579411764705883,360,0.7670588235294118,6.235294117647059,10,74,2134
920.2222222222223,11.129411764705884,9.834031278046991,360,0.7011764705882354,6.529411764705882,11,74,2135
1044.9869281045753,12.176470588235292,10.029407702299693,360,0.6682352941176471,7.117647058823529,12,74,2136
1009.3398692810457,12.658823529411764,10.152226457025973,360,0.6388235294117647,7.411764705882353,13,74,2137
923.5228758169935,13.13529411764706,10.194117647058825,360,0.6111764705882353,7.411764705882353,14,74,2138
766.4117647058824,13.311764705882354,10.152226457025973,360,0.6011764705882353,6.941176470588236,15,74,2139
527.4444444444445,12.970588235294118,10.029407702299693,360,0.6211764705882353,6.647058823529412,16,74,2140
256.1307189542483,12.011764705882351,9.834031278046991,360,0.6629411764705883,6.705882352941177,17,74,2141
71.95424836601309,10.929411764705884,9.579411764705883,360,0.6911764705882354,5.294117647058823,18,74,2142
0.6601307189542482,9.81764705882353,9.282901061331923,360,0.7552941176470589,4.705882352941177,19,74,2143
0.0,8.935294117647059,8.964705882352941,360,0.8052941176470588,3.941176470588236,20,74,2144
0.0,8.547058823529412,8.64651070337396,360,0.8294117647058823,4.176470588235294,21,74,2145
0.0,8.111764705882353,8.35,360,0.8364705882352941,4.529411764705882,22,74,2146
0.0,7.735294117647059,8.095380486658891,360,0.8505882352941176,4.588235294117647,23,74,2147
0.0,7.094117647058823,7.90000406240619,360,0.8794117647058823,4.411764705882353,24,74,2148
0.0,6.5588235294117645,8.01217877085305,360,0.8958823529411766,3.5294117647058822,1,75,2149
0.0,6.270588235294118,7.970588235294118,360,0.9052941176470588,4.117647058823529,2,75,2150
0.0,5.876470588235295,8.01217877085305,360,0.9223529411764706,3.764705882352941,3,75,2151
0.0,5.658823529411765,8.134116051263112,360,0.9411764705882354,4.0,4,75,2152
0.0,5.382352941176471,8.328090252375244,360,0.9517647058823527,3.941176470588236,5,75,2153
0.0,5.205882352941177,8.580882352941176,360,0.9547058823529412,3.823529411764706,6,75,2154
34.98692810457516,5.423529411764706,8.875264989066041,360,0.9558823529411764,3.764705882352941,7,75,2155
226.42483660130716,7.2294117647058815,9.191176470588236,360,0.9152941176470588,4.294117647058823,8,75,2156
440.3071895424837,8.6,9.50708795211043,360,0.8594117647058823,5.411764705882353,9,75,2157
693.1372549019609,10.13529411764706,9.801470588235295,360,0.8076470588235294,5.529411764705882,10,75,2158
900.4183006535948,11.51764705882353,10.054262688801227,360,0.7382352941176471,6.0,11,75,2159
1015.9411764705883,12.347058823529412,10.24823688991336,360,0.6982352941176471,6.470588235294118,12,75,2160
975.6732026143791,13.058823529411764,10.370174170323422,360,0.6635294117647059,6.882352941176471,13,75,2161
868.7320261437908,13.217647058823529,10.411764705882353,360,0.6652941176470588,7.294117647058823,14,75,2162
708.9803921568628,13.08235294117647,10.370174170323422,360,0.67,6.882352941176471,15,75,2163
531.4052287581699,12.894117647058822,10.24823688991336,360,0.6776470588235294,6.764705882352941,16,75,2164
295.078431372549,12.347058823529412,10.054262688801227,360,0.7105882352941176,6.764705882352941,17,75,2165
90.43790849673202,10.947058823529412,9.801470588235295,360,0.7647058823529411,5.294117647058823,18,75,2166
0.0,9.441176470588236,9.50708795211043,360,0.8152941176470588,4.176470588235294,19,75,2167
0.0,8.841176470588236,9.191176470588236,360,0.8382352941176471,4.176470588235294,20,75,2168
0.0,8.258823529411766,8.875264989066041,360,0.8564705882352941,4.647058823529412,21,75,2169
0.0,8.029411764705882,8.580882352941178,360,0.8641176470588234,4.411764705882353,22,75,2170
0.0,7.494117647058823,8.328090252375244,360,0.8817647058823529,4.411764705882353,23,75,2171
0.0,7.194117647058825,8.134116051263112,360,0.896470588235294,4.529411764705882,24,75,2172
0.0,6.947058823529411,8.175581817152338,360,0.9,4.352941176470588,1,76,2173
0.0,6.523529411764706,8.13529411764706,360,0.9194117647058825,4.294117647058823,2,76,2174
0.0,6.158823529411765,8.175581817152338,360,0.9252941176470588,4.235294117647059,3,76,2175
0.0,5.764705882352941,8.29369937552546,360,0.9411764705882354,4.0,4,76,2176
0.0,5.735294117647059,8.48159727636179,360,0.94,3.647058823529412,5,76,2177
0.0,5.458823529411765,8.726470588235294,360,0.9382352941176473,4.0,6,76,2178
44.22875816993464,6.2,9.011631599614079,360,0.916470588235294,4.705882352941177,7,76,2179
225.76470588235296,7.523529411764706,9.31764705882353,360,0.8841176470588235,5.235294117647059,8,76,2180
483.21568627450984,9.088235294117649,9.623662518032981,360,0.8311764705882354,5.941176470588236,9,76,2181
703.6993464052288,10.388235294117647,9.908823529411766,360,0.78,6.588235294117647,10,76,2182
825.8235294117648,11.652941176470588,10.15369684128527,360,0.7241176470588235,6.764705882352941,11,76,2183
967.0915032679737,12.68235294117647,10.3415947421216,360,0.6729411764705883,7.0,12,76,2184
935.40522875817,13.01764705882353,10.459712300494722,360,0.6682352941176471,7.294117647058823,13,76,2185
879.954248366013,13.241176470588234,10.5,360,0.69,7.0,14,76,2186
707.0000000000001,13.505882352941176,10.459712300494722,360,0.6788235294117646,6.647058823529412,15,76,2187
456.1503267973857,13.241176470588234,10.3415947421216,360,0.6847058823529412,6.294117647058823,16,76,2188
238.30718954248368,12.405882352941177,10.15369684128527,360,0.73,5.529411764705882,17,76,2189
67.33333333333334,11.08235294117647,9.908823529411766,360,0.7758823529411765,4.705882352941177,18,76,2190
1.3202614379084965,9.988235294117649,9.623662518032981,360,0.8317647058823529,4.294117647058823,19,76,2191
0.0,9.470588235294118,9.31764705882353,360,0.8541176470588234,4.117647058823529,20,76,2192
0.0,8.770588235294117,9.011631599614079,360,0.88,4.470588235294118,21,76,2193
0.0,8.347058823529412,8.726470588235296,360,0.886470588235294,4.352941176470588,22,76,2194
0.0,7.829411764705882,8.48159727636179,360,0.8929411764705882,4.0588235294117645,23,76,2195
0.0,7.523529411764706,8.29369937552546,360,0.8976470588235295,4.411764705882353,24,76,2196
0.0,7.264705882352941,8.475250644299168,360,0.9029411764705884,4.882352941176471,1,77,2197
0.0,6.841176470588235,8.441176470588236,360,0.9094117647058825,4.294117647058823,2,77,2198
0.0,6.276470588235293,8.475250644299168,360,0.9152941176470588,4.117647058823529,3,77,2199
0.0,6.164705882352941,8.575151066803796,360,0.9170588235294116,4.352941176470588,4,77,2200
0.0,5.882352941176471,8.734069689401688,360,0.9329411764705884,4.294117647058823,5,77,2201
0.0,5.805882352941176,8.941176470588236,360,0.9335294117647059,4.647058823529412,6,77,2202
41.58823529411765,6.129411764705883,9.182357425485716,360,0.9141176470588236,4.705882352941177,7,77,2203
198.0392156862745,7.311764705882353,9.441176470588236,360,0.8852941176470588,5.411764705882353,8,77,2204
396.078431372549,8.605882352941178,9.699995515690755,360,0.8458823529411765,5.235294117647059,9,77,2205
547.9084967320262,9.652941176470588,9.941176470588236,360,0.8005882352941177,5.882352941176471,10,77,2206
716.2418300653594,10.588235294117649,10.148283251774783,360,0.75,6.294117647058823,11,77,2207
862.7908496732026,11.611764705882353,10.307201874372675,360,0.7158823529411765,6.176470588235294,12,77,2208
914.9411764705883,12.047058823529412,10.407102296877303,360,0.6905882352941177,6.352941176470588,13,77,2209
837.0457516339869,12.541176470588235,10.441176470588236,360,0.6582352941176471,6.235294117647059,14,77,2210
621.1830065359477,12.541176470588235,10.407102296877303,360,0.6641176470588235,6.470588235294118,15,77,2211
433.0457516339869,12.17058823529412,10.307201874372675,360,0.6870588235294117,6.294117647058823,16,77,2212
248.86928104575162,11.552941176470588,10.148283251774783,360,0.7088235294117646,5.588235294117647,17,77,2213
69.97385620915033,10.229411764705883,9.941176470588236,360,0.7582352941176471,4.823529411764706,18,77,2214
1.3202614379084965,8.91764705882353,9.699995515690755,360,0.7994117647058823,4.294117647058823,19,77,2215
0.0,8.211764705882352,9.441176470588236,360,0.8282352941176471,4.0588235294117645,20,77,2216
0.0,7.888235294117647,9.182357425485716,360,0.8423529411764705,3.4705882352941178,21,77,2217
0.0,7.417647058823529,8.941176470588236,360,0.8682352941176471,4.0,22,77,2218
0.0,7.088235294117647,8.734069689401688,360,0.8758823529411766,4.117647058823529,23,77,2219
0.0,6.564705882352942,8.575151066803796,360,0.8911764705882353,3.764705882352941,24,77,2220
0.0,6.211764705882352,8.234575264500798,360,0.9011764705882354,4.117647058823529,1,78,2221
0.0,6.070588235294117,8.2,360,0.9,4.647058823529412,2,78,2222
0.0,5.776470588235294,8.234575264500798,360,0.906470588235294,4.647058823529412,3,78,2223
0.0,5.429411764705883,8.33594481086579,360,0.9182352941176473,4.764705882352941,4,78,2224
0.0,5.2,8.497200472031297,360,0.9282352941176473,4.235294117647059,5,78,2225
0.0,5.082352941176471,8.70735294117647,360,0.9323529411764706,4.411764705882353,6,78,2226
50.830065359477125,5.7,8.952080674822442,360,0.9270588235294116,4.882352941176471,7,78,2227
218.5032679738562,7.0588235294117645,9.214705882352941,360,0.9035294117647059,5.117647058823529,8,78,2228
454.83006535947715,8.505882352941176,9.47733108988344,360,0.8452941176470589,6.352941176470588,9,78,2229
635.7058823529413,9.664705882352942,9.722058823529412,360,0.796470588235294,7.0,10,78,2230
780.2745098039215,10.611764705882353,9.932211292674586,360,0.7552941176470589,7.0,11,78,2231
855.5294117647059,11.323529411764708,10.093466953840093,360,0.7188235294117646,7.411764705882353,12,78,2232
826.4836601307189,11.658823529411764,10.194836500205085,360,0.6988235294117646,7.647058823529412,13,78,2233
802.718954248366,12.029411764705882,10.229411764705883,360,0.6794117647058823,7.529411764705882,14,78,2234
624.483660130719,12.088235294117649,10.194836500205085,360,0.6741176470588235,7.0,15,78,2235
466.0522875816994,11.970588235294118,10.093466953840093,360,0.6835294117647059,6.705882352941177,16,78,2236
278.57516339869284,11.423529411764704,9.932211292674586,360,0.7005882352941177,6.235294117647059,17,78,2237
77.89542483660132,10.152941176470588,9.722058823529412,360,0.7447058823529411,5.941176470588236,18,78,2238
1.3202614379084965,9.129411764705882,9.47733108988344,360,0.7905882352941177,4.647058823529412,19,78,2239
0.0,8.458823529411765,9.214705882352941,360,0.8176470588235294,4.529411764705882,20,78,2240
0.0,8.094117647058823,8.952080674822442,360,0.8352941176470589,4.176470588235294,21,78,2241
0.0,7.735294117647059,8.70735294117647,360,0.8452941176470589,4.294117647058823,22,78,2242
0.0,7.394117647058824,8.497200472031297,360,0.8623529411764705,4.352941176470588,23,78,2243
0.0,7.005882352941176,8.33594481086579,360,0.8758823529411766,4.294117647058823,24,78,2244
0.0,6.729411764705882,8.141560017179684,360,0.8858823529411766,4.411764705882353,1,79,2245
0.0,6.123529411764705,8.105882352941178,360,0.9117647058823528,4.176470588235294,2,79,2246
0.0,5.482352941176471,8.141560017179684,360,0.926470588235294,4.117647058823529,3,79,2247
0.0,5.194117647058824,8.24616163603747,360,0.9323529411764706,4.0,4,79,2248
0.0,5.035294117647059,8.412558782051734,360,0.9352941176470588,4.176470588235294,5,79,2249
0.0,4.982352941176471,8.629411764705884,360,0.9394117647058825,4.588235294117647,6,79,2250
52.150326797385624,5.223529411764706,8.881942411598539,360,0.9376470588235294,4.470588235294118,7,79,2251
242.26797385620918,6.541176470588235,9.15294117647059,360,0.9052941176470588,5.411764705882353,8,79,2252
460.11111111111114,7.823529411764706,9.42393994134264,360,0.8541176470588234,5.941176470588236,9,79,2253
648.9084967320262,8.982352941176472,9.676470588235295,360,0.8141176470588235,6.117647058823529,10,79,2254
804.0392156862745,9.93529411764706,9.893323570889445,360,0.7617647058823529,6.647058823529412,11,79,2255
868.7320261437908,10.835294117647058,10.059720716903708,360,0.7082352941176471,6.823529411764706,12,79,2256
895.1372549019608,11.36470588235294,10.164322335761495,360,0.68,7.0588235294117645,13,79,2257
866.7516339869281,11.82941176470588,10.200000000000001,360,0.6388235294117647,7.235294117647059,14,79,2258
643.6274509803922,11.81764705882353,10.164322335761495,360,0.6452941176470588,7.352941176470588,15,79,2259
510.9411764705882,11.635294117647058,10.059720716903708,360,0.6588235294117646,7.176470588235294,16,79,2260
325.44444444444446,11.094117647058823,9.893323570889445,360,0.6841176470588235,6.294117647058823,17,79,2261
96.37908496732025,9.664705882352942,9.676470588235295,360,0.7341176470588234,5.941176470588236,18,79,2262
1.980392156862745,8.605882352941178,9.42393994134264,360,0.766470588235294,5.0588235294117645,19,79,2263
0.0,7.723529411764707,9.15294117647059,360,0.806470588235294,4.470588235294118,20,79,2264
0.0,7.229411764705882,8.881942411598539,360,0.8129411764705883,4.588235294117647,21,79,2265
0.0,6.8,8.629411764705884,360,0.8317647058823529,4.588235294117647,22,79,2266
0.0,6.364705882352942,8.412558782051734,360,0.8458823529411765,4.411764705882353,23,79,2267
0.0,6.041176470588235,8.24616163603747,360,0.85,4.176470588235294,24,79,2268
0.0,5.652941176470588,7.767525183115,360,0.8494117647058823,4.647058823529412,1,80,2269
0.0,5.105882352941176,7.723529411764708,360,0.8705882352941177,4.705882352941177,2,80,2270
0.0,4.582352941176471,7.767525183114999,360,0.8947058823529411,4.0588235294117645,3,80,2271
0.0,4.347058823529412,7.8965142580548,360,0.9017647058823528,4.117647058823529,4,80,2272
0.0,3.9764705882352938,8.101706244291488,360,0.9129411764705884,3.882352941176471,5,80,2273
0.6601307189542482,3.7588235294117647,8.369117647058824,360,0.906470588235294,4.0,6,80,2274
71.29411764705881,4.605882352941176,8.680524821176453,360,0.8929411764705882,4.529411764705882,7,80,2275
316.8627450980392,6.5,9.014705882352942,360,0.8411764705882354,5.176470588235294,8,80,2276
598.7385620915031,8.288235294117648,9.348886943529433,360,0.7705882352941177,6.117647058823529,9,80,2277
854.8692810457516,9.9,9.660294117647059,360,0.6829411764705883,7.0,10,80,2278
1064.1307189542488,11.0,9.927705520414396,360,0.63,7.705882352941177,11,80,2279
1157.2091503267975,11.847058823529412,10.132897506651084,360,0.5894117647058823,7.823529411764706,12,80,2280
1093.1764705882351,12.141176470588237,10.261886581590884,360,0.5829411764705883,7.647058823529412,13,80,2281
955.8692810457517,12.811764705882354,10.305882352941175,360,0.5735294117647058,7.235294117647059,14,80,2282
899.7581699346405,13.03529411764706,10.261886581590884,360,0.5635294117647058,7.529411764705882,15,80,2283
615.9019607843138,12.705882352941176,10.132897506651084,360,0.58,7.647058823529412,16,80,2284
379.5751633986928,12.088235294117649,9.927705520414396,360,0.6094117647058823,6.941176470588236,17,80,2285
116.18300653594773,10.552941176470588,9.660294117647059,360,0.6805882352941177,5.882352941176471,18,80,2286
3.300653594771242,9.2,9.348886943529433,360,0.7370588235294118,4.705882352941177,19,80,2287
0.0,8.405882352941177,9.014705882352942,360,0.77,4.352941176470588,20,80,2288
0.0,7.741176470588235,8.680524821176453,360,0.7976470588235294,4.411764705882353,21,80,2289
0.0,7.2705882352941185,8.369117647058825,360,0.8223529411764706,4.647058823529412,22,80,2290
0.0,6.829411764705882,8.101706244291488,360,0.8376470588235294,4.411764705882353,23,80,2291
0.0,6.288235294117648,7.8965142580548005,360,0.8529411764705883,4.117647058823529,24,80,2292
0.0,5.964705882352941,8.060610130214839,360,0.8541176470588234,4.588235294117647,1,81,2293
0.0,5.570588235294117,8.023529411764706,360,0.8776470588235294,4.117647058823529,2,81,2294
0.0,5.341176470588235,8.060610130214839,360,0.8952941176470588,4.117647058823529,3,81,2295
0.0,5.076470588235294,8.169325295881642,360,0.9088235294117646,4.176470588235294,4,81,2296
0.0,4.841176470588235,8.342266149885228,360,0.9194117647058825,4.176470588235294,5,81,2297
0.0,4.7,8.56764705882353,360,0.926470588235294,4.294117647058823,6,81,2298
62.71241830065358,5.423529411764705,8.830108686211965,360,0.9158823529411764,4.764705882352941,7,81,2299
273.2941176470588,6.876470588235295,9.111764705882354,360,0.8794117647058823,5.352941176470588,8,81,2300
487.83660130718954,8.08235294117647,9.393420725552744,360,0.8264705882352941,5.882352941176471,9,81,2301
662.1111111111112,9.223529411764709,9.655882352941179,360,0.7782352941176471,6.588235294117647,10,81,2302
807.3398692810457,10.141176470588237,9.88126326187948,360,0.7323529411764705,7.0588235294117645,11,81,2303
920.2222222222223,11.070588235294116,10.054204115883067,360,0.7058823529411765,7.117647058823529,12,81,2304
970.3921568627451,11.641176470588237,10.16291928154987,360,0.666470588235294,7.0588235294117645,13,81,2305
877.313725490196,11.776470588235291,10.200000000000003,360,0.666470588235294,6.823529411764706,14,81,2306
717.562091503268,11.788235294117648,10.16291928154987,360,0.656470588235294,7.176470588235294,15,81,2307
569.0326797385621,12.076470588235296,10.054204115883067,360,0.646470588235294,6.764705882352941,16,81,2308
396.73856209150324,11.552941176470588,9.88126326187948,360,0.6364705882352941,6.647058823529412,17,81,2309
122.12418300653597,10.1,9.655882352941179,360,0.6923529411764706,6.176470588235294,18,81,2310
3.9607843137254903,8.852941176470589,9.393420725552744,360,0.7417647058823529,4.588235294117647,19,81,2311
0.0,8.329411764705881,9.111764705882354,360,0.7629411764705882,4.470588235294118,20,81,2312
0.0,7.670588235294118,8.830108686211965,360,0.7847058823529411,4.529411764705882,21,81,2313
0.0,6.994117647058824,8.56764705882353,360,0.8017647058823529,4.117647058823529,22,81,2314
0.0,6.188235294117647,8.342266149885228,360,0.8282352941176471,4.0,23,81,2315
0.0,5.923529411764706,8.169325295881642,360,0.84,3.823529411764706,24,81,2316
0.0,5.488235294117647,7.816788806119822,360,0.8541176470588234,3.7058823529411766,1,82,2317
0.0,5.276470588235294,7.7705882352941185,360,0.8523529411764705,4.0588235294117645,2,82,2318
0.0,4.9,7.816788806119822,360,0.8676470588235294,3.882352941176471,3,82,2319
0.0,4.441176470588236,7.952242026045218,360,0.8705882352941177,4.117647058823529,4,82,2320
0.0,4.211764705882352,8.167716981979416,360,0.8811764705882353,3.5294117647058822,5,82,2321
0.0,3.935294117647059,8.448529411764707,360,0.8852941176470588,4.0588235294117645,6,82,2322
78.55555555555554,4.647058823529412,8.7755424123757,360,0.8841176470588235,4.294117647058823,7,82,2323
305.64052287581706,6.7,9.126470588235295,360,0.8305882352941176,5.0,8,82,2324
571.0130718954249,8.594117647058823,9.47739876409489,360,0.7505882352941177,5.705882352941177,9,82,2325
819.2222222222222,10.117647058823527,9.804411764705883,360,0.6805882352941177,6.294117647058823,10,82,2326
969.0718954248367,11.094117647058823,10.085224194491172,360,0.6329411764705882,6.882352941176471,11,82,2327
1064.1307189542488,12.117647058823527,10.300699150425372,360,0.6152941176470589,7.117647058823529,12,82,2328
1111.6601307189544,12.74705882352941,10.436152370350767,360,0.5829411764705883,6.823529411764706,13,82,2329
1065.450980392157,13.029411764705882,10.48235294117647,360,0.5741176470588236,7.235294117647059,14,82,2330
934.0849673202614,13.188235294117646,10.436152370350767,360,0.558235294117647,7.117647058823529,15,82,2331
635.7058823529413,12.770588235294117,10.300699150425372,360,0.5876470588235294,7.235294117647059,16,82,2332
400.03921568627453,11.96470588235294,10.085224194491172,360,0.6147058823529412,6.294117647058823,17,82,2333
116.84313725490196,10.24705882352941,9.804411764705883,360,0.6841176470588235,5.647058823529412,18,82,2334
0.6601307189542482,8.711764705882352,9.47739876409489,360,0.7394117647058823,4.411764705882353,19,82,2335
0.0,7.917647058823529,9.126470588235295,360,0.7711764705882354,4.0588235294117645,20,82,2336
0.0,7.376470588235295,8.7755424123757,360,0.7888235294117646,4.0,21,82,2337
0.0,6.870588235294117,8.448529411764707,360,0.8047058823529412,3.7058823529411766,22,82,2338
0.0,6.158823529411765,8.167716981979417,360,0.8329411764705883,3.764705882352941,23,82,2339
0.0,5.764705882352941,7.952242026045218,360,0.8405882352941176,3.3529411764705883,24,82,2340
0.0,5.135294117647058,7.880623243430254,360,0.8670588235294118,3.176470588235294,1,83,2341
0.0,4.635294117647058,7.829411764705883,360,0.8764705882352941,2.823529411764706,2,83,2342
0.0,4.358823529411764,7.880623243430254,360,0.8770588235294118,2.9411764705882355,3,83,2343
0.0,3.835294117647059,8.03076770195927,360,0.8958823529411766,2.823529411764706,4,83,2344
0.0,3.5176470588235293,8.26961304356963,360,0.9041176470588236,2.8823529411764706,5,83,2345
0.6601307189542482,3.235294117647059,8.580882352941176,360,0.906470588235294,2.8823529411764706,6,83,2346
96.37908496732025,4.129411764705883,8.943363141037095,360,0.9029411764705884,3.0,7,83,2347
348.5490196078431,6.152941176470588,9.33235294117647,360,0.8541176470588234,4.0,8,83,2348
641.6470588235295,8.358823529411765,9.721342741315848,360,0.7676470588235295,4.470588235294118,9,83,2349
909.6601307189543,10.0,10.083823529411765,360,0.7005882352941177,5.176470588235294,10,83,2350
1041.0261437908498,11.358823529411763,10.395092838783311,360,0.631764705882353,5.529411764705882,11,83,2351
1164.4705882352941,12.476470588235294,10.63393818039367,360,0.5782352941176471,6.117647058823529,12,83,2352
1208.6993464052287,13.294117647058824,10.784082638922687,360,0.5511764705882353,6.117647058823529,13,83,2353
1111.0,13.911764705882351,10.835294117647058,360,0.5235294117647059,6.294117647058823,14,83,2354
879.2941176470589,14.158823529411764,10.784082638922687,360,0.5452941176470589,6.294117647058823,15,83,2355
624.483660130719,13.617647058823527,10.63393818039367,360,0.5741176470588236,6.352941176470588,16,83,2356
392.7777777777778,12.958823529411765,10.395092838783311,360,0.5952941176470589,5.529411764705882,17,83,2357
130.04575163398695,11.4,10.083823529411765,360,0.6535294117647059,4.882352941176471,18,83,2358
3.9607843137254903,9.976470588235294,9.721342741315848,360,0.7029411764705883,4.411764705882353,19,83,2359
0.0,9.13529411764706,9.33235294117647,360,0.7288235294117646,4.529411764705882,20,83,2360
0.0,8.388235294117647,8.943363141037095,360,0.7594117647058823,4.529411764705882,21,83,2361
0.0,7.876470588235295,8.580882352941178,360,0.7829411764705883,4.0,22,83,2362
0.0,7.270588235294118,8.269613043569631,360,0.8094117647058823,3.764705882352941,23,83,2363
0.0,6.829411764705882,8.03076770195927,360,0.8288235294117646,3.411764705882353,24,83,2364
0.0,6.123529411764705,8.140719090516422,360,0.8458823529411765,3.294117647058824,1,84,2365
0.0,5.541176470588235,8.094117647058823,360,0.8735294117647059,3.0,2,84,2366
0.0,5.047058823529412,8.14071909051642,360,0.8941176470588235,3.235294117647059,3,84,2367
0.0,4.5588235294117645,8.277347609530105,360,0.9041176470588236,3.4705882352941178,4,84,2368
0.0,4.241176470588235,8.494692196318397,360,0.8952941176470588,3.764705882352941,5,84,2369
0.6601307189542482,3.8705882352941177,8.777941176470588,360,0.9035294117647059,3.3529411764705883,6,84,2370
101.66013071895425,4.794117647058823,9.107791600080375,360,0.8923529411764706,3.176470588235294,7,84,2371
362.4117647058824,7.2176470588235295,9.461764705882352,360,0.8258823529411765,4.176470588235294,8,84,2372
671.3529411764705,9.217647058823529,9.815737811684329,360,0.7547058823529411,4.941176470588236,9,84,2373
950.5882352941176,10.86470588235294,10.145588235294117,360,0.686470588235294,5.941176470588236,10,84,2374
1057.5294117647059,11.858823529411763,10.428837215446308,360,0.6347058823529412,6.352941176470588,11,84,2375
1157.2091503267975,12.735294117647058,10.646181802234599,360,0.5876470588235294,6.647058823529412,12,84,2376
1132.7843137254904,13.229411764705883,10.782810321248284,360,0.5623529411764706,7.294117647058823,13,84,2377
1035.0849673202613,13.48235294117647,10.829411764705881,360,0.5576470588235294,7.176470588235294,14,84,2378
844.967320261438,13.48235294117647,10.782810321248284,360,0.5529411764705883,6.941176470588236,15,84,2379
615.2418300653594,13.258823529411766,10.646181802234599,360,0.5629411764705883,6.823529411764706,16,84,2380
374.2941176470588,12.24705882352941,10.428837215446308,360,0.6170588235294117,6.647058823529412,17,84,2381
105.62091503267975,11.111764705882353,10.145588235294117,360,0.6547058823529411,5.647058823529412,18,84,2382
1.3202614379084965,9.494117647058824,9.815737811684329,360,0.7329411764705882,4.705882352941177,19,84,2383
0.0,8.782352941176471,9.461764705882352,360,0.7752941176470588,3.588235294117647,20,84,2384
0.0,8.188235294117646,9.107791600080375,360,0.8005882352941177,3.941176470588236,21,84,2385
0.0,7.882352941176471,8.777941176470588,360,0.7952941176470588,4.117647058823529,22,84,2386
0.0,7.405882352941177,8.494692196318399,360,0.813529411764706,4.352941176470588,23,84,2387
0.0,6.976470588235294,8.277347609530105,360,0.8282352941176471,4.529411764705882,24,84,2388
0.0,6.7176470588235295,8.473207099740227,360,0.833529411764706,4.647058823529412,1,85,2389
0.0,6.241176470588235,8.429411764705883,360,0.8452941176470589,4.294117647058823,2,85,2390
0.0,5.7,8.473207099740227,360,0.8670588235294118,4.470588235294118,3,85,2391
0.0,5.352941176470588,8.601608525135884,360,0.8729411764705882,4.470588235294118,4,85,2392
0.0,5.388235294117647,8.805865695945526,360,0.8782352941176471,4.235294117647059,5,85,2393
1.3202614379084965,5.141176470588236,9.072058823529412,360,0.8970588235294117,4.0588235294117645,6,85,2394
91.09803921568628,5.847058823529412,9.382047286147642,360,0.8858823529411766,4.352941176470588,7,85,2395
297.05882352941177,7.476470588235294,9.714705882352941,360,0.8429411764705883,5.294117647058823,8,85,2396
576.9542483660132,9.088235294117649,10.04736447855824,360,0.78,6.117647058823529,9,85,2397
842.9869281045752,10.570588235294116,10.35735294117647,360,0.7023529411764706,6.647058823529412,10,85,2398
936.0653594771242,11.594117647058823,10.623546068760357,360,0.6594117647058824,6.705882352941177,11,85,2399
1011.3202614379086,12.376470588235296,10.827803239569999,360,0.6394117647058823,7.411764705882353,12,85,2400
967.7516339869281,12.694117647058825,10.956204664965655,360,0.6194117647058823,7.647058823529412,13,85,2401
962.470588235294,13.235294117647058,11.0,360,0.5947058823529412,7.294117647058823,14,85,2402
819.2222222222222,13.42941176470588,10.956204664965655,360,0.5923529411764705,7.176470588235294,15,85,2403
631.7450980392157,13.388235294117647,10.827803239569999,360,0.5764705882352942,6.705882352941177,16,85,2404
390.1372549019608,12.711764705882352,10.623546068760357,360,0.5947058823529412,6.529411764705882,17,85,2405
124.76470588235291,11.235294117647058,10.35735294117647,360,0.6541176470588235,5.294117647058823,18,85,2406
3.300653594771242,9.623529411764704,10.04736447855824,360,0.7258823529411765,4.235294117647059,19,85,2407
0.0,8.735294117647058,9.714705882352941,360,0.7594117647058823,3.647058823529412,20,85,2408
0.0,8.5,9.382047286147642,360,0.7652941176470588,3.5294117647058822,21,85,2409
0.0,7.764705882352941,9.072058823529412,360,0.7894117647058824,4.294117647058823,22,85,2410
0.0,7.170588235294118,8.805865695945526,360,0.8223529411764706,4.0,23,85,2411
0.0,6.905882352941177,8.601608525135884,360,0.8258823529411765,4.176470588235294,24,85,2412
0.0,6.482352941176471,8.61545545168692,360,0.8511764705882353,4.235294117647059,1,86,2413
0.0,5.947058823529411,8.576470588235296,360,0.8752941176470589,4.0,2,86,2414
0.0,5.81764705882353,8.61545545168692,360,0.8776470588235294,3.941176470588236,3,86,2415
0.0,5.482352941176471,8.7297532880231,360,0.89,3.7058823529411766,4,86,2416
0.0,5.647058823529412,8.911574888583628,360,0.8870588235294118,3.941176470588236,5,86,2417
2.640522875816993,5.452941176470588,9.148529411764706,360,0.8911764705882353,4.705882352941177,6,86,2418
78.55555555555554,5.788235294117648,9.424468798397411,360,0.8929411764705882,4.882352941176471,7,86,2419
312.90196078431376,7.482352941176471,9.720588235294118,360,0.8476470588235294,5.529411764705882,8,86,2420
577.6143790849674,9.011764705882351,10.016707672190824,360,0.79,6.235294117647059,9,86,2421
802.718954248366,10.294117647058824,10.29264705882353,360,0.7341176470588234,7.235294117647059,10,86,2422
945.9673202614379,11.2,10.529601582004608,360,0.6847058823529412,7.470588235294118,11,86,2423
996.1372549019609,12.123529411764704,10.711423182565136,360,0.6482352941176471,8.058823529411764,12,86,2424
990.8562091503268,12.147058823529411,10.825721018901316,360,0.6488235294117647,8.352941176470589,13,86,2425
905.6993464052287,12.717647058823529,10.86470588235294,360,0.628235294117647,8.117647058823529,14,86,2426
807.3398692810457,13.176470588235292,10.825721018901316,360,0.6129411764705882,8.058823529411764,15,86,2427
612.6013071895424,12.53529411764706,10.711423182565136,360,0.6211764705882353,8.411764705882353,16,86,2428
376.9346405228758,12.382352941176473,10.529601582004608,360,0.6141176470588237,7.411764705882353,17,86,2429
142.58823529411762,11.041176470588235,10.29264705882353,360,0.6617647058823529,6.411764705882353,18,86,2430
6.601307189542484,9.58235294117647,10.016707672190824,360,0.7117647058823529,4.529411764705882,19,86,2431
0.0,8.823529411764707,9.720588235294118,360,0.7447058823529411,4.647058823529412,20,86,2432
0.0,7.964705882352941,9.424468798397411,360,0.7782352941176471,5.0,21,86,2433
0.0,7.376470588235295,9.148529411764708,360,0.7994117647058823,4.705882352941177,22,86,2434
0.0,6.635294117647058,8.911574888583628,360,0.8194117647058823,4.294117647058823,23,86,2435
0.0,6.323529411764706,8.7297532880231,360,0.8323529411764706,3.941176470588236,24,86,2436
0.0,5.829411764705882,8.38467115114866,360,0.8476470588235294,4.0588235294117645,1,87,2437
0.0,5.476470588235294,8.341176470588236,360,0.8676470588235294,4.352941176470588,2,87,2438
0.0,5.264705882352941,8.38467115114866,360,0.8782352941176471,4.294117647058823,3,87,2439
0.0,4.870588235294117,8.5121911022281,360,0.8976470588235295,4.117647058823529,4,87,2440
0.0,4.688235294117647,8.715046049897172,360,0.8982352941176471,4.352941176470588,5,87,2441
1.3202614379084965,4.464705882352941,8.979411764705882,360,0.9094117647058825,4.235294117647059,6,87,2442
110.90196078431374,5.423529411764706,9.287272160075018,360,0.8976470588235295,4.176470588235294,7,87,2443
349.2091503267974,7.252941176470588,9.617647058823529,360,0.8541176470588234,4.941176470588236,8,87,2444
623.8235294117645,9.088235294117649,9.94802195757204,360,0.7994117647058823,5.705882352941177,9,87,2445
905.0392156862745,10.558823529411764,10.255882352941176,360,0.7223529411764705,6.823529411764706,10,87,2446
1021.2222222222222,11.405882352941177,10.520248067749886,360,0.6741176470588235,7.529411764705882,11,87,2447
1103.0784313725492,12.141176470588237,10.723103015418959,360,0.6341176470588237,7.529411764705882,12,87,2448
1053.5686274509803,12.541176470588235,10.850622966498397,360,0.6205882352941177,7.352941176470588,13,87,2449
919.562091503268,12.68235294117647,10.894117647058822,360,0.6135294117647059,7.235294117647059,14,87,2450
805.359477124183,12.623529411764704,10.850622966498397,360,0.6170588235294117,6.941176470588236,15,87,2451
595.4379084967321,12.405882352941177,10.723103015418959,360,0.6388235294117647,7.0,16,87,2452
368.35294117647055,11.782352941176471,10.520248067749886,360,0.6647058823529411,6.411764705882353,17,87,2453
132.68627450980392,10.576470588235296,10.255882352941176,360,0.7094117647058823,5.176470588235294,18,87,2454
5.281045751633986,8.994117647058824,9.94802195757204,360,0.766470588235294,4.588235294117647,19,87,2455
0.0,8.170588235294119,9.617647058823529,360,0.79,4.235294117647059,20,87,2456
0.0,7.882352941176471,9.287272160075018,360,0.786470588235294,4.529411764705882,21,87,2457
0.0,7.176470588235294,8.979411764705883,360,0.8229411764705883,4.588235294117647,22,87,2458
0.0,6.823529411764706,8.715046049897172,360,0.8417647058823529,4.411764705882353,23,87,2459
0.0,6.917647058823529,8.5121911022281,360,0.8470588235294118,4.529411764705882,24,87,2460
0.0,6.605882352941176,8.709804053440939,360,0.8711764705882353,4.470588235294118,1,88,2461
0.0,6.4,8.66470588235294,360,0.8805882352941177,4.588235294117647,2,88,2462
0.0,6.252941176470589,8.709804053440939,360,0.8858823529411766,4.235294117647059,3,88,2463
0.0,5.970588235294118,8.842025200873538,360,0.9011764705882354,4.764705882352941,4,88,2464
0.0,5.658823529411765,9.05235867195898,360,0.9105882352941176,4.823529411764706,5,88,2465
0.6601307189542482,5.852941176470588,9.326470588235294,360,0.9047058823529411,4.941176470588236,6,88,2466
102.98039215686273,6.729411764705882,9.645680675599605,360,0.9029411764705884,5.117647058823529,7,88,2467
312.90196078431376,8.200000000000001,9.988235294117647,360,0.8576470588235294,6.176470588235294,8,88,2468
586.1960784313725,9.876470588235296,10.330789912635689,360,0.7905882352941177,6.705882352941177,9,88,2469
781.59477124183,11.076470588235296,10.65,360,0.7317647058823529,6.941176470588236,10,88,2470
1032.4444444444446,12.43529411764706,10.924111916276313,360,0.67,7.764705882352941,11,88,2471
1029.143790849673,13.01764705882353,11.134445387361756,360,0.6541176470588235,7.352941176470588,12,88,2472
1085.9150326797385,13.82941176470588,11.266666534794355,360,0.6241176470588237,8.0,13,88,2473
996.7973856209152,14.176470588235292,11.311764705882354,360,0.6052941176470589,7.529411764705882,14,88,2474
809.3202614379087,14.158823529411764,11.266666534794355,360,0.5947058823529412,8.235294117647058,15,88,2475
580.9150326797386,13.9,11.134445387361756,360,0.6170588235294117,7.588235294117647,16,88,2476
380.89542483660125,13.341176470588236,10.924111916276313,360,0.6223529411764706,6.823529411764706,17,88,2477
140.60784313725492,11.98235294117647,10.65,360,0.6576470588235295,5.352941176470588,18,88,2478
5.9411764705882355,10.323529411764708,10.330789912635689,360,0.7252941176470589,4.647058823529412,19,88,2479
0.0,9.541176470588235,9.988235294117647,360,0.7635294117647059,4.0588235294117645,20,88,2480
0.0,8.647058823529411,9.645680675599605,360,0.8005882352941177,4.0,21,88,2481
0.0,8.411764705882353,9.326470588235294,360,0.8058823529411765,4.176470588235294,22,88,2482
0.0,7.7,9.05235867195898,360,0.8341176470588235,4.235294117647059,23,88,2483
0.0,7.270588235294118,8.842025200873538,360,0.8447058823529412,3.7058823529411766,24,88,2484
0.0,7.0,8.909403180809045,360,0.85,3.4705882352941178,1,89,2485
0.0,6.723529411764706,8.86470588235294,360,0.86,3.647058823529412,2,89,2486
0.0,6.552941176470589,8.909403180809043,360,0.8682352941176471,4.117647058823529,3,89,2487
0.0,6.588235294117647,9.040449029153352,360,0.8576470588235294,4.176470588235294,4,89,2488
0.0,6.211764705882352,9.248912869384704,360,0.88,4.588235294117647,5,89,2489
3.9607843137254903,5.947058823529411,9.520588235294117,360,0.9017647058823528,3.823529411764706,6,89,2490
101.66013071895425,7.029411764705882,9.836960899659633,360,0.8817647058823529,4.352941176470588,7,89,2491
321.483660130719,8.611764705882353,10.176470588235293,360,0.8258823529411765,5.411764705882353,8,89,2492
576.9542483660132,10.388235294117647,10.515980276810954,360,0.7770588235294117,6.117647058823529,9,89,2493
797.4379084967321,12.03529411764706,10.83235294117647,360,0.7082352941176471,7.0,10,89,2494
943.9869281045752,13.123529411764704,11.104028307085883,360,0.6547058823529411,7.647058823529412,11,89,2495
1014.6209150326797,13.870588235294118,11.312492147317235,360,0.6235294117647059,7.647058823529412,12,89,2496
1040.3660130718956,14.541176470588235,11.443537995661544,360,0.5935294117647059,8.117647058823529,13,89,2497
893.1568627450981,14.558823529411764,11.488235294117647,360,0.601764705882353,7.823529411764706,14,89,2498
720.2026143790849,14.405882352941177,11.443537995661544,360,0.6105882352941177,8.294117647058824,15,89,2499
549.8888888888889,14.070588235294116,11.312492147317235,360,0.6264705882352941,7.588235294117647,16,89,2500
336.66666666666663,13.570588235294116,11.104028307085883,360,0.6494117647058824,7.0,17,89,2501
139.28758169934642,12.41764705882353,10.83235294117647,360,0.6888235294117646,5.882352941176471,18,89,2502
7.921568627450981,10.63529411764706,10.515980276810954,360,0.7370588235294118,4.588235294117647,19,89,2503
0.0,9.75294117647059,10.176470588235293,360,0.7552941176470589,4.176470588235294,20,89,2504
0.0,9.41764705882353,9.836960899659633,360,0.7641176470588235,4.529411764705882,21,89,2505
