PARi,air_temperature,soil_temperature,ambient_CO2,humidity,Wind,hour,DOY,t
314.2222222222222,9.7,8.712916512459886,360,0.86,9.0,12,351,0
415.2222222222223,11.6,8.777851787087895,360,0.83,8.0,13,351,1
370.33333333333337,10.9,8.8,360,0.8,6.0,14,351,2
157.1111111111111,11.1,8.777851787087895,360,0.81,6.0,15,351,3
56.111111111111114,10.9,8.712916512459886,360,0.84,4.0,16,351,4
0.0,11.0,8.609619407771257,360,0.83,5.0,17,351,5
0.0,10.7,8.475000000000001,360,0.86,5.0,18,351,6
0.0,11.0,8.318232379316639,360,0.86,6.0,19,351,7
0.0,11.3,8.15,360,0.84,7.0,20,351,8
0.0,10.9,7.981767620683362,360,0.87,8.0,21,351,9
0.0,10.6,7.825,360,0.91,6.0,22,351,10
0.0,10.3,7.6903805922287445,360,0.97,6.0,23,351,11
0.0,9.6,7.587083487540115,360,0.97,6.0,24,351,12
0.0,9.4,8.420444504226559,360,0.98,4.0,1,352,13
0.0,9.3,8.4,360,0.98,4.0,2,352,14
0.0,9.2,8.420444504226559,360,0.99,4.0,3,352,15
0.0,9.5,8.480384757729336,360,0.99,4.0,4,352,16
0.0,9.4,8.575735931288072,360,0.99,6.0,5,352,17
0.0,9.3,8.7,360,0.99,5.0,6,352,18
0.0,8.9,8.844708572938488,360,0.99,4.0,7,352,19
11.222222222222221,8.1,9.0,360,0.99,6.0,8,352,20
112.22222222222223,8.6,9.155291427061512,360,0.99,6.0,9,352,21
213.22222222222223,9.2,9.3,360,0.99,6.0,10,352,22
336.66666666666663,10.1,9.424264068711928,360,0.99,6.0,11,352,23
392.7777777777778,10.6,9.519615242270662,360,0.96,6.0,12,352,24
381.55555555555554,11.5,9.579555495773441,360,0.92,6.0,13,352,25
381.55555555555554,11.4,9.6,360,0.89,6.0,14,352,26
291.77777777777777,11.3,9.579555495773441,360,0.89,5.0,15,352,27
56.111111111111114,10.7,9.519615242270662,360,0.93,3.0,16,352,28
0.0,9.6,9.424264068711928,360,0.94,3.0,17,352,29
0.0,8.2,9.3,360,0.97,2.0,18,352,30
0.0,8.6,9.155291427061512,360,0.98,4.0,19,352,31
0.0,7.0,9.0,360,0.98,3.0,20,352,32
0.0,6.4,8.844708572938488,360,0.99,3.0,21,352,33
0.0,7.2,8.700000000000001,360,0.99,3.0,22,352,34
0.0,6.3,8.575735931288072,360,0.98,3.0,23,352,35
0.0,7.3,8.480384757729338,360,0.99,4.0,24,352,36
0.0,7.2,7.913629669484374,360,0.99,4.0,1,353,37
0.0,6.6,7.900000000000001,360,0.99,4.0,2,353,38
0.0,5.8,7.913629669484374,360,0.99,3.0,3,353,39
0.0,4.4,7.953589838486225,360,0.99,3.0,4,353,40
0.0,4.6,8.017157287525382,360,0.99,3.0,5,353,41
0.0,4.2,8.100000000000001,360,0.99,5.0,6,353,42
0.0,5.4,8.196472381958992,360,0.99,5.0,7,353,43
11.222222222222221,5.4,8.3,360,0.99,6.0,8,353,44
101.0,5.5,8.403527618041009,360,0.99,4.0,9,353,45
303.0,6.6,8.5,360,0.99,5.0,10,353,46
370.33333333333337,6.8,8.58284271247462,360,0.99,7.0,11,353,47
347.8888888888889,7.1,8.646410161513776,360,0.99,7.0,12,353,48
538.6666666666667,8.7,8.686370330515627,360,0.99,7.0,13,353,49
516.2222222222223,8.7,8.7,360,0.93,6.0,14,353,50
303.0,9.1,8.686370330515627,360,0.91,5.0,15,353,51
112.22222222222223,8.1,8.646410161513776,360,0.93,4.0,16,353,52
0.0,7.6,8.58284271247462,360,0.96,4.0,17,353,53
0.0,7.8,8.5,360,0.99,6.0,18,353,54
0.0,8.1,8.403527618041009,360,0.99,8.0,19,353,55
0.0,8.4,8.3,360,0.99,7.0,20,353,56
0.0,8.9,8.196472381958992,360,0.99,6.0,21,353,57
0.0,9.1,8.100000000000001,360,0.98,8.0,22,353,58
0.0,9.1,8.017157287525382,360,0.97,8.0,23,353,59
0.0,8.8,7.953589838486225,360,0.98,8.0,24,353,60
0.0,8.9,8.515333378169919,360,0.97,9.0,1,354,61
0.0,9.3,8.5,360,0.95,10.0,2,354,62
0.0,9.6,8.515333378169919,360,0.9,10.0,3,354,63
0.0,9.8,8.560288568297002,360,0.9,9.0,4,354,64
0.0,10.2,8.631801948466052,360,0.86,11.0,5,354,65
0.0,10.4,8.725,360,0.85,8.0,6,354,66
0.0,9.8,8.833531429703864,360,0.9,8.0,7,354,67
0.0,9.4,8.95,360,0.97,7.0,8,354,68
33.66666666666667,9.6,9.066468570296134,360,0.99,7.0,9,354,69
89.77777777777777,9.9,9.174999999999999,360,0.98,6.0,10,354,70
145.88888888888889,10.2,9.268198051533945,360,0.96,6.0,11,354,71
123.44444444444446,10.3,9.339711431702996,360,0.96,6.0,12,354,72
269.33333333333337,10.8,9.38466662183008,360,0.95,8.0,13,354,73
213.22222222222223,11.1,9.399999999999999,360,0.94,6.0,14,354,74
123.44444444444446,10.9,9.38466662183008,360,0.94,6.0,15,354,75
67.33333333333334,10.9,9.339711431702996,360,0.95,6.0,16,354,76
0.0,10.5,9.268198051533945,360,0.95,5.0,17,354,77
0.0,10.2,9.174999999999999,360,0.97,6.0,18,354,78
0.0,9.4,9.066468570296134,360,0.98,5.0,19,354,79
0.0,9.8,8.95,360,0.99,6.0,20,354,80
0.0,9.2,8.833531429703864,360,0.91,6.0,21,354,81
0.0,8.9,8.725,360,0.97,6.0,22,354,82
0.0,9.2,8.631801948466054,360,0.99,5.0,23,354,83
0.0,8.9,8.560288568297002,360,0.99,4.0,24,354,84
0.0,8.7,8.711925960798826,360,0.92,5.0,1,355,85
0.0,8.3,8.7,360,0.96,6.0,2,355,86
0.0,8.3,8.711925960798826,360,0.95,6.0,3,355,87
0.0,7.7,8.746891108675447,360,0.97,6.0,4,355,88
0.0,7.0,8.802512626584708,360,0.97,4.0,5,355,89
0.0,7.8,8.875,360,0.99,4.0,6,355,90
0.0,7.9,8.95941333421412,360,0.99,4.0,7,355,91
11.222222222222221,7.7,9.05,360,0.99,4.0,8,355,92
89.77777777777777,7.7,9.140586665785882,360,0.99,6.0,9,355,93
404.0,9.3,9.225000000000001,360,0.93,3.0,10,355,94
561.1111111111111,10.6,9.297487373415294,360,0.9,5.0,11,355,95
650.8888888888889,11.2,9.353108891324554,360,0.83,6.0,12,355,96
549.8888888888889,11.3,9.388074039201175,360,0.83,6.0,13,355,97
415.2222222222223,11.6,9.400000000000002,360,0.81,6.0,14,355,98
336.66666666666663,11.4,9.388074039201175,360,0.79,4.0,15,355,99
78.55555555555554,10.1,9.353108891324554,360,0.88,4.0,16,355,100
0.0,8.9,9.297487373415294,360,0.92,3.0,17,355,101
0.0,7.9,9.225000000000001,360,0.95,3.0,18,355,102
0.0,8.3,9.140586665785882,360,0.95,4.0,19,355,103
0.0,8.3,9.05,360,0.94,5.0,20,355,104
0.0,8.5,8.95941333421412,360,0.94,5.0,21,355,105
0.0,8.7,8.875,360,0.94,6.0,22,355,106
0.0,8.7,8.80251262658471,360,0.94,6.0,23,355,107
0.0,9.0,8.746891108675447,360,0.93,6.0,24,355,108
0.0,8.8,8.93066675633984,360,0.92,7.0,1,356,109
0.0,9.1,8.900000000000002,360,0.9,9.0,2,356,110
0.0,9.2,8.93066675633984,360,0.9,8.0,3,356,111
0.0,8.9,9.020577136594007,360,0.94,8.0,4,356,112
0.0,9.2,9.163603896932107,360,0.91,8.0,5,356,113
0.0,9.3,9.350000000000001,360,0.9,9.0,6,356,114
0.0,9.4,9.567062859407732,360,0.87,10.0,7,356,115
0.0,8.8,9.8,360,0.97,11.0,8,356,116
33.66666666666667,9.0,10.032937140592269,360,0.99,11.0,9,356,117
67.33333333333334,9.6,10.25,360,0.99,10.0,10,356,118
67.33333333333334,9.9,10.436396103067892,360,0.99,12.0,11,356,119
134.66666666666669,10.6,10.579422863405995,360,0.99,10.0,12,356,120
101.0,11.2,10.669333243660162,360,0.99,8.0,13,356,121
123.44444444444446,12.4,10.7,360,0.99,9.0,14,356,122
78.55555555555554,13.2,10.669333243660162,360,0.99,8.0,15,356,123
33.66666666666667,13.4,10.579422863405995,360,0.99,9.0,16,356,124
0.0,12.9,10.436396103067892,360,0.99,8.0,17,356,125
0.0,13.1,10.25,360,0.99,9.0,18,356,126
0.0,13.3,10.032937140592269,360,0.97,10.0,19,356,127
0.0,13.1,9.8,360,0.99,10.0,20,356,128
0.0,13.2,9.567062859407732,360,0.98,10.0,21,356,129
0.0,13.2,9.350000000000001,360,0.97,10.0,22,356,130
0.0,13.2,9.16360389693211,360,0.96,11.0,23,356,131
0.0,13.1,9.020577136594007,360,0.97,10.0,24,356,132
0.0,13.3,9.828963047654293,360,0.98,10.0,1,357,133
0.0,13.4,9.8,360,0.99,8.0,2,357,134
0.0,13.4,9.828963047654293,360,0.99,8.0,3,357,135
0.0,13.3,9.913878406783228,360,0.99,8.0,4,357,136
0.0,13.4,10.048959235991434,360,0.98,9.0,5,357,137
0.0,13.2,10.225,360,0.99,9.0,6,357,138
0.0,12.9,10.430003811662857,360,0.99,8.0,7,357,139
11.222222222222221,12.8,10.65,360,0.97,6.0,8,357,140
33.66666666666667,13.1,10.869996188337144,360,0.97,6.0,9,357,141
235.66666666666669,13.8,11.075000000000001,360,0.92,8.0,10,357,142
336.66666666666663,13.9,11.251040764008566,360,0.92,8.0,11,357,143
303.0,14.2,11.386121593216773,360,0.93,8.0,12,357,144
179.55555555555554,14.0,11.471036952345708,360,0.92,6.0,13,357,145
157.1111111111111,14.3,11.5,360,0.9,6.0,14,357,146
101.0,14.3,11.471036952345708,360,0.9,6.0,15,357,147
44.888888888888886,14.2,11.386121593216773,360,0.9,5.0,16,357,148
0.0,13.9,11.251040764008566,360,0.9,6.0,17,357,149
0.0,13.7,11.075000000000001,360,0.91,6.0,18,357,150
0.0,13.1,10.869996188337144,360,0.93,6.0,19,357,151
0.0,12.7,10.65,360,0.96,5.0,20,357,152
0.0,12.5,10.430003811662857,360,0.96,6.0,21,357,153
0.0,12.4,10.225000000000001,360,0.95,7.0,22,357,154
0.0,12.0,10.048959235991436,360,0.95,6.0,23,357,155
0.0,11.8,9.913878406783228,360,0.95,5.0,24,357,156
0.0,11.9,10.60511112605664,360,0.93,6.0,1,358,157
0.0,11.4,10.6,360,0.94,4.0,2,358,158
0.0,11.5,10.60511112605664,360,0.94,4.0,3,358,159
0.0,11.6,10.620096189432333,360,0.92,6.0,4,358,160
0.0,11.2,10.643933982822018,360,0.93,6.0,5,358,161
0.0,11.0,10.674999999999999,360,0.93,6.0,6,358,162
0.0,11.3,10.711177143234622,360,0.92,6.0,7,358,163
0.0,12.2,10.75,360,0.88,8.0,8,358,164
33.66666666666667,11.7,10.788822856765378,360,0.95,8.0,9,358,165
33.66666666666667,11.6,10.825000000000001,360,0.98,7.0,10,358,166
67.33333333333334,11.9,10.856066017177982,360,0.98,8.0,11,358,167
179.55555555555554,12.4,10.879903810567667,360,0.95,10.0,12,358,168
280.55555555555554,12.8,10.89488887394336,360,0.87,12.0,13,358,169
415.2222222222223,12.3,10.9,360,0.8,14.0,14,358,170
246.8888888888889,11.3,10.89488887394336,360,0.78,14.0,15,358,171
56.111111111111114,10.7,10.879903810567667,360,0.8,12.0,16,358,172
11.222222222222221,9.9,10.856066017177982,360,0.84,10.0,17,358,173
0.0,9.8,10.825000000000001,360,0.81,10.0,18,358,174
0.0,9.4,10.788822856765378,360,0.84,10.0,19,358,175
0.0,9.1,10.75,360,0.84,10.0,20,358,176
0.0,8.9,10.711177143234622,360,0.81,10.0,21,358,177
0.0,9.1,10.675,360,0.78,11.0,22,358,178
0.0,9.1,10.643933982822018,360,0.8,13.0,23,358,179
0.0,8.8,10.620096189432333,360,0.83,12.0,24,358,180
0.0,8.4,9.501703708685547,360,0.81,12.0,1,359,181
0.0,8.7,9.5,360,0.83,12.0,2,359,182
0.0,8.5,9.501703708685547,360,0.86,12.0,3,359,183
0.0,8.6,9.506698729810779,360,0.88,11.0,4,359,184
0.0,8.5,9.514644660940673,360,0.9,12.0,5,359,185
0.0,8.1,9.525,360,0.98,11.0,6,359,186
0.0,8.5,9.537059047744874,360,0.98,10.0,7,359,187
0.0,8.4,9.55,360,0.96,6.0,8,359,188
78.55555555555554,8.5,9.562940952255127,360,0.96,4.0,9,359,189
123.44444444444446,8.8,9.575000000000001,360,0.96,4.0,10,359,190
123.44444444444446,8.0,9.585355339059328,360,0.97,5.0,11,359,191
134.66666666666669,8.2,9.593301270189222,360,0.94,6.0,12,359,192
134.66666666666669,7.6,9.598296291314455,360,0.9,9.0,13,359,193
134.66666666666669,7.2,9.600000000000001,360,0.9,9.0,14,359,194
89.77777777777777,6.9,9.598296291314455,360,0.89,10.0,15,359,195
33.66666666666667,6.8,9.593301270189222,360,0.87,10.0,16,359,196
0.0,6.3,9.585355339059328,360,0.85,9.0,17,359,197
0.0,5.8,9.575000000000001,360,0.83,8.0,18,359,198
0.0,4.9,9.562940952255127,360,0.84,8.0,19,359,199
0.0,3.9,9.55,360,0.84,9.0,20,359,200
0.0,3.0,9.537059047744874,360,0.87,7.0,21,359,201
0.0,2.6,9.525,360,0.86,4.0,22,359,202
0.0,2.3,9.514644660940673,360,0.87,6.0,23,359,203
0.0,2.4,9.506698729810779,360,0.87,8.0,24,359,204
0.0,2.3,7.206814834742187,360,0.91,7.0,1,360,205
0.0,2.3,7.200000000000001,360,0.91,7.0,2,360,206
0.0,1.5,7.206814834742187,360,0.93,6.0,3,360,207
0.0,1.4,7.226794919243113,360,0.93,6.0,4,360,208
0.0,1.5,7.258578643762691,360,0.91,6.0,5,360,209
0.0,2.1,7.300000000000001,360,0.9,7.0,6,360,210
0.0,2.3,7.348236190979496,360,0.89,8.0,7,360,211
0.0,2.0,7.4,360,0.9,6.0,8,360,212
56.111111111111114,2.4,7.4517638090205045,360,0.9,6.0,9,360,213
134.66666666666669,3.1,7.5,360,0.89,6.0,10,360,214
157.1111111111111,4.0,7.54142135623731,360,0.85,8.0,11,360,215
190.77777777777777,4.5,7.573205080756888,360,0.84,7.0,12,360,216
258.11111111111114,4.9,7.593185165257814,360,0.82,8.0,13,360,217
168.33333333333331,5.1,7.6,360,0.78,8.0,14,360,218
168.33333333333331,5.0,7.593185165257814,360,0.78,8.0,15,360,219
44.888888888888886,4.9,7.573205080756888,360,0.76,7.0,16,360,220
0.0,3.8,7.54142135623731,360,0.77,5.0,17,360,221
0.0,3.3,7.5,360,0.79,5.0,18,360,222
0.0,2.3,7.4517638090205045,360,0.84,4.0,19,360,223
0.0,2.4,7.4,360,0.84,5.0,20,360,224
0.0,2.0,7.348236190979496,360,0.84,5.0,21,360,225
0.0,1.4,7.300000000000001,360,0.85,6.0,22,360,226
0.0,0.5,7.258578643762691,360,0.89,4.0,23,360,227
0.0,0.5,7.226794919243113,360,0.88,4.0,24,360,228
0.0,0.3,5.510222252113279,360,0.89,3.0,1,361,229
0.0,0.3,5.5,360,0.88,4.0,2,361,230
0.0,0.2,5.510222252113279,360,0.88,5.0,3,361,231
0.0,-0.4,5.540192378864669,360,0.88,4.0,4,361,232
0.0,-0.9,5.587867965644036,360,0.91,2.0,5,361,233
0.0,-2.1,5.6499999999999995,360,0.96,1.0,6,361,234
0.0,-2.0,5.722354286469244,360,0.97,2.0,7,361,235
11.222222222222221,-1.6,5.8,360,0.96,2.0,8,361,236
78.55555555555554,-1.1,5.877645713530756,360,0.94,3.0,9,361,237
549.8888888888889,0.9,5.95,360,0.87,3.0,10,361,238
336.66666666666663,1.3,6.012132034355964,360,0.85,2.0,11,361,239
213.22222222222223,1.9,6.059807621135331,360,0.88,4.0,12,361,240
269.33333333333337,2.7,6.08977774788672,360,0.83,5.0,13,361,241
347.8888888888889,3.6,6.1,360,0.8,5.0,14,361,242
370.33333333333337,3.8,6.08977774788672,360,0.79,6.0,15,361,243
101.0,3.3,6.059807621135331,360,0.79,5.0,16,361,244
0.0,3.0,6.012132034355964,360,0.85,6.0,17,361,245
0.0,3.0,5.95,360,0.84,8.0,18,361,246
0.0,2.8,5.877645713530756,360,0.84,7.0,19,361,247
0.0,2.6,5.8,360,0.86,6.0,20,361,248
0.0,2.8,5.722354286469244,360,0.86,6.0,21,361,249
0.0,3.0,5.65,360,0.85,8.0,22,361,250
0.0,3.3,5.587867965644036,360,0.85,9.0,23,361,251
0.0,3.6,5.540192378864669,360,0.9,9.0,24,361,252
0.0,4.0,5.913629669484374,360,0.94,10.0,1,362,253
0.0,4.2,5.9,360,0.97,11.0,2,362,254
0.0,4.4,5.913629669484373,360,0.99,12.0,3,362,255
0.0,4.5,5.953589838486225,360,0.98,13.0,4,362,256
0.0,4.5,6.017157287525381,360,0.98,11.0,5,362,257
0.0,4.2,6.1000000000000005,360,0.97,14.0,6,362,258
0.0,4.5,6.196472381958992,360,0.96,13.0,7,362,259
0.0,5.1,6.300000000000001,360,0.95,13.0,8,362,260
11.222222222222221,5.2,6.403527618041009,360,0.97,14.0,9,362,261
33.66666666666667,5.2,6.500000000000001,360,0.97,15.0,10,362,262
78.55555555555554,5.4,6.58284271247462,360,0.98,14.0,11,362,263
44.888888888888886,6.0,6.646410161513776,360,0.98,14.0,12,362,264
33.66666666666667,5.9,6.686370330515628,360,0.99,14.0,13,362,265
33.66666666666667,6.5,6.700000000000001,360,0.99,14.0,14,362,266
22.444444444444443,7.0,6.686370330515628,360,0.95,13.0,15,362,267
0.0,7.3,6.646410161513776,360,0.95,13.0,16,362,268
0.0,7.3,6.58284271247462,360,0.96,10.0,17,362,269
0.0,6.5,6.500000000000001,360,0.95,8.0,18,362,270
0.0,6.2,6.403527618041009,360,0.96,7.0,19,362,271
0.0,5.6,6.300000000000001,360,0.97,8.0,20,362,272
0.0,5.7,6.196472381958992,360,0.96,6.0,21,362,273
0.0,5.4,6.1000000000000005,360,0.97,6.0,22,362,274
0.0,5.1,6.017157287525382,360,0.96,6.0,23,362,275
0.0,5.3,5.953589838486225,360,0.91,9.0,24,362,276
0.0,4.7,5.906814834742186,360,0.93,8.0,1,363,277
0.0,4.3,5.9,360,0.94,6.0,2,363,278
0.0,3.8,5.906814834742186,360,0.93,8.0,3,363,279
0.0,3.9,5.926794919243112,360,0.9,10.0,4,363,280
0.0,3.1,5.95857864376269,360,0.91,10.0,5,363,281
0.0,2.3,6.0,360,0.94,6.0,6,363,282
0.0,2.3,6.0482361909794955,360,0.95,6.0,7,363,283
11.222222222222221,2.1,6.1,360,0.97,6.0,8,363,284
168.33333333333331,3.4,6.151763809020504,360,0.96,6.0,9,363,285
202.0,4.4,6.199999999999999,360,0.94,8.0,10,363,286
134.66666666666669,4.9,6.241421356237309,360,0.93,12.0,11,363,287
44.888888888888886,5.5,6.273205080756887,360,0.94,11.0,12,363,288
56.111111111111114,7.4,6.293185165257813,360,0.87,17.0,13,363,289
370.33333333333337,7.9,6.299999999999999,360,0.73,12.0,14,363,290
246.8888888888889,7.8,6.293185165257813,360,0.75,14.0,15,363,291
112.22222222222223,7.1,6.273205080756887,360,0.74,11.0,16,363,292
11.222222222222221,6.5,6.241421356237309,360,0.77,11.0,17,363,293
0.0,5.6,6.199999999999999,360,0.81,9.0,18,363,294
0.0,5.4,6.151763809020504,360,0.81,8.0,19,363,295
0.0,5.2,6.1,360,0.83,7.0,20,363,296
0.0,4.8,6.0482361909794955,360,0.8,6.0,21,363,297
0.0,4.4,6.0,360,0.83,7.0,22,363,298
0.0,4.0,5.95857864376269,360,0.86,6.0,23,363,299
0.0,3.9,5.926794919243112,360,0.92,6.0,24,363,300
0.0,3.7,5.613629669484372,360,0.94,5.0,1,364,301
0.0,3.6,5.6,360,0.94,5.0,2,364,302
0.0,4.1,5.613629669484372,360,0.95,4.0,3,364,303
0.0,4.8,5.653589838486224,360,0.93,6.0,4,364,304
0.0,4.0,5.717157287525381,360,0.93,6.0,5,364,305
0.0,3.4,5.8,360,0.94,5.0,6,364,306
0.0,3.7,5.896472381958992,360,0.92,5.0,7,364,307
0.0,2.9,6.0,360,0.92,5.0,8,364,308
134.66666666666669,3.6,6.103527618041008,360,0.88,4.0,9,364,309
303.0,4.8,6.2,360,0.86,6.0,10,364,310
516.2222222222223,6.0,6.282842712474619,360,0.82,6.0,11,364,311
639.6666666666667,7.0,6.346410161513775,360,0.77,7.0,12,364,312
549.8888888888889,6.7,6.386370330515628,360,0.8,9.0,13,364,313
594.7777777777778,7.2,6.4,360,0.78,8.0,14,364,314
359.1111111111111,7.1,6.386370330515628,360,0.77,8.0,15,364,315
157.1111111111111,6.0,6.346410161513775,360,0.84,7.0,16,364,316
0.0,4.7,6.282842712474619,360,0.86,5.0,17,364,317
0.0,3.8,6.2,360,0.91,5.0,18,364,318
0.0,3.7,6.103527618041008,360,0.92,4.0,19,364,319
0.0,3.3,6.0,360,0.92,4.0,20,364,320
0.0,3.3,5.896472381958992,360,0.94,4.0,21,364,321
0.0,3.1,5.8,360,0.96,3.0,22,364,322
0.0,3.3,5.717157287525381,360,0.98,2.0,23,364,323
0.0,3.7,5.653589838486225,360,0.97,4.0,24,364,324
0.0,3.2,5.4170370868554665,360,0.97,3.0,1,365,325
0.0,2.2,5.4,360,0.96,4.0,2,365,326
0.0,1.6,5.4170370868554665,360,0.96,4.0,3,365,327
0.0,1.1,5.466987298107781,360,0.98,2.0,4,365,328
0.0,1.4,5.546446609406726,360,0.99,4.0,5,365,329
0.0,1.7,5.65,360,0.99,3.0,6,365,330
0.0,0.4,5.77059047744874,360,0.99,4.0,7,365,331
11.222222222222221,-0.6,5.9,360,0.99,4.0,8,365,332
123.44444444444446,0.1,6.02940952255126,360,0.99,5.0,9,365,333
280.55555555555554,1.5,6.15,360,0.99,4.0,10,365,334
561.1111111111111,4.1,6.253553390593274,360,0.99,4.0,11,365,335
695.7777777777778,5.9,6.33301270189222,360,0.84,4.0,12,365,336
572.3333333333333,6.4,6.382962913144534,360,0.81,6.0,13,365,337
561.1111111111111,6.9,6.4,360,0.77,6.0,14,365,338
291.77777777777777,6.2,6.382962913144534,360,0.85,7.0,15,365,339
112.22222222222223,5.8,6.33301270189222,360,0.86,6.0,16,365,340
11.222222222222221,5.2,6.253553390593274,360,0.89,5.0,17,365,341
0.0,4.9,6.15,360,0.89,6.0,18,365,342
0.0,5.1,6.02940952255126,360,0.92,7.0,19,365,343
0.0,5.2,5.9,360,0.93,7.0,20,365,344
0.0,5.2,5.77059047744874,360,0.97,8.0,21,365,345
0.0,5.3,5.65,360,0.98,8.0,22,365,346
0.0,5.7,5.546446609406726,360,0.98,8.0,23,365,347
0.0,6.1,5.466987298107781,360,0.99,7.0,24,365,348
0.0,6.3,6.117037086855466,360,0.98,7.0,1,366,349
0.0,6.4,6.1,360,0.98,6.0,2,366,350
0.0,6.4,6.117037086855466,360,0.99,6.0,3,366,351
0.0,6.2,6.16698729810778,360,0.99,5.0,4,366,352
0.0,5.8,6.246446609406726,360,0.99,5.0,5,366,353
0.0,5.9,6.35,360,0.99,6.0,6,366,354
0.0,5.9,6.47059047744874,360,0.99,5.0,7,366,355
0.0,5.9,6.6,360,0.99,4.0,8,366,356
78.55555555555554,6.3,6.72940952255126,360,0.99,5.0,9,366,357
235.66666666666669,6.4,6.85,360,0.97,6.0,10,366,358
303.0,6.4,6.953553390593274,360,0.9,5.0,11,366,359
381.55555555555554,6.1,7.033012701892219,360,0.83,6.0,12,366,360
628.4444444444443,6.5,7.0829629131445335,360,0.75,6.0,13,366,361
448.8888888888889,6.5,7.1,360,0.74,6.0,14,366,362
314.2222222222222,6.0,7.0829629131445335,360,0.73,7.0,15,366,363
179.55555555555554,5.2,7.033012701892219,360,0.78,4.0,16,366,364
11.222222222222221,3.8,6.953553390593274,360,0.84,3.0,17,366,365
0.0,2.4,6.85,360,0.88,1.0,18,366,366
0.0,1.7,6.72940952255126,360,0.88,2.0,19,366,367
0.0,1.3,6.6,360,0.89,1.0,20,366,368
0.0,1.0,6.47059047744874,360,0.9,1.0,21,366,369
0.0,-0.9,6.35,360,0.96,1.0,22,366,370
0.0,-1.1,6.246446609406726,360,0.98,1.0,23,366,371
0.0,-1.0,6.16698729810778,360,0.98,2.0,24,366,372
0.0,-1.7,4.2102222521132795,360,0.98,1.0,1,1,373
0.0,-1.7,4.2,360,0.99,0.0,2,1,374
0.0,-2.3,4.2102222521132795,360,0.99,1.0,3,1,375
0.0,-2.1,4.240192378864668,360,0.99,1.0,4,1,376
0.0,-2.2,4.287867965644036,360,0.99,1.0,5,1,377
0.0,-3.4,4.35,360,0.99,1.0,6,1,378
0.0,-2.9,4.422354286469244,360,0.99,1.0,7,1,379
0.0,-2.8,4.5,360,0.99,1.0,8,1,380
168.33333333333331,-1.6,4.577645713530756,360,0.99,2.0,9,1,381
471.33333333333337,0.2,4.65,360,0.99,2.0,10,1,382
718.2222222222222,2.1,4.712132034355964,360,0.97,2.0,11,1,383
729.4444444444443,4.0,4.759807621135331,360,0.87,4.0,12,1,384
718.2222222222222,4.7,4.7897777478867205,360,0.75,5.0,13,1,385
594.7777777777778,4.9,4.8,360,0.74,6.0,14,1,386
336.66666666666663,3.4,4.7897777478867205,360,0.74,8.0,15,1,387
78.55555555555554,2.5,4.759807621135331,360,0.78,6.0,16,1,388
11.222222222222221,1.2,4.712132034355964,360,0.82,4.0,17,1,389
0.0,0.7,4.65,360,0.89,3.0,18,1,390
0.0,0.2,4.577645713530756,360,0.94,4.0,19,1,391
0.0,0.1,4.5,360,0.97,6.0,20,1,392
0.0,0.2,4.422354286469244,360,0.99,6.0,21,1,393
0.0,0.0,4.3500000000000005,360,0.99,6.0,22,1,394
0.0,0.0,4.287867965644036,360,0.99,4.0,23,1,395
0.0,-0.3,4.240192378864669,360,0.99,6.0,24,1,396
0.0,-0.5,4.2102222521132795,360,0.98,7.0,1,2,397
0.0,-0.7,4.2,360,0.96,7.0,2,2,398
0.0,-0.4,4.2102222521132795,360,0.93,8.0,3,2,399
0.0,-0.3,4.240192378864668,360,0.93,8.0,4,2,400
0.0,-0.2,4.287867965644036,360,0.91,7.0,5,2,401
0.0,-0.5,4.35,360,0.94,4.0,6,2,402
0.0,-0.8,4.422354286469244,360,0.94,5.0,7,2,403
0.0,-1.3,4.5,360,0.98,4.0,8,2,404
44.888888888888886,-1.5,4.577645713530756,360,0.99,5.0,9,2,405
157.1111111111111,-1.5,4.65,360,0.99,5.0,10,2,406
314.2222222222222,-0.8,4.712132034355964,360,0.99,6.0,11,2,407
549.8888888888889,0.6,4.759807621135331,360,0.93,6.0,12,2,408
729.4444444444443,1.7,4.7897777478867205,360,0.85,6.0,13,2,409
617.2222222222222,2.3,4.8,360,0.77,5.0,14,2,410
426.44444444444446,2.7,4.7897777478867205,360,0.76,4.0,15,2,411
179.55555555555554,1.6,4.759807621135331,360,0.79,3.0,16,2,412
11.222222222222221,-0.1,4.712132034355964,360,0.9,1.0,17,2,413
0.0,0.5,4.65,360,0.89,1.0,18,2,414
0.0,0.0,4.577645713530756,360,0.92,1.0,19,2,415
0.0,-0.2,4.5,360,0.94,1.0,20,2,416
0.0,0.7,4.422354286469244,360,0.92,2.0,21,2,417
0.0,1.0,4.3500000000000005,360,0.91,2.0,22,2,418
0.0,1.2,4.287867965644036,360,0.92,4.0,23,2,419
0.0,1.1,4.240192378864669,360,0.94,3.0,24,2,420
0.0,1.1,4.418740795541013,360,0.95,3.0,1,3,421
0.0,1.2,4.4,360,0.96,3.0,2,3,422
0.0,1.1,4.418740795541012,360,0.97,4.0,3,3,423
0.0,1.3,4.473686027918559,360,0.97,4.0,4,3,424
0.0,1.2,4.561091270347399,360,0.97,4.0,5,3,425
0.0,1.5,4.675,360,0.97,2.0,6,3,426
0.0,1.6,4.8076495251936135,360,0.98,4.0,7,3,427
0.0,1.3,4.95,360,0.98,3.0,8,3,428
22.444444444444443,1.6,5.092350474806387,360,0.98,2.0,9,3,429
190.77777777777777,2.5,5.2250000000000005,360,0.96,2.0,10,3,430
359.1111111111111,3.0,5.338908729652601,360,0.9,3.0,11,3,431
527.4444444444445,4.3,5.4263139720814415,360,0.81,2.0,12,3,432
213.22222222222223,3.8,5.481259204458988,360,0.86,2.0,13,3,433
235.66666666666669,4.1,5.5,360,0.86,3.0,14,3,434
134.66666666666669,3.7,5.481259204458988,360,0.87,3.0,15,3,435
33.66666666666667,2.7,5.4263139720814415,360,0.94,5.0,16,3,436
11.222222222222221,2.4,5.338908729652601,360,0.95,4.0,17,3,437
0.0,2.1,5.2250000000000005,360,0.92,5.0,18,3,438
0.0,1.5,5.092350474806387,360,0.9,6.0,19,3,439
0.0,0.9,4.95,360,0.91,6.0,20,3,440
0.0,-0.5,4.8076495251936135,360,0.94,4.0,21,3,441
0.0,-1.2,4.675000000000001,360,0.96,4.0,22,3,442
0.0,-1.1,4.561091270347399,360,0.97,2.0,23,3,443
0.0,-1.8,4.473686027918559,360,0.96,2.0,24,3,444
0.0,-1.9,4.2102222521132795,360,0.99,2.0,1,4,445
0.0,-1.4,4.2,360,0.99,2.0,2,4,446
0.0,-1.5,4.2102222521132795,360,0.99,2.0,3,4,447
0.0,-1.1,4.240192378864668,360,0.99,2.0,4,4,448
0.0,-0.8,4.287867965644036,360,0.99,4.0,5,4,449
0.0,-0.6,4.35,360,0.99,3.0,6,4,450
0.0,-0.3,4.422354286469244,360,0.99,2.0,7,4,451
0.0,0.0,4.5,360,0.99,2.0,8,4,452
22.444444444444443,0.2,4.577645713530756,360,0.99,3.0,9,4,453
67.33333333333334,0.5,4.65,360,0.99,3.0,10,4,454
112.22222222222223,0.9,4.712132034355964,360,0.99,4.0,11,4,455
224.44444444444446,1.7,4.759807621135331,360,0.97,3.0,12,4,456
493.7777777777778,2.0,4.7897777478867205,360,0.86,5.0,13,4,457
157.1111111111111,1.7,4.8,360,0.9,4.0,14,4,458
89.77777777777777,1.7,4.7897777478867205,360,0.89,4.0,15,4,459
44.888888888888886,1.4,4.759807621135331,360,0.91,4.0,16,4,460
0.0,1.2,4.712132034355964,360,0.94,4.0,17,4,461
0.0,1.1,4.65,360,0.94,4.0,18,4,462
0.0,1.1,4.577645713530756,360,0.95,4.0,19,4,463
0.0,1.0,4.5,360,0.96,4.0,20,4,464
0.0,1.0,4.422354286469244,360,0.96,4.0,21,4,465
0.0,0.9,4.3500000000000005,360,0.96,3.0,22,4,466
0.0,0.9,4.287867965644036,360,0.96,4.0,23,4,467
0.0,0.9,4.240192378864669,360,0.97,4.0,24,4,468
0.0,0.9,4.50511112605664,360,0.96,4.0,1,5,469
0.0,0.9,4.5,360,0.96,4.0,2,5,470
0.0,0.8,4.50511112605664,360,0.96,4.0,3,5,471
0.0,0.8,4.520096189432334,360,0.95,5.0,4,5,472
0.0,1.0,4.543933982822018,360,0.95,6.0,5,5,473
0.0,1.2,4.575,360,0.96,5.0,6,5,474
0.0,1.3,4.611177143234622,360,0.95,5.0,7,5,475
0.0,1.4,4.65,360,0.95,5.0,8,5,476
22.444444444444443,1.5,4.688822856765379,360,0.95,5.0,9,5,477
56.111111111111114,1.7,4.7250000000000005,360,0.95,5.0,10,5,478
78.55555555555554,1.9,4.756066017177982,360,0.95,4.0,11,5,479
67.33333333333334,2.0,4.779903810567666,360,0.94,4.0,12,5,480
123.44444444444446,2.4,4.794888873943361,360,0.92,4.0,13,5,481
89.77777777777777,2.3,4.800000000000001,360,0.91,4.0,14,5,482
89.77777777777777,2.3,4.794888873943361,360,0.91,4.0,15,5,483
33.66666666666667,2.2,4.779903810567666,360,0.92,4.0,16,5,484
0.0,2.0,4.756066017177982,360,0.93,4.0,17,5,485
0.0,1.7,4.7250000000000005,360,0.95,3.0,18,5,486
0.0,1.8,4.688822856765379,360,0.96,2.0,19,5,487
0.0,1.7,4.65,360,0.96,3.0,20,5,488
0.0,1.5,4.611177143234622,360,0.97,3.0,21,5,489
0.0,1.3,4.575,360,0.97,3.0,22,5,490
0.0,1.2,4.543933982822018,360,0.97,3.0,23,5,491
0.0,1.0,4.520096189432334,360,0.96,2.0,24,5,492
0.0,1.0,4.60511112605664,360,0.96,2.0,1,6,493
0.0,1.0,4.6,360,0.96,3.0,2,6,494
0.0,0.9,4.60511112605664,360,0.97,3.0,3,6,495
0.0,0.9,4.620096189432334,360,0.98,3.0,4,6,496
0.0,1.0,4.643933982822017,360,0.98,2.0,5,6,497
0.0,1.2,4.675,360,0.98,2.0,6,6,498
0.0,1.3,4.711177143234622,360,0.98,2.0,7,6,499
0.0,1.4,4.75,360,0.98,3.0,8,6,500
44.888888888888886,1.6,4.788822856765378,360,0.97,3.0,9,6,501
78.55555555555554,1.8,4.825,360,0.96,3.0,10,6,502
89.77777777777777,1.9,4.856066017177983,360,0.94,3.0,11,6,503
89.77777777777777,2.0,4.879903810567666,360,0.93,3.0,12,6,504
89.77777777777777,2.1,4.89488887394336,360,0.92,3.0,13,6,505
101.0,2.3,4.9,360,0.91,2.0,14,6,506
78.55555555555554,2.2,4.89488887394336,360,0.91,2.0,15,6,507
33.66666666666667,1.8,4.879903810567666,360,0.94,2.0,16,6,508
0.0,1.8,4.856066017177983,360,0.94,2.0,17,6,509
0.0,1.7,4.825,360,0.95,2.0,18,6,510
0.0,1.5,4.788822856765378,360,0.96,1.0,19,6,511
0.0,1.2,4.75,360,0.96,1.0,20,6,512
0.0,1.4,4.711177143234622,360,0.97,2.0,21,6,513
0.0,0.9,4.675,360,0.97,2.0,22,6,514
0.0,0.4,4.643933982822017,360,0.98,1.0,23,6,515
0.0,0.3,4.620096189432334,360,0.99,2.0,24,6,516
0.0,-1.0,4.015333378169919,360,0.99,1.0,1,7,517
0.0,0.5,4.0,360,0.99,2.0,2,7,518
0.0,-0.6,4.015333378169919,360,0.99,2.0,3,7,519
0.0,-0.8,4.060288568297002,360,0.99,2.0,4,7,520
0.0,-2.2,4.1318019484660535,360,0.99,0.0,5,7,521
0.0,-1.6,4.225,360,0.99,1.0,6,7,522
0.0,-0.7,4.333531429703866,360,0.99,2.0,7,7,523
0.0,-0.3,4.45,360,0.99,2.0,8,7,524
78.55555555555554,-0.2,4.566468570296134,360,0.99,2.0,9,7,525
347.8888888888889,0.9,4.675000000000001,360,0.99,2.0,10,7,526
482.5555555555556,1.5,4.768198051533947,360,0.99,2.0,11,7,527
673.3333333333333,2.9,4.839711431702998,360,0.86,3.0,12,7,528
303.0,2.8,4.884666621830081,360,0.81,4.0,13,7,529
190.77777777777777,2.5,4.9,360,0.8,4.0,14,7,530
78.55555555555554,2.6,4.884666621830081,360,0.8,3.0,15,7,531
44.888888888888886,2.3,4.839711431702998,360,0.82,4.0,16,7,532
11.222222222222221,2.2,4.768198051533947,360,0.8,2.0,17,7,533
0.0,1.8,4.675000000000001,360,0.87,1.0,18,7,534
0.0,1.5,4.566468570296134,360,0.8,2.0,19,7,535
0.0,0.0,4.45,360,0.87,1.0,20,7,536
0.0,-0.5,4.333531429703866,360,0.89,2.0,21,7,537
0.0,-0.4,4.2250000000000005,360,0.91,2.0,22,7,538
0.0,-1.0,4.1318019484660535,360,0.92,2.0,23,7,539
0.0,-0.7,4.060288568297002,360,0.89,4.0,24,7,540
0.0,-1.0,3.11022225211328,360,0.91,2.0,1,8,541
0.0,-1.7,3.1000000000000005,360,0.9,3.0,2,8,542
0.0,-1.2,3.11022225211328,360,0.92,2.0,3,8,543
0.0,-2.2,3.140192378864669,360,0.93,2.0,4,8,544
0.0,-2.0,3.187867965644036,360,0.92,2.0,5,8,545
0.0,-3.5,3.25,360,0.96,1.0,6,8,546
0.0,-3.7,3.322354286469244,360,0.98,1.0,7,8,547
0.0,-2.6,3.4000000000000004,360,0.99,1.0,8,8,548
44.888888888888886,-1.5,3.4776457135307566,360,0.99,2.0,9,8,549
123.44444444444446,-0.7,3.5500000000000003,360,0.98,2.0,10,8,550
213.22222222222223,0.0,3.6121320343559646,360,0.95,3.0,11,8,551
235.66666666666669,-0.1,3.659807621135332,360,0.95,4.0,12,8,552
190.77777777777777,-0.1,3.689777747886721,360,0.95,3.0,13,8,553
157.1111111111111,-0.2,3.7,360,0.96,3.0,14,8,554
123.44444444444446,-0.9,3.689777747886721,360,0.97,4.0,15,8,555
44.888888888888886,-0.9,3.659807621135332,360,0.98,4.0,16,8,556
11.222222222222221,-0.6,3.6121320343559646,360,0.96,5.0,17,8,557
0.0,-0.2,3.5500000000000003,360,0.91,5.0,18,8,558
0.0,-0.2,3.4776457135307566,360,0.9,6.0,19,8,559
0.0,-1.0,3.4000000000000004,360,0.92,5.0,20,8,560
0.0,-1.2,3.322354286469244,360,0.95,6.0,21,8,561
0.0,-1.4,3.2500000000000004,360,0.95,6.0,22,8,562
0.0,-1.3,3.187867965644036,360,0.95,6.0,23,8,563
0.0,-1.4,3.140192378864669,360,0.94,6.0,24,8,564
0.0,-1.3,3.2102222521132795,360,0.95,7.0,1,9,565
0.0,-1.2,3.2,360,0.94,8.0,2,9,566
0.0,-1.1,3.2102222521132795,360,0.93,7.0,3,9,567
0.0,-1.2,3.2401923788646685,360,0.95,8.0,4,9,568
0.0,-1.3,3.2878679656440357,360,0.96,8.0,5,9,569
0.0,-1.0,3.35,360,0.94,9.0,6,9,570
0.0,-1.0,3.422354286469244,360,0.93,8.0,7,9,571
0.0,-0.7,3.5,360,0.91,8.0,8,9,572
67.33333333333334,-0.6,3.577645713530756,360,0.9,9.0,9,9,573
157.1111111111111,-0.1,3.65,360,0.89,9.0,10,9,574
392.7777777777778,1.2,3.7121320343559643,360,0.84,10.0,11,9,575
572.3333333333333,1.9,3.7598076211353315,360,0.8,10.0,12,9,576
606.0,1.8,3.7897777478867205,360,0.8,10.0,13,9,577
606.0,2.0,3.8,360,0.79,10.0,14,9,578
426.44444444444446,1.8,3.7897777478867205,360,0.79,10.0,15,9,579
145.88888888888889,1.5,3.7598076211353315,360,0.83,12.0,16,9,580
11.222222222222221,1.0,3.7121320343559643,360,0.84,10.0,17,9,581
0.0,0.2,3.65,360,0.89,10.0,18,9,582
0.0,-0.2,3.577645713530756,360,0.91,8.0,19,9,583
0.0,-0.1,3.5,360,0.86,8.0,20,9,584
0.0,-0.2,3.422354286469244,360,0.84,8.0,21,9,585
0.0,-0.2,3.35,360,0.83,10.0,22,9,586
0.0,-0.2,3.2878679656440357,360,0.84,10.0,23,9,587
0.0,-0.5,3.2401923788646685,360,0.85,10.0,24,9,588
0.0,-0.9,2.508518543427733,360,0.88,10.0,1,10,589
0.0,-1.2,2.5,360,0.9,9.0,2,10,590
0.0,-1.2,2.508518543427733,360,0.89,9.0,3,10,591
0.0,-1.5,2.53349364905389,360,0.9,9.0,4,10,592
0.0,-1.7,2.573223304703363,360,0.9,10.0,5,10,593
0.0,-1.8,2.625,360,0.9,10.0,6,10,594
0.0,-1.8,2.68529523872437,360,0.89,9.0,7,10,595
11.222222222222221,-1.9,2.75,360,0.89,10.0,8,10,596
168.33333333333331,-0.8,2.81470476127563,360,0.85,9.0,9,10,597
437.6666666666667,0.5,2.875,360,0.78,10.0,10,10,598
639.6666666666667,1.7,2.926776695296637,360,0.74,12.0,11,10,599
774.3333333333333,2.2,2.96650635094611,360,0.74,12.0,12,10,600
774.3333333333333,2.6,2.991481456572267,360,0.75,13.0,13,10,601
673.3333333333333,2.7,3.0,360,0.73,12.0,14,10,602
493.7777777777778,2.8,2.991481456572267,360,0.73,12.0,15,10,603
224.44444444444446,2.1,2.96650635094611,360,0.76,12.0,16,10,604
33.66666666666667,1.4,2.926776695296637,360,0.77,10.0,17,10,605
0.0,1.0,2.875,360,0.79,8.0,18,10,606
0.0,0.8,2.81470476127563,360,0.8,9.0,19,10,607
0.0,0.5,2.75,360,0.81,10.0,20,10,608
0.0,0.3,2.68529523872437,360,0.82,9.0,21,10,609
0.0,-0.2,2.625,360,0.85,8.0,22,10,610
0.0,-0.6,2.573223304703363,360,0.86,6.0,23,10,611
0.0,-1.2,2.53349364905389,360,0.9,6.0,24,10,612
0.0,-1.5,2.222148212912106,360,0.92,6.0,1,11,613
0.0,-1.6,2.2,360,0.92,6.0,2,11,614
0.0,-2.0,2.2221482129121055,360,0.94,4.0,3,11,615
0.0,-2.7,2.287083487540115,360,0.95,5.0,4,11,616
0.0,-2.4,2.3903805922287438,360,0.95,4.0,5,11,617
0.0,-2.8,2.525,360,0.96,4.0,6,11,618
0.0,-2.8,2.681767620683362,360,0.97,4.0,7,11,619
11.222222222222221,-2.7,2.85,360,0.98,3.0,8,11,620
258.11111111111114,-1.9,3.0182323793166383,360,0.97,2.0,9,11,621
538.6666666666667,0.1,3.1750000000000003,360,0.93,2.0,10,11,622
707.0000000000001,2.2,3.309619407771256,360,0.86,3.0,11,11,623
718.2222222222222,3.2,3.4129165124598853,360,0.81,3.0,12,11,624
740.6666666666667,3.9,3.4778517870878947,360,0.72,4.0,13,11,625
404.0,3.8,3.5,360,0.76,4.0,14,11,626
190.77777777777777,3.6,3.4778517870878947,360,0.77,3.0,15,11,627
78.55555555555554,3.3,3.4129165124598853,360,0.8,2.0,16,11,628
11.222222222222221,2.6,3.309619407771256,360,0.83,2.0,17,11,629
0.0,1.9,3.1750000000000003,360,0.88,2.0,18,11,630
0.0,1.7,3.0182323793166383,360,0.92,4.0,19,11,631
0.0,1.7,2.85,360,0.92,4.0,20,11,632
0.0,1.6,2.681767620683362,360,0.93,4.0,21,11,633
0.0,2.0,2.5250000000000004,360,0.89,4.0,22,11,634
0.0,2.0,2.390380592228744,360,0.9,4.0,23,11,635
0.0,2.3,2.287083487540115,360,0.89,6.0,24,11,636
0.0,2.9,3.249407551880852,360,0.85,6.0,1,12,637
0.0,2.8,3.2000000000000006,360,0.87,6.0,2,12,638
0.0,2.9,3.249407551880852,360,0.89,6.0,3,12,639
0.0,3.0,3.394263164512564,360,0.91,6.0,4,12,640
0.0,3.5,3.624695167279506,360,0.91,4.0,5,12,641
0.0,4.1,3.925,360,0.89,6.0,6,12,642
0.0,4.1,4.2747123846013455,360,0.92,5.0,7,12,643
11.222222222222221,4.1,4.65,360,0.95,6.0,8,12,644
56.111111111111114,4.6,5.025287615398655,360,0.94,6.0,9,12,645
134.66666666666669,5.5,5.375,360,0.95,6.0,10,12,646
359.1111111111111,7.7,5.675304832720494,360,0.9,7.0,11,12,647
269.33333333333337,8.2,5.905736835487437,360,0.92,8.0,12,12,648
291.77777777777777,8.7,6.050592448119149,360,0.89,10.0,13,12,649
157.1111111111111,8.4,6.1,360,0.98,9.0,14,12,650
112.22222222222223,8.6,6.050592448119149,360,0.98,8.0,15,12,651
67.33333333333334,8.5,5.905736835487437,360,0.99,8.0,16,12,652
0.0,8.5,5.675304832720494,360,0.99,8.0,17,12,653
0.0,8.5,5.375,360,0.99,8.0,18,12,654
0.0,8.6,5.025287615398655,360,0.99,7.0,19,12,655
0.0,8.8,4.65,360,0.99,8.0,20,12,656
0.0,9.0,4.2747123846013455,360,0.99,7.0,21,12,657
0.0,9.0,3.9250000000000007,360,0.99,6.0,22,12,658
0.0,9.1,3.6246951672795067,360,0.99,8.0,23,12,659
0.0,9.2,3.3942631645125645,360,0.96,6.0,24,12,660
0.0,9.0,5.230666756339838,360,0.96,6.0,1,13,661
0.0,9.0,5.199999999999999,360,0.94,6.0,2,13,662
0.0,8.8,5.230666756339838,360,0.96,6.0,3,13,663
0.0,8.5,5.320577136594005,360,0.96,6.0,4,13,664
0.0,8.3,5.463603896932106,360,0.96,6.0,5,13,665
0.0,8.3,5.6499999999999995,360,0.95,5.0,6,13,666
0.0,8.0,5.867062859407731,360,0.98,5.0,7,13,667
0.0,8.0,6.1,360,0.99,6.0,8,13,668
67.33333333333334,8.3,6.332937140592268,360,0.99,6.0,9,13,669
112.22222222222223,8.7,6.55,360,0.97,5.0,10,13,670
213.22222222222223,9.2,6.736396103067892,360,0.94,6.0,11,13,671
336.66666666666663,9.7,6.879422863405995,360,0.87,6.0,12,13,672
224.44444444444446,9.0,6.969333243660161,360,0.88,8.0,13,13,673
235.66666666666669,9.1,7.0,360,0.88,4.0,14,13,674
112.22222222222223,8.8,6.969333243660161,360,0.91,6.0,15,13,675
67.33333333333334,8.6,6.879422863405995,360,0.91,6.0,16,13,676
0.0,8.1,6.736396103067892,360,0.95,6.0,17,13,677
0.0,7.9,6.55,360,0.96,5.0,18,13,678
0.0,7.9,6.332937140592268,360,0.96,6.0,19,13,679
0.0,7.5,6.1,360,0.97,6.0,20,13,680
0.0,7.3,5.867062859407731,360,0.97,5.0,21,13,681
0.0,7.3,5.65,360,0.98,5.0,22,13,682
0.0,7.1,5.463603896932107,360,0.99,5.0,23,13,683
0.0,7.2,5.320577136594005,360,0.99,6.0,24,13,684
0.0,7.1,6.713629669484373,360,0.99,6.0,1,14,685
0.0,6.9,6.699999999999999,360,0.99,6.0,2,14,686
0.0,6.9,6.713629669484372,360,0.99,4.0,3,14,687
0.0,7.0,6.753589838486224,360,0.99,4.0,4,14,688
0.0,7.0,6.81715728752538,360,0.99,4.0,5,14,689
0.0,7.0,6.8999999999999995,360,0.99,4.0,6,14,690
0.0,7.0,6.996472381958991,360,0.99,4.0,7,14,691
11.222222222222221,7.3,7.1,360,0.99,6.0,8,14,692
67.33333333333334,7.8,7.203527618041008,360,0.99,6.0,9,14,693
112.22222222222223,7.9,7.3,360,0.99,7.0,10,14,694
145.88888888888889,8.6,7.382842712474619,360,0.96,8.0,11,14,695
202.0,8.9,7.446410161513775,360,0.98,8.0,12,14,696
190.77777777777777,9.2,7.486370330515627,360,0.99,9.0,13,14,697
202.0,9.8,7.5,360,0.99,9.0,14,14,698
145.88888888888889,10.3,7.486370330515627,360,0.99,9.0,15,14,699
89.77777777777777,10.4,7.446410161513775,360,0.96,7.0,16,14,700
22.444444444444443,9.7,7.382842712474619,360,0.94,6.0,17,14,701
0.0,9.4,7.3,360,0.94,6.0,18,14,702
0.0,8.8,7.203527618041008,360,0.92,7.0,19,14,703
0.0,8.7,7.1,360,0.83,8.0,20,14,704
0.0,8.4,6.996472381958991,360,0.81,7.0,21,14,705
0.0,8.1,6.8999999999999995,360,0.83,8.0,22,14,706
0.0,7.6,6.817157287525381,360,0.8,6.0,23,14,707
0.0,6.1,6.753589838486224,360,0.88,4.0,24,14,708
0.0,5.2,6.60511112605664,360,0.9,4.0,1,15,709
0.0,5.0,6.6,360,0.92,5.0,2,15,710
0.0,5.6,6.60511112605664,360,0.89,6.0,3,15,711
0.0,5.7,6.620096189432334,360,0.89,6.0,4,15,712
0.0,5.7,6.643933982822017,360,0.9,4.0,5,15,713
0.0,5.3,6.675,360,0.96,3.0,6,15,714
0.0,5.8,6.711177143234622,360,0.88,7.0,7,15,715
0.0,5.5,6.75,360,0.85,7.0,8,15,716
89.77777777777777,5.4,6.788822856765378,360,0.83,6.0,9,15,717
246.8888888888889,5.6,6.825,360,0.82,8.0,10,15,718
258.11111111111114,5.4,6.856066017177983,360,0.85,6.0,11,15,719
235.66666666666669,5.3,6.879903810567666,360,0.88,6.0,12,15,720
269.33333333333337,5.4,6.89488887394336,360,0.83,6.0,13,15,721
269.33333333333337,4.9,6.9,360,0.84,6.0,14,15,722
303.0,5.2,6.89488887394336,360,0.74,7.0,15,15,723
112.22222222222223,4.7,6.879903810567666,360,0.72,6.0,16,15,724
33.66666666666667,2.4,6.856066017177983,360,0.8,5.0,17,15,725
0.0,1.3,6.825,360,0.84,2.0,18,15,726
0.0,0.8,6.788822856765378,360,0.88,4.0,19,15,727
0.0,0.1,6.75,360,0.88,4.0,20,15,728
0.0,-0.7,6.711177143234622,360,0.89,2.0,21,15,729
0.0,-1.0,6.675,360,0.89,2.0,22,15,730
0.0,-1.8,6.643933982822017,360,0.91,2.0,23,15,731
0.0,-2.6,6.620096189432334,360,0.96,0.0,24,15,732
0.0,-2.7,4.028963047654291,360,0.98,0.0,1,16,733
0.0,-3.2,3.9999999999999996,360,0.98,2.0,2,16,734
0.0,-3.1,4.028963047654291,360,0.98,1.0,3,16,735
0.0,-3.0,4.113878406783226,360,0.99,0.0,4,16,736
0.0,-2.4,4.248959235991434,360,0.99,0.0,5,16,737
0.0,-2.0,4.424999999999999,360,0.98,1.0,6,16,738
0.0,-1.4,4.630003811662857,360,0.97,2.0,7,16,739
0.0,-0.9,4.85,360,0.92,2.0,8,16,740
56.111111111111114,-0.4,5.069996188337142,360,0.86,4.0,9,16,741
112.22222222222223,0.0,5.2749999999999995,360,0.86,6.0,10,16,742
179.55555555555554,0.4,5.451040764008566,360,0.87,6.0,11,16,743
269.33333333333337,1.4,5.586121593216773,360,0.86,4.0,12,16,744
291.77777777777777,2.4,5.671036952345708,360,0.85,6.0,13,16,745
235.66666666666669,3.1,5.699999999999999,360,0.87,6.0,14,16,746
145.88888888888889,3.8,5.671036952345708,360,0.88,6.0,15,16,747
112.22222222222223,4.4,5.586121593216773,360,0.91,8.0,16,16,748
11.222222222222221,4.9,5.451040764008566,360,0.97,9.0,17,16,749
0.0,5.1,5.2749999999999995,360,0.99,8.0,18,16,750
0.0,6.0,5.069996188337142,360,0.99,8.0,19,16,751
0.0,6.7,4.85,360,0.99,8.0,20,16,752
0.0,7.4,4.630003811662857,360,0.99,8.0,21,16,753
0.0,9.1,4.425,360,0.99,8.0,22,16,754
0.0,8.1,4.2489592359914345,360,0.99,10.0,23,16,755
0.0,7.4,4.113878406783226,360,0.99,6.0,24,16,756
0.0,6.7,4.725555630283199,360,0.98,6.0,1,17,757
0.0,6.4,4.7,360,0.97,2.0,2,17,758
0.0,6.0,4.725555630283199,360,0.97,3.0,3,17,759
0.0,5.7,4.800480947161671,360,0.98,4.0,4,17,760
0.0,4.8,4.91966991411009,360,0.98,3.0,5,17,761
0.0,4.4,5.075,360,0.99,4.0,6,17,762
0.0,3.8,5.255885716173109,360,0.99,2.0,7,17,763
11.222222222222221,4.1,5.45,360,0.99,3.0,8,17,764
78.55555555555554,5.0,5.644114283826891,360,0.91,4.0,9,17,765
336.66666666666663,7.0,5.825,360,0.79,4.0,10,17,766
617.2222222222222,7.8,5.980330085889911,360,0.7,5.0,11,17,767
718.2222222222222,8.3,6.099519052838329,360,0.64,6.0,12,17,768
729.4444444444443,8.8,6.174444369716801,360,0.64,8.0,13,17,769
460.11111111111114,8.6,6.2,360,0.63,7.0,14,17,770
404.0,8.2,6.174444369716801,360,0.64,6.0,15,17,771
224.44444444444446,7.6,6.099519052838329,360,0.69,5.0,16,17,772
33.66666666666667,5.6,5.980330085889911,360,0.81,3.0,17,17,773
0.0,5.8,5.825,360,0.77,1.0,18,17,774
0.0,4.9,5.644114283826891,360,0.8,2.0,19,17,775
0.0,2.9,5.45,360,0.89,2.0,20,17,776
0.0,2.3,5.255885716173109,360,0.92,1.0,21,17,777
0.0,1.8,5.075,360,0.97,2.0,22,17,778
0.0,0.3,4.91966991411009,360,0.96,1.0,23,17,779
0.0,0.7,4.800480947161671,360,0.98,2.0,24,17,780
0.0,0.3,4.022148212912106,360,0.98,1.0,1,18,781
0.0,0.8,4.0,360,0.98,2.0,2,18,782
0.0,0.5,4.022148212912106,360,0.98,2.0,3,18,783
0.0,-0.2,4.087083487540115,360,0.98,1.0,4,18,784
0.0,-0.9,4.1903805922287445,360,0.99,1.0,5,18,785
0.0,-1.0,4.325,360,0.99,2.0,6,18,786
0.0,-1.5,4.481767620683362,360,0.99,1.0,7,18,787
22.444444444444443,-1.9,4.65,360,0.99,2.0,8,18,788
291.77777777777777,1.2,4.818232379316639,360,0.99,1.0,9,18,789
516.2222222222223,3.6,4.9750000000000005,360,0.97,3.0,10,18,790
628.4444444444443,4.9,5.109619407771256,360,0.9,4.0,11,18,791
785.5555555555557,6.6,5.212916512459885,360,0.84,4.0,12,18,792
695.7777777777778,6.8,5.2778517870878945,360,0.8,4.0,13,18,793
471.33333333333337,7.6,5.300000000000001,360,0.72,4.0,14,18,794
235.66666666666669,7.0,5.2778517870878945,360,0.7,3.0,15,18,795
101.0,6.4,5.212916512459885,360,0.75,2.0,16,18,796
11.222222222222221,5.3,5.109619407771256,360,0.85,2.0,17,18,797
0.0,3.0,4.9750000000000005,360,0.89,2.0,18,18,798
0.0,2.6,4.818232379316639,360,0.9,2.0,19,18,799
0.0,3.3,4.65,360,0.86,3.0,20,18,800
0.0,2.3,4.481767620683362,360,0.89,3.0,21,18,801
0.0,1.9,4.325,360,0.89,3.0,22,18,802
0.0,2.3,4.1903805922287445,360,0.9,3.0,23,18,803
0.0,2.2,4.087083487540116,360,0.89,4.0,24,18,804
0.0,2.0,4.020444504226559,360,0.89,5.0,1,19,805
0.0,1.6,3.9999999999999996,360,0.9,6.0,2,19,806
0.0,0.7,4.020444504226559,360,0.92,5.0,3,19,807
0.0,0.4,4.080384757729337,360,0.94,4.0,4,19,808
0.0,1.2,4.175735931288071,360,0.9,7.0,5,19,809
0.0,0.8,4.299999999999999,360,0.9,6.0,6,19,810
0.0,0.9,4.444708572938487,360,0.86,7.0,7,19,811
11.222222222222221,0.8,4.6,360,0.88,6.0,8,19,812
190.77777777777777,2.0,4.755291427061512,360,0.83,7.0,9,19,813
460.11111111111114,3.5,4.8999999999999995,360,0.81,7.0,10,19,814
684.5555555555557,5.3,5.024264068711928,360,0.79,8.0,11,19,815
796.7777777777777,7.0,5.119615242270663,360,0.79,7.0,12,19,816
830.4444444444446,8.2,5.179555495773441,360,0.73,8.0,13,19,817
740.6666666666667,9.3,5.199999999999999,360,0.69,7.0,14,19,818
538.6666666666667,9.7,5.179555495773441,360,0.69,7.0,15,19,819
269.33333333333337,8.7,5.119615242270663,360,0.73,7.0,16,19,820
44.888888888888886,7.3,5.024264068711928,360,0.78,5.0,17,19,821
0.0,7.0,4.8999999999999995,360,0.78,6.0,18,19,822
0.0,7.2,4.755291427061512,360,0.74,7.0,19,19,823
0.0,7.2,4.6,360,0.7,8.0,20,19,824
0.0,7.0,4.444708572938487,360,0.69,8.0,21,19,825
0.0,7.2,4.3,360,0.68,8.0,22,19,826
0.0,6.8,4.175735931288071,360,0.68,8.0,23,19,827
0.0,6.7,4.080384757729337,360,0.68,7.0,24,19,828
0.0,6.2,4.930666756339839,360,0.71,8.0,1,20,829
0.0,6.3,4.9,360,0.72,8.0,2,20,830
0.0,6.0,4.930666756339839,360,0.75,8.0,3,20,831
0.0,5.6,5.020577136594006,360,0.76,8.0,4,20,832
0.0,5.5,5.163603896932107,360,0.74,8.0,5,20,833
0.0,5.7,5.3500000000000005,360,0.71,8.0,6,20,834
0.0,5.6,5.5670628594077325,360,0.69,10.0,7,20,835
11.222222222222221,5.3,5.800000000000001,360,0.71,11.0,8,20,836
134.66666666666669,6.2,6.032937140592269,360,0.71,12.0,9,20,837
392.7777777777778,7.6,6.250000000000001,360,0.7,11.0,10,20,838
549.8888888888889,8.6,6.436396103067893,360,0.67,11.0,11,20,839
415.2222222222223,9.0,6.579422863405996,360,0.7,11.0,12,20,840
325.44444444444446,9.1,6.669333243660162,360,0.71,12.0,13,20,841
258.11111111111114,9.6,6.700000000000001,360,0.71,12.0,14,20,842
157.1111111111111,9.9,6.669333243660162,360,0.68,12.0,15,20,843
123.44444444444446,10.1,6.579422863405996,360,0.67,12.0,16,20,844
44.888888888888886,9.8,6.436396103067893,360,0.69,13.0,17,20,845
0.0,9.6,6.250000000000001,360,0.7,12.0,18,20,846
0.0,9.9,6.032937140592269,360,0.69,12.0,19,20,847
0.0,10.4,5.800000000000001,360,0.66,15.0,20,20,848
0.0,9.7,5.5670628594077325,360,0.74,15.0,21,20,849
0.0,9.7,5.350000000000001,360,0.74,16.0,22,20,850
0.0,9.4,5.163603896932108,360,0.89,14.0,23,20,851
0.0,8.9,5.020577136594006,360,0.93,13.0,24,20,852
0.0,9.4,5.930666756339839,360,0.97,12.0,1,21,853
0.0,9.8,5.9,360,0.97,14.0,2,21,854
0.0,10.2,5.930666756339839,360,0.99,12.0,3,21,855
0.0,9.1,6.020577136594006,360,0.94,11.0,4,21,856
0.0,8.6,6.163603896932107,360,0.96,6.0,5,21,857
0.0,8.5,6.3500000000000005,360,0.94,6.0,6,21,858
0.0,8.4,6.5670628594077325,360,0.94,7.0,7,21,859
0.0,8.4,6.800000000000001,360,0.92,7.0,8,21,860
67.33333333333334,8.8,7.032937140592269,360,0.96,7.0,9,21,861
190.77777777777777,9.5,7.250000000000001,360,0.93,9.0,10,21,862
246.8888888888889,10.0,7.436396103067893,360,0.92,9.0,11,21,863
123.44444444444446,10.0,7.579422863405996,360,0.94,11.0,12,21,864
67.33333333333334,9.6,7.669333243660162,360,0.97,11.0,13,21,865
56.111111111111114,10.4,7.700000000000001,360,0.92,16.0,14,21,866
123.44444444444446,10.2,7.669333243660162,360,0.91,15.0,15,21,867
78.55555555555554,10.7,7.579422863405996,360,0.86,14.0,16,21,868
22.444444444444443,10.9,7.436396103067893,360,0.87,14.0,17,21,869
0.0,10.8,7.250000000000001,360,0.8,18.0,18,21,870
0.0,9.9,7.032937140592269,360,0.81,20.0,19,21,871
0.0,9.8,6.800000000000001,360,0.86,14.0,20,21,872
0.0,9.9,6.5670628594077325,360,0.83,14.0,21,21,873
0.0,9.7,6.350000000000001,360,0.87,14.0,22,21,874
0.0,10.0,6.163603896932108,360,0.87,12.0,23,21,875
0.0,9.6,6.020577136594006,360,0.9,16.0,24,21,876
0.0,9.4,7.306814834742186,360,0.93,11.0,1,22,877
0.0,9.5,7.3,360,0.94,12.0,2,22,878
0.0,9.3,7.306814834742186,360,0.93,11.0,3,22,879
0.0,10.1,7.326794919243112,360,0.83,11.0,4,22,880
0.0,10.1,7.35857864376269,360,0.82,11.0,5,22,881
0.0,10.0,7.3999999999999995,360,0.84,10.0,6,22,882
0.0,8.9,7.448236190979496,360,0.86,6.0,7,22,883
0.0,5.6,7.5,360,0.98,6.0,8,22,884
33.66666666666667,4.9,7.551763809020504,360,0.97,8.0,9,22,885
33.66666666666667,4.4,7.6000000000000005,360,0.95,8.0,10,22,886
157.1111111111111,5.0,7.641421356237309,360,0.96,7.0,11,22,887
493.7777777777778,6.4,7.673205080756888,360,0.87,7.0,12,22,888
527.4444444444445,7.4,7.693185165257814,360,0.82,8.0,13,22,889
662.1111111111112,8.4,7.7,360,0.7,6.0,14,22,890
561.1111111111111,8.6,7.693185165257814,360,0.67,8.0,15,22,891
190.77777777777777,7.6,7.673205080756888,360,0.72,5.0,16,22,892
44.888888888888886,6.5,7.641421356237309,360,0.81,6.0,17,22,893
0.0,5.2,7.6000000000000005,360,0.86,5.0,18,22,894
0.0,5.1,7.551763809020504,360,0.86,5.0,19,22,895
0.0,5.0,7.5,360,0.9,6.0,20,22,896
0.0,4.3,7.448236190979496,360,0.93,5.0,21,22,897
0.0,4.2,7.4,360,0.92,5.0,22,22,898
0.0,3.6,7.358578643762691,360,0.95,6.0,23,22,899
0.0,3.6,7.326794919243112,360,0.95,5.0,24,22,900
0.0,3.7,6.11022225211328,360,0.96,5.0,1,23,901
0.0,3.8,6.1,360,0.96,5.0,2,23,902
0.0,4.1,6.11022225211328,360,0.96,7.0,3,23,903
0.0,4.3,6.140192378864668,360,0.97,8.0,4,23,904
0.0,5.1,6.187867965644036,360,0.98,10.0,5,23,905
0.0,5.6,6.25,360,0.98,10.0,6,23,906
0.0,6.0,6.322354286469244,360,0.96,10.0,7,23,907
11.222222222222221,5.8,6.4,360,0.96,8.0,8,23,908
56.111111111111114,6.2,6.477645713530757,360,0.89,14.0,9,23,909
336.66666666666663,6.2,6.550000000000001,360,0.86,14.0,10,23,910
336.66666666666663,7.3,6.612132034355965,360,0.85,13.0,11,23,911
561.1111111111111,8.4,6.659807621135332,360,0.81,15.0,12,23,912
583.5555555555555,8.3,6.689777747886721,360,0.77,13.0,13,23,913
235.66666666666669,7.2,6.700000000000001,360,0.76,10.0,14,23,914
370.33333333333337,6.3,6.689777747886721,360,0.78,8.0,15,23,915
134.66666666666669,5.9,6.659807621135332,360,0.77,7.0,16,23,916
33.66666666666667,5.0,6.612132034355965,360,0.77,6.0,17,23,917
0.0,4.4,6.550000000000001,360,0.8,5.0,18,23,918
0.0,3.2,6.477645713530757,360,0.86,2.0,19,23,919
0.0,1.8,6.4,360,0.96,1.0,20,23,920
0.0,1.2,6.322354286469244,360,0.97,0.0,21,23,921
0.0,1.4,6.25,360,0.98,1.0,22,23,922
0.0,0.7,6.187867965644036,360,0.98,0.0,23,23,923
0.0,0.3,6.140192378864668,360,0.99,1.0,24,23,924
0.0,0.1,4.620444504226558,360,0.99,0.0,1,24,925
0.0,0.2,4.6,360,0.99,0.0,2,24,926
0.0,-0.4,4.620444504226558,360,0.99,0.0,3,24,927
0.0,-1.1,4.680384757729336,360,0.99,1.0,4,24,928
0.0,-1.0,4.775735931288071,360,0.99,2.0,5,24,929
0.0,-1.3,4.899999999999999,360,0.99,2.0,6,24,930
0.0,1.1,5.044708572938487,360,0.99,3.0,7,24,931
11.222222222222221,1.2,5.199999999999999,360,0.94,4.0,8,24,932
168.33333333333331,2.1,5.355291427061512,360,0.92,6.0,9,24,933
258.11111111111114,2.6,5.499999999999999,360,0.92,8.0,10,24,934
190.77777777777777,3.8,5.624264068711928,360,0.95,8.0,11,24,935
404.0,5.8,5.719615242270662,360,0.96,7.0,12,24,936
852.8888888888889,8.0,5.77955549577344,360,0.81,8.0,13,24,937
404.0,7.6,5.799999999999999,360,0.84,10.0,14,24,938
347.8888888888889,6.2,5.77955549577344,360,0.85,8.0,15,24,939
202.0,5.7,5.719615242270662,360,0.92,5.0,16,24,940
56.111111111111114,5.7,5.624264068711928,360,0.89,6.0,17,24,941
0.0,5.4,5.499999999999999,360,0.91,5.0,18,24,942
0.0,4.9,5.355291427061512,360,0.91,4.0,19,24,943
0.0,5.0,5.199999999999999,360,0.89,6.0,20,24,944
0.0,4.7,5.044708572938487,360,0.91,6.0,21,24,945
0.0,4.1,4.8999999999999995,360,0.91,6.0,22,24,946
0.0,3.4,4.775735931288071,360,0.91,6.0,23,24,947
0.0,3.4,4.680384757729336,360,0.86,6.0,24,24,948
0.0,2.0,4.615333378169919,360,0.93,5.0,1,25,949
0.0,1.8,4.6,360,0.93,6.0,2,25,950
0.0,1.7,4.615333378169919,360,0.93,5.0,3,25,951
0.0,1.6,4.660288568297002,360,0.93,4.0,4,25,952
0.0,1.6,4.731801948466053,360,0.93,4.0,5,25,953
0.0,1.5,4.824999999999999,360,0.92,4.0,6,25,954
0.0,1.2,4.933531429703866,360,0.93,3.0,7,25,955
11.222222222222221,1.0,5.05,360,0.94,3.0,8,25,956
202.0,2.4,5.166468570296134,360,0.88,3.0,9,25,957
527.4444444444445,3.8,5.275,360,0.8,4.0,10,25,958
583.5555555555555,4.0,5.3681980515339465,360,0.82,5.0,11,25,959
875.3333333333334,4.8,5.439711431702998,360,0.77,6.0,12,25,960
931.4444444444445,5.2,5.484666621830081,360,0.71,6.0,13,25,961
583.5555555555555,4.4,5.5,360,0.75,6.0,14,25,962
426.44444444444446,5.2,5.484666621830081,360,0.71,5.0,15,25,963
258.11111111111114,4.4,5.439711431702998,360,0.73,3.0,16,25,964
67.33333333333334,3.7,5.3681980515339465,360,0.75,2.0,17,25,965
0.0,0.9,5.275,360,0.84,2.0,18,25,966
0.0,1.0,5.166468570296134,360,0.87,2.0,19,25,967
0.0,0.4,5.05,360,0.91,1.0,20,25,968
0.0,1.1,4.933531429703866,360,0.85,2.0,21,25,969
0.0,0.9,4.825,360,0.85,2.0,22,25,970
0.0,-0.5,4.731801948466053,360,0.88,2.0,23,25,971
0.0,-1.9,4.660288568297002,360,0.97,1.0,24,25,972
0.0,-2.3,3.1221482129121054,360,0.98,1.0,1,26,973
0.0,-2.4,3.0999999999999996,360,0.98,1.0,2,26,974
0.0,-2.8,3.1221482129121054,360,0.98,1.0,3,26,975
0.0,-3.0,3.1870834875401144,360,0.99,1.0,4,26,976
0.0,-2.7,3.2903805922287437,360,0.99,1.0,5,26,977
0.0,-3.3,3.425,360,0.99,2.0,6,26,978
0.0,-2.2,3.5817676206833617,360,0.98,2.0,7,26,979
11.222222222222221,-0.7,3.75,360,0.97,2.0,8,26,980
67.33333333333334,0.8,3.9182323793166387,360,0.87,4.0,9,26,981
179.55555555555554,1.1,4.075,360,0.83,5.0,10,26,982
381.55555555555554,2.5,4.209619407771256,360,0.75,5.0,11,26,983
336.66666666666663,2.7,4.312916512459886,360,0.74,5.0,12,26,984
448.8888888888889,4.0,4.377851787087895,360,0.67,5.0,13,26,985
336.66666666666663,3.7,4.4,360,0.73,4.0,14,26,986
258.11111111111114,4.1,4.377851787087895,360,0.71,4.0,15,26,987
112.22222222222223,4.1,4.312916512459886,360,0.75,4.0,16,26,988
22.444444444444443,3.8,4.209619407771256,360,0.76,3.0,17,26,989
0.0,3.5,4.075,360,0.77,3.0,18,26,990
0.0,3.5,3.9182323793166387,360,0.78,2.0,19,26,991
0.0,3.8,3.75,360,0.65,4.0,20,26,992
0.0,3.9,3.5817676206833617,360,0.63,5.0,21,26,993
0.0,3.9,3.4250000000000003,360,0.65,7.0,22,26,994
0.0,3.7,3.290380592228744,360,0.68,6.0,23,26,995
0.0,3.5,3.187083487540115,360,0.71,6.0,24,26,996
0.0,2.7,4.157926095308584,360,0.9,7.0,1,27,997
0.0,2.4,4.1,360,0.98,6.0,2,27,998
0.0,2.5,4.157926095308584,360,0.99,5.0,3,27,999
0.0,2.9,4.327756813566454,360,0.99,5.0,4,27,1000
0.0,3.6,4.597918471982869,360,0.99,6.0,5,27,1001
0.0,4.4,4.949999999999999,360,0.99,6.0,6,27,1002
0.0,5.1,5.360007623325715,360,0.99,5.0,7,27,1003
11.222222222222221,5.6,5.8,360,0.99,3.0,8,27,1004
56.111111111111114,6.8,6.2399923766742855,360,0.99,4.0,9,27,1005
179.55555555555554,8.6,6.65,360,0.99,5.0,10,27,1006
280.55555555555554,9.2,7.002081528017131,360,0.99,7.0,11,27,1007
269.33333333333337,9.8,7.2722431864335455,360,0.99,6.0,12,27,1008
213.22222222222223,10.3,7.442073904691416,360,0.99,6.0,13,27,1009
235.66666666666669,10.5,7.5,360,0.98,7.0,14,27,1010
112.22222222222223,10.4,7.442073904691416,360,0.99,6.0,15,27,1011
33.66666666666667,10.5,7.2722431864335455,360,0.99,6.0,16,27,1012
11.222222222222221,10.5,7.002081528017131,360,0.99,6.0,17,27,1013
0.0,10.7,6.65,360,0.99,7.0,18,27,1014
0.0,10.6,6.2399923766742855,360,0.99,5.0,19,27,1015
0.0,10.7,5.8,360,0.99,7.0,20,27,1016
0.0,10.9,5.360007623325715,360,0.99,8.0,21,27,1017
0.0,10.9,4.95,360,0.99,8.0,22,27,1018
0.0,10.8,4.597918471982869,360,0.99,8.0,23,27,1019
0.0,10.8,4.327756813566454,360,0.99,8.0,24,27,1020
0.0,11.0,6.3494075518808515,360,0.99,10.0,1,28,1021
0.0,11.0,6.300000000000001,360,0.99,8.0,2,28,1022
0.0,11.0,6.3494075518808515,360,0.99,10.0,3,28,1023
0.0,10.9,6.494263164512564,360,0.99,10.0,4,28,1024
0.0,11.2,6.7246951672795054,360,0.99,9.0,5,28,1025
0.0,11.4,7.0249999999999995,360,0.99,10.0,6,28,1026
0.0,11.4,7.374712384601345,360,0.99,10.0,7,28,1027
11.222222222222221,11.5,7.75,360,0.99,10.0,8,28,1028
33.66666666666667,11.7,8.125287615398655,360,0.98,10.0,9,28,1029
67.33333333333334,11.7,8.475,360,0.99,12.0,10,28,1030
134.66666666666669,11.9,8.775304832720494,360,0.99,8.0,11,28,1031
190.77777777777777,12.0,9.005736835487436,360,0.99,9.0,12,28,1032
235.66666666666669,12.3,9.150592448119149,360,0.98,8.0,13,28,1033
168.33333333333331,12.2,9.2,360,0.99,9.0,14,28,1034
134.66666666666669,12.1,9.150592448119149,360,0.99,9.0,15,28,1035
78.55555555555554,11.9,9.005736835487436,360,0.99,8.0,16,28,1036
22.444444444444443,11.7,8.775304832720494,360,0.99,8.0,17,28,1037
11.222222222222221,11.6,8.475,360,0.99,6.0,18,28,1038
0.0,11.6,8.125287615398655,360,0.99,8.0,19,28,1039
0.0,11.6,7.75,360,0.99,10.0,20,28,1040
0.0,11.8,7.374712384601345,360,0.98,11.0,21,28,1041
0.0,11.9,7.025,360,0.98,12.0,22,28,1042
0.0,11.9,6.724695167279506,360,0.98,12.0,23,28,1043
0.0,11.8,6.494263164512564,360,0.98,13.0,24,28,1044
0.0,11.9,8.810222252113281,360,0.99,13.0,1,29,1045
0.0,11.8,8.8,360,0.96,15.0,2,29,1046
0.0,11.2,8.810222252113281,360,0.95,11.0,3,29,1047
0.0,11.1,8.84019237886467,360,0.92,12.0,4,29,1048
0.0,10.7,8.887867965644038,360,0.92,10.0,5,29,1049
0.0,10.4,8.950000000000001,360,0.93,10.0,6,29,1050
0.0,9.9,9.022354286469245,360,0.91,10.0,7,29,1051
11.222222222222221,9.9,9.100000000000001,360,0.92,8.0,8,29,1052
123.44444444444446,10.2,9.177645713530758,360,0.92,9.0,9,29,1053
269.33333333333337,10.5,9.250000000000002,360,0.91,10.0,10,29,1054
269.33333333333337,11.1,9.312132034355965,360,0.88,10.0,11,29,1055
381.55555555555554,11.7,9.359807621135333,360,0.83,11.0,12,29,1056
561.1111111111111,11.8,9.389777747886722,360,0.85,12.0,13,29,1057
258.11111111111114,11.1,9.400000000000002,360,0.89,11.0,14,29,1058
359.1111111111111,11.5,9.389777747886722,360,0.85,10.0,15,29,1059
112.22222222222223,11.0,9.359807621135333,360,0.87,10.0,16,29,1060
33.66666666666667,10.7,9.312132034355965,360,0.89,8.0,17,29,1061
0.0,10.2,9.250000000000002,360,0.92,8.0,18,29,1062
0.0,10.1,9.177645713530758,360,0.94,7.0,19,29,1063
0.0,9.9,9.100000000000001,360,0.95,6.0,20,29,1064
0.0,9.8,9.022354286469245,360,0.96,6.0,21,29,1065
0.0,9.7,8.950000000000001,360,0.98,7.0,22,29,1066
0.0,9.4,8.887867965644038,360,0.96,8.0,23,29,1067
0.0,9.4,8.84019237886467,360,0.98,6.0,24,29,1068
0.0,9.2,9.01022225211328,360,0.97,6.0,1,30,1069
0.0,9.6,9.0,360,0.99,6.0,2,30,1070
0.0,10.0,9.01022225211328,360,0.99,8.0,3,30,1071
0.0,10.6,9.040192378864669,360,0.99,9.0,4,30,1072
0.0,10.9,9.087867965644037,360,0.99,8.0,5,30,1073
0.0,11.2,9.15,360,0.94,10.0,6,30,1074
0.0,11.1,9.222354286469244,360,0.95,9.0,7,30,1075
11.222222222222221,10.9,9.3,360,0.93,10.0,8,30,1076
78.55555555555554,10.8,9.377645713530757,360,0.91,10.0,9,30,1077
179.55555555555554,11.0,9.450000000000001,360,0.9,10.0,10,30,1078
415.2222222222223,11.8,9.512132034355965,360,0.84,11.0,11,30,1079
516.2222222222223,12.3,9.559807621135333,360,0.79,11.0,12,30,1080
460.11111111111114,11.1,9.589777747886721,360,0.85,14.0,13,30,1081
235.66666666666669,10.3,9.600000000000001,360,0.91,12.0,14,30,1082
246.8888888888889,10.7,9.589777747886721,360,0.9,10.0,15,30,1083
179.55555555555554,9.6,9.559807621135333,360,0.92,12.0,16,30,1084
33.66666666666667,9.3,9.512132034355965,360,0.93,12.0,17,30,1085
0.0,9.1,9.450000000000001,360,0.95,10.0,18,30,1086
0.0,9.0,9.377645713530757,360,0.97,8.0,19,30,1087
0.0,9.2,9.3,360,0.97,9.0,20,30,1088
0.0,9.1,9.222354286469244,360,0.98,7.0,21,30,1089
0.0,9.2,9.15,360,0.99,8.0,22,30,1090
0.0,9.6,9.087867965644037,360,0.99,7.0,23,30,1091
0.0,9.7,9.040192378864669,360,0.99,6.0,24,30,1092
0.0,9.6,9.01022225211328,360,0.99,6.0,1,31,1093
0.0,9.5,9.0,360,0.97,6.0,2,31,1094
0.0,9.1,9.01022225211328,360,0.99,6.0,3,31,1095
0.0,9.1,9.040192378864669,360,0.99,3.0,4,31,1096
0.0,8.9,9.087867965644037,360,0.99,2.0,5,31,1097
0.0,8.9,9.15,360,0.99,2.0,6,31,1098
0.0,8.7,9.222354286469244,360,0.99,3.0,7,31,1099
22.444444444444443,9.0,9.3,360,0.99,4.0,8,31,1100
89.77777777777777,9.2,9.377645713530757,360,0.99,4.0,9,31,1101
179.55555555555554,9.7,9.450000000000001,360,0.99,5.0,10,31,1102
426.44444444444446,10.9,9.512132034355965,360,0.94,6.0,11,31,1103
235.66666666666669,9.8,9.559807621135333,360,0.97,8.0,12,31,1104
314.2222222222222,10.4,9.589777747886721,360,0.92,8.0,13,31,1105
269.33333333333337,10.4,9.600000000000001,360,0.92,10.0,14,31,1106
246.8888888888889,10.3,9.589777747886721,360,0.94,8.0,15,31,1107
101.0,10.2,9.559807621135333,360,0.98,8.0,16,31,1108
33.66666666666667,10.7,9.512132034355965,360,0.99,10.0,17,31,1109
0.0,11.0,9.450000000000001,360,0.98,11.0,18,31,1110
0.0,11.0,9.377645713530757,360,0.97,12.0,19,31,1111
0.0,10.4,9.3,360,0.95,11.0,20,31,1112
0.0,10.2,9.222354286469244,360,0.93,10.0,21,31,1113
0.0,10.2,9.15,360,0.95,9.0,22,31,1114
0.0,10.1,9.087867965644037,360,0.98,8.0,23,31,1115
0.0,10.1,9.040192378864669,360,0.97,9.0,24,31,1116
0.0,10.3,9.410222252113279,360,0.96,9.0,1,32,1117
0.0,10.3,9.399999999999999,360,0.96,10.0,2,32,1118
0.0,10.1,9.410222252113279,360,0.97,8.0,3,32,1119
0.0,10.1,9.440192378864667,360,0.97,8.0,4,32,1120
0.0,10.2,9.487867965644035,360,0.98,8.0,5,32,1121
0.0,10.2,9.549999999999999,360,0.98,10.0,6,32,1122
0.0,10.0,9.622354286469243,360,0.97,9.0,7,32,1123
0.0,10.1,9.7,360,0.97,10.0,8,32,1124
56.111111111111114,10.2,9.777645713530756,360,0.97,9.0,9,32,1125
112.22222222222223,10.4,9.85,360,0.97,10.0,10,32,1126
213.22222222222223,10.7,9.912132034355963,360,0.97,10.0,11,32,1127
258.11111111111114,10.8,9.959807621135331,360,0.97,12.0,12,32,1128
381.55555555555554,11.1,9.98977774788672,360,0.97,11.0,13,32,1129
291.77777777777777,11.0,10.0,360,0.97,9.0,14,32,1130
179.55555555555554,10.9,9.98977774788672,360,0.96,9.0,15,32,1131
123.44444444444446,10.9,9.959807621135331,360,0.93,9.0,16,32,1132
33.66666666666667,10.5,9.912132034355963,360,0.93,8.0,17,32,1133
0.0,10.4,9.85,360,0.9,8.0,18,32,1134
0.0,10.2,9.777645713530756,360,0.93,6.0,19,32,1135
0.0,9.9,9.7,360,0.95,7.0,20,32,1136
0.0,9.7,9.622354286469243,360,0.94,6.0,21,32,1137
0.0,9.4,9.549999999999999,360,0.96,6.0,22,32,1138
0.0,9.2,9.487867965644035,360,0.99,6.0,23,32,1139
0.0,9.5,9.440192378864667,360,0.99,8.0,24,32,1140
0.0,10.4,9.617037086855465,360,0.99,9.0,1,33,1141
0.0,11.4,9.6,360,0.99,10.0,2,33,1142
0.0,11.6,9.617037086855465,360,0.99,10.0,3,33,1143
0.0,11.6,9.666987298107781,360,0.99,8.0,4,33,1144
0.0,11.6,9.746446609406725,360,0.99,8.0,5,33,1145
0.0,11.5,9.85,360,0.99,9.0,6,33,1146
0.0,11.5,9.97059047744874,360,0.99,7.0,7,33,1147
0.0,11.6,10.1,360,0.99,10.0,8,33,1148
78.55555555555554,11.8,10.22940952255126,360,0.99,10.0,9,33,1149
123.44444444444446,12.2,10.35,360,0.95,12.0,10,33,1150
415.2222222222223,12.6,10.453553390593273,360,0.92,10.0,11,33,1151
280.55555555555554,12.8,10.533012701892218,360,0.93,10.0,12,33,1152
314.2222222222222,12.7,10.582962913144534,360,0.94,11.0,13,33,1153
179.55555555555554,12.4,10.6,360,0.97,12.0,14,33,1154
145.88888888888889,12.3,10.582962913144534,360,0.98,12.0,15,33,1155
67.33333333333334,12.1,10.533012701892218,360,0.98,9.0,16,33,1156
22.444444444444443,12.0,10.453553390593273,360,0.98,8.0,17,33,1157
0.0,12.2,10.35,360,0.94,9.0,18,33,1158
0.0,11.9,10.22940952255126,360,0.97,8.0,19,33,1159
0.0,11.9,10.1,360,0.97,8.0,20,33,1160
0.0,11.9,9.97059047744874,360,0.97,7.0,21,33,1161
0.0,11.7,9.85,360,0.99,8.0,22,33,1162
0.0,11.5,9.746446609406727,360,0.99,8.0,23,33,1163
0.0,11.5,9.666987298107781,360,0.99,7.0,24,33,1164
0.0,11.4,10.305111126056639,360,0.99,8.0,1,34,1165
0.0,11.5,10.3,360,0.98,9.0,2,34,1166
0.0,11.5,10.305111126056639,360,0.97,9.0,3,34,1167
0.0,11.8,10.320096189432334,360,0.94,8.0,4,34,1168
0.0,12.1,10.343933982822017,360,0.93,10.0,5,34,1169
0.0,11.5,10.375,360,0.93,12.0,6,34,1170
0.0,11.2,10.411177143234621,360,0.96,12.0,7,34,1171
22.444444444444443,11.5,10.45,360,0.92,10.0,8,34,1172
78.55555555555554,11.9,10.488822856765378,360,0.86,12.0,9,34,1173
202.0,12.3,10.524999999999999,360,0.8,14.0,10,34,1174
516.2222222222223,12.5,10.556066017177981,360,0.77,17.0,11,34,1175
662.1111111111112,12.5,10.579903810567664,360,0.69,19.0,12,34,1176
819.2222222222222,12.4,10.59488887394336,360,0.74,17.0,13,34,1177
594.7777777777778,10.3,10.599999999999998,360,0.89,16.0,14,34,1178
572.3333333333333,11.4,10.59488887394336,360,0.79,12.0,15,34,1179
448.8888888888889,11.3,10.579903810567664,360,0.78,12.0,16,34,1180
145.88888888888889,9.8,10.556066017177981,360,0.8,8.0,17,34,1181
0.0,9.2,10.524999999999999,360,0.84,6.0,18,34,1182
0.0,8.6,10.488822856765378,360,0.89,3.0,19,34,1183
0.0,8.6,10.45,360,0.9,4.0,20,34,1184
0.0,7.1,10.411177143234621,360,0.92,4.0,21,34,1185
0.0,7.3,10.375,360,0.93,4.0,22,34,1186
0.0,7.5,10.343933982822017,360,0.92,4.0,23,34,1187
0.0,7.1,10.320096189432334,360,0.93,5.0,24,34,1188
0.0,7.6,9.018740795541014,360,0.94,4.0,1,35,1189
0.0,8.0,9.0,360,0.92,5.0,2,35,1190
0.0,8.1,9.018740795541014,360,0.94,4.0,3,35,1191
0.0,7.5,9.07368602791856,360,0.95,3.0,4,35,1192
0.0,7.0,9.1610912703474,360,0.97,2.0,5,35,1193
0.0,7.9,9.275,360,0.96,4.0,6,35,1194
0.0,8.7,9.407649525193614,360,0.97,7.0,7,35,1195
11.222222222222221,8.8,9.55,360,0.92,5.0,8,35,1196
112.22222222222223,8.8,9.692350474806387,360,0.93,4.0,9,35,1197
303.0,9.9,9.825000000000001,360,0.92,3.0,10,35,1198
448.8888888888889,10.6,9.938908729652601,360,0.88,5.0,11,35,1199
561.1111111111111,11.6,10.026313972081441,360,0.87,6.0,12,35,1200
639.6666666666667,12.7,10.081259204458988,360,0.84,6.0,13,35,1201
426.44444444444446,12.8,10.100000000000001,360,0.84,5.0,14,35,1202
404.0,12.7,10.081259204458988,360,0.82,6.0,15,35,1203
179.55555555555554,12.3,10.026313972081441,360,0.85,4.0,16,35,1204
33.66666666666667,11.6,9.938908729652601,360,0.88,2.0,17,35,1205
0.0,11.0,9.825000000000001,360,0.91,2.0,18,35,1206
0.0,10.4,9.692350474806387,360,0.94,2.0,19,35,1207
0.0,10.3,9.55,360,0.94,2.0,20,35,1208
0.0,10.4,9.407649525193614,360,0.96,3.0,21,35,1209
0.0,9.9,9.275,360,0.93,5.0,22,35,1210
0.0,9.4,9.1610912703474,360,0.96,2.0,23,35,1211
0.0,9.3,9.07368602791856,360,0.93,3.0,24,35,1212
0.0,9.0,9.311925960798828,360,0.96,2.0,1,36,1213
0.0,8.6,9.3,360,0.98,0.0,2,36,1214
0.0,8.3,9.311925960798828,360,0.99,0.0,3,36,1215
0.0,8.2,9.346891108675447,360,0.99,1.0,4,36,1216
0.0,8.0,9.40251262658471,360,0.99,2.0,5,36,1217
0.0,7.8,9.475,360,0.99,0.0,6,36,1218
0.0,7.7,9.559413334214119,360,0.99,1.0,7,36,1219
0.0,7.4,9.65,360,0.99,0.0,8,36,1220
123.44444444444446,7.8,9.740586665785882,360,0.99,0.0,9,36,1221
280.55555555555554,8.7,9.825000000000001,360,0.99,2.0,10,36,1222
235.66666666666669,9.0,9.897487373415292,360,0.95,2.0,11,36,1223
291.77777777777777,9.5,9.953108891324554,360,0.93,2.0,12,36,1224
381.55555555555554,9.8,9.988074039201173,360,0.94,3.0,13,36,1225
157.1111111111111,9.6,10.0,360,0.95,3.0,14,36,1226
258.11111111111114,9.8,9.988074039201173,360,0.94,4.0,15,36,1227
112.22222222222223,9.5,9.953108891324554,360,0.95,4.0,16,36,1228
11.222222222222221,9.2,9.897487373415292,360,0.96,4.0,17,36,1229
0.0,8.9,9.825000000000001,360,0.97,4.0,18,36,1230
0.0,8.9,9.740586665785882,360,0.98,4.0,19,36,1231
0.0,8.7,9.65,360,0.99,5.0,20,36,1232
0.0,8.6,9.559413334214119,360,0.99,6.0,21,36,1233
0.0,8.5,9.475000000000001,360,0.99,6.0,22,36,1234
0.0,8.5,9.40251262658471,360,0.99,6.0,23,36,1235
0.0,8.4,9.346891108675447,360,0.99,6.0,24,36,1236
0.0,8.3,9.106814834742186,360,0.99,5.0,1,37,1237
0.0,8.3,9.100000000000001,360,0.99,5.0,2,37,1238
0.0,8.2,9.106814834742186,360,0.99,5.0,3,37,1239
0.0,8.3,9.126794919243112,360,0.99,4.0,4,37,1240
0.0,8.3,9.158578643762691,360,0.99,4.0,5,37,1241
0.0,8.2,9.200000000000001,360,0.99,4.0,6,37,1242
0.0,8.1,9.248236190979496,360,0.99,4.0,7,37,1243
0.0,8.0,9.3,360,0.99,6.0,8,37,1244
22.444444444444443,8.0,9.351763809020506,360,0.99,5.0,9,37,1245
22.444444444444443,8.0,9.4,360,0.99,5.0,10,37,1246
22.444444444444443,7.9,9.44142135623731,360,0.99,5.0,11,37,1247
33.66666666666667,7.9,9.47320508075689,360,0.99,5.0,12,37,1248
44.888888888888886,7.8,9.493185165257815,360,0.99,5.0,13,37,1249
33.66666666666667,7.7,9.5,360,0.99,6.0,14,37,1250
33.66666666666667,7.7,9.493185165257815,360,0.99,6.0,15,37,1251
33.66666666666667,7.6,9.47320508075689,360,0.99,6.0,16,37,1252
22.444444444444443,7.6,9.44142135623731,360,0.99,8.0,17,37,1253
0.0,7.5,9.4,360,0.98,8.0,18,37,1254
0.0,7.6,9.351763809020506,360,0.97,7.0,19,37,1255
11.222222222222221,7.1,9.3,360,0.97,7.0,20,37,1256
0.0,6.7,9.248236190979496,360,0.96,8.0,21,37,1257
0.0,6.3,9.200000000000001,360,0.95,8.0,22,37,1258
0.0,6.3,9.158578643762691,360,0.94,6.0,23,37,1259
0.0,6.0,9.126794919243112,360,0.89,6.0,24,37,1260
0.0,5.0,7.61533337816992,360,0.88,4.0,1,38,1261
0.0,3.6,7.6000000000000005,360,0.93,4.0,2,38,1262
0.0,2.6,7.61533337816992,360,0.97,4.0,3,38,1263
0.0,1.9,7.660288568297003,360,0.99,4.0,4,38,1264
0.0,1.5,7.731801948466054,360,0.99,4.0,5,38,1265
0.0,1.9,7.825,360,0.98,4.0,6,38,1266
0.0,2.3,7.933531429703867,360,0.98,4.0,7,38,1267
33.66666666666667,2.6,8.05,360,0.98,4.0,8,38,1268
325.44444444444446,4.1,8.166468570296136,360,0.92,5.0,9,38,1269
269.33333333333337,4.8,8.275,360,0.92,6.0,10,38,1270
650.8888888888889,6.3,8.368198051533946,360,0.89,6.0,11,38,1271
718.2222222222222,7.2,8.439711431702998,360,0.75,6.0,12,38,1272
740.6666666666667,7.8,8.484666621830081,360,0.69,6.0,13,38,1273
953.8888888888889,7.7,8.5,360,0.64,6.0,14,38,1274
258.11111111111114,7.6,8.484666621830081,360,0.68,5.0,15,38,1275
246.8888888888889,7.1,8.439711431702998,360,0.71,4.0,16,38,1276
11.222222222222221,6.0,8.368198051533946,360,0.76,5.0,17,38,1277
0.0,5.5,8.275,360,0.8,4.0,18,38,1278
0.0,5.1,8.166468570296136,360,0.8,4.0,19,38,1279
0.0,4.7,8.05,360,0.79,4.0,20,38,1280
0.0,4.4,7.933531429703867,360,0.81,2.0,21,38,1281
0.0,4.1,7.825000000000001,360,0.87,1.0,22,38,1282
0.0,4.0,7.731801948466054,360,0.8,1.0,23,38,1283
0.0,3.0,7.660288568297003,360,0.83,4.0,24,38,1284
0.0,1.7,6.91022225211328,360,0.86,2.0,1,39,1285
0.0,0.9,6.9,360,0.92,2.0,2,39,1286
0.0,0.9,6.91022225211328,360,0.9,3.0,3,39,1287
0.0,0.8,6.940192378864669,360,0.89,3.0,4,39,1288
0.0,0.0,6.987867965644036,360,0.92,2.0,5,39,1289
0.0,0.0,7.05,360,0.92,2.0,6,39,1290
0.0,0.3,7.122354286469244,360,0.9,2.0,7,39,1291
44.888888888888886,0.9,7.2,360,0.91,2.0,8,39,1292
190.77777777777777,1.8,7.277645713530756,360,0.82,4.0,9,39,1293
325.44444444444446,2.4,7.3500000000000005,360,0.76,5.0,10,39,1294
527.4444444444445,3.2,7.412132034355964,360,0.73,5.0,11,39,1295
549.8888888888889,3.4,7.459807621135331,360,0.75,5.0,12,39,1296
392.7777777777778,3.7,7.489777747886721,360,0.74,5.0,13,39,1297
381.55555555555554,4.1,7.5,360,0.77,5.0,14,39,1298
246.8888888888889,3.7,7.489777747886721,360,0.79,6.0,15,39,1299
168.33333333333331,3.6,7.459807621135331,360,0.82,5.0,16,39,1300
67.33333333333334,3.0,7.412132034355964,360,0.85,6.0,17,39,1301
0.0,2.5,7.3500000000000005,360,0.76,7.0,18,39,1302
0.0,2.3,7.277645713530756,360,0.79,6.0,19,39,1303
0.0,2.1,7.2,360,0.78,6.0,20,39,1304
0.0,2.0,7.122354286469244,360,0.8,4.0,21,39,1305
0.0,1.5,7.050000000000001,360,0.84,4.0,22,39,1306
0.0,0.5,6.987867965644036,360,0.88,3.0,23,39,1307
0.0,-0.1,6.940192378864669,360,0.9,2.0,24,39,1308
0.0,-0.5,5.611925960798826,360,0.91,2.0,1,40,1309
0.0,-1.1,5.6,360,0.86,1.0,2,40,1310
0.0,-2.1,5.611925960798826,360,0.94,1.0,3,40,1311
0.0,-1.9,5.646891108675446,360,0.96,1.0,4,40,1312
0.0,-2.0,5.702512626584707,360,0.95,2.0,5,40,1313
0.0,-1.9,5.7749999999999995,360,0.96,2.0,6,40,1314
0.0,-1.6,5.859413334214117,360,0.95,2.0,7,40,1315
22.444444444444443,-1.2,5.949999999999999,360,0.96,1.0,8,40,1316
89.77777777777777,0.2,6.040586665785882,360,0.96,3.0,9,40,1317
145.88888888888889,1.2,6.124999999999999,360,0.9,6.0,10,40,1318
168.33333333333331,1.6,6.197487373415291,360,0.87,6.0,11,40,1319
235.66666666666669,1.8,6.253108891324553,360,0.95,6.0,12,40,1320
224.44444444444446,2.4,6.288074039201173,360,0.98,6.0,13,40,1321
157.1111111111111,3.1,6.299999999999999,360,0.99,6.0,14,40,1322
78.55555555555554,3.5,6.288074039201173,360,0.99,5.0,15,40,1323
44.888888888888886,3.7,6.253108891324553,360,0.99,6.0,16,40,1324
22.444444444444443,4.0,6.197487373415291,360,0.99,4.0,17,40,1325
0.0,4.4,6.124999999999999,360,0.99,4.0,18,40,1326
0.0,4.9,6.040586665785882,360,0.99,3.0,19,40,1327
0.0,5.0,5.949999999999999,360,0.99,4.0,20,40,1328
0.0,6.4,5.859413334214117,360,0.99,3.0,21,40,1329
0.0,6.7,5.7749999999999995,360,0.99,6.0,22,40,1330
0.0,6.9,5.702512626584707,360,0.99,6.0,23,40,1331
0.0,6.8,5.646891108675446,360,0.99,5.0,24,40,1332
0.0,6.2,6.00511112605664,360,0.97,5.0,1,41,1333
0.0,6.0,6.0,360,0.99,4.0,2,41,1334
0.0,5.6,6.00511112605664,360,0.99,4.0,3,41,1335
0.0,4.4,6.020096189432334,360,0.99,4.0,4,41,1336
0.0,3.2,6.043933982822018,360,0.99,2.0,5,41,1337
0.0,4.2,6.075,360,0.99,4.0,6,41,1338
0.0,3.2,6.111177143234622,360,0.99,5.0,7,41,1339
22.444444444444443,2.4,6.15,360,0.99,5.0,8,41,1340
78.55555555555554,2.0,6.188822856765379,360,0.99,6.0,9,41,1341
123.44444444444446,1.6,6.2250000000000005,360,0.99,6.0,10,41,1342
202.0,1.6,6.256066017177982,360,0.99,6.0,11,41,1343
235.66666666666669,1.3,6.279903810567666,360,0.99,6.0,12,41,1344
280.55555555555554,1.4,6.294888873943361,360,0.97,6.0,13,41,1345
291.77777777777777,1.4,6.300000000000001,360,0.93,6.0,14,41,1346
202.0,1.3,6.294888873943361,360,0.91,5.0,15,41,1347
134.66666666666669,0.5,6.279903810567666,360,0.91,6.0,16,41,1348
56.111111111111114,-0.2,6.256066017177982,360,0.92,6.0,17,41,1349
0.0,-0.8,6.2250000000000005,360,0.92,6.0,18,41,1350
0.0,-1.1,6.188822856765379,360,0.92,6.0,19,41,1351
0.0,-1.6,6.15,360,0.93,6.0,20,41,1352
0.0,-2.0,6.111177143234622,360,0.94,6.0,21,41,1353
0.0,-2.1,6.075,360,0.94,6.0,22,41,1354
0.0,-2.1,6.043933982822018,360,0.94,6.0,23,41,1355
0.0,-2.0,6.020096189432334,360,0.93,8.0,24,41,1356
0.0,-2.1,4.6068148347421864,360,0.93,7.0,1,42,1357
0.0,-2.2,4.6,360,0.95,8.0,2,42,1358
0.0,-2.0,4.606814834742186,360,0.96,7.0,3,42,1359
0.0,-1.9,4.626794919243112,360,0.93,7.0,4,42,1360
0.0,-2.0,4.65857864376269,360,0.9,8.0,5,42,1361
0.0,-2.2,4.699999999999999,360,0.87,8.0,6,42,1362
0.0,-2.4,4.748236190979496,360,0.88,8.0,7,42,1363
33.66666666666667,-2.6,4.8,360,0.88,7.0,8,42,1364
168.33333333333331,-2.3,4.851763809020504,360,0.89,8.0,9,42,1365
258.11111111111114,-1.9,4.9,360,0.89,7.0,10,42,1366
190.77777777777777,-1.2,4.941421356237309,360,0.89,6.0,11,42,1367
157.1111111111111,-1.1,4.9732050807568875,360,0.91,6.0,12,42,1368
202.0,-0.5,4.993185165257814,360,0.93,6.0,13,42,1369
235.66666666666669,0.4,5.0,360,0.94,6.0,14,42,1370
314.2222222222222,1.0,4.993185165257814,360,0.92,7.0,15,42,1371
145.88888888888889,1.3,4.9732050807568875,360,0.91,6.0,16,42,1372
56.111111111111114,1.2,4.941421356237309,360,0.88,6.0,17,42,1373
11.222222222222221,1.2,4.9,360,0.86,8.0,18,42,1374
0.0,1.0,4.851763809020504,360,0.87,6.0,19,42,1375
0.0,1.0,4.8,360,0.86,6.0,20,42,1376
0.0,0.7,4.748236190979496,360,0.87,6.0,21,42,1377
0.0,0.6,4.7,360,0.88,7.0,22,42,1378
0.0,0.3,4.658578643762691,360,0.87,6.0,23,42,1379
0.0,-0.2,4.626794919243112,360,0.89,6.0,24,42,1380
0.0,-0.1,4.1068148347421864,360,0.88,6.0,1,43,1381
0.0,-0.1,4.1,360,0.88,6.0,2,43,1382
0.0,-0.2,4.106814834742186,360,0.89,7.0,3,43,1383
0.0,-0.1,4.126794919243112,360,0.88,7.0,4,43,1384
0.0,-0.4,4.15857864376269,360,0.92,6.0,5,43,1385
0.0,-0.6,4.199999999999999,360,0.95,6.0,6,43,1386
0.0,-0.7,4.248236190979496,360,0.96,5.0,7,43,1387
11.222222222222221,-0.9,4.3,360,0.96,4.0,8,43,1388
33.66666666666667,-0.9,4.351763809020504,360,0.97,4.0,9,43,1389
56.111111111111114,-0.7,4.4,360,0.98,0.0,10,43,1390
78.55555555555554,-0.6,4.441421356237309,360,0.98,0.0,11,43,1391
134.66666666666669,-0.6,4.4732050807568875,360,0.98,0.0,12,43,1392
134.66666666666669,-0.4,4.493185165257814,360,0.98,0.0,13,43,1393
168.33333333333331,-0.9,4.5,360,0.96,0.0,14,43,1394
291.77777777777777,-0.7,4.493185165257814,360,0.94,0.0,15,43,1395
224.44444444444446,-0.6,4.4732050807568875,360,0.93,0.0,16,43,1396
123.44444444444446,-1.0,4.441421356237309,360,0.92,0.0,17,43,1397
0.0,-1.9,4.4,360,0.93,0.0,18,43,1398
0.0,-2.5,4.351763809020504,360,0.93,0.0,19,43,1399
0.0,-2.9,4.3,360,0.92,0.0,20,43,1400
0.0,-3.3,4.248236190979496,360,0.91,0.0,21,43,1401
0.0,-3.7,4.2,360,0.89,0.0,22,43,1402
0.0,-4.1,4.158578643762691,360,0.91,0.0,23,43,1403
0.0,-4.2,4.126794919243112,360,0.91,0.0,24,43,1404
0.0,-4.5,2.9170370868554656,360,0.91,0.0,1,44,1405
0.0,-4.7,2.9,360,0.92,0.0,2,44,1406
0.0,-4.7,2.9170370868554656,360,0.92,0.0,3,44,1407
0.0,-5.4,2.9669872981077807,360,0.91,0.0,4,44,1408
0.0,-4.8,3.046446609406726,360,0.92,0.0,5,44,1409
0.0,-5.3,3.1499999999999995,360,0.92,0.0,6,44,1410
0.0,-4.9,3.2705904774487395,360,0.93,0.0,7,44,1411
67.33333333333334,-4.5,3.4,360,0.91,0.0,8,44,1412
303.0,-2.9,3.5294095225512603,360,0.9,0.0,9,44,1413
460.11111111111114,-1.5,3.65,360,0.87,0.0,10,44,1414
572.3333333333333,-0.8,3.753553390593274,360,0.89,0.0,11,44,1415
662.1111111111112,0.3,3.833012701892219,360,0.86,0.0,12,44,1416
538.6666666666667,0.1,3.8829629131445342,360,0.84,0.0,13,44,1417
527.4444444444445,0.6,3.9,360,0.84,0.0,14,44,1418
460.11111111111114,1.4,3.8829629131445342,360,0.83,2.0,15,44,1419
460.11111111111114,0.9,3.833012701892219,360,0.8,2.0,16,44,1420
123.44444444444446,-0.1,3.753553390593274,360,0.89,2.0,17,44,1421
0.0,-0.8,3.65,360,0.91,2.0,18,44,1422
0.0,-0.9,3.5294095225512603,360,0.88,2.0,19,44,1423
0.0,-1.7,3.4,360,0.89,2.0,20,44,1424
0.0,-2.5,3.2705904774487395,360,0.92,2.0,21,44,1425
0.0,-2.8,3.15,360,0.92,1.0,22,44,1426
0.0,-3.2,3.0464466094067264,360,0.93,1.0,23,44,1427
0.0,-3.5,2.9669872981077807,360,0.93,2.0,24,44,1428
0.0,-3.2,2.7323704650253853,360,0.94,1.0,1,45,1429
0.0,-3.7,2.7,360,0.94,1.0,2,45,1430
0.0,-4.0,2.7323704650253853,360,0.95,0.0,3,45,1431
0.0,-3.8,2.8272758664047832,360,0.96,1.0,4,45,1432
0.0,-3.9,2.9782485578727798,360,0.94,1.0,5,45,1433
0.0,-4.0,3.175,360,0.95,1.0,6,45,1434
0.0,-4.5,3.4041219071526054,360,0.95,0.0,7,45,1435
101.0,-2.7,3.65,360,0.95,0.0,8,45,1436
381.55555555555554,-0.4,3.8958780928473944,360,0.9,1.0,9,45,1437
516.2222222222223,1.2,4.125,360,0.89,0.0,10,45,1438
561.1111111111111,2.2,4.32175144212722,360,0.91,4.0,11,45,1439
516.2222222222223,4.2,4.472724133595216,360,0.88,3.0,12,45,1440
606.0,5.6,4.567629534974614,360,0.82,3.0,13,45,1441
751.8888888888888,7.3,4.6,360,0.73,3.0,14,45,1442
606.0,9.1,4.567629534974614,360,0.69,4.0,15,45,1443
404.0,8.2,4.472724133595216,360,0.72,6.0,16,45,1444
112.22222222222223,6.7,4.32175144212722,360,0.81,4.0,17,45,1445
11.222222222222221,5.2,4.125,360,0.86,2.0,18,45,1446
0.0,5.3,3.8958780928473944,360,0.86,3.0,19,45,1447
0.0,7.6,3.65,360,0.78,7.0,20,45,1448
0.0,7.1,3.4041219071526054,360,0.8,9.0,21,45,1449
0.0,6.6,3.1750000000000003,360,0.75,13.0,22,45,1450
0.0,5.7,2.9782485578727798,360,0.75,12.0,23,45,1451
0.0,5.3,2.8272758664047832,360,0.76,12.0,24,45,1452
0.0,5.4,4.530666756339839,360,0.74,12.0,1,46,1453
0.0,5.1,4.5,360,0.75,12.0,2,46,1454
0.0,5.1,4.530666756339839,360,0.75,12.0,3,46,1455
0.0,5.2,4.620577136594005,360,0.74,11.0,4,46,1456
0.0,5.1,4.763603896932107,360,0.75,11.0,5,46,1457
0.0,5.0,4.95,360,0.76,11.0,6,46,1458
0.0,4.9,5.167062859407732,360,0.75,13.0,7,46,1459
78.55555555555554,5.8,5.4,360,0.74,11.0,8,46,1460
235.66666666666669,6.2,5.632937140592269,360,0.74,11.0,9,46,1461
224.44444444444446,7.0,5.8500000000000005,360,0.74,10.0,10,46,1462
336.66666666666663,8.2,6.036396103067893,360,0.71,12.0,11,46,1463
527.4444444444445,9.3,6.179422863405995,360,0.71,10.0,12,46,1464
572.3333333333333,10.4,6.269333243660162,360,0.69,8.0,13,46,1465
628.4444444444443,11.6,6.300000000000001,360,0.67,8.0,14,46,1466
729.4444444444443,12.9,6.269333243660162,360,0.65,9.0,15,46,1467
359.1111111111111,11.8,6.179422863405995,360,0.66,9.0,16,46,1468
101.0,10.8,6.036396103067893,360,0.72,6.0,17,46,1469
11.222222222222221,9.7,5.8500000000000005,360,0.78,3.0,18,46,1470
0.0,9.6,5.632937140592269,360,0.75,4.0,19,46,1471
0.0,10.1,5.4,360,0.72,6.0,20,46,1472
0.0,9.7,5.167062859407732,360,0.72,8.0,21,46,1473
0.0,9.0,4.950000000000001,360,0.73,11.0,22,46,1474
0.0,8.5,4.763603896932108,360,0.73,10.0,23,46,1475
0.0,7.8,4.620577136594005,360,0.76,9.0,24,46,1476
0.0,7.2,5.827259338968744,360,0.78,10.0,1,47,1477
0.0,7.0,5.799999999999999,360,0.8,9.0,2,47,1478
0.0,6.7,5.827259338968744,360,0.82,8.0,3,47,1479
0.0,6.4,5.907179676972448,360,0.84,8.0,4,47,1480
0.0,6.1,6.034314575050761,360,0.86,8.0,5,47,1481
0.0,6.3,6.199999999999999,360,0.86,10.0,6,47,1482
0.0,6.3,6.392944763917983,360,0.87,10.0,7,47,1483
44.888888888888886,6.5,6.6,360,0.86,10.0,8,47,1484
190.77777777777777,7.0,6.807055236082016,360,0.85,9.0,9,47,1485
404.0,8.2,7.0,360,0.81,9.0,10,47,1486
561.1111111111111,9.8,7.165685424949238,360,0.77,8.0,11,47,1487
965.1111111111112,12.1,7.29282032302755,360,0.7,8.0,12,47,1488
987.5555555555557,13.3,7.372740661031255,360,0.66,9.0,13,47,1489
718.2222222222222,12.8,7.4,360,0.7,10.0,14,47,1490
112.22222222222223,12.4,7.372740661031255,360,0.76,8.0,15,47,1491
112.22222222222223,11.8,7.29282032302755,360,0.71,10.0,16,47,1492
101.0,10.6,7.165685424949238,360,0.82,9.0,17,47,1493
0.0,10.1,7.0,360,0.85,7.0,18,47,1494
0.0,9.8,6.807055236082016,360,0.91,8.0,19,47,1495
0.0,9.3,6.6,360,0.93,6.0,20,47,1496
0.0,9.1,6.392944763917983,360,0.94,6.0,21,47,1497
0.0,8.8,6.199999999999999,360,0.96,6.0,22,47,1498
0.0,9.0,6.034314575050762,360,0.97,6.0,23,47,1499
0.0,9.1,5.907179676972449,360,0.97,6.0,24,47,1500
0.0,8.6,7.230666756339838,360,0.99,6.0,1,48,1501
0.0,8.1,7.199999999999999,360,0.99,5.0,2,48,1502
0.0,7.9,7.230666756339838,360,0.99,5.0,3,48,1503
0.0,7.9,7.320577136594005,360,0.99,6.0,4,48,1504
0.0,7.7,7.463603896932106,360,0.99,6.0,5,48,1505
0.0,7.4,7.6499999999999995,360,0.99,6.0,6,48,1506
0.0,7.2,7.867062859407731,360,0.99,7.0,7,48,1507
44.888888888888886,7.2,8.1,360,0.99,8.0,8,48,1508
213.22222222222223,8.0,8.332937140592268,360,0.99,9.0,9,48,1509
561.1111111111111,8.9,8.549999999999999,360,0.99,7.0,10,48,1510
841.6666666666666,10.4,8.736396103067893,360,0.91,7.0,11,48,1511
1043.6666666666665,12.4,8.879422863405994,360,0.8,7.0,12,48,1512
864.1111111111111,13.3,8.969333243660161,360,0.75,6.0,13,48,1513
875.3333333333334,13.7,9.0,360,0.69,6.0,14,48,1514
875.3333333333334,14.7,8.969333243660161,360,0.6,6.0,15,48,1515
471.33333333333337,13.9,8.879422863405994,360,0.62,4.0,16,48,1516
179.55555555555554,12.4,8.736396103067893,360,0.68,4.0,17,48,1517
11.222222222222221,11.6,8.549999999999999,360,0.7,1.0,18,48,1518
0.0,9.9,8.332937140592268,360,0.78,2.0,19,48,1519
0.0,8.5,8.1,360,0.79,2.0,20,48,1520
0.0,8.3,7.867062859407731,360,0.79,3.0,21,48,1521
0.0,8.8,7.65,360,0.82,4.0,22,48,1522
0.0,9.7,7.463603896932107,360,0.78,5.0,23,48,1523
0.0,10.3,7.320577136594005,360,0.75,6.0,24,48,1524
0.0,10.8,7.610222252113279,360,0.72,8.0,1,49,1525
0.0,10.5,7.6,360,0.73,9.0,2,49,1526
0.0,11.0,7.610222252113279,360,0.69,10.0,3,49,1527
0.0,10.8,7.640192378864668,360,0.7,8.0,4,49,1528
0.0,10.6,7.687867965644036,360,0.71,8.0,5,49,1529
0.0,10.2,7.749999999999999,360,0.75,8.0,6,49,1530
0.0,9.9,7.822354286469244,360,0.75,8.0,7,49,1531
22.444444444444443,10.3,7.8999999999999995,360,0.75,8.0,8,49,1532
89.77777777777777,10.8,7.977645713530755,360,0.75,8.0,9,49,1533
145.88888888888889,12.0,8.049999999999999,360,0.7,10.0,10,49,1534
112.22222222222223,11.3,8.112132034355964,360,0.8,10.0,11,49,1535
101.0,11.5,8.15980762113533,360,0.8,8.0,12,49,1536
123.44444444444446,10.7,8.189777747886719,360,0.91,8.0,13,49,1537
134.66666666666669,9.4,8.2,360,0.92,13.0,14,49,1538
168.33333333333331,9.5,8.189777747886719,360,0.94,8.0,15,49,1539
258.11111111111114,9.9,8.15980762113533,360,0.89,8.0,16,49,1540
157.1111111111111,9.4,8.112132034355964,360,0.91,7.0,17,49,1541
11.222222222222221,8.7,8.049999999999999,360,0.95,4.0,18,49,1542
0.0,8.2,7.977645713530755,360,0.97,3.0,19,49,1543
0.0,7.7,7.8999999999999995,360,0.99,4.0,20,49,1544
0.0,8.0,7.822354286469244,360,0.99,5.0,21,49,1545
0.0,8.2,7.75,360,0.99,5.0,22,49,1546
0.0,8.3,7.687867965644036,360,0.99,5.0,23,49,1547
0.0,8.1,7.640192378864668,360,0.99,4.0,24,49,1548
0.0,8.1,7.6306667563398385,360,0.99,5.0,1,50,1549
0.0,7.6,7.6,360,0.99,4.0,2,50,1550
0.0,6.9,7.6306667563398385,360,0.98,4.0,3,50,1551
0.0,6.4,7.720577136594005,360,0.99,3.0,4,50,1552
0.0,6.8,7.863603896932107,360,0.99,3.0,5,50,1553
0.0,6.9,8.049999999999999,360,0.99,3.0,6,50,1554
0.0,7.4,8.267062859407732,360,0.99,3.0,7,50,1555
67.33333333333334,8.9,8.5,360,0.98,6.0,8,50,1556
314.2222222222222,10.1,8.732937140592268,360,0.91,8.0,9,50,1557
426.44444444444446,10.5,8.950000000000001,360,0.89,8.0,10,50,1558
493.7777777777778,11.7,9.136396103067893,360,0.83,10.0,11,50,1559
1122.2222222222222,13.7,9.279422863405996,360,0.74,9.0,12,50,1560
942.6666666666667,14.7,9.369333243660162,360,0.68,10.0,13,50,1561
684.5555555555557,16.3,9.4,360,0.63,8.0,14,50,1562
673.3333333333333,15.9,9.369333243660162,360,0.64,10.0,15,50,1563
347.8888888888889,15.4,9.279422863405996,360,0.67,9.0,16,50,1564
179.55555555555554,14.0,9.136396103067893,360,0.72,5.0,17,50,1565
11.222222222222221,12.3,8.950000000000001,360,0.76,3.0,18,50,1566
0.0,12.4,8.732937140592268,360,0.73,4.0,19,50,1567
0.0,13.2,8.5,360,0.7,7.0,20,50,1568
0.0,12.8,8.267062859407732,360,0.71,9.0,21,50,1569
0.0,12.6,8.05,360,0.71,10.0,22,50,1570
0.0,12.1,7.863603896932107,360,0.73,9.0,23,50,1571
0.0,11.1,7.720577136594005,360,0.75,8.0,24,50,1572
0.0,10.7,8.422148212912107,360,0.76,6.0,1,51,1573
0.0,10.7,8.400000000000002,360,0.75,9.0,2,51,1574
0.0,10.6,8.422148212912107,360,0.76,9.0,3,51,1575
0.0,10.6,8.487083487540115,360,0.76,8.0,4,51,1576
0.0,10.3,8.590380592228746,360,0.78,8.0,5,51,1577
0.0,10.5,8.725000000000001,360,0.77,8.0,6,51,1578
0.0,10.6,8.881767620683362,360,0.76,9.0,7,51,1579
123.44444444444446,11.5,9.05,360,0.71,10.0,8,51,1580
258.11111111111114,12.4,9.218232379316639,360,0.68,10.0,9,51,1581
415.2222222222223,13.4,9.375,360,0.63,11.0,10,51,1582
538.6666666666667,14.0,9.509619407771256,360,0.61,11.0,11,51,1583
606.0,15.2,9.612916512459886,360,0.6,10.0,12,51,1584
684.5555555555557,16.0,9.677851787087894,360,0.56,10.0,13,51,1585
594.7777777777778,16.5,9.7,360,0.55,11.0,14,51,1586
729.4444444444443,18.2,9.677851787087894,360,0.49,9.0,15,51,1587
617.2222222222222,17.4,9.612916512459886,360,0.52,11.0,16,51,1588
235.66666666666669,15.9,9.509619407771256,360,0.56,12.0,17,51,1589
22.444444444444443,14.6,9.375,360,0.59,11.0,18,51,1590
0.0,13.6,9.218232379316639,360,0.65,8.0,19,51,1591
0.0,13.4,9.05,360,0.64,13.0,20,51,1592
0.0,12.7,8.881767620683362,360,0.65,11.0,21,51,1593
0.0,12.2,8.725000000000001,360,0.67,10.0,22,51,1594
0.0,11.9,8.590380592228746,360,0.67,10.0,23,51,1595
0.0,11.5,8.487083487540115,360,0.68,9.0,24,51,1596
0.0,11.6,8.817037086855466,360,0.66,9.0,1,52,1597
0.0,11.8,8.8,360,0.64,11.0,2,52,1598
0.0,11.7,8.817037086855466,360,0.64,9.0,3,52,1599
0.0,12.0,8.866987298107782,360,0.62,10.0,4,52,1600
0.0,12.0,8.946446609406728,360,0.62,9.0,5,52,1601
0.0,12.0,9.05,360,0.62,9.0,6,52,1602
11.222222222222221,11.8,9.17059047744874,360,0.63,8.0,7,52,1603
123.44444444444446,12.5,9.3,360,0.59,10.0,8,52,1604
179.55555555555554,12.7,9.42940952255126,360,0.6,10.0,9,52,1605
336.66666666666663,13.8,9.55,360,0.57,9.0,10,52,1606
561.1111111111111,15.2,9.653553390593274,360,0.55,10.0,11,52,1607
527.4444444444445,16.2,9.73301270189222,360,0.48,10.0,12,52,1608
493.7777777777778,16.3,9.782962913144535,360,0.5,10.0,13,52,1609
314.2222222222222,15.9,9.8,360,0.54,8.0,14,52,1610
303.0,15.8,9.782962913144535,360,0.55,7.0,15,52,1611
235.66666666666669,15.2,9.73301270189222,360,0.57,7.0,16,52,1612
67.33333333333334,14.7,9.653553390593274,360,0.56,7.0,17,52,1613
11.222222222222221,13.5,9.55,360,0.61,8.0,18,52,1614
0.0,13.6,9.42940952255126,360,0.57,8.0,19,52,1615
0.0,12.3,9.3,360,0.61,6.0,20,52,1616
0.0,11.2,9.17059047744874,360,0.67,3.0,21,52,1617
0.0,9.9,9.05,360,0.74,2.0,22,52,1618
0.0,10.8,8.946446609406728,360,0.72,4.0,23,52,1619
0.0,10.0,8.866987298107782,360,0.74,2.0,24,52,1620
0.0,8.5,8.817037086855466,360,0.8,1.0,1,53,1621
0.0,9.1,8.8,360,0.79,2.0,2,53,1622
0.0,9.0,8.817037086855466,360,0.82,2.0,3,53,1623
0.0,9.7,8.866987298107782,360,0.79,2.0,4,53,1624
0.0,9.9,8.946446609406728,360,0.79,2.0,5,53,1625
0.0,9.4,9.05,360,0.85,2.0,6,53,1626
0.0,9.5,9.17059047744874,360,0.83,2.0,7,53,1627
11.222222222222221,9.6,9.3,360,0.83,2.0,8,53,1628
78.55555555555554,10.5,9.42940952255126,360,0.82,1.0,9,53,1629
134.66666666666669,12.4,9.55,360,0.8,5.0,10,53,1630
134.66666666666669,12.7,9.653553390593274,360,0.78,4.0,11,53,1631
157.1111111111111,12.9,9.73301270189222,360,0.8,5.0,12,53,1632
157.1111111111111,13.1,9.782962913144535,360,0.81,2.0,13,53,1633
280.55555555555554,14.0,9.8,360,0.74,2.0,14,53,1634
224.44444444444446,13.8,9.782962913144535,360,0.78,4.0,15,53,1635
78.55555555555554,13.4,9.73301270189222,360,0.82,5.0,16,53,1636
33.66666666666667,12.8,9.653553390593274,360,0.85,4.0,17,53,1637
0.0,12.3,9.55,360,0.89,4.0,18,53,1638
0.0,11.8,9.42940952255126,360,0.92,4.0,19,53,1639
0.0,11.2,9.3,360,0.98,4.0,20,53,1640
0.0,11.1,9.17059047744874,360,0.99,4.0,21,53,1641
0.0,10.2,9.05,360,0.99,5.0,22,53,1642
0.0,9.6,8.946446609406728,360,0.99,3.0,23,53,1643
0.0,9.1,8.866987298107782,360,0.99,4.0,24,53,1644
0.0,9.6,9.43066675633984,360,0.99,2.0,1,54,1645
0.0,8.9,9.400000000000002,360,0.99,4.0,2,54,1646
0.0,9.6,9.43066675633984,360,0.99,5.0,3,54,1647
0.0,9.8,9.520577136594007,360,0.99,5.0,4,54,1648
0.0,9.5,9.663603896932107,360,0.99,4.0,5,54,1649
0.0,9.6,9.850000000000001,360,0.99,4.0,6,54,1650
0.0,9.5,10.067062859407732,360,0.99,4.0,7,54,1651
56.111111111111114,9.6,10.3,360,0.99,4.0,8,54,1652
359.1111111111111,11.1,10.532937140592269,360,0.98,6.0,9,54,1653
729.4444444444443,12.5,10.75,360,0.88,7.0,10,54,1654
998.7777777777778,14.2,10.936396103067892,360,0.82,8.0,11,54,1655
1167.111111111111,15.8,11.079422863405995,360,0.74,8.0,12,54,1656
1189.5555555555557,16.7,11.169333243660162,360,0.72,10.0,13,54,1657
1088.5555555555557,16.9,11.2,360,0.66,9.0,14,54,1658
751.8888888888888,16.6,11.169333243660162,360,0.66,8.0,15,54,1659
617.2222222222222,16.4,11.079422863405995,360,0.69,8.0,16,54,1660
291.77777777777777,15.3,10.936396103067892,360,0.7,8.0,17,54,1661
33.66666666666667,12.6,10.75,360,0.81,4.0,18,54,1662
0.0,10.7,10.532937140592269,360,0.86,2.0,19,54,1663
0.0,12.6,10.3,360,0.84,4.0,20,54,1664
0.0,11.9,10.067062859407732,360,0.88,4.0,21,54,1665
0.0,11.6,9.850000000000001,360,0.9,4.0,22,54,1666
0.0,11.4,9.66360389693211,360,0.91,4.0,23,54,1667
0.0,11.4,9.520577136594007,360,0.93,4.0,24,54,1668
0.0,11.6,9.534074173710932,360,0.88,5.0,1,55,1669
0.0,11.6,9.5,360,0.86,7.0,2,55,1670
0.0,11.0,9.534074173710932,360,0.86,6.0,3,55,1671
0.0,10.7,9.63397459621556,360,0.87,6.0,4,55,1672
0.0,10.3,9.792893218813452,360,0.87,6.0,5,55,1673
0.0,10.5,10.0,360,0.86,6.0,6,55,1674
0.0,10.6,10.24118095489748,360,0.85,8.0,7,55,1675
134.66666666666669,11.6,10.5,360,0.81,8.0,8,55,1676
448.8888888888889,12.8,10.75881904510252,360,0.76,9.0,9,55,1677
751.8888888888888,14.1,11.0,360,0.73,8.0,10,55,1678
987.5555555555557,15.4,11.207106781186548,360,0.69,8.0,11,55,1679
1122.2222222222222,16.7,11.36602540378444,360,0.67,8.0,12,55,1680
1155.888888888889,17.6,11.465925826289068,360,0.63,6.0,13,55,1681
1054.888888888889,18.2,11.5,360,0.6,6.0,14,55,1682
864.1111111111111,18.2,11.465925826289068,360,0.55,8.0,15,55,1683
572.3333333333333,17.7,11.36602540378444,360,0.59,6.0,16,55,1684
246.8888888888889,16.2,11.207106781186548,360,0.64,5.0,17,55,1685
22.444444444444443,14.0,11.0,360,0.69,2.0,18,55,1686
0.0,12.4,10.75881904510252,360,0.78,1.0,19,55,1687
0.0,12.8,10.5,360,0.74,1.0,20,55,1688
0.0,10.8,10.24118095489748,360,0.83,2.0,21,55,1689
0.0,11.0,10.0,360,0.81,2.0,22,55,1690
0.0,12.2,9.792893218813452,360,0.8,6.0,23,55,1691
0.0,13.1,9.63397459621556,360,0.75,8.0,24,55,1692
0.0,12.3,9.425555630283199,360,0.75,9.0,1,56,1693
0.0,11.5,9.4,360,0.61,8.0,2,56,1694
0.0,11.3,9.425555630283199,360,0.57,7.0,3,56,1695
0.0,10.8,9.500480947161671,360,0.55,8.0,4,56,1696
0.0,10.9,9.619669914110089,360,0.52,9.0,5,56,1697
0.0,10.9,9.775,360,0.5,9.0,6,56,1698
11.222222222222221,10.2,9.95588571617311,360,0.53,8.0,7,56,1699
134.66666666666669,10.8,10.15,360,0.53,8.0,8,56,1700
392.7777777777778,11.7,10.34411428382689,360,0.53,9.0,9,56,1701
583.5555555555555,12.5,10.525,360,0.56,8.0,10,56,1702
662.1111111111112,13.0,10.680330085889912,360,0.56,10.0,11,56,1703
909.0,14.4,10.79951905283833,360,0.58,9.0,12,56,1704
841.6666666666666,14.9,10.874444369716802,360,0.6,8.0,13,56,1705
718.2222222222222,15.3,10.9,360,0.64,6.0,14,56,1706
707.0000000000001,15.6,10.874444369716802,360,0.63,5.0,15,56,1707
549.8888888888889,15.5,10.79951905283833,360,0.66,5.0,16,56,1708
179.55555555555554,14.4,10.680330085889912,360,0.72,3.0,17,56,1709
22.444444444444443,12.3,10.525,360,0.82,1.0,18,56,1710
0.0,10.2,10.34411428382689,360,0.93,1.0,19,56,1711
0.0,10.8,10.15,360,0.91,3.0,20,56,1712
0.0,9.9,9.95588571617311,360,0.95,3.0,21,56,1713
0.0,8.9,9.775,360,0.97,3.0,22,56,1714
0.0,9.3,9.619669914110089,360,0.98,3.0,23,56,1715
0.0,8.7,9.500480947161671,360,0.98,3.0,24,56,1716
0.0,8.4,9.620444504226558,360,0.99,2.0,1,57,1717
0.0,8.8,9.599999999999998,360,0.99,2.0,2,57,1718
0.0,9.2,9.620444504226558,360,0.99,4.0,3,57,1719
0.0,9.0,9.680384757729335,360,0.96,6.0,4,57,1720
0.0,8.8,9.77573593128807,360,0.95,5.0,5,57,1721
0.0,8.5,9.899999999999999,360,0.94,6.0,6,57,1722
0.0,8.4,10.044708572938486,360,0.93,6.0,7,57,1723
44.888888888888886,8.3,10.2,360,0.88,7.0,8,57,1724
280.55555555555554,8.7,10.355291427061513,360,0.83,7.0,9,57,1725
460.11111111111114,9.9,10.5,360,0.81,8.0,10,57,1726
1032.4444444444446,11.7,10.624264068711929,360,0.77,8.0,11,57,1727
1167.111111111111,12.1,10.719615242270663,360,0.73,8.0,12,57,1728
987.5555555555557,11.4,10.77955549577344,360,0.72,8.0,13,57,1729
852.8888888888889,12.4,10.8,360,0.62,8.0,14,57,1730
886.5555555555555,12.6,10.77955549577344,360,0.6,8.0,15,57,1731
684.5555555555557,12.2,10.719615242270663,360,0.53,8.0,16,57,1732
347.8888888888889,11.0,10.624264068711929,360,0.57,7.0,17,57,1733
33.66666666666667,8.9,10.5,360,0.66,6.0,18,57,1734
0.0,7.7,10.355291427061513,360,0.71,4.0,19,57,1735
0.0,6.4,10.2,360,0.76,3.0,20,57,1736
0.0,5.4,10.044708572938486,360,0.79,3.0,21,57,1737
0.0,5.6,9.899999999999999,360,0.77,3.0,22,57,1738
0.0,5.2,9.77573593128807,360,0.79,4.0,23,57,1739
0.0,4.6,9.680384757729335,360,0.81,4.0,24,57,1740
0.0,4.2,7.822148212912105,360,0.81,4.0,1,58,1741
0.0,3.2,7.799999999999999,360,0.85,3.0,2,58,1742
0.0,2.9,7.822148212912105,360,0.85,4.0,3,58,1743
0.0,3.0,7.887083487540114,360,0.86,6.0,4,58,1744
0.0,2.4,7.990380592228743,360,0.87,5.0,5,58,1745
0.0,2.2,8.124999999999998,360,0.86,6.0,6,58,1746
11.222222222222221,2.0,8.281767620683361,360,0.87,7.0,7,58,1747
179.55555555555554,3.2,8.45,360,0.86,7.0,8,58,1748
538.6666666666667,4.9,8.618232379316638,360,0.82,7.0,9,58,1749
841.6666666666666,7.3,8.774999999999999,360,0.69,8.0,10,58,1750
1077.3333333333335,8.2,8.909619407771256,360,0.65,10.0,11,58,1751
1223.2222222222222,9.9,9.012916512459885,360,0.57,10.0,12,58,1752
1245.6666666666665,10.3,9.077851787087894,360,0.54,10.0,13,58,1753
1167.111111111111,10.5,9.1,360,0.55,10.0,14,58,1754
953.8888888888889,10.7,9.077851787087894,360,0.54,10.0,15,58,1755
673.3333333333333,10.4,9.012916512459885,360,0.51,10.0,16,58,1756
347.8888888888889,9.6,8.909619407771256,360,0.54,9.0,17,58,1757
44.888888888888886,8.0,8.774999999999999,360,0.6,8.0,18,58,1758
0.0,7.5,8.618232379316638,360,0.6,9.0,19,58,1759
0.0,6.4,8.45,360,0.66,8.0,20,58,1760
0.0,6.1,8.281767620683361,360,0.67,8.0,21,58,1761
0.0,5.8,8.125,360,0.69,8.0,22,58,1762
0.0,5.2,7.990380592228743,360,0.72,6.0,23,58,1763
0.0,4.4,7.887083487540115,360,0.76,7.0,24,58,1764
0.0,3.0,6.932370465025386,360,0.82,5.0,1,59,1765
0.0,2.3,6.9,360,0.86,4.0,2,59,1766
0.0,2.5,6.932370465025386,360,0.87,6.0,3,59,1767
0.0,2.2,7.027275866404784,360,0.88,5.0,4,59,1768
0.0,2.4,7.17824855787278,360,0.87,6.0,5,59,1769
0.0,2.1,7.375,360,0.87,6.0,6,59,1770
11.222222222222221,2.0,7.604121907152606,360,0.87,8.0,7,59,1771
179.55555555555554,3.2,7.8500000000000005,360,0.82,7.0,8,59,1772
516.2222222222223,4.7,8.095878092847395,360,0.77,8.0,9,59,1773
841.6666666666666,6.3,8.325000000000001,360,0.7,7.0,10,59,1774
1066.1111111111113,8.3,8.52175144212722,360,0.67,6.0,11,59,1775
1200.7777777777778,9.6,8.672724133595217,360,0.64,6.0,12,59,1776
1212.0,10.8,8.767629534974615,360,0.63,6.0,13,59,1777
1122.2222222222222,11.3,8.8,360,0.58,6.0,14,59,1778
931.4444444444445,11.6,8.767629534974615,360,0.57,7.0,15,59,1779
628.4444444444443,11.3,8.672724133595217,360,0.58,6.0,16,59,1780
291.77777777777777,10.2,8.52175144212722,360,0.63,6.0,17,59,1781
44.888888888888886,8.4,8.325000000000001,360,0.7,6.0,18,59,1782
0.0,7.6,8.095878092847395,360,0.73,4.0,19,59,1783
0.0,7.4,7.8500000000000005,360,0.75,4.0,20,59,1784
0.0,7.5,7.604121907152606,360,0.73,4.0,21,59,1785
0.0,6.3,7.375000000000001,360,0.77,3.0,22,59,1786
0.0,5.7,7.17824855787278,360,0.79,3.0,23,59,1787
0.0,5.4,7.027275866404784,360,0.8,2.0,24,59,1788
0.0,4.2,6.747703843195304,360,0.84,2.0,1,61,1789
0.0,4.1,6.699999999999999,360,0.85,2.0,2,61,1790
0.0,3.0,6.747703843195304,360,0.9,2.0,3,61,1791
0.0,2.7,6.887564434701785,360,0.93,1.0,4,61,1792
0.0,1.5,7.110050506338832,360,0.94,1.0,5,61,1793
0.0,2.0,7.399999999999999,360,0.94,1.0,6,61,1794
11.222222222222221,1.4,7.737653336856471,360,0.96,0.0,7,61,1795
202.0,4.5,8.1,360,0.87,2.0,8,61,1796
527.4444444444445,7.5,8.462346663143528,360,0.78,3.0,9,61,1797
852.8888888888889,11.2,8.799999999999999,360,0.65,3.0,10,61,1798
1088.5555555555557,13.7,9.089949493661166,360,0.52,5.0,11,61,1799
1234.4444444444443,15.2,9.312435565298214,360,0.49,6.0,12,61,1800
1178.3333333333335,16.0,9.452296156804696,360,0.44,6.0,13,61,1801
1167.111111111111,16.6,9.5,360,0.45,6.0,14,61,1802
953.8888888888889,16.8,9.452296156804696,360,0.44,6.0,15,61,1803
639.6666666666667,16.4,9.312435565298214,360,0.45,6.0,16,61,1804
280.55555555555554,14.6,9.089949493661166,360,0.5,4.0,17,61,1805
44.888888888888886,12.7,8.799999999999999,360,0.55,2.0,18,61,1806
0.0,9.4,8.462346663143528,360,0.7,0.0,19,61,1807
0.0,10.5,8.1,360,0.65,0.0,20,61,1808
0.0,8.0,7.737653336856471,360,0.76,0.0,21,61,1809
0.0,7.7,7.4,360,0.77,1.0,22,61,1810
0.0,7.2,7.110050506338833,360,0.78,1.0,23,61,1811
0.0,7.5,6.887564434701785,360,0.79,2.0,24,61,1812
0.0,7.7,7.335777882396478,360,0.76,2.0,1,62,1813
0.0,7.0,7.299999999999999,360,0.78,2.0,2,62,1814
0.0,7.5,7.335777882396478,360,0.75,1.0,3,62,1815
0.0,7.0,7.440673326026339,360,0.77,1.0,4,62,1816
0.0,6.7,7.607537879754124,360,0.76,0.0,5,62,1817
0.0,3.7,7.824999999999999,360,0.87,1.0,6,62,1818
11.222222222222221,4.4,8.078240002642353,360,0.86,1.0,7,62,1819
157.1111111111111,6.6,8.35,360,0.77,2.0,8,62,1820
347.8888888888889,8.3,8.621759997357646,360,0.73,2.0,9,62,1821
561.1111111111111,11.3,8.875,360,0.63,5.0,10,62,1822
1010.0,14.0,9.092462120245875,360,0.45,7.0,11,62,1823
808.0,13.8,9.25932667397366,360,0.5,8.0,12,62,1824
662.1111111111112,14.9,9.364222117603521,360,0.47,6.0,13,62,1825
505.0,14.4,9.4,360,0.49,4.0,14,62,1826
493.7777777777778,14.9,9.364222117603521,360,0.47,4.0,15,62,1827
381.55555555555554,15.2,9.25932667397366,360,0.47,4.0,16,62,1828
269.33333333333337,14.4,9.092462120245875,360,0.52,3.0,17,62,1829
78.55555555555554,11.3,8.875,360,0.62,1.0,18,62,1830
0.0,8.0,8.621759997357646,360,0.81,1.0,19,62,1831
0.0,7.5,8.35,360,0.78,1.0,20,62,1832
0.0,7.5,8.078240002642353,360,0.77,1.0,21,62,1833
0.0,6.8,7.824999999999999,360,0.79,1.0,22,62,1834
0.0,7.2,7.607537879754124,360,0.74,1.0,23,62,1835
0.0,7.5,7.440673326026339,360,0.74,2.0,24,62,1836
0.0,9.3,7.749407551880852,360,0.65,4.0,1,63,1837
0.0,8.8,7.700000000000001,360,0.68,4.0,2,63,1838
0.0,8.6,7.749407551880852,360,0.67,4.0,3,63,1839
0.0,5.1,7.894263164512564,360,0.79,3.0,4,63,1840
0.0,6.0,8.124695167279507,360,0.79,2.0,5,63,1841
0.0,5.2,8.425,360,0.82,2.0,6,63,1842
11.222222222222221,5.7,8.774712384601346,360,0.78,2.0,7,63,1843
101.0,7.8,9.15,360,0.7,3.0,8,63,1844
269.33333333333337,9.2,9.525287615398655,360,0.73,2.0,9,63,1845
763.1111111111111,12.2,9.875,360,0.66,6.0,10,63,1846
976.3333333333333,13.7,10.175304832720494,360,0.63,4.0,11,63,1847
1200.7777777777778,15.0,10.405736835487437,360,0.62,5.0,12,63,1848
1043.6666666666665,14.7,10.550592448119149,360,0.64,4.0,13,63,1849
1066.1111111111113,16.0,10.6,360,0.6,4.0,14,63,1850
897.7777777777778,16.0,10.550592448119149,360,0.6,4.0,15,63,1851
583.5555555555555,16.4,10.405736835487437,360,0.61,4.0,16,63,1852
258.11111111111114,15.0,10.175304832720494,360,0.69,2.0,17,63,1853
22.444444444444443,13.7,9.875,360,0.72,0.0,18,63,1854
0.0,11.7,9.525287615398655,360,0.84,0.0,19,63,1855
0.0,11.7,9.15,360,0.85,0.0,20,63,1856
0.0,12.0,8.774712384601346,360,0.82,2.0,21,63,1857
0.0,11.1,8.425,360,0.87,1.0,22,63,1858
0.0,10.1,8.124695167279507,360,0.92,1.0,23,63,1859
0.0,9.4,7.894263164512564,360,0.94,1.0,24,63,1860
0.0,8.8,9.43066675633984,360,0.94,1.0,1,64,1861
0.0,7.9,9.400000000000002,360,0.97,0.0,2,64,1862
0.0,8.8,9.43066675633984,360,0.98,0.0,3,64,1863
0.0,9.0,9.520577136594007,360,0.96,1.0,4,64,1864
0.0,8.5,9.663603896932107,360,0.95,1.0,5,64,1865
0.0,8.1,9.850000000000001,360,0.95,2.0,6,64,1866
22.444444444444443,7.3,10.067062859407732,360,0.96,2.0,7,64,1867
145.88888888888889,8.1,10.3,360,0.93,1.0,8,64,1868
561.1111111111111,10.3,10.532937140592269,360,0.85,2.0,9,64,1869
796.7777777777777,10.9,10.75,360,0.81,3.0,10,64,1870
830.4444444444446,12.7,10.936396103067892,360,0.71,2.0,11,64,1871
1189.5555555555557,13.2,11.079422863405995,360,0.6,4.0,12,64,1872
1279.3333333333335,13.6,11.169333243660162,360,0.54,4.0,13,64,1873
864.1111111111111,12.9,11.2,360,0.55,5.0,14,64,1874
875.3333333333334,13.0,11.169333243660162,360,0.65,4.0,15,64,1875
617.2222222222222,11.9,11.079422863405995,360,0.68,6.0,16,64,1876
370.33333333333337,11.3,10.936396103067892,360,0.66,6.0,17,64,1877
67.33333333333334,9.5,10.75,360,0.78,4.0,18,64,1878
0.0,7.9,10.532937140592269,360,0.85,4.0,19,64,1879
0.0,7.0,10.3,360,0.89,2.0,20,64,1880
0.0,6.3,10.067062859407732,360,0.91,1.0,21,64,1881
0.0,4.9,9.850000000000001,360,0.95,2.0,22,64,1882
0.0,5.4,9.66360389693211,360,0.97,2.0,23,64,1883
0.0,4.8,9.520577136594007,360,0.94,3.0,24,64,1884
0.0,4.3,8.805111126056639,360,0.97,2.0,1,65,1885
0.0,6.8,8.8,360,0.97,6.0,2,65,1886
0.0,6.8,8.805111126056639,360,0.94,6.0,3,65,1887
0.0,6.5,8.820096189432334,360,0.93,6.0,4,65,1888
0.0,6.0,8.843933982822017,360,0.91,6.0,5,65,1889
0.0,5.7,8.875,360,0.91,6.0,6,65,1890
0.0,5.5,8.911177143234621,360,0.91,6.0,7,65,1891
67.33333333333334,5.6,8.95,360,0.89,6.0,8,65,1892
145.88888888888889,6.0,8.988822856765378,360,0.87,7.0,9,65,1893
314.2222222222222,6.7,9.024999999999999,360,0.84,7.0,10,65,1894
448.8888888888889,7.1,9.056066017177981,360,0.79,8.0,11,65,1895
527.4444444444445,7.2,9.079903810567664,360,0.8,8.0,12,65,1896
359.1111111111111,6.8,9.09488887394336,360,0.77,8.0,13,65,1897
325.44444444444446,6.6,9.099999999999998,360,0.75,8.0,14,65,1898
246.8888888888889,6.3,9.09488887394336,360,0.75,9.0,15,65,1899
202.0,6.2,9.079903810567664,360,0.74,8.0,16,65,1900
78.55555555555554,5.8,9.056066017177981,360,0.72,9.0,17,65,1901
22.444444444444443,5.3,9.024999999999999,360,0.72,8.0,18,65,1902
0.0,5.1,8.988822856765378,360,0.7,8.0,19,65,1903
0.0,4.9,8.95,360,0.72,8.0,20,65,1904
0.0,4.8,8.911177143234621,360,0.71,8.0,21,65,1905
0.0,4.6,8.875,360,0.67,9.0,22,65,1906
0.0,3.3,8.843933982822017,360,0.71,7.0,23,65,1907
0.0,2.1,8.820096189432334,360,0.75,6.0,24,65,1908
0.0,1.5,6.7340741737109315,360,0.76,5.0,1,66,1909
0.0,0.8,6.699999999999999,360,0.79,6.0,2,66,1910
0.0,1.0,6.7340741737109315,360,0.78,6.0,3,66,1911
0.0,0.1,6.833974596215561,360,0.83,6.0,4,66,1912
0.0,0.0,6.992893218813451,360,0.85,5.0,5,66,1913
0.0,-0.5,7.199999999999999,360,0.87,4.0,6,66,1914
22.444444444444443,-0.5,7.4411809548974785,360,0.89,4.0,7,66,1915
246.8888888888889,1.3,7.699999999999999,360,0.83,6.0,8,66,1916
606.0,3.3,7.95881904510252,360,0.78,6.0,9,66,1917
920.2222222222223,5.2,8.2,360,0.72,7.0,10,66,1918
1167.111111111111,6.7,8.407106781186547,360,0.66,7.0,11,66,1919
1313.0,8.0,8.566025403784437,360,0.63,8.0,12,66,1920
1324.2222222222224,8.8,8.665925826289067,360,0.6,8.0,13,66,1921
1234.4444444444443,9.3,8.7,360,0.6,8.0,14,66,1922
998.7777777777778,9.8,8.665925826289067,360,0.57,8.0,15,66,1923
707.0000000000001,9.7,8.566025403784437,360,0.57,6.0,16,66,1924
347.8888888888889,8.9,8.407106781186547,360,0.59,6.0,17,66,1925
78.55555555555554,6.9,8.2,360,0.66,4.0,18,66,1926
0.0,6.3,7.95881904510252,360,0.7,2.0,19,66,1927
0.0,6.5,7.699999999999999,360,0.66,2.0,20,66,1928
0.0,6.1,7.4411809548974785,360,0.67,2.0,21,66,1929
0.0,4.2,7.199999999999999,360,0.75,2.0,22,66,1930
0.0,4.6,6.992893218813452,360,0.76,3.0,23,66,1931
0.0,4.1,6.833974596215561,360,0.79,2.0,24,66,1932
0.0,4.2,7.530666756339839,360,0.77,2.0,1,67,1933
0.0,3.0,7.5,360,0.8,3.0,2,67,1934
0.0,3.6,7.530666756339839,360,0.81,2.0,3,67,1935
0.0,3.6,7.620577136594005,360,0.81,2.0,4,67,1936
0.0,3.4,7.763603896932107,360,0.81,2.0,5,67,1937
0.0,3.4,7.95,360,0.81,3.0,6,67,1938
0.0,3.3,8.167062859407732,360,0.83,2.0,7,67,1939
123.44444444444446,4.4,8.4,360,0.79,2.0,8,67,1940
606.0,5.7,8.632937140592269,360,0.72,3.0,9,67,1941
875.3333333333334,7.2,8.850000000000001,360,0.68,3.0,10,67,1942
909.0,9.0,9.036396103067894,360,0.67,4.0,11,67,1943
707.0000000000001,9.3,9.179422863405996,360,0.63,4.0,12,67,1944
763.1111111111111,9.9,9.269333243660162,360,0.62,3.0,13,67,1945
527.4444444444445,9.9,9.3,360,0.65,3.0,14,67,1946
381.55555555555554,9.6,9.269333243660162,360,0.65,4.0,15,67,1947
157.1111111111111,9.4,9.179422863405996,360,0.65,3.0,16,67,1948
67.33333333333334,8.7,9.036396103067894,360,0.67,4.0,17,67,1949
22.444444444444443,8.1,8.850000000000001,360,0.72,3.0,18,67,1950
0.0,7.8,8.632937140592269,360,0.72,4.0,19,67,1951
0.0,7.4,8.4,360,0.72,4.0,20,67,1952
0.0,7.1,8.167062859407732,360,0.74,3.0,21,67,1953
0.0,7.2,7.95,360,0.72,3.0,22,67,1954
0.0,6.1,7.763603896932107,360,0.72,3.0,23,67,1955
0.0,6.1,7.620577136594005,360,0.69,4.0,24,67,1956
0.0,5.5,7.528963047654292,360,0.67,4.0,1,68,1957
0.0,4.0,7.5,360,0.7,4.0,2,68,1958
0.0,2.6,7.528963047654292,360,0.76,4.0,3,68,1959
0.0,2.0,7.613878406783227,360,0.75,4.0,4,68,1960
0.0,2.2,7.7489592359914345,360,0.73,5.0,5,68,1961
0.0,1.1,7.925,360,0.77,5.0,6,68,1962
11.222222222222221,1.4,8.130003811662856,360,0.8,4.0,7,68,1963
224.44444444444446,2.5,8.35,360,0.76,5.0,8,68,1964
583.5555555555555,4.0,8.569996188337143,360,0.7,6.0,9,68,1965
920.2222222222223,5.5,8.775,360,0.67,6.0,10,68,1966
1155.888888888889,7.7,8.951040764008566,360,0.56,6.0,11,68,1967
1313.0,8.8,9.086121593216772,360,0.54,7.0,12,68,1968
1335.4444444444443,9.3,9.171036952345707,360,0.49,6.0,13,68,1969
1245.6666666666665,9.6,9.2,360,0.49,6.0,14,68,1970
1021.2222222222222,9.4,9.171036952345707,360,0.52,7.0,15,68,1971
718.2222222222222,9.2,9.086121593216772,360,0.49,6.0,16,68,1972
381.55555555555554,8.0,8.951040764008566,360,0.47,6.0,17,68,1973
89.77777777777777,4.6,8.775,360,0.64,5.0,18,68,1974
0.0,3.4,8.569996188337143,360,0.65,2.0,19,68,1975
0.0,2.2,8.35,360,0.69,2.0,20,68,1976
0.0,2.4,8.130003811662856,360,0.66,2.0,21,68,1977
0.0,1.1,7.925,360,0.73,2.0,22,68,1978
0.0,1.9,7.7489592359914345,360,0.7,2.0,23,68,1979
0.0,1.0,7.613878406783227,360,0.74,3.0,24,68,1980
0.0,0.6,6.144296425824211,360,0.75,4.0,1,69,1981
0.0,0.0,6.1,360,0.78,4.0,2,69,1982
0.0,-0.6,6.14429642582421,360,0.81,3.0,3,69,1983
0.0,-0.8,6.274166975080229,360,0.83,4.0,4,69,1984
0.0,-1.1,6.480761184457487,360,0.84,4.0,5,69,1985
0.0,-1.5,6.749999999999999,360,0.86,4.0,6,69,1986
33.66666666666667,-1.5,7.063535241366723,360,0.88,2.0,7,69,1987
269.33333333333337,-0.1,7.3999999999999995,360,0.86,2.0,8,69,1988
606.0,2.3,7.736464758633276,360,0.79,3.0,9,69,1989
920.2222222222223,4.5,8.049999999999999,360,0.7,3.0,10,69,1990
1178.3333333333335,6.0,8.319238815542512,360,0.62,6.0,11,69,1991
1301.7777777777778,7.6,8.52583302491977,360,0.55,4.0,12,69,1992
1346.6666666666665,8.7,8.655703574175789,360,0.54,4.0,13,69,1993
1223.2222222222222,9.0,8.7,360,0.47,4.0,14,69,1994
1032.4444444444446,9.2,8.655703574175789,360,0.45,4.0,15,69,1995
707.0000000000001,9.4,8.52583302491977,360,0.49,4.0,16,69,1996
370.33333333333337,8.8,8.319238815542512,360,0.45,2.0,17,69,1997
78.55555555555554,6.8,8.049999999999999,360,0.58,2.0,18,69,1998
0.0,3.6,7.736464758633276,360,0.73,0.0,19,69,1999
0.0,1.6,7.3999999999999995,360,0.82,1.0,20,69,2000
0.0,0.8,7.063535241366723,360,0.89,0.0,21,69,2001
0.0,0.1,6.75,360,0.88,0.0,22,69,2002
0.0,-0.1,6.480761184457488,360,0.86,2.0,23,69,2003
0.0,0.2,6.274166975080229,360,0.87,2.0,24,69,2004
0.0,0.0,5.8442964258242105,360,0.87,2.0,1,70,2005
0.0,0.5,5.799999999999999,360,0.93,3.0,2,70,2006
0.0,-0.3,5.8442964258242105,360,0.94,3.0,3,70,2007
0.0,-1.7,5.974166975080228,360,0.95,1.0,4,70,2008
0.0,-1.4,6.180761184457487,360,0.98,2.0,5,70,2009
0.0,-1.5,6.449999999999999,360,0.97,2.0,6,70,2010
67.33333333333334,0.1,6.763535241366723,360,0.97,2.0,7,70,2011
291.77777777777777,1.6,7.1,360,0.92,4.0,8,70,2012
583.5555555555555,4.6,7.436464758633277,360,0.82,4.0,9,70,2013
751.8888888888888,6.0,7.75,360,0.78,6.0,10,70,2014
965.1111111111112,7.8,8.019238815542511,360,0.66,7.0,11,70,2015
1122.2222222222222,9.4,8.22583302491977,360,0.62,8.0,12,70,2016
1178.3333333333335,10.5,8.355703574175788,360,0.59,9.0,13,70,2017
965.1111111111112,10.0,8.4,360,0.6,9.0,14,70,2018
639.6666666666667,10.3,8.355703574175788,360,0.58,10.0,15,70,2019
370.33333333333337,10.2,8.22583302491977,360,0.61,8.0,16,70,2020
168.33333333333331,9.5,8.019238815542511,360,0.7,8.0,17,70,2021
22.444444444444443,8.6,7.75,360,0.73,6.0,18,70,2022
0.0,8.9,7.436464758633277,360,0.7,7.0,19,70,2023
0.0,9.3,7.1,360,0.69,10.0,20,70,2024
0.0,7.1,6.763535241366723,360,0.91,11.0,21,70,2025
0.0,7.0,6.45,360,0.97,10.0,22,70,2026
0.0,7.6,6.180761184457488,360,0.98,11.0,23,70,2027
0.0,8.6,5.974166975080229,360,0.99,12.0,24,70,2028
0.0,9.4,8.130666756339838,360,0.99,10.0,1,71,2029
0.0,10.5,8.1,360,0.99,9.0,2,71,2030
0.0,11.4,8.130666756339838,360,0.98,12.0,3,71,2031
0.0,11.5,8.220577136594004,360,0.98,11.0,4,71,2032
0.0,11.4,8.363603896932107,360,0.98,10.0,5,71,2033
0.0,11.4,8.549999999999999,360,0.98,11.0,6,71,2034
11.222222222222221,11.5,8.767062859407732,360,0.98,12.0,7,71,2035
67.33333333333334,11.8,9.0,360,0.97,13.0,8,71,2036
179.55555555555554,10.7,9.232937140592268,360,0.97,14.0,9,71,2037
258.11111111111114,10.8,9.450000000000001,360,0.97,11.0,10,71,2038
235.66666666666669,10.0,9.636396103067893,360,0.97,9.0,11,71,2039
516.2222222222223,11.4,9.779422863405996,360,0.87,12.0,12,71,2040
909.0,12.6,9.869333243660162,360,0.79,13.0,13,71,2041
841.6666666666666,12.2,9.9,360,0.76,14.0,14,71,2042
392.7777777777778,11.3,9.869333243660162,360,0.82,16.0,15,71,2043
426.44444444444446,11.9,9.779422863405996,360,0.76,15.0,16,71,2044
235.66666666666669,11.0,9.636396103067893,360,0.72,15.0,17,71,2045
56.111111111111114,10.4,9.450000000000001,360,0.75,13.0,18,71,2046
0.0,9.0,9.232937140592268,360,0.79,10.0,19,71,2047
0.0,8.2,9.0,360,0.86,8.0,20,71,2048
0.0,7.7,8.767062859407732,360,0.85,6.0,21,71,2049
0.0,7.4,8.55,360,0.85,6.0,22,71,2050
0.0,6.7,8.363603896932107,360,0.88,5.0,23,71,2051
0.0,5.9,8.220577136594004,360,0.91,4.0,24,71,2052
0.0,5.9,8.027259338968747,360,0.93,4.0,1,72,2053
0.0,5.6,8.0,360,0.95,5.0,2,72,2054
0.0,5.1,8.027259338968745,360,0.95,4.0,3,72,2055
0.0,4.8,8.10717967697245,360,0.96,3.0,4,72,2056
0.0,5.0,8.234314575050762,360,0.95,3.0,5,72,2057
0.0,4.5,8.4,360,0.96,3.0,6,72,2058
44.888888888888886,4.8,8.592944763917984,360,0.96,4.0,7,72,2059
269.33333333333337,6.1,8.8,360,0.92,6.0,8,72,2060
538.6666666666667,7.9,9.007055236082017,360,0.84,6.0,9,72,2061
965.1111111111112,10.0,9.200000000000001,360,0.8,10.0,10,72,2062
931.4444444444445,10.4,9.36568542494924,360,0.7,10.0,11,72,2063
1066.1111111111113,11.7,9.492820323027551,360,0.66,12.0,12,72,2064
1256.8888888888887,11.5,9.572740661031256,360,0.66,12.0,13,72,2065
886.5555555555555,11.4,9.600000000000001,360,0.65,13.0,14,72,2066
594.7777777777778,9.8,9.572740661031256,360,0.77,11.0,15,72,2067
673.3333333333333,10.6,9.492820323027551,360,0.74,12.0,16,72,2068
202.0,10.1,9.36568542494924,360,0.76,12.0,17,72,2069
67.33333333333334,9.1,9.200000000000001,360,0.81,10.0,18,72,2070
0.0,9.0,9.007055236082017,360,0.84,12.0,19,72,2071
0.0,8.6,8.8,360,0.89,9.0,20,72,2072
0.0,8.2,8.592944763917984,360,0.91,10.0,21,72,2073
0.0,8.3,8.4,360,0.91,9.0,22,72,2074
0.0,8.1,8.234314575050764,360,0.93,8.0,23,72,2075
0.0,8.2,8.10717967697245,360,0.92,9.0,24,72,2076
0.0,8.1,8.717037086855465,360,0.92,10.0,1,73,2077
0.0,8.2,8.7,360,0.91,10.0,2,73,2078
0.0,8.8,8.717037086855465,360,0.89,11.0,3,73,2079
0.0,8.6,8.76698729810778,360,0.87,12.0,4,73,2080
0.0,8.7,8.846446609406726,360,0.87,12.0,5,73,2081
0.0,8.9,8.95,360,0.92,17.0,6,73,2082
11.222222222222221,8.6,9.07059047744874,360,0.92,12.0,7,73,2083
89.77777777777777,9.5,9.2,360,0.87,14.0,8,73,2084
112.22222222222223,9.2,9.32940952255126,360,0.91,14.0,9,73,2085
291.77777777777777,9.4,9.45,360,0.86,14.0,10,73,2086
370.33333333333337,8.9,9.553553390593272,360,0.8,12.0,11,73,2087
796.7777777777777,9.3,9.633012701892218,360,0.85,11.0,12,73,2088
718.2222222222222,9.4,9.682962913144534,360,0.84,13.0,13,73,2089
852.8888888888889,11.2,9.7,360,0.77,13.0,14,73,2090
920.2222222222223,11.5,9.682962913144534,360,0.63,15.0,15,73,2091
505.0,9.9,9.633012701892218,360,0.72,13.0,16,73,2092
314.2222222222222,9.8,9.553553390593272,360,0.69,13.0,17,73,2093
44.888888888888886,8.9,9.45,360,0.77,13.0,18,73,2094
0.0,6.4,9.32940952255126,360,0.91,12.0,19,73,2095
0.0,7.4,9.2,360,0.85,11.0,20,73,2096
0.0,6.9,9.07059047744874,360,0.8,8.0,21,73,2097
0.0,6.1,8.95,360,0.88,7.0,22,73,2098
0.0,5.4,8.846446609406726,360,0.83,7.0,23,73,2099
0.0,4.2,8.76698729810778,360,0.92,6.0,24,73,2100
0.0,4.3,7.635777882396477,360,0.9,5.0,1,74,2101
0.0,3.6,7.599999999999999,360,0.9,5.0,2,74,2102
0.0,3.0,7.635777882396477,360,0.92,4.0,3,74,2103
0.0,2.5,7.740673326026338,360,0.94,4.0,4,74,2104
0.0,2.4,7.907537879754123,360,0.94,4.0,5,74,2105
0.0,2.5,8.124999999999998,360,0.93,4.0,6,74,2106
56.111111111111114,2.9,8.378240002642352,360,0.91,5.0,7,74,2107
370.33333333333337,5.1,8.649999999999999,360,0.84,5.0,8,74,2108
729.4444444444443,7.6,8.921759997357645,360,0.78,5.0,9,74,2109
1010.0,8.8,9.174999999999999,360,0.69,6.0,10,74,2110
965.1111111111112,9.0,9.392462120245874,360,0.57,6.0,11,74,2111
1313.0,10.3,9.55932667397366,360,0.59,6.0,12,74,2112
1313.0,11.3,9.66422211760352,360,0.47,6.0,13,74,2113
1189.5555555555557,11.3,9.7,360,0.49,7.0,14,74,2114
953.8888888888889,11.4,9.66422211760352,360,0.48,6.0,15,74,2115
639.6666666666667,11.1,9.55932667397366,360,0.47,7.0,16,74,2116
280.55555555555554,10.2,9.392462120245874,360,0.59,6.0,17,74,2117
101.0,9.0,9.174999999999999,360,0.58,4.0,18,74,2118
0.0,7.0,8.921759997357645,360,0.7,4.0,19,74,2119
0.0,6.0,8.649999999999999,360,0.8,4.0,20,74,2120
0.0,5.3,8.378240002642352,360,0.88,4.0,21,74,2121
0.0,5.1,8.124999999999998,360,0.9,4.0,22,74,2122
0.0,4.8,7.907537879754124,360,0.93,5.0,23,74,2123
0.0,4.7,7.740673326026338,360,0.95,4.0,24,74,2124
0.0,4.3,8.322148212912106,360,0.96,4.0,1,75,2125
0.0,5.0,8.3,360,0.95,6.0,2,75,2126
0.0,5.4,8.322148212912106,360,0.97,6.0,3,75,2127
0.0,6.5,8.387083487540114,360,0.96,7.0,4,75,2128
0.0,6.9,8.490380592228744,360,0.95,7.0,5,75,2129
0.0,7.3,8.625,360,0.96,8.0,6,75,2130
11.222222222222221,7.6,8.781767620683361,360,0.96,7.0,7,75,2131
67.33333333333334,8.2,8.95,360,0.95,7.0,8,75,2132
202.0,9.1,9.118232379316638,360,0.92,6.0,9,75,2133
527.4444444444445,10.3,9.274999999999999,360,0.85,8.0,10,75,2134
606.0,11.0,9.409619407771254,360,0.77,6.0,11,75,2135
314.2222222222222,9.5,9.512916512459885,360,0.83,6.0,12,75,2136
437.6666666666667,11.2,9.577851787087893,360,0.77,5.0,13,75,2137
303.0,11.2,9.599999999999998,360,0.65,7.0,14,75,2138
347.8888888888889,11.3,9.577851787087893,360,0.66,7.0,15,75,2139
202.0,11.0,9.512916512459885,360,0.71,6.0,16,75,2140
145.88888888888889,10.8,9.409619407771254,360,0.74,8.0,17,75,2141
56.111111111111114,10.4,9.274999999999999,360,0.76,6.0,18,75,2142
0.0,10.0,9.118232379316638,360,0.79,4.0,19,75,2143
0.0,10.0,8.95,360,0.79,4.0,20,75,2144
0.0,9.3,8.781767620683361,360,0.82,6.0,21,75,2145
0.0,8.9,8.625,360,0.8,6.0,22,75,2146
0.0,8.3,8.490380592228744,360,0.83,4.0,23,75,2147
0.0,7.8,8.387083487540114,360,0.86,4.0,24,75,2148
0.0,6.9,8.342592717138665,360,0.9,3.0,1,76,2149
0.0,6.3,8.3,360,0.91,4.0,2,76,2150
0.0,5.5,8.342592717138665,360,0.95,4.0,3,76,2151
0.0,5.3,8.467468245269451,360,0.97,2.0,4,76,2152
0.0,5.0,8.666116523516816,360,0.98,2.0,5,76,2153
0.0,6.0,8.925,360,0.98,2.0,6,76,2154
22.444444444444443,7.4,9.22647619362185,360,0.96,3.0,7,76,2155
213.22222222222223,8.4,9.55,360,0.92,3.0,8,76,2156
448.8888888888889,9.0,9.873523806378152,360,0.87,4.0,9,76,2157
482.5555555555556,9.2,10.175,360,0.87,6.0,10,76,2158
774.3333333333333,10.8,10.433883476483185,360,0.78,5.0,11,76,2159
1122.2222222222222,11.8,10.632531754730548,360,0.67,6.0,12,76,2160
1346.6666666666665,13.2,10.757407282861337,360,0.61,6.0,13,76,2161
1301.7777777777778,14.0,10.8,360,0.59,5.0,14,76,2162
684.5555555555557,13.8,10.757407282861337,360,0.63,6.0,15,76,2163
392.7777777777778,13.6,10.632531754730548,360,0.67,6.0,16,76,2164
168.33333333333331,12.9,10.433883476483185,360,0.72,6.0,17,76,2165
56.111111111111114,12.6,10.175,360,0.75,6.0,18,76,2166
0.0,12.2,9.873523806378152,360,0.79,5.0,19,76,2167
0.0,12.0,9.55,360,0.84,4.0,20,76,2168
0.0,11.4,9.22647619362185,360,0.92,6.0,21,76,2169
0.0,10.9,8.925,360,0.89,8.0,22,76,2170
0.0,10.5,8.666116523516816,360,0.87,8.0,23,76,2171
0.0,10.1,8.467468245269453,360,0.89,5.0,24,76,2172
0.0,10.0,9.418740795541012,360,0.9,5.0,1,77,2173
0.0,9.2,9.399999999999999,360,0.91,6.0,2,77,2174
0.0,8.5,9.418740795541012,360,0.93,7.0,3,77,2175
0.0,7.8,9.473686027918559,360,0.93,7.0,4,77,2176
0.0,6.7,9.561091270347399,360,0.93,6.0,5,77,2177
0.0,5.9,9.674999999999999,360,0.81,7.0,6,77,2178
78.55555555555554,6.5,9.807649525193613,360,0.72,8.0,7,77,2179
381.55555555555554,7.2,9.95,360,0.73,7.0,8,77,2180
740.6666666666667,8.1,10.092350474806386,360,0.69,10.0,9,77,2181
785.5555555555557,9.0,10.225,360,0.67,10.0,10,77,2182
942.6666666666667,8.9,10.3389087296526,360,0.65,9.0,11,77,2183
1301.7777777777778,10.5,10.42631397208144,360,0.62,10.0,12,77,2184
1155.888888888889,11.0,10.481259204458986,360,0.61,10.0,13,77,2185
897.7777777777778,11.0,10.5,360,0.55,7.0,14,77,2186
785.5555555555557,11.0,10.481259204458986,360,0.55,8.0,15,77,2187
246.8888888888889,10.0,10.42631397208144,360,0.6,8.0,16,77,2188
78.55555555555554,9.8,10.3389087296526,360,0.57,6.0,17,77,2189
33.66666666666667,9.3,10.225,360,0.61,5.0,18,77,2190
0.0,8.6,10.092350474806386,360,0.64,6.0,19,77,2191
0.0,7.7,9.95,360,0.69,6.0,20,77,2192
0.0,7.3,9.807649525193613,360,0.71,6.0,21,77,2193
0.0,6.0,9.674999999999999,360,0.8,9.0,22,77,2194
0.0,3.9,9.561091270347399,360,0.91,4.0,23,77,2195
0.0,4.2,9.473686027918559,360,0.89,5.0,24,77,2196
0.0,3.9,8.515333378169919,360,0.92,4.0,1,78,2197
0.0,4.4,8.5,360,0.9,6.0,2,78,2198
0.0,4.3,8.515333378169919,360,0.9,5.0,3,78,2199
0.0,3.0,8.560288568297002,360,0.93,6.0,4,78,2200
0.0,3.6,8.631801948466052,360,0.94,4.0,5,78,2201
0.0,3.8,8.725,360,0.94,5.0,6,78,2202
33.66666666666667,4.0,8.833531429703864,360,0.94,5.0,7,78,2203
145.88888888888889,4.3,8.95,360,0.92,6.0,8,78,2204
370.33333333333337,5.7,9.066468570296134,360,0.84,6.0,9,78,2205
415.2222222222223,6.2,9.174999999999999,360,0.73,6.0,10,78,2206
594.7777777777778,6.8,9.268198051533945,360,0.66,6.0,11,78,2207
841.6666666666666,7.4,9.339711431702996,360,0.64,7.0,12,78,2208
729.4444444444443,7.2,9.38466662183008,360,0.65,7.0,13,78,2209
359.1111111111111,7.4,9.399999999999999,360,0.62,6.0,14,78,2210
359.1111111111111,8.2,9.38466662183008,360,0.6,6.0,15,78,2211
246.8888888888889,7.5,9.339711431702996,360,0.64,6.0,16,78,2212
112.22222222222223,7.1,9.268198051533945,360,0.67,6.0,17,78,2213
44.888888888888886,6.5,9.174999999999999,360,0.75,6.0,18,78,2214
0.0,6.1,9.066468570296134,360,0.82,5.0,19,78,2215
0.0,5.5,8.95,360,0.9,4.0,20,78,2216
0.0,4.9,8.833531429703864,360,0.91,2.0,21,78,2217
0.0,4.9,8.725,360,0.92,3.0,22,78,2218
0.0,5.1,8.631801948466054,360,0.9,4.0,23,78,2219
0.0,5.3,8.560288568297002,360,0.87,4.0,24,78,2220
0.0,5.4,8.313629669484373,360,0.88,4.0,1,79,2221
0.0,5.1,8.3,360,0.93,4.0,2,79,2222
0.0,4.8,8.313629669484373,360,0.95,6.0,3,79,2223
0.0,4.7,8.353589838486224,360,0.96,5.0,4,79,2224
0.0,4.8,8.41715728752538,360,0.97,4.0,5,79,2225
0.0,4.0,8.5,360,0.98,4.0,6,79,2226
33.66666666666667,4.4,8.596472381958991,360,0.98,4.0,7,79,2227
89.77777777777777,5.0,8.7,360,0.96,9.0,8,79,2228
448.8888888888889,5.6,8.803527618041008,360,0.86,9.0,9,79,2229
628.4444444444443,6.2,8.899999999999999,360,0.76,10.0,10,79,2230
662.1111111111112,6.5,8.982842712474618,360,0.73,11.0,11,79,2231
639.6666666666667,7.1,9.046410161513775,360,0.69,11.0,12,79,2232
617.2222222222222,7.5,9.086370330515626,360,0.66,10.0,13,79,2233
763.1111111111111,8.3,9.099999999999998,360,0.6,10.0,14,79,2234
662.1111111111112,8.1,9.086370330515626,360,0.57,11.0,15,79,2235
482.5555555555556,7.5,9.046410161513775,360,0.56,12.0,16,79,2236
179.55555555555554,7.3,8.982842712474618,360,0.54,11.0,17,79,2237
33.66666666666667,6.8,8.899999999999999,360,0.54,10.0,18,79,2238
11.222222222222221,6.3,8.803527618041008,360,0.58,11.0,19,79,2239
0.0,4.7,8.7,360,0.62,8.0,20,79,2240
0.0,3.9,8.596472381958991,360,0.63,8.0,21,79,2241
0.0,3.5,8.5,360,0.63,9.0,22,79,2242
0.0,2.3,8.41715728752538,360,0.68,8.0,23,79,2243
0.0,1.9,8.353589838486224,360,0.7,6.0,24,79,2244
0.0,1.1,6.7340741737109315,360,0.75,5.0,1,80,2245
0.0,1.3,6.699999999999999,360,0.76,6.0,2,80,2246
0.0,0.9,6.7340741737109315,360,0.77,6.0,3,80,2247
0.0,0.4,6.833974596215561,360,0.8,6.0,4,80,2248
0.0,0.2,6.992893218813451,360,0.82,5.0,5,80,2249
0.0,-0.6,7.199999999999999,360,0.84,5.0,6,80,2250
101.0,0.9,7.4411809548974785,360,0.8,6.0,7,80,2251
426.44444444444446,3.3,7.699999999999999,360,0.71,7.0,8,80,2252
785.5555555555557,5.0,7.95881904510252,360,0.65,7.0,9,80,2253
1111.0,7.1,8.2,360,0.59,8.0,10,80,2254
1268.1111111111113,7.4,8.407106781186547,360,0.54,12.0,11,80,2255
1447.6666666666667,8.7,8.566025403784437,360,0.51,12.0,12,80,2256
1537.4444444444446,9.5,8.665925826289067,360,0.46,10.0,13,80,2257
1346.6666666666665,9.9,8.7,360,0.45,10.0,14,80,2258
1212.0,10.0,8.665925826289067,360,0.45,10.0,15,80,2259
897.7777777777778,9.3,8.566025403784437,360,0.46,10.0,16,80,2260
527.4444444444445,8.8,8.407106781186547,360,0.48,9.0,17,80,2261
157.1111111111111,7.3,8.2,360,0.56,8.0,18,80,2262
0.0,4.2,7.95881904510252,360,0.69,5.0,19,80,2263
0.0,3.8,7.699999999999999,360,0.69,2.0,20,80,2264
0.0,2.8,7.4411809548974785,360,0.72,2.0,21,80,2265
0.0,3.2,7.199999999999999,360,0.72,4.0,22,80,2266
0.0,2.7,6.992893218813452,360,0.73,4.0,23,80,2267
0.0,1.4,6.833974596215561,360,0.78,2.0,24,80,2268
0.0,1.0,6.5323704650253855,360,0.79,2.0,1,81,2269
0.0,1.8,6.5,360,0.78,3.0,2,81,2270
0.0,1.8,6.5323704650253855,360,0.78,3.0,3,81,2271
0.0,1.1,6.6272758664047835,360,0.89,2.0,4,81,2272
0.0,0.7,6.77824855787278,360,0.93,3.0,5,81,2273
0.0,0.5,6.975,360,0.97,2.0,6,81,2274
101.0,1.6,7.204121907152605,360,0.98,4.0,7,81,2275
392.7777777777778,3.4,7.45,360,0.91,6.0,8,81,2276
718.2222222222222,5.2,7.695878092847395,360,0.86,5.0,9,81,2277
650.8888888888889,6.3,7.925000000000001,360,0.77,6.0,10,81,2278
325.44444444444446,6.7,8.12175144212722,360,0.77,5.0,11,81,2279
650.8888888888889,7.3,8.272724133595217,360,0.76,6.0,12,81,2280
1054.888888888889,8.8,8.367629534974615,360,0.74,6.0,13,81,2281
864.1111111111111,9.1,8.4,360,0.71,7.0,14,81,2282
381.55555555555554,8.4,8.367629534974615,360,0.75,6.0,15,81,2283
213.22222222222223,8.2,8.272724133595217,360,0.77,6.0,16,81,2284
145.88888888888889,8.2,8.12175144212722,360,0.78,6.0,17,81,2285
56.111111111111114,7.8,7.925000000000001,360,0.81,6.0,18,81,2286
0.0,7.2,7.695878092847395,360,0.85,3.0,19,81,2287
0.0,6.6,7.45,360,0.88,2.0,20,81,2288
0.0,6.3,7.204121907152605,360,0.89,4.0,21,81,2289
0.0,6.0,6.9750000000000005,360,0.9,4.0,22,81,2290
0.0,5.7,6.77824855787278,360,0.93,4.0,23,81,2291
0.0,5.7,6.6272758664047835,360,0.91,5.0,24,81,2292
0.0,4.8,7.042592717138665,360,0.93,4.0,1,82,2293
0.0,4.0,7.0,360,0.95,4.0,2,82,2294
0.0,3.2,7.042592717138665,360,0.95,4.0,3,82,2295
0.0,2.4,7.167468245269451,360,0.95,4.0,4,82,2296
0.0,2.0,7.366116523516816,360,0.96,4.0,5,82,2297
0.0,1.2,7.624999999999999,360,0.96,3.0,6,82,2298
134.66666666666669,2.0,7.926476193621849,360,0.95,4.0,7,82,2299
471.33333333333337,3.7,8.25,360,0.89,6.0,8,82,2300
774.3333333333333,5.7,8.573523806378152,360,0.76,6.0,9,82,2301
1077.3333333333335,6.5,8.875,360,0.69,6.0,10,82,2302
1279.3333333333335,7.8,9.133883476483184,360,0.63,7.0,11,82,2303
1492.5555555555557,9.1,9.332531754730548,360,0.6,8.0,12,82,2304
1515.0,10.0,9.457407282861336,360,0.57,7.0,13,82,2305
1436.4444444444443,10.6,9.5,360,0.55,7.0,14,82,2306
1223.2222222222222,11.1,9.457407282861336,360,0.52,8.0,15,82,2307
909.0,11.0,9.332531754730548,360,0.54,7.0,16,82,2308
527.4444444444445,10.4,9.133883476483184,360,0.57,7.0,17,82,2309
168.33333333333331,8.6,8.875,360,0.6,6.0,18,82,2310
0.0,5.7,8.573523806378152,360,0.73,4.0,19,82,2311
0.0,6.1,8.25,360,0.71,5.0,20,82,2312
0.0,5.1,7.926476193621849,360,0.73,5.0,21,82,2313
0.0,4.2,7.625,360,0.76,5.0,22,82,2314
0.0,3.0,7.366116523516816,360,0.8,4.0,23,82,2315
0.0,2.5,7.167468245269451,360,0.82,3.0,24,82,2316
0.0,1.7,6.854518677937492,360,0.85,2.0,1,83,2317
0.0,0.6,6.800000000000001,360,0.88,2.0,2,83,2318
0.0,0.8,6.854518677937491,360,0.87,2.0,3,83,2319
0.0,-0.1,7.014359353944898,360,0.89,2.0,4,83,2320
0.0,-0.2,7.268629150101524,360,0.9,2.0,5,83,2321
0.0,-0.1,7.6,360,0.9,2.0,6,83,2322
134.66666666666669,1.5,7.985889527835967,360,0.85,2.0,7,83,2323
471.33333333333337,4.4,8.4,360,0.77,5.0,8,83,2324
841.6666666666666,6.3,8.814110472164034,360,0.68,6.0,9,83,2325
1167.111111111111,8.4,9.200000000000001,360,0.59,8.0,10,83,2326
1391.5555555555557,10.0,9.531370849898476,360,0.53,6.0,11,83,2327
1515.0,11.3,9.785640646055102,360,0.54,6.0,12,83,2328
1548.6666666666665,12.5,9.94548132206251,360,0.5,6.0,13,83,2329
1414.0000000000002,13.6,10.0,360,0.48,6.0,14,83,2330
1234.4444444444443,14.2,9.94548132206251,360,0.45,5.0,15,83,2331
920.2222222222223,14.7,9.785640646055102,360,0.44,4.0,16,83,2332
549.8888888888889,14.1,9.531370849898476,360,0.47,4.0,17,83,2333
179.55555555555554,11.9,9.200000000000001,360,0.51,2.0,18,83,2334
11.222222222222221,8.8,8.814110472164034,360,0.61,2.0,19,83,2335
0.0,5.7,8.4,360,0.78,1.0,20,83,2336
0.0,7.1,7.985889527835967,360,0.68,1.0,21,83,2337
0.0,4.9,7.6000000000000005,360,0.75,2.0,22,83,2338
0.0,3.9,7.268629150101525,360,0.81,0.0,23,83,2339
0.0,3.9,7.014359353944898,360,0.83,1.0,24,83,2340
0.0,2.8,7.0630372213652235,360,0.86,2.0,1,84,2341
0.0,2.2,7.0,360,0.9,1.0,2,84,2342
0.0,1.0,7.0630372213652235,360,0.92,0.0,3,84,2343
0.0,0.1,7.247853002998788,360,0.95,1.0,4,84,2344
0.0,-0.1,7.541852454804886,360,0.96,1.0,5,84,2345
0.0,0.5,7.924999999999999,360,0.97,1.0,6,84,2346
168.33333333333331,2.1,8.371184766560336,360,0.96,0.0,7,84,2347
448.8888888888889,8.1,8.85,360,0.76,2.0,8,84,2348
830.4444444444446,11.5,9.328815233439663,360,0.6,3.0,9,84,2349
1122.2222222222222,12.7,9.775,360,0.62,4.0,10,84,2350
1425.2222222222222,14.2,10.158147545195112,360,0.53,5.0,11,84,2351
1559.888888888889,15.2,10.452146997001211,360,0.46,6.0,12,84,2352
1582.3333333333335,15.9,10.636962778634775,360,0.42,6.0,13,84,2353
1470.111111111111,16.2,10.7,360,0.42,6.0,14,84,2354
1234.4444444444443,16.3,10.636962778634775,360,0.42,6.0,15,84,2355
909.0,16.1,10.452146997001211,360,0.41,5.0,16,84,2356
471.33333333333337,14.6,10.158147545195112,360,0.46,4.0,17,84,2357
179.55555555555554,11.8,9.775,360,0.55,4.0,18,84,2358
11.222222222222221,9.5,9.328815233439663,360,0.61,3.0,19,84,2359
0.0,7.6,8.85,360,0.85,4.0,20,84,2360
0.0,6.5,8.371184766560336,360,0.92,4.0,21,84,2361
0.0,6.1,7.925000000000001,360,0.93,4.0,22,84,2362
0.0,5.7,7.5418524548048875,360,0.96,4.0,23,84,2363
0.0,5.8,7.247853002998788,360,0.97,4.0,24,84,2364
0.0,6.5,9.044296425824212,360,0.98,3.0,1,85,2365
0.0,6.6,9.0,360,0.99,4.0,2,85,2366
0.0,6.4,9.044296425824212,360,1.0,4.0,3,85,2367
0.0,6.6,9.17416697508023,360,1.0,3.0,4,85,2368
0.0,7.0,9.380761184457489,360,1.0,3.0,5,85,2369
0.0,7.4,9.65,360,1.0,4.0,6,85,2370
44.888888888888886,7.9,9.963535241366724,360,1.0,3.0,7,85,2371
168.33333333333331,8.6,10.3,360,1.0,3.0,8,85,2372
437.6666666666667,10.0,10.636464758633277,360,0.95,4.0,9,85,2373
976.3333333333333,12.1,10.950000000000001,360,0.66,4.0,10,85,2374
1391.5555555555557,13.0,11.219238815542512,360,0.61,5.0,11,85,2375
1503.7777777777776,13.1,11.42583302491977,360,0.6,7.0,12,85,2376
1234.4444444444443,13.3,11.555703574175789,360,0.59,7.0,13,85,2377
1122.2222222222222,13.8,11.600000000000001,360,0.56,6.0,14,85,2378
987.5555555555557,14.7,11.555703574175789,360,0.51,7.0,15,85,2379
875.3333333333334,13.9,11.42583302491977,360,0.49,8.0,16,85,2380
505.0,13.6,11.219238815542512,360,0.53,6.0,17,85,2381
190.77777777777777,11.6,10.950000000000001,360,0.59,4.0,18,85,2382
0.0,8.6,10.636464758633277,360,0.72,2.0,19,85,2383
0.0,5.9,10.3,360,0.84,1.0,20,85,2384
0.0,6.8,9.963535241366724,360,0.78,1.0,21,85,2385
0.0,4.5,9.65,360,0.88,1.0,22,85,2386
0.0,4.9,9.380761184457489,360,0.95,1.0,23,85,2387
0.0,6.1,9.174166975080231,360,0.92,1.0,24,85,2388
0.0,6.1,9.234074173710932,360,0.93,1.0,1,86,2389
0.0,6.2,9.2,360,0.95,0.0,2,86,2390
0.0,6.2,9.234074173710932,360,0.91,0.0,3,86,2391
0.0,5.2,9.33397459621556,360,0.93,0.0,4,86,2392
0.0,5.0,9.492893218813451,360,0.95,0.0,5,86,2393
0.0,5.6,9.7,360,0.97,0.0,6,86,2394
78.55555555555554,6.8,9.94118095489748,360,0.95,1.0,7,86,2395
269.33333333333337,9.3,10.2,360,0.89,1.0,8,86,2396
505.0,11.2,10.45881904510252,360,0.77,4.0,9,86,2397
1010.0,13.3,10.7,360,0.7,6.0,10,86,2398
1133.4444444444443,14.5,10.907106781186547,360,0.61,8.0,11,86,2399
953.8888888888889,14.1,11.066025403784439,360,0.59,8.0,12,86,2400
751.8888888888888,13.4,11.165925826289067,360,0.63,9.0,13,86,2401
639.6666666666667,13.8,11.2,360,0.65,8.0,14,86,2402
1010.0,14.8,11.165925826289067,360,0.56,9.0,15,86,2403
572.3333333333333,13.2,11.066025403784439,360,0.62,11.0,16,86,2404
381.55555555555554,12.8,10.907106781186547,360,0.68,10.0,17,86,2405
123.44444444444446,11.4,10.7,360,0.72,10.0,18,86,2406
11.222222222222221,10.8,10.45881904510252,360,0.79,8.0,19,86,2407
0.0,7.5,10.2,360,0.91,8.0,20,86,2408
0.0,6.4,9.94118095489748,360,0.91,4.0,21,86,2409
0.0,5.5,9.7,360,0.95,4.0,22,86,2410
0.0,5.2,9.492893218813451,360,0.96,3.0,23,86,2411
0.0,4.8,9.33397459621556,360,0.96,4.0,24,86,2412
0.0,4.3,8.649407551880852,360,0.94,4.0,1,87,2413
0.0,3.3,8.600000000000001,360,0.95,3.0,2,87,2414
0.0,2.7,8.649407551880852,360,0.96,3.0,3,87,2415
0.0,2.6,8.794263164512564,360,0.96,2.0,4,87,2416
0.0,2.5,9.024695167279507,360,0.95,3.0,5,87,2417
0.0,2.8,9.325,360,0.94,4.0,6,87,2418
190.77777777777777,4.2,9.674712384601346,360,0.92,3.0,7,87,2419
471.33333333333337,6.4,10.05,360,0.84,4.0,8,87,2420
852.8888888888889,8.6,10.425287615398656,360,0.76,4.0,9,87,2421
1200.7777777777778,10.2,10.775,360,0.67,5.0,10,87,2422
1402.7777777777778,11.0,11.075304832720494,360,0.55,7.0,11,87,2423
1515.0,11.8,11.305736835487437,360,0.54,7.0,12,87,2424
1369.1111111111113,12.1,11.45059244811915,360,0.51,6.0,13,87,2425
1066.1111111111113,13.6,11.5,360,0.42,4.0,14,87,2426
886.5555555555555,12.4,11.45059244811915,360,0.51,3.0,15,87,2427
785.5555555555557,13.6,11.305736835487437,360,0.43,3.0,16,87,2428
336.66666666666663,12.2,11.075304832720494,360,0.55,3.0,17,87,2429
213.22222222222223,10.4,10.775,360,0.61,1.0,18,87,2430
0.0,6.2,10.425287615398656,360,0.84,1.0,19,87,2431
0.0,5.3,10.05,360,0.79,1.0,20,87,2432
0.0,3.8,9.674712384601346,360,0.85,1.0,21,87,2433
0.0,4.3,9.325000000000001,360,0.79,1.0,22,87,2434
0.0,3.5,9.024695167279507,360,0.85,0.0,23,87,2435
0.0,2.7,8.794263164512564,360,0.9,0.0,24,87,2436
0.0,1.6,8.069852056107411,360,0.93,0.0,1,88,2437
0.0,1.3,8.0,360,0.96,0.0,2,88,2438
0.0,1.2,8.069852056107411,360,0.97,1.0,3,88,2439
0.0,1.4,8.2746479222419,360,0.96,1.0,4,88,2440
0.0,0.1,8.600431098567578,360,0.96,1.0,5,88,2441
11.222222222222221,-0.3,9.025,360,0.97,1.0,6,88,2442
190.77777777777777,3.5,9.519420957539833,360,0.95,0.0,7,88,2443
493.7777777777778,8.4,10.05,360,0.76,1.0,8,88,2444
886.5555555555555,12.7,10.580579042460169,360,0.54,2.0,9,88,2445
1200.7777777777778,13.9,11.075000000000001,360,0.53,3.0,10,88,2446
1447.6666666666667,14.7,11.499568901432424,360,0.43,4.0,11,88,2447
1582.3333333333335,15.6,11.8253520777581,360,0.44,3.0,12,88,2448
1571.1111111111113,16.6,12.03014794389259,360,0.44,3.0,13,88,2449
1481.3333333333335,17.6,12.100000000000001,360,0.4,4.0,14,88,2450
1279.3333333333335,17.4,12.03014794389259,360,0.38,4.0,15,88,2451
931.4444444444445,17.1,11.8253520777581,360,0.41,5.0,16,88,2452
359.1111111111111,16.7,11.499568901432424,360,0.38,2.0,17,88,2453
168.33333333333331,14.9,11.075000000000001,360,0.49,0.0,18,88,2454
11.222222222222221,9.4,10.580579042460169,360,0.75,0.0,19,88,2455
0.0,8.6,10.05,360,0.69,1.0,20,88,2456
0.0,7.7,9.519420957539833,360,0.72,1.0,21,88,2457
0.0,7.2,9.025000000000002,360,0.7,0.0,22,88,2458
0.0,5.9,8.60043109856758,360,0.79,0.0,23,88,2459
0.0,5.6,8.274647922241902,360,0.77,0.0,24,88,2460
0.0,6.0,8.576666890849596,360,0.74,0.0,1,89,2461
0.0,3.5,8.5,360,0.87,0.0,2,89,2462
0.0,3.4,8.576666890849596,360,0.91,1.0,3,89,2463
0.0,4.8,8.801442841485013,360,0.84,1.0,4,89,2464
0.0,3.2,9.159009742330268,360,0.87,1.0,5,89,2465
0.0,2.6,9.625,360,0.91,1.0,6,89,2466
213.22222222222223,6.0,10.167657148519329,360,0.82,1.0,7,89,2467
549.8888888888889,9.6,10.75,360,0.72,2.0,8,89,2468
909.0,13.3,11.332342851480671,360,0.65,3.0,9,89,2469
1234.4444444444443,17.2,11.875,360,0.55,2.0,10,89,2470
1481.3333333333335,18.9,12.340990257669732,360,0.42,4.0,11,89,2471
1604.7777777777778,20.3,12.698557158514987,360,0.3,4.0,12,89,2472
1627.2222222222224,21.5,12.923333109150404,360,0.27,4.0,13,89,2473
1526.2222222222222,21.8,13.0,360,0.32,4.0,14,89,2474
1301.7777777777778,22.1,12.923333109150404,360,0.34,4.0,15,89,2475
965.1111111111112,22.2,12.698557158514987,360,0.29,4.0,16,89,2476
583.5555555555555,21.7,12.340990257669732,360,0.32,2.0,17,89,2477
235.66666666666669,19.4,11.875,360,0.45,2.0,18,89,2478
0.0,15.2,11.332342851480671,360,0.46,1.0,19,89,2479
0.0,11.1,10.75,360,0.64,1.0,20,89,2480
0.0,10.7,10.167657148519329,360,0.62,1.0,21,89,2481
0.0,11.8,9.625,360,0.56,1.0,22,89,2482
0.0,11.5,9.159009742330268,360,0.57,2.0,23,89,2483
0.0,11.7,8.801442841485013,360,0.61,3.0,24,89,2484
0.0,10.1,9.871555764792957,360,0.69,2.0,1,90,2485
0.0,10.9,9.8,360,0.68,4.0,2,90,2486
0.0,9.3,9.871555764792957,360,0.69,2.0,3,90,2487
0.0,7.7,10.081346652052678,360,0.73,2.0,4,90,2488
0.0,8.7,10.41507575950825,360,0.7,1.0,5,90,2489
11.222222222222221,7.5,10.85,360,0.76,1.0,6,90,2490
190.77777777777777,10.1,11.356480005284707,360,0.77,1.0,7,90,2491
538.6666666666667,12.6,11.9,360,0.66,2.0,8,90,2492
909.0,15.4,12.443519994715293,360,0.55,4.0,9,90,2493
1212.0,17.6,12.950000000000001,360,0.53,4.0,10,90,2494
1447.6666666666667,19.2,13.38492424049175,360,0.49,4.0,11,90,2495
1559.888888888889,21.3,13.71865334794732,360,0.45,4.0,12,90,2496
1571.1111111111113,21.9,13.928444235207044,360,0.39,4.0,13,90,2497
1458.8888888888887,22.8,14.0,360,0.37,4.0,14,90,2498
1234.4444444444443,23.2,13.928444235207044,360,0.38,3.0,15,90,2499
909.0,23.0,13.71865334794732,360,0.39,3.0,16,90,2500
549.8888888888889,22.5,13.38492424049175,360,0.45,2.0,17,90,2501
202.0,20.4,12.950000000000001,360,0.4,1.0,18,90,2502
11.222222222222221,14.7,12.443519994715293,360,0.64,1.0,19,90,2503
0.0,16.4,11.9,360,0.48,1.0,20,90,2504
0.0,14.2,11.356480005284707,360,0.54,1.0,21,90,2505
