PARi,air_temperature,soil_temperature,ambient_CO2,humidity,Wind,hour,DOY,t
650.8888888888889,11.6,5.199519052838329,360,0.58,7.0,12,351,0
650.8888888888889,12.3,5.274444369716801,360,0.56,6.0,13,351,1
538.6666666666667,12.8,5.3,360,0.59,6.0,14,351,2
347.8888888888889,12.1,5.274444369716801,360,0.59,6.0,15,351,3
123.44444444444446,10.8,5.199519052838329,360,0.63,7.0,16,351,4
11.222222222222221,10.2,5.08033008588991,360,0.67,6.0,17,351,5
0.0,9.9,4.925,360,0.67,7.0,18,351,6
0.0,9.3,4.744114283826891,360,0.71,6.0,19,351,7
0.0,8.9,4.55,360,0.74,6.0,20,351,8
0.0,8.3,4.355885716173109,360,0.76,6.0,21,351,9
0.0,8.6,4.175,360,0.75,8.0,22,351,10
0.0,8.2,4.019669914110089,360,0.77,8.0,23,351,11
0.0,7.8,3.900480947161671,360,0.79,8.0,24,351,12
0.0,7.8,5.022148212912106,360,0.79,10.0,1,352,13
0.0,7.6,5.0,360,0.8,9.0,2,352,14
0.0,7.5,5.022148212912106,360,0.8,8.0,3,352,15
0.0,7.7,5.087083487540115,360,0.79,9.0,4,352,16
0.0,7.8,5.1903805922287445,360,0.78,9.0,5,352,17
0.0,7.6,5.325,360,0.8,9.0,6,352,18
0.0,7.7,5.481767620683362,360,0.79,10.0,7,352,19
11.222222222222221,7.9,5.65,360,0.8,9.0,8,352,20
101.0,8.2,5.818232379316639,360,0.81,9.0,9,352,21
224.44444444444446,9.1,5.9750000000000005,360,0.79,8.0,10,352,22
448.8888888888889,10.3,6.109619407771256,360,0.77,8.0,11,352,23
505.0,11.2,6.212916512459885,360,0.74,9.0,12,352,24
404.0,10.9,6.2778517870878945,360,0.77,10.0,13,352,25
269.33333333333337,10.8,6.300000000000001,360,0.76,9.0,14,352,26
179.55555555555554,10.5,6.2778517870878945,360,0.76,8.0,15,352,27
56.111111111111114,9.8,6.212916512459885,360,0.8,7.0,16,352,28
0.0,9.6,6.109619407771256,360,0.82,7.0,17,352,29
0.0,9.2,5.9750000000000005,360,0.84,7.0,18,352,30
0.0,8.2,5.818232379316639,360,0.9,4.0,19,352,31
0.0,8.4,5.65,360,0.9,6.0,20,352,32
0.0,8.1,5.481767620683362,360,0.92,6.0,21,352,33
0.0,8.1,5.325,360,0.93,6.0,22,352,34
0.0,8.3,5.1903805922287445,360,0.95,5.0,23,352,35
0.0,8.3,5.087083487540116,360,0.98,6.0,24,352,36
0.0,8.2,6.223851921597653,360,1.0,6.0,1,353,37
0.0,8.1,6.200000000000001,360,1.0,6.0,2,353,38
0.0,7.9,6.223851921597653,360,1.0,4.0,3,353,39
0.0,8.0,6.293782217350893,360,0.98,4.0,4,353,40
0.0,7.6,6.405025253169417,360,1.0,4.0,5,353,41
0.0,7.4,6.55,360,1.0,4.0,6,353,42
0.0,7.4,6.718826668428236,360,1.0,6.0,7,353,43
11.222222222222221,7.2,6.9,360,1.0,5.0,8,353,44
101.0,7.5,7.081173331571764,360,1.0,5.0,9,353,45
291.77777777777777,8.4,7.25,360,1.0,6.0,10,353,46
370.33333333333337,8.7,7.3949747468305835,360,1.0,6.0,11,353,47
291.77777777777777,9.3,7.506217782649108,360,1.0,6.0,12,353,48
437.6666666666667,11.5,7.576148078402348,360,0.95,6.0,13,353,49
471.33333333333337,11.8,7.6,360,0.86,7.0,14,353,50
246.8888888888889,10.6,7.576148078402348,360,0.95,6.0,15,353,51
67.33333333333334,10.2,7.506217782649108,360,0.98,6.0,16,353,52
0.0,10.2,7.3949747468305835,360,0.96,6.0,17,353,53
0.0,9.8,7.25,360,0.99,8.0,18,353,54
0.0,10.1,7.081173331571764,360,0.94,11.0,19,353,55
0.0,10.2,6.9,360,0.85,10.0,20,353,56
0.0,10.4,6.718826668428236,360,0.78,12.0,21,353,57
0.0,10.6,6.550000000000001,360,0.76,10.0,22,353,58
0.0,9.2,6.405025253169417,360,1.0,12.0,23,353,59
0.0,8.8,6.293782217350893,360,1.0,12.0,24,353,60
0.0,8.8,7.306814834742186,360,1.0,14.0,1,354,61
0.0,9.0,7.3,360,1.0,14.0,2,354,62
0.0,9.1,7.306814834742186,360,1.0,12.0,3,354,63
0.0,9.5,7.326794919243112,360,1.0,8.0,4,354,64
0.0,9.9,7.35857864376269,360,1.0,8.0,5,354,65
0.0,8.5,7.3999999999999995,360,1.0,8.0,6,354,66
0.0,8.0,7.448236190979496,360,0.99,6.0,7,354,67
0.0,8.1,7.5,360,0.87,8.0,8,354,68
67.33333333333334,8.1,7.551763809020504,360,0.88,8.0,9,354,69
258.11111111111114,9.0,7.6000000000000005,360,0.82,7.0,10,354,70
505.0,9.7,7.641421356237309,360,0.74,6.0,11,354,71
516.2222222222223,9.9,7.673205080756888,360,0.75,6.0,12,354,72
370.33333333333337,9.8,7.693185165257814,360,0.73,4.0,13,354,73
516.2222222222223,10.8,7.7,360,0.65,4.0,14,354,74
291.77777777777777,10.2,7.693185165257814,360,0.68,4.0,15,354,75
56.111111111111114,6.8,7.673205080756888,360,0.87,2.0,16,354,76
0.0,4.5,7.641421356237309,360,1.0,2.0,17,354,77
0.0,4.0,7.6000000000000005,360,1.0,2.0,18,354,78
0.0,5.0,7.551763809020504,360,1.0,1.0,19,354,79
0.0,5.9,7.5,360,0.99,1.0,20,354,80
0.0,6.7,7.448236190979496,360,1.0,4.0,21,354,81
0.0,6.3,7.4,360,1.0,4.0,22,354,82
0.0,6.3,7.358578643762691,360,1.0,5.0,23,354,83
0.0,5.8,7.326794919243112,360,1.0,3.0,24,354,84
0.0,5.1,5.21533337816992,360,1.0,3.0,1,355,85
0.0,4.4,5.200000000000001,360,1.0,4.0,2,355,86
0.0,3.7,5.21533337816992,360,1.0,3.0,3,355,87
0.0,3.2,5.260288568297003,360,1.0,2.0,4,355,88
0.0,2.9,5.331801948466054,360,0.99,2.0,5,355,89
0.0,2.6,5.425000000000001,360,0.99,2.0,6,355,90
0.0,2.6,5.533531429703866,360,0.95,2.0,7,355,91
11.222222222222221,1.2,5.65,360,1.0,2.0,8,355,92
168.33333333333331,1.7,5.7664685702961345,360,1.0,2.0,9,355,93
392.7777777777778,4.5,5.875,360,0.95,4.0,10,355,94
538.6666666666667,6.5,5.968198051533946,360,0.88,3.0,11,355,95
650.8888888888889,8.3,6.039711431702997,360,0.76,3.0,12,355,96
650.8888888888889,9.3,6.084666621830081,360,0.69,3.0,13,355,97
549.8888888888889,9.7,6.1,360,0.57,2.0,14,355,98
336.66666666666663,9.3,6.084666621830081,360,0.63,3.0,15,355,99
101.0,5.8,6.039711431702997,360,0.87,2.0,16,355,100
11.222222222222221,3.5,5.968198051533946,360,0.89,2.0,17,355,101
0.0,4.8,5.875,360,0.81,2.0,18,355,102
0.0,4.7,5.7664685702961345,360,0.83,3.0,19,355,103
0.0,4.5,5.65,360,0.82,4.0,20,355,104
0.0,4.4,5.533531429703866,360,0.84,4.0,21,355,105
0.0,3.5,5.425000000000001,360,0.88,4.0,22,355,106
0.0,4.1,5.331801948466055,360,0.8,5.0,23,355,107
0.0,3.8,5.260288568297003,360,0.84,5.0,24,355,108
0.0,3.5,4.515333378169919,360,0.83,5.0,1,356,109
0.0,3.5,4.5,360,0.81,6.0,2,356,110
0.0,3.2,4.515333378169919,360,0.84,5.0,3,356,111
0.0,3.2,4.560288568297002,360,0.86,6.0,4,356,112
0.0,3.6,4.6318019484660535,360,0.86,6.0,5,356,113
0.0,2.5,4.725,360,0.91,6.0,6,356,114
0.0,2.3,4.833531429703866,360,0.91,8.0,7,356,115
0.0,2.5,4.95,360,0.87,10.0,8,356,116
89.77777777777777,2.3,5.066468570296134,360,0.91,8.0,9,356,117
190.77777777777777,3.0,5.175000000000001,360,0.88,7.0,10,356,118
280.55555555555554,3.9,5.268198051533947,360,0.84,8.0,11,356,119
325.44444444444446,4.5,5.339711431702998,360,0.82,8.0,12,356,120
291.77777777777777,4.8,5.384666621830081,360,0.84,8.0,13,356,121
291.77777777777777,5.5,5.4,360,0.83,6.0,14,356,122
224.44444444444446,5.3,5.384666621830081,360,0.83,7.0,15,356,123
44.888888888888886,4.8,5.339711431702998,360,0.82,8.0,16,356,124
0.0,4.5,5.268198051533947,360,0.83,7.0,17,356,125
0.0,4.3,5.175000000000001,360,0.85,7.0,18,356,126
0.0,4.6,5.066468570296134,360,0.84,7.0,19,356,127
0.0,5.1,4.95,360,0.82,10.0,20,356,128
0.0,5.6,4.833531429703866,360,0.79,9.0,21,356,129
0.0,4.8,4.7250000000000005,360,0.96,8.0,22,356,130
0.0,4.6,4.6318019484660535,360,1.0,8.0,23,356,131
0.0,4.9,4.560288568297002,360,1.0,9.0,24,356,132
0.0,5.1,5.140889008453118,360,1.0,8.0,1,357,133
0.0,5.5,5.1,360,1.0,9.0,2,357,134
0.0,5.8,5.140889008453118,360,1.0,10.0,3,357,135
0.0,5.7,5.260769515458673,360,1.0,10.0,4,357,136
0.0,5.9,5.451471862576142,360,1.0,10.0,5,357,137
0.0,6.0,5.699999999999999,360,1.0,10.0,6,357,138
0.0,5.6,5.989417145876975,360,1.0,10.0,7,357,139
0.0,5.9,6.3,360,1.0,9.0,8,357,140
44.888888888888886,6.2,6.610582854123025,360,1.0,10.0,9,357,141
190.77777777777777,7.5,6.9,360,1.0,10.0,10,357,142
303.0,8.4,7.148528137423857,360,0.94,10.0,11,357,143
213.22222222222223,9.0,7.339230484541327,360,0.94,9.0,12,357,144
202.0,10.3,7.459110991546882,360,0.99,10.0,13,357,145
101.0,10.2,7.5,360,1.0,10.0,14,357,146
67.33333333333334,10.6,7.459110991546882,360,1.0,10.0,15,357,147
22.444444444444443,9.7,7.339230484541327,360,1.0,10.0,16,357,148
11.222222222222221,10.1,7.148528137423857,360,1.0,9.0,17,357,149
0.0,10.4,6.9,360,1.0,8.0,18,357,150
0.0,10.5,6.610582854123025,360,1.0,8.0,19,357,151
0.0,10.5,6.3,360,1.0,6.0,20,357,152
0.0,10.4,5.989417145876975,360,1.0,6.0,21,357,153
0.0,10.1,5.7,360,1.0,8.0,22,357,154
0.0,9.9,5.451471862576143,360,1.0,8.0,23,357,155
0.0,9.5,5.260769515458673,360,1.0,6.0,24,357,156
0.0,9.3,6.920444504226559,360,1.0,5.0,1,358,157
0.0,9.1,6.9,360,1.0,5.0,2,358,158
0.0,9.0,6.920444504226559,360,1.0,6.0,3,358,159
0.0,8.9,6.980384757729337,360,1.0,6.0,4,358,160
0.0,8.9,7.075735931288071,360,1.0,6.0,5,358,161
0.0,8.6,7.2,360,1.0,7.0,6,358,162
0.0,8.4,7.344708572938488,360,1.0,8.0,7,358,163
0.0,8.3,7.5,360,1.0,8.0,8,358,164
112.22222222222223,8.4,7.655291427061512,360,1.0,8.0,9,358,165
336.66666666666663,9.4,7.8,360,0.91,8.0,10,358,166
549.8888888888889,10.2,7.924264068711929,360,0.78,12.0,11,358,167
650.8888888888889,11.5,8.019615242270662,360,0.75,12.0,12,358,168
505.0,11.7,8.079555495773441,360,0.76,14.0,13,358,169
448.8888888888889,11.8,8.1,360,0.72,14.0,14,358,170
314.2222222222222,11.2,8.079555495773441,360,0.68,13.0,15,358,171
112.22222222222223,10.2,8.019615242270662,360,0.73,10.0,16,358,172
0.0,9.5,7.924264068711929,360,0.76,10.0,17,358,173
0.0,9.6,7.8,360,0.76,10.0,18,358,174
0.0,9.9,7.655291427061512,360,0.76,12.0,19,358,175
0.0,9.8,7.5,360,0.75,12.0,20,358,176
0.0,9.8,7.344708572938488,360,0.76,12.0,21,358,177
0.0,9.8,7.2,360,0.76,12.0,22,358,178
0.0,9.8,7.075735931288071,360,0.75,12.0,23,358,179
0.0,9.0,6.980384757729337,360,0.78,12.0,24,358,180
0.0,8.6,7.511925960798826,360,0.85,14.0,1,359,181
0.0,8.0,7.5,360,0.94,14.0,2,359,182
0.0,8.2,7.511925960798826,360,0.94,14.0,3,359,183
0.0,8.6,7.546891108675446,360,0.93,15.0,4,359,184
0.0,8.7,7.6025126265847085,360,0.94,14.0,5,359,185
0.0,8.9,7.675,360,0.94,15.0,6,359,186
0.0,8.7,7.759413334214117,360,0.98,14.0,7,359,187
0.0,8.7,7.85,360,1.0,13.0,8,359,188
22.444444444444443,8.8,7.940586665785882,360,0.98,15.0,9,359,189
56.111111111111114,9.2,8.025,360,0.96,16.0,10,359,190
67.33333333333334,9.5,8.09748737341529,360,0.95,14.0,11,359,191
67.33333333333334,10.0,8.153108891324553,360,0.91,15.0,12,359,192
89.77777777777777,10.4,8.188074039201172,360,0.89,14.0,13,359,193
89.77777777777777,10.7,8.2,360,0.87,16.0,14,359,194
56.111111111111114,10.9,8.188074039201172,360,0.87,15.0,15,359,195
22.444444444444443,10.6,8.153108891324553,360,0.93,12.0,16,359,196
0.0,9.7,8.09748737341529,360,1.0,12.0,17,359,197
0.0,10.2,8.025,360,0.97,10.0,18,359,198
0.0,9.8,7.940586665785882,360,1.0,11.0,19,359,199
0.0,9.5,7.85,360,1.0,9.0,20,359,200
0.0,9.8,7.759413334214117,360,1.0,12.0,21,359,201
0.0,9.3,7.675,360,1.0,12.0,22,359,202
0.0,8.9,7.6025126265847085,360,1.0,8.0,23,359,203
0.0,8.7,7.546891108675446,360,1.0,7.0,24,359,204
0.0,8.5,7.406814834742186,360,1.0,5.0,1,360,205
0.0,8.2,7.4,360,1.0,6.0,2,360,206
0.0,7.7,7.406814834742186,360,1.0,6.0,3,360,207
0.0,6.9,7.426794919243112,360,1.0,8.0,4,360,208
0.0,6.2,7.45857864376269,360,1.0,7.0,5,360,209
0.0,6.0,7.5,360,1.0,7.0,6,360,210
0.0,6.3,7.5482361909794955,360,1.0,8.0,7,360,211
0.0,6.7,7.6,360,1.0,8.0,8,360,212
89.77777777777777,7.1,7.651763809020504,360,0.98,10.0,9,360,213
370.33333333333337,7.8,7.699999999999999,360,0.96,8.0,10,360,214
460.11111111111114,7.7,7.741421356237309,360,0.91,10.0,11,360,215
235.66666666666669,7.7,7.773205080756887,360,0.94,12.0,12,360,216
448.8888888888889,8.3,7.793185165257813,360,0.9,10.0,13,360,217
370.33333333333337,8.3,7.799999999999999,360,0.87,12.0,14,360,218
134.66666666666669,7.8,7.793185165257813,360,0.9,10.0,15,360,219
11.222222222222221,5.9,7.773205080756887,360,1.0,14.0,16,360,220
0.0,5.5,7.741421356237309,360,0.95,12.0,17,360,221
0.0,5.0,7.699999999999999,360,0.96,10.0,18,360,222
0.0,5.0,7.651763809020504,360,0.97,7.0,19,360,223
0.0,5.0,7.6,360,1.0,8.0,20,360,224
0.0,5.1,7.5482361909794955,360,1.0,4.0,21,360,225
0.0,5.0,7.5,360,1.0,3.0,22,360,226
0.0,4.9,7.45857864376269,360,1.0,4.0,23,360,227
0.0,5.3,7.426794919243112,360,1.0,6.0,24,360,228
0.0,5.1,5.71533337816992,360,1.0,6.0,1,361,229
0.0,4.3,5.700000000000001,360,1.0,6.0,2,361,230
0.0,3.7,5.71533337816992,360,1.0,4.0,3,361,231
0.0,3.9,5.760288568297003,360,1.0,4.0,4,361,232
0.0,3.0,5.831801948466054,360,1.0,5.0,5,361,233
0.0,2.6,5.925000000000001,360,1.0,4.0,6,361,234
0.0,2.6,6.033531429703866,360,1.0,4.0,7,361,235
0.0,2.7,6.15,360,1.0,4.0,8,361,236
145.88888888888889,3.8,6.2664685702961345,360,1.0,4.0,9,361,237
336.66666666666663,4.8,6.375,360,1.0,4.0,10,361,238
561.1111111111111,7.1,6.468198051533946,360,0.93,6.0,11,361,239
650.8888888888889,8.4,6.539711431702997,360,0.85,6.0,12,361,240
628.4444444444443,8.9,6.584666621830081,360,0.85,6.0,13,361,241
549.8888888888889,9.0,6.6,360,0.8,6.0,14,361,242
246.8888888888889,9.6,6.584666621830081,360,0.71,5.0,15,361,243
101.0,7.2,6.539711431702997,360,0.85,6.0,16,361,244
0.0,6.3,6.468198051533946,360,0.9,4.0,17,361,245
0.0,6.1,6.375,360,0.92,4.0,18,361,246
0.0,5.2,6.2664685702961345,360,0.97,4.0,19,361,247
0.0,4.4,6.15,360,1.0,4.0,20,361,248
0.0,5.0,6.033531429703866,360,1.0,6.0,21,361,249
0.0,5.5,5.925000000000001,360,0.97,7.0,22,361,250
0.0,5.7,5.831801948466055,360,1.0,7.0,23,361,251
0.0,6.2,5.760288568297003,360,0.99,8.0,24,361,252
0.0,6.5,6.042592717138665,360,1.0,9.0,1,362,253
0.0,7.0,6.0,360,1.0,10.0,2,362,254
0.0,7.6,6.042592717138665,360,1.0,10.0,3,362,255
0.0,7.4,6.167468245269451,360,1.0,11.0,4,362,256
0.0,7.4,6.366116523516816,360,1.0,10.0,5,362,257
0.0,7.7,6.624999999999999,360,1.0,12.0,6,362,258
0.0,8.2,6.926476193621849,360,1.0,11.0,7,362,259
0.0,9.4,7.25,360,1.0,12.0,8,362,260
56.111111111111114,9.5,7.573523806378151,360,1.0,11.0,9,362,261
134.66666666666669,10.0,7.875,360,1.0,11.0,10,362,262
246.8888888888889,10.9,8.133883476483184,360,0.97,11.0,11,362,263
415.2222222222223,11.8,8.332531754730548,360,0.93,10.0,12,362,264
336.66666666666663,12.4,8.457407282861336,360,0.88,11.0,13,362,265
202.0,12.8,8.5,360,0.84,12.0,14,362,266
89.77777777777777,12.1,8.457407282861336,360,0.9,10.0,15,362,267
22.444444444444443,12.1,8.332531754730548,360,0.88,12.0,16,362,268
11.222222222222221,11.5,8.133883476483184,360,0.91,10.0,17,362,269
0.0,11.1,7.875,360,0.92,9.0,18,362,270
0.0,11.2,7.573523806378151,360,0.91,8.0,19,362,271
0.0,11.4,7.25,360,0.91,9.0,20,362,272
0.0,11.3,6.926476193621849,360,0.91,8.0,21,362,273
0.0,11.0,6.625,360,0.92,7.0,22,362,274
0.0,10.1,6.366116523516816,360,1.0,5.0,23,362,275
0.0,10.2,6.167468245269451,360,1.0,8.0,24,362,276
0.0,10.1,8.206814834742184,360,1.0,8.0,1,363,277
0.0,10.0,8.2,360,1.0,8.0,2,363,278
0.0,10.3,8.206814834742184,360,1.0,10.0,3,363,279
0.0,10.3,8.22679491924311,360,1.0,9.0,4,363,280
0.0,9.9,8.25857864376269,360,1.0,8.0,5,363,281
0.0,9.6,8.299999999999999,360,1.0,7.0,6,363,282
0.0,9.6,8.348236190979494,360,1.0,8.0,7,363,283
0.0,9.4,8.399999999999999,360,1.0,9.0,8,363,284
33.66666666666667,9.0,8.451763809020504,360,1.0,9.0,9,363,285
89.77777777777777,9.0,8.499999999999998,360,0.97,10.0,10,363,286
291.77777777777777,8.3,8.541421356237308,360,1.0,12.0,11,363,287
246.8888888888889,6.5,8.573205080756887,360,0.93,10.0,12,363,288
303.0,7.0,8.593185165257813,360,0.88,6.0,13,363,289
359.1111111111111,7.2,8.599999999999998,360,0.9,6.0,14,363,290
168.33333333333331,6.6,8.593185165257813,360,0.94,6.0,15,363,291
89.77777777777777,6.4,8.573205080756887,360,0.96,7.0,16,363,292
0.0,5.9,8.541421356237308,360,1.0,6.0,17,363,293
0.0,6.0,8.499999999999998,360,0.98,4.0,18,363,294
0.0,4.7,8.451763809020504,360,1.0,8.0,19,363,295
0.0,5.3,8.399999999999999,360,1.0,6.0,20,363,296
0.0,5.3,8.348236190979494,360,1.0,6.0,21,363,297
0.0,5.2,8.299999999999999,360,1.0,7.0,22,363,298
0.0,5.2,8.25857864376269,360,1.0,6.0,23,363,299
0.0,5.3,8.22679491924311,360,1.0,7.0,24,363,300
0.0,5.4,6.411925960798826,360,1.0,6.0,1,364,301
0.0,5.4,6.4,360,1.0,4.0,2,364,302
0.0,5.3,6.411925960798826,360,1.0,6.0,3,364,303
0.0,4.9,6.446891108675446,360,1.0,6.0,4,364,304
0.0,4.7,6.502512626584709,360,1.0,6.0,5,364,305
0.0,4.6,6.575,360,1.0,4.0,6,364,306
0.0,4.0,6.6594133342141175,360,1.0,4.0,7,364,307
11.222222222222221,3.9,6.75,360,1.0,5.0,8,364,308
78.55555555555554,4.4,6.8405866657858825,360,1.0,4.0,9,364,309
314.2222222222222,6.4,6.925,360,1.0,4.0,10,364,310
561.1111111111111,7.9,6.997487373415291,360,0.91,5.0,11,364,311
650.8888888888889,8.1,7.053108891324554,360,0.86,6.0,12,364,312
561.1111111111111,8.6,7.088074039201174,360,0.83,6.0,13,364,313
594.7777777777778,9.5,7.1,360,0.76,5.0,14,364,314
347.8888888888889,9.1,7.088074039201174,360,0.76,5.0,15,364,315
179.55555555555554,8.0,7.053108891324554,360,0.81,5.0,16,364,316
0.0,3.4,6.997487373415291,360,0.96,2.0,17,364,317
0.0,3.7,6.925,360,1.0,2.0,18,364,318
0.0,5.0,6.8405866657858825,360,0.94,3.0,19,364,319
0.0,4.2,6.75,360,0.97,3.0,20,364,320
0.0,4.7,6.6594133342141175,360,0.97,4.0,21,364,321
0.0,4.0,6.575,360,0.98,4.0,22,364,322
0.0,4.0,6.502512626584709,360,1.0,4.0,23,364,323
0.0,4.4,6.446891108675446,360,0.99,4.0,24,364,324
0.0,4.4,5.515333378169919,360,0.96,6.0,1,365,325
0.0,4.0,5.5,360,0.99,6.0,2,365,326
0.0,3.9,5.515333378169919,360,1.0,6.0,3,365,327
0.0,4.0,5.560288568297002,360,1.0,6.0,4,365,328
0.0,4.0,5.6318019484660535,360,1.0,7.0,5,365,329
0.0,3.2,5.725,360,1.0,6.0,6,365,330
0.0,3.1,5.833531429703866,360,1.0,8.0,7,365,331
11.222222222222221,3.4,5.95,360,1.0,8.0,8,365,332
33.66666666666667,3.9,6.066468570296134,360,1.0,7.0,9,365,333
101.0,4.6,6.175000000000001,360,1.0,7.0,10,365,334
269.33333333333337,5.4,6.268198051533947,360,1.0,9.0,11,365,335
224.44444444444446,5.8,6.339711431702998,360,1.0,8.0,12,365,336
179.55555555555554,6.1,6.384666621830081,360,0.94,8.0,13,365,337
190.77777777777777,6.4,6.4,360,0.92,8.0,14,365,338
246.8888888888889,6.3,6.384666621830081,360,0.93,8.0,15,365,339
89.77777777777777,6.1,6.339711431702998,360,0.93,9.0,16,365,340
11.222222222222221,5.9,6.268198051533947,360,0.93,8.0,17,365,341
0.0,6.0,6.175000000000001,360,0.9,8.0,18,365,342
0.0,6.1,6.066468570296134,360,0.9,8.0,19,365,343
0.0,5.9,5.95,360,0.92,7.0,20,365,344
0.0,6.0,5.833531429703866,360,0.94,7.0,21,365,345
0.0,6.0,5.7250000000000005,360,0.95,7.0,22,365,346
0.0,6.0,5.6318019484660535,360,0.93,6.0,23,365,347
0.0,6.2,5.560288568297002,360,0.91,7.0,24,365,348
0.0,6.5,6.2102222521132795,360,0.88,8.0,1,366,349
0.0,7.0,6.2,360,0.82,8.0,2,366,350
0.0,7.1,6.2102222521132795,360,0.79,8.0,3,366,351
0.0,7.4,6.240192378864668,360,0.73,10.0,4,366,352
0.0,6.8,6.287867965644036,360,0.76,8.0,5,366,353
0.0,6.7,6.35,360,0.74,10.0,6,366,354
0.0,5.8,6.422354286469244,360,0.76,10.0,7,366,355
0.0,5.6,6.5,360,0.75,10.0,8,366,356
168.33333333333331,5.7,6.577645713530756,360,0.77,10.0,9,366,357
280.55555555555554,6.8,6.65,360,0.71,11.0,10,366,358
415.2222222222223,7.3,6.712132034355964,360,0.73,12.0,11,366,359
314.2222222222222,7.7,6.759807621135331,360,0.74,10.0,12,366,360
246.8888888888889,7.9,6.7897777478867205,360,0.77,10.0,13,366,361
202.0,8.0,6.8,360,0.79,9.0,14,366,362
123.44444444444446,8.1,6.7897777478867205,360,0.8,10.0,15,366,363
33.66666666666667,8.2,6.759807621135331,360,0.79,10.0,16,366,364
0.0,6.9,6.712132034355964,360,1.0,9.0,17,366,365
0.0,6.9,6.65,360,1.0,8.0,18,366,366
0.0,7.0,6.577645713530756,360,1.0,8.0,19,366,367
0.0,6.7,6.5,360,1.0,7.0,20,366,368
0.0,6.2,6.422354286469244,360,1.0,6.0,21,366,369
0.0,6.5,6.3500000000000005,360,1.0,7.0,22,366,370
0.0,6.4,6.287867965644036,360,1.0,6.0,23,366,371
0.0,6.4,6.240192378864669,360,1.0,7.0,24,366,372
0.0,6.6,6.523851921597652,360,1.0,8.0,1,1,373
0.0,6.7,6.5,360,1.0,8.0,2,1,374
0.0,6.8,6.523851921597652,360,1.0,8.0,3,1,375
0.0,7.2,6.593782217350893,360,1.0,8.0,4,1,376
0.0,7.5,6.705025253169416,360,1.0,8.0,5,1,377
0.0,7.9,6.85,360,1.0,8.0,6,1,378
0.0,8.1,7.018826668428236,360,1.0,8.0,7,1,379
0.0,7.9,7.2,360,1.0,10.0,8,1,380
123.44444444444446,7.4,7.381173331571765,360,1.0,10.0,9,1,381
258.11111111111114,8.4,7.550000000000001,360,1.0,10.0,10,1,382
224.44444444444446,9.3,7.694974746830583,360,0.96,10.0,11,1,383
314.2222222222222,10.3,7.8062177826491075,360,0.85,11.0,12,1,384
269.33333333333337,10.1,7.876148078402348,360,0.85,11.0,13,1,385
134.66666666666669,9.3,7.9,360,0.93,11.0,14,1,386
101.0,9.1,7.876148078402348,360,0.95,11.0,15,1,387
22.444444444444443,9.1,7.8062177826491075,360,0.94,11.0,16,1,388
11.222222222222221,9.3,7.694974746830583,360,0.9,12.0,17,1,389
0.0,9.1,7.550000000000001,360,0.97,11.0,18,1,390
0.0,9.2,7.381173331571765,360,1.0,13.0,19,1,391
0.0,9.3,7.2,360,1.0,14.0,20,1,392
0.0,9.1,7.018826668428236,360,1.0,13.0,21,1,393
0.0,9.0,6.8500000000000005,360,1.0,13.0,22,1,394
0.0,9.0,6.705025253169417,360,1.0,12.0,23,1,395
0.0,9.4,6.593782217350893,360,1.0,13.0,24,1,396
0.0,10.3,7.617037086855466,360,1.0,12.0,1,2,397
0.0,10.4,7.6,360,0.98,12.0,2,2,398
0.0,10.2,7.617037086855466,360,0.96,10.0,3,2,399
0.0,10.0,7.66698729810778,360,0.97,11.0,4,2,400
0.0,9.8,7.746446609406726,360,0.95,10.0,5,2,401
0.0,7.8,7.85,360,0.94,10.0,6,2,402
0.0,8.2,7.97059047744874,360,0.99,9.0,7,2,403
0.0,8.2,8.1,360,1.0,4.0,8,2,404
89.77777777777777,8.8,8.22940952255126,360,1.0,7.0,9,2,405
258.11111111111114,9.3,8.35,360,1.0,7.0,10,2,406
336.66666666666663,11.4,8.453553390593273,360,0.95,8.0,11,2,407
347.8888888888889,11.1,8.533012701892218,360,0.96,8.0,12,2,408
415.2222222222223,11.8,8.582962913144534,360,0.89,8.0,13,2,409
280.55555555555554,11.6,8.6,360,0.91,8.0,14,2,410
347.8888888888889,12.0,8.582962913144534,360,0.88,8.0,15,2,411
78.55555555555554,10.9,8.533012701892218,360,0.94,6.0,16,2,412
11.222222222222221,9.9,8.453553390593273,360,0.95,6.0,17,2,413
0.0,9.4,8.35,360,0.99,6.0,18,2,414
0.0,9.3,8.22940952255126,360,1.0,6.0,19,2,415
0.0,9.5,8.1,360,1.0,8.0,20,2,416
0.0,9.2,7.97059047744874,360,1.0,10.0,21,2,417
0.0,9.6,7.85,360,0.97,10.0,22,2,418
0.0,9.9,7.746446609406726,360,0.92,10.0,23,2,419
0.0,9.4,7.66698729810778,360,0.97,10.0,24,2,420
0.0,9.2,8.218740795541011,360,1.0,9.0,1,3,421
0.0,9.8,8.2,360,1.0,12.0,2,3,422
0.0,11.1,8.218740795541011,360,1.0,11.0,3,3,423
0.0,11.3,8.273686027918558,360,1.0,9.0,4,3,424
0.0,11.4,8.361091270347398,360,1.0,10.0,5,3,425
0.0,11.1,8.475,360,1.0,8.0,6,3,426
0.0,11.0,8.607649525193613,360,1.0,9.0,7,3,427
0.0,11.4,8.75,360,1.0,8.0,8,3,428
67.33333333333334,11.2,8.892350474806387,360,1.0,8.0,9,3,429
235.66666666666669,11.6,9.025,360,1.0,8.0,10,3,430
415.2222222222223,12.3,9.138908729652602,360,0.92,11.0,11,3,431
392.7777777777778,12.7,9.226313972081442,360,0.87,12.0,12,3,432
471.33333333333337,13.3,9.281259204458989,360,0.72,14.0,13,3,433
415.2222222222223,12.8,9.3,360,0.75,14.0,14,3,434
359.1111111111111,12.3,9.281259204458989,360,0.68,12.0,15,3,435
168.33333333333331,11.4,9.226313972081442,360,0.7,10.0,16,3,436
11.222222222222221,10.3,9.138908729652602,360,0.8,9.0,17,3,437
0.0,9.7,9.025,360,0.85,6.0,18,3,438
0.0,8.5,8.892350474806387,360,0.9,6.0,19,3,439
0.0,7.7,8.75,360,1.0,4.0,20,3,440
0.0,7.9,8.607649525193613,360,1.0,5.0,21,3,441
0.0,8.4,8.475,360,0.99,7.0,22,3,442
0.0,8.5,8.361091270347398,360,0.99,7.0,23,3,443
0.0,8.3,8.273686027918558,360,1.0,9.0,24,3,444
0.0,8.6,8.006814834742185,360,1.0,9.0,1,4,445
0.0,9.1,7.999999999999999,360,1.0,8.0,2,4,446
0.0,9.1,8.006814834742185,360,1.0,9.0,3,4,447
0.0,8.8,8.02679491924311,360,1.0,6.0,4,4,448
0.0,9.1,8.05857864376269,360,0.94,9.0,5,4,449
0.0,9.1,8.1,360,0.95,10.0,6,4,450
0.0,9.1,8.148236190979494,360,0.93,11.0,7,4,451
0.0,9.3,8.2,360,0.88,10.0,8,4,452
134.66666666666669,10.0,8.251763809020504,360,0.83,10.0,9,4,453
246.8888888888889,10.7,8.299999999999999,360,0.81,10.0,10,4,454
392.7777777777778,11.3,8.341421356237309,360,0.76,12.0,11,4,455
202.0,11.2,8.373205080756888,360,0.78,10.0,12,4,456
179.55555555555554,10.7,8.393185165257814,360,0.86,11.0,13,4,457
33.66666666666667,8.9,8.399999999999999,360,1.0,10.0,14,4,458
67.33333333333334,8.7,8.393185165257814,360,0.9,10.0,15,4,459
33.66666666666667,8.3,8.373205080756888,360,0.92,9.0,16,4,460
0.0,7.9,8.341421356237309,360,0.89,12.0,17,4,461
0.0,7.7,8.299999999999999,360,0.88,8.0,18,4,462
0.0,6.4,8.251763809020504,360,0.84,8.0,19,4,463
0.0,5.5,8.2,360,0.9,9.0,20,4,464
0.0,4.8,8.148236190979494,360,0.96,7.0,21,4,465
0.0,4.2,8.1,360,0.95,6.0,22,4,466
0.0,3.6,8.05857864376269,360,0.98,5.0,23,4,467
0.0,3.7,8.02679491924311,360,0.98,4.0,24,4,468
0.0,4.9,6.623851921597652,360,0.94,6.0,1,5,469
0.0,5.6,6.6,360,0.98,7.0,2,5,470
0.0,6.2,6.623851921597652,360,1.0,7.0,3,5,471
0.0,6.4,6.6937822173508925,360,0.94,9.0,4,5,472
0.0,5.2,6.805025253169416,360,0.95,6.0,5,5,473
0.0,4.6,6.949999999999999,360,0.99,5.0,6,5,474
0.0,5.1,7.118826668428236,360,1.0,5.0,7,5,475
11.222222222222221,5.6,7.3,360,1.0,4.0,8,5,476
67.33333333333334,6.0,7.481173331571765,360,1.0,4.0,9,5,477
123.44444444444446,6.6,7.65,360,1.0,5.0,10,5,478
179.55555555555554,7.3,7.794974746830583,360,1.0,6.0,11,5,479
280.55555555555554,8.5,7.906217782649107,360,1.0,6.0,12,5,480
157.1111111111111,8.6,7.976148078402348,360,1.0,7.0,13,5,481
101.0,8.6,8.0,360,1.0,8.0,14,5,482
101.0,8.6,7.976148078402348,360,0.98,8.0,15,5,483
67.33333333333334,8.1,7.906217782649107,360,1.0,10.0,16,5,484
11.222222222222221,8.1,7.794974746830583,360,1.0,10.0,17,5,485
0.0,8.3,7.65,360,1.0,12.0,18,5,486
0.0,8.7,7.481173331571765,360,1.0,10.0,19,5,487
0.0,9.2,7.3,360,1.0,9.0,20,5,488
0.0,9.2,7.118826668428236,360,1.0,11.0,21,5,489
0.0,8.8,6.95,360,1.0,10.0,22,5,490
0.0,8.6,6.805025253169417,360,1.0,10.0,23,5,491
0.0,8.7,6.6937822173508925,360,1.0,10.0,24,5,492
0.0,8.8,7.523851921597651,360,1.0,11.0,1,6,493
0.0,9.0,7.499999999999999,360,1.0,10.0,2,6,494
0.0,9.0,7.523851921597651,360,1.0,12.0,3,6,495
0.0,9.2,7.593782217350892,360,1.0,10.0,4,6,496
0.0,9.5,7.705025253169415,360,1.0,8.0,5,6,497
0.0,9.4,7.849999999999999,360,1.0,8.0,6,6,498
0.0,9.7,8.018826668428234,360,1.0,10.0,7,6,499
0.0,9.8,8.2,360,1.0,10.0,8,6,500
78.55555555555554,10.2,8.381173331571764,360,0.96,10.0,9,6,501
145.88888888888889,11.1,8.549999999999999,360,0.89,9.0,10,6,502
157.1111111111111,11.4,8.694974746830583,360,0.89,12.0,11,6,503
145.88888888888889,12.0,8.806217782649107,360,0.85,10.0,12,6,504
89.77777777777777,11.7,8.876148078402347,360,0.89,10.0,13,6,505
157.1111111111111,11.5,8.899999999999999,360,0.94,11.0,14,6,506
168.33333333333331,11.6,8.876148078402347,360,0.93,8.0,15,6,507
67.33333333333334,11.7,8.806217782649107,360,0.91,10.0,16,6,508
0.0,11.9,8.694974746830583,360,0.89,8.0,17,6,509
0.0,10.7,8.549999999999999,360,1.0,10.0,18,6,510
0.0,10.8,8.381173331571764,360,1.0,8.0,19,6,511
0.0,10.8,8.2,360,1.0,8.0,20,6,512
0.0,10.8,8.018826668428234,360,1.0,9.0,21,6,513
0.0,10.7,7.85,360,0.97,8.0,22,6,514
0.0,10.3,7.705025253169416,360,0.98,7.0,23,6,515
0.0,10.4,7.593782217350892,360,0.95,6.0,24,6,516
0.0,10.4,8.518740795541014,360,0.93,8.0,1,7,517
0.0,10.1,8.5,360,0.96,6.0,2,7,518
0.0,9.8,8.518740795541014,360,0.99,6.0,3,7,519
0.0,10.0,8.57368602791856,360,1.0,6.0,4,7,520
0.0,10.0,8.6610912703474,360,1.0,8.0,5,7,521
0.0,10.0,8.775,360,0.97,6.0,6,7,522
0.0,9.8,8.907649525193614,360,0.9,8.0,7,7,523
0.0,9.6,9.05,360,0.92,7.0,8,7,524
101.0,10.2,9.192350474806387,360,0.92,7.0,9,7,525
157.1111111111111,10.6,9.325000000000001,360,0.92,8.0,10,7,526
370.33333333333337,12.2,9.438908729652601,360,0.87,6.0,11,7,527
269.33333333333337,12.4,9.526313972081441,360,0.9,7.0,12,7,528
134.66666666666669,12.8,9.581259204458988,360,0.92,6.0,13,7,529
179.55555555555554,13.1,9.600000000000001,360,0.91,5.0,14,7,530
190.77777777777777,13.2,9.581259204458988,360,0.91,5.0,15,7,531
101.0,12.9,9.526313972081441,360,0.92,4.0,16,7,532
0.0,12.7,9.438908729652601,360,0.95,4.0,17,7,533
0.0,12.8,9.325000000000001,360,0.94,4.0,18,7,534
0.0,12.7,9.192350474806387,360,0.94,8.0,19,7,535
0.0,12.1,9.05,360,0.95,7.0,20,7,536
0.0,11.8,8.907649525193614,360,0.97,7.0,21,7,537
0.0,12.0,8.775,360,0.97,10.0,22,7,538
0.0,11.6,8.6610912703474,360,0.96,7.0,23,7,539
0.0,11.3,8.57368602791856,360,1.0,7.0,24,7,540
0.0,11.0,8.715333378169918,360,1.0,6.0,1,8,541
0.0,10.3,8.7,360,1.0,6.0,2,8,542
0.0,10.0,8.715333378169918,360,1.0,5.0,3,8,543
0.0,9.8,8.760288568297002,360,1.0,5.0,4,8,544
0.0,9.6,8.831801948466051,360,1.0,5.0,5,8,545
0.0,9.1,8.924999999999999,360,1.0,4.0,6,8,546
0.0,8.9,9.033531429703864,360,1.0,4.0,7,8,547
11.222222222222221,8.9,9.149999999999999,360,0.99,5.0,8,8,548
33.66666666666667,8.1,9.266468570296134,360,1.0,3.0,9,8,549
157.1111111111111,9.0,9.374999999999998,360,1.0,3.0,10,8,550
392.7777777777778,11.6,9.468198051533944,360,0.9,8.0,11,8,551
505.0,13.0,9.539711431702996,360,0.83,9.0,12,8,552
415.2222222222223,13.2,9.58466662183008,360,0.83,8.0,13,8,553
415.2222222222223,13.6,9.599999999999998,360,0.8,7.0,14,8,554
213.22222222222223,13.6,9.58466662183008,360,0.83,6.0,15,8,555
112.22222222222223,12.7,9.539711431702996,360,0.86,4.0,16,8,556
11.222222222222221,12.8,9.468198051533944,360,0.82,6.0,17,8,557
0.0,12.6,9.374999999999998,360,0.83,6.0,18,8,558
0.0,12.2,9.266468570296134,360,0.85,6.0,19,8,559
0.0,12.2,9.149999999999999,360,0.84,8.0,20,8,560
0.0,12.0,9.033531429703864,360,0.86,10.0,21,8,561
0.0,11.6,8.924999999999999,360,0.87,10.0,22,8,562
0.0,11.2,8.831801948466053,360,0.89,10.0,23,8,563
0.0,10.7,8.760288568297002,360,0.91,10.0,24,8,564
0.0,10.4,8.706814834742184,360,0.91,7.0,1,9,565
0.0,9.8,8.7,360,0.93,5.0,2,9,566
0.0,9.6,8.706814834742184,360,0.93,5.0,3,9,567
0.0,9.4,8.72679491924311,360,0.94,5.0,4,9,568
0.0,9.2,8.75857864376269,360,0.93,6.0,5,9,569
0.0,9.2,8.799999999999999,360,0.93,7.0,6,9,570
0.0,9.5,8.848236190979494,360,0.93,5.0,7,9,571
0.0,9.4,8.899999999999999,360,0.94,4.0,8,9,572
67.33333333333334,9.6,8.951763809020504,360,0.94,6.0,9,9,573
168.33333333333331,10.3,8.999999999999998,360,0.92,7.0,10,9,574
89.77777777777777,10.3,9.041421356237308,360,0.93,6.0,11,9,575
101.0,10.2,9.073205080756887,360,0.97,5.0,12,9,576
112.22222222222223,10.3,9.093185165257813,360,0.96,4.0,13,9,577
67.33333333333334,10.3,9.099999999999998,360,0.84,3.0,14,9,578
67.33333333333334,10.0,9.093185165257813,360,0.86,4.0,15,9,579
22.444444444444443,9.5,9.073205080756887,360,0.87,3.0,16,9,580
0.0,9.1,9.041421356237308,360,0.92,2.0,17,9,581
0.0,9.0,8.999999999999998,360,0.92,2.0,18,9,582
0.0,8.8,8.951763809020504,360,0.94,2.0,19,9,583
0.0,8.7,8.899999999999999,360,0.98,2.0,20,9,584
0.0,8.2,8.848236190979494,360,1.0,2.0,21,9,585
0.0,7.8,8.799999999999999,360,1.0,1.0,22,9,586
0.0,8.0,8.75857864376269,360,1.0,2.0,23,9,587
0.0,6.9,8.72679491924311,360,1.0,1.0,24,9,588
0.0,7.1,7.718740795541012,360,1.0,2.0,1,10,589
0.0,6.5,7.699999999999999,360,1.0,1.0,2,10,590
0.0,5.3,7.718740795541012,360,1.0,1.0,3,10,591
0.0,5.2,7.773686027918559,360,1.0,1.0,4,10,592
0.0,6.4,7.861091270347399,360,1.0,2.0,5,10,593
0.0,5.0,7.975,360,1.0,2.0,6,10,594
0.0,5.4,8.107649525193613,360,1.0,1.0,7,10,595
0.0,5.4,8.25,360,1.0,1.0,8,10,596
101.0,6.6,8.392350474806387,360,1.0,2.0,9,10,597
359.1111111111111,9.0,8.525,360,0.98,3.0,10,10,598
561.1111111111111,10.4,8.638908729652602,360,0.92,3.0,11,10,599
662.1111111111112,11.6,8.726313972081442,360,0.81,4.0,12,10,600
673.3333333333333,12.0,8.781259204458987,360,0.79,4.0,13,10,601
370.33333333333337,10.9,8.8,360,0.85,4.0,14,10,602
336.66666666666663,11.4,8.781259204458987,360,0.83,4.0,15,10,603
179.55555555555554,10.2,8.726313972081442,360,0.91,4.0,16,10,604
11.222222222222221,8.1,8.638908729652602,360,1.0,2.0,17,10,605
0.0,7.3,8.525,360,1.0,2.0,18,10,606
0.0,7.4,8.392350474806387,360,1.0,2.0,19,10,607
0.0,7.4,8.25,360,1.0,2.0,20,10,608
0.0,8.0,8.107649525193613,360,1.0,2.0,21,10,609
0.0,7.8,7.975,360,1.0,2.0,22,10,610
0.0,7.3,7.861091270347399,360,1.0,2.0,23,10,611
0.0,7.2,7.773686027918559,360,1.0,2.0,24,10,612
0.0,7.9,7.61533337816992,360,1.0,3.0,1,11,613
0.0,8.1,7.6000000000000005,360,1.0,4.0,2,11,614
0.0,7.7,7.61533337816992,360,1.0,4.0,3,11,615
0.0,7.4,7.660288568297003,360,1.0,4.0,4,11,616
0.0,7.0,7.731801948466054,360,1.0,4.0,5,11,617
0.0,7.1,7.825,360,1.0,4.0,6,11,618
0.0,7.1,7.933531429703867,360,1.0,4.0,7,11,619
0.0,7.3,8.05,360,1.0,4.0,8,11,620
33.66666666666667,7.6,8.166468570296136,360,1.0,4.0,9,11,621
134.66666666666669,8.0,8.275,360,1.0,3.0,10,11,622
44.888888888888886,8.0,8.368198051533946,360,1.0,2.0,11,11,623
101.0,8.3,8.439711431702998,360,1.0,1.0,12,11,624
134.66666666666669,8.6,8.484666621830081,360,1.0,2.0,13,11,625
157.1111111111111,9.0,8.5,360,1.0,2.0,14,11,626
123.44444444444446,8.9,8.484666621830081,360,1.0,3.0,15,11,627
44.888888888888886,8.9,8.439711431702998,360,1.0,3.0,16,11,628
11.222222222222221,8.7,8.368198051533946,360,1.0,2.0,17,11,629
0.0,8.3,8.275,360,1.0,1.0,18,11,630
0.0,8.3,8.166468570296136,360,1.0,2.0,19,11,631
0.0,8.1,8.05,360,1.0,3.0,20,11,632
0.0,8.4,7.933531429703867,360,1.0,4.0,21,11,633
0.0,8.5,7.825000000000001,360,1.0,4.0,22,11,634
0.0,8.6,7.731801948466054,360,1.0,5.0,23,11,635
0.0,8.3,7.660288568297003,360,1.0,5.0,24,11,636
0.0,8.0,7.4170370868554665,360,1.0,4.0,1,12,637
0.0,7.5,7.4,360,1.0,3.0,2,12,638
0.0,7.1,7.4170370868554665,360,1.0,4.0,3,12,639
0.0,6.4,7.466987298107781,360,1.0,3.0,4,12,640
0.0,5.7,7.546446609406726,360,1.0,3.0,5,12,641
0.0,5.1,7.65,360,1.0,2.0,6,12,642
0.0,4.6,7.77059047744874,360,1.0,2.0,7,12,643
11.222222222222221,4.0,7.9,360,1.0,2.0,8,12,644
145.88888888888889,5.7,8.02940952255126,360,1.0,2.0,9,12,645
381.55555555555554,8.0,8.15,360,0.97,4.0,10,12,646
583.5555555555555,10.5,8.253553390593273,360,0.85,8.0,11,12,647
684.5555555555557,11.5,8.333012701892219,360,0.81,9.0,12,12,648
684.5555555555557,12.5,8.382962913144535,360,0.79,10.0,13,12,649
561.1111111111111,12.6,8.4,360,0.77,8.0,14,12,650
303.0,11.9,8.382962913144535,360,0.8,7.0,15,12,651
134.66666666666669,11.1,8.333012701892219,360,0.85,6.0,16,12,652
22.444444444444443,9.9,8.253553390593273,360,0.87,6.0,17,12,653
0.0,9.5,8.15,360,0.89,6.0,18,12,654
0.0,9.0,8.02940952255126,360,0.92,6.0,19,12,655
0.0,9.2,7.9,360,0.93,5.0,20,12,656
0.0,9.7,7.77059047744874,360,0.95,6.0,21,12,657
0.0,9.6,7.65,360,0.98,6.0,22,12,658
0.0,9.7,7.546446609406726,360,0.99,6.0,23,12,659
0.0,9.4,7.466987298107781,360,1.0,4.0,24,12,660
0.0,9.5,8.01022225211328,360,1.0,4.0,1,13,661
0.0,8.2,8.0,360,1.0,4.0,2,13,662
0.0,8.6,8.01022225211328,360,1.0,4.0,3,13,663
0.0,8.3,8.040192378864669,360,1.0,4.0,4,13,664
0.0,8.2,8.087867965644037,360,1.0,4.0,5,13,665
0.0,8.1,8.15,360,1.0,4.0,6,13,666
0.0,7.2,8.222354286469244,360,1.0,6.0,7,13,667
11.222222222222221,6.6,8.3,360,1.0,2.0,8,13,668
89.77777777777777,7.6,8.377645713530757,360,1.0,4.0,9,13,669
269.33333333333337,7.7,8.450000000000001,360,1.0,5.0,10,13,670
325.44444444444446,9.4,8.512132034355965,360,1.0,5.0,11,13,671
448.8888888888889,9.8,8.559807621135333,360,0.91,8.0,12,13,672
325.44444444444446,7.4,8.589777747886721,360,0.97,13.0,13,13,673
561.1111111111111,10.5,8.600000000000001,360,0.8,6.0,14,13,674
460.11111111111114,10.1,8.589777747886721,360,0.75,10.0,15,13,675
213.22222222222223,9.0,8.559807621135333,360,0.75,9.0,16,13,676
0.0,8.0,8.512132034355965,360,0.84,7.0,17,13,677
0.0,7.1,8.450000000000001,360,0.9,4.0,18,13,678
0.0,7.0,8.377645713530757,360,0.96,6.0,19,13,679
0.0,6.7,8.3,360,0.99,7.0,20,13,680
0.0,6.5,8.222354286469244,360,1.0,8.0,21,13,681
0.0,6.4,8.15,360,1.0,8.0,22,13,682
0.0,6.5,8.087867965644037,360,1.0,11.0,23,13,683
0.0,6.4,8.040192378864669,360,1.0,11.0,24,13,684
0.0,5.9,7.013629669484374,360,1.0,13.0,1,14,685
0.0,5.3,7.0,360,1.0,7.0,2,14,686
0.0,5.0,7.013629669484373,360,1.0,7.0,3,14,687
0.0,5.5,7.053589838486225,360,1.0,6.0,4,14,688
0.0,5.1,7.117157287525381,360,1.0,6.0,5,14,689
0.0,5.4,7.2,360,1.0,4.0,6,14,690
0.0,4.9,7.296472381958992,360,1.0,3.0,7,14,691
11.222222222222221,4.1,7.4,360,1.0,2.0,8,14,692
101.0,4.3,7.503527618041009,360,1.0,2.0,9,14,693
336.66666666666663,5.5,7.6000000000000005,360,1.0,2.0,10,14,694
606.0,6.9,7.68284271247462,360,0.87,3.0,11,14,695
729.4444444444443,7.9,7.746410161513776,360,0.72,4.0,12,14,696
774.3333333333333,8.7,7.786370330515628,360,0.7,4.0,13,14,697
707.0000000000001,8.5,7.800000000000001,360,0.64,4.0,14,14,698
314.2222222222222,8.5,7.786370330515628,360,0.62,4.0,15,14,699
235.66666666666669,7.9,7.746410161513776,360,0.69,3.0,16,14,700
33.66666666666667,6.1,7.68284271247462,360,0.76,2.0,17,14,701
0.0,4.0,7.6000000000000005,360,0.9,2.0,18,14,702
0.0,2.5,7.503527618041009,360,0.98,2.0,19,14,703
0.0,2.1,7.4,360,1.0,2.0,20,14,704
0.0,3.1,7.296472381958992,360,0.99,3.0,21,14,705
0.0,3.1,7.2,360,0.99,4.0,22,14,706
0.0,3.0,7.117157287525382,360,0.99,4.0,23,14,707
0.0,3.8,7.053589838486225,360,0.93,6.0,24,14,708
0.0,4.1,6.2221482129121055,360,0.92,6.0,1,15,709
0.0,4.2,6.199999999999999,360,0.92,6.0,2,15,710
0.0,4.2,6.2221482129121055,360,0.92,7.0,3,15,711
0.0,4.2,6.287083487540114,360,0.94,8.0,4,15,712
0.0,4.3,6.390380592228744,360,1.0,8.0,5,15,713
0.0,5.0,6.5249999999999995,360,1.0,8.0,6,15,714
0.0,5.3,6.681767620683361,360,1.0,8.0,7,15,715
0.0,5.5,6.85,360,1.0,8.0,8,15,716
22.444444444444443,5.8,7.018232379316638,360,1.0,8.0,9,15,717
67.33333333333334,6.1,7.175,360,1.0,9.0,10,15,718
112.22222222222223,6.6,7.3096194077712555,360,1.0,8.0,11,15,719
145.88888888888889,7.0,7.412916512459884,360,1.0,8.0,12,15,720
123.44444444444446,7.3,7.477851787087894,360,1.0,8.0,13,15,721
112.22222222222223,7.6,7.5,360,1.0,7.0,14,15,722
67.33333333333334,7.4,7.477851787087894,360,1.0,7.0,15,15,723
44.888888888888886,7.0,7.412916512459884,360,1.0,10.0,16,15,724
0.0,7.0,7.3096194077712555,360,1.0,9.0,17,15,725
0.0,7.3,7.175,360,1.0,9.0,18,15,726
0.0,7.4,7.018232379316638,360,1.0,8.0,19,15,727
0.0,7.4,6.85,360,1.0,8.0,20,15,728
0.0,7.4,6.681767620683361,360,1.0,8.0,21,15,729
0.0,7.6,6.5249999999999995,360,1.0,10.0,22,15,730
0.0,7.6,6.390380592228744,360,1.0,10.0,23,15,731
0.0,7.5,6.287083487540115,360,1.0,11.0,24,15,732
0.0,7.8,7.213629669484373,360,1.0,10.0,1,16,733
0.0,8.0,7.199999999999999,360,1.0,8.0,2,16,734
0.0,7.9,7.213629669484372,360,1.0,7.0,3,16,735
0.0,8.0,7.253589838486224,360,1.0,6.0,4,16,736
0.0,7.8,7.31715728752538,360,1.0,7.0,5,16,737
0.0,8.0,7.3999999999999995,360,1.0,7.0,6,16,738
0.0,8.1,7.496472381958991,360,1.0,8.0,7,16,739
0.0,7.9,7.6,360,1.0,8.0,8,16,740
44.888888888888886,7.6,7.703527618041008,360,1.0,8.0,9,16,741
202.0,8.2,7.8,360,0.97,8.0,10,16,742
314.2222222222222,8.3,7.882842712474619,360,1.0,10.0,11,16,743
392.7777777777778,9.3,7.946410161513775,360,0.99,11.0,12,16,744
246.8888888888889,10.0,7.986370330515627,360,0.93,14.0,13,16,745
190.77777777777777,9.2,8.0,360,0.87,14.0,14,16,746
112.22222222222223,8.1,7.986370330515627,360,0.92,14.0,15,16,747
22.444444444444443,7.2,7.946410161513775,360,0.95,11.0,16,16,748
11.222222222222221,7.1,7.882842712474619,360,1.0,10.0,17,16,749
0.0,7.2,7.8,360,1.0,10.0,18,16,750
0.0,6.9,7.703527618041008,360,1.0,8.0,19,16,751
0.0,7.2,7.6,360,0.99,14.0,20,16,752
0.0,7.1,7.496472381958991,360,1.0,10.0,21,16,753
0.0,7.3,7.3999999999999995,360,1.0,8.0,22,16,754
0.0,7.2,7.317157287525381,360,1.0,6.0,23,16,755
0.0,7.3,7.253589838486224,360,1.0,12.0,24,16,756
0.0,7.0,6.515333378169919,360,1.0,6.0,1,17,757
0.0,5.9,6.5,360,0.98,8.0,2,17,758
0.0,6.1,6.515333378169919,360,0.96,8.0,3,17,759
0.0,5.6,6.560288568297002,360,0.97,7.0,4,17,760
0.0,5.4,6.6318019484660535,360,0.98,8.0,5,17,761
0.0,5.1,6.725,360,0.99,8.0,6,17,762
0.0,5.0,6.833531429703866,360,0.96,7.0,7,17,763
11.222222222222221,5.0,6.95,360,0.93,8.0,8,17,764
168.33333333333331,5.8,7.066468570296134,360,0.89,7.0,9,17,765
426.44444444444446,7.2,7.175000000000001,360,0.82,8.0,10,17,766
617.2222222222222,8.6,7.268198051533947,360,0.76,9.0,11,17,767
729.4444444444443,9.8,7.339711431702998,360,0.73,10.0,12,17,768
763.1111111111111,10.5,7.384666621830081,360,0.68,10.0,13,17,769
662.1111111111112,10.9,7.4,360,0.66,8.0,14,17,770
493.7777777777778,10.9,7.384666621830081,360,0.62,9.0,15,17,771
224.44444444444446,9.5,7.339711431702998,360,0.65,6.0,16,17,772
22.444444444444443,6.6,7.268198051533947,360,0.79,4.0,17,17,773
0.0,4.7,7.175000000000001,360,0.88,2.0,18,17,774
0.0,5.5,7.066468570296134,360,0.86,2.0,19,17,775
0.0,6.6,6.95,360,0.79,3.0,20,17,776
0.0,5.3,6.833531429703866,360,0.81,3.0,21,17,777
0.0,4.5,6.7250000000000005,360,0.84,2.0,22,17,778
0.0,5.5,6.6318019484660535,360,0.88,3.0,23,17,779
0.0,5.8,6.560288568297002,360,0.86,6.0,24,17,780
0.0,6.7,6.022148212912106,360,0.84,7.0,1,18,781
0.0,6.3,6.0,360,0.88,8.0,2,18,782
0.0,5.6,6.022148212912106,360,0.92,5.0,3,18,783
0.0,5.2,6.087083487540115,360,0.92,6.0,4,18,784
0.0,5.8,6.1903805922287445,360,0.89,4.0,5,18,785
0.0,6.3,6.325,360,0.86,6.0,6,18,786
0.0,7.0,6.481767620683362,360,0.81,6.0,7,18,787
0.0,7.1,6.65,360,0.81,6.0,8,18,788
44.888888888888886,7.4,6.818232379316639,360,0.8,6.0,9,18,789
213.22222222222223,8.6,6.9750000000000005,360,0.72,10.0,10,18,790
202.0,8.4,7.109619407771256,360,0.77,10.0,11,18,791
662.1111111111112,10.7,7.212916512459885,360,0.68,10.0,12,18,792
493.7777777777778,10.6,7.2778517870878945,360,0.7,10.0,13,18,793
336.66666666666663,10.5,7.300000000000001,360,0.69,9.0,14,18,794
157.1111111111111,9.9,7.2778517870878945,360,0.72,7.0,15,18,795
101.0,9.6,7.212916512459885,360,0.73,6.0,16,18,796
22.444444444444443,9.0,7.109619407771256,360,0.78,6.0,17,18,797
0.0,8.5,6.9750000000000005,360,0.83,4.0,18,18,798
0.0,7.7,6.818232379316639,360,0.92,4.0,19,18,799
0.0,7.2,6.65,360,0.98,4.0,20,18,800
0.0,7.0,6.481767620683362,360,1.0,3.0,21,18,801
0.0,7.1,6.325,360,1.0,4.0,22,18,802
0.0,7.1,6.1903805922287445,360,1.0,4.0,23,18,803
0.0,7.1,6.087083487540116,360,1.0,4.0,24,18,804
0.0,7.0,7.113629669484372,360,1.0,4.0,1,19,805
0.0,6.5,7.1,360,1.0,3.0,2,19,806
0.0,6.5,7.113629669484372,360,1.0,2.0,3,19,807
0.0,6.3,7.153589838486224,360,1.0,2.0,4,19,808
0.0,6.2,7.217157287525381,360,1.0,1.0,5,19,809
0.0,5.7,7.3,360,1.0,2.0,6,19,810
0.0,5.6,7.396472381958992,360,1.0,2.0,7,19,811
11.222222222222221,5.2,7.5,360,1.0,2.0,8,19,812
56.111111111111114,4.9,7.603527618041008,360,1.0,3.0,9,19,813
168.33333333333331,5.0,7.7,360,1.0,2.0,10,19,814
224.44444444444446,5.1,7.782842712474619,360,1.0,3.0,11,19,815
314.2222222222222,5.4,7.846410161513775,360,1.0,2.0,12,19,816
258.11111111111114,5.8,7.886370330515628,360,1.0,2.0,13,19,817
123.44444444444446,5.9,7.9,360,1.0,2.0,14,19,818
112.22222222222223,6.3,7.886370330515628,360,1.0,3.0,15,19,819
101.0,6.1,7.846410161513775,360,1.0,1.0,16,19,820
33.66666666666667,5.7,7.782842712474619,360,1.0,0.0,17,19,821
0.0,4.7,7.7,360,1.0,1.0,18,19,822
0.0,4.8,7.603527618041008,360,1.0,2.0,19,19,823
0.0,2.9,7.5,360,1.0,2.0,20,19,824
0.0,2.5,7.396472381958992,360,1.0,1.0,21,19,825
0.0,3.3,7.3,360,1.0,1.0,22,19,826
0.0,3.5,7.217157287525381,360,1.0,1.0,23,19,827
0.0,3.7,7.153589838486225,360,1.0,1.0,24,19,828
0.0,4.0,6.717037086855466,360,1.0,0.0,1,20,829
0.0,4.2,6.7,360,1.0,1.0,2,20,830
0.0,4.0,6.717037086855466,360,1.0,2.0,3,20,831
0.0,4.0,6.7669872981077805,360,1.0,2.0,4,20,832
0.0,4.0,6.846446609406726,360,1.0,2.0,5,20,833
0.0,4.4,6.95,360,1.0,2.0,6,20,834
0.0,4.6,7.07059047744874,360,1.0,3.0,7,20,835
0.0,4.5,7.2,360,1.0,3.0,8,20,836
67.33333333333334,4.6,7.329409522551261,360,1.0,2.0,9,20,837
168.33333333333331,5.0,7.45,360,1.0,3.0,10,20,838
269.33333333333337,5.3,7.553553390593274,360,1.0,3.0,11,20,839
471.33333333333337,6.5,7.63301270189222,360,1.0,3.0,12,20,840
673.3333333333333,8.2,7.682962913144534,360,0.87,3.0,13,20,841
594.7777777777778,7.8,7.7,360,0.81,4.0,14,20,842
190.77777777777777,7.8,7.682962913144534,360,0.76,3.0,15,20,843
168.33333333333331,7.1,7.63301270189222,360,0.89,4.0,16,20,844
22.444444444444443,6.5,7.553553390593274,360,0.99,4.0,17,20,845
0.0,5.5,7.45,360,0.98,4.0,18,20,846
0.0,4.5,7.329409522551261,360,0.96,2.0,19,20,847
0.0,3.6,7.2,360,1.0,4.0,20,20,848
0.0,4.1,7.07059047744874,360,1.0,4.0,21,20,849
0.0,4.1,6.95,360,1.0,2.0,22,20,850
0.0,3.9,6.846446609406726,360,1.0,2.0,23,20,851
0.0,3.7,6.7669872981077805,360,1.0,2.0,24,20,852
0.0,3.8,5.623851921597652,360,1.0,2.0,1,21,853
0.0,2.7,5.6,360,1.0,2.0,2,21,854
0.0,1.7,5.623851921597652,360,1.0,2.0,3,21,855
0.0,0.5,5.6937822173508925,360,1.0,1.0,4,21,856
0.0,-0.2,5.805025253169416,360,1.0,1.0,5,21,857
0.0,-0.9,5.949999999999999,360,1.0,1.0,6,21,858
0.0,-1.2,6.118826668428236,360,1.0,1.0,7,21,859
11.222222222222221,-1.0,6.3,360,1.0,2.0,8,21,860
112.22222222222223,-0.3,6.481173331571765,360,1.0,1.0,9,21,861
258.11111111111114,1.7,6.65,360,1.0,2.0,10,21,862
448.8888888888889,3.9,6.794974746830583,360,1.0,2.0,11,21,863
549.8888888888889,5.4,6.906217782649107,360,1.0,3.0,12,21,864
471.33333333333337,6.4,6.976148078402348,360,1.0,5.0,13,21,865
718.2222222222222,7.8,7.0,360,0.91,6.0,14,21,866
527.4444444444445,7.6,6.976148078402348,360,0.87,6.0,15,21,867
258.11111111111114,6.7,6.906217782649107,360,0.9,6.0,16,21,868
22.444444444444443,6.5,6.794974746830583,360,0.96,4.0,17,21,869
0.0,6.4,6.65,360,0.94,4.0,18,21,870
0.0,6.1,6.481173331571765,360,0.96,5.0,19,21,871
0.0,5.8,6.3,360,0.98,5.0,20,21,872
0.0,5.3,6.118826668428236,360,0.98,5.0,21,21,873
0.0,4.7,5.95,360,1.0,5.0,22,21,874
0.0,4.7,5.805025253169417,360,0.96,6.0,23,21,875
0.0,4.7,5.6937822173508925,360,0.94,6.0,24,21,876
0.0,5.0,6.111925960798826,360,0.88,6.0,1,22,877
0.0,5.0,6.1,360,0.87,6.0,2,22,878
0.0,5.1,6.111925960798826,360,0.85,7.0,3,22,879
0.0,5.0,6.146891108675446,360,0.86,7.0,4,22,880
0.0,4.6,6.202512626584707,360,0.9,6.0,5,22,881
0.0,4.1,6.2749999999999995,360,0.93,6.0,6,22,882
0.0,3.8,6.359413334214117,360,0.99,6.0,7,22,883
0.0,3.6,6.449999999999999,360,1.0,6.0,8,22,884
22.444444444444443,3.6,6.540586665785882,360,1.0,6.0,9,22,885
67.33333333333334,3.8,6.624999999999999,360,1.0,4.0,10,22,886
78.55555555555554,3.9,6.697487373415291,360,1.0,4.0,11,22,887
202.0,4.4,6.753108891324553,360,1.0,4.0,12,22,888
202.0,4.9,6.788074039201173,360,1.0,4.0,13,22,889
145.88888888888889,5.3,6.799999999999999,360,1.0,3.0,14,22,890
145.88888888888889,6.0,6.788074039201173,360,1.0,4.0,15,22,891
112.22222222222223,6.6,6.753108891324553,360,1.0,3.0,16,22,892
22.444444444444443,6.8,6.697487373415291,360,1.0,4.0,17,22,893
0.0,6.4,6.624999999999999,360,1.0,4.0,18,22,894
0.0,5.8,6.540586665785882,360,1.0,4.0,19,22,895
0.0,5.1,6.449999999999999,360,1.0,4.0,20,22,896
0.0,5.4,6.359413334214117,360,1.0,5.0,21,22,897
0.0,5.8,6.2749999999999995,360,1.0,5.0,22,22,898
0.0,5.8,6.202512626584707,360,1.0,4.0,23,22,899
0.0,5.7,6.146891108675446,360,1.0,2.0,24,22,900
0.0,5.3,5.7221482129121055,360,1.0,4.0,1,23,901
0.0,4.5,5.699999999999999,360,1.0,4.0,2,23,902
0.0,4.2,5.7221482129121055,360,1.0,4.0,3,23,903
0.0,3.4,5.787083487540114,360,1.0,4.0,4,23,904
0.0,2.9,5.890380592228744,360,1.0,4.0,5,23,905
0.0,2.4,6.0249999999999995,360,1.0,4.0,6,23,906
0.0,1.6,6.181767620683361,360,1.0,3.0,7,23,907
11.222222222222221,1.4,6.35,360,1.0,4.0,8,23,908
145.88888888888889,2.7,6.518232379316638,360,1.0,4.0,9,23,909
359.1111111111111,4.1,6.675,360,1.0,5.0,10,23,910
583.5555555555555,5.4,6.8096194077712555,360,1.0,4.0,11,23,911
718.2222222222222,7.5,6.912916512459884,360,1.0,5.0,12,23,912
404.0,7.9,6.977851787087894,360,1.0,6.0,13,23,913
235.66666666666669,8.1,7.0,360,1.0,6.0,14,23,914
67.33333333333334,7.9,6.977851787087894,360,1.0,5.0,15,23,915
56.111111111111114,8.2,6.912916512459884,360,1.0,5.0,16,23,916
11.222222222222221,8.0,6.8096194077712555,360,1.0,5.0,17,23,917
0.0,8.0,6.675,360,1.0,5.0,18,23,918
0.0,7.6,6.518232379316638,360,1.0,6.0,19,23,919
0.0,7.3,6.35,360,1.0,5.0,20,23,920
0.0,7.2,6.181767620683361,360,1.0,6.0,21,23,921
0.0,7.1,6.0249999999999995,360,1.0,6.0,22,23,922
0.0,7.0,5.890380592228744,360,1.0,5.0,23,23,923
0.0,6.9,5.787083487540115,360,1.0,6.0,24,23,924
0.0,7.0,6.822148212912105,360,1.0,7.0,1,24,925
0.0,7.2,6.799999999999999,360,1.0,6.0,2,24,926
0.0,7.0,6.822148212912105,360,1.0,5.0,3,24,927
0.0,7.0,6.887083487540114,360,1.0,6.0,4,24,928
0.0,6.9,6.990380592228743,360,1.0,4.0,5,24,929
0.0,6.7,7.124999999999999,360,1.0,3.0,6,24,930
0.0,6.9,7.281767620683361,360,1.0,3.0,7,24,931
0.0,6.8,7.449999999999999,360,1.0,3.0,8,24,932
33.66666666666667,6.9,7.6182323793166375,360,1.0,5.0,9,24,933
67.33333333333334,7.8,7.7749999999999995,360,1.0,4.0,10,24,934
123.44444444444446,9.2,7.909619407771255,360,1.0,4.0,11,24,935
145.88888888888889,9.6,8.012916512459885,360,1.0,5.0,12,24,936
123.44444444444446,10.0,8.077851787087894,360,1.0,6.0,13,24,937
157.1111111111111,10.4,8.1,360,1.0,5.0,14,24,938
112.22222222222223,10.3,8.077851787087894,360,1.0,4.0,15,24,939
78.55555555555554,10.3,8.012916512459885,360,1.0,2.0,16,24,940
33.66666666666667,10.0,7.909619407771255,360,1.0,1.0,17,24,941
0.0,9.5,7.7749999999999995,360,1.0,3.0,18,24,942
0.0,8.2,7.6182323793166375,360,1.0,3.0,19,24,943
0.0,7.6,7.449999999999999,360,1.0,2.0,20,24,944
0.0,7.2,7.281767620683361,360,1.0,2.0,21,24,945
0.0,7.1,7.124999999999999,360,1.0,2.0,22,24,946
0.0,7.2,6.990380592228743,360,1.0,2.0,23,24,947
0.0,7.4,6.887083487540115,360,1.0,2.0,24,24,948
0.0,7.8,7.925555630283199,360,1.0,2.0,1,25,949
0.0,9.1,7.9,360,1.0,4.0,2,25,950
0.0,9.9,7.925555630283199,360,1.0,4.0,3,25,951
0.0,10.0,8.000480947161671,360,1.0,4.0,4,25,952
0.0,10.1,8.119669914110089,360,1.0,4.0,5,25,953
0.0,10.1,8.275,360,1.0,4.0,6,25,954
0.0,10.1,8.45588571617311,360,1.0,3.0,7,25,955
0.0,10.3,8.65,360,1.0,4.0,8,25,956
78.55555555555554,10.8,8.84411428382689,360,1.0,5.0,9,25,957
190.77777777777777,11.2,9.025,360,1.0,6.0,10,25,958
168.33333333333331,11.4,9.180330085889912,360,1.0,7.0,11,25,959
246.8888888888889,11.4,9.29951905283833,360,0.98,6.0,12,25,960
572.3333333333333,13.0,9.374444369716802,360,0.89,5.0,13,25,961
740.6666666666667,13.8,9.4,360,0.82,5.0,14,25,962
549.8888888888889,13.7,9.374444369716802,360,0.87,6.0,15,25,963
291.77777777777777,12.5,9.29951905283833,360,0.96,6.0,16,25,964
67.33333333333334,11.0,9.180330085889912,360,1.0,6.0,17,25,965
0.0,10.2,9.025,360,1.0,6.0,18,25,966
0.0,9.5,8.84411428382689,360,1.0,7.0,19,25,967
0.0,8.8,8.65,360,1.0,7.0,20,25,968
0.0,8.9,8.45588571617311,360,1.0,8.0,21,25,969
0.0,9.0,8.275,360,1.0,7.0,22,25,970
0.0,9.2,8.119669914110089,360,1.0,6.0,23,25,971
0.0,9.2,8.000480947161671,360,1.0,5.0,24,25,972
0.0,9.3,8.313629669484373,360,1.0,4.0,1,26,973
0.0,8.4,8.3,360,1.0,4.0,2,26,974
0.0,8.3,8.313629669484373,360,1.0,3.0,3,26,975
0.0,8.0,8.353589838486224,360,1.0,4.0,4,26,976
0.0,7.9,8.41715728752538,360,1.0,4.0,5,26,977
0.0,7.5,8.5,360,1.0,5.0,6,26,978
0.0,7.2,8.596472381958991,360,1.0,4.0,7,26,979
11.222222222222221,7.5,8.7,360,1.0,5.0,8,26,980
78.55555555555554,8.3,8.803527618041008,360,1.0,7.0,9,26,981
101.0,9.0,8.899999999999999,360,1.0,7.0,10,26,982
112.22222222222223,9.6,8.982842712474618,360,1.0,9.0,11,26,983
145.88888888888889,9.9,9.046410161513775,360,1.0,10.0,12,26,984
123.44444444444446,10.3,9.086370330515626,360,1.0,11.0,13,26,985
190.77777777777777,10.2,9.099999999999998,360,1.0,14.0,14,26,986
112.22222222222223,9.9,9.086370330515626,360,1.0,10.0,15,26,987
44.888888888888886,10.4,9.046410161513775,360,1.0,10.0,16,26,988
0.0,10.9,8.982842712474618,360,1.0,11.0,17,26,989
0.0,11.2,8.899999999999999,360,1.0,11.0,18,26,990
0.0,10.5,8.803527618041008,360,1.0,12.0,19,26,991
0.0,9.1,8.7,360,0.91,9.0,20,26,992
0.0,8.8,8.596472381958991,360,0.89,9.0,21,26,993
0.0,7.7,8.5,360,0.82,10.0,22,26,994
0.0,7.1,8.41715728752538,360,0.82,8.0,23,26,995
0.0,6.4,8.353589838486224,360,0.9,6.0,24,26,996
0.0,5.9,7.11022225211328,360,0.92,6.0,1,27,997
0.0,5.5,7.1,360,0.92,7.0,2,27,998
0.0,5.3,7.11022225211328,360,1.0,4.0,3,27,999
0.0,5.3,7.140192378864668,360,0.88,8.0,4,27,1000
0.0,4.1,7.187867965644036,360,0.91,8.0,5,27,1001
0.0,3.1,7.25,360,0.98,5.0,6,27,1002
0.0,3.8,7.322354286469244,360,0.96,6.0,7,27,1003
22.444444444444443,3.1,7.4,360,1.0,6.0,8,27,1004
112.22222222222223,3.5,7.477645713530757,360,1.0,5.0,9,27,1005
482.5555555555556,5.4,7.550000000000001,360,0.9,6.0,10,27,1006
695.7777777777778,6.9,7.612132034355965,360,0.85,7.0,11,27,1007
729.4444444444443,7.0,7.659807621135332,360,0.82,9.0,12,27,1008
808.0,7.0,7.689777747886721,360,0.8,9.0,13,27,1009
112.22222222222223,3.8,7.700000000000001,360,0.99,6.0,14,27,1010
224.44444444444446,5.1,7.689777747886721,360,0.92,5.0,15,27,1011
134.66666666666669,5.0,7.659807621135332,360,0.99,6.0,16,27,1012
56.111111111111114,4.2,7.612132034355965,360,1.0,3.0,17,27,1013
0.0,4.1,7.550000000000001,360,1.0,5.0,18,27,1014
0.0,4.0,7.477645713530757,360,1.0,5.0,19,27,1015
0.0,3.0,7.4,360,1.0,4.0,20,27,1016
0.0,2.9,7.322354286469244,360,1.0,5.0,21,27,1017
0.0,2.6,7.25,360,1.0,5.0,22,27,1018
0.0,2.2,7.187867965644036,360,1.0,4.0,23,27,1019
0.0,2.0,7.140192378864668,360,1.0,4.0,24,27,1020
0.0,1.9,5.713629669484373,360,1.0,4.0,1,28,1021
0.0,2.1,5.699999999999999,360,1.0,5.0,2,28,1022
0.0,3.0,5.713629669484372,360,1.0,6.0,3,28,1023
0.0,3.7,5.753589838486224,360,1.0,6.0,4,28,1024
0.0,4.0,5.81715728752538,360,1.0,6.0,5,28,1025
0.0,3.8,5.8999999999999995,360,1.0,6.0,6,28,1026
0.0,3.9,5.996472381958991,360,1.0,7.0,7,28,1027
22.444444444444443,4.0,6.1,360,1.0,7.0,8,28,1028
44.888888888888886,4.4,6.203527618041008,360,1.0,8.0,9,28,1029
134.66666666666669,4.8,6.3,360,1.0,8.0,10,28,1030
202.0,5.1,6.382842712474619,360,1.0,8.0,11,28,1031
325.44444444444446,5.8,6.446410161513775,360,1.0,10.0,12,28,1032
347.8888888888889,5.9,6.486370330515627,360,1.0,10.0,13,28,1033
134.66666666666669,5.8,6.5,360,1.0,10.0,14,28,1034
145.88888888888889,5.7,6.486370330515627,360,1.0,9.0,15,28,1035
44.888888888888886,5.5,6.446410161513775,360,1.0,10.0,16,28,1036
33.66666666666667,5.4,6.382842712474619,360,1.0,9.0,17,28,1037
0.0,5.2,6.3,360,1.0,12.0,18,28,1038
0.0,5.3,6.203527618041008,360,1.0,11.0,19,28,1039
0.0,5.3,6.1,360,1.0,10.0,20,28,1040
0.0,5.3,5.996472381958991,360,1.0,10.0,21,28,1041
0.0,5.2,5.8999999999999995,360,1.0,10.0,22,28,1042
0.0,4.8,5.817157287525381,360,1.0,10.0,23,28,1043
0.0,4.5,5.753589838486224,360,1.0,11.0,24,28,1044
0.0,4.4,6.1187407955410125,360,1.0,6.0,1,29,1045
0.0,5.4,6.1,360,1.0,8.0,2,29,1046
0.0,5.1,6.1187407955410125,360,1.0,8.0,3,29,1047
0.0,5.2,6.173686027918559,360,1.0,6.0,4,29,1048
0.0,5.1,6.261091270347399,360,1.0,5.0,5,29,1049
0.0,4.0,6.375,360,1.0,4.0,6,29,1050
0.0,3.8,6.507649525193614,360,1.0,4.0,7,29,1051
0.0,3.8,6.65,360,1.0,4.0,8,29,1052
134.66666666666669,4.3,6.792350474806387,360,1.0,4.0,9,29,1053
213.22222222222223,5.3,6.925000000000001,360,1.0,4.0,10,29,1054
224.44444444444446,6.1,7.038908729652602,360,1.0,3.0,11,29,1055
359.1111111111111,7.0,7.126313972081442,360,0.99,5.0,12,29,1056
370.33333333333337,7.6,7.181259204458988,360,0.99,6.0,13,29,1057
258.11111111111114,7.3,7.200000000000001,360,0.96,6.0,14,29,1058
482.5555555555556,8.6,7.181259204458988,360,0.88,6.0,15,29,1059
179.55555555555554,7.5,7.126313972081442,360,0.92,5.0,16,29,1060
11.222222222222221,5.2,7.038908729652602,360,1.0,4.0,17,29,1061
0.0,5.0,6.925000000000001,360,1.0,2.0,18,29,1062
0.0,5.3,6.792350474806387,360,1.0,5.0,19,29,1063
0.0,4.2,6.65,360,1.0,2.0,20,29,1064
0.0,5.0,6.507649525193614,360,1.0,2.0,21,29,1065
0.0,5.0,6.375,360,1.0,4.0,22,29,1066
0.0,4.2,6.261091270347399,360,1.0,4.0,23,29,1067
0.0,4.1,6.173686027918559,360,1.0,3.0,24,29,1068
0.0,3.1,5.823851921597652,360,1.0,3.0,1,30,1069
0.0,3.2,5.8,360,1.0,4.0,2,30,1070
0.0,2.6,5.823851921597652,360,1.0,4.0,3,30,1071
0.0,2.8,5.893782217350893,360,1.0,3.0,4,30,1072
0.0,3.0,6.005025253169416,360,1.0,4.0,5,30,1073
0.0,2.8,6.1499999999999995,360,1.0,3.0,6,30,1074
0.0,3.2,6.318826668428236,360,1.0,4.0,7,30,1075
33.66666666666667,3.6,6.5,360,1.0,4.0,8,30,1076
179.55555555555554,4.4,6.681173331571765,360,1.0,4.0,9,30,1077
336.66666666666663,5.2,6.8500000000000005,360,1.0,4.0,10,30,1078
437.6666666666667,6.2,6.994974746830583,360,1.0,4.0,11,30,1079
673.3333333333333,7.7,7.106217782649107,360,0.92,5.0,12,30,1080
303.0,7.4,7.176148078402348,360,0.89,5.0,13,30,1081
269.33333333333337,7.6,7.2,360,0.87,4.0,14,30,1082
134.66666666666669,6.4,7.176148078402348,360,1.0,4.0,15,30,1083
190.77777777777777,6.8,7.106217782649107,360,0.98,3.0,16,30,1084
22.444444444444443,6.2,6.994974746830583,360,1.0,2.0,17,30,1085
0.0,5.5,6.8500000000000005,360,1.0,1.0,18,30,1086
0.0,5.6,6.681173331571765,360,1.0,2.0,19,30,1087
0.0,5.7,6.5,360,1.0,2.0,20,30,1088
0.0,5.5,6.318826668428236,360,1.0,3.0,21,30,1089
0.0,5.4,6.15,360,1.0,2.0,22,30,1090
0.0,4.3,6.005025253169417,360,1.0,2.0,23,30,1091
0.0,3.8,5.893782217350893,360,1.0,2.0,24,30,1092
0.0,2.8,6.013629669484374,360,1.0,2.0,1,31,1093
0.0,3.0,6.0,360,1.0,2.0,2,31,1094
0.0,2.8,6.013629669484373,360,1.0,2.0,3,31,1095
0.0,2.6,6.053589838486225,360,1.0,3.0,4,31,1096
0.0,2.2,6.117157287525381,360,1.0,2.0,5,31,1097
0.0,2.3,6.2,360,1.0,4.0,6,31,1098
0.0,2.2,6.296472381958992,360,1.0,4.0,7,31,1099
11.222222222222221,3.0,6.4,360,1.0,4.0,8,31,1100
56.111111111111114,3.6,6.503527618041009,360,1.0,5.0,9,31,1101
134.66666666666669,3.8,6.6000000000000005,360,1.0,6.0,10,31,1102
213.22222222222223,4.3,6.68284271247462,360,1.0,7.0,11,31,1103
224.44444444444446,4.6,6.746410161513776,360,1.0,8.0,12,31,1104
224.44444444444446,4.9,6.786370330515628,360,1.0,8.0,13,31,1105
258.11111111111114,5.5,6.800000000000001,360,1.0,8.0,14,31,1106
179.55555555555554,5.6,6.786370330515628,360,1.0,8.0,15,31,1107
134.66666666666669,5.6,6.746410161513776,360,1.0,10.0,16,31,1108
22.444444444444443,5.5,6.68284271247462,360,1.0,9.0,17,31,1109
0.0,5.8,6.6000000000000005,360,1.0,10.0,18,31,1110
0.0,6.2,6.503527618041009,360,1.0,10.0,19,31,1111
0.0,6.4,6.4,360,1.0,9.0,20,31,1112
0.0,6.8,6.296472381958992,360,1.0,11.0,21,31,1113
0.0,7.1,6.2,360,1.0,14.0,22,31,1114
0.0,7.4,6.117157287525382,360,1.0,12.0,23,31,1115
0.0,7.6,6.053589838486225,360,0.99,12.0,24,31,1116
0.0,7.2,6.620444504226558,360,1.0,13.0,1,32,1117
0.0,7.1,6.6,360,1.0,14.0,2,32,1118
0.0,7.1,6.620444504226558,360,1.0,14.0,3,32,1119
0.0,7.3,6.680384757729336,360,1.0,14.0,4,32,1120
0.0,7.2,6.775735931288071,360,1.0,13.0,5,32,1121
0.0,7.3,6.899999999999999,360,1.0,9.0,6,32,1122
0.0,7.2,7.044708572938487,360,1.0,10.0,7,32,1123
11.222222222222221,6.9,7.199999999999999,360,1.0,6.0,8,32,1124
89.77777777777777,6.9,7.355291427061512,360,0.99,6.0,9,32,1125
235.66666666666669,7.4,7.499999999999999,360,1.0,6.0,10,32,1126
280.55555555555554,6.4,7.624264068711928,360,0.92,10.0,11,32,1127
796.7777777777777,8.9,7.719615242270662,360,0.81,6.0,12,32,1128
684.5555555555557,9.4,7.77955549577344,360,0.75,9.0,13,32,1129
359.1111111111111,6.3,7.799999999999999,360,0.94,7.0,14,32,1130
213.22222222222223,6.7,7.77955549577344,360,0.93,4.0,15,32,1131
168.33333333333331,6.6,7.719615242270662,360,0.88,5.0,16,32,1132
33.66666666666667,5.7,7.624264068711928,360,0.92,5.0,17,32,1133
0.0,4.8,7.499999999999999,360,1.0,4.0,18,32,1134
0.0,4.0,7.355291427061512,360,1.0,3.0,19,32,1135
0.0,3.0,7.199999999999999,360,1.0,4.0,20,32,1136
0.0,2.8,7.044708572938487,360,1.0,4.0,21,32,1137
0.0,2.2,6.8999999999999995,360,1.0,4.0,22,32,1138
0.0,2.0,6.775735931288071,360,1.0,4.0,23,32,1139
0.0,1.6,6.680384757729336,360,1.0,4.0,24,32,1140
0.0,1.8,5.030666756339839,360,1.0,4.0,1,33,1141
0.0,1.8,5.0,360,1.0,4.0,2,33,1142
0.0,2.2,5.030666756339839,360,1.0,4.0,3,33,1143
0.0,2.2,5.120577136594005,360,1.0,4.0,4,33,1144
0.0,1.6,5.263603896932107,360,1.0,4.0,5,33,1145
0.0,1.0,5.45,360,1.0,4.0,6,33,1146
0.0,1.0,5.667062859407732,360,1.0,4.0,7,33,1147
33.66666666666667,1.2,5.9,360,1.0,4.0,8,33,1148
269.33333333333337,3.0,6.132937140592269,360,1.0,5.0,9,33,1149
505.0,5.2,6.3500000000000005,360,0.98,6.0,10,33,1150
673.3333333333333,7.2,6.536396103067893,360,0.89,6.0,11,33,1151
751.8888888888888,7.5,6.679422863405995,360,0.87,6.0,12,33,1152
729.4444444444443,8.5,6.769333243660162,360,0.9,7.0,13,33,1153
729.4444444444443,8.7,6.800000000000001,360,0.87,7.0,14,33,1154
471.33333333333337,9.0,6.769333243660162,360,0.8,6.0,15,33,1155
280.55555555555554,8.0,6.679422863405995,360,0.92,6.0,16,33,1156
89.77777777777777,6.1,6.536396103067893,360,0.96,4.0,17,33,1157
0.0,6.2,6.3500000000000005,360,1.0,2.0,18,33,1158
0.0,5.7,6.132937140592269,360,1.0,5.0,19,33,1159
0.0,5.7,5.9,360,1.0,4.0,20,33,1160
0.0,5.1,5.667062859407732,360,1.0,5.0,21,33,1161
0.0,4.2,5.450000000000001,360,1.0,5.0,22,33,1162
0.0,3.5,5.263603896932108,360,1.0,4.0,23,33,1163
0.0,2.9,5.120577136594005,360,1.0,3.0,24,33,1164
0.0,2.8,4.923851921597652,360,1.0,5.0,1,34,1165
0.0,2.9,4.9,360,1.0,4.0,2,34,1166
0.0,2.1,4.923851921597652,360,1.0,4.0,3,34,1167
0.0,1.7,4.993782217350892,360,1.0,4.0,4,34,1168
0.0,1.5,5.1050252531694165,360,1.0,4.0,5,34,1169
0.0,2.1,5.249999999999999,360,1.0,4.0,6,34,1170
0.0,2.0,5.418826668428236,360,1.0,4.0,7,34,1171
44.888888888888886,1.8,5.6,360,1.0,3.0,8,34,1172
291.77777777777777,3.1,5.781173331571764,360,0.93,4.0,9,34,1173
527.4444444444445,4.8,5.949999999999999,360,0.86,6.0,10,34,1174
763.1111111111111,6.3,6.094974746830583,360,0.75,6.0,11,34,1175
819.2222222222222,7.7,6.206217782649107,360,0.68,8.0,12,34,1176
763.1111111111111,8.0,6.276148078402347,360,0.63,10.0,13,34,1177
505.0,8.3,6.299999999999999,360,0.61,8.0,14,34,1178
415.2222222222223,7.8,6.276148078402347,360,0.64,9.0,15,34,1179
112.22222222222223,7.4,6.206217782649107,360,0.7,9.0,16,34,1180
44.888888888888886,7.2,6.094974746830583,360,0.78,10.0,17,34,1181
0.0,6.6,5.949999999999999,360,0.93,9.0,18,34,1182
0.0,6.7,5.781173331571764,360,0.96,12.0,19,34,1183
0.0,6.4,5.6,360,0.91,9.0,20,34,1184
0.0,6.2,5.418826668428236,360,0.99,8.0,21,34,1185
0.0,5.6,5.25,360,0.99,8.0,22,34,1186
0.0,4.5,5.1050252531694165,360,1.0,4.0,23,34,1187
0.0,4.8,4.993782217350892,360,1.0,6.0,24,34,1188
0.0,4.3,5.323851921597652,360,1.0,6.0,1,35,1189
0.0,4.5,5.3,360,1.0,7.0,2,35,1190
0.0,4.4,5.323851921597652,360,1.0,8.0,3,35,1191
0.0,4.3,5.393782217350893,360,1.0,6.0,4,35,1192
0.0,3.6,5.505025253169416,360,1.0,8.0,5,35,1193
0.0,3.6,5.6499999999999995,360,1.0,7.0,6,35,1194
0.0,3.3,5.818826668428236,360,1.0,7.0,7,35,1195
33.66666666666667,3.4,6.0,360,1.0,7.0,8,35,1196
314.2222222222222,5.2,6.181173331571765,360,1.0,8.0,9,35,1197
572.3333333333333,6.5,6.3500000000000005,360,0.95,8.0,10,35,1198
650.8888888888889,7.1,6.494974746830583,360,0.94,10.0,11,35,1199
628.4444444444443,7.8,6.606217782649107,360,0.84,9.0,12,35,1200
841.6666666666666,9.0,6.676148078402348,360,0.74,10.0,13,35,1201
830.4444444444446,9.9,6.7,360,0.66,11.0,14,35,1202
628.4444444444443,9.1,6.676148078402348,360,0.65,11.0,15,35,1203
246.8888888888889,8.4,6.606217782649107,360,0.65,11.0,16,35,1204
56.111111111111114,7.8,6.494974746830583,360,0.68,9.0,17,35,1205
0.0,7.9,6.3500000000000005,360,0.66,10.0,18,35,1206
0.0,7.7,6.181173331571765,360,0.7,10.0,19,35,1207
0.0,8.1,6.0,360,0.64,12.0,20,35,1208
0.0,7.7,5.818826668428236,360,0.69,13.0,21,35,1209
0.0,6.9,5.65,360,0.88,16.0,22,35,1210
0.0,6.7,5.505025253169417,360,0.89,15.0,23,35,1211
0.0,7.5,5.393782217350893,360,0.85,14.0,24,35,1212
0.0,7.2,6.213629669484373,360,0.93,14.0,1,36,1213
0.0,7.1,6.199999999999999,360,0.93,14.0,2,36,1214
0.0,6.5,6.213629669484372,360,0.94,10.0,3,36,1215
0.0,6.8,6.253589838486224,360,0.88,10.0,4,36,1216
0.0,6.0,6.31715728752538,360,0.96,10.0,5,36,1217
0.0,6.0,6.3999999999999995,360,1.0,8.0,6,36,1218
0.0,6.9,6.496472381958991,360,0.97,12.0,7,36,1219
22.444444444444443,5.9,6.6,360,0.94,16.0,8,36,1220
112.22222222222223,6.3,6.703527618041008,360,0.94,9.0,9,36,1221
258.11111111111114,6.7,6.8,360,0.97,14.0,10,36,1222
516.2222222222223,8.0,6.882842712474619,360,0.84,14.0,11,36,1223
594.7777777777778,6.5,6.946410161513775,360,0.85,16.0,12,36,1224
673.3333333333333,8.6,6.986370330515627,360,0.79,15.0,13,36,1225
168.33333333333331,7.6,7.0,360,0.89,13.0,14,36,1226
516.2222222222223,9.2,6.986370330515627,360,0.79,16.0,15,36,1227
336.66666666666663,8.3,6.946410161513775,360,0.84,13.0,16,36,1228
78.55555555555554,7.5,6.882842712474619,360,0.85,10.0,17,36,1229
0.0,6.9,6.8,360,0.95,8.0,18,36,1230
0.0,6.9,6.703527618041008,360,0.97,9.0,19,36,1231
0.0,6.4,6.6,360,0.99,7.0,20,36,1232
0.0,6.2,6.496472381958991,360,0.98,8.0,21,36,1233
0.0,6.3,6.3999999999999995,360,1.0,7.0,22,36,1234
0.0,6.3,6.317157287525381,360,0.99,10.0,23,36,1235
0.0,5.5,6.253589838486224,360,1.0,7.0,24,36,1236
0.0,5.3,6.0323704650253855,360,1.0,7.0,1,37,1237
0.0,5.1,6.0,360,1.0,7.0,2,37,1238
0.0,5.0,6.0323704650253855,360,1.0,8.0,3,37,1239
0.0,5.3,6.1272758664047835,360,1.0,8.0,4,37,1240
0.0,5.7,6.27824855787278,360,0.98,8.0,5,37,1241
0.0,6.2,6.475,360,0.96,10.0,6,37,1242
0.0,6.5,6.704121907152605,360,0.92,10.0,7,37,1243
22.444444444444443,6.8,6.95,360,0.84,11.0,8,37,1244
67.33333333333334,7.2,7.195878092847395,360,0.82,12.0,9,37,1245
168.33333333333331,6.4,7.425000000000001,360,0.94,16.0,10,37,1246
336.66666666666663,8.0,7.621751442127221,360,0.84,14.0,11,37,1247
673.3333333333333,9.9,7.772724133595217,360,0.76,13.0,12,37,1248
931.4444444444445,13.2,7.867629534974615,360,0.67,13.0,13,37,1249
875.3333333333334,14.2,7.9,360,0.59,13.0,14,37,1250
617.2222222222222,14.2,7.867629534974615,360,0.6,14.0,15,37,1251
202.0,14.1,7.772724133595217,360,0.62,14.0,16,37,1252
67.33333333333334,13.7,7.621751442127221,360,0.61,13.0,17,37,1253
0.0,13.7,7.425000000000001,360,0.57,11.0,18,37,1254
0.0,13.6,7.195878092847395,360,0.6,12.0,19,37,1255
0.0,12.7,6.95,360,0.65,12.0,20,37,1256
0.0,12.5,6.704121907152605,360,0.69,15.0,21,37,1257
0.0,11.2,6.4750000000000005,360,0.84,19.0,22,37,1258
0.0,11.0,6.27824855787278,360,0.83,14.0,23,37,1259
0.0,11.4,6.1272758664047835,360,0.81,14.0,24,37,1260
0.0,11.8,7.413629669484373,360,0.78,18.0,1,38,1261
0.0,9.9,7.4,360,0.96,17.0,2,38,1262
0.0,9.3,7.413629669484373,360,0.91,18.0,3,38,1263
0.0,8.6,7.4535898384862245,360,0.85,16.0,4,38,1264
0.0,8.1,7.517157287525381,360,0.9,13.0,5,38,1265
0.0,7.5,7.6,360,0.87,14.0,6,38,1266
0.0,7.2,7.6964723819589915,360,0.91,8.0,7,38,1267
22.444444444444443,7.0,7.8,360,0.86,11.0,8,38,1268
202.0,7.7,7.903527618041008,360,0.81,9.0,9,38,1269
392.7777777777778,8.1,8.0,360,0.85,15.0,10,38,1270
729.4444444444443,9.5,8.08284271247462,360,0.76,8.0,11,38,1271
404.0,10.1,8.146410161513774,360,0.71,10.0,12,38,1272
830.4444444444446,10.3,8.186370330515627,360,0.63,10.0,13,38,1273
606.0,10.2,8.2,360,0.68,10.0,14,38,1274
303.0,9.0,8.186370330515627,360,0.82,10.0,15,38,1275
157.1111111111111,8.8,8.146410161513774,360,0.86,8.0,16,38,1276
44.888888888888886,8.5,8.08284271247462,360,0.87,9.0,17,38,1277
0.0,8.1,8.0,360,0.88,10.0,18,38,1278
0.0,7.5,7.903527618041008,360,0.92,9.0,19,38,1279
0.0,7.6,7.8,360,0.95,8.0,20,38,1280
0.0,7.9,7.6964723819589915,360,0.91,11.0,21,38,1281
0.0,7.9,7.6000000000000005,360,0.88,9.0,22,38,1282
0.0,8.0,7.517157287525381,360,0.79,9.0,23,38,1283
0.0,8.0,7.4535898384862245,360,0.78,10.0,24,38,1284
0.0,8.4,7.205111126056639,360,0.74,10.0,1,39,1285
0.0,8.0,7.199999999999999,360,0.83,10.0,2,39,1286
0.0,7.7,7.205111126056639,360,0.84,10.0,3,39,1287
0.0,7.0,7.220096189432334,360,0.91,11.0,4,39,1288
0.0,6.9,7.243933982822018,360,0.94,12.0,5,39,1289
0.0,6.9,7.2749999999999995,360,0.97,13.0,6,39,1290
0.0,7.1,7.311177143234621,360,0.98,13.0,7,39,1291
11.222222222222221,7.1,7.35,360,1.0,13.0,8,39,1292
33.66666666666667,7.6,7.388822856765378,360,1.0,11.0,9,39,1293
78.55555555555554,8.2,7.425,360,1.0,10.0,10,39,1294
179.55555555555554,8.6,7.456066017177982,360,1.0,12.0,11,39,1295
347.8888888888889,9.1,7.479903810567666,360,0.89,11.0,12,39,1296
269.33333333333337,8.2,7.49488887394336,360,0.87,16.0,13,39,1297
471.33333333333337,8.1,7.5,360,0.84,16.0,14,39,1298
392.7777777777778,8.6,7.49488887394336,360,0.76,13.0,15,39,1299
202.0,5.9,7.479903810567666,360,0.88,14.0,16,39,1300
123.44444444444446,6.5,7.456066017177982,360,0.84,13.0,17,39,1301
11.222222222222221,6.6,7.425,360,0.81,17.0,18,39,1302
0.0,6.4,7.388822856765378,360,0.74,16.0,19,39,1303
0.0,5.6,7.35,360,0.88,12.0,20,39,1304
0.0,4.5,7.311177143234621,360,0.9,14.0,21,39,1305
0.0,4.4,7.2749999999999995,360,0.95,8.0,22,39,1306
0.0,4.7,7.243933982822018,360,0.96,11.0,23,39,1307
0.0,4.1,7.220096189432334,360,0.97,12.0,24,39,1308
0.0,3.4,5.520444504226559,360,1.0,10.0,1,40,1309
0.0,3.2,5.5,360,1.0,7.0,2,40,1310
0.0,4.0,5.520444504226559,360,0.99,8.0,3,40,1311
0.0,4.2,5.580384757729337,360,0.92,11.0,4,40,1312
0.0,3.4,5.675735931288071,360,0.95,12.0,5,40,1313
0.0,3.2,5.799999999999999,360,0.97,10.0,6,40,1314
0.0,3.9,5.944708572938487,360,0.95,9.0,7,40,1315
22.444444444444443,4.4,6.1,360,0.9,8.0,8,40,1316
235.66666666666669,5.1,6.255291427061512,360,0.9,8.0,9,40,1317
291.77777777777777,5.6,6.3999999999999995,360,0.98,8.0,10,40,1318
583.5555555555555,7.1,6.524264068711928,360,0.91,8.0,11,40,1319
482.5555555555556,6.4,6.619615242270663,360,1.0,9.0,12,40,1320
190.77777777777777,5.6,6.679555495773441,360,0.95,8.0,13,40,1321
145.88888888888889,5.8,6.699999999999999,360,1.0,4.0,14,40,1322
246.8888888888889,7.1,6.679555495773441,360,0.98,7.0,15,40,1323
145.88888888888889,7.0,6.619615242270663,360,0.94,8.0,16,40,1324
78.55555555555554,6.5,6.524264068711928,360,0.91,8.0,17,40,1325
11.222222222222221,5.7,6.3999999999999995,360,0.94,6.0,18,40,1326
0.0,5.7,6.255291427061512,360,0.92,4.0,19,40,1327
0.0,6.0,6.1,360,0.88,4.0,20,40,1328
0.0,6.2,5.944708572938487,360,0.84,5.0,21,40,1329
0.0,6.4,5.8,360,0.8,4.0,22,40,1330
0.0,6.5,5.675735931288071,360,0.78,4.0,23,40,1331
0.0,5.9,5.580384757729337,360,0.85,4.0,24,40,1332
0.0,5.9,6.113629669484372,360,0.87,5.0,1,41,1333
0.0,5.9,6.1,360,0.86,4.0,2,41,1334
0.0,5.3,6.113629669484372,360,0.9,4.0,3,41,1335
0.0,4.9,6.153589838486224,360,0.96,4.0,4,41,1336
0.0,4.6,6.217157287525381,360,1.0,4.0,5,41,1337
0.0,4.5,6.3,360,1.0,2.0,6,41,1338
0.0,4.6,6.396472381958992,360,1.0,2.0,7,41,1339
11.222222222222221,4.9,6.5,360,1.0,3.0,8,41,1340
33.66666666666667,4.7,6.603527618041008,360,1.0,4.0,9,41,1341
101.0,4.7,6.7,360,1.0,6.0,10,41,1342
78.55555555555554,4.7,6.782842712474619,360,1.0,9.0,11,41,1343
123.44444444444446,4.9,6.846410161513775,360,0.99,9.0,12,41,1344
415.2222222222223,6.5,6.886370330515628,360,0.9,7.0,13,41,1345
303.0,7.1,6.9,360,0.86,6.0,14,41,1346
415.2222222222223,7.9,6.886370330515628,360,0.85,6.0,15,41,1347
258.11111111111114,7.8,6.846410161513775,360,0.83,6.0,16,41,1348
44.888888888888886,7.4,6.782842712474619,360,0.89,4.0,17,41,1349
0.0,6.6,6.7,360,0.95,4.0,18,41,1350
0.0,6.4,6.603527618041008,360,0.93,4.0,19,41,1351
0.0,5.7,6.5,360,0.93,5.0,20,41,1352
0.0,5.3,6.396472381958992,360,0.99,5.0,21,41,1353
0.0,5.2,6.3,360,1.0,6.0,22,41,1354
0.0,4.8,6.217157287525381,360,1.0,5.0,23,41,1355
0.0,3.7,6.153589838486225,360,1.0,5.0,24,41,1356
0.0,3.3,5.115333378169919,360,1.0,5.0,1,42,1357
0.0,2.8,5.1,360,1.0,4.0,2,42,1358
0.0,2.8,5.115333378169919,360,1.0,4.0,3,42,1359
0.0,2.7,5.160288568297002,360,1.0,4.0,4,42,1360
0.0,2.7,5.231801948466053,360,1.0,6.0,5,42,1361
0.0,3.0,5.324999999999999,360,1.0,6.0,6,42,1362
0.0,3.4,5.433531429703866,360,0.98,8.0,7,42,1363
44.888888888888886,3.9,5.55,360,0.94,8.0,8,42,1364
134.66666666666669,4.4,5.666468570296134,360,0.96,10.0,9,42,1365
179.55555555555554,5.0,5.775,360,0.95,10.0,10,42,1366
314.2222222222222,5.8,5.8681980515339465,360,0.91,10.0,11,42,1367
303.0,6.6,5.939711431702998,360,0.84,11.0,12,42,1368
392.7777777777778,6.9,5.984666621830081,360,0.75,11.0,13,42,1369
168.33333333333331,5.3,6.0,360,0.92,12.0,14,42,1370
123.44444444444446,4.9,5.984666621830081,360,0.99,10.0,15,42,1371
112.22222222222223,4.8,5.939711431702998,360,1.0,10.0,16,42,1372
44.888888888888886,4.7,5.8681980515339465,360,1.0,9.0,17,42,1373
11.222222222222221,5.0,5.775,360,1.0,9.0,18,42,1374
0.0,5.3,5.666468570296134,360,1.0,8.0,19,42,1375
0.0,5.8,5.55,360,1.0,6.0,20,42,1376
0.0,6.5,5.433531429703866,360,0.96,9.0,21,42,1377
0.0,4.7,5.325,360,1.0,8.0,22,42,1378
0.0,4.5,5.231801948466053,360,0.98,3.0,23,42,1379
0.0,3.2,5.160288568297002,360,1.0,4.0,24,42,1380
0.0,3.1,4.730666756339838,360,1.0,4.0,1,43,1381
0.0,2.5,4.699999999999999,360,1.0,4.0,2,43,1382
0.0,2.4,4.730666756339838,360,1.0,4.0,3,43,1383
0.0,2.1,4.820577136594005,360,1.0,4.0,4,43,1384
0.0,2.9,4.963603896932106,360,1.0,5.0,5,43,1385
0.0,2.3,5.1499999999999995,360,1.0,6.0,6,43,1386
0.0,2.7,5.367062859407731,360,1.0,6.0,7,43,1387
56.111111111111114,3.4,5.6,360,0.98,8.0,8,43,1388
280.55555555555554,5.2,5.832937140592268,360,0.9,12.0,9,43,1389
639.6666666666667,6.8,6.05,360,0.85,11.0,10,43,1390
886.5555555555555,8.0,6.236396103067892,360,0.8,12.0,11,43,1391
841.6666666666666,8.6,6.379422863405995,360,0.76,12.0,12,43,1392
673.3333333333333,8.6,6.469333243660161,360,0.76,13.0,13,43,1393
639.6666666666667,9.1,6.5,360,0.73,13.0,14,43,1394
415.2222222222223,9.2,6.469333243660161,360,0.7,14.0,15,43,1395
67.33333333333334,7.8,6.379422863405995,360,0.88,12.0,16,43,1396
33.66666666666667,7.7,6.236396103067892,360,0.94,11.0,17,43,1397
11.222222222222221,8.3,6.05,360,0.88,13.0,18,43,1398
0.0,8.2,5.832937140592268,360,0.95,11.0,19,43,1399
0.0,8.6,5.6,360,1.0,12.0,20,43,1400
0.0,9.1,5.367062859407731,360,1.0,10.0,21,43,1401
0.0,8.6,5.15,360,1.0,7.0,22,43,1402
0.0,8.3,4.963603896932107,360,0.99,5.0,23,43,1403
0.0,7.8,4.820577136594005,360,1.0,6.0,24,43,1404
0.0,7.3,6.327259338968744,360,1.0,5.0,1,44,1405
0.0,7.2,6.299999999999999,360,0.99,8.0,2,44,1406
0.0,7.7,6.327259338968744,360,1.0,10.0,3,44,1407
0.0,8.3,6.407179676972448,360,1.0,10.0,4,44,1408
0.0,9.1,6.534314575050761,360,1.0,14.0,5,44,1409
0.0,8.8,6.699999999999999,360,1.0,12.0,6,44,1410
0.0,8.7,6.892944763917983,360,0.96,16.0,7,44,1411
22.444444444444443,7.9,7.1,360,1.0,10.0,8,44,1412
145.88888888888889,8.9,7.307055236082016,360,1.0,10.0,9,44,1413
269.33333333333337,9.3,7.5,360,0.94,10.0,10,44,1414
471.33333333333337,10.1,7.665685424949238,360,0.85,15.0,11,44,1415
920.2222222222223,9.3,7.79282032302755,360,0.78,19.0,12,44,1416
673.3333333333333,8.7,7.872740661031255,360,0.82,14.0,13,44,1417
841.6666666666666,9.0,7.9,360,0.73,13.0,14,44,1418
505.0,8.7,7.872740661031255,360,0.7,14.0,15,44,1419
224.44444444444446,8.6,7.79282032302755,360,0.7,11.0,16,44,1420
67.33333333333334,5.8,7.665685424949238,360,0.86,11.0,17,44,1421
11.222222222222221,5.1,7.5,360,0.92,6.0,18,44,1422
0.0,5.8,7.307055236082016,360,0.92,5.0,19,44,1423
0.0,5.8,7.1,360,0.94,5.0,20,44,1424
0.0,5.8,6.892944763917983,360,0.95,6.0,21,44,1425
0.0,6.0,6.699999999999999,360,0.95,6.0,22,44,1426
0.0,6.0,6.534314575050762,360,0.95,5.0,23,44,1427
0.0,6.2,6.407179676972449,360,0.97,5.0,24,44,1428
0.0,6.2,6.534074173710932,360,1.0,6.0,1,45,1429
0.0,6.0,6.5,360,1.0,6.0,2,45,1430
0.0,6.0,6.534074173710931,360,1.0,6.0,3,45,1431
0.0,6.0,6.633974596215561,360,1.0,7.0,4,45,1432
0.0,6.0,6.792893218813452,360,1.0,8.0,5,45,1433
0.0,5.9,7.0,360,1.0,11.0,6,45,1434
0.0,6.2,7.241180954897479,360,1.0,12.0,7,45,1435
11.222222222222221,7.0,7.5,360,1.0,12.0,8,45,1436
67.33333333333334,8.0,7.758819045102521,360,1.0,12.0,9,45,1437
370.33333333333337,9.7,8.0,360,0.93,9.0,10,45,1438
628.4444444444443,10.7,8.207106781186548,360,0.85,11.0,11,45,1439
471.33333333333337,11.6,8.36602540378444,360,0.8,11.0,12,45,1440
538.6666666666667,12.6,8.465925826289068,360,0.78,11.0,13,45,1441
426.44444444444446,14.0,8.5,360,0.75,12.0,14,45,1442
325.44444444444446,14.6,8.465925826289068,360,0.75,12.0,15,45,1443
190.77777777777777,14.5,8.36602540378444,360,0.72,13.0,16,45,1444
67.33333333333334,14.2,8.207106781186548,360,0.71,12.0,17,45,1445
0.0,12.1,8.0,360,0.88,12.0,18,45,1446
0.0,10.8,7.758819045102521,360,0.93,9.0,19,45,1447
0.0,10.3,7.5,360,0.93,10.0,20,45,1448
0.0,10.1,7.241180954897479,360,0.88,10.0,21,45,1449
0.0,9.5,7.0,360,0.89,11.0,22,45,1450
0.0,8.9,6.792893218813452,360,0.93,10.0,23,45,1451
0.0,9.0,6.633974596215562,360,0.93,11.0,24,45,1452
0.0,8.8,7.913629669484374,360,0.96,8.0,1,46,1453
0.0,8.7,7.900000000000001,360,0.97,10.0,2,46,1454
0.0,8.7,7.913629669484374,360,1.0,9.0,3,46,1455
0.0,8.6,7.953589838486225,360,1.0,8.0,4,46,1456
0.0,8.4,8.017157287525382,360,1.0,8.0,5,46,1457
0.0,8.5,8.100000000000001,360,1.0,10.0,6,46,1458
0.0,7.9,8.196472381958992,360,0.97,10.0,7,46,1459
22.444444444444443,7.6,8.3,360,1.0,8.0,8,46,1460
145.88888888888889,8.8,8.403527618041009,360,1.0,9.0,9,46,1461
291.77777777777777,9.4,8.5,360,0.97,11.0,10,46,1462
168.33333333333331,8.7,8.58284271247462,360,1.0,10.0,11,46,1463
258.11111111111114,8.3,8.646410161513776,360,0.89,9.0,12,46,1464
381.55555555555554,9.9,8.686370330515627,360,0.84,9.0,13,46,1465
370.33333333333337,9.0,8.7,360,0.79,12.0,14,46,1466
404.0,9.2,8.686370330515627,360,0.78,8.0,15,46,1467
291.77777777777777,9.2,8.646410161513776,360,0.8,8.0,16,46,1468
123.44444444444446,8.7,8.58284271247462,360,0.84,7.0,17,46,1469
11.222222222222221,8.0,8.5,360,0.84,8.0,18,46,1470
0.0,7.6,8.403527618041009,360,0.87,7.0,19,46,1471
0.0,7.1,8.3,360,0.89,8.0,20,46,1472
0.0,6.5,8.196472381958992,360,0.93,6.0,21,46,1473
0.0,6.0,8.100000000000001,360,0.96,5.0,22,46,1474
0.0,5.9,8.017157287525382,360,0.99,4.0,23,46,1475
0.0,5.4,7.953589838486225,360,1.0,5.0,24,46,1476
0.0,5.8,6.432370465025386,360,1.0,6.0,1,47,1477
0.0,5.6,6.4,360,1.0,6.0,2,47,1478
0.0,5.1,6.432370465025386,360,1.0,6.0,3,47,1479
0.0,4.7,6.527275866404784,360,1.0,5.0,4,47,1480
0.0,4.7,6.67824855787278,360,1.0,4.0,5,47,1481
0.0,4.6,6.875,360,1.0,5.0,6,47,1482
0.0,4.1,7.104121907152606,360,1.0,4.0,7,47,1483
89.77777777777777,4.8,7.3500000000000005,360,1.0,4.0,8,47,1484
381.55555555555554,6.2,7.5958780928473955,360,1.0,5.0,9,47,1485
662.1111111111112,8.1,7.825000000000001,360,0.96,6.0,10,47,1486
897.7777777777778,9.6,8.02175144212722,360,0.88,7.0,11,47,1487
684.5555555555557,10.2,8.172724133595217,360,0.77,7.0,12,47,1488
1111.0,10.9,8.267629534974615,360,0.63,10.0,13,47,1489
471.33333333333337,10.5,8.3,360,0.75,9.0,14,47,1490
763.1111111111111,10.7,8.267629534974615,360,0.69,10.0,15,47,1491
527.4444444444445,10.3,8.172724133595217,360,0.7,8.0,16,47,1492
112.22222222222223,8.4,8.02175144212722,360,0.86,8.0,17,47,1493
11.222222222222221,7.4,7.825000000000001,360,0.9,6.0,18,47,1494
0.0,6.6,7.5958780928473955,360,0.92,4.0,19,47,1495
0.0,6.6,7.3500000000000005,360,0.96,5.0,20,47,1496
0.0,5.7,7.104121907152606,360,0.99,4.0,21,47,1497
0.0,5.0,6.875000000000001,360,1.0,5.0,22,47,1498
0.0,5.0,6.67824855787278,360,1.0,4.0,23,47,1499
0.0,4.8,6.527275866404784,360,1.0,5.0,24,47,1500
0.0,4.6,6.134074173710932,360,1.0,6.0,1,48,1501
0.0,4.5,6.1,360,1.0,5.0,2,48,1502
0.0,4.4,6.134074173710931,360,1.0,6.0,3,48,1503
0.0,4.1,6.23397459621556,360,1.0,7.0,4,48,1504
0.0,3.6,6.392893218813452,360,1.0,6.0,5,48,1505
0.0,3.1,6.6,360,1.0,6.0,6,48,1506
0.0,3.6,6.841180954897479,360,1.0,6.0,7,48,1507
112.22222222222223,3.9,7.1,360,1.0,5.0,8,48,1508
381.55555555555554,5.6,7.35881904510252,360,0.97,8.0,9,48,1509
695.7777777777778,7.8,7.6,360,0.83,9.0,10,48,1510
942.6666666666667,9.6,7.8071067811865476,360,0.76,7.0,11,48,1511
1077.3333333333335,11.1,7.966025403784438,360,0.66,8.0,12,48,1512
1099.7777777777778,12.1,8.065925826289067,360,0.54,8.0,13,48,1513
1021.2222222222222,13.1,8.1,360,0.45,8.0,14,48,1514
774.3333333333333,12.4,8.065925826289067,360,0.4,8.0,15,48,1515
404.0,11.9,7.966025403784438,360,0.48,7.0,16,48,1516
179.55555555555554,10.2,7.8071067811865476,360,0.56,6.0,17,48,1517
11.222222222222221,9.0,7.6,360,0.59,4.0,18,48,1518
0.0,5.0,7.35881904510252,360,0.87,2.0,19,48,1519
0.0,6.5,7.1,360,0.77,2.0,20,48,1520
0.0,6.4,6.841180954897479,360,0.78,2.0,21,48,1521
0.0,6.2,6.6,360,0.77,2.0,22,48,1522
0.0,6.4,6.392893218813452,360,0.77,2.0,23,48,1523
0.0,6.2,6.233974596215561,360,0.8,2.0,24,48,1524
0.0,7.4,6.330666756339838,360,0.7,6.0,1,49,1525
0.0,7.0,6.299999999999999,360,0.74,8.0,2,49,1526
0.0,7.1,6.330666756339838,360,0.74,6.0,3,49,1527
0.0,7.2,6.420577136594004,360,0.73,8.0,4,49,1528
0.0,7.0,6.563603896932106,360,0.76,8.0,5,49,1529
0.0,6.4,6.749999999999999,360,0.81,8.0,6,49,1530
0.0,5.7,6.967062859407731,360,0.87,6.0,7,49,1531
33.66666666666667,6.1,7.199999999999999,360,0.86,6.0,8,49,1532
123.44444444444446,6.4,7.4329371405922675,360,0.87,6.0,9,49,1533
269.33333333333337,7.0,7.6499999999999995,360,0.88,6.0,10,49,1534
448.8888888888889,8.1,7.836396103067892,360,0.87,7.0,11,49,1535
549.8888888888889,9.3,7.979422863405994,360,0.87,6.0,12,49,1536
673.3333333333333,10.5,8.06933324366016,360,0.86,6.0,13,49,1537
437.6666666666667,10.7,8.1,360,0.85,7.0,14,49,1538
493.7777777777778,11.5,8.06933324366016,360,0.81,7.0,15,49,1539
314.2222222222222,11.5,7.979422863405994,360,0.79,6.0,16,49,1540
246.8888888888889,10.5,7.836396103067892,360,0.76,9.0,17,49,1541
22.444444444444443,8.4,7.6499999999999995,360,0.86,5.0,18,49,1542
0.0,6.9,7.4329371405922675,360,0.93,3.0,19,49,1543
0.0,6.5,7.199999999999999,360,1.0,4.0,20,49,1544
0.0,6.6,6.967062859407731,360,1.0,4.0,21,49,1545
0.0,6.2,6.75,360,1.0,4.0,22,49,1546
0.0,6.0,6.563603896932107,360,1.0,4.0,23,49,1547
0.0,5.3,6.420577136594004,360,1.0,3.0,24,49,1548
0.0,5.7,6.7340741737109315,360,1.0,4.0,1,50,1549
0.0,5.5,6.699999999999999,360,1.0,4.0,2,50,1550
0.0,6.2,6.7340741737109315,360,1.0,3.0,3,50,1551
0.0,6.6,6.833974596215561,360,1.0,4.0,4,50,1552
0.0,6.7,6.992893218813451,360,1.0,3.0,5,50,1553
0.0,6.8,7.199999999999999,360,1.0,4.0,6,50,1554
0.0,7.0,7.4411809548974785,360,1.0,4.0,7,50,1555
33.66666666666667,7.5,7.699999999999999,360,1.0,3.0,8,50,1556
101.0,8.1,7.95881904510252,360,1.0,4.0,9,50,1557
291.77777777777777,9.0,8.2,360,1.0,4.0,10,50,1558
471.33333333333337,10.1,8.407106781186547,360,1.0,6.0,11,50,1559
404.0,10.6,8.566025403784437,360,0.71,7.0,12,50,1560
594.7777777777778,11.3,8.665925826289067,360,0.7,6.0,13,50,1561
448.8888888888889,10.6,8.7,360,0.73,5.0,14,50,1562
303.0,10.7,8.665925826289067,360,0.77,5.0,15,50,1563
213.22222222222223,10.5,8.566025403784437,360,0.8,4.0,16,50,1564
78.55555555555554,10.2,8.407106781186547,360,0.86,6.0,17,50,1565
0.0,9.6,8.2,360,0.9,7.0,18,50,1566
0.0,8.3,7.95881904510252,360,0.97,4.0,19,50,1567
0.0,8.5,7.699999999999999,360,1.0,4.0,20,50,1568
0.0,8.4,7.4411809548974785,360,1.0,3.0,21,50,1569
0.0,8.0,7.199999999999999,360,1.0,4.0,22,50,1570
0.0,8.3,6.992893218813452,360,1.0,5.0,23,50,1571
0.0,8.5,6.833974596215561,360,1.0,6.0,24,50,1572
0.0,8.7,8.018740795541014,360,1.0,6.0,1,51,1573
0.0,8.6,8.0,360,1.0,6.0,2,51,1574
0.0,8.7,8.018740795541014,360,1.0,6.0,3,51,1575
0.0,8.6,8.07368602791856,360,1.0,8.0,4,51,1576
0.0,8.7,8.1610912703474,360,1.0,7.0,5,51,1577
0.0,8.9,8.275,360,1.0,8.0,6,51,1578
0.0,8.8,8.407649525193614,360,1.0,8.0,7,51,1579
11.222222222222221,8.9,8.55,360,1.0,7.0,8,51,1580
44.888888888888886,9.3,8.692350474806387,360,1.0,8.0,9,51,1581
101.0,9.9,8.825000000000001,360,1.0,7.0,10,51,1582
168.33333333333331,10.3,8.938908729652601,360,1.0,8.0,11,51,1583
314.2222222222222,10.9,9.026313972081441,360,1.0,8.0,12,51,1584
202.0,11.0,9.081259204458988,360,1.0,8.0,13,51,1585
179.55555555555554,11.2,9.100000000000001,360,1.0,9.0,14,51,1586
112.22222222222223,11.2,9.081259204458988,360,1.0,9.0,15,51,1587
78.55555555555554,11.1,9.026313972081441,360,1.0,12.0,16,51,1588
22.444444444444443,10.8,8.938908729652601,360,1.0,10.0,17,51,1589
11.222222222222221,10.6,8.825000000000001,360,1.0,10.0,18,51,1590
0.0,9.7,8.692350474806387,360,1.0,10.0,19,51,1591
0.0,8.8,8.55,360,1.0,8.0,20,51,1592
0.0,8.9,8.407649525193614,360,1.0,8.0,21,51,1593
0.0,8.3,8.275,360,1.0,8.0,22,51,1594
0.0,8.0,8.1610912703474,360,1.0,8.0,23,51,1595
0.0,7.3,8.07368602791856,360,1.0,6.0,24,51,1596
0.0,7.0,7.125555630283198,360,1.0,8.0,1,52,1597
0.0,6.6,7.1,360,1.0,6.0,2,52,1598
0.0,5.5,7.125555630283198,360,1.0,6.0,3,52,1599
0.0,5.9,7.200480947161671,360,1.0,6.0,4,52,1600
0.0,5.0,7.319669914110088,360,1.0,4.0,5,52,1601
0.0,3.3,7.475,360,1.0,7.0,6,52,1602
0.0,2.6,7.655885716173109,360,1.0,3.0,7,52,1603
112.22222222222223,4.7,7.85,360,1.0,4.0,8,52,1604
437.6666666666667,6.6,8.04411428382689,360,0.93,4.0,9,52,1605
583.5555555555555,7.6,8.225,360,0.85,7.0,10,52,1606
718.2222222222222,8.1,8.380330085889911,360,0.78,6.0,11,52,1607
976.3333333333333,7.9,8.499519052838329,360,0.78,9.0,12,52,1608
740.6666666666667,9.1,8.574444369716801,360,0.63,8.0,13,52,1609
505.0,7.9,8.6,360,0.77,8.0,14,52,1610
707.0000000000001,9.6,8.574444369716801,360,0.69,8.0,15,52,1611
448.8888888888889,8.0,8.499519052838329,360,0.75,10.0,16,52,1612
145.88888888888889,6.0,8.380330085889911,360,0.92,7.0,17,52,1613
22.444444444444443,5.2,8.225,360,0.95,4.0,18,52,1614
0.0,4.9,8.04411428382689,360,0.98,4.0,19,52,1615
0.0,4.8,7.85,360,0.94,6.0,20,52,1616
0.0,4.4,7.655885716173109,360,0.96,5.0,21,52,1617
0.0,5.1,7.475,360,0.97,6.0,22,52,1618
0.0,4.8,7.319669914110089,360,1.0,6.0,23,52,1619
0.0,4.3,7.200480947161671,360,1.0,6.0,24,52,1620
0.0,4.2,6.728963047654292,360,1.0,6.0,1,53,1621
0.0,4.3,6.700000000000001,360,1.0,6.0,2,53,1622
0.0,4.6,6.728963047654292,360,1.0,7.0,3,53,1623
0.0,4.8,6.813878406783227,360,1.0,7.0,4,53,1624
0.0,5.0,6.948959235991435,360,1.0,8.0,5,53,1625
0.0,5.0,7.125,360,1.0,8.0,6,53,1626
0.0,5.3,7.330003811662858,360,1.0,6.0,7,53,1627
33.66666666666667,5.6,7.550000000000001,360,1.0,8.0,8,53,1628
168.33333333333331,6.5,7.769996188337143,360,1.0,7.0,9,53,1629
258.11111111111114,7.5,7.9750000000000005,360,1.0,8.0,10,53,1630
246.8888888888889,7.9,8.151040764008567,360,1.0,8.0,11,53,1631
448.8888888888889,9.9,8.286121593216773,360,1.0,10.0,12,53,1632
448.8888888888889,9.9,8.371036952345708,360,0.99,12.0,13,53,1633
819.2222222222222,10.9,8.4,360,0.88,11.0,14,53,1634
415.2222222222223,10.5,8.371036952345708,360,0.92,11.0,15,53,1635
314.2222222222222,10.8,8.286121593216773,360,0.91,8.0,16,53,1636
112.22222222222223,10.4,8.151040764008567,360,0.95,8.0,17,53,1637
22.444444444444443,9.5,7.9750000000000005,360,1.0,6.0,18,53,1638
0.0,8.3,7.769996188337143,360,0.89,6.0,19,53,1639
0.0,6.6,7.550000000000001,360,0.99,4.0,20,53,1640
0.0,5.9,7.330003811662858,360,0.99,4.0,21,53,1641
0.0,4.4,7.125000000000001,360,1.0,4.0,22,53,1642
0.0,4.4,6.948959235991436,360,1.0,3.0,23,53,1643
0.0,5.8,6.813878406783227,360,1.0,4.0,24,53,1644
0.0,6.2,6.739185299767572,360,1.0,5.0,1,54,1645
0.0,6.3,6.699999999999999,360,1.0,4.0,2,54,1646
0.0,5.8,6.739185299767572,360,1.0,5.0,3,54,1647
0.0,5.3,6.854070785647895,360,1.0,5.0,4,54,1648
0.0,5.0,7.03682720163547,360,1.0,4.0,5,54,1649
0.0,4.1,7.2749999999999995,360,1.0,5.0,6,54,1650
0.0,4.2,7.552358098132101,360,1.0,4.0,7,54,1651
78.55555555555554,4.5,7.85,360,1.0,4.0,8,54,1652
246.8888888888889,5.1,8.147641901867898,360,1.0,4.0,9,54,1653
628.4444444444443,5.9,8.424999999999999,360,1.0,5.0,10,54,1654
976.3333333333333,8.2,8.66317279836453,360,0.95,5.0,11,54,1655
1122.2222222222222,10.1,8.845929214352104,360,0.83,6.0,12,54,1656
1167.111111111111,11.0,8.960814700232428,360,0.78,7.0,13,54,1657
774.3333333333333,11.8,9.0,360,0.77,5.0,14,54,1658
695.7777777777778,12.2,8.960814700232428,360,0.73,6.0,15,54,1659
415.2222222222223,12.1,8.845929214352104,360,0.7,5.0,16,54,1660
213.22222222222223,11.3,8.66317279836453,360,0.75,4.0,17,54,1661
22.444444444444443,9.4,8.424999999999999,360,0.84,2.0,18,54,1662
0.0,8.9,8.147641901867898,360,0.85,2.0,19,54,1663
0.0,7.9,7.85,360,0.89,2.0,20,54,1664
0.0,7.0,7.552358098132101,360,0.92,2.0,21,54,1665
0.0,6.2,7.275,360,0.93,1.0,22,54,1666
0.0,6.6,7.03682720163547,360,0.86,2.0,23,54,1667
0.0,8.6,6.854070785647895,360,0.73,6.0,24,54,1668
0.0,8.5,6.839185299767571,360,0.71,8.0,1,55,1669
0.0,8.3,6.799999999999999,360,0.69,9.0,2,55,1670
0.0,7.8,6.839185299767571,360,0.71,8.0,3,55,1671
0.0,7.3,6.954070785647895,360,0.74,9.0,4,55,1672
0.0,7.5,7.1368272016354695,360,0.74,10.0,5,55,1673
0.0,7.6,7.374999999999999,360,0.75,10.0,6,55,1674
11.222222222222221,7.9,7.6523580981321,360,0.75,9.0,7,55,1675
202.0,9.3,7.949999999999999,360,0.71,12.0,8,55,1676
269.33333333333337,9.4,8.247641901867897,360,0.73,11.0,9,55,1677
673.3333333333333,10.9,8.524999999999999,360,0.67,10.0,10,55,1678
875.3333333333334,12.6,8.76317279836453,360,0.65,10.0,11,55,1679
1133.4444444444443,14.4,8.945929214352104,360,0.54,10.0,12,55,1680
1155.888888888889,15.0,9.060814700232427,360,0.48,11.0,13,55,1681
1066.1111111111113,15.1,9.1,360,0.45,11.0,14,55,1682
852.8888888888889,15.3,9.060814700232427,360,0.49,9.0,15,55,1683
594.7777777777778,15.1,8.945929214352104,360,0.46,8.0,16,55,1684
258.11111111111114,13.7,8.76317279836453,360,0.54,6.0,17,55,1685
11.222222222222221,12.1,8.524999999999999,360,0.65,4.0,18,55,1686
0.0,12.3,8.247641901867897,360,0.63,4.0,19,55,1687
0.0,11.9,7.949999999999999,360,0.62,6.0,20,55,1688
0.0,11.3,7.6523580981321,360,0.68,6.0,21,55,1689
0.0,11.1,7.375,360,0.65,8.0,22,55,1690
0.0,10.2,7.1368272016354695,360,0.86,9.0,23,55,1691
0.0,9.6,6.954070785647895,360,1.0,7.0,24,55,1692
0.0,9.5,8.310222252113281,360,1.0,8.0,1,56,1693
0.0,9.2,8.3,360,1.0,7.0,2,56,1694
0.0,9.0,8.310222252113281,360,0.98,7.0,3,56,1695
0.0,8.8,8.34019237886467,360,0.94,9.0,4,56,1696
0.0,8.3,8.387867965644038,360,1.0,7.0,5,56,1697
0.0,8.6,8.450000000000001,360,0.99,12.0,6,56,1698
0.0,8.6,8.522354286469245,360,0.98,9.0,7,56,1699
33.66666666666667,8.3,8.600000000000001,360,1.0,10.0,8,56,1700
190.77777777777777,8.8,8.677645713530758,360,1.0,9.0,9,56,1701
179.55555555555554,8.8,8.750000000000002,360,1.0,10.0,10,56,1702
549.8888888888889,9.7,8.812132034355965,360,0.88,8.0,11,56,1703
235.66666666666669,9.0,8.859807621135333,360,0.96,11.0,12,56,1704
347.8888888888889,9.5,8.889777747886722,360,0.87,9.0,13,56,1705
269.33333333333337,8.7,8.900000000000002,360,0.92,10.0,14,56,1706
112.22222222222223,8.3,8.889777747886722,360,0.86,10.0,15,56,1707
67.33333333333334,7.4,8.859807621135333,360,0.92,10.0,16,56,1708
101.0,7.4,8.812132034355965,360,0.97,10.0,17,56,1709
11.222222222222221,6.7,8.750000000000002,360,1.0,8.0,18,56,1710
0.0,6.1,8.677645713530758,360,1.0,8.0,19,56,1711
0.0,5.8,8.600000000000001,360,1.0,6.0,20,56,1712
0.0,5.4,8.522354286469245,360,1.0,4.0,21,56,1713
0.0,5.0,8.450000000000001,360,1.0,6.0,22,56,1714
0.0,4.7,8.387867965644038,360,1.0,8.0,23,56,1715
0.0,4.1,8.34019237886467,360,1.0,4.0,24,56,1716
0.0,3.7,6.839185299767571,360,1.0,4.0,1,57,1717
0.0,4.0,6.799999999999999,360,1.0,6.0,2,57,1718
0.0,4.4,6.839185299767571,360,1.0,5.0,3,57,1719
0.0,3.5,6.954070785647895,360,1.0,4.0,4,57,1720
0.0,4.1,7.1368272016354695,360,1.0,6.0,5,57,1721
0.0,3.9,7.374999999999999,360,1.0,6.0,6,57,1722
11.222222222222221,4.0,7.6523580981321,360,1.0,5.0,7,57,1723
89.77777777777777,4.7,7.949999999999999,360,1.0,4.0,8,57,1724
246.8888888888889,5.4,8.247641901867897,360,1.0,4.0,9,57,1725
549.8888888888889,7.0,8.524999999999999,360,1.0,4.0,10,57,1726
796.7777777777777,8.7,8.76317279836453,360,0.78,4.0,11,57,1727
1043.6666666666665,9.9,8.945929214352104,360,0.69,4.0,12,57,1728
819.2222222222222,10.4,9.060814700232427,360,0.67,4.0,13,57,1729
785.5555555555557,10.9,9.1,360,0.56,4.0,14,57,1730
572.3333333333333,11.4,9.060814700232427,360,0.51,6.0,15,57,1731
740.6666666666667,10.4,8.945929214352104,360,0.69,8.0,16,57,1732
269.33333333333337,10.1,8.76317279836453,360,0.66,6.0,17,57,1733
33.66666666666667,7.6,8.524999999999999,360,0.82,6.0,18,57,1734
0.0,6.7,8.247641901867897,360,0.89,4.0,19,57,1735
0.0,5.7,7.949999999999999,360,0.96,4.0,20,57,1736
0.0,5.0,7.6523580981321,360,1.0,4.0,21,57,1737
0.0,4.9,7.375,360,1.0,4.0,22,57,1738
0.0,4.3,7.1368272016354695,360,1.0,4.0,23,57,1739
0.0,4.1,6.954070785647895,360,1.0,4.0,24,57,1740
0.0,3.8,7.025555630283199,360,1.0,4.0,1,58,1741
0.0,3.6,7.0,360,1.0,6.0,2,58,1742
0.0,4.0,7.025555630283199,360,1.0,6.0,3,58,1743
0.0,4.6,7.100480947161671,360,1.0,6.0,4,58,1744
0.0,5.0,7.219669914110089,360,1.0,6.0,5,58,1745
0.0,5.1,7.375,360,1.0,7.0,6,58,1746
11.222222222222221,5.2,7.555885716173109,360,1.0,9.0,7,58,1747
33.66666666666667,5.5,7.75,360,1.0,10.0,8,58,1748
78.55555555555554,6.0,7.944114283826891,360,1.0,12.0,9,58,1749
101.0,6.0,8.125,360,1.0,13.0,10,58,1750
246.8888888888889,6.6,8.280330085889911,360,1.0,14.0,11,58,1751
505.0,9.1,8.399519052838329,360,1.0,9.0,12,58,1752
673.3333333333333,11.5,8.474444369716801,360,0.75,8.0,13,58,1753
1021.2222222222222,12.2,8.5,360,0.71,12.0,14,58,1754
718.2222222222222,11.3,8.474444369716801,360,0.65,10.0,15,58,1755
359.1111111111111,10.5,8.399519052838329,360,0.67,12.0,16,58,1756
134.66666666666669,9.8,8.280330085889911,360,0.79,12.0,17,58,1757
22.444444444444443,8.6,8.125,360,0.92,11.0,18,58,1758
0.0,7.9,7.944114283826891,360,1.0,9.0,19,58,1759
0.0,7.5,7.75,360,1.0,8.0,20,58,1760
0.0,7.1,7.555885716173109,360,1.0,8.0,21,58,1761
0.0,7.0,7.375,360,1.0,9.0,22,58,1762
0.0,7.2,7.2196699141100895,360,1.0,5.0,23,58,1763
0.0,7.4,7.100480947161671,360,1.0,8.0,24,58,1764
0.0,8.4,7.515333378169919,360,1.0,9.0,1,59,1765
0.0,7.9,7.5,360,1.0,9.0,2,59,1766
0.0,8.0,7.515333378169919,360,1.0,10.0,3,59,1767
0.0,8.0,7.560288568297002,360,1.0,9.0,4,59,1768
0.0,8.2,7.6318019484660535,360,1.0,12.0,5,59,1769
0.0,4.2,7.725,360,1.0,10.0,6,59,1770
0.0,4.3,7.833531429703866,360,1.0,6.0,7,59,1771
67.33333333333334,4.5,7.95,360,1.0,7.0,8,59,1772
202.0,5.6,8.066468570296134,360,0.98,8.0,9,59,1773
751.8888888888888,7.7,8.175,360,0.85,8.0,10,59,1774
673.3333333333333,6.7,8.268198051533947,360,0.84,15.0,11,59,1775
909.0,8.0,8.339711431702998,360,0.74,13.0,12,59,1776
718.2222222222222,8.3,8.384666621830082,360,0.75,15.0,13,59,1777
370.33333333333337,6.1,8.4,360,0.9,17.0,14,59,1778
549.8888888888889,7.7,8.384666621830082,360,0.87,15.0,15,59,1779
291.77777777777777,7.7,8.339711431702998,360,0.85,13.0,16,59,1780
224.44444444444446,7.5,8.268198051533947,360,0.79,11.0,17,59,1781
33.66666666666667,6.9,8.175,360,0.81,11.0,18,59,1782
0.0,6.7,8.066468570296134,360,0.79,9.0,19,59,1783
0.0,6.0,7.95,360,0.86,10.0,20,59,1784
0.0,5.9,7.833531429703866,360,0.85,11.0,21,59,1785
0.0,5.7,7.7250000000000005,360,0.86,8.0,22,59,1786
0.0,5.1,7.6318019484660535,360,0.88,8.0,23,59,1787
0.0,4.7,7.560288568297002,360,0.9,8.0,24,59,1788
0.0,4.4,6.247703843195304,360,0.9,8.0,1,61,1789
0.0,3.8,6.199999999999999,360,0.94,6.0,2,61,1790
0.0,3.5,6.247703843195304,360,0.96,6.0,3,61,1791
0.0,2.8,6.387564434701785,360,0.99,5.0,4,61,1792
0.0,2.1,6.610050506338832,360,1.0,4.0,5,61,1793
0.0,1.1,6.899999999999999,360,1.0,4.0,6,61,1794
11.222222222222221,1.0,7.237653336856471,360,1.0,4.0,7,61,1795
213.22222222222223,2.6,7.6,360,1.0,4.0,8,61,1796
538.6666666666667,5.2,7.962346663143529,360,0.94,3.0,9,61,1797
774.3333333333333,6.5,8.299999999999999,360,0.81,4.0,10,61,1798
707.0000000000001,7.5,8.589949493661166,360,0.76,4.0,11,61,1799
931.4444444444445,8.4,8.812435565298214,360,0.63,4.0,12,61,1800
1088.5555555555557,8.9,8.952296156804696,360,0.54,5.0,13,61,1801
1032.4444444444446,9.2,9.0,360,0.51,4.0,14,61,1802
864.1111111111111,9.5,8.952296156804696,360,0.47,5.0,15,61,1803
426.44444444444446,9.3,8.812435565298214,360,0.52,3.0,16,61,1804
269.33333333333337,8.9,8.589949493661166,360,0.56,2.0,17,61,1805
44.888888888888886,6.2,8.299999999999999,360,0.81,1.0,18,61,1806
0.0,4.0,7.962346663143529,360,0.98,0.0,19,61,1807
0.0,2.9,7.6,360,1.0,1.0,20,61,1808
0.0,1.8,7.237653336856471,360,1.0,0.0,21,61,1809
0.0,2.3,6.9,360,0.99,1.0,22,61,1810
0.0,1.8,6.610050506338833,360,1.0,1.0,23,61,1811
0.0,1.1,6.387564434701785,360,0.99,1.0,24,61,1812
0.0,0.2,5.439185299767573,360,1.0,0.0,1,62,1813
0.0,0.0,5.4,360,1.0,0.0,2,62,1814
0.0,-0.3,5.439185299767573,360,1.0,0.0,3,62,1815
0.0,-0.4,5.554070785647896,360,1.0,1.0,4,62,1816
0.0,-0.9,5.736827201635471,360,1.0,1.0,5,62,1817
0.0,-1.9,5.9750000000000005,360,1.0,1.0,6,62,1818
22.444444444444443,-1.1,6.252358098132102,360,1.0,1.0,7,62,1819
336.66666666666663,3.4,6.550000000000001,360,1.0,1.0,8,62,1820
549.8888888888889,6.4,6.8476419018679,360,0.77,4.0,9,62,1821
852.8888888888889,7.7,7.125000000000001,360,0.71,6.0,10,62,1822
1010.0,9.0,7.3631727983645305,360,0.67,7.0,11,62,1823
1144.6666666666665,9.8,7.545929214352105,360,0.65,8.0,12,62,1824
875.3333333333334,9.4,7.660814700232429,360,0.59,8.0,13,62,1825
549.8888888888889,9.5,7.700000000000001,360,0.63,8.0,14,62,1826
437.6666666666667,9.7,7.660814700232429,360,0.59,8.0,15,62,1827
235.66666666666669,9.1,7.545929214352105,360,0.63,8.0,16,62,1828
56.111111111111114,8.7,7.3631727983645305,360,0.68,9.0,17,62,1829
22.444444444444443,8.5,7.125000000000001,360,0.74,10.0,18,62,1830
0.0,7.6,6.8476419018679,360,0.94,8.0,19,62,1831
0.0,7.1,6.550000000000001,360,1.0,10.0,20,62,1832
0.0,7.5,6.252358098132102,360,1.0,10.0,21,62,1833
0.0,7.8,5.975000000000001,360,1.0,11.0,22,62,1834
0.0,7.2,5.736827201635471,360,1.0,7.0,23,62,1835
0.0,7.1,5.554070785647896,360,1.0,10.0,24,62,1836
0.0,5.7,6.611925960798826,360,0.98,12.0,1,63,1837
0.0,4.9,6.6,360,1.0,9.0,2,63,1838
0.0,4.8,6.611925960798826,360,0.96,8.0,3,63,1839
0.0,4.6,6.646891108675446,360,0.99,8.0,4,63,1840
0.0,5.2,6.702512626584707,360,0.92,9.0,5,63,1841
0.0,4.7,6.7749999999999995,360,0.98,7.0,6,63,1842
11.222222222222221,4.4,6.859413334214117,360,1.0,6.0,7,63,1843
235.66666666666669,5.8,6.949999999999999,360,0.96,6.0,8,63,1844
213.22222222222223,5.9,7.040586665785882,360,0.96,8.0,9,63,1845
314.2222222222222,6.1,7.124999999999999,360,1.0,13.0,10,63,1846
145.88888888888889,6.5,7.197487373415291,360,1.0,9.0,11,63,1847
202.0,5.9,7.253108891324553,360,1.0,16.0,12,63,1848
493.7777777777778,7.2,7.288074039201173,360,0.94,8.0,13,63,1849
179.55555555555554,5.9,7.299999999999999,360,0.91,11.0,14,63,1850
538.6666666666667,7.3,7.288074039201173,360,0.83,12.0,15,63,1851
606.0,8.0,7.253108891324553,360,0.84,12.0,16,63,1852
101.0,4.8,7.197487373415291,360,0.97,9.0,17,63,1853
33.66666666666667,5.2,7.124999999999999,360,0.93,7.0,18,63,1854
0.0,5.2,7.040586665785882,360,0.91,7.0,19,63,1855
0.0,4.6,6.949999999999999,360,0.96,5.0,20,63,1856
0.0,4.2,6.859413334214117,360,0.96,6.0,21,63,1857
0.0,4.1,6.7749999999999995,360,0.99,6.0,22,63,1858
0.0,4.7,6.702512626584707,360,0.97,7.0,23,63,1859
0.0,4.7,6.646891108675446,360,0.99,6.0,24,63,1860
0.0,5.1,6.335777882396478,360,1.0,6.0,1,64,1861
0.0,5.7,6.299999999999999,360,0.89,8.0,2,64,1862
0.0,5.6,6.335777882396478,360,0.92,8.0,3,64,1863
0.0,5.5,6.440673326026339,360,0.96,6.0,4,64,1864
0.0,5.5,6.607537879754124,360,0.97,6.0,5,64,1865
0.0,5.6,6.824999999999999,360,0.98,5.0,6,64,1866
11.222222222222221,5.1,7.078240002642353,360,0.98,5.0,7,64,1867
157.1111111111111,5.7,7.35,360,0.92,4.0,8,64,1868
561.1111111111111,7.2,7.621759997357646,360,0.85,4.0,9,64,1869
864.1111111111111,8.5,7.875,360,0.75,4.0,10,64,1870
1122.2222222222222,9.7,8.092462120245875,360,0.59,5.0,11,64,1871
942.6666666666667,10.4,8.25932667397366,360,0.56,5.0,12,64,1872
751.8888888888888,10.2,8.364222117603521,360,0.59,4.0,13,64,1873
628.4444444444443,10.4,8.4,360,0.59,8.0,14,64,1874
493.7777777777778,10.4,8.364222117603521,360,0.61,5.0,15,64,1875
314.2222222222222,10.0,8.25932667397366,360,0.68,6.0,16,64,1876
123.44444444444446,9.2,8.092462120245875,360,0.77,5.0,17,64,1877
22.444444444444443,8.2,7.875,360,0.77,5.0,18,64,1878
0.0,7.6,7.621759997357646,360,0.82,3.0,19,64,1879
0.0,7.2,7.35,360,0.92,2.0,20,64,1880
0.0,6.9,7.078240002642353,360,0.81,4.0,21,64,1881
0.0,6.6,6.824999999999999,360,0.96,4.0,22,64,1882
0.0,6.1,6.607537879754124,360,1.0,3.0,23,64,1883
0.0,6.1,6.440673326026339,360,1.0,3.0,24,64,1884
0.0,5.6,6.742592717138664,360,1.0,3.0,1,65,1885
0.0,4.9,6.699999999999999,360,1.0,2.0,2,65,1886
0.0,5.0,6.742592717138664,360,1.0,2.0,3,65,1887
0.0,4.6,6.8674682452694515,360,1.0,2.0,4,65,1888
0.0,3.7,7.066116523516815,360,1.0,2.0,5,65,1889
0.0,2.7,7.324999999999999,360,1.0,1.0,6,65,1890
22.444444444444443,3.4,7.626476193621849,360,1.0,2.0,7,65,1891
224.44444444444446,5.7,7.949999999999999,360,1.0,4.0,8,65,1892
493.7777777777778,7.7,8.27352380637815,360,0.92,4.0,9,65,1893
886.5555555555555,9.7,8.575,360,0.8,4.0,10,65,1894
1133.4444444444443,11.1,8.833883476483184,360,0.64,5.0,11,65,1895
1290.5555555555554,11.9,9.032531754730547,360,0.55,5.0,12,65,1896
1088.5555555555557,12.4,9.157407282861334,360,0.51,6.0,13,65,1897
1155.888888888889,13.0,9.2,360,0.5,6.0,14,65,1898
976.3333333333333,12.9,9.157407282861334,360,0.51,6.0,15,65,1899
707.0000000000001,12.4,9.032531754730547,360,0.49,6.0,16,65,1900
370.33333333333337,11.4,8.833883476483184,360,0.52,6.0,17,65,1901
67.33333333333334,8.1,8.575,360,0.67,4.0,18,65,1902
0.0,7.3,8.27352380637815,360,0.69,1.0,19,65,1903
0.0,5.5,7.949999999999999,360,0.89,0.0,20,65,1904
0.0,5.5,7.626476193621849,360,0.84,0.0,21,65,1905
0.0,4.9,7.324999999999999,360,0.88,0.0,22,65,1906
0.0,3.7,7.066116523516815,360,0.94,1.0,23,65,1907
0.0,4.0,6.8674682452694515,360,0.95,0.0,24,65,1908
0.0,2.8,6.046000134509757,360,0.98,1.0,1,66,1909
0.0,1.7,6.0,360,1.0,1.0,2,66,1910
0.0,1.7,6.046000134509757,360,1.0,1.0,3,66,1911
0.0,1.9,6.180865704891008,360,1.0,1.0,4,66,1912
0.0,1.9,6.395405845398161,360,1.0,0.0,5,66,1913
0.0,2.0,6.674999999999999,360,1.0,1.0,6,66,1914
22.444444444444443,2.9,7.000594289111596,360,1.0,2.0,7,66,1915
258.11111111111114,4.2,7.35,360,1.0,2.0,8,66,1916
583.5555555555555,7.7,7.699405710888403,360,0.81,2.0,9,66,1917
897.7777777777778,9.8,8.025,360,0.69,4.0,10,66,1918
1111.0,10.9,8.304594154601839,360,0.57,5.0,11,66,1919
1245.6666666666665,12.1,8.51913429510899,360,0.46,6.0,12,66,1920
1279.3333333333335,12.7,8.653999865490242,360,0.44,6.0,13,66,1921
1189.5555555555557,13.2,8.7,360,0.47,6.0,14,66,1922
998.7777777777778,13.3,8.653999865490242,360,0.47,6.0,15,66,1923
695.7777777777778,13.0,8.51913429510899,360,0.45,6.0,16,66,1924
370.33333333333337,12.2,8.304594154601839,360,0.48,6.0,17,66,1925
78.55555555555554,8.9,8.025,360,0.63,4.0,18,66,1926
0.0,8.7,7.699405710888403,360,0.58,1.0,19,66,1927
0.0,8.1,7.35,360,0.62,1.0,20,66,1928
0.0,7.9,7.000594289111596,360,0.61,2.0,21,66,1929
0.0,7.3,6.675,360,0.63,2.0,22,66,1930
0.0,6.3,6.395405845398161,360,0.67,2.0,23,66,1931
0.0,5.7,6.180865704891008,360,0.67,2.0,24,66,1932
0.0,5.5,5.763037221365225,360,0.69,2.0,1,67,1933
0.0,3.6,5.700000000000001,360,0.8,2.0,2,67,1934
0.0,2.5,5.763037221365225,360,0.92,0.0,3,67,1935
0.0,1.5,5.947853002998789,360,0.99,0.0,4,67,1936
0.0,1.3,6.241852454804887,360,1.0,0.0,5,67,1937
0.0,0.8,6.625,360,1.0,1.0,6,67,1938
22.444444444444443,1.3,7.071184766560338,360,1.0,1.0,7,67,1939
280.55555555555554,4.5,7.550000000000001,360,0.93,1.0,8,67,1940
549.8888888888889,8.4,8.028815233439664,360,0.7,2.0,9,67,1941
886.5555555555555,11.2,8.475000000000001,360,0.48,3.0,10,67,1942
1155.888888888889,13.2,8.858147545195113,360,0.48,2.0,11,67,1943
1279.3333333333335,14.4,9.152146997001212,360,0.44,2.0,12,67,1944
1268.1111111111113,15.0,9.336962778634778,360,0.42,4.0,13,67,1945
1200.7777777777778,16.3,9.4,360,0.34,4.0,14,67,1946
942.6666666666667,15.6,9.336962778634778,360,0.4,4.0,15,67,1947
606.0,15.6,9.152146997001212,360,0.39,3.0,16,67,1948
291.77777777777777,13.7,8.858147545195113,360,0.44,2.0,17,67,1949
78.55555555555554,12.7,8.475000000000001,360,0.39,2.0,18,67,1950
0.0,11.6,8.028815233439664,360,0.44,2.0,19,67,1951
0.0,7.7,7.550000000000001,360,0.71,2.0,20,67,1952
0.0,7.8,7.071184766560338,360,0.61,0.0,21,67,1953
0.0,7.3,6.625000000000001,360,0.63,1.0,22,67,1954
0.0,7.5,6.241852454804888,360,0.61,2.0,23,67,1955
0.0,7.0,5.947853002998789,360,0.65,2.0,24,67,1956
0.0,6.5,6.561333512679678,360,0.69,2.0,1,68,1957
0.0,5.4,6.500000000000001,360,0.74,3.0,2,68,1958
0.0,5.2,6.561333512679678,360,0.75,3.0,3,68,1959
0.0,4.8,6.741154273188011,360,0.76,2.0,4,68,1960
0.0,4.8,7.027207793864214,360,0.77,2.0,5,68,1961
0.0,4.8,7.4,360,0.78,2.0,6,68,1962
22.444444444444443,5.4,7.834125718815463,360,0.75,3.0,7,68,1963
280.55555555555554,7.8,8.3,360,0.7,2.0,8,68,1964
617.2222222222222,9.7,8.765874281184537,360,0.61,2.0,9,68,1965
942.6666666666667,11.8,9.200000000000001,360,0.58,3.0,10,68,1966
1178.3333333333335,13.9,9.572792206135786,360,0.53,4.0,11,68,1967
1313.0,15.6,9.85884572681199,360,0.43,3.0,12,68,1968
1324.2222222222224,17.3,10.038666487320324,360,0.37,3.0,13,68,1969
1234.4444444444443,17.9,10.100000000000001,360,0.38,2.0,14,68,1970
1043.6666666666665,18.6,10.038666487320324,360,0.38,4.0,15,68,1971
751.8888888888888,19.0,9.85884572681199,360,0.41,2.0,16,68,1972
404.0,17.7,9.572792206135786,360,0.45,2.0,17,68,1973
78.55555555555554,14.1,9.200000000000001,360,0.55,2.0,18,68,1974
0.0,13.9,8.765874281184537,360,0.53,2.0,19,68,1975
0.0,12.5,8.3,360,0.55,3.0,20,68,1976
0.0,10.7,7.834125718815463,360,0.6,2.0,21,68,1977
0.0,9.8,7.400000000000001,360,0.63,2.0,22,68,1978
0.0,9.2,7.027207793864216,360,0.65,1.0,23,68,1979
0.0,10.4,6.741154273188011,360,0.59,4.0,24,68,1980
0.0,8.2,6.9579260953085855,360,0.67,3.0,1,69,1981
0.0,8.4,6.900000000000001,360,0.67,2.0,2,69,1982
0.0,4.8,6.957926095308585,360,0.93,1.0,3,69,1983
0.0,5.4,7.127756813566455,360,0.91,1.0,4,69,1984
0.0,2.5,7.3979184719828694,360,0.95,2.0,5,69,1985
0.0,6.1,7.750000000000001,360,0.65,1.0,6,69,1986
33.66666666666667,9.0,8.160007623325717,360,0.53,6.0,7,69,1987
314.2222222222222,11.2,8.600000000000001,360,0.5,6.0,8,69,1988
662.1111111111112,14.0,9.039992376674286,360,0.43,7.0,9,69,1989
998.7777777777778,16.3,9.450000000000001,360,0.36,8.0,10,69,1990
1223.2222222222222,17.8,9.802081528017133,360,0.34,8.0,11,69,1991
1357.8888888888891,19.1,10.072243186433548,360,0.31,7.0,12,69,1992
1391.5555555555557,19.3,10.242073904691418,360,0.28,9.0,13,69,1993
1279.3333333333335,19.7,10.3,360,0.31,8.0,14,69,1994
1066.1111111111113,19.6,10.242073904691418,360,0.33,4.0,15,69,1995
763.1111111111111,19.6,10.072243186433548,360,0.37,4.0,16,69,1996
415.2222222222223,18.5,9.802081528017133,360,0.33,3.0,17,69,1997
89.77777777777777,14.9,9.450000000000001,360,0.61,2.0,18,69,1998
0.0,11.9,9.039992376674286,360,0.54,1.0,19,69,1999
0.0,10.3,8.600000000000001,360,0.58,1.0,20,69,2000
0.0,9.2,8.160007623325717,360,0.64,1.0,21,69,2001
0.0,8.3,7.750000000000002,360,0.64,2.0,22,69,2002
0.0,7.2,7.39791847198287,360,0.75,1.0,23,69,2003
0.0,6.4,7.127756813566456,360,0.85,0.0,24,69,2004
0.0,5.3,7.057926095308583,360,0.91,2.0,1,70,2005
0.0,5.0,6.999999999999999,360,0.88,1.0,2,70,2006
0.0,4.2,7.0579260953085825,360,0.9,0.0,3,70,2007
0.0,3.7,7.227756813566453,360,0.92,0.0,4,70,2008
0.0,3.4,7.497918471982867,360,0.94,1.0,5,70,2009
0.0,2.8,7.849999999999999,360,0.97,1.0,6,70,2010
33.66666666666667,3.9,8.260007623325714,360,0.91,0.0,7,70,2011
314.2222222222222,9.5,8.7,360,0.69,1.0,8,70,2012
650.8888888888889,11.8,9.139992376674284,360,0.7,2.0,9,70,2013
976.3333333333333,15.5,9.549999999999999,360,0.51,3.0,10,70,2014
1212.0,17.6,9.902081528017131,360,0.45,5.0,11,70,2015
1335.4444444444443,18.5,10.172243186433546,360,0.38,6.0,12,70,2016
1346.6666666666665,18.8,10.342073904691416,360,0.41,6.0,13,70,2017
1245.6666666666665,19.4,10.399999999999999,360,0.37,6.0,14,70,2018
1054.888888888889,19.3,10.342073904691416,360,0.36,7.0,15,70,2019
751.8888888888888,18.9,10.172243186433546,360,0.38,6.0,16,70,2020
404.0,17.4,9.902081528017131,360,0.43,6.0,17,70,2021
89.77777777777777,13.1,9.549999999999999,360,0.52,4.0,18,70,2022
0.0,12.2,9.139992376674284,360,0.55,2.0,19,70,2023
0.0,10.6,8.7,360,0.62,2.0,20,70,2024
0.0,9.8,8.260007623325714,360,0.64,2.0,21,70,2025
0.0,10.1,7.85,360,0.63,3.0,22,70,2026
0.0,9.9,7.497918471982868,360,0.66,4.0,23,70,2027
0.0,8.6,7.227756813566454,360,0.74,4.0,24,70,2028
0.0,7.9,8.040889008453117,360,0.8,4.0,1,71,2029
0.0,7.9,7.999999999999999,360,0.86,4.0,2,71,2030
0.0,7.7,8.040889008453117,360,0.93,4.0,3,71,2031
0.0,7.7,8.160769515458673,360,1.0,6.0,4,71,2032
0.0,7.3,8.351471862576142,360,1.0,6.0,5,71,2033
0.0,6.1,8.599999999999998,360,1.0,7.0,6,71,2034
22.444444444444443,6.3,8.889417145876974,360,1.0,6.0,7,71,2035
235.66666666666669,6.8,9.2,360,1.0,8.0,8,71,2036
572.3333333333333,8.4,9.510582854123024,360,0.99,8.0,9,71,2037
886.5555555555555,9.9,9.799999999999999,360,0.86,7.0,10,71,2038
1133.4444444444443,11.3,10.048528137423856,360,0.81,7.0,11,71,2039
1268.1111111111113,12.7,10.239230484541325,360,0.73,8.0,12,71,2040
1313.0,14.4,10.359110991546881,360,0.67,8.0,13,71,2041
1223.2222222222222,15.2,10.399999999999999,360,0.56,9.0,14,71,2042
987.5555555555557,15.5,10.359110991546881,360,0.59,8.0,15,71,2043
707.0000000000001,15.9,10.239230484541325,360,0.58,8.0,16,71,2044
392.7777777777778,14.2,10.048528137423856,360,0.62,9.0,17,71,2045
56.111111111111114,12.6,9.799999999999999,360,0.73,6.0,18,71,2046
0.0,11.0,9.510582854123024,360,0.85,5.0,19,71,2047
0.0,10.6,9.2,360,0.84,4.0,20,71,2048
0.0,9.8,8.889417145876974,360,0.88,3.0,21,71,2049
0.0,8.0,8.6,360,0.96,2.0,22,71,2050
0.0,8.0,8.351471862576142,360,0.99,2.0,23,71,2051
0.0,7.4,8.160769515458673,360,1.0,2.0,24,71,2052
0.0,7.3,7.859629803994131,360,1.0,2.0,1,72,2053
0.0,7.0,7.800000000000001,360,1.0,2.0,2,72,2054
0.0,6.1,7.859629803994131,360,1.0,2.0,3,72,2055
0.0,5.5,8.034455543377232,360,1.0,1.0,4,72,2056
0.0,4.8,8.312563132923541,360,1.0,2.0,5,72,2057
0.0,3.6,8.674999999999999,360,1.0,1.0,6,72,2058
33.66666666666667,3.6,9.09706667107059,360,1.0,1.0,7,72,2059
246.8888888888889,6.1,9.55,360,1.0,2.0,8,72,2060
594.7777777777778,9.1,10.002933328929412,360,1.0,2.0,9,72,2061
909.0,11.3,10.425,360,0.83,3.0,10,72,2062
1133.4444444444443,13.7,10.78743686707646,360,0.71,3.0,11,72,2063
1268.1111111111113,15.1,11.065544456622769,360,0.64,4.0,12,72,2064
1279.3333333333335,16.2,11.24037019600587,360,0.57,5.0,13,72,2065
1178.3333333333335,16.9,11.3,360,0.55,6.0,14,72,2066
953.8888888888889,17.2,11.24037019600587,360,0.59,4.0,15,72,2067
639.6666666666667,17.0,11.065544456622769,360,0.59,4.0,16,72,2068
336.66666666666663,15.9,10.78743686707646,360,0.67,4.0,17,72,2069
78.55555555555554,13.9,10.425,360,0.76,2.0,18,72,2070
0.0,10.3,10.002933328929412,360,1.0,0.0,19,72,2071
0.0,8.8,9.55,360,1.0,0.0,20,72,2072
0.0,8.1,9.09706667107059,360,1.0,0.0,21,72,2073
0.0,7.0,8.675,360,1.0,0.0,22,72,2074
0.0,6.9,8.312563132923543,360,1.0,0.0,23,72,2075
0.0,6.4,8.034455543377232,360,1.0,2.0,24,72,2076
0.0,6.1,8.061333512679678,360,1.0,0.0,1,73,2077
0.0,5.6,8.0,360,1.0,0.0,2,73,2078
0.0,5.2,8.061333512679678,360,1.0,0.0,3,73,2079
0.0,4.7,8.24115427318801,360,1.0,0.0,4,73,2080
0.0,3.8,8.527207793864214,360,1.0,1.0,5,73,2081
0.0,4.4,8.9,360,1.0,2.0,6,73,2082
33.66666666666667,3.2,9.334125718815464,360,1.0,0.0,7,73,2083
269.33333333333337,8.2,9.8,360,1.0,0.0,8,73,2084
639.6666666666667,12.6,10.265874281184537,360,0.59,2.0,9,73,2085
953.8888888888889,14.3,10.700000000000001,360,0.48,2.0,10,73,2086
1189.5555555555557,16.2,11.072792206135786,360,0.45,2.0,11,73,2087
1324.2222222222224,17.7,11.35884572681199,360,0.33,2.0,12,73,2088
1335.4444444444443,18.0,11.538666487320324,360,0.37,3.0,13,73,2089
1245.6666666666665,18.1,11.600000000000001,360,0.37,4.0,14,73,2090
1032.4444444444446,18.5,11.538666487320324,360,0.32,3.0,15,73,2091
729.4444444444443,18.4,11.35884572681199,360,0.36,2.0,16,73,2092
392.7777777777778,16.0,11.072792206135786,360,0.54,4.0,17,73,2093
101.0,13.2,10.700000000000001,360,0.58,2.0,18,73,2094
0.0,13.5,10.265874281184537,360,0.53,2.0,19,73,2095
0.0,9.2,9.8,360,0.83,0.0,20,73,2096
0.0,9.3,9.334125718815464,360,0.73,0.0,21,73,2097
0.0,8.2,8.900000000000002,360,0.79,0.0,22,73,2098
0.0,9.0,8.527207793864216,360,0.75,2.0,23,73,2099
0.0,9.5,8.24115427318801,360,0.68,2.0,24,73,2100
0.0,9.0,8.457926095308585,360,0.7,2.0,1,74,2101
0.0,8.5,8.400000000000002,360,0.73,2.0,2,74,2102
0.0,7.7,8.457926095308585,360,0.77,2.0,3,74,2103
0.0,7.5,8.627756813566455,360,0.8,2.0,4,74,2104
0.0,6.5,8.89791847198287,360,0.88,2.0,5,74,2105
0.0,6.8,9.25,360,0.89,1.0,6,74,2106
33.66666666666667,6.5,9.660007623325717,360,0.9,1.0,7,74,2107
291.77777777777777,10.3,10.100000000000001,360,0.83,1.0,8,74,2108
639.6666666666667,12.7,10.539992376674286,360,0.8,2.0,9,74,2109
965.1111111111112,15.5,10.950000000000001,360,0.64,2.0,10,74,2110
1189.5555555555557,17.0,11.302081528017133,360,0.51,2.0,11,74,2111
1301.7777777777778,17.3,11.572243186433548,360,0.45,5.0,12,74,2112
1335.4444444444443,17.9,11.742073904691418,360,0.4,4.0,13,74,2113
1234.4444444444443,18.3,11.8,360,0.45,6.0,14,74,2114
1054.888888888889,18.5,11.742073904691418,360,0.36,6.0,15,74,2115
740.6666666666667,18.2,11.572243186433548,360,0.39,4.0,16,74,2116
415.2222222222223,17.1,11.302081528017133,360,0.39,4.0,17,74,2117
101.0,15.4,10.950000000000001,360,0.49,3.0,18,74,2118
0.0,14.0,10.539992376674286,360,0.58,2.0,19,74,2119
0.0,12.4,10.100000000000001,360,0.68,3.0,20,74,2120
0.0,11.5,9.660007623325717,360,0.75,4.0,21,74,2121
0.0,10.4,9.250000000000002,360,0.76,4.0,22,74,2122
0.0,9.5,8.897918471982871,360,0.82,3.0,23,74,2123
0.0,9.0,8.627756813566455,360,0.83,4.0,24,74,2124
0.0,7.3,9.323851921597653,360,1.0,4.0,1,75,2125
0.0,6.6,9.3,360,1.0,3.0,2,75,2126
0.0,5.8,9.323851921597653,360,1.0,5.0,3,75,2127
0.0,5.3,9.393782217350893,360,1.0,7.0,4,75,2128
0.0,4.9,9.505025253169418,360,1.0,6.0,5,75,2129
0.0,5.3,9.65,360,1.0,6.0,6,75,2130
11.222222222222221,5.0,9.818826668428235,360,1.0,7.0,7,75,2131
78.55555555555554,5.1,10.0,360,1.0,5.0,8,75,2132
145.88888888888889,5.6,10.181173331571765,360,1.0,6.0,9,75,2133
258.11111111111114,6.2,10.35,360,1.0,6.0,10,75,2134
370.33333333333337,7.1,10.494974746830582,360,1.0,6.0,11,75,2135
549.8888888888889,8.2,10.606217782649107,360,0.97,4.0,12,75,2136
628.4444444444443,9.3,10.676148078402347,360,0.9,4.0,13,75,2137
650.8888888888889,10.4,10.7,360,0.87,4.0,14,75,2138
751.8888888888888,12.1,10.676148078402347,360,0.77,3.0,15,75,2139
639.6666666666667,12.5,10.606217782649107,360,0.76,4.0,16,75,2140
370.33333333333337,13.0,10.494974746830582,360,0.81,4.0,17,75,2141
112.22222222222223,10.9,10.35,360,1.0,3.0,18,75,2142
0.0,10.1,10.181173331571765,360,1.0,4.0,19,75,2143
0.0,8.9,10.0,360,1.0,3.0,20,75,2144
0.0,8.5,9.818826668428235,360,1.0,3.0,21,75,2145
0.0,8.1,9.65,360,1.0,3.0,22,75,2146
0.0,7.3,9.505025253169418,360,1.0,4.0,23,75,2147
0.0,6.5,9.393782217350893,360,1.0,3.0,24,75,2148
0.0,6.1,8.854518677937492,360,1.0,5.0,1,76,2149
0.0,5.9,8.8,360,1.0,4.0,2,76,2150
0.0,5.6,8.854518677937492,360,1.0,5.0,3,76,2151
0.0,5.4,9.014359353944899,360,1.0,6.0,4,76,2152
0.0,5.3,9.268629150101525,360,1.0,5.0,5,76,2153
0.0,4.9,9.6,360,1.0,5.0,6,76,2154
56.111111111111114,4.6,9.985889527835967,360,1.0,4.0,7,76,2155
303.0,5.9,10.4,360,1.0,2.0,8,76,2156
707.0000000000001,8.2,10.814110472164034,360,1.0,2.0,9,76,2157
953.8888888888889,8.4,11.200000000000001,360,1.0,4.0,10,76,2158
1256.8888888888887,11.0,11.531370849898476,360,1.0,3.0,11,76,2159
1380.3333333333333,13.1,11.785640646055102,360,0.84,4.0,12,76,2160
1380.3333333333333,14.2,11.94548132206251,360,0.77,6.0,13,76,2161
1301.7777777777778,15.7,12.0,360,0.74,6.0,14,76,2162
1099.7777777777778,16.6,11.94548132206251,360,0.61,8.0,15,76,2163
819.2222222222222,16.8,11.785640646055102,360,0.59,6.0,16,76,2164
460.11111111111114,16.2,11.531370849898476,360,0.59,5.0,17,76,2165
112.22222222222223,13.5,11.200000000000001,360,0.76,4.0,18,76,2166
11.222222222222221,11.7,10.814110472164034,360,0.92,4.0,19,76,2167
0.0,10.6,10.4,360,1.0,4.0,20,76,2168
0.0,9.1,9.985889527835967,360,1.0,4.0,21,76,2169
0.0,8.2,9.600000000000001,360,1.0,3.0,22,76,2170
0.0,7.4,9.268629150101525,360,1.0,2.0,23,76,2171
0.0,7.0,9.014359353944899,360,1.0,3.0,24,76,2172
0.0,5.8,8.957926095308585,360,1.0,3.0,1,77,2173
0.0,4.6,8.900000000000002,360,1.0,2.0,2,77,2174
0.0,3.3,8.957926095308585,360,1.0,2.0,3,77,2175
0.0,2.7,9.127756813566455,360,1.0,2.0,4,77,2176
0.0,2.2,9.39791847198287,360,1.0,2.0,5,77,2177
0.0,2.1,9.75,360,1.0,1.0,6,77,2178
44.888888888888886,2.8,10.160007623325717,360,1.0,0.0,7,77,2179
224.44444444444446,4.7,10.600000000000001,360,1.0,1.0,8,77,2180
426.44444444444446,6.1,11.039992376674286,360,1.0,2.0,9,77,2181
583.5555555555555,8.0,11.450000000000001,360,1.0,2.0,10,77,2182
740.6666666666667,9.7,11.802081528017133,360,1.0,3.0,11,77,2183
1111.0,12.2,12.072243186433548,360,1.0,3.0,12,77,2184
1391.5555555555557,14.4,12.242073904691418,360,0.96,3.0,13,77,2185
1324.2222222222224,16.0,12.3,360,0.84,3.0,14,77,2186
1111.0,16.4,12.242073904691418,360,0.77,4.0,15,77,2187
819.2222222222222,15.8,12.072243186433548,360,0.82,4.0,16,77,2188
471.33333333333337,14.8,11.802081528017133,360,0.87,4.0,17,77,2189
123.44444444444446,12.0,11.450000000000001,360,0.99,3.0,18,77,2190
11.222222222222221,9.4,11.039992376674286,360,1.0,2.0,19,77,2191
0.0,9.5,10.600000000000001,360,1.0,2.0,20,77,2192
0.0,7.8,10.160007623325717,360,1.0,2.0,21,77,2193
0.0,7.2,9.750000000000002,360,1.0,2.0,22,77,2194
0.0,6.8,9.397918471982871,360,1.0,2.0,23,77,2195
0.0,5.5,9.127756813566455,360,1.0,2.0,24,77,2196
0.0,6.4,9.022148212912105,360,1.0,2.0,1,78,2197
0.0,6.1,9.0,360,1.0,3.0,2,78,2198
0.0,5.7,9.022148212912105,360,1.0,3.0,3,78,2199
0.0,4.0,9.087083487540115,360,1.0,2.0,4,78,2200
0.0,3.4,9.190380592228744,360,1.0,1.0,5,78,2201
0.0,2.2,9.325,360,1.0,1.0,6,78,2202
44.888888888888886,3.7,9.481767620683362,360,1.0,2.0,7,78,2203
269.33333333333337,6.3,9.65,360,1.0,5.0,8,78,2204
516.2222222222223,7.3,9.818232379316639,360,1.0,5.0,9,78,2205
482.5555555555556,8.8,9.975000000000001,360,1.0,4.0,10,78,2206
460.11111111111114,9.3,10.109619407771257,360,1.0,4.0,11,78,2207
269.33333333333337,9.5,10.212916512459886,360,1.0,5.0,12,78,2208
213.22222222222223,10.0,10.277851787087895,360,1.0,6.0,13,78,2209
269.33333333333337,10.1,10.3,360,0.8,4.0,14,78,2210
179.55555555555554,10.2,10.277851787087895,360,0.79,4.0,15,78,2211
134.66666666666669,10.3,10.212916512459886,360,0.79,4.0,16,78,2212
112.22222222222223,10.3,10.109619407771257,360,0.8,4.0,17,78,2213
44.888888888888886,10.0,9.975000000000001,360,0.84,4.0,18,78,2214
0.0,9.8,9.818232379316639,360,0.84,2.0,19,78,2215
0.0,9.3,9.65,360,0.89,2.0,20,78,2216
0.0,8.1,9.481767620683362,360,0.95,2.0,21,78,2217
0.0,8.6,9.325000000000001,360,0.92,3.0,22,78,2218
0.0,8.3,9.190380592228744,360,0.94,4.0,23,78,2219
0.0,8.5,9.087083487540115,360,0.94,3.0,24,78,2220
0.0,8.1,8.657926095308584,360,0.97,3.0,1,79,2221
0.0,6.5,8.600000000000001,360,1.0,1.0,2,79,2222
0.0,4.9,8.657926095308584,360,1.0,1.0,3,79,2223
0.0,4.5,8.827756813566454,360,1.0,1.0,4,79,2224
0.0,3.2,9.097918471982869,360,1.0,1.0,5,79,2225
0.0,4.2,9.45,360,1.0,2.0,6,79,2226
44.888888888888886,4.3,9.860007623325716,360,1.0,1.0,7,79,2227
213.22222222222223,5.5,10.3,360,1.0,2.0,8,79,2228
404.0,6.2,10.739992376674286,360,1.0,3.0,9,79,2229
549.8888888888889,7.7,11.15,360,1.0,3.0,10,79,2230
1021.2222222222222,10.8,11.502081528017133,360,0.88,3.0,11,79,2231
1447.6666666666667,13.7,11.772243186433547,360,0.67,3.0,12,79,2232
1414.0000000000002,13.9,11.942073904691417,360,0.63,4.0,13,79,2233
1391.5555555555557,14.5,12.0,360,0.62,4.0,14,79,2234
1122.2222222222222,15.5,11.942073904691417,360,0.61,4.0,15,79,2235
808.0,15.1,11.772243186433547,360,0.58,4.0,16,79,2236
482.5555555555556,14.5,11.502081528017133,360,0.63,4.0,17,79,2237
123.44444444444446,12.5,11.15,360,0.72,3.0,18,79,2238
0.0,11.2,10.739992376674286,360,0.72,2.0,19,79,2239
0.0,9.9,10.3,360,0.78,2.0,20,79,2240
0.0,9.1,9.860007623325716,360,0.81,2.0,21,79,2241
0.0,8.8,9.450000000000001,360,0.83,2.0,22,79,2242
0.0,8.9,9.09791847198287,360,0.82,3.0,23,79,2243
0.0,8.4,8.827756813566454,360,0.82,2.0,24,79,2244
0.0,8.4,8.857926095308585,360,0.82,3.0,1,80,2245
0.0,7.6,8.8,360,0.84,3.0,2,80,2246
0.0,5.8,8.857926095308585,360,0.92,2.0,3,80,2247
0.0,5.8,9.027756813566455,360,0.92,1.0,4,80,2248
0.0,4.4,9.29791847198287,360,0.98,1.0,5,80,2249
0.0,4.8,9.65,360,0.96,2.0,6,80,2250
101.0,8.4,10.060007623325715,360,0.77,7.0,7,80,2251
404.0,9.6,10.5,360,0.74,8.0,8,80,2252
763.1111111111111,12.8,10.939992376674285,360,0.68,7.0,9,80,2253
1088.5555555555557,15.4,11.35,360,0.59,6.0,10,80,2254
1313.0,16.9,11.70208152801713,360,0.52,8.0,11,80,2255
1447.6666666666667,17.1,11.972243186433545,360,0.53,8.0,12,80,2256
1458.8888888888887,18.3,12.142073904691415,360,0.51,9.0,13,80,2257
1335.4444444444443,19.2,12.2,360,0.49,10.0,14,80,2258
1133.4444444444443,19.6,12.142073904691415,360,0.47,9.0,15,80,2259
785.5555555555557,19.3,11.972243186433545,360,0.48,9.0,16,80,2260
471.33333333333337,18.0,11.70208152801713,360,0.53,8.0,17,80,2261
134.66666666666669,15.9,11.35,360,0.63,6.0,18,80,2262
0.0,13.4,10.939992376674285,360,0.71,6.0,19,80,2263
0.0,11.2,10.5,360,0.79,8.0,20,80,2264
0.0,9.7,10.060007623325715,360,0.87,6.0,21,80,2265
0.0,9.3,9.65,360,0.98,7.0,22,80,2266
0.0,8.9,9.29791847198287,360,1.0,6.0,23,80,2267
0.0,9.6,9.027756813566455,360,0.98,8.0,24,80,2268
0.0,10.0,10.618740795541012,360,0.94,8.0,1,81,2269
0.0,9.8,10.599999999999998,360,0.98,6.0,2,81,2270
0.0,9.7,10.618740795541012,360,1.0,6.0,3,81,2271
0.0,9.9,10.673686027918558,360,0.98,7.0,4,81,2272
0.0,9.8,10.761091270347398,360,0.99,6.0,5,81,2273
0.0,10.2,10.874999999999998,360,0.98,8.0,6,81,2274
0.0,10.2,11.007649525193612,360,1.0,7.0,7,81,2275
44.888888888888886,10.7,11.149999999999999,360,1.0,6.0,8,81,2276
44.888888888888886,10.7,11.292350474806385,360,1.0,6.0,9,81,2277
134.66666666666669,10.4,11.424999999999999,360,0.99,6.0,10,81,2278
347.8888888888889,10.4,11.538908729652599,360,0.97,6.0,11,81,2279
493.7777777777778,11.3,11.626313972081439,360,0.86,6.0,12,81,2280
482.5555555555556,11.1,11.681259204458986,360,0.89,6.0,13,81,2281
404.0,11.6,11.7,360,0.88,6.0,14,81,2282
482.5555555555556,12.2,11.681259204458986,360,0.83,7.0,15,81,2283
572.3333333333333,12.8,11.626313972081439,360,0.81,6.0,16,81,2284
224.44444444444446,12.0,11.538908729652599,360,0.81,7.0,17,81,2285
67.33333333333334,11.0,11.424999999999999,360,0.86,7.0,18,81,2286
0.0,10.0,11.292350474806385,360,0.88,5.0,19,81,2287
0.0,9.8,11.149999999999999,360,0.93,3.0,20,81,2288
0.0,9.5,11.007649525193612,360,0.95,5.0,21,81,2289
0.0,9.3,10.874999999999998,360,0.94,6.0,22,81,2290
0.0,9.1,10.761091270347398,360,0.96,6.0,23,81,2291
0.0,8.9,10.673686027918558,360,0.98,6.0,24,81,2292
0.0,8.8,10.122148212912105,360,1.0,7.0,1,82,2293
0.0,8.9,10.1,360,0.92,9.0,2,82,2294
0.0,8.5,10.122148212912105,360,0.95,8.0,3,82,2295
0.0,8.4,10.187083487540114,360,0.93,6.0,4,82,2296
0.0,8.2,10.290380592228743,360,0.97,6.0,5,82,2297
0.0,7.8,10.424999999999999,360,0.96,7.0,6,82,2298
67.33333333333334,8.3,10.581767620683362,360,0.97,9.0,7,82,2299
123.44444444444446,8.2,10.75,360,0.98,8.0,8,82,2300
157.1111111111111,6.8,10.918232379316638,360,0.92,10.0,9,82,2301
729.4444444444443,9.0,11.075000000000001,360,0.81,8.0,10,82,2302
808.0,8.5,11.209619407771257,360,0.82,8.0,11,82,2303
920.2222222222223,10.2,11.312916512459886,360,0.77,10.0,12,82,2304
1122.2222222222222,10.9,11.377851787087895,360,0.59,11.0,13,82,2305
1335.4444444444443,11.6,11.4,360,0.58,11.0,14,82,2306
796.7777777777777,10.1,11.377851787087895,360,0.63,12.0,15,82,2307
740.6666666666667,9.9,11.312916512459886,360,0.58,12.0,16,82,2308
325.44444444444446,7.5,11.209619407771257,360,0.75,10.0,17,82,2309
56.111111111111114,6.3,11.075000000000001,360,0.81,10.0,18,82,2310
0.0,5.7,10.918232379316638,360,0.84,11.0,19,82,2311
0.0,4.5,10.75,360,0.93,5.0,20,82,2312
0.0,4.6,10.581767620683362,360,0.95,5.0,21,82,2313
0.0,4.9,10.425,360,0.95,6.0,22,82,2314
0.0,4.4,10.290380592228743,360,0.95,4.0,23,82,2315
0.0,4.1,10.187083487540114,360,0.96,5.0,24,82,2316
0.0,3.1,8.432370465025386,360,0.97,4.0,1,83,2317
0.0,2.9,8.400000000000002,360,0.97,5.0,2,83,2318
0.0,2.4,8.432370465025386,360,0.99,4.0,3,83,2319
0.0,2.9,8.527275866404784,360,0.99,4.0,4,83,2320
0.0,2.4,8.67824855787278,360,1.0,4.0,5,83,2321
0.0,2.5,8.875,360,1.0,4.0,6,83,2322
145.88888888888889,3.3,9.104121907152606,360,0.99,4.0,7,83,2323
392.7777777777778,5.4,9.350000000000001,360,0.9,6.0,8,83,2324
785.5555555555557,7.4,9.595878092847396,360,0.81,6.0,9,83,2325
1066.1111111111113,8.5,9.825000000000001,360,0.7,6.0,10,83,2326
987.5555555555557,9.2,10.021751442127222,360,0.62,6.0,11,83,2327
1043.6666666666665,9.4,10.172724133595219,360,0.55,7.0,12,83,2328
1335.4444444444443,10.5,10.267629534974617,360,0.51,8.0,13,83,2329
684.5555555555557,10.4,10.3,360,0.52,8.0,14,83,2330
673.3333333333333,10.6,10.267629534974617,360,0.56,10.0,15,83,2331
224.44444444444446,7.3,10.172724133595219,360,0.81,13.0,16,83,2332
505.0,8.9,10.021751442127222,360,0.73,5.0,17,83,2333
179.55555555555554,8.1,9.825000000000001,360,0.74,5.0,18,83,2334
0.0,7.1,9.595878092847396,360,0.81,6.0,19,83,2335
0.0,6.3,9.350000000000001,360,0.83,10.0,20,83,2336
0.0,5.6,9.104121907152606,360,0.9,8.0,21,83,2337
0.0,5.5,8.875000000000002,360,0.9,4.0,22,83,2338
0.0,5.2,8.67824855787278,360,0.92,4.0,23,83,2339
0.0,4.5,8.527275866404784,360,0.91,3.0,24,83,2340
0.0,3.6,7.540889008453117,360,0.96,2.0,1,84,2341
0.0,2.0,7.499999999999999,360,1.0,1.0,2,84,2342
0.0,1.6,7.540889008453117,360,1.0,2.0,3,84,2343
0.0,1.6,7.660769515458672,360,1.0,3.0,4,84,2344
0.0,0.6,7.851471862576142,360,1.0,2.0,5,84,2345
0.0,0.6,8.099999999999998,360,1.0,2.0,6,84,2346
157.1111111111111,2.1,8.389417145876974,360,0.99,1.0,7,84,2347
448.8888888888889,6.2,8.7,360,0.82,1.0,8,84,2348
729.4444444444443,7.3,9.010582854123024,360,0.81,3.0,9,84,2349
1077.3333333333335,8.3,9.299999999999999,360,0.73,4.0,10,84,2350
976.3333333333333,8.7,9.548528137423856,360,0.66,5.0,11,84,2351
886.5555555555555,9.0,9.739230484541325,360,0.64,5.0,12,84,2352
684.5555555555557,9.4,9.859110991546881,360,0.6,6.0,13,84,2353
583.5555555555555,9.7,9.899999999999999,360,0.63,6.0,14,84,2354
336.66666666666663,9.3,9.859110991546881,360,0.64,6.0,15,84,2355
145.88888888888889,7.9,9.739230484541325,360,0.74,7.0,16,84,2356
67.33333333333334,7.0,9.548528137423856,360,0.89,5.0,17,84,2357
22.444444444444443,6.2,9.299999999999999,360,0.96,5.0,18,84,2358
0.0,5.8,9.010582854123024,360,0.99,5.0,19,84,2359
0.0,5.7,8.7,360,1.0,2.0,20,84,2360
0.0,5.7,8.389417145876974,360,1.0,2.0,21,84,2361
0.0,5.8,8.1,360,1.0,2.0,22,84,2362
0.0,5.7,7.851471862576142,360,1.0,4.0,23,84,2363
0.0,5.7,7.660769515458673,360,1.0,4.0,24,84,2364
0.0,6.0,8.625555630283198,360,1.0,4.0,1,85,2365
0.0,6.5,8.6,360,1.0,4.0,2,85,2366
0.0,7.1,8.625555630283198,360,1.0,6.0,3,85,2367
0.0,6.9,8.70048094716167,360,1.0,8.0,4,85,2368
0.0,6.3,8.819669914110088,360,1.0,6.0,5,85,2369
0.0,5.2,8.975,360,1.0,6.0,6,85,2370
134.66666666666669,6.3,9.15588571617311,360,1.0,4.0,7,85,2371
347.8888888888889,7.6,9.35,360,0.92,6.0,8,85,2372
684.5555555555557,8.6,9.54411428382689,360,0.87,6.0,9,85,2373
897.7777777777778,10.1,9.725,360,0.75,6.0,10,85,2374
931.4444444444445,10.7,9.880330085889911,360,0.67,6.0,11,85,2375
359.1111111111111,8.7,9.999519052838329,360,0.9,8.0,12,85,2376
303.0,8.4,10.074444369716801,360,0.96,5.0,13,85,2377
246.8888888888889,8.0,10.1,360,0.92,5.0,14,85,2378
190.77777777777777,7.1,10.074444369716801,360,0.96,4.0,15,85,2379
190.77777777777777,7.3,9.999519052838329,360,0.98,3.0,16,85,2380
101.0,6.8,9.880330085889911,360,1.0,4.0,17,85,2381
56.111111111111114,6.7,9.725,360,1.0,4.0,18,85,2382
11.222222222222221,6.5,9.54411428382689,360,1.0,4.0,19,85,2383
0.0,6.1,9.35,360,1.0,4.0,20,85,2384
0.0,4.9,9.15588571617311,360,1.0,4.0,21,85,2385
0.0,4.4,8.975,360,1.0,2.0,22,85,2386
0.0,4.9,8.819669914110088,360,1.0,2.0,23,85,2387
0.0,3.0,8.70048094716167,360,1.0,2.0,24,85,2388
0.0,4.0,8.230666756339838,360,1.0,3.0,1,86,2389
0.0,3.8,8.2,360,1.0,5.0,2,86,2390
0.0,4.8,8.230666756339838,360,1.0,6.0,3,86,2391
0.0,5.1,8.320577136594004,360,1.0,6.0,4,86,2392
0.0,5.1,8.463603896932106,360,1.0,6.0,5,86,2393
0.0,4.8,8.649999999999999,360,1.0,6.0,6,86,2394
44.888888888888886,5.0,8.867062859407731,360,1.0,7.0,7,86,2395
235.66666666666669,5.8,9.1,360,0.98,6.0,8,86,2396
594.7777777777778,7.4,9.332937140592268,360,0.88,7.0,9,86,2397
1088.5555555555557,9.5,9.55,360,0.75,8.0,10,86,2398
1301.7777777777778,10.2,9.736396103067893,360,0.6,8.0,11,86,2399
695.7777777777778,10.1,9.879422863405996,360,0.56,8.0,12,86,2400
785.5555555555557,10.4,9.969333243660161,360,0.5,8.0,13,86,2401
1043.6666666666665,10.3,10.0,360,0.51,8.0,14,86,2402
808.0,11.4,9.969333243660161,360,0.46,8.0,15,86,2403
841.6666666666666,9.6,9.879422863405996,360,0.54,9.0,16,86,2404
460.11111111111114,8.9,9.736396103067893,360,0.63,7.0,17,86,2405
134.66666666666669,7.2,9.55,360,0.65,5.0,18,86,2406
11.222222222222221,6.6,9.332937140592268,360,0.69,2.0,19,86,2407
0.0,6.1,9.1,360,0.74,3.0,20,86,2408
0.0,5.4,8.867062859407731,360,0.79,3.0,21,86,2409
0.0,4.7,8.65,360,0.81,2.0,22,86,2410
0.0,4.6,8.463603896932106,360,0.86,3.0,23,86,2411
0.0,3.0,8.320577136594004,360,0.97,1.0,24,86,2412
0.0,2.8,7.6374815910820235,360,0.97,1.0,1,87,2413
0.0,1.8,7.599999999999999,360,1.0,1.0,2,87,2414
0.0,1.0,7.6374815910820235,360,1.0,2.0,3,87,2415
0.0,0.5,7.747372055837116,360,1.0,1.0,4,87,2416
0.0,0.1,7.922182540694796,360,1.0,1.0,5,87,2417
0.0,-0.4,8.149999999999999,360,1.0,1.0,6,87,2418
112.22222222222223,0.8,8.415299050387226,360,1.0,1.0,7,87,2419
381.55555555555554,4.8,8.7,360,0.93,1.0,8,87,2420
572.3333333333333,6.6,8.984700949612773,360,0.81,4.0,9,87,2421
841.6666666666666,8.8,9.25,360,0.71,5.0,10,87,2422
1313.0,9.9,9.477817459305202,360,0.6,6.0,11,87,2423
1066.1111111111113,10.0,9.652627944162882,360,0.56,8.0,12,87,2424
606.0,9.3,9.762518408917975,360,0.61,7.0,13,87,2425
325.44444444444446,7.3,9.8,360,0.8,8.0,14,87,2426
145.88888888888889,6.4,9.762518408917975,360,0.91,6.0,15,87,2427
280.55555555555554,6.9,9.652627944162882,360,0.91,5.0,16,87,2428
190.77777777777777,7.4,9.477817459305202,360,0.89,5.0,17,87,2429
56.111111111111114,6.9,9.25,360,0.93,5.0,18,87,2430
0.0,6.2,8.984700949612773,360,0.95,4.0,19,87,2431
0.0,4.8,8.7,360,0.96,2.0,20,87,2432
0.0,5.3,8.415299050387226,360,0.98,3.0,21,87,2433
0.0,4.6,8.149999999999999,360,0.98,4.0,22,87,2434
0.0,3.6,7.922182540694797,360,1.0,2.0,23,87,2435
0.0,3.2,7.747372055837117,360,1.0,2.0,24,87,2436
0.0,3.6,7.954518677937491,360,1.0,1.0,1,88,2437
0.0,4.2,7.9,360,1.0,2.0,2,88,2438
0.0,4.5,7.954518677937491,360,1.0,2.0,3,88,2439
0.0,4.0,8.114359353944899,360,1.0,2.0,4,88,2440
0.0,4.3,8.368629150101523,360,1.0,2.0,5,88,2441
0.0,3.8,8.7,360,1.0,2.0,6,88,2442
78.55555555555554,4.2,9.085889527835967,360,1.0,1.0,7,88,2443
426.44444444444446,7.0,9.5,360,0.85,3.0,8,88,2444
808.0,8.9,9.914110472164033,360,0.78,4.0,9,88,2445
1144.6666666666665,11.3,10.3,360,0.62,5.0,10,88,2446
1122.2222222222222,12.0,10.631370849898476,360,0.56,5.0,11,88,2447
1481.3333333333335,14.2,10.885640646055101,360,0.52,6.0,12,88,2448
1470.111111111111,13.9,11.045481322062509,360,0.51,6.0,13,88,2449
953.8888888888889,14.3,11.1,360,0.5,7.0,14,88,2450
751.8888888888888,14.9,11.045481322062509,360,0.49,6.0,15,88,2451
549.8888888888889,14.7,10.885640646055101,360,0.47,6.0,16,88,2452
448.8888888888889,14.7,10.631370849898476,360,0.49,4.0,17,88,2453
190.77777777777777,13.7,10.3,360,0.49,2.0,18,88,2454
0.0,12.2,9.914110472164033,360,0.55,2.0,19,88,2455
0.0,11.5,9.5,360,0.55,2.0,20,88,2456
0.0,9.9,9.085889527835967,360,0.64,2.0,21,88,2457
0.0,10.0,8.700000000000001,360,0.61,2.0,22,88,2458
0.0,9.5,8.368629150101524,360,0.65,2.0,23,88,2459
0.0,9.1,8.114359353944899,360,0.65,2.0,24,88,2460
0.0,8.3,8.852814969251945,360,0.69,2.0,1,89,2461
0.0,8.0,8.8,360,0.71,2.0,2,89,2462
0.0,7.5,8.852814969251945,360,0.72,3.0,3,89,2463
0.0,6.6,9.007660624134122,360,0.74,1.0,4,89,2464
0.0,6.4,9.253984489160853,360,0.73,2.0,5,89,2465
11.222222222222221,6.5,9.575000000000001,360,0.73,2.0,6,89,2466
78.55555555555554,7.1,9.948830480091095,360,0.74,2.0,7,89,2467
246.8888888888889,8.9,10.350000000000001,360,0.67,3.0,8,89,2468
707.0000000000001,12.3,10.751169519908908,360,0.55,4.0,9,89,2469
1099.7777777777778,14.6,11.125000000000002,360,0.44,8.0,10,89,2470
1357.8888888888891,16.2,11.44601551083915,360,0.41,9.0,11,89,2471
1492.5555555555557,17.8,11.692339375865881,360,0.35,10.0,12,89,2472
1492.5555555555557,18.3,11.847185030748058,360,0.32,10.0,13,89,2473
1380.3333333333333,17.5,11.900000000000002,360,0.36,8.0,14,89,2474
1077.3333333333335,18.2,11.847185030748058,360,0.41,8.0,15,89,2475
729.4444444444443,17.5,11.692339375865881,360,0.45,7.0,16,89,2476
325.44444444444446,16.2,11.44601551083915,360,0.51,7.0,17,89,2477
134.66666666666669,14.8,11.125000000000002,360,0.56,6.0,18,89,2478
11.222222222222221,13.1,10.751169519908908,360,0.58,2.0,19,89,2479
0.0,12.1,10.350000000000001,360,0.58,6.0,20,89,2480
0.0,12.1,9.948830480091095,360,0.56,4.0,21,89,2481
0.0,11.0,9.575000000000001,360,0.63,2.0,22,89,2482
0.0,11.0,9.253984489160853,360,0.64,2.0,23,89,2483
0.0,11.2,9.007660624134122,360,0.61,2.0,24,89,2484
0.0,10.8,9.627259338968745,360,0.63,2.0,1,90,2485
0.0,10.3,9.599999999999998,360,0.64,2.0,2,90,2486
0.0,9.2,9.627259338968743,360,0.69,1.0,3,90,2487
0.0,9.1,9.707179676972448,360,0.7,2.0,4,90,2488
0.0,9.2,9.83431457505076,360,0.68,2.0,5,90,2489
0.0,8.8,9.999999999999998,360,0.7,2.0,6,90,2490
78.55555555555554,8.9,10.192944763917982,360,0.73,2.0,7,90,2491
224.44444444444446,10.0,10.399999999999999,360,0.71,2.0,8,90,2492
246.8888888888889,11.1,10.607055236082015,360,0.74,2.0,9,90,2493
359.1111111111111,12.6,10.799999999999999,360,0.74,2.0,10,90,2494
336.66666666666663,13.6,10.965685424949237,360,0.69,3.0,11,90,2495
235.66666666666669,13.6,11.09282032302755,360,0.69,3.0,12,90,2496
224.44444444444446,13.9,11.172740661031254,360,0.73,1.0,13,90,2497
325.44444444444446,14.7,11.2,360,0.63,1.0,14,90,2498
415.2222222222223,15.5,11.172740661031254,360,0.6,2.0,15,90,2499
325.44444444444446,15.1,11.09282032302755,360,0.59,4.0,16,90,2500
134.66666666666669,13.9,10.965685424949237,360,0.68,2.0,17,90,2501
22.444444444444443,13.3,10.799999999999999,360,0.68,7.0,18,90,2502
0.0,12.0,10.607055236082015,360,0.76,3.0,19,90,2503
0.0,11.6,10.399999999999999,360,0.77,1.0,20,90,2504
0.0,10.9,10.192944763917982,360,0.81,2.0,21,90,2505
