PARi,air_temperature,soil_temperature,ambient_CO2,humidity,Wind,hour,DOY,t
314.2222222222222,9.7,8.712916512459886,360,0.86,9.0,12,351,0
415.2222222222223,11.6,8.777851787087895,360,0.83,8.0,13,351,1
370.33333333333337,10.9,8.8,360,0.8,6.0,14,351,2
157.1111111111111,11.1,8.777851787087895,360,0.81,6.0,15,351,3
56.111111111111114,10.9,8.712916512459886,360,0.84,4.0,16,351,4
0.0,11.0,8.609619407771257,360,0.83,5.0,17,351,5
0.0,10.7,8.475000000000001,360,0.86,5.0,18,351,6
0.0,11.0,8.318232379316639,360,0.86,6.0,19,351,7
0.0,11.3,8.15,360,0.84,7.0,20,351,8
0.0,10.9,7.981767620683362,360,0.87,8.0,21,351,9
0.0,10.6,7.825,360,0.91,6.0,22,351,10
0.0,10.3,7.6903805922287445,360,0.97,6.0,23,351,11
0.0,9.6,7.587083487540115,360,0.97,6.0,24,351,12
0.0,9.4,8.420444504226559,360,0.98,4.0,1,352,13
0.0,9.3,8.4,360,0.98,4.0,2,352,14
0.0,9.2,8.420444504226559,360,0.99,4.0,3,352,15
0.0,9.5,8.480384757729336,360,0.99,4.0,4,352,16
0.0,9.4,8.575735931288072,360,0.99,6.0,5,352,17
0.0,9.3,8.7,360,0.99,5.0,6,352,18
0.0,8.9,8.844708572938488,360,0.99,4.0,7,352,19
11.222222222222221,8.1,9.0,360,0.99,6.0,8,352,20
112.22222222222223,8.6,9.155291427061512,360,0.99,6.0,9,352,21
213.22222222222223,9.2,9.3,360,0.99,6.0,10,352,22
336.66666666666663,10.1,9.424264068711928,360,0.99,6.0,11,352,23
392.7777777777778,10.6,9.519615242270662,360,0.96,6.0,12,352,24
381.55555555555554,11.5,9.579555495773441,360,0.92,6.0,13,352,25
381.55555555555554,11.4,9.6,360,0.89,6.0,14,352,26
291.77777777777777,11.3,9.579555495773441,360,0.89,5.0,15,352,27
56.111111111111114,10.7,9.519615242270662,360,0.93,3.0,16,352,28
0.0,9.6,9.424264068711928,360,0.94,3.0,17,352,29
0.0,8.2,9.3,360,0.97,2.0,18,352,30
0.0,8.6,9.155291427061512,360,0.98,4.0,19,352,31
0.0,7.0,9.0,360,0.98,3.0,20,352,32
0.0,6.4,8.844708572938488,360,0.99,3.0,21,352,33
0.0,7.2,8.700000000000001,360,0.99,3.0,22,352,34
0.0,6.3,8.575735931288072,360,0.98,3.0,23,352,35
0.0,7.3,8.480384757729338,360,0.99,4.0,24,352,36
0.0,7.2,7.913629669484374,360,0.99,4.0,1,353,37
0.0,6.6,7.900000000000001,360,0.99,4.0,2,353,38
0.0,5.8,7.913629669484374,360,0.99,3.0,3,353,39
0.0,4.4,7.953589838486225,360,0.99,3.0,4,353,40
0.0,4.6,8.017157287525382,360,0.99,3.0,5,353,41
0.0,4.2,8.100000000000001,360,0.99,5.0,6,353,42
0.0,5.4,8.196472381958992,360,0.99,5.0,7,353,43
11.222222222222221,5.4,8.3,360,0.99,6.0,8,353,44
101.0,5.5,8.403527618041009,360,0.99,4.0,9,353,45
303.0,6.6,8.5,360,0.99,5.0,10,353,46
370.33333333333337,6.8,8.58284271247462,360,0.99,7.0,11,353,47
347.8888888888889,7.1,8.646410161513776,360,0.99,7.0,12,353,48
538.6666666666667,8.7,8.686370330515627,360,0.99,7.0,13,353,49
516.2222222222223,8.7,8.7,360,0.93,6.0,14,353,50
303.0,9.1,8.686370330515627,360,0.91,5.0,15,353,51
112.22222222222223,8.1,8.646410161513776,360,0.93,4.0,16,353,52
0.0,7.6,8.58284271247462,360,0.96,4.0,17,353,53
0.0,7.8,8.5,360,0.99,6.0,18,353,54
0.0,8.1,8.403527618041009,360,0.99,8.0,19,353,55
0.0,8.4,8.3,360,0.99,7.0,20,353,56
0.0,8.9,8.196472381958992,360,0.99,6.0,21,353,57
0.0,9.1,8.100000000000001,360,0.98,8.0,22,353,58
0.0,9.1,8.017157287525382,360,0.97,8.0,23,353,59
0.0,8.8,7.953589838486225,360,0.98,8.0,24,353,60
0.0,8.9,8.515333378169919,360,0.97,9.0,1,354,61
0.0,9.3,8.5,360,0.95,10.0,2,354,62
0.0,9.6,8.515333378169919,360,0.9,10.0,3,354,63
0.0,9.8,8.560288568297002,360,0.9,9.0,4,354,64
0.0,10.2,8.631801948466052,360,0.86,11.0,5,354,65
0.0,10.4,8.725,360,0.85,8.0,6,354,66
0.0,9.8,8.833531429703864,360,0.9,8.0,7,354,67
0.0,9.4,8.95,360,0.97,7.0,8,354,68
33.66666666666667,9.6,9.066468570296134,360,0.99,7.0,9,354,69
89.77777777777777,9.9,9.174999999999999,360,0.98,6.0,10,354,70
145.88888888888889,10.2,9.268198051533945,360,0.96,6.0,11,354,71
123.44444444444446,10.3,9.339711431702996,360,0.96,6.0,12,354,72
269.33333333333337,10.8,9.38466662183008,360,0.95,8.0,13,354,73
213.22222222222223,11.1,9.399999999999999,360,0.94,6.0,14,354,74
123.44444444444446,10.9,9.38466662183008,360,0.94,6.0,15,354,75
67.33333333333334,10.9,9.339711431702996,360,0.95,6.0,16,354,76
0.0,10.5,9.268198051533945,360,0.95,5.0,17,354,77
0.0,10.2,9.174999999999999,360,0.97,6.0,18,354,78
0.0,9.4,9.066468570296134,360,0.98,5.0,19,354,79
0.0,9.8,8.95,360,0.99,6.0,20,354,80
0.0,9.2,8.833531429703864,360,0.91,6.0,21,354,81
0.0,8.9,8.725,360,0.97,6.0,22,354,82
0.0,9.2,8.631801948466054,360,0.99,5.0,23,354,83
0.0,8.9,8.560288568297002,360,0.99,4.0,24,354,84
0.0,8.7,8.711925960798826,360,0.92,5.0,1,355,85
0.0,8.3,8.7,360,0.96,6.0,2,355,86
0.0,8.3,8.711925960798826,360,0.95,6.0,3,355,87
0.0,7.7,8.746891108675447,360,0.97,6.0,4,355,88
0.0,7.0,8.802512626584708,360,0.97,4.0,5,355,89
0.0,7.8,8.875,360,0.99,4.0,6,355,90
0.0,7.9,8.95941333421412,360,0.99,4.0,7,355,91
11.222222222222221,7.7,9.05,360,0.99,4.0,8,355,92
89.77777777777777,7.7,9.140586665785882,360,0.99,6.0,9,355,93
404.0,9.3,9.225000000000001,360,0.93,3.0,10,355,94
561.1111111111111,10.6,9.297487373415294,360,0.9,5.0,11,355,95
650.8888888888889,11.2,9.353108891324554,360,0.83,6.0,12,355,96
549.8888888888889,11.3,9.388074039201175,360,0.83,6.0,13,355,97
415.2222222222223,11.6,9.400000000000002,360,0.81,6.0,14,355,98
336.66666666666663,11.4,9.388074039201175,360,0.79,4.0,15,355,99
78.55555555555554,10.1,9.353108891324554,360,0.88,4.0,16,355,100
0.0,8.9,9.297487373415294,360,0.92,3.0,17,355,101
0.0,7.9,9.225000000000001,360,0.95,3.0,18,355,102
0.0,8.3,9.140586665785882,360,0.95,4.0,19,355,103
0.0,8.3,9.05,360,0.94,5.0,20,355,104
0.0,8.5,8.95941333421412,360,0.94,5.0,21,355,105
0.0,8.7,8.875,360,0.94,6.0,22,355,106
0.0,8.7,8.80251262658471,360,0.94,6.0,23,355,107
0.0,9.0,8.746891108675447,360,0.93,6.0,24,355,108
0.0,8.8,8.93066675633984,360,0.92,7.0,1,356,109
0.0,9.1,8.900000000000002,360,0.9,9.0,2,356,110
0.0,9.2,8.93066675633984,360,0.9,8.0,3,356,111
0.0,8.9,9.020577136594007,360,0.94,8.0,4,356,112
0.0,9.2,9.163603896932107,360,0.91,8.0,5,356,113
0.0,9.3,9.350000000000001,360,0.9,9.0,6,356,114
0.0,9.4,9.567062859407732,360,0.87,10.0,7,356,115
0.0,8.8,9.8,360,0.97,11.0,8,356,116
33.66666666666667,9.0,10.032937140592269,360,0.99,11.0,9,356,117
67.33333333333334,9.6,10.25,360,0.99,10.0,10,356,118
67.33333333333334,9.9,10.436396103067892,360,0.99,12.0,11,356,119
134.66666666666669,10.6,10.579422863405995,360,0.99,10.0,12,356,120
101.0,11.2,10.669333243660162,360,0.99,8.0,13,356,121
123.44444444444446,12.4,10.7,360,0.99,9.0,14,356,122
78.55555555555554,13.2,10.669333243660162,360,0.99,8.0,15,356,123
33.66666666666667,13.4,10.579422863405995,360,0.99,9.0,16,356,124
0.0,12.9,10.436396103067892,360,0.99,8.0,17,356,125
0.0,13.1,10.25,360,0.99,9.0,18,356,126
0.0,13.3,10.032937140592269,360,0.97,10.0,19,356,127
0.0,13.1,9.8,360,0.99,10.0,20,356,128
0.0,13.2,9.567062859407732,360,0.98,10.0,21,356,129
0.0,13.2,9.350000000000001,360,0.97,10.0,22,356,130
0.0,13.2,9.16360389693211,360,0.96,11.0,23,356,131
0.0,13.1,9.020577136594007,360,0.97,10.0,24,356,132
0.0,13.3,9.828963047654293,360,0.98,10.0,1,357,133
0.0,13.4,9.8,360,0.99,8.0,2,357,134
0.0,13.4,9.828963047654293,360,0.99,8.0,3,357,135
0.0,13.3,9.913878406783228,360,0.99,8.0,4,357,136
0.0,13.4,10.048959235991434,360,0.98,9.0,5,357,137
0.0,13.2,10.225,360,0.99,9.0,6,357,138
0.0,12.9,10.430003811662857,360,0.99,8.0,7,357,139
11.222222222222221,12.8,10.65,360,0.97,6.0,8,357,140
33.66666666666667,13.1,10.869996188337144,360,0.97,6.0,9,357,141
235.66666666666669,13.8,11.075000000000001,360,0.92,8.0,10,357,142
336.66666666666663,13.9,11.251040764008566,360,0.92,8.0,11,357,143
303.0,14.2,11.386121593216773,360,0.93,8.0,12,357,144
179.55555555555554,14.0,11.471036952345708,360,0.92,6.0,13,357,145
157.1111111111111,14.3,11.5,360,0.9,6.0,14,357,146
101.0,14.3,11.471036952345708,360,0.9,6.0,15,357,147
44.888888888888886,14.2,11.386121593216773,360,0.9,5.0,16,357,148
0.0,13.9,11.251040764008566,360,0.9,6.0,17,357,149
0.0,13.7,11.075000000000001,360,0.91,6.0,18,357,150
0.0,13.1,10.869996188337144,360,0.93,6.0,19,357,151
0.0,12.7,10.65,360,0.96,5.0,20,357,152
0.0,12.5,10.430003811662857,360,0.96,6.0,21,357,153
0.0,12.4,10.225000000000001,360,0.95,7.0,22,357,154
0.0,12.0,10.048959235991436,360,0.95,6.0,23,357,155
0.0,11.8,9.913878406783228,360,0.95,5.0,24,357,156
0.0,11.9,10.60511112605664,360,0.93,6.0,1,358,157
0.0,11.4,10.6,360,0.94,4.0,2,358,158
0.0,11.5,10.60511112605664,360,0.94,4.0,3,358,159
0.0,11.6,10.620096189432333,360,0.92,6.0,4,358,160
0.0,11.2,10.643933982822018,360,0.93,6.0,5,358,161
0.0,11.0,10.674999999999999,360,0.93,6.0,6,358,162
0.0,11.3,10.711177143234622,360,0.92,6.0,7,358,163
0.0,12.2,10.75,360,0.88,8.0,8,358,164
33.66666666666667,11.7,10.788822856765378,360,0.95,8.0,9,358,165
33.66666666666667,11.6,10.825000000000001,360,0.98,7.0,10,358,166
67.33333333333334,11.9,10.856066017177982,360,0.98,8.0,11,358,167
179.55555555555554,12.4,10.879903810567667,360,0.95,10.0,12,358,168
280.55555555555554,12.8,10.89488887394336,360,0.87,12.0,13,358,169
415.2222222222223,12.3,10.9,360,0.8,14.0,14,358,170
246.8888888888889,11.3,10.89488887394336,360,0.78,14.0,15,358,171
56.111111111111114,10.7,10.879903810567667,360,0.8,12.0,16,358,172
11.222222222222221,9.9,10.856066017177982,360,0.84,10.0,17,358,173
0.0,9.8,10.825000000000001,360,0.81,10.0,18,358,174
0.0,9.4,10.788822856765378,360,0.84,10.0,19,358,175
0.0,9.1,10.75,360,0.84,10.0,20,358,176
0.0,8.9,10.711177143234622,360,0.81,10.0,21,358,177
0.0,9.1,10.675,360,0.78,11.0,22,358,178
0.0,9.1,10.643933982822018,360,0.8,13.0,23,358,179
0.0,8.8,10.620096189432333,360,0.83,12.0,24,358,180
0.0,8.4,9.501703708685547,360,0.81,12.0,1,359,181
0.0,8.7,9.5,360,0.83,12.0,2,359,182
0.0,8.5,9.501703708685547,360,0.86,12.0,3,359,183
0.0,8.6,9.506698729810779,360,0.88,11.0,4,359,184
0.0,8.5,9.514644660940673,360,0.9,12.0,5,359,185
0.0,8.1,9.525,360,0.98,11.0,6,359,186
0.0,8.5,9.537059047744874,360,0.98,10.0,7,359,187
0.0,8.4,9.55,360,0.96,6.0,8,359,188
78.55555555555554,8.5,9.562940952255127,360,0.96,4.0,9,359,189
123.44444444444446,8.8,9.575000000000001,360,0.96,4.0,10,359,190
123.44444444444446,8.0,9.585355339059328,360,0.97,5.0,11,359,191
134.66666666666669,8.2,9.593301270189222,360,0.94,6.0,12,359,192
134.66666666666669,7.6,9.598296291314455,360,0.9,9.0,13,359,193
134.66666666666669,7.2,9.600000000000001,360,0.9,9.0,14,359,194
89.77777777777777,6.9,9.598296291314455,360,0.89,10.0,15,359,195
33.66666666666667,6.8,9.593301270189222,360,0.87,10.0,16,359,196
0.0,6.3,9.585355339059328,360,0.85,9.0,17,359,197
0.0,5.8,9.575000000000001,360,0.83,8.0,18,359,198
0.0,4.9,9.562940952255127,360,0.84,8.0,19,359,199
0.0,3.9,9.55,360,0.84,9.0,20,359,200
0.0,3.0,9.537059047744874,360,0.87,7.0,21,359,201
0.0,2.6,9.525,360,0.86,4.0,22,359,202
0.0,2.3,9.514644660940673,360,0.87,6.0,23,359,203
0.0,2.4,9.506698729810779,360,0.87,8.0,24,359,204
0.0,2.3,7.206814834742187,360,0.91,7.0,1,360,205
0.0,2.3,7.200000000000001,360,0.91,7.0,2,360,206
0.0,1.5,7.206814834742187,360,0.93,6.0,3,360,207
0.0,1.4,7.226794919243113,360,0.93,6.0,4,360,208
0.0,1.5,7.258578643762691,360,0.91,6.0,5,360,209
0.0,2.1,7.300000000000001,360,0.9,7.0,6,360,210
0.0,2.3,7.348236190979496,360,0.89,8.0,7,360,211
0.0,2.0,7.4,360,0.9,6.0,8,360,212
56.111111111111114,2.4,7.4517638090205045,360,0.9,6.0,9,360,213
134.66666666666669,3.1,7.5,360,0.89,6.0,10,360,214
157.1111111111111,4.0,7.54142135623731,360,0.85,8.0,11,360,215
190.77777777777777,4.5,7.573205080756888,360,0.84,7.0,12,360,216
258.11111111111114,4.9,7.593185165257814,360,0.82,8.0,13,360,217
168.33333333333331,5.1,7.6,360,0.78,8.0,14,360,218
168.33333333333331,5.0,7.593185165257814,360,0.78,8.0,15,360,219
44.888888888888886,4.9,7.573205080756888,360,0.76,7.0,16,360,220
0.0,3.8,7.54142135623731,360,0.77,5.0,17,360,221
0.0,3.3,7.5,360,0.79,5.0,18,360,222
0.0,2.3,7.4517638090205045,360,0.84,4.0,19,360,223
0.0,2.4,7.4,360,0.84,5.0,20,360,224
0.0,2.0,7.348236190979496,360,0.84,5.0,21,360,225
0.0,1.4,7.300000000000001,360,0.85,6.0,22,360,226
0.0,0.5,7.258578643762691,360,0.89,4.0,23,360,227
0.0,0.5,7.226794919243113,360,0.88,4.0,24,360,228
0.0,0.3,5.510222252113279,360,0.89,3.0,1,361,229
0.0,0.3,5.5,360,0.88,4.0,2,361,230
0.0,0.2,5.510222252113279,360,0.88,5.0,3,361,231
0.0,-0.4,5.540192378864669,360,0.88,4.0,4,361,232
0.0,-0.9,5.587867965644036,360,0.91,2.0,5,361,233
0.0,-2.1,5.6499999999999995,360,0.96,1.0,6,361,234
0.0,-2.0,5.722354286469244,360,0.97,2.0,7,361,235
11.222222222222221,-1.6,5.8,360,0.96,2.0,8,361,236
78.55555555555554,-1.1,5.877645713530756,360,0.94,3.0,9,361,237
549.8888888888889,0.9,5.95,360,0.87,3.0,10,361,238
336.66666666666663,1.3,6.012132034355964,360,0.85,2.0,11,361,239
213.22222222222223,1.9,6.059807621135331,360,0.88,4.0,12,361,240
269.33333333333337,2.7,6.08977774788672,360,0.83,5.0,13,361,241
347.8888888888889,3.6,6.1,360,0.8,5.0,14,361,242
370.33333333333337,3.8,6.08977774788672,360,0.79,6.0,15,361,243
101.0,3.3,6.059807621135331,360,0.79,5.0,16,361,244
0.0,3.0,6.012132034355964,360,0.85,6.0,17,361,245
0.0,3.0,5.95,360,0.84,8.0,18,361,246
0.0,2.8,5.877645713530756,360,0.84,7.0,19,361,247
0.0,2.6,5.8,360,0.86,6.0,20,361,248
0.0,2.8,5.722354286469244,360,0.86,6.0,21,361,249
0.0,3.0,5.65,360,0.85,8.0,22,361,250
0.0,3.3,5.587867965644036,360,0.85,9.0,23,361,251
0.0,3.6,5.540192378864669,360,0.9,9.0,24,361,252
0.0,4.0,5.913629669484374,360,0.94,10.0,1,362,253
0.0,4.2,5.9,360,0.97,11.0,2,362,254
0.0,4.4,5.913629669484373,360,0.99,12.0,3,362,255
0.0,4.5,5.953589838486225,360,0.98,13.0,4,362,256
0.0,4.5,6.017157287525381,360,0.98,11.0,5,362,257
0.0,4.2,6.1000000000000005,360,0.97,14.0,6,362,258
0.0,4.5,6.196472381958992,360,0.96,13.0,7,362,259
0.0,5.1,6.300000000000001,360,0.95,13.0,8,362,260
11.222222222222221,5.2,6.403527618041009,360,0.97,14.0,9,362,261
33.66666666666667,5.2,6.500000000000001,360,0.97,15.0,10,362,262
78.55555555555554,5.4,6.58284271247462,360,0.98,14.0,11,362,263
44.888888888888886,6.0,6.646410161513776,360,0.98,14.0,12,362,264
33.66666666666667,5.9,6.686370330515628,360,0.99,14.0,13,362,265
33.66666666666667,6.5,6.700000000000001,360,0.99,14.0,14,362,266
22.444444444444443,7.0,6.686370330515628,360,0.95,13.0,15,362,267
0.0,7.3,6.646410161513776,360,0.95,13.0,16,362,268
0.0,7.3,6.58284271247462,360,0.96,10.0,17,362,269
0.0,6.5,6.500000000000001,360,0.95,8.0,18,362,270
0.0,6.2,6.403527618041009,360,0.96,7.0,19,362,271
0.0,5.6,6.300000000000001,360,0.97,8.0,20,362,272
0.0,5.7,6.196472381958992,360,0.96,6.0,21,362,273
0.0,5.4,6.1000000000000005,360,0.97,6.0,22,362,274
0.0,5.1,6.017157287525382,360,0.96,6.0,23,362,275
0.0,5.3,5.953589838486225,360,0.91,9.0,24,362,276
0.0,4.7,5.906814834742186,360,0.93,8.0,1,363,277
0.0,4.3,5.9,360,0.94,6.0,2,363,278
0.0,3.8,5.906814834742186,360,0.93,8.0,3,363,279
0.0,3.9,5.926794919243112,360,0.9,10.0,4,363,280
0.0,3.1,5.95857864376269,360,0.91,10.0,5,363,281
0.0,2.3,6.0,360,0.94,6.0,6,363,282
0.0,2.3,6.0482361909794955,360,0.95,6.0,7,363,283
11.222222222222221,2.1,6.1,360,0.97,6.0,8,363,284
168.33333333333331,3.4,6.151763809020504,360,0.96,6.0,9,363,285
202.0,4.4,6.199999999999999,360,0.94,8.0,10,363,286
134.66666666666669,4.9,6.241421356237309,360,0.93,12.0,11,363,287
44.888888888888886,5.5,6.273205080756887,360,0.94,11.0,12,363,288
56.111111111111114,7.4,6.293185165257813,360,0.87,17.0,13,363,289
370.33333333333337,7.9,6.299999999999999,360,0.73,12.0,14,363,290
246.8888888888889,7.8,6.293185165257813,360,0.75,14.0,15,363,291
112.22222222222223,7.1,6.273205080756887,360,0.74,11.0,16,363,292
11.222222222222221,6.5,6.241421356237309,360,0.77,11.0,17,363,293
0.0,5.6,6.199999999999999,360,0.81,9.0,18,363,294
0.0,5.4,6.151763809020504,360,0.81,8.0,19,363,295
0.0,5.2,6.1,360,0.83,7.0,20,363,296
0.0,4.8,6.0482361909794955,360,0.8,6.0,21,363,297
0.0,4.4,6.0,360,0.83,7.0,22,363,298
0.0,4.0,5.95857864376269,360,0.86,6.0,23,363,299
0.0,3.9,5.926794919243112,360,0.92,6.0,24,363,300
0.0,3.7,5.613629669484372,360,0.94,5.0,1,364,301
0.0,3.6,5.6,360,0.94,5.0,2,364,302
0.0,4.1,5.613629669484372,360,0.95,4.0,3,364,303
0.0,4.8,5.653589838486224,360,0.93,6.0,4,364,304
0.0,4.0,5.717157287525381,360,0.93,6.0,5,364,305
0.0,3.4,5.8,360,0.94,5.0,6,364,306
0.0,3.7,5.896472381958992,360,0.92,5.0,7,364,307
0.0,2.9,6.0,360,0.92,5.0,8,364,308
134.66666666666669,3.6,6.103527618041008,360,0.88,4.0,9,364,309
303.0,4.8,6.2,360,0.86,6.0,10,364,310
516.2222222222223,6.0,6.282842712474619,360,0.82,6.0,11,364,311
639.6666666666667,7.0,6.346410161513775,360,0.77,7.0,12,364,312
549.8888888888889,6.7,6.386370330515628,360,0.8,9.0,13,364,313
594.7777777777778,7.2,6.4,360,0.78,8.0,14,364,314
359.1111111111111,7.1,6.386370330515628,360,0.77,8.0,15,364,315
157.1111111111111,6.0,6.346410161513775,360,0.84,7.0,16,364,316
0.0,4.7,6.282842712474619,360,0.86,5.0,17,364,317
0.0,3.8,6.2,360,0.91,5.0,18,364,318
0.0,3.7,6.103527618041008,360,0.92,4.0,19,364,319
0.0,3.3,6.0,360,0.92,4.0,20,364,320
0.0,3.3,5.896472381958992,360,0.94,4.0,21,364,321
0.0,3.1,5.8,360,0.96,3.0,22,364,322
0.0,3.3,5.717157287525381,360,0.98,2.0,23,364,323
0.0,3.7,5.653589838486225,360,0.97,4.0,24,364,324
0.0,3.2,5.4170370868554665,360,0.97,3.0,1,365,325
0.0,2.2,5.4,360,0.96,4.0,2,365,326
0.0,1.6,5.4170370868554665,360,0.96,4.0,3,365,327
0.0,1.1,5.466987298107781,360,0.98,2.0,4,365,328
0.0,1.4,5.546446609406726,360,0.99,4.0,5,365,329
0.0,1.7,5.65,360,0.99,3.0,6,365,330
0.0,0.4,5.77059047744874,360,0.99,4.0,7,365,331
11.222222222222221,-0.6,5.9,360,0.99,4.0,8,365,332
123.44444444444446,0.1,6.02940952255126,360,0.99,5.0,9,365,333
280.55555555555554,1.5,6.15,360,0.99,4.0,10,365,334
561.1111111111111,4.1,6.253553390593274,360,0.99,4.0,11,365,335
695.7777777777778,5.9,6.33301270189222,360,0.84,4.0,12,365,336
572.3333333333333,6.4,6.382962913144534,360,0.81,6.0,13,365,337
561.1111111111111,6.9,6.4,360,0.77,6.0,14,365,338
291.77777777777777,6.2,6.382962913144534,360,0.85,7.0,15,365,339
112.22222222222223,5.8,6.33301270189222,360,0.86,6.0,16,365,340
11.222222222222221,5.2,6.253553390593274,360,0.89,5.0,17,365,341
0.0,4.9,6.15,360,0.89,6.0,18,365,342
0.0,5.1,6.02940952255126,360,0.92,7.0,19,365,343
0.0,5.2,5.9,360,0.93,7.0,20,365,344
0.0,5.2,5.77059047744874,360,0.97,8.0,21,365,345
0.0,5.3,5.65,360,0.98,8.0,22,365,346
0.0,5.7,5.546446609406726,360,0.98,8.0,23,365,347
0.0,6.1,5.466987298107781,360,0.99,7.0,24,365,348
0.0,6.3,6.117037086855466,360,0.98,7.0,1,366,349
0.0,6.4,6.1,360,0.98,6.0,2,366,350
0.0,6.4,6.117037086855466,360,0.99,6.0,3,366,351
0.0,6.2,6.16698729810778,360,0.99,5.0,4,366,352
0.0,5.8,6.246446609406726,360,0.99,5.0,5,366,353
0.0,5.9,6.35,360,0.99,6.0,6,366,354
0.0,5.9,6.47059047744874,360,0.99,5.0,7,366,355
0.0,5.9,6.6,360,0.99,4.0,8,366,356
78.55555555555554,6.3,6.72940952255126,360,0.99,5.0,9,366,357
235.66666666666669,6.4,6.85,360,0.97,6.0,10,366,358
303.0,6.4,6.953553390593274,360,0.9,5.0,11,366,359
381.55555555555554,6.1,7.033012701892219,360,0.83,6.0,12,366,360
628.4444444444443,6.5,7.0829629131445335,360,0.75,6.0,13,366,361
448.8888888888889,6.5,7.1,360,0.74,6.0,14,366,362
314.2222222222222,6.0,7.0829629131445335,360,0.73,7.0,15,366,363
179.55555555555554,5.2,7.033012701892219,360,0.78,4.0,16,366,364
11.222222222222221,3.8,6.953553390593274,360,0.84,3.0,17,366,365
0.0,2.4,6.85,360,0.88,1.0,18,366,366
0.0,1.7,6.72940952255126,360,0.88,2.0,19,366,367
0.0,1.3,6.6,360,0.89,1.0,20,366,368
0.0,1.0,6.47059047744874,360,0.9,1.0,21,366,369
0.0,0.4142857142857143,6.35,360,0.96,1.1428571428571428,22,366,370
0.0,-0.1714285714285712,6.246446609406726,360,0.98,1.2857142857142856,23,366,371
0.0,-0.7571428571428569,6.16698729810778,360,0.98,1.4285714285714286,24,366,372
0.0,-1.3428571428571423,2.211925960798826,360,0.96,1.5714285714285714,1,1,373
0.0,-1.928571428571428,2.2,360,0.96,1.7142857142857142,2,1,374
0.0,-2.514285714285714,2.211925960798826,360,0.96,1.8571428571428568,3,1,375
0.0,-3.1,2.246891108675446,360,1.0,2.0,4,1,376
0.0,-2.6,2.3025126265847082,360,0.99,2.0,5,1,377
0.0,-3.6,2.3749999999999996,360,1.0,2.0,6,1,378
0.0,-3.7,2.459413334214118,360,1.0,2.0,7,1,379
11.222222222222221,-3.4,2.55,360,1.0,2.0,8,1,380
280.55555555555554,-2.0,2.640586665785882,360,0.98,2.0,9,1,381
583.5555555555555,-0.3,2.7249999999999996,360,0.96,2.0,10,1,382
796.7777777777777,1.5,2.7974873734152914,360,0.89,2.0,11,1,383
718.2222222222222,3.1,2.8531088913245535,360,0.82,2.0,12,1,384
684.5555555555557,4.7,2.8880740392011734,360,0.72,2.0,13,1,385
594.7777777777778,5.5,2.8999999999999995,360,0.71,2.0,14,1,386
404.0,5.1,2.8880740392011734,360,0.72,2.0,15,1,387
168.33333333333331,4.0,2.8531088913245535,360,0.78,2.0,16,1,388
11.222222222222221,0.2,2.7974873734152914,360,0.92,2.0,17,1,389
0.0,0.1,2.7249999999999996,360,0.96,2.0,18,1,390
0.0,0.7,2.640586665785882,360,0.91,2.0,19,1,391
0.0,0.4,2.55,360,0.91,3.0,20,1,392
0.0,0.4,2.459413334214118,360,0.9,4.0,21,1,393
0.0,0.9,2.375,360,0.88,5.0,22,1,394
0.0,-0.1,2.3025126265847082,360,0.91,5.0,23,1,395
0.0,-0.6,2.246891108675446,360,0.94,5.0,24,1,396
0.0,-0.3,2.5391852997675715,360,0.93,4.0,1,2,397
0.0,0.0,2.5,360,0.91,6.0,2,2,398
0.0,-0.2,2.5391852997675715,360,0.89,6.0,3,2,399
0.0,0.4,2.654070785647895,360,0.86,6.0,4,2,400
0.0,-0.5,2.8368272016354696,360,0.92,6.0,5,2,401
0.0,0.0,3.0749999999999993,360,0.92,6.0,6,2,402
0.0,0.2,3.3523580981321013,360,0.93,6.0,7,2,403
11.222222222222221,0.8,3.65,360,0.92,7.0,8,2,404
67.33333333333334,1.4,3.9476419018678985,360,0.89,6.0,9,2,405
134.66666666666669,1.9,4.225,360,0.89,6.0,10,2,406
202.0,2.5,4.463172798364529,360,0.94,6.0,11,2,407
202.0,3.1,4.645929214352105,360,0.99,5.0,12,2,408
179.55555555555554,3.3,4.760814700232428,360,1.0,6.0,13,2,409
145.88888888888889,3.8,4.8,360,1.0,6.0,14,2,410
89.77777777777777,4.0,4.760814700232428,360,1.0,5.0,15,2,411
44.888888888888886,4.1,4.645929214352105,360,1.0,4.0,16,2,412
0.0,4.2,4.463172798364529,360,1.0,5.0,17,2,413
0.0,4.2,4.225,360,1.0,6.0,18,2,414
0.0,4.2,3.9476419018678985,360,1.0,2.0,19,2,415
0.0,4.2,3.65,360,1.0,2.0,20,2,416
0.0,4.5,3.3523580981321013,360,1.0,2.0,21,2,417
0.0,4.3,3.075,360,1.0,2.0,22,2,418
0.0,4.3,2.8368272016354705,360,1.0,3.0,23,2,419
0.0,4.2,2.6540707856478956,360,1.0,3.0,24,2,420
0.0,4.1,4.064740930050771,360,1.0,3.0,1,3,421
0.0,4.6,4.0,360,1.0,3.0,2,3,422
0.0,4.7,4.064740930050771,360,1.0,4.0,3,3,423
0.0,5.2,4.254551732809567,360,1.0,6.0,4,3,424
0.0,5.7,4.556497115745559,360,1.0,5.0,5,3,425
0.0,6.5,4.949999999999999,360,1.0,6.0,6,3,426
0.0,7.3,5.408243814305211,360,1.0,6.0,7,3,427
0.0,7.5,5.9,360,1.0,6.0,8,3,428
22.444444444444443,8.3,6.39175618569479,360,1.0,4.0,9,3,429
78.55555555555554,9.9,6.8500000000000005,360,1.0,6.0,10,3,430
101.0,10.7,7.243502884254441,360,1.0,7.0,11,3,431
157.1111111111111,11.5,7.545448267190434,360,1.0,8.0,12,3,432
145.88888888888889,11.9,7.73525906994923,360,1.0,10.0,13,3,433
145.88888888888889,12.1,7.800000000000001,360,1.0,10.0,14,3,434
101.0,12.2,7.73525906994923,360,1.0,12.0,15,3,435
33.66666666666667,11.6,7.545448267190434,360,1.0,11.0,16,3,436
0.0,11.5,7.243502884254441,360,1.0,12.0,17,3,437
0.0,11.5,6.8500000000000005,360,1.0,10.0,18,3,438
0.0,11.4,6.39175618569479,360,1.0,10.0,19,3,439
0.0,11.4,5.9,360,1.0,8.0,20,3,440
0.0,11.4,5.408243814305211,360,1.0,6.0,21,3,441
0.0,11.1,4.950000000000001,360,1.0,6.0,22,3,442
0.0,11.1,4.55649711574556,360,1.0,6.0,23,3,443
0.0,10.8,4.254551732809567,360,1.0,4.0,24,3,444
0.0,10.7,7.223851921597653,360,1.0,5.0,1,4,445
0.0,10.5,7.200000000000001,360,1.0,5.0,2,4,446
0.0,10.1,7.223851921597653,360,1.0,2.0,3,4,447
0.0,10.1,7.293782217350893,360,1.0,4.0,4,4,448
0.0,9.8,7.405025253169417,360,1.0,4.0,5,4,449
0.0,9.6,7.55,360,1.0,3.0,6,4,450
0.0,9.3,7.718826668428236,360,1.0,3.0,7,4,451
11.222222222222221,8.9,7.9,360,1.0,1.0,8,4,452
44.888888888888886,9.3,8.081173331571765,360,1.0,1.0,9,4,453
134.66666666666669,9.8,8.25,360,1.0,2.0,10,4,454
246.8888888888889,10.3,8.394974746830583,360,1.0,2.0,11,4,455
213.22222222222223,10.6,8.506217782649108,360,1.0,2.0,12,4,456
179.55555555555554,10.8,8.576148078402348,360,1.0,2.0,13,4,457
202.0,11.2,8.6,360,0.99,2.0,14,4,458
145.88888888888889,10.8,8.576148078402348,360,0.99,2.0,15,4,459
56.111111111111114,10.5,8.506217782649108,360,1.0,2.0,16,4,460
11.222222222222221,9.7,8.394974746830583,360,1.0,2.0,17,4,461
0.0,9.3,8.25,360,1.0,2.0,18,4,462
0.0,8.9,8.081173331571765,360,1.0,1.0,19,4,463
0.0,8.8,7.9,360,1.0,3.0,20,4,464
0.0,8.4,7.718826668428236,360,1.0,4.0,21,4,465
0.0,8.3,7.550000000000001,360,1.0,3.0,22,4,466
0.0,7.9,7.405025253169417,360,1.0,3.0,23,4,467
0.0,7.6,7.293782217350893,360,1.0,4.0,24,4,468
0.0,7.2,7.50511112605664,360,1.0,4.0,1,5,469
0.0,6.1,7.5,360,1.0,4.0,2,5,470
0.0,5.4,7.50511112605664,360,1.0,4.0,3,5,471
0.0,5.1,7.520096189432334,360,1.0,4.0,4,5,472
0.0,4.7,7.543933982822018,360,1.0,4.0,5,5,473
0.0,4.2,7.575,360,1.0,4.0,6,5,474
0.0,4.4,7.611177143234622,360,1.0,5.0,7,5,475
0.0,4.3,7.65,360,1.0,5.0,8,5,476
44.888888888888886,4.3,7.688822856765379,360,1.0,5.0,9,5,477
134.66666666666669,4.5,7.7250000000000005,360,1.0,4.0,10,5,478
213.22222222222223,4.4,7.756066017177982,360,1.0,5.0,11,5,479
246.8888888888889,4.6,7.779903810567666,360,1.0,6.0,12,5,480
246.8888888888889,4.6,7.794888873943361,360,1.0,5.0,13,5,481
246.8888888888889,3.9,7.800000000000001,360,1.0,5.0,14,5,482
145.88888888888889,3.6,7.794888873943361,360,1.0,4.0,15,5,483
56.111111111111114,3.2,7.779903810567666,360,1.0,5.0,16,5,484
11.222222222222221,2.6,7.756066017177982,360,1.0,4.0,17,5,485
0.0,2.3,7.7250000000000005,360,1.0,4.0,18,5,486
0.0,1.2,7.688822856765379,360,1.0,2.0,19,5,487
0.0,1.9,7.65,360,1.0,3.0,20,5,488
0.0,1.4,7.611177143234622,360,1.0,3.0,21,5,489
0.0,1.0,7.575,360,1.0,2.0,22,5,490
0.0,0.5,7.543933982822018,360,1.0,2.0,23,5,491
0.0,0.6,7.520096189432334,360,1.0,2.0,24,5,492
0.0,0.3,6.208518543427733,360,1.0,2.0,1,6,493
0.0,0.7,6.2,360,1.0,4.0,2,6,494
0.0,1.6,6.208518543427733,360,1.0,3.0,3,6,495
0.0,1.4,6.233493649053891,360,1.0,4.0,4,6,496
0.0,1.2,6.273223304703363,360,1.0,3.0,5,6,497
0.0,1.3,6.325,360,1.0,2.0,6,6,498
0.0,1.5,6.38529523872437,360,1.0,3.0,7,6,499
0.0,1.9,6.45,360,1.0,4.0,8,6,500
33.66666666666667,2.2,6.51470476127563,360,1.0,4.0,9,6,501
78.55555555555554,2.9,6.575,360,1.0,5.0,10,6,502
123.44444444444446,3.5,6.626776695296637,360,1.0,5.0,11,6,503
157.1111111111111,3.8,6.6665063509461095,360,1.0,5.0,12,6,504
134.66666666666669,4.2,6.691481456572268,360,1.0,5.0,13,6,505
145.88888888888889,4.5,6.7,360,1.0,5.0,14,6,506
101.0,4.8,6.691481456572268,360,1.0,4.0,15,6,507
67.33333333333334,5.0,6.6665063509461095,360,1.0,4.0,16,6,508
11.222222222222221,5.0,6.626776695296637,360,1.0,4.0,17,6,509
0.0,4.9,6.575,360,1.0,4.0,18,6,510
0.0,5.0,6.51470476127563,360,1.0,3.0,19,6,511
0.0,4.9,6.45,360,1.0,4.0,20,6,512
0.0,4.7,6.38529523872437,360,1.0,4.0,21,6,513
0.0,4.6,6.325,360,1.0,4.0,22,6,514
0.0,4.6,6.273223304703364,360,1.0,4.0,23,6,515
0.0,4.7,6.233493649053891,360,1.0,4.0,24,6,516
0.0,4.8,6.6187407955410125,360,1.0,4.0,1,7,517
0.0,4.8,6.6,360,1.0,4.0,2,7,518
0.0,4.8,6.6187407955410125,360,1.0,4.0,3,7,519
0.0,4.9,6.673686027918559,360,1.0,4.0,4,7,520
0.0,4.9,6.761091270347399,360,1.0,1.0,5,7,521
0.0,5.1,6.875,360,1.0,2.0,6,7,522
0.0,5.2,7.007649525193614,360,1.0,2.0,7,7,523
0.0,5.4,7.15,360,1.0,2.0,8,7,524
33.66666666666667,5.8,7.292350474806387,360,1.0,2.0,9,7,525
89.77777777777777,6.5,7.425000000000001,360,1.0,2.0,10,7,526
224.44444444444446,6.9,7.538908729652602,360,1.0,4.0,11,7,527
235.66666666666669,7.3,7.626313972081442,360,1.0,4.0,12,7,528
213.22222222222223,8.0,7.681259204458988,360,1.0,4.0,13,7,529
202.0,8.7,7.700000000000001,360,1.0,4.0,14,7,530
67.33333333333334,9.0,7.681259204458988,360,1.0,3.0,15,7,531
44.888888888888886,9.0,7.626313972081442,360,1.0,3.0,16,7,532
11.222222222222221,8.6,7.538908729652602,360,1.0,2.0,17,7,533
0.0,8.4,7.425000000000001,360,1.0,2.0,18,7,534
0.0,8.6,7.292350474806387,360,1.0,4.0,19,7,535
0.0,8.3,7.15,360,1.0,3.0,20,7,536
0.0,7.9,7.007649525193614,360,1.0,4.0,21,7,537
0.0,8.3,6.875,360,1.0,4.0,22,7,538
0.0,8.9,6.761091270347399,360,1.0,5.0,23,7,539
0.0,8.5,6.673686027918559,360,1.0,6.0,24,7,540
0.0,7.7,7.317037086855466,360,1.0,5.0,1,8,541
0.0,7.4,7.300000000000001,360,1.0,4.0,2,8,542
0.0,6.8,7.317037086855466,360,1.0,6.0,3,8,543
0.0,6.7,7.366987298107781,360,1.0,6.0,4,8,544
0.0,6.2,7.446446609406727,360,1.0,6.0,5,8,545
0.0,6.1,7.550000000000001,360,1.0,7.0,6,8,546
0.0,6.5,7.67059047744874,360,1.0,7.0,7,8,547
0.0,6.7,7.800000000000001,360,1.0,8.0,8,8,548
123.44444444444446,7.7,7.9294095225512615,360,1.0,10.0,9,8,549
280.55555555555554,9.3,8.05,360,1.0,10.0,10,8,550
145.88888888888889,10.1,8.153553390593276,360,1.0,12.0,11,8,551
202.0,10.2,8.233012701892221,360,1.0,9.0,12,8,552
123.44444444444446,10.3,8.282962913144535,360,1.0,9.0,13,8,553
89.77777777777777,10.7,8.3,360,1.0,12.0,14,8,554
89.77777777777777,11.1,8.282962913144535,360,1.0,10.0,15,8,555
67.33333333333334,10.9,8.233012701892221,360,1.0,6.0,16,8,556
11.222222222222221,9.8,8.153553390593276,360,1.0,4.0,17,8,557
0.0,7.9,8.05,360,1.0,4.0,18,8,558
0.0,7.9,7.9294095225512615,360,1.0,4.0,19,8,559
0.0,6.9,7.800000000000001,360,1.0,4.0,20,8,560
0.0,6.9,7.67059047744874,360,1.0,3.0,21,8,561
0.0,6.4,7.550000000000001,360,1.0,3.0,22,8,562
0.0,6.5,7.446446609406727,360,1.0,4.0,23,8,563
0.0,5.9,7.366987298107781,360,1.0,5.0,24,8,564
0.0,5.7,7.242592717138664,360,1.0,5.0,1,9,565
0.0,5.9,7.199999999999999,360,1.0,6.0,2,9,566
0.0,7.0,7.242592717138664,360,1.0,7.0,3,9,567
0.0,7.6,7.3674682452694515,360,1.0,8.0,4,9,568
0.0,8.1,7.566116523516815,360,1.0,9.0,5,9,569
0.0,8.6,7.824999999999999,360,1.0,10.0,6,9,570
0.0,9.6,8.12647619362185,360,1.0,8.0,7,9,571
0.0,10.2,8.45,360,1.0,10.0,8,9,572
33.66666666666667,10.5,8.77352380637815,360,1.0,9.0,9,9,573
89.77777777777777,11.5,9.075,360,1.0,10.0,10,9,574
123.44444444444446,12.2,9.333883476483184,360,1.0,11.0,11,9,575
190.77777777777777,12.5,9.532531754730547,360,1.0,10.0,12,9,576
179.55555555555554,12.6,9.657407282861334,360,1.0,11.0,13,9,577
157.1111111111111,12.7,9.7,360,1.0,10.0,14,9,578
112.22222222222223,12.6,9.657407282861334,360,1.0,10.0,15,9,579
44.888888888888886,12.5,9.532531754730547,360,1.0,10.0,16,9,580
0.0,12.3,9.333883476483184,360,1.0,9.0,17,9,581
0.0,12.2,9.075,360,1.0,9.0,18,9,582
0.0,12.1,8.77352380637815,360,1.0,11.0,19,9,583
0.0,12.0,8.45,360,1.0,10.0,20,9,584
0.0,11.8,8.12647619362185,360,1.0,10.0,21,9,585
0.0,11.7,7.824999999999999,360,1.0,10.0,22,9,586
0.0,11.6,7.566116523516815,360,1.0,8.0,23,9,587
0.0,11.6,7.3674682452694515,360,1.0,9.0,24,9,588
0.0,11.5,9.217037086855465,360,1.0,9.0,1,10,589
0.0,11.4,9.2,360,1.0,10.0,2,10,590
0.0,11.4,9.217037086855465,360,1.0,9.0,3,10,591
0.0,11.3,9.26698729810778,360,1.0,10.0,4,10,592
0.0,11.2,9.346446609406726,360,1.0,9.0,5,10,593
0.0,11.0,9.45,360,1.0,10.0,6,10,594
0.0,10.9,9.57059047744874,360,1.0,10.0,7,10,595
0.0,10.9,9.7,360,1.0,11.0,8,10,596
56.111111111111114,11.1,9.82940952255126,360,1.0,10.0,9,10,597
112.22222222222223,11.4,9.95,360,1.0,11.0,10,10,598
145.88888888888889,11.6,10.053553390593272,360,1.0,10.0,11,10,599
168.33333333333331,11.9,10.133012701892218,360,1.0,10.0,12,10,600
213.22222222222223,11.9,10.182962913144534,360,1.0,10.0,13,10,601
179.55555555555554,12.1,10.2,360,1.0,11.0,14,10,602
123.44444444444446,11.7,10.182962913144534,360,1.0,9.0,15,10,603
78.55555555555554,11.6,10.133012701892218,360,1.0,10.0,16,10,604
11.222222222222221,11.1,10.053553390593272,360,1.0,8.0,17,10,605
0.0,11.0,9.95,360,1.0,8.0,18,10,606
0.0,10.9,9.82940952255126,360,1.0,7.0,19,10,607
0.0,10.9,9.7,360,1.0,8.0,20,10,608
0.0,11.0,9.57059047744874,360,1.0,9.0,21,10,609
0.0,11.1,9.45,360,1.0,8.0,22,10,610
0.0,11.1,9.346446609406726,360,1.0,7.0,23,10,611
0.0,11.2,9.26698729810778,360,1.0,7.0,24,10,612
0.0,11.2,8.517037086855465,360,1.0,7.0,1,11,613
0.0,7.5,8.5,360,1.0,9.0,2,11,614
0.0,6.9,8.517037086855465,360,1.0,8.0,3,11,615
0.0,7.1,8.566987298107781,360,1.0,6.0,4,11,616
0.0,6.7,8.646446609406727,360,0.96,6.0,5,11,617
0.0,5.6,8.75,360,0.99,4.0,6,11,618
0.0,5.3,8.87059047744874,360,0.98,5.0,7,11,619
11.222222222222221,4.2,9.0,360,1.0,2.0,8,11,620
134.66666666666669,5.1,9.12940952255126,360,0.98,3.0,9,11,621
381.55555555555554,6.6,9.25,360,0.92,4.0,10,11,622
583.5555555555555,7.7,9.353553390593273,360,0.85,5.0,11,11,623
707.0000000000001,8.6,9.433012701892219,360,0.79,6.0,12,11,624
718.2222222222222,9.1,9.482962913144535,360,0.72,4.0,13,11,625
639.6666666666667,9.2,9.5,360,0.71,4.0,14,11,626
392.7777777777778,9.2,9.482962913144535,360,0.69,4.0,15,11,627
190.77777777777777,7.8,9.433012701892219,360,0.81,4.0,16,11,628
22.444444444444443,5.3,9.353553390593273,360,0.92,2.0,17,11,629
0.0,4.4,9.25,360,0.94,2.0,18,11,630
0.0,4.6,9.12940952255126,360,0.93,3.0,19,11,631
0.0,4.7,9.0,360,0.93,4.0,20,11,632
0.0,4.3,8.87059047744874,360,0.96,4.0,21,11,633
0.0,4.0,8.75,360,0.97,4.0,22,11,634
0.0,3.8,8.646446609406727,360,0.97,6.0,23,11,635
0.0,3.2,8.566987298107781,360,0.98,6.0,24,11,636
0.0,3.5,6.115333378169919,360,0.97,6.0,1,12,637
0.0,3.2,6.1,360,0.96,6.0,2,12,638
0.0,2.2,6.115333378169919,360,1.0,6.0,3,12,639
0.0,1.8,6.160288568297002,360,0.99,6.0,4,12,640
0.0,1.9,6.231801948466053,360,0.99,8.0,5,12,641
0.0,1.9,6.324999999999999,360,0.98,9.0,6,12,642
0.0,1.6,6.433531429703866,360,0.99,9.0,7,12,643
11.222222222222221,2.0,6.55,360,0.98,7.0,8,12,644
157.1111111111111,3.3,6.666468570296134,360,0.92,8.0,9,12,645
404.0,4.4,6.775,360,0.91,9.0,10,12,646
594.7777777777778,5.4,6.8681980515339465,360,0.86,10.0,11,12,647
740.6666666666667,7.0,6.939711431702998,360,0.8,8.0,12,12,648
740.6666666666667,7.8,6.984666621830081,360,0.79,8.0,13,12,649
617.2222222222222,8.2,7.0,360,0.78,8.0,14,12,650
471.33333333333337,8.5,6.984666621830081,360,0.81,8.0,15,12,651
235.66666666666669,7.5,6.939711431702998,360,0.84,7.0,16,12,652
22.444444444444443,5.7,6.8681980515339465,360,0.92,3.0,17,12,653
0.0,4.4,6.775,360,1.0,4.0,18,12,654
0.0,5.6,6.666468570296134,360,0.92,7.0,19,12,655
0.0,5.5,6.55,360,0.93,6.0,20,12,656
0.0,4.8,6.433531429703866,360,0.96,6.0,21,12,657
0.0,5.1,6.325,360,0.95,8.0,22,12,658
0.0,5.5,6.231801948466053,360,0.92,9.0,23,12,659
0.0,4.8,6.160288568297002,360,0.94,8.0,24,12,660
0.0,4.8,5.930666756339839,360,0.93,6.0,1,13,661
0.0,5.0,5.9,360,0.9,6.0,2,13,662
0.0,5.1,5.930666756339839,360,0.87,6.0,3,13,663
0.0,4.6,6.020577136594006,360,0.88,6.0,4,13,664
0.0,4.7,6.163603896932107,360,0.87,6.0,5,13,665
0.0,5.6,6.3500000000000005,360,0.85,6.0,6,13,666
0.0,5.5,6.5670628594077325,360,0.88,8.0,7,13,667
22.444444444444443,5.6,6.800000000000001,360,0.89,8.0,8,13,668
134.66666666666669,5.9,7.032937140592269,360,0.89,10.0,9,13,669
303.0,7.6,7.250000000000001,360,0.87,9.0,10,13,670
404.0,9.6,7.436396103067893,360,0.87,8.0,11,13,671
168.33333333333331,10.2,7.579422863405996,360,0.93,8.0,12,13,672
145.88888888888889,9.8,7.669333243660162,360,1.0,9.0,13,13,673
89.77777777777777,10.6,7.700000000000001,360,1.0,10.0,14,13,674
56.111111111111114,10.5,7.669333243660162,360,1.0,10.0,15,13,675
11.222222222222221,9.9,7.579422863405996,360,1.0,9.0,16,13,676
11.222222222222221,9.2,7.436396103067893,360,1.0,8.0,17,13,677
0.0,8.8,7.250000000000001,360,1.0,7.0,18,13,678
0.0,9.0,7.032937140592269,360,1.0,8.0,19,13,679
0.0,8.9,6.800000000000001,360,1.0,8.0,20,13,680
0.0,8.8,6.5670628594077325,360,1.0,9.0,21,13,681
0.0,8.3,6.350000000000001,360,1.0,8.0,22,13,682
0.0,8.6,6.163603896932108,360,1.0,9.0,23,13,683
0.0,8.2,6.020577136594006,360,1.0,8.0,24,13,684
0.0,7.3,7.017037086855466,360,1.0,7.0,1,14,685
0.0,7.1,7.0,360,1.0,5.0,2,14,686
0.0,6.8,7.017037086855466,360,0.99,6.0,3,14,687
0.0,6.4,7.06698729810778,360,0.98,6.0,4,14,688
0.0,6.7,7.146446609406726,360,1.0,7.0,5,14,689
0.0,6.5,7.25,360,0.98,6.0,6,14,690
0.0,6.4,7.37059047744874,360,1.0,8.0,7,14,691
0.0,5.8,7.5,360,1.0,8.0,8,14,692
134.66666666666669,6.9,7.62940952255126,360,1.0,7.0,9,14,693
381.55555555555554,8.6,7.75,360,0.95,9.0,10,14,694
460.11111111111114,9.3,7.853553390593274,360,0.9,10.0,11,14,695
561.1111111111111,10.2,7.93301270189222,360,0.88,8.0,12,14,696
617.2222222222222,10.6,7.982962913144534,360,0.85,8.0,13,14,697
314.2222222222222,9.3,8.0,360,0.93,8.0,14,14,698
213.22222222222223,8.9,7.982962913144534,360,0.98,7.0,15,14,699
89.77777777777777,8.9,7.93301270189222,360,0.96,6.0,16,14,700
11.222222222222221,8.4,7.853553390593274,360,1.0,7.0,17,14,701
0.0,8.4,7.75,360,1.0,6.0,18,14,702
0.0,8.1,7.62940952255126,360,1.0,7.0,19,14,703
0.0,8.1,7.5,360,1.0,8.0,20,14,704
0.0,8.0,7.37059047744874,360,1.0,8.0,21,14,705
0.0,7.7,7.25,360,1.0,10.0,22,14,706
0.0,8.0,7.146446609406726,360,0.98,11.0,23,14,707
0.0,7.9,7.06698729810778,360,0.97,10.0,24,14,708
0.0,7.7,7.406814834742186,360,0.97,10.0,1,15,709
0.0,7.8,7.4,360,0.93,10.0,2,15,710
0.0,7.9,7.406814834742186,360,0.91,10.0,3,15,711
0.0,7.2,7.426794919243112,360,0.93,8.0,4,15,712
0.0,7.5,7.45857864376269,360,0.91,10.0,5,15,713
0.0,7.5,7.5,360,0.9,11.0,6,15,714
0.0,8.1,7.5482361909794955,360,0.87,12.0,7,15,715
0.0,8.3,7.6,360,0.86,12.0,8,15,716
56.111111111111114,8.4,7.651763809020504,360,0.85,12.0,9,15,717
123.44444444444446,8.6,7.699999999999999,360,0.85,14.0,10,15,718
168.33333333333331,9.1,7.741421356237309,360,0.84,14.0,11,15,719
134.66666666666669,9.0,7.773205080756887,360,0.86,12.0,12,15,720
134.66666666666669,9.5,7.793185165257813,360,0.86,12.0,13,15,721
101.0,9.1,7.799999999999999,360,0.91,10.0,14,15,722
67.33333333333334,8.8,7.793185165257813,360,0.97,9.0,15,15,723
33.66666666666667,8.9,7.773205080756887,360,1.0,8.0,16,15,724
11.222222222222221,8.6,7.741421356237309,360,1.0,9.0,17,15,725
0.0,8.2,7.699999999999999,360,1.0,8.0,18,15,726
0.0,7.4,7.651763809020504,360,1.0,5.0,19,15,727
0.0,7.4,7.6,360,1.0,2.0,20,15,728
0.0,7.2,7.5482361909794955,360,1.0,2.0,21,15,729
0.0,6.8,7.5,360,1.0,2.0,22,15,730
0.0,6.5,7.45857864376269,360,1.0,2.0,23,15,731
0.0,6.1,7.426794919243112,360,1.0,3.0,24,15,732
0.0,6.2,6.8136296694843725,360,1.0,4.0,1,16,733
0.0,6.0,6.799999999999999,360,1.0,5.0,2,16,734
0.0,5.9,6.813629669484372,360,1.0,2.0,3,16,735
0.0,5.8,6.853589838486224,360,1.0,4.0,4,16,736
0.0,5.2,6.91715728752538,360,1.0,5.0,5,16,737
0.0,3.5,6.999999999999999,360,1.0,3.0,6,16,738
0.0,3.8,7.096472381958991,360,1.0,2.0,7,16,739
11.222222222222221,3.4,7.199999999999999,360,1.0,2.0,8,16,740
56.111111111111114,4.3,7.303527618041008,360,1.0,4.0,9,16,741
303.0,6.2,7.3999999999999995,360,0.97,4.0,10,16,742
606.0,7.3,7.482842712474619,360,0.9,6.0,11,16,743
370.33333333333337,7.4,7.546410161513775,360,0.93,6.0,12,16,744
179.55555555555554,6.6,7.586370330515627,360,1.0,7.0,13,16,745
336.66666666666663,7.4,7.6,360,0.99,5.0,14,16,746
190.77777777777777,7.4,7.586370330515627,360,0.96,5.0,15,16,747
101.0,7.3,7.546410161513775,360,0.98,4.0,16,16,748
22.444444444444443,5.8,7.482842712474619,360,1.0,3.0,17,16,749
0.0,6.0,7.3999999999999995,360,0.93,4.0,18,16,750
0.0,4.0,7.303527618041008,360,0.98,2.0,19,16,751
0.0,3.8,7.199999999999999,360,0.99,2.0,20,16,752
0.0,3.1,7.096472381958991,360,1.0,2.0,21,16,753
0.0,2.7,6.999999999999999,360,1.0,2.0,22,16,754
0.0,2.0,6.917157287525381,360,1.0,2.0,23,16,755
0.0,2.2,6.853589838486224,360,1.0,2.0,24,16,756
0.0,0.8,5.223851921597653,360,1.0,2.0,1,17,757
0.0,-0.6,5.200000000000001,360,1.0,2.0,2,17,758
0.0,-0.2,5.223851921597653,360,1.0,2.0,3,17,759
0.0,-0.1,5.293782217350893,360,1.0,1.0,4,17,760
0.0,0.8,5.405025253169417,360,1.0,2.0,5,17,761
0.0,1.0,5.55,360,1.0,4.0,6,17,762
0.0,0.6,5.718826668428236,360,1.0,2.0,7,17,763
0.0,0.0,5.9,360,1.0,1.0,8,17,764
112.22222222222223,0.8,6.081173331571764,360,1.0,2.0,9,17,765
325.44444444444446,3.7,6.25,360,1.0,3.0,10,17,766
617.2222222222222,5.3,6.3949747468305835,360,0.98,4.0,11,17,767
684.5555555555557,6.9,6.506217782649108,360,0.87,4.0,12,17,768
617.2222222222222,6.2,6.576148078402348,360,0.91,4.0,13,17,769
471.33333333333337,6.8,6.6,360,0.89,4.0,14,17,770
549.8888888888889,6.7,6.576148078402348,360,0.9,5.0,15,17,771
258.11111111111114,5.4,6.506217782649108,360,0.93,5.0,16,17,772
22.444444444444443,3.3,6.3949747468305835,360,0.99,2.0,17,17,773
0.0,3.2,6.25,360,1.0,2.0,18,17,774
0.0,2.9,6.081173331571764,360,1.0,2.0,19,17,775
0.0,3.4,5.9,360,1.0,6.0,20,17,776
0.0,3.5,5.718826668428236,360,1.0,6.0,21,17,777
0.0,3.1,5.550000000000001,360,1.0,6.0,22,17,778
0.0,3.0,5.405025253169417,360,1.0,6.0,23,17,779
0.0,2.7,5.293782217350893,360,1.0,6.0,24,17,780
0.0,2.7,5.420444504226559,360,1.0,7.0,1,18,781
0.0,2.8,5.4,360,1.0,7.0,2,18,782
0.0,2.5,5.420444504226559,360,1.0,7.0,3,18,783
0.0,2.6,5.480384757729337,360,1.0,7.0,4,18,784
0.0,2.7,5.575735931288071,360,1.0,6.0,5,18,785
0.0,2.9,5.7,360,1.0,7.0,6,18,786
0.0,3.0,5.844708572938488,360,1.0,8.0,7,18,787
11.222222222222221,2.9,6.0,360,1.0,6.0,8,18,788
56.111111111111114,3.3,6.155291427061512,360,1.0,6.0,9,18,789
157.1111111111111,3.8,6.3,360,1.0,8.0,10,18,790
269.33333333333337,4.5,6.424264068711929,360,1.0,8.0,11,18,791
460.11111111111114,5.5,6.519615242270663,360,0.96,8.0,12,18,792
718.2222222222222,6.8,6.579555495773441,360,0.91,8.0,13,18,793
673.3333333333333,7.0,6.6,360,0.89,7.0,14,18,794
347.8888888888889,6.4,6.579555495773441,360,0.91,6.0,15,18,795
134.66666666666669,6.1,6.519615242270663,360,0.94,5.0,16,18,796
22.444444444444443,5.8,6.424264068711929,360,0.96,3.0,17,18,797
0.0,5.7,6.3,360,0.95,3.0,18,18,798
0.0,4.6,6.155291427061512,360,0.97,3.0,19,18,799
0.0,4.5,6.0,360,0.97,2.0,20,18,800
0.0,4.3,5.844708572938488,360,0.99,1.0,21,18,801
0.0,4.4,5.7,360,0.98,2.0,22,18,802
0.0,4.0,5.575735931288071,360,0.99,1.0,23,18,803
0.0,4.1,5.480384757729337,360,1.0,2.0,24,18,804
0.0,3.6,5.703407417371094,360,1.0,3.0,1,19,805
0.0,2.8,5.700000000000001,360,1.0,2.0,2,19,806
0.0,2.9,5.703407417371094,360,1.0,4.0,3,19,807
0.0,3.0,5.713397459621556,360,1.0,4.0,4,19,808
0.0,3.2,5.729289321881346,360,1.0,5.0,5,19,809
0.0,3.1,5.750000000000001,360,1.0,6.0,6,19,810
0.0,3.0,5.774118095489748,360,1.0,6.0,7,19,811
0.0,2.3,5.800000000000001,360,1.0,6.0,8,19,812
22.444444444444443,1.9,5.825881904510253,360,1.0,6.0,9,19,813
89.77777777777777,1.9,5.8500000000000005,360,1.0,6.0,10,19,814
123.44444444444446,2.1,5.870710678118655,360,1.0,7.0,11,19,815
89.77777777777777,2.1,5.886602540378445,360,1.0,6.0,12,19,816
123.44444444444446,2.6,5.896592582628908,360,1.0,7.0,13,19,817
134.66666666666669,2.8,5.9,360,1.0,6.0,14,19,818
89.77777777777777,3.0,5.896592582628908,360,1.0,4.0,15,19,819
44.888888888888886,2.9,5.886602540378445,360,0.98,6.0,16,19,820
11.222222222222221,2.3,5.870710678118655,360,0.98,5.0,17,19,821
0.0,2.3,5.8500000000000005,360,0.99,2.0,18,19,822
0.0,2.5,5.825881904510253,360,0.99,2.0,19,19,823
0.0,2.1,5.800000000000001,360,1.0,1.0,20,19,824
0.0,0.8,5.774118095489748,360,1.0,2.0,21,19,825
0.0,-0.6,5.750000000000001,360,1.0,1.0,22,19,826
0.0,-1.2,5.729289321881346,360,1.0,1.0,23,19,827
0.0,-0.2,5.713397459621556,360,1.0,1.0,24,19,828
0.0,0.0,3.9187407955410127,360,1.0,1.0,1,20,829
0.0,-0.3,3.9000000000000004,360,1.0,1.0,2,20,830
0.0,-0.3,3.9187407955410123,360,1.0,1.0,3,20,831
0.0,-0.9,3.973686027918559,360,1.0,2.0,4,20,832
0.0,-0.8,4.061091270347399,360,1.0,1.0,5,20,833
0.0,-1.7,4.175,360,1.0,1.0,6,20,834
0.0,-2.3,4.3076495251936135,360,1.0,0.0,7,20,835
11.222222222222221,-2.4,4.45,360,1.0,0.0,8,20,836
235.66666666666669,-0.9,4.592350474806387,360,1.0,1.0,9,20,837
224.44444444444446,-0.2,4.7250000000000005,360,1.0,2.0,10,20,838
269.33333333333337,0.9,4.838908729652601,360,1.0,2.0,11,20,839
437.6666666666667,2.0,4.9263139720814415,360,0.95,3.0,12,20,840
437.6666666666667,2.6,4.981259204458988,360,0.85,4.0,13,20,841
347.8888888888889,2.6,5.0,360,0.86,4.0,14,20,842
224.44444444444446,2.6,4.981259204458988,360,0.86,3.0,15,20,843
134.66666666666669,2.3,4.9263139720814415,360,0.85,3.0,16,20,844
22.444444444444443,1.6,4.838908729652601,360,0.91,2.0,17,20,845
0.0,1.2,4.7250000000000005,360,0.92,1.0,18,20,846
0.0,0.7,4.592350474806387,360,0.96,1.0,19,20,847
0.0,0.5,4.45,360,0.98,1.0,20,20,848
0.0,-0.8,4.3076495251936135,360,1.0,1.0,21,20,849
0.0,-1.0,4.175000000000001,360,1.0,1.0,22,20,850
0.0,-1.5,4.061091270347399,360,1.0,2.0,23,20,851
0.0,-1.8,3.973686027918559,360,1.0,2.0,24,20,852
0.0,-1.8,3.625555630283199,360,1.0,2.0,1,21,853
0.0,-0.6,3.5999999999999996,360,1.0,4.0,2,21,854
0.0,-0.3,3.6255556302831984,360,1.0,5.0,3,21,855
0.0,-0.2,3.7004809471616706,360,1.0,5.0,4,21,856
0.0,-0.5,3.8196699141100887,360,1.0,6.0,5,21,857
0.0,-0.5,3.9749999999999996,360,1.0,5.0,6,21,858
0.0,0.2,4.155885716173109,360,0.99,6.0,7,21,859
0.0,0.6,4.35,360,0.97,6.0,8,21,860
78.55555555555554,1.0,4.54411428382689,360,0.96,6.0,9,21,861
269.33333333333337,1.7,4.725,360,0.95,7.0,10,21,862
359.1111111111111,3.1,4.88033008588991,360,0.89,7.0,11,21,863
527.4444444444445,4.8,4.999519052838329,360,0.86,6.0,12,21,864
505.0,5.8,5.074444369716801,360,0.83,6.0,13,21,865
269.33333333333337,5.5,5.1,360,0.85,6.0,14,21,866
179.55555555555554,5.5,5.074444369716801,360,0.88,5.0,15,21,867
145.88888888888889,5.5,4.999519052838329,360,0.88,4.0,16,21,868
11.222222222222221,5.0,4.88033008588991,360,0.9,4.0,17,21,869
0.0,4.6,4.725,360,0.91,2.0,18,21,870
0.0,4.0,4.54411428382689,360,0.95,2.0,19,21,871
0.0,3.3,4.35,360,0.97,3.0,20,21,872
0.0,3.1,4.155885716173109,360,0.96,2.0,21,21,873
0.0,1.3,3.975,360,0.98,2.0,22,21,874
0.0,0.1,3.819669914110089,360,0.97,2.0,23,21,875
0.0,0.9,3.7004809471616706,360,0.97,2.0,24,21,876
0.0,1.2,3.7102222521132795,360,0.96,4.0,1,22,877
0.0,0.1,3.7,360,1.0,4.0,2,22,878
0.0,-1.0,3.7102222521132795,360,1.0,3.0,3,22,879
0.0,-1.3,3.7401923788646685,360,1.0,4.0,4,22,880
0.0,-1.9,3.7878679656440357,360,1.0,4.0,5,22,881
0.0,-2.0,3.85,360,1.0,4.0,6,22,882
0.0,-1.7,3.922354286469244,360,1.0,5.0,7,22,883
11.222222222222221,-1.2,4.0,360,1.0,6.0,8,22,884
33.66666666666667,-0.6,4.077645713530756,360,1.0,6.0,9,22,885
134.66666666666669,-0.3,4.15,360,1.0,5.0,10,22,886
235.66666666666669,0.7,4.212132034355964,360,1.0,6.0,11,22,887
224.44444444444446,0.9,4.259807621135331,360,1.0,5.0,12,22,888
179.55555555555554,0.9,4.2897777478867205,360,1.0,5.0,13,22,889
123.44444444444446,1.1,4.3,360,1.0,6.0,14,22,890
78.55555555555554,1.4,4.2897777478867205,360,1.0,5.0,15,22,891
78.55555555555554,2.1,4.259807621135331,360,0.99,4.0,16,22,892
22.444444444444443,1.7,4.212132034355964,360,0.98,2.0,17,22,893
0.0,1.6,4.15,360,0.98,3.0,18,22,894
0.0,1.4,4.077645713530756,360,0.98,4.0,19,22,895
0.0,0.5,4.0,360,0.97,5.0,20,22,896
0.0,-0.3,3.922354286469244,360,0.97,4.0,21,22,897
0.0,-1.2,3.85,360,0.99,4.0,22,22,898
0.0,-1.4,3.7878679656440357,360,1.0,4.0,23,22,899
0.0,-1.3,3.7401923788646685,360,1.0,4.0,24,22,900
0.0,-1.7,2.817037086855466,360,1.0,4.0,1,23,901
0.0,-1.9,2.8,360,1.0,6.0,2,23,902
0.0,-2.6,2.8170370868554655,360,1.0,4.0,3,23,903
0.0,-2.2,2.86698729810778,360,1.0,3.0,4,23,904
0.0,-3.1,2.946446609406726,360,1.0,3.0,5,23,905
0.0,-2.3,3.05,360,1.0,3.0,6,23,906
0.0,-1.5,3.1705904774487395,360,1.0,4.0,7,23,907
0.0,-1.4,3.3,360,0.99,6.0,8,23,908
56.111111111111114,-1.6,3.42940952255126,360,0.98,7.0,9,23,909
123.44444444444446,-1.4,3.55,360,0.98,6.0,10,23,910
224.44444444444446,-0.8,3.6535533905932738,360,0.96,5.0,11,23,911
280.55555555555554,-0.5,3.733012701892219,360,0.96,4.0,12,23,912
561.1111111111111,0.6,3.782962913144534,360,0.92,4.0,13,23,913
325.44444444444446,0.8,3.8,360,0.9,3.0,14,23,914
202.0,0.4,3.782962913144534,360,0.92,4.0,15,23,915
67.33333333333334,-0.3,3.733012701892219,360,0.94,4.0,16,23,916
22.444444444444443,-0.8,3.6535533905932738,360,0.97,6.0,17,23,917
0.0,-1.4,3.55,360,0.98,4.0,18,23,918
0.0,-1.5,3.42940952255126,360,0.98,4.0,19,23,919
0.0,-1.5,3.3,360,0.98,4.0,20,23,920
0.0,-1.5,3.1705904774487395,360,0.97,3.0,21,23,921
0.0,-1.7,3.05,360,0.97,4.0,22,23,922
0.0,-2.3,2.946446609406726,360,0.98,3.0,23,23,923
0.0,-2.2,2.8669872981077806,360,0.98,1.0,24,23,924
0.0,-2.9,2.823851921597652,360,1.0,1.0,1,24,925
0.0,-3.6,2.8,360,1.0,1.0,2,24,926
0.0,-3.5,2.823851921597652,360,1.0,2.0,3,24,927
0.0,-3.5,2.8937822173508927,360,1.0,2.0,4,24,928
0.0,-2.5,3.0050252531694164,360,1.0,3.0,5,24,929
0.0,-2.1,3.1499999999999995,360,1.0,4.0,6,24,930
0.0,-1.5,3.3188266684282355,360,1.0,5.0,7,24,931
0.0,-1.0,3.5,360,1.0,6.0,8,24,932
33.66666666666667,-0.4,3.6811733315717645,360,1.0,6.0,9,24,933
78.55555555555554,0.2,3.85,360,1.0,7.0,10,24,934
134.66666666666669,1.3,3.994974746830583,360,1.0,6.0,11,24,935
291.77777777777777,3.2,4.106217782649107,360,1.0,3.0,12,24,936
628.4444444444443,6.1,4.176148078402348,360,0.97,8.0,13,24,937
662.1111111111112,6.7,4.2,360,0.89,10.0,14,24,938
437.6666666666667,6.4,4.176148078402348,360,0.85,8.0,15,24,939
235.66666666666669,5.6,4.106217782649107,360,0.84,7.0,16,24,940
56.111111111111114,4.8,3.994974746830583,360,0.87,6.0,17,24,941
0.0,3.9,3.85,360,0.89,5.0,18,24,942
0.0,3.1,3.6811733315717645,360,0.91,4.0,19,24,943
0.0,2.6,3.5,360,0.91,5.0,20,24,944
0.0,2.1,3.3188266684282355,360,0.93,4.0,21,24,945
0.0,1.7,3.15,360,0.93,4.0,22,24,946
0.0,1.2,3.005025253169417,360,0.94,4.0,23,24,947
0.0,0.2,2.8937822173508927,360,0.97,4.0,24,24,948
0.0,0.2,2.625555630283199,360,0.99,3.0,1,25,949
0.0,0.0,2.5999999999999996,360,0.99,4.0,2,25,950
0.0,-0.2,2.6255556302831984,360,0.99,3.0,3,25,951
0.0,-0.2,2.7004809471616706,360,1.0,4.0,4,25,952
0.0,-0.9,2.8196699141100887,360,1.0,2.0,5,25,953
0.0,-1.3,2.9749999999999996,360,1.0,2.0,6,25,954
0.0,-0.9,3.1558857161731093,360,1.0,2.0,7,25,955
11.222222222222221,-0.7,3.3499999999999996,360,1.0,2.0,8,25,956
258.11111111111114,0.5,3.54411428382689,360,1.0,4.0,9,25,957
482.5555555555556,2.2,3.7249999999999996,360,0.97,3.0,10,25,958
662.1111111111112,4.0,3.88033008588991,360,0.92,2.0,11,25,959
785.5555555555557,5.7,3.9995190528383286,360,0.86,3.0,12,25,960
819.2222222222222,6.5,4.074444369716801,360,0.78,4.0,13,25,961
662.1111111111112,6.7,4.1,360,0.75,5.0,14,25,962
538.6666666666667,6.5,4.074444369716801,360,0.77,6.0,15,25,963
359.1111111111111,6.2,3.9995190528383286,360,0.77,4.0,16,25,964
67.33333333333334,5.1,3.88033008588991,360,0.82,4.0,17,25,965
0.0,1.8,3.7249999999999996,360,0.95,2.0,18,25,966
0.0,0.8,3.54411428382689,360,0.97,2.0,19,25,967
0.0,-0.2,3.3499999999999996,360,1.0,1.0,20,25,968
0.0,0.5,3.1558857161731093,360,1.0,2.0,21,25,969
0.0,-0.2,2.975,360,1.0,2.0,22,25,970
0.0,-0.7,2.819669914110089,360,1.0,2.0,23,25,971
0.0,-0.5,2.7004809471616706,360,1.0,2.0,24,25,972
0.0,0.5,3.039185299767572,360,1.0,2.0,1,26,973
0.0,0.6,3.0000000000000004,360,1.0,2.0,2,26,974
0.0,0.4,3.039185299767572,360,1.0,2.0,3,26,975
0.0,0.7,3.154070785647896,360,1.0,2.0,4,26,976
0.0,0.7,3.3368272016354705,360,1.0,2.0,5,26,977
0.0,1.7,3.5749999999999997,360,0.99,4.0,6,26,978
0.0,1.9,3.8523580981321017,360,0.99,4.0,7,26,979
11.222222222222221,2.2,4.15,360,0.98,4.0,8,26,980
101.0,3.8,4.447641901867899,360,0.98,4.0,9,26,981
168.33333333333331,5.0,4.7250000000000005,360,0.93,5.0,10,26,982
213.22222222222223,4.6,4.96317279836453,360,1.0,6.0,11,26,983
213.22222222222223,5.2,5.145929214352105,360,1.0,6.0,12,26,984
258.11111111111114,6.1,5.260814700232428,360,0.99,7.0,13,26,985
168.33333333333331,6.4,5.300000000000001,360,1.0,6.0,14,26,986
123.44444444444446,6.3,5.260814700232428,360,1.0,7.0,15,26,987
56.111111111111114,6.6,5.145929214352105,360,1.0,6.0,16,26,988
11.222222222222221,6.8,4.96317279836453,360,1.0,5.0,17,26,989
0.0,7.5,4.7250000000000005,360,1.0,4.0,18,26,990
0.0,7.8,4.447641901867899,360,1.0,5.0,19,26,991
0.0,7.9,4.15,360,1.0,5.0,20,26,992
0.0,7.9,3.8523580981321017,360,1.0,6.0,21,26,993
0.0,7.5,3.5750000000000006,360,1.0,8.0,22,26,994
0.0,6.8,3.336827201635471,360,1.0,6.0,23,26,995
0.0,6.3,3.154070785647896,360,0.96,6.0,24,26,996
0.0,5.0,4.7221482129121055,360,0.97,4.0,1,27,997
0.0,4.7,4.699999999999999,360,0.96,4.0,2,27,998
0.0,4.2,4.7221482129121055,360,0.97,5.0,3,27,999
0.0,4.6,4.787083487540114,360,0.97,4.0,4,27,1000
0.0,4.0,4.890380592228744,360,0.97,4.0,5,27,1001
0.0,3.7,5.0249999999999995,360,0.99,6.0,6,27,1002
0.0,3.5,5.181767620683361,360,1.0,5.0,7,27,1003
11.222222222222221,2.8,5.35,360,1.0,4.0,8,27,1004
168.33333333333331,3.4,5.518232379316638,360,1.0,4.0,9,27,1005
359.1111111111111,4.8,5.675,360,0.98,4.0,10,27,1006
392.7777777777778,5.6,5.8096194077712555,360,0.96,5.0,11,27,1007
392.7777777777778,6.1,5.912916512459884,360,0.94,4.0,12,27,1008
482.5555555555556,6.6,5.977851787087894,360,0.9,4.0,13,27,1009
448.8888888888889,7.2,6.0,360,0.85,4.0,14,27,1010
314.2222222222222,7.4,5.977851787087894,360,0.8,4.0,15,27,1011
269.33333333333337,7.1,5.912916512459884,360,0.82,4.0,16,27,1012
56.111111111111114,6.4,5.8096194077712555,360,0.85,3.0,17,27,1013
0.0,4.8,5.675,360,0.93,1.0,18,27,1014
0.0,4.6,5.518232379316638,360,0.93,1.0,19,27,1015
0.0,4.2,5.35,360,0.97,2.0,20,27,1016
0.0,4.3,5.181767620683361,360,0.97,2.0,21,27,1017
0.0,4.4,5.0249999999999995,360,0.98,2.0,22,27,1018
0.0,4.8,4.890380592228744,360,0.97,2.0,23,27,1019
0.0,5.2,4.787083487540115,360,0.97,5.0,24,27,1020
0.0,4.6,5.323851921597652,360,1.0,3.0,1,28,1021
0.0,4.8,5.3,360,1.0,4.0,2,28,1022
0.0,4.8,5.323851921597652,360,1.0,4.0,3,28,1023
0.0,4.7,5.393782217350893,360,1.0,4.0,4,28,1024
0.0,4.7,5.505025253169416,360,1.0,4.0,5,28,1025
0.0,4.4,5.6499999999999995,360,1.0,5.0,6,28,1026
0.0,4.4,5.818826668428236,360,1.0,4.0,7,28,1027
0.0,4.7,6.0,360,1.0,5.0,8,28,1028
56.111111111111114,5.2,6.181173331571765,360,1.0,6.0,9,28,1029
179.55555555555554,6.1,6.3500000000000005,360,1.0,7.0,10,28,1030
336.66666666666663,6.7,6.494974746830583,360,1.0,8.0,11,28,1031
303.0,7.5,6.606217782649107,360,1.0,10.0,12,28,1032
303.0,7.6,6.676148078402348,360,1.0,9.0,13,28,1033
213.22222222222223,8.0,6.7,360,1.0,10.0,14,28,1034
157.1111111111111,8.8,6.676148078402348,360,1.0,9.0,15,28,1035
56.111111111111114,9.4,6.606217782649107,360,1.0,10.0,16,28,1036
33.66666666666667,9.9,6.494974746830583,360,1.0,8.0,17,28,1037
0.0,10.2,6.3500000000000005,360,1.0,10.0,18,28,1038
0.0,8.7,6.181173331571765,360,0.97,9.0,19,28,1039
0.0,8.4,6.0,360,1.0,7.0,20,28,1040
0.0,8.1,5.818826668428236,360,0.99,8.0,21,28,1041
0.0,7.6,5.65,360,0.98,7.0,22,28,1042
0.0,7.3,5.505025253169417,360,0.96,6.0,23,28,1043
0.0,6.8,5.393782217350893,360,0.97,6.0,24,28,1044
0.0,6.3,6.310222252113279,360,0.99,6.0,1,29,1045
0.0,6.1,6.299999999999999,360,1.0,5.0,2,29,1046
0.0,5.8,6.310222252113279,360,1.0,6.0,3,29,1047
0.0,5.6,6.340192378864668,360,1.0,6.0,4,29,1048
0.0,6.2,6.387867965644035,360,1.0,6.0,5,29,1049
0.0,6.4,6.449999999999999,360,1.0,7.0,6,29,1050
0.0,6.6,6.522354286469243,360,1.0,8.0,7,29,1051
0.0,6.5,6.6,360,1.0,8.0,8,29,1052
22.444444444444443,6.7,6.677645713530756,360,1.0,8.0,9,29,1053
33.66666666666667,6.8,6.75,360,1.0,8.0,10,29,1054
89.77777777777777,6.8,6.812132034355964,360,1.0,10.0,11,29,1055
145.88888888888889,7.0,6.859807621135332,360,1.0,11.0,12,29,1056
101.0,7.0,6.88977774788672,360,1.0,10.0,13,29,1057
157.1111111111111,7.4,6.9,360,1.0,8.0,14,29,1058
101.0,8.0,6.88977774788672,360,1.0,8.0,15,29,1059
78.55555555555554,9.0,6.859807621135332,360,1.0,9.0,16,29,1060
0.0,8.7,6.812132034355964,360,0.97,10.0,17,29,1061
0.0,8.4,6.75,360,0.96,10.0,18,29,1062
0.0,7.7,6.677645713530756,360,0.92,10.0,19,29,1063
0.0,7.3,6.6,360,0.94,10.0,20,29,1064
0.0,6.6,6.522354286469243,360,0.92,10.0,21,29,1065
11.222222222222221,3.3,6.449999999999999,360,0.97,12.0,22,29,1066
0.0,4.1,6.387867965644035,360,0.91,9.0,23,29,1067
0.0,4.3,6.340192378864668,360,0.92,6.0,24,29,1068
0.0,3.6,4.822148212912105,360,0.9,8.0,1,30,1069
0.0,2.8,4.799999999999999,360,0.9,7.0,2,30,1070
0.0,1.9,4.822148212912105,360,0.95,6.0,3,30,1071
0.0,1.4,4.887083487540114,360,0.97,6.0,4,30,1072
0.0,0.3,4.990380592228743,360,1.0,6.0,5,30,1073
0.0,0.2,5.124999999999999,360,1.0,5.0,6,30,1074
0.0,0.6,5.281767620683361,360,0.99,6.0,7,30,1075
11.222222222222221,1.9,5.449999999999999,360,0.97,9.0,8,30,1076
202.0,2.9,5.6182323793166375,360,0.95,9.0,9,30,1077
325.44444444444446,4.2,5.7749999999999995,360,0.96,8.0,10,30,1078
561.1111111111111,5.8,5.909619407771255,360,0.89,11.0,11,30,1079
482.5555555555556,7.4,6.012916512459884,360,0.84,11.0,12,30,1080
785.5555555555557,8.0,6.077851787087893,360,0.75,12.0,13,30,1081
751.8888888888888,8.4,6.1,360,0.71,10.0,14,30,1082
561.1111111111111,7.7,6.077851787087893,360,0.76,11.0,15,30,1083
112.22222222222223,7.1,6.012916512459884,360,0.8,8.0,16,30,1084
33.66666666666667,6.3,5.909619407771255,360,0.83,7.0,17,30,1085
0.0,5.7,5.7749999999999995,360,0.93,5.0,18,30,1086
0.0,5.1,5.6182323793166375,360,0.96,4.0,19,30,1087
0.0,3.7,5.449999999999999,360,0.98,3.0,20,30,1088
0.0,4.4,5.281767620683361,360,0.99,3.0,21,30,1089
0.0,3.9,5.124999999999999,360,1.0,4.0,22,30,1090
0.0,3.5,4.990380592228743,360,1.0,3.0,23,30,1091
0.0,3.2,4.887083487540115,360,1.0,3.0,24,30,1092
0.0,3.0,4.723851921597653,360,1.0,3.0,1,31,1093
0.0,3.0,4.700000000000001,360,1.0,4.0,2,31,1094
0.0,2.5,4.723851921597653,360,1.0,4.0,3,31,1095
0.0,2.5,4.793782217350893,360,1.0,5.0,4,31,1096
0.0,1.8,4.905025253169417,360,1.0,5.0,5,31,1097
0.0,1.0,5.05,360,1.0,4.0,6,31,1098
0.0,0.2,5.218826668428236,360,1.0,4.0,7,31,1099
11.222222222222221,0.9,5.4,360,1.0,3.0,8,31,1100
157.1111111111111,2.3,5.581173331571764,360,1.0,4.0,9,31,1101
538.6666666666667,4.1,5.75,360,0.97,4.0,10,31,1102
695.7777777777778,5.2,5.8949747468305835,360,0.85,6.0,11,31,1103
751.8888888888888,6.3,6.006217782649108,360,0.84,6.0,12,31,1104
740.6666666666667,6.8,6.076148078402348,360,0.74,7.0,13,31,1105
695.7777777777778,6.6,6.1,360,0.73,8.0,14,31,1106
347.8888888888889,6.9,6.076148078402348,360,0.72,7.0,15,31,1107
303.0,6.3,6.006217782649108,360,0.73,8.0,16,31,1108
67.33333333333334,5.7,5.8949747468305835,360,0.79,6.0,17,31,1109
0.0,3.4,5.75,360,0.95,11.0,18,31,1110
0.0,3.4,5.581173331571764,360,0.99,5.0,19,31,1111
0.0,3.4,5.4,360,0.98,5.0,20,31,1112
0.0,2.9,5.218826668428236,360,0.98,5.0,21,31,1113
0.0,3.6714285714285713,5.050000000000001,360,0.99,5.142857142857143,22,31,1114
0.0,4.442857142857143,4.905025253169417,360,0.99,5.285714285714286,23,31,1115
0.0,5.214285714285714,4.793782217350893,360,0.99,5.428571428571429,24,31,1116
0.0,5.985714285714286,7.017037086855466,360,0.87,5.571428571428571,1,32,1117
0.0,6.757142857142857,7.0,360,0.87,5.714285714285714,2,32,1118
0.0,7.528571428571428,7.017037086855466,360,0.88,5.857142857142857,3,32,1119
0.0,8.3,7.06698729810778,360,0.89,6.0,4,32,1120
0.0,7.6,7.146446609406726,360,0.91,4.0,5,32,1121
0.0,8.0,7.25,360,0.91,4.0,6,32,1122
0.0,7.9,7.37059047744874,360,0.91,5.0,7,32,1123
11.222222222222221,8.1,7.5,360,0.91,6.0,8,32,1124
157.1111111111111,8.6,7.62940952255126,360,0.89,6.0,9,32,1125
347.8888888888889,10.2,7.75,360,0.87,7.0,10,32,1126
269.33333333333337,10.3,7.853553390593274,360,0.86,8.0,11,32,1127
258.11111111111114,10.5,7.93301270189222,360,0.87,9.0,12,32,1128
392.7777777777778,12.1,7.982962913144534,360,0.84,6.0,13,32,1129
527.4444444444445,12.9,8.0,360,0.82,6.0,14,32,1130
269.33333333333337,12.6,7.982962913144534,360,0.83,6.0,15,32,1131
381.55555555555554,13.1,7.93301270189222,360,0.81,6.0,16,32,1132
56.111111111111114,11.3,7.853553390593274,360,0.86,4.0,17,32,1133
0.0,10.9,7.75,360,0.86,5.0,18,32,1134
0.0,10.3,7.62940952255126,360,0.86,6.0,19,32,1135
0.0,9.8,7.5,360,0.88,5.0,20,32,1136
0.0,9.5,7.37059047744874,360,0.88,6.0,21,32,1137
0.0,9.6,7.25,360,0.88,4.0,22,32,1138
0.0,9.7,7.146446609406726,360,0.88,5.0,23,32,1139
0.0,9.9,7.06698729810778,360,0.87,8.0,24,32,1140
0.0,9.8,7.308518543427732,360,0.87,9.0,1,33,1141
0.0,9.8,7.3,360,0.86,10.0,2,33,1142
0.0,9.9,7.308518543427732,360,0.85,10.0,3,33,1143
0.0,9.9,7.3334936490538905,360,0.84,11.0,4,33,1144
0.0,9.9,7.373223304703362,360,0.84,11.0,5,33,1145
0.0,9.5,7.425,360,0.85,11.0,6,33,1146
0.0,9.7,7.48529523872437,360,0.84,12.0,7,33,1147
11.222222222222221,10.4,7.55,360,0.83,12.0,8,33,1148
44.888888888888886,10.2,7.61470476127563,360,0.86,14.0,9,33,1149
168.33333333333331,10.6,7.675,360,0.86,12.0,10,33,1150
190.77777777777777,11.3,7.726776695296636,360,0.83,11.0,11,33,1151
134.66666666666669,11.4,7.766506350946109,360,0.84,10.0,12,33,1152
112.22222222222223,11.4,7.791481456572267,360,0.84,9.0,13,33,1153
56.111111111111114,11.8,7.8,360,0.81,7.0,14,33,1154
67.33333333333334,10.6,7.791481456572267,360,0.88,10.0,15,33,1155
33.66666666666667,9.6,7.766506350946109,360,0.91,10.0,16,33,1156
67.33333333333334,9.1,7.726776695296636,360,0.89,8.0,17,33,1157
0.0,8.5,7.675,360,0.91,8.0,18,33,1158
0.0,8.2,7.61470476127563,360,0.91,6.0,19,33,1159
0.0,8.3,7.55,360,0.91,8.0,20,33,1160
0.0,8.4,7.48529523872437,360,0.92,8.0,21,33,1161
0.0,8.3,7.425,360,0.92,8.0,22,33,1162
0.0,8.3,7.373223304703363,360,0.9,8.0,23,33,1163
0.0,8.0,7.3334936490538905,360,0.9,8.0,24,33,1164
0.0,6.7,6.806814834742186,360,0.9,11.0,1,34,1165
0.0,6.5,6.8,360,0.91,6.0,2,34,1166
0.0,6.2,6.806814834742186,360,0.91,7.0,3,34,1167
0.0,5.9,6.826794919243112,360,0.91,6.0,4,34,1168
0.0,5.6,6.85857864376269,360,0.91,7.0,5,34,1169
0.0,5.7,6.8999999999999995,360,0.91,8.0,6,34,1170
0.0,5.6,6.948236190979496,360,0.89,8.0,7,34,1171
11.222222222222221,6.1,7.0,360,0.87,8.0,8,34,1172
67.33333333333334,7.4,7.051763809020504,360,0.82,13.0,9,34,1173
44.888888888888886,6.2,7.1000000000000005,360,0.9,13.0,10,34,1174
145.88888888888889,7.0,7.141421356237309,360,0.89,14.0,11,34,1175
224.44444444444446,7.1,7.173205080756888,360,0.89,15.0,12,34,1176
179.55555555555554,9.5,7.193185165257814,360,0.83,18.0,13,34,1177
426.44444444444446,9.9,7.2,360,0.81,20.0,14,34,1178
258.11111111111114,9.6,7.193185165257814,360,0.82,21.0,15,34,1179
291.77777777777777,9.5,7.173205080756888,360,0.77,16.0,16,34,1180
67.33333333333334,8.7,7.141421356237309,360,0.81,14.0,17,34,1181
0.0,7.3,7.1000000000000005,360,0.88,12.0,18,34,1182
0.0,7.0,7.051763809020504,360,0.88,7.0,19,34,1183
0.0,6.2,7.0,360,0.9,7.0,20,34,1184
0.0,6.3,6.948236190979496,360,0.89,7.0,21,34,1185
0.0,6.5,6.9,360,0.89,8.0,22,34,1186
0.0,7.0,6.858578643762691,360,0.87,8.0,23,34,1187
0.0,7.3,6.826794919243112,360,0.86,10.0,24,34,1188
0.0,7.3,6.8136296694843725,360,0.87,12.0,1,35,1189
0.0,7.1,6.799999999999999,360,0.9,14.0,2,35,1190
0.0,7.9,6.813629669484372,360,0.9,16.0,3,35,1191
0.0,7.8,6.853589838486224,360,0.9,17.0,4,35,1192
0.0,7.9,6.91715728752538,360,0.9,16.0,5,35,1193
0.0,8.4,6.999999999999999,360,0.92,18.0,6,35,1194
0.0,8.3,7.096472381958991,360,0.88,19.0,7,35,1195
11.222222222222221,7.4,7.199999999999999,360,0.93,12.0,8,35,1196
101.0,6.6,7.303527618041008,360,0.86,16.0,9,35,1197
224.44444444444446,7.0,7.3999999999999995,360,0.85,12.0,10,35,1198
516.2222222222223,8.0,7.482842712474619,360,0.83,12.0,11,35,1199
583.5555555555555,9.1,7.546410161513775,360,0.79,9.0,12,35,1200
852.8888888888889,10.7,7.586370330515627,360,0.68,12.0,13,35,1201
740.6666666666667,10.7,7.6,360,0.7,11.0,14,35,1202
437.6666666666667,10.4,7.586370330515627,360,0.75,8.0,15,35,1203
314.2222222222222,10.2,7.546410161513775,360,0.75,7.0,16,35,1204
56.111111111111114,9.4,7.482842712474619,360,0.8,8.0,17,35,1205
0.0,8.7,7.3999999999999995,360,0.86,7.0,18,35,1206
0.0,8.6,7.303527618041008,360,0.88,8.0,19,35,1207
0.0,8.7,7.199999999999999,360,0.89,9.0,20,35,1208
0.0,8.2,7.096472381958991,360,0.9,7.0,21,35,1209
0.0,8.2,6.999999999999999,360,0.92,6.0,22,35,1210
0.0,8.2,6.917157287525381,360,0.92,6.0,23,35,1211
0.0,8.2,6.853589838486224,360,0.93,5.0,24,35,1212
0.0,7.9,7.3136296694843725,360,0.93,6.0,1,36,1213
0.0,8.4,7.299999999999999,360,0.93,8.0,2,36,1214
0.0,9.9,7.313629669484372,360,0.91,11.0,3,36,1215
0.0,9.5,7.353589838486224,360,0.9,12.0,4,36,1216
0.0,9.1,7.41715728752538,360,0.89,10.0,5,36,1217
0.0,8.1,7.499999999999999,360,0.87,12.0,6,36,1218
0.0,7.3,7.596472381958991,360,0.86,13.0,7,36,1219
22.444444444444443,7.8,7.699999999999999,360,0.88,8.0,8,36,1220
123.44444444444446,8.0,7.803527618041008,360,0.85,9.0,9,36,1221
448.8888888888889,8.9,7.8999999999999995,360,0.83,11.0,10,36,1222
583.5555555555555,9.6,7.982842712474619,360,0.81,10.0,11,36,1223
662.1111111111112,9.4,8.046410161513775,360,0.8,10.0,12,36,1224
583.5555555555555,9.5,8.086370330515626,360,0.81,9.0,13,36,1225
448.8888888888889,8.7,8.1,360,0.84,9.0,14,36,1226
572.3333333333333,8.7,8.086370330515626,360,0.84,8.0,15,36,1227
145.88888888888889,6.1,8.046410161513775,360,0.87,14.0,16,36,1228
22.444444444444443,5.8,7.982842712474619,360,0.88,10.0,17,36,1229
0.0,5.5,7.8999999999999995,360,0.91,8.0,18,36,1230
0.0,6.0,7.803527618041008,360,0.88,14.0,19,36,1231
0.0,6.4,7.699999999999999,360,0.86,12.0,20,36,1232
0.0,6.6,7.596472381958991,360,0.85,11.0,21,36,1233
0.0,6.5,7.499999999999999,360,0.83,10.0,22,36,1234
0.0,5.5,7.417157287525381,360,0.83,9.0,23,36,1235
0.0,5.1,7.353589838486224,360,0.84,8.0,24,36,1236
0.0,4.7,6.2221482129121055,360,0.85,6.0,1,37,1237
0.0,4.3,6.199999999999999,360,0.86,4.0,2,37,1238
0.0,3.3,6.2221482129121055,360,0.89,4.0,3,37,1239
0.0,3.0,6.287083487540114,360,0.9,6.0,4,37,1240
0.0,2.9,6.390380592228744,360,0.9,4.0,5,37,1241
0.0,3.0,6.5249999999999995,360,0.9,4.0,6,37,1242
0.0,2.1,6.681767620683361,360,0.9,2.0,7,37,1243
44.888888888888886,0.5,6.85,360,0.91,1.0,8,37,1244
325.44444444444446,4.0,7.018232379316638,360,0.9,4.0,9,37,1245
594.7777777777778,6.0,7.175,360,0.88,4.0,10,37,1246
841.6666666666666,8.3,7.3096194077712555,360,0.8,4.0,11,37,1247
684.5555555555557,8.7,7.412916512459884,360,0.74,3.0,12,37,1248
493.7777777777778,8.3,7.477851787087894,360,0.74,4.0,13,37,1249
415.2222222222223,8.4,7.5,360,0.75,4.0,14,37,1250
280.55555555555554,8.3,7.477851787087894,360,0.76,6.0,15,37,1251
157.1111111111111,7.4,7.412916512459884,360,0.82,6.0,16,37,1252
33.66666666666667,6.9,7.3096194077712555,360,0.86,5.0,17,37,1253
0.0,6.3,7.175,360,0.9,4.0,18,37,1254
0.0,6.2,7.018232379316638,360,0.91,4.0,19,37,1255
0.0,5.5,6.85,360,0.91,6.0,20,37,1256
0.0,5.4,6.681767620683361,360,0.92,6.0,21,37,1257
0.0,5.6,6.5249999999999995,360,0.93,7.0,22,37,1258
0.0,5.8,6.390380592228744,360,0.93,8.0,23,37,1259
0.0,6.1,6.287083487540115,360,0.93,8.0,24,37,1260
0.0,6.3,7.1187407955410125,360,0.94,8.0,1,38,1261
0.0,6.9,7.1,360,0.94,8.0,2,38,1262
0.0,7.5,7.118740795541012,360,0.94,6.0,3,38,1263
0.0,8.0,7.173686027918558,360,0.94,5.0,4,38,1264
0.0,8.7,7.261091270347398,360,0.95,4.0,5,38,1265
0.0,9.2,7.374999999999999,360,0.95,5.0,6,38,1266
0.0,8.6,7.507649525193613,360,0.92,6.0,7,38,1267
33.66666666666667,8.2,7.6499999999999995,360,0.92,3.0,8,38,1268
325.44444444444446,9.3,7.792350474806386,360,0.9,5.0,9,38,1269
482.5555555555556,10.1,7.925,360,0.84,6.0,10,38,1270
819.2222222222222,10.8,8.0389087296526,360,0.8,6.0,11,38,1271
920.2222222222223,11.2,8.12631397208144,360,0.7,6.0,12,38,1272
684.5555555555557,11.3,8.181259204458987,360,0.69,6.0,13,38,1273
606.0,11.4,8.2,360,0.68,6.0,14,38,1274
381.55555555555554,10.6,8.181259204458987,360,0.63,6.0,15,38,1275
381.55555555555554,11.0,8.12631397208144,360,0.62,5.0,16,38,1276
112.22222222222223,7.8,8.0389087296526,360,0.78,4.0,17,38,1277
0.0,6.4,7.925,360,0.85,2.0,18,38,1278
0.0,6.8,7.792350474806386,360,0.83,3.0,19,38,1279
0.0,6.2,7.6499999999999995,360,0.83,3.0,20,38,1280
0.0,6.3,7.507649525193613,360,0.84,4.0,21,38,1281
0.0,5.7,7.375,360,0.87,3.0,22,38,1282
0.0,6.0,7.261091270347398,360,0.87,5.0,23,38,1283
0.0,5.9,7.173686027918558,360,0.88,6.0,24,38,1284
0.0,5.8,6.811925960798827,360,0.89,6.0,1,39,1285
0.0,5.7,6.800000000000001,360,0.89,6.0,2,39,1286
0.0,5.5,6.811925960798827,360,0.91,4.0,3,39,1287
0.0,5.5,6.846891108675447,360,0.91,4.0,4,39,1288
0.0,5.3,6.902512626584708,360,0.9,6.0,5,39,1289
0.0,4.9,6.9750000000000005,360,0.9,5.0,6,39,1290
0.0,3.7,7.059413334214118,360,0.91,5.0,7,39,1291
33.66666666666667,3.8,7.15,360,0.91,5.0,8,39,1292
112.22222222222223,3.7,7.240586665785883,360,0.9,6.0,9,39,1293
583.5555555555555,5.7,7.325,360,0.87,7.0,10,39,1294
729.4444444444443,7.1,7.397487373415292,360,0.86,6.0,11,39,1295
729.4444444444443,8.0,7.453108891324554,360,0.83,7.0,12,39,1296
606.0,8.3,7.488074039201174,360,0.78,6.0,13,39,1297
650.8888888888889,8.8,7.5,360,0.78,6.0,14,39,1298
347.8888888888889,8.7,7.488074039201174,360,0.74,6.0,15,39,1299
258.11111111111114,7.6,7.453108891324554,360,0.79,5.0,16,39,1300
78.55555555555554,7.2,7.397487373415292,360,0.81,4.0,17,39,1301
11.222222222222221,5.6,7.325,360,0.86,6.0,18,39,1302
0.0,4.5,7.240586665785883,360,0.9,2.0,19,39,1303
0.0,5.5,7.15,360,0.84,3.0,20,39,1304
0.0,5.0,7.059413334214118,360,0.85,4.0,21,39,1305
0.0,3.5,6.9750000000000005,360,0.88,3.0,22,39,1306
0.0,3.8,6.902512626584708,360,0.87,4.0,23,39,1307
0.0,2.2,6.846891108675447,360,0.9,4.0,24,39,1308
0.0,2.0,5.617037086855466,360,0.91,2.0,1,40,1309
0.0,1.9,5.6,360,0.92,1.0,2,40,1310
0.0,2.1,5.617037086855466,360,0.92,2.0,3,40,1311
0.0,1.5,5.66698729810778,360,0.92,2.0,4,40,1312
0.0,1.3,5.746446609406726,360,0.93,1.0,5,40,1313
0.0,0.5,5.85,360,0.93,1.0,6,40,1314
0.0,0.3,5.97059047744874,360,0.93,0.0,7,40,1315
33.66666666666667,0.9,6.1,360,0.93,2.0,8,40,1316
190.77777777777777,1.7,6.22940952255126,360,0.93,2.0,9,40,1317
246.8888888888889,2.5,6.35,360,0.93,2.0,10,40,1318
482.5555555555556,3.5,6.453553390593274,360,0.9,3.0,11,40,1319
875.3333333333334,4.4,6.533012701892219,360,0.86,4.0,12,40,1320
448.8888888888889,4.4,6.5829629131445335,360,0.83,5.0,13,40,1321
280.55555555555554,4.3,6.6,360,0.81,6.0,14,40,1322
179.55555555555554,4.1,6.5829629131445335,360,0.81,5.0,15,40,1323
112.22222222222223,4.0,6.533012701892219,360,0.82,5.0,16,40,1324
44.888888888888886,3.9,6.453553390593274,360,0.83,6.0,17,40,1325
0.0,3.9,6.35,360,0.86,4.0,18,40,1326
0.0,3.8,6.22940952255126,360,0.85,6.0,19,40,1327
0.0,3.6,6.1,360,0.86,6.0,20,40,1328
0.0,3.7,5.97059047744874,360,0.86,6.0,21,40,1329
0.0,3.1,5.85,360,0.87,6.0,22,40,1330
0.0,1.9,5.746446609406726,360,0.89,5.0,23,40,1331
0.0,0.9,5.66698729810778,360,0.9,5.0,24,40,1332
0.0,0.3,4.915333378169919,360,0.9,4.0,1,41,1333
0.0,-0.1,4.9,360,0.91,4.0,2,41,1334
0.0,-0.7,4.915333378169919,360,0.91,2.0,3,41,1335
0.0,-1.0,4.960288568297003,360,0.92,2.0,4,41,1336
0.0,-1.1,5.031801948466053,360,0.92,4.0,5,41,1337
0.0,-1.3,5.125,360,0.92,5.0,6,41,1338
0.0,-1.5,5.2335314297038655,360,0.92,5.0,7,41,1339
44.888888888888886,-1.2,5.35,360,0.92,4.0,8,41,1340
168.33333333333331,-0.9,5.466468570296134,360,0.92,6.0,9,41,1341
280.55555555555554,0.1,5.574999999999999,360,0.91,6.0,10,41,1342
538.6666666666667,1.6,5.668198051533945,360,0.89,6.0,11,41,1343
953.8888888888889,4.2,5.739711431702997,360,0.82,8.0,12,41,1344
1021.2222222222222,5.0,5.78466662183008,360,0.8,8.0,13,41,1345
942.6666666666667,5.5,5.799999999999999,360,0.77,8.0,14,41,1346
740.6666666666667,5.2,5.78466662183008,360,0.77,7.0,15,41,1347
460.11111111111114,4.2,5.739711431702997,360,0.76,7.0,16,41,1348
101.0,2.8,5.668198051533945,360,0.79,7.0,17,41,1349
0.0,1.0,5.574999999999999,360,0.82,6.0,18,41,1350
0.0,0.0,5.466468570296134,360,0.83,7.0,19,41,1351
0.0,-1.0,5.35,360,0.86,5.0,20,41,1352
0.0,-0.8,5.2335314297038655,360,0.87,6.0,21,41,1353
0.0,-1.2,5.125,360,0.89,4.0,22,41,1354
0.0,-1.2,5.031801948466054,360,0.9,5.0,23,41,1355
0.0,-1.5,4.960288568297003,360,0.9,4.0,24,41,1356
0.0,-1.3,4.018740795541013,360,0.9,5.0,1,42,1357
0.0,-1.7,4.0,360,0.91,5.0,2,42,1358
0.0,-1.8,4.018740795541012,360,0.9,4.0,3,42,1359
0.0,-2.1,4.0736860279185585,360,0.91,4.0,4,42,1360
0.0,-2.3,4.161091270347399,360,0.91,5.0,5,42,1361
0.0,-2.7,4.2749999999999995,360,0.92,6.0,6,42,1362
0.0,-2.4,4.407649525193613,360,0.92,6.0,7,42,1363
44.888888888888886,-2.3,4.55,360,0.92,7.0,8,42,1364
303.0,-1.3,4.6923504748063865,360,0.91,6.0,9,42,1365
695.7777777777778,0.4,4.825,360,0.88,5.0,10,42,1366
953.8888888888889,2.2,4.938908729652601,360,0.82,4.0,11,42,1367
998.7777777777778,2.9,5.026313972081441,360,0.81,6.0,12,42,1368
987.5555555555557,3.8,5.081259204458988,360,0.77,6.0,13,42,1369
852.8888888888889,3.8,5.1,360,0.75,6.0,14,42,1370
628.4444444444443,4.0,5.081259204458988,360,0.72,7.0,15,42,1371
437.6666666666667,3.4,5.026313972081441,360,0.71,7.0,16,42,1372
190.77777777777777,1.8,4.938908729652601,360,0.77,5.0,17,42,1373
11.222222222222221,0.2,4.825,360,0.8,3.0,18,42,1374
0.0,-0.9,4.6923504748063865,360,0.83,2.0,19,42,1375
0.0,-1.0,4.55,360,0.84,3.0,20,42,1376
0.0,-1.0,4.407649525193613,360,0.85,3.0,21,42,1377
0.0,-0.8,4.275,360,0.86,4.0,22,42,1378
0.0,0.0,4.161091270347399,360,0.85,6.0,23,42,1379
0.0,-0.1,4.0736860279185585,360,0.85,6.0,24,42,1380
0.0,0.2,4.127259338968745,360,0.85,6.0,1,43,1381
0.0,0.6,4.1,360,0.84,8.0,2,43,1382
0.0,0.5,4.127259338968745,360,0.87,8.0,3,43,1383
0.0,0.5,4.207179676972449,360,0.88,8.0,4,43,1384
0.0,0.6,4.334314575050762,360,0.88,8.0,5,43,1385
0.0,0.6,4.5,360,0.89,8.0,6,43,1386
0.0,0.3,4.692944763917984,360,0.91,6.0,7,43,1387
22.444444444444443,0.4,4.9,360,0.92,7.0,8,43,1388
78.55555555555554,0.9,5.107055236082017,360,0.92,8.0,9,43,1389
280.55555555555554,2.3,5.300000000000001,360,0.92,7.0,10,43,1390
437.6666666666667,3.4,5.465685424949239,360,0.91,6.0,11,43,1391
594.7777777777778,6.0,5.592820323027551,360,0.88,6.0,12,43,1392
796.7777777777777,7.7,5.672740661031256,360,0.85,6.0,13,43,1393
471.33333333333337,8.4,5.700000000000001,360,0.85,6.0,14,43,1394
224.44444444444446,8.8,5.672740661031256,360,0.85,6.0,15,43,1395
134.66666666666669,9.3,5.592820323027551,360,0.85,5.0,16,43,1396
101.0,8.9,5.465685424949239,360,0.86,6.0,17,43,1397
0.0,9.0,5.300000000000001,360,0.84,5.0,18,43,1398
0.0,9.1,5.107055236082017,360,0.83,4.0,19,43,1399
0.0,11.0,4.9,360,0.74,6.0,20,43,1400
0.0,10.8,4.692944763917984,360,0.74,6.0,21,43,1401
0.0,10.7,4.5,360,0.74,5.0,22,43,1402
0.0,10.4,4.334314575050763,360,0.74,6.0,23,43,1403
0.0,10.5,4.20717967697245,360,0.73,7.0,24,43,1404
0.0,9.9,5.5323704650253855,360,0.75,6.0,1,44,1405
0.0,7.7,5.5,360,0.8,4.0,2,44,1406
0.0,7.6,5.5323704650253855,360,0.8,4.0,3,44,1407
0.0,7.8,5.6272758664047835,360,0.8,5.0,4,44,1408
0.0,7.0,5.77824855787278,360,0.82,6.0,5,44,1409
0.0,7.0,5.975,360,0.82,5.0,6,44,1410
0.0,7.2,6.204121907152605,360,0.82,5.0,7,44,1411
56.111111111111114,8.2,6.45,360,0.8,6.0,8,44,1412
179.55555555555554,8.5,6.695878092847395,360,0.8,6.0,9,44,1413
549.8888888888889,11.6,6.925000000000001,360,0.74,6.0,10,44,1414
751.8888888888888,13.2,7.121751442127221,360,0.72,8.0,11,44,1415
796.7777777777777,13.9,7.272724133595217,360,0.68,9.0,12,44,1416
662.1111111111112,14.2,7.367629534974615,360,0.68,8.0,13,44,1417
493.7777777777778,15.7,7.4,360,0.61,8.0,14,44,1418
426.44444444444446,15.5,7.367629534974615,360,0.6,8.0,15,44,1419
235.66666666666669,14.8,7.272724133595217,360,0.65,8.0,16,44,1420
78.55555555555554,13.8,7.121751442127221,360,0.68,6.0,17,44,1421
11.222222222222221,12.9,6.925000000000001,360,0.7,5.0,18,44,1422
0.0,13.0,6.695878092847395,360,0.7,4.0,19,44,1423
0.0,11.8,6.45,360,0.77,5.0,20,44,1424
0.0,10.5,6.204121907152605,360,0.84,4.0,21,44,1425
0.0,9.7,5.9750000000000005,360,0.89,3.0,22,44,1426
0.0,9.8,5.77824855787278,360,0.89,6.0,23,44,1427
0.0,9.5,5.6272758664047835,360,0.9,5.0,24,44,1428
0.0,9.3,7.3255556302831994,360,0.91,5.0,1,45,1429
0.0,9.3,7.300000000000001,360,0.91,5.0,2,45,1430
0.0,9.3,7.3255556302831994,360,0.9,6.0,3,45,1431
0.0,9.2,7.400480947161672,360,0.91,4.0,4,45,1432
0.0,9.2,7.519669914110089,360,0.91,4.0,5,45,1433
0.0,9.8,7.675,360,0.91,6.0,6,45,1434
0.0,9.8,7.85588571617311,360,0.91,5.0,7,45,1435
11.222222222222221,9.9,8.05,360,0.92,6.0,8,45,1436
56.111111111111114,10.0,8.24411428382689,360,0.93,6.0,9,45,1437
258.11111111111114,11.0,8.425,360,0.93,5.0,10,45,1438
538.6666666666667,11.4,8.580330085889912,360,0.88,5.0,11,45,1439
426.44444444444446,11.9,8.69951905283833,360,0.87,6.0,12,45,1440
505.0,12.9,8.774444369716802,360,0.83,6.0,13,45,1441
527.4444444444445,13.3,8.8,360,0.8,5.0,14,45,1442
505.0,13.4,8.774444369716802,360,0.79,4.0,15,45,1443
168.33333333333331,12.9,8.69951905283833,360,0.81,3.0,16,45,1444
101.0,12.4,8.580330085889912,360,0.83,2.0,17,45,1445
11.222222222222221,12.0,8.425,360,0.85,2.0,18,45,1446
0.0,11.0,8.24411428382689,360,0.88,4.0,19,45,1447
0.0,10.1,8.05,360,0.89,5.0,20,45,1448
0.0,10.1,7.85588571617311,360,0.88,4.0,21,45,1449
0.0,8.8,7.675000000000001,360,0.9,4.0,22,45,1450
0.0,8.4,7.519669914110089,360,0.91,4.0,23,45,1451
0.0,8.4,7.400480947161672,360,0.91,4.0,24,45,1452
0.0,9.3,7.530666756339839,360,0.89,6.0,1,46,1453
0.0,9.3,7.5,360,0.88,6.0,2,46,1454
0.0,9.4,7.530666756339839,360,0.88,6.0,3,46,1455
0.0,9.4,7.620577136594005,360,0.88,7.0,4,46,1456
0.0,9.2,7.763603896932107,360,0.88,8.0,5,46,1457
0.0,9.4,7.95,360,0.88,7.0,6,46,1458
0.0,9.6,8.167062859407732,360,0.86,8.0,7,46,1459
89.77777777777777,9.9,8.4,360,0.85,9.0,8,46,1460
370.33333333333337,11.6,8.632937140592269,360,0.82,10.0,9,46,1461
673.3333333333333,12.9,8.850000000000001,360,0.81,9.0,10,46,1462
897.7777777777778,14.0,9.036396103067894,360,0.78,10.0,11,46,1463
1021.2222222222222,15.1,9.179422863405996,360,0.75,8.0,12,46,1464
1032.4444444444446,15.7,9.269333243660162,360,0.72,7.0,13,46,1465
931.4444444444445,16.0,9.3,360,0.71,6.0,14,46,1466
774.3333333333333,16.2,9.269333243660162,360,0.67,7.0,15,46,1467
370.33333333333337,15.5,9.179422863405996,360,0.7,6.0,16,46,1468
224.44444444444446,14.3,9.036396103067894,360,0.75,4.0,17,46,1469
11.222222222222221,10.6,8.850000000000001,360,0.82,2.0,18,46,1470
0.0,8.5,8.632937140592269,360,0.87,1.0,19,46,1471
0.0,8.8,8.4,360,0.88,1.0,20,46,1472
0.0,7.4,8.167062859407732,360,0.9,1.0,21,46,1473
0.0,7.6,7.95,360,0.92,2.0,22,46,1474
0.0,7.0,7.763603896932107,360,0.92,2.0,23,46,1475
0.0,6.4,7.620577136594005,360,0.92,1.0,24,46,1476
0.0,8.8,7.627259338968744,360,0.91,2.0,1,47,1477
0.0,9.7,7.599999999999999,360,0.86,4.0,2,47,1478
0.0,9.2,7.627259338968744,360,0.87,5.0,3,47,1479
0.0,9.0,7.707179676972448,360,0.87,5.0,4,47,1480
0.0,9.2,7.83431457505076,360,0.87,5.0,5,47,1481
0.0,8.8,7.999999999999998,360,0.87,5.0,6,47,1482
0.0,8.2,8.192944763917982,360,0.88,4.0,7,47,1483
33.66666666666667,8.1,8.399999999999999,360,0.89,1.0,8,47,1484
213.22222222222223,9.0,8.607055236082015,360,0.88,2.0,9,47,1485
269.33333333333337,9.9,8.799999999999999,360,0.86,2.0,10,47,1486
774.3333333333333,12.1,8.965685424949237,360,0.82,4.0,11,47,1487
561.1111111111111,13.2,9.09282032302755,360,0.81,4.0,12,47,1488
953.8888888888889,14.7,9.172740661031254,360,0.77,4.0,13,47,1489
987.5555555555557,15.6,9.2,360,0.72,4.0,14,47,1490
785.5555555555557,15.9,9.172740661031254,360,0.7,4.0,15,47,1491
505.0,15.6,9.09282032302755,360,0.72,4.0,16,47,1492
202.0,14.6,8.965685424949237,360,0.75,3.0,17,47,1493
11.222222222222221,10.6,8.799999999999999,360,0.86,1.0,18,47,1494
0.0,8.7,8.607055236082015,360,0.91,1.0,19,47,1495
0.0,7.0,8.399999999999999,360,0.91,1.0,20,47,1496
0.0,9.2,8.192944763917982,360,0.92,2.0,21,47,1497
0.0,9.5,7.999999999999999,360,0.9,2.0,22,47,1498
0.0,7.0,7.834314575050761,360,0.92,2.0,23,47,1499
0.0,6.4,7.707179676972448,360,0.93,1.0,24,47,1500
0.0,6.3,7.230666756339838,360,0.93,2.0,1,48,1501
0.0,5.5,7.199999999999999,360,0.94,0.0,2,48,1502
0.0,4.9,7.230666756339838,360,0.94,1.0,3,48,1503
11.222222222222221,6.3,7.320577136594005,360,0.94,0.0,4,48,1504
0.0,5.9,7.463603896932106,360,0.94,4.0,5,48,1505
0.0,4.9,7.6499999999999995,360,0.94,1.0,6,48,1506
0.0,5.0,7.867062859407731,360,0.94,2.0,7,48,1507
44.888888888888886,5.1,8.1,360,0.95,2.0,8,48,1508
168.33333333333331,6.3,8.332937140592268,360,0.95,2.0,9,48,1509
392.7777777777778,7.4,8.549999999999999,360,0.95,3.0,10,48,1510
707.0000000000001,9.0,8.736396103067893,360,0.95,3.0,11,48,1511
1066.1111111111113,11.1,8.879422863405994,360,0.9,4.0,12,48,1512
1099.7777777777778,13.5,8.969333243660161,360,0.74,5.0,13,48,1513
998.7777777777778,13.7,9.0,360,0.66,4.0,14,48,1514
718.2222222222222,14.0,8.969333243660161,360,0.6,4.0,15,48,1515
549.8888888888889,13.5,8.879422863405994,360,0.64,4.0,16,48,1516
258.11111111111114,11.7,8.736396103067893,360,0.71,4.0,17,48,1517
22.444444444444443,9.8,8.549999999999999,360,0.75,4.0,18,48,1518
0.0,8.4,8.332937140592268,360,0.8,3.0,19,48,1519
0.0,7.6,8.1,360,0.82,2.0,20,48,1520
0.0,6.5,7.867062859407731,360,0.84,2.0,21,48,1521
0.0,5.8,7.65,360,0.87,2.0,22,48,1522
0.0,5.1,7.463603896932107,360,0.89,2.0,23,48,1523
0.0,4.2,7.320577136594005,360,0.91,4.0,24,48,1524
0.0,4.1,6.530666756339839,360,0.92,2.0,1,49,1525
0.0,4.2,6.5,360,0.92,3.0,2,49,1526
0.0,3.7,6.530666756339839,360,0.92,2.0,3,49,1527
0.0,2.6,6.620577136594005,360,0.93,1.0,4,49,1528
0.0,1.9,6.763603896932107,360,0.93,1.0,5,49,1529
0.0,2.0,6.95,360,0.94,2.0,6,49,1530
0.0,2.4,7.167062859407732,360,0.94,3.0,7,49,1531
33.66666666666667,2.8,7.4,360,0.94,3.0,8,49,1532
224.44444444444446,3.9,7.6329371405922695,360,0.94,5.0,9,49,1533
718.2222222222222,6.7,7.8500000000000005,360,0.94,4.0,10,49,1534
953.8888888888889,9.0,8.036396103067894,360,0.81,4.0,11,49,1535
1077.3333333333335,10.8,8.179422863405996,360,0.75,4.0,12,49,1536
1111.0,12.3,8.269333243660162,360,0.73,4.0,13,49,1537
1010.0,13.1,8.3,360,0.68,4.0,14,49,1538
830.4444444444446,13.3,8.269333243660162,360,0.64,4.0,15,49,1539
561.1111111111111,13.0,8.179422863405996,360,0.62,5.0,16,49,1540
246.8888888888889,11.4,8.036396103067894,360,0.67,5.0,17,49,1541
22.444444444444443,9.1,7.8500000000000005,360,0.71,4.0,18,49,1542
0.0,7.3,7.6329371405922695,360,0.79,2.0,19,49,1543
0.0,7.7,7.4,360,0.76,1.0,20,49,1544
0.0,6.3,7.167062859407732,360,0.79,2.0,21,49,1545
0.0,6.3,6.95,360,0.78,2.0,22,49,1546
0.0,5.0,6.763603896932107,360,0.81,2.0,23,49,1547
0.0,4.4,6.620577136594005,360,0.82,2.0,24,49,1548
0.0,4.0,5.735777882396478,360,0.82,3.0,1,50,1549
0.0,3.4,5.7,360,0.84,2.0,2,50,1550
0.0,2.9,5.735777882396478,360,0.85,2.0,3,50,1551
0.0,0.9,5.840673326026339,360,0.89,1.0,4,50,1552
0.0,1.0,6.007537879754125,360,0.9,2.0,5,50,1553
0.0,-0.8,6.225,360,0.91,2.0,6,50,1554
0.0,-0.2,6.4782400026423534,360,0.92,2.0,7,50,1555
157.1111111111111,0.9,6.75,360,0.92,2.0,8,50,1556
426.44444444444446,3.8,7.0217599973576466,360,0.87,2.0,9,50,1557
718.2222222222222,7.2,7.275,360,0.81,2.0,10,50,1558
864.1111111111111,10.3,7.492462120245875,360,0.73,2.0,11,50,1559
1054.888888888889,11.9,7.659326673973661,360,0.68,4.0,12,50,1560
1032.4444444444446,12.3,7.764222117603522,360,0.56,4.0,13,50,1561
931.4444444444445,13.2,7.8,360,0.51,4.0,14,50,1562
808.0,12.9,7.764222117603522,360,0.52,3.0,15,50,1563
325.44444444444446,11.9,7.659326673973661,360,0.58,2.0,16,50,1564
123.44444444444446,9.2,7.492462120245875,360,0.77,1.0,17,50,1565
22.444444444444443,4.9,7.275,360,0.85,1.0,18,50,1566
0.0,5.9,7.0217599973576466,360,0.83,2.0,19,50,1567
0.0,7.0,6.75,360,0.82,3.0,20,50,1568
0.0,4.9,6.4782400026423534,360,0.87,2.0,21,50,1569
0.0,4.8,6.2250000000000005,360,0.88,2.0,22,50,1570
0.0,2.8,6.007537879754126,360,0.9,1.0,23,50,1571
0.0,2.4,5.840673326026339,360,0.92,1.0,24,50,1572
0.0,3.5,6.134074173710932,360,0.91,3.0,1,51,1573
0.0,3.4,6.1,360,0.92,3.0,2,51,1574
0.0,3.1,6.134074173710931,360,0.93,3.0,3,51,1575
0.0,3.2,6.23397459621556,360,0.94,2.0,4,51,1576
0.0,4.4,6.392893218813452,360,0.94,2.0,5,51,1577
0.0,4.6,6.6,360,0.94,4.0,6,51,1578
0.0,5.4,6.841180954897479,360,0.93,4.0,7,51,1579
56.111111111111114,5.6,7.1,360,0.92,4.0,8,51,1580
112.22222222222223,6.2,7.35881904510252,360,0.92,4.0,9,51,1581
303.0,8.2,7.6,360,0.92,5.0,10,51,1582
325.44444444444446,9.2,7.8071067811865476,360,0.91,6.0,11,51,1583
415.2222222222223,10.4,7.966025403784438,360,0.87,7.0,12,51,1584
280.55555555555554,10.5,8.065925826289067,360,0.88,8.0,13,51,1585
235.66666666666669,10.3,8.1,360,0.93,7.0,14,51,1586
157.1111111111111,10.5,8.065925826289067,360,0.93,6.0,15,51,1587
89.77777777777777,10.4,7.966025403784438,360,0.93,7.0,16,51,1588
22.444444444444443,10.0,7.8071067811865476,360,0.94,8.0,17,51,1589
11.222222222222221,9.8,7.6,360,0.94,7.0,18,51,1590
0.0,9.5,7.35881904510252,360,0.95,7.0,19,51,1591
0.0,9.5,7.1,360,0.95,6.0,20,51,1592
0.0,9.7,6.841180954897479,360,0.95,6.0,21,51,1593
0.0,9.7,6.6,360,0.95,6.0,22,51,1594
0.0,9.8,6.392893218813452,360,0.96,6.0,23,51,1595
0.0,9.8,6.233974596215561,360,0.96,6.0,24,51,1596
0.0,9.8,7.820444504226559,360,0.96,5.0,1,52,1597
0.0,9.8,7.800000000000001,360,0.96,6.0,2,52,1598
0.0,9.8,7.820444504226559,360,0.96,6.0,3,52,1599
0.0,9.9,7.880384757729337,360,0.96,6.0,4,52,1600
0.0,9.8,7.975735931288072,360,0.95,5.0,5,52,1601
0.0,9.7,8.1,360,0.95,6.0,6,52,1602
0.0,9.5,8.244708572938489,360,0.95,4.0,7,52,1603
44.888888888888886,9.5,8.4,360,0.95,4.0,8,52,1604
134.66666666666669,9.8,8.555291427061514,360,0.95,4.0,9,52,1605
179.55555555555554,10.0,8.700000000000001,360,0.95,4.0,10,52,1606
347.8888888888889,10.5,8.82426406871193,360,0.94,6.0,11,52,1607
370.33333333333337,10.4,8.919615242270664,360,0.9,6.0,12,52,1608
202.0,9.7,8.979555495773441,360,0.92,6.0,13,52,1609
224.44444444444446,9.6,9.0,360,0.91,6.0,14,52,1610
134.66666666666669,9.6,8.979555495773441,360,0.9,4.0,15,52,1611
56.111111111111114,9.4,8.919615242270664,360,0.91,4.0,16,52,1612
33.66666666666667,9.2,8.82426406871193,360,0.92,4.0,17,52,1613
0.0,9.1,8.700000000000001,360,0.92,3.0,18,52,1614
0.0,8.7,8.555291427061514,360,0.93,4.0,19,52,1615
0.0,8.4,8.4,360,0.94,4.0,20,52,1616
0.0,8.2,8.244708572938489,360,0.94,4.0,21,52,1617
0.0,8.2,8.1,360,0.94,4.0,22,52,1618
0.0,8.0,7.975735931288072,360,0.95,3.0,23,52,1619
0.0,8.0,7.880384757729337,360,0.95,3.0,24,52,1620
0.0,8.1,8.411925960798827,360,0.92,4.0,1,53,1621
0.0,8.0,8.4,360,0.92,4.0,2,53,1622
0.0,7.9,8.411925960798827,360,0.91,3.0,3,53,1623
0.0,7.9,8.446891108675446,360,0.91,3.0,4,53,1624
0.0,7.9,8.502512626584709,360,0.91,3.0,5,53,1625
0.0,7.9,8.575,360,0.9,4.0,6,53,1626
0.0,7.8,8.659413334214118,360,0.91,3.0,7,53,1627
44.888888888888886,8.2,8.75,360,0.9,4.0,8,53,1628
112.22222222222223,8.7,8.840586665785882,360,0.88,4.0,9,53,1629
179.55555555555554,9.1,8.925,360,0.85,4.0,10,53,1630
303.0,9.5,8.997487373415291,360,0.83,6.0,11,53,1631
325.44444444444446,9.7,9.053108891324554,360,0.82,7.0,12,53,1632
347.8888888888889,9.8,9.088074039201173,360,0.82,6.0,13,53,1633
314.2222222222222,10.0,9.1,360,0.83,6.0,14,53,1634
190.77777777777777,9.9,9.088074039201173,360,0.84,6.0,15,53,1635
134.66666666666669,9.6,9.053108891324554,360,0.83,6.0,16,53,1636
67.33333333333334,9.3,8.997487373415291,360,0.85,6.0,17,53,1637
11.222222222222221,9.1,8.925,360,0.86,5.0,18,53,1638
0.0,8.8,8.840586665785882,360,0.85,5.0,19,53,1639
0.0,8.5,8.75,360,0.86,6.0,20,53,1640
0.0,8.3,8.659413334214118,360,0.88,6.0,21,53,1641
0.0,8.2,8.575000000000001,360,0.88,6.0,22,53,1642
0.0,8.0,8.502512626584709,360,0.88,5.0,23,53,1643
0.0,8.0,8.446891108675446,360,0.88,6.0,24,53,1644
0.0,7.8,8.313629669484373,360,0.89,5.0,1,54,1645
0.0,7.5,8.3,360,0.89,6.0,2,54,1646
0.0,7.3,8.313629669484373,360,0.89,6.0,3,54,1647
0.0,7.2,8.353589838486224,360,0.9,6.0,4,54,1648
0.0,7.1,8.41715728752538,360,0.89,6.0,5,54,1649
0.0,7.0,8.5,360,0.9,6.0,6,54,1650
0.0,6.9,8.596472381958991,360,0.91,7.0,7,54,1651
44.888888888888886,6.8,8.7,360,0.94,7.0,8,54,1652
134.66666666666669,7.2,8.803527618041008,360,0.95,6.0,9,54,1653
258.11111111111114,8.0,8.899999999999999,360,0.95,9.0,10,54,1654
269.33333333333337,8.4,8.982842712474618,360,0.94,9.0,11,54,1655
325.44444444444446,9.0,9.046410161513775,360,0.94,10.0,12,54,1656
415.2222222222223,10.3,9.086370330515626,360,0.89,10.0,13,54,1657
291.77777777777777,10.3,9.099999999999998,360,0.88,10.0,14,54,1658
314.2222222222222,9.7,9.086370330515626,360,0.93,10.0,15,54,1659
213.22222222222223,9.6,9.046410161513775,360,0.96,9.0,16,54,1660
78.55555555555554,9.4,8.982842712474618,360,0.96,9.0,17,54,1661
11.222222222222221,9.5,8.899999999999999,360,0.97,8.0,18,54,1662
0.0,9.2,8.803527618041008,360,0.93,7.0,19,54,1663
0.0,8.1,8.7,360,0.94,6.0,20,54,1664
0.0,7.1,8.596472381958991,360,0.95,6.0,21,54,1665
0.0,6.6,8.5,360,0.95,5.0,22,54,1666
0.0,6.1,8.41715728752538,360,0.95,4.0,23,54,1667
0.0,5.2,8.353589838486224,360,0.95,3.0,24,54,1668
0.0,5.1,7.320444504226559,360,0.93,2.0,1,55,1669
0.0,3.7,7.300000000000001,360,0.93,2.0,2,55,1670
0.0,4.1,7.320444504226559,360,0.92,1.0,3,55,1671
0.0,4.8,7.380384757729337,360,0.89,3.0,4,55,1672
0.0,3.9,7.475735931288072,360,0.9,3.0,5,55,1673
0.0,4.0,7.6,360,0.89,4.0,6,55,1674
11.222222222222221,3.1,7.744708572938488,360,0.9,4.0,7,55,1675
190.77777777777777,4.3,7.9,360,0.88,4.0,8,55,1676
303.0,5.5,8.055291427061514,360,0.86,4.0,9,55,1677
662.1111111111112,7.3,8.200000000000001,360,0.8,5.0,10,55,1678
909.0,8.1,8.32426406871193,360,0.73,6.0,11,55,1679
841.6666666666666,9.0,8.419615242270664,360,0.66,8.0,12,55,1680
785.5555555555557,9.0,8.479555495773441,360,0.59,6.0,13,55,1681
830.4444444444446,9.0,8.5,360,0.59,7.0,14,55,1682
594.7777777777778,9.0,8.479555495773441,360,0.54,8.0,15,55,1683
415.2222222222223,8.4,8.419615242270664,360,0.58,7.0,16,55,1684
269.33333333333337,8.2,8.32426406871193,360,0.59,6.0,17,55,1685
33.66666666666667,7.1,8.200000000000001,360,0.63,4.0,18,55,1686
0.0,3.3,8.055291427061514,360,0.83,1.0,19,55,1687
0.0,2.8,7.9,360,0.86,1.0,20,55,1688
0.0,1.7,7.744708572938488,360,0.91,1.0,21,55,1689
0.0,1.0,7.6000000000000005,360,0.92,1.0,22,55,1690
0.0,0.1,7.475735931288072,360,0.91,1.0,23,55,1691
0.0,0.1,7.380384757729337,360,0.92,1.0,24,55,1692
0.0,0.0,5.739185299767572,360,0.93,1.0,1,56,1693
0.0,-1.1,5.699999999999999,360,0.95,1.0,2,56,1694
0.0,-0.9,5.739185299767572,360,0.95,0.0,3,56,1695
0.0,-1.6,5.854070785647895,360,0.95,1.0,4,56,1696
0.0,-1.6,6.03682720163547,360,0.95,1.0,5,56,1697
0.0,-1.7,6.2749999999999995,360,0.95,1.0,6,56,1698
11.222222222222221,-1.6,6.552358098132101,360,0.95,0.0,7,56,1699
291.77777777777777,2.1,6.85,360,0.94,0.0,8,56,1700
527.4444444444445,6.0,7.147641901867899,360,0.81,2.0,9,56,1701
785.5555555555557,8.5,7.425,360,0.64,4.0,10,56,1702
998.7777777777778,9.2,7.6631727983645295,360,0.6,5.0,11,56,1703
1144.6666666666665,10.1,7.845929214352104,360,0.53,4.0,12,56,1704
1178.3333333333335,10.8,7.960814700232428,360,0.54,4.0,13,56,1705
1043.6666666666665,11.2,8.0,360,0.52,5.0,14,56,1706
909.0,11.8,7.960814700232428,360,0.52,4.0,15,56,1707
471.33333333333337,11.2,7.845929214352104,360,0.53,4.0,16,56,1708
213.22222222222223,9.6,7.6631727983645295,360,0.64,3.0,17,56,1709
33.66666666666667,7.3,7.425,360,0.72,1.0,18,56,1710
0.0,4.8,7.147641901867899,360,0.83,1.0,19,56,1711
0.0,3.3,6.85,360,0.88,2.0,20,56,1712
0.0,4.1,6.552358098132101,360,0.79,2.0,21,56,1713
0.0,3.9,6.275,360,0.79,3.0,22,56,1714
0.0,5.1,6.03682720163547,360,0.73,3.0,23,56,1715
0.0,4.3,5.854070785647895,360,0.76,3.0,24,56,1716
0.0,5.2,6.530666756339839,360,0.7,4.0,1,57,1717
0.0,4.0,6.5,360,0.75,4.0,2,57,1718
0.0,4.3,6.530666756339839,360,0.75,3.0,3,57,1719
0.0,4.6,6.620577136594005,360,0.76,4.0,4,57,1720
0.0,5.1,6.763603896932107,360,0.8,4.0,5,57,1721
0.0,5.3,6.95,360,0.83,6.0,6,57,1722
0.0,6.0,7.167062859407732,360,0.85,6.0,7,57,1723
67.33333333333334,6.4,7.4,360,0.87,6.0,8,57,1724
145.88888888888889,6.6,7.6329371405922695,360,0.92,5.0,9,57,1725
336.66666666666663,7.7,7.8500000000000005,360,0.95,6.0,10,57,1726
303.0,8.8,8.036396103067894,360,0.96,6.0,11,57,1727
381.55555555555554,9.4,8.179422863405996,360,0.96,7.0,12,57,1728
347.8888888888889,10.1,8.269333243660162,360,0.96,8.0,13,57,1729
224.44444444444446,10.3,8.3,360,0.96,8.0,14,57,1730
303.0,12.1,8.269333243660162,360,0.88,7.0,15,57,1731
179.55555555555554,11.7,8.179422863405996,360,0.89,8.0,16,57,1732
67.33333333333334,11.2,8.036396103067894,360,0.9,8.0,17,57,1733
11.222222222222221,10.9,7.8500000000000005,360,0.91,6.0,18,57,1734
0.0,10.3,7.6329371405922695,360,0.96,6.0,19,57,1735
0.0,9.9,7.4,360,0.95,6.0,20,57,1736
0.0,9.8,7.167062859407732,360,0.96,6.0,21,57,1737
0.0,9.7,6.95,360,0.96,6.0,22,57,1738
0.0,9.7,6.763603896932107,360,0.96,7.0,23,57,1739
0.0,9.9,6.620577136594005,360,0.95,8.0,24,57,1740
0.0,9.8,8.113629669484371,360,0.96,8.0,1,58,1741
0.0,10.0,8.1,360,0.94,9.0,2,58,1742
0.0,9.7,8.113629669484371,360,0.93,8.0,3,58,1743
0.0,9.4,8.153589838486225,360,0.94,7.0,4,58,1744
0.0,9.3,8.21715728752538,360,0.95,6.0,5,58,1745
0.0,9.2,8.299999999999999,360,0.93,7.0,6,58,1746
11.222222222222221,9.3,8.396472381958992,360,0.92,11.0,7,58,1747
56.111111111111114,9.8,8.5,360,0.91,12.0,8,58,1748
303.0,10.2,8.603527618041008,360,0.91,12.0,9,58,1749
381.55555555555554,10.4,8.700000000000001,360,0.9,15.0,10,58,1750
325.44444444444446,10.4,8.782842712474618,360,0.92,14.0,11,58,1751
224.44444444444446,11.6,8.846410161513775,360,0.84,14.0,12,58,1752
179.55555555555554,10.3,8.886370330515629,360,0.9,17.0,13,58,1753
392.7777777777778,10.7,8.9,360,0.86,15.0,14,58,1754
314.2222222222222,9.8,8.886370330515629,360,0.88,16.0,15,58,1755
179.55555555555554,9.1,8.846410161513775,360,0.88,17.0,16,58,1756
56.111111111111114,8.4,8.782842712474618,360,0.92,15.0,17,58,1757
0.0,7.4,8.700000000000001,360,0.93,14.0,18,58,1758
0.0,6.2,8.603527618041008,360,0.92,14.0,19,58,1759
0.0,6.6,8.5,360,0.9,12.0,20,58,1760
0.0,5.5,8.396472381958992,360,0.89,12.0,21,58,1761
0.0,6.0,8.3,360,0.89,10.0,22,58,1762
0.0,6.0,8.217157287525382,360,0.91,9.0,23,58,1763
0.0,5.4,8.153589838486225,360,0.9,9.0,24,58,1764
0.0,4.7,7.411925960798826,360,0.92,9.0,1,59,1765
0.0,5.4,7.4,360,0.94,6.0,2,59,1766
0.0,5.2,7.411925960798826,360,0.93,9.0,3,59,1767
0.0,5.3,7.446891108675446,360,0.91,8.0,4,59,1768
0.0,5.2,7.502512626584709,360,0.93,8.0,5,59,1769
0.0,6.0,7.575,360,0.94,11.0,6,59,1770
0.0,5.8,7.6594133342141175,360,0.93,12.0,7,59,1771
67.33333333333334,6.0,7.75,360,0.9,11.0,8,59,1772
67.33333333333334,6.4,7.8405866657858825,360,0.9,10.0,9,59,1773
347.8888888888889,5.4,7.925,360,0.9,17.0,10,59,1774
729.4444444444443,8.2,7.997487373415291,360,0.79,16.0,11,59,1775
852.8888888888889,8.4,8.053108891324554,360,0.77,16.0,12,59,1776
931.4444444444445,8.3,8.088074039201173,360,0.7,15.0,13,59,1777
527.4444444444445,8.4,8.1,360,0.76,13.0,14,59,1778
606.0,8.7,8.088074039201173,360,0.72,11.0,15,59,1779
538.6666666666667,8.9,8.053108891324554,360,0.69,12.0,16,59,1780
280.55555555555554,8.3,7.997487373415291,360,0.67,8.0,17,59,1781
44.888888888888886,6.8,7.925,360,0.75,9.0,18,59,1782
0.0,6.4,7.8405866657858825,360,0.82,8.0,19,59,1783
0.0,6.0,7.75,360,0.85,8.0,20,59,1784
0.0,6.4,7.6594133342141175,360,0.86,8.0,21,59,1785
0.0,6.2,7.575,360,0.86,8.0,22,59,1786
0.0,6.8,7.502512626584709,360,0.86,8.0,23,59,1787
0.0,6.7,7.446891108675446,360,0.92,10.0,24,59,1788
0.0,4.7,7.411925960798826,360,0.92,9.0,1,60,1789
0.0,5.4,7.4,360,0.94,6.0,2,60,1790
0.0,5.2,7.411925960798826,360,0.93,9.0,3,60,1791
0.0,5.3,7.446891108675446,360,0.91,8.0,4,60,1792
0.0,5.2,7.502512626584709,360,0.93,8.0,5,60,1793
0.0,6.0,7.575,360,0.94,11.0,6,60,1794
0.0,5.8,7.6594133342141175,360,0.93,12.0,7,60,1795
67.33333333333334,6.0,7.75,360,0.9,11.0,8,60,1796
67.33333333333334,6.4,7.8405866657858825,360,0.9,10.0,9,60,1797
347.8888888888889,5.4,7.925,360,0.9,17.0,10,60,1798
729.4444444444443,8.2,7.997487373415291,360,0.79,16.0,11,60,1799
852.8888888888889,8.4,8.053108891324554,360,0.77,16.0,12,60,1800
931.4444444444445,8.3,8.088074039201173,360,0.7,15.0,13,60,1801
527.4444444444445,8.4,8.1,360,0.76,13.0,14,60,1802
606.0,8.7,8.088074039201173,360,0.72,11.0,15,60,1803
538.6666666666667,8.9,8.053108891324554,360,0.69,12.0,16,60,1804
280.55555555555554,8.3,7.997487373415291,360,0.67,8.0,17,60,1805
44.888888888888886,6.8,7.925,360,0.75,9.0,18,60,1806
0.0,6.4,7.8405866657858825,360,0.82,8.0,19,60,1807
0.0,6.0,7.75,360,0.85,8.0,20,60,1808
0.0,6.4,7.6594133342141175,360,0.86,8.0,21,60,1809
0.0,6.171428571428572,7.575,360,0.86,7.714285714285714,22,60,1810
0.0,5.942857142857143,7.502512626584709,360,0.86,7.428571428571429,23,60,1811
0.0,5.714285714285714,7.446891108675446,360,0.92,7.142857142857143,24,60,1812
0.0,5.485714285714286,8.11533337816992,360,0.95,6.857142857142858,1,61,1813
0.0,5.257142857142857,8.100000000000001,360,0.96,6.571428571428571,2,61,1814
0.0,5.0285714285714285,8.11533337816992,360,0.96,6.285714285714286,3,61,1815
0.0,4.8,8.160288568297004,360,0.96,6.0,4,61,1816
0.0,4.5,8.231801948466053,360,0.96,6.0,5,61,1817
0.0,4.4,8.325000000000001,360,0.95,7.0,6,61,1818
11.222222222222221,5.1,8.433531429703866,360,0.94,9.0,7,61,1819
89.77777777777777,6.4,8.55,360,0.93,11.0,8,61,1820
168.33333333333331,6.7,8.666468570296136,360,0.92,12.0,9,61,1821
258.11111111111114,7.9,8.775,360,0.94,10.0,10,61,1822
303.0,8.7,8.868198051533946,360,0.94,12.0,11,61,1823
246.8888888888889,8.9,8.939711431702998,360,0.95,13.0,12,61,1824
145.88888888888889,8.4,8.984666621830081,360,0.95,8.0,13,61,1825
145.88888888888889,8.3,9.0,360,0.95,7.0,14,61,1826
594.7777777777778,10.4,8.984666621830081,360,0.94,8.0,15,61,1827
157.1111111111111,9.8,8.939711431702998,360,0.93,11.0,16,61,1828
235.66666666666669,9.7,8.868198051533946,360,0.9,10.0,17,61,1829
11.222222222222221,9.6,8.775,360,0.91,10.0,18,61,1830
0.0,7.1,8.666468570296136,360,0.92,11.0,19,61,1831
0.0,7.1,8.55,360,0.93,5.0,20,61,1832
0.0,7.4,8.433531429703866,360,0.94,6.0,21,61,1833
0.0,7.1,8.325000000000001,360,0.93,7.0,22,61,1834
0.0,7.1,8.231801948466055,360,0.94,8.0,23,61,1835
0.0,6.6,8.160288568297004,360,0.94,6.0,24,61,1836
0.0,6.5,8.108518543427733,360,0.94,7.0,1,62,1837
0.0,6.7,8.1,360,0.92,7.0,2,62,1838
0.0,6.5,8.108518543427733,360,0.92,8.0,3,62,1839
0.0,7.1,8.13349364905389,360,0.93,8.0,4,62,1840
0.0,6.9,8.173223304703363,360,0.94,9.0,5,62,1841
0.0,6.3,8.225,360,0.94,9.0,6,62,1842
11.222222222222221,6.8,8.28529523872437,360,0.95,8.0,7,62,1843
22.444444444444443,6.7,8.35,360,0.95,7.0,8,62,1844
145.88888888888889,7.0,8.41470476127563,360,0.95,7.0,9,62,1845
179.55555555555554,7.6,8.475,360,0.95,7.0,10,62,1846
258.11111111111114,8.5,8.526776695296636,360,0.96,10.0,11,62,1847
157.1111111111111,8.1,8.56650635094611,360,0.95,8.0,12,62,1848
123.44444444444446,7.0,8.591481456572266,360,0.96,8.0,13,62,1849
89.77777777777777,6.2,8.6,360,0.96,6.0,14,62,1850
224.44444444444446,6.1,8.591481456572266,360,0.95,5.0,15,62,1851
269.33333333333337,6.4,8.56650635094611,360,0.95,3.0,16,62,1852
123.44444444444446,6.0,8.526776695296636,360,0.93,2.0,17,62,1853
22.444444444444443,5.7,8.475,360,0.93,2.0,18,62,1854
0.0,5.5,8.41470476127563,360,0.94,2.0,19,62,1855
0.0,5.0,8.35,360,0.95,2.0,20,62,1856
0.0,5.3,8.28529523872437,360,0.95,2.0,21,62,1857
0.0,5.3,8.225,360,0.96,2.0,22,62,1858
0.0,4.9,8.173223304703363,360,0.96,2.0,23,62,1859
0.0,5.1,8.13349364905389,360,0.97,3.0,24,62,1860
0.0,4.4,7.327259338968744,360,0.97,2.0,1,63,1861
0.0,4.0,7.299999999999999,360,0.97,1.0,2,63,1862
0.0,4.0,7.327259338968744,360,0.98,2.0,3,63,1863
0.0,3.6,7.407179676972448,360,0.98,2.0,4,63,1864
0.0,3.1,7.534314575050761,360,0.98,3.0,5,63,1865
0.0,2.8,7.699999999999999,360,0.98,3.0,6,63,1866
0.0,2.3,7.892944763917983,360,0.98,2.0,7,63,1867
101.0,3.6,8.1,360,0.98,3.0,8,63,1868
404.0,5.4,8.307055236082016,360,0.98,2.0,9,63,1869
751.8888888888888,7.3,8.5,360,0.97,4.0,10,63,1870
1099.7777777777778,8.3,8.665685424949238,360,0.89,6.0,11,63,1871
1223.2222222222222,9.3,8.79282032302755,360,0.64,6.0,12,63,1872
695.7777777777778,8.6,8.872740661031255,360,0.61,6.0,13,63,1873
763.1111111111111,9.4,8.9,360,0.58,6.0,14,63,1874
684.5555555555557,8.8,8.872740661031255,360,0.56,6.0,15,63,1875
505.0,9.8,8.79282032302755,360,0.57,5.0,16,63,1876
437.6666666666667,9.2,8.665685424949238,360,0.58,5.0,17,63,1877
67.33333333333334,7.1,8.5,360,0.67,4.0,18,63,1878
0.0,5.5,8.307055236082016,360,0.72,2.0,19,63,1879
0.0,3.2,8.1,360,0.81,1.0,20,63,1880
0.0,4.4,7.892944763917983,360,0.83,4.0,21,63,1881
0.0,4.3,7.699999999999999,360,0.8,2.0,22,63,1882
0.0,2.1,7.534314575050762,360,0.81,2.0,23,63,1883
0.0,0.5,7.407179676972449,360,0.88,1.0,24,63,1884
0.0,0.2,6.230666756339838,360,0.91,2.0,1,64,1885
0.0,0.4,6.199999999999999,360,0.92,2.0,2,64,1886
0.0,0.7,6.230666756339838,360,0.94,3.0,3,64,1887
0.0,-1.0,6.320577136594005,360,0.94,2.0,4,64,1888
0.0,-1.1,6.463603896932106,360,0.94,2.0,5,64,1889
0.0,-1.4,6.6499999999999995,360,0.95,2.0,6,64,1890
44.888888888888886,-0.7,6.867062859407731,360,0.96,1.0,7,64,1891
359.1111111111111,1.6,7.1,360,0.96,3.0,8,64,1892
594.7777777777778,6.8,7.332937140592268,360,0.95,4.0,9,64,1893
606.0,6.6,7.55,360,0.85,6.0,10,64,1894
864.1111111111111,8.3,7.736396103067892,360,0.73,7.0,11,64,1895
942.6666666666667,9.4,7.879422863405995,360,0.66,8.0,12,64,1896
1010.0,9.9,7.969333243660161,360,0.61,8.0,13,64,1897
662.1111111111112,9.4,8.0,360,0.59,8.0,14,64,1898
213.22222222222223,8.9,7.969333243660161,360,0.6,7.0,15,64,1899
78.55555555555554,6.5,7.879422863405995,360,0.79,8.0,16,64,1900
56.111111111111114,6.3,7.736396103067892,360,0.87,6.0,17,64,1901
22.444444444444443,6.0,7.55,360,0.9,7.0,18,64,1902
0.0,6.1,7.332937140592268,360,0.91,8.0,19,64,1903
0.0,6.2,7.1,360,0.93,7.0,20,64,1904
0.0,5.7,6.867062859407731,360,0.94,7.0,21,64,1905
0.0,6.2,6.65,360,0.95,7.0,22,64,1906
0.0,6.4,6.463603896932107,360,0.96,7.0,23,64,1907
0.0,6.3,6.320577136594005,360,0.97,6.0,24,64,1908
0.0,6.4,7.125555630283198,360,0.97,6.0,1,65,1909
0.0,6.1,7.1,360,0.97,6.0,2,65,1910
0.0,6.1,7.125555630283198,360,0.97,6.0,3,65,1911
0.0,4.7,7.200480947161671,360,0.96,6.0,4,65,1912
0.0,4.6,7.319669914110088,360,0.95,5.0,5,65,1913
0.0,4.2,7.475,360,0.95,4.0,6,65,1914
0.0,4.5,7.655885716173109,360,0.95,6.0,7,65,1915
112.22222222222223,4.8,7.85,360,0.95,6.0,8,65,1916
448.8888888888889,6.1,8.04411428382689,360,0.94,7.0,9,65,1917
617.2222222222222,6.3,8.225,360,0.91,10.0,10,65,1918
1111.0,8.2,8.380330085889911,360,0.83,7.0,11,65,1919
976.3333333333333,8.2,8.499519052838329,360,0.74,8.0,12,65,1920
202.0,5.8,8.574444369716801,360,0.84,9.0,13,65,1921
325.44444444444446,6.0,8.6,360,0.86,6.0,14,65,1922
897.7777777777778,8.3,8.574444369716801,360,0.83,4.0,15,65,1923
650.8888888888889,9.0,8.499519052838329,360,0.75,5.0,16,65,1924
381.55555555555554,8.7,8.380330085889911,360,0.72,6.0,17,65,1925
56.111111111111114,7.0,8.225,360,0.8,4.0,18,65,1926
0.0,6.2,8.04411428382689,360,0.86,2.0,19,65,1927
0.0,5.4,7.85,360,0.86,4.0,20,65,1928
0.0,4.9,7.655885716173109,360,0.87,3.0,21,65,1929
0.0,4.3,7.475,360,0.88,4.0,22,65,1930
0.0,4.0,7.319669914110089,360,0.9,4.0,23,65,1931
0.0,3.3,7.200480947161671,360,0.92,3.0,24,65,1932
0.0,2.9,6.939185299767573,360,0.94,3.0,1,66,1933
0.0,2.9,6.900000000000001,360,0.95,3.0,2,66,1934
0.0,2.8,6.939185299767573,360,0.96,2.0,3,66,1935
0.0,2.6,7.054070785647896,360,0.96,2.0,4,66,1936
0.0,3.0,7.236827201635471,360,0.97,2.0,5,66,1937
0.0,4.7,7.4750000000000005,360,0.97,2.0,6,66,1938
22.444444444444443,5.3,7.7523580981321025,360,0.98,2.0,7,66,1939
123.44444444444446,5.8,8.05,360,0.98,2.0,8,66,1940
213.22222222222223,6.5,8.347641901867899,360,0.98,3.0,9,66,1941
448.8888888888889,7.4,8.625,360,0.98,4.0,10,66,1942
572.3333333333333,8.3,8.86317279836453,360,0.98,4.0,11,66,1943
628.4444444444443,8.7,9.045929214352105,360,0.98,4.0,12,66,1944
684.5555555555557,10.0,9.160814700232429,360,0.95,4.0,13,66,1945
594.7777777777778,9.9,9.2,360,0.84,3.0,14,66,1946
426.44444444444446,10.0,9.160814700232429,360,0.77,3.0,15,66,1947
179.55555555555554,9.6,9.045929214352105,360,0.78,2.0,16,66,1948
112.22222222222223,9.2,8.86317279836453,360,0.81,2.0,17,66,1949
44.888888888888886,8.2,8.625,360,0.84,2.0,18,66,1950
0.0,6.5,8.347641901867899,360,0.88,1.0,19,66,1951
0.0,5.2,8.05,360,0.92,1.0,20,66,1952
0.0,3.6,7.7523580981321025,360,0.93,0.0,21,66,1953
0.0,4.0,7.475000000000001,360,0.95,2.0,22,66,1954
0.0,3.3,7.236827201635472,360,0.95,2.0,23,66,1955
0.0,3.8,7.054070785647896,360,0.96,2.0,24,66,1956
0.0,2.9,6.6425927171386645,360,0.96,2.0,1,67,1957
0.0,2.6,6.6,360,0.96,2.0,2,67,1958
0.0,2.0,6.6425927171386645,360,0.95,2.0,3,67,1959
0.0,1.9,6.767468245269451,360,0.95,2.0,4,67,1960
0.0,1.8,6.966116523516815,360,0.95,3.0,5,67,1961
0.0,1.5,7.224999999999999,360,0.94,3.0,6,67,1962
33.66666666666667,2.2,7.526476193621849,360,0.93,3.0,7,67,1963
303.0,3.6,7.85,360,0.91,5.0,8,67,1964
606.0,6.1,8.173523806378151,360,0.86,7.0,9,67,1965
785.5555555555557,7.9,8.475,360,0.74,7.0,10,67,1966
1245.6666666666665,10.1,8.733883476483184,360,0.65,6.0,11,67,1967
1324.2222222222224,11.5,8.932531754730547,360,0.58,8.0,12,67,1968
1122.2222222222222,11.7,9.057407282861336,360,0.53,7.0,13,67,1969
942.6666666666667,13.3,9.1,360,0.5,8.0,14,67,1970
1077.3333333333335,13.4,9.057407282861336,360,0.45,9.0,15,67,1971
695.7777777777778,14.2,8.932531754730547,360,0.46,8.0,16,67,1972
426.44444444444446,12.4,8.733883476483184,360,0.53,9.0,17,67,1973
56.111111111111114,10.8,8.475,360,0.59,6.0,18,67,1974
0.0,9.6,8.173523806378151,360,0.63,6.0,19,67,1975
0.0,8.8,7.85,360,0.67,6.0,20,67,1976
0.0,7.6,7.526476193621849,360,0.72,5.0,21,67,1977
0.0,6.7,7.225,360,0.78,4.0,22,67,1978
0.0,6.1,6.966116523516815,360,0.8,2.0,23,67,1979
0.0,5.7,6.767468245269451,360,0.82,2.0,24,67,1980
0.0,5.5,7.618740795541012,360,0.84,2.0,1,68,1981
0.0,6.0,7.599999999999999,360,0.84,3.0,2,68,1982
0.0,5.6,7.618740795541012,360,0.84,2.0,3,68,1983
0.0,5.4,7.673686027918557,360,0.84,2.0,4,68,1984
0.0,5.0,7.761091270347397,360,0.86,2.0,5,68,1985
0.0,4.2,7.874999999999998,360,0.88,2.0,6,68,1986
0.0,5.0,8.007649525193612,360,0.9,2.0,7,68,1987
67.33333333333334,5.5,8.149999999999999,360,0.9,3.0,8,68,1988
359.1111111111111,7.5,8.292350474806385,360,0.89,2.0,9,68,1989
561.1111111111111,10.1,8.424999999999999,360,0.82,4.0,10,68,1990
190.77777777777777,10.4,8.538908729652599,360,0.73,6.0,11,68,1991
415.2222222222223,10.9,8.626313972081439,360,0.74,4.0,12,68,1992
202.0,10.4,8.681259204458986,360,0.76,5.0,13,68,1993
67.33333333333334,8.3,8.7,360,0.86,6.0,14,68,1994
134.66666666666669,7.8,8.681259204458986,360,0.92,6.0,15,68,1995
179.55555555555554,7.2,8.626313972081439,360,0.93,4.0,16,68,1996
67.33333333333334,6.8,8.538908729652599,360,0.93,4.0,17,68,1997
11.222222222222221,6.5,8.424999999999999,360,0.94,4.0,18,68,1998
0.0,6.0,8.292350474806385,360,0.95,4.0,19,68,1999
0.0,5.8,8.149999999999999,360,0.95,6.0,20,68,2000
0.0,6.0,8.007649525193612,360,0.96,4.0,21,68,2001
0.0,4.9,7.874999999999999,360,0.96,2.0,22,68,2002
0.0,3.9,7.761091270347397,360,0.96,2.0,23,68,2003
0.0,4.2,7.673686027918557,360,0.97,2.0,24,68,2004
0.0,4.9,7.520444504226559,360,0.97,4.0,1,69,2005
0.0,6.2,7.5,360,0.97,5.0,2,69,2006
0.0,6.5,7.520444504226559,360,0.97,6.0,3,69,2007
0.0,6.4,7.580384757729337,360,0.96,4.0,4,69,2008
0.0,6.3,7.675735931288071,360,0.95,3.0,5,69,2009
0.0,6.1,7.8,360,0.95,2.0,6,69,2010
0.0,6.3,7.944708572938487,360,0.95,2.0,7,69,2011
33.66666666666667,6.7,8.1,360,0.96,4.0,8,69,2012
134.66666666666669,7.7,8.255291427061511,360,0.96,5.0,9,69,2013
235.66666666666669,9.2,8.4,360,0.94,8.0,10,69,2014
246.8888888888889,9.2,8.524264068711927,360,0.87,10.0,11,69,2015
202.0,9.4,8.619615242270662,360,0.83,10.0,12,69,2016
280.55555555555554,8.9,8.67955549577344,360,0.81,6.0,13,69,2017
359.1111111111111,8.6,8.7,360,0.81,4.0,14,69,2018
426.44444444444446,8.3,8.67955549577344,360,0.84,7.0,15,69,2019
246.8888888888889,8.4,8.619615242270662,360,0.87,3.0,16,69,2020
426.44444444444446,9.7,8.524264068711927,360,0.86,4.0,17,69,2021
67.33333333333334,6.2,8.4,360,0.86,1.0,18,69,2022
0.0,6.7,8.255291427061511,360,0.91,2.0,19,69,2023
0.0,6.8,8.1,360,0.93,4.0,20,69,2024
0.0,4.6,7.944708572938487,360,0.93,2.0,21,69,2025
0.0,3.5,7.8,360,0.95,2.0,22,69,2026
0.0,3.3,7.675735931288071,360,0.96,2.0,23,69,2027
0.0,3.4,7.580384757729337,360,0.97,2.0,24,69,2028
0.0,1.8,6.547703843195304,360,0.97,2.0,1,70,2029
0.0,1.9,6.5,360,0.97,2.0,2,70,2030
0.0,0.6,6.547703843195304,360,0.97,1.0,3,70,2031
0.0,-0.5,6.687564434701786,360,0.98,2.0,4,70,2032
0.0,-0.7,6.910050506338833,360,0.98,1.0,5,70,2033
0.0,0.6,7.199999999999999,360,0.98,0.0,6,70,2034
22.444444444444443,1.9,7.537653336856471,360,0.99,4.0,7,70,2035
314.2222222222222,4.6,7.9,360,0.99,2.0,8,70,2036
695.7777777777778,7.7,8.26234666314353,360,0.98,2.0,9,70,2037
1010.0,9.6,8.600000000000001,360,0.96,5.0,10,70,2038
1245.6666666666665,11.0,8.889949493661167,360,0.68,5.0,11,70,2039
1313.0,11.4,9.112435565298215,360,0.6,5.0,12,70,2040
942.6666666666667,12.1,9.252296156804697,360,0.59,4.0,13,70,2041
684.5555555555557,11.7,9.3,360,0.6,4.0,14,70,2042
224.44444444444446,11.2,9.252296156804697,360,0.63,3.0,15,70,2043
190.77777777777777,9.9,9.112435565298215,360,0.67,7.0,16,70,2044
101.0,8.1,8.889949493661167,360,0.82,6.0,17,70,2045
78.55555555555554,7.4,8.600000000000001,360,0.86,4.0,18,70,2046
0.0,6.4,8.26234666314353,360,0.9,3.0,19,70,2047
0.0,6.6,7.9,360,0.92,4.0,20,70,2048
0.0,6.2,7.537653336856471,360,0.92,4.0,21,70,2049
0.0,5.1,7.2,360,0.92,4.0,22,70,2050
0.0,4.7,6.910050506338834,360,0.93,3.0,23,70,2051
0.0,4.3,6.687564434701786,360,0.93,3.0,24,70,2052
0.0,4.3,7.5391852997675715,360,0.94,3.0,1,71,2053
0.0,4.5,7.5,360,0.95,4.0,2,71,2054
0.0,4.9,7.5391852997675715,360,0.96,4.0,3,71,2055
0.0,4.8,7.654070785647895,360,0.97,4.0,4,71,2056
0.0,5.1,7.83682720163547,360,0.97,4.0,5,71,2057
0.0,5.8,8.075,360,0.97,4.0,6,71,2058
11.222222222222221,6.3,8.352358098132102,360,0.98,6.0,7,71,2059
78.55555555555554,6.6,8.65,360,0.98,6.0,8,71,2060
67.33333333333334,7.6,8.947641901867899,360,0.85,5.0,9,71,2061
359.1111111111111,7.0,9.225000000000001,360,0.92,6.0,10,71,2062
796.7777777777777,8.4,9.46317279836453,360,0.91,7.0,11,71,2063
1391.5555555555557,10.9,9.645929214352105,360,0.7,7.0,12,71,2064
998.7777777777778,11.0,9.76081470023243,360,0.7,8.0,13,71,2065
1178.3333333333335,11.7,9.8,360,0.63,7.0,14,71,2066
729.4444444444443,12.4,9.76081470023243,360,0.58,6.0,15,71,2067
471.33333333333337,12.6,9.645929214352105,360,0.59,5.0,16,71,2068
336.66666666666663,11.7,9.46317279836453,360,0.61,5.0,17,71,2069
78.55555555555554,9.4,9.225000000000001,360,0.71,4.0,18,71,2070
0.0,8.7,8.947641901867899,360,0.81,4.0,19,71,2071
0.0,9.4,8.65,360,0.84,4.0,20,71,2072
0.0,8.7,8.352358098132102,360,0.84,4.0,21,71,2073
0.0,8.7,8.075000000000001,360,0.88,5.0,22,71,2074
0.0,8.8,7.8368272016354705,360,0.91,5.0,23,71,2075
0.0,8.5,7.654070785647896,360,0.92,5.0,24,71,2076
0.0,8.2,8.337481591082026,360,0.93,5.0,1,72,2077
0.0,7.4,8.3,360,0.93,4.0,2,72,2078
0.0,6.9,8.337481591082025,360,0.94,5.0,3,72,2079
0.0,6.4,8.447372055837118,360,0.95,4.0,4,72,2080
0.0,6.0,8.622182540694798,360,0.96,4.0,5,72,2081
0.0,6.3,8.85,360,0.97,4.0,6,72,2082
56.111111111111114,6.8,9.115299050387227,360,0.97,4.0,7,72,2083
269.33333333333337,8.4,9.4,360,0.97,4.0,8,72,2084
426.44444444444446,9.9,9.684700949612774,360,0.97,4.0,9,72,2085
785.5555555555557,11.4,9.950000000000001,360,0.93,7.0,10,72,2086
774.3333333333333,11.8,10.177817459305203,360,0.82,8.0,11,72,2087
426.44444444444446,11.8,10.352627944162883,360,0.83,6.0,12,72,2088
583.5555555555555,11.9,10.462518408917976,360,0.88,6.0,13,72,2089
482.5555555555556,12.7,10.5,360,0.88,7.0,14,72,2090
538.6666666666667,13.2,10.462518408917976,360,0.82,7.0,15,72,2091
269.33333333333337,12.3,10.352627944162883,360,0.87,7.0,16,72,2092
179.55555555555554,12.5,10.177817459305203,360,0.88,6.0,17,72,2093
56.111111111111114,11.4,9.950000000000001,360,0.88,6.0,18,72,2094
0.0,10.8,9.684700949612774,360,0.91,4.0,19,72,2095
0.0,11.0,9.4,360,0.93,4.0,20,72,2096
0.0,10.4,9.115299050387227,360,0.93,4.0,21,72,2097
0.0,10.3,8.850000000000001,360,0.94,4.0,22,72,2098
0.0,9.7,8.622182540694798,360,0.95,4.0,23,72,2099
0.0,9.4,8.447372055837118,360,0.96,4.0,24,72,2100
0.0,9.1,9.652814969251942,360,0.97,4.0,1,73,2101
0.0,8.1,9.599999999999998,360,0.97,2.0,2,73,2102
0.0,7.7,9.652814969251942,360,0.97,2.0,3,73,2103
0.0,7.5,9.807660624134119,360,0.98,3.0,4,73,2104
0.0,7.1,10.05398448916085,360,0.98,3.0,5,73,2105
0.0,7.1,10.374999999999998,360,0.98,2.0,6,73,2106
11.222222222222221,7.1,10.748830480091092,360,0.98,3.0,7,73,2107
134.66666666666669,6.9,11.149999999999999,360,0.99,4.0,8,73,2108
314.2222222222222,7.9,11.551169519908905,360,0.99,4.0,9,73,2109
493.7777777777778,9.2,11.924999999999999,360,0.99,4.0,10,73,2110
639.6666666666667,10.5,12.246015510839147,360,0.98,4.0,11,73,2111
1335.4444444444443,12.9,12.492339375865878,360,0.98,4.0,12,73,2112
1436.4444444444443,14.5,12.647185030748055,360,0.85,4.0,13,73,2113
1335.4444444444443,15.8,12.7,360,0.64,4.0,14,73,2114
1111.0,16.7,12.647185030748055,360,0.61,3.0,15,73,2115
763.1111111111111,16.4,12.492339375865878,360,0.59,3.0,16,73,2116
392.7777777777778,15.3,12.246015510839147,360,0.61,3.0,17,73,2117
101.0,13.7,11.924999999999999,360,0.69,2.0,18,73,2118
0.0,12.2,11.551169519908905,360,0.74,2.0,19,73,2119
0.0,11.1,11.149999999999999,360,0.76,2.0,20,73,2120
0.0,10.6,10.748830480091092,360,0.79,2.0,21,73,2121
0.0,9.3,10.374999999999998,360,0.83,2.0,22,73,2122
0.0,9.0,10.05398448916085,360,0.88,2.0,23,73,2123
0.0,8.1,9.807660624134119,360,0.91,2.0,24,73,2124
0.0,6.8,9.156222386623037,360,0.93,1.0,1,74,2125
0.0,6.4,9.1,360,0.95,1.0,2,74,2126
0.0,6.3,9.156222386623037,360,0.96,1.0,3,74,2127
0.0,6.1,9.321058083755675,360,0.97,1.0,4,74,2128
0.0,5.4,9.583273811042195,360,0.97,2.0,5,74,2129
0.0,4.9,9.924999999999999,360,0.97,2.0,6,74,2130
67.33333333333334,8.0,10.32294857558084,360,0.98,4.0,7,74,2131
370.33333333333337,11.4,10.75,360,0.95,5.0,8,74,2132
718.2222222222222,12.4,11.17705142441916,360,0.7,7.0,9,74,2133
998.7777777777778,13.9,11.575000000000001,360,0.66,6.0,10,74,2134
1301.7777777777778,15.4,11.916726188957803,360,0.65,6.0,11,74,2135
1178.3333333333335,16.6,12.178941916244325,360,0.62,6.0,12,74,2136
1133.4444444444443,17.8,12.343777613376963,360,0.61,8.0,13,74,2137
875.3333333333334,17.3,12.4,360,0.64,8.0,14,74,2138
987.5555555555557,17.4,12.343777613376963,360,0.6,8.0,15,74,2139
830.4444444444446,17.3,12.178941916244325,360,0.6,7.0,16,74,2140
460.11111111111114,16.3,11.916726188957803,360,0.64,8.0,17,74,2141
101.0,13.9,11.575000000000001,360,0.69,6.0,18,74,2142
11.222222222222221,12.8,11.17705142441916,360,0.8,4.0,19,74,2143
0.0,12.0,10.75,360,0.85,3.0,20,74,2144
0.0,11.8,10.32294857558084,360,0.87,4.0,21,74,2145
0.0,12.3,9.925,360,0.83,5.0,22,74,2146
0.0,12.5,9.583273811042197,360,0.83,5.0,23,74,2147
0.0,12.6,9.321058083755675,360,0.81,7.0,24,74,2148
0.0,12.7,11.025555630283199,360,0.81,6.0,1,75,2149
0.0,12.6,11.0,360,0.82,8.0,2,75,2150
0.0,12.3,11.025555630283199,360,0.87,8.0,3,75,2151
0.0,12.0,11.100480947161671,360,0.89,8.0,4,75,2152
0.0,11.6,11.219669914110089,360,0.89,5.0,5,75,2153
0.0,11.7,11.375,360,0.89,6.0,6,75,2154
22.444444444444443,11.3,11.55588571617311,360,0.89,6.0,7,75,2155
246.8888888888889,12.7,11.75,360,0.91,7.0,8,75,2156
392.7777777777778,13.0,11.94411428382689,360,0.88,8.0,9,75,2157
448.8888888888889,13.5,12.125,360,0.86,8.0,10,75,2158
617.2222222222222,14.5,12.280330085889911,360,0.81,11.0,11,75,2159
718.2222222222222,14.8,12.399519052838329,360,0.86,10.0,12,75,2160
1032.4444444444446,15.2,12.474444369716801,360,0.77,12.0,13,75,2161
707.0000000000001,15.0,12.5,360,0.75,12.0,14,75,2162
381.55555555555554,13.6,12.474444369716801,360,0.84,10.0,15,75,2163
291.77777777777777,13.5,12.399519052838329,360,0.82,10.0,16,75,2164
134.66666666666669,13.0,12.280330085889911,360,0.88,10.0,17,75,2165
56.111111111111114,12.3,12.125,360,0.92,11.0,18,75,2166
0.0,12.2,11.94411428382689,360,0.93,8.0,19,75,2167
0.0,12.3,11.75,360,0.93,7.0,20,75,2168
0.0,12.3,11.55588571617311,360,0.93,8.0,21,75,2169
0.0,12.2,11.375,360,0.93,7.0,22,75,2170
0.0,12.0,11.219669914110089,360,0.93,8.0,23,75,2171
0.0,11.8,11.100480947161671,360,0.94,7.0,24,75,2172
0.0,11.7,11.530666756339839,360,0.94,8.0,1,76,2173
0.0,11.6,11.5,360,0.94,5.0,2,76,2174
0.0,11.6,11.530666756339839,360,0.95,4.0,3,76,2175
0.0,11.6,11.620577136594004,360,0.95,5.0,4,76,2176
0.0,11.5,11.763603896932107,360,0.95,4.0,5,76,2177
0.0,11.3,11.95,360,0.95,3.0,6,76,2178
22.444444444444443,11.3,12.167062859407732,360,0.96,4.0,7,76,2179
101.0,11.8,12.4,360,0.96,4.0,8,76,2180
336.66666666666663,12.7,12.632937140592269,360,0.96,4.0,9,76,2181
505.0,13.4,12.850000000000001,360,0.91,3.0,10,76,2182
415.2222222222223,13.6,13.036396103067894,360,0.82,4.0,11,76,2183
538.6666666666667,14.9,13.179422863405996,360,0.7,4.0,12,76,2184
549.8888888888889,14.7,13.269333243660162,360,0.7,3.0,13,76,2185
460.11111111111114,14.2,13.3,360,0.78,4.0,14,76,2186
482.5555555555556,14.5,13.269333243660162,360,0.78,4.0,15,76,2187
549.8888888888889,14.5,13.179422863405996,360,0.77,3.0,16,76,2188
168.33333333333331,14.1,13.036396103067894,360,0.77,2.0,17,76,2189
67.33333333333334,12.9,12.850000000000001,360,0.82,2.0,18,76,2190
0.0,12.1,12.632937140592269,360,0.89,2.0,19,76,2191
0.0,11.7,12.4,360,0.89,1.0,20,76,2192
0.0,11.7,12.167062859407732,360,0.9,1.0,21,76,2193
0.0,11.4,11.950000000000001,360,0.9,1.0,22,76,2194
0.0,11.5,11.763603896932107,360,0.91,2.0,23,76,2195
0.0,11.4,11.620577136594004,360,0.91,4.0,24,76,2196
0.0,11.3,11.727259338968745,360,0.91,2.0,1,77,2197
0.0,11.9,11.7,360,0.89,3.0,2,77,2198
0.0,10.9,11.727259338968745,360,0.88,2.0,3,77,2199
0.0,10.8,11.807179676972448,360,0.9,2.0,4,77,2200
0.0,10.6,11.934314575050761,360,0.91,2.0,5,77,2201
0.0,10.4,12.1,360,0.92,1.0,6,77,2202
33.66666666666667,10.8,12.292944763917983,360,0.92,1.0,7,77,2203
134.66666666666669,11.8,12.5,360,0.9,2.0,8,77,2204
224.44444444444446,13.3,12.707055236082017,360,0.81,4.0,9,77,2205
392.7777777777778,14.2,12.9,360,0.75,5.0,10,77,2206
482.5555555555556,14.7,13.065685424949239,360,0.76,5.0,11,77,2207
673.3333333333333,15.4,13.19282032302755,360,0.77,5.0,12,77,2208
594.7777777777778,15.6,13.272740661031255,360,0.77,4.0,13,77,2209
426.44444444444446,15.4,13.3,360,0.81,4.0,14,77,2210
404.0,15.6,13.272740661031255,360,0.8,4.0,15,77,2211
246.8888888888889,15.5,13.19282032302755,360,0.8,4.0,16,77,2212
123.44444444444446,15.0,13.065685424949239,360,0.84,3.0,17,77,2213
33.66666666666667,13.9,12.9,360,0.9,2.0,18,77,2214
0.0,13.6,12.707055236082017,360,0.93,1.0,19,77,2215
0.0,13.7,12.5,360,0.94,2.0,20,77,2216
0.0,13.4,12.292944763917983,360,0.95,2.0,21,77,2217
0.0,13.0,12.1,360,0.95,4.0,22,77,2218
0.0,12.8,11.934314575050761,360,0.96,5.0,23,77,2219
0.0,12.6,11.80717967697245,360,0.97,4.0,24,77,2220
0.0,12.5,12.339185299767571,360,0.97,5.0,1,78,2221
0.0,12.5,12.3,360,0.97,5.0,2,78,2222
0.0,12.4,12.339185299767571,360,0.97,7.0,3,78,2223
0.0,11.6,12.454070785647895,360,0.98,4.0,4,78,2224
0.0,11.5,12.63682720163547,360,0.98,4.0,5,78,2225
0.0,11.0,12.874999999999998,360,0.98,4.0,6,78,2226
22.444444444444443,11.4,13.152358098132101,360,0.98,4.0,7,78,2227
89.77777777777777,11.8,13.45,360,0.98,5.0,8,78,2228
269.33333333333337,12.5,13.747641901867897,360,0.97,4.0,9,78,2229
561.1111111111111,13.5,14.024999999999999,360,0.94,6.0,10,78,2230
673.3333333333333,13.6,14.26317279836453,360,0.83,5.0,11,78,2231
976.3333333333333,15.0,14.445929214352104,360,0.72,5.0,12,78,2232
1032.4444444444446,15.0,14.560814700232427,360,0.71,5.0,13,78,2233
1313.0,16.3,14.599999999999998,360,0.64,5.0,14,78,2234
1178.3333333333335,15.6,14.560814700232427,360,0.6,6.0,15,78,2235
751.8888888888888,16.1,14.445929214352104,360,0.66,5.0,16,78,2236
392.7777777777778,15.1,14.26317279836453,360,0.65,4.0,17,78,2237
89.77777777777777,13.4,14.024999999999999,360,0.72,2.0,18,78,2238
11.222222222222221,11.2,13.747641901867897,360,0.87,0.0,19,78,2239
0.0,9.1,13.45,360,0.92,1.0,20,78,2240
0.0,8.9,13.152358098132101,360,0.94,1.0,21,78,2241
0.0,7.6,12.875,360,0.94,1.0,22,78,2242
0.0,7.4,12.63682720163547,360,0.95,1.0,23,78,2243
0.0,7.0,12.454070785647895,360,0.96,1.0,24,78,2244
0.0,6.7,10.961333512679676,360,0.96,1.0,1,79,2245
0.0,6.6,10.899999999999999,360,0.97,1.0,2,79,2246
0.0,5.5,10.961333512679676,360,0.98,1.0,3,79,2247
0.0,6.2,11.14115427318801,360,0.98,1.0,4,79,2248
0.0,6.6,11.427207793864213,360,0.98,2.0,5,79,2249
0.0,7.0,11.799999999999999,360,0.98,2.0,6,79,2250
33.66666666666667,6.0,12.234125718815463,360,0.98,1.0,7,79,2251
437.6666666666667,9.4,12.7,360,0.98,2.0,8,79,2252
707.0000000000001,12.2,13.165874281184536,360,0.98,2.0,9,79,2253
1032.4444444444446,14.1,13.6,360,0.81,2.0,10,79,2254
1335.4444444444443,15.0,13.972792206135784,360,0.69,4.0,11,79,2255
1470.111111111111,16.2,14.25884572681199,360,0.61,4.0,12,79,2256
1503.7777777777776,17.2,14.438666487320322,360,0.53,3.0,13,79,2257
1391.5555555555557,17.7,14.5,360,0.53,3.0,14,79,2258
1133.4444444444443,17.9,14.438666487320322,360,0.53,3.0,15,79,2259
774.3333333333333,18.5,14.25884572681199,360,0.5,3.0,16,79,2260
381.55555555555554,16.1,13.972792206135784,360,0.66,2.0,17,79,2261
168.33333333333331,13.8,13.6,360,0.68,2.0,18,79,2262
0.0,12.5,13.165874281184536,360,0.7,2.0,19,79,2263
0.0,11.1,12.7,360,0.77,1.0,20,79,2264
0.0,10.9,12.234125718815463,360,0.83,1.0,21,79,2265
0.0,10.2,11.8,360,0.84,1.0,22,79,2266
0.0,10.2,11.427207793864214,360,0.8,2.0,23,79,2267
0.0,9.5,11.14115427318801,360,0.8,2.0,24,79,2268
0.0,9.1,10.954518677937491,360,0.85,2.0,1,80,2269
0.0,8.7,10.9,360,0.88,1.0,2,80,2270
0.0,7.4,10.954518677937491,360,0.89,2.0,3,80,2271
0.0,7.3,11.114359353944899,360,0.9,2.0,4,80,2272
0.0,7.3,11.368629150101523,360,0.93,2.0,5,80,2273
0.0,6.3,11.7,360,0.94,2.0,6,80,2274
112.22222222222223,7.7,12.085889527835967,360,0.95,2.0,7,80,2275
404.0,10.3,12.5,360,0.93,2.0,8,80,2276
527.4444444444445,12.4,12.914110472164033,360,0.78,2.0,9,80,2277
763.1111111111111,15.4,13.3,360,0.63,4.0,10,80,2278
471.33333333333337,15.4,13.631370849898476,360,0.66,3.0,11,80,2279
976.3333333333333,17.6,13.885640646055101,360,0.59,3.0,12,80,2280
1021.2222222222222,18.3,14.045481322062509,360,0.57,4.0,13,80,2281
628.4444444444443,18.7,14.1,360,0.59,3.0,14,80,2282
998.7777777777778,19.4,14.045481322062509,360,0.6,3.0,15,80,2283
785.5555555555557,18.8,13.885640646055101,360,0.67,4.0,16,80,2284
482.5555555555556,18.2,13.631370849898476,360,0.66,4.0,17,80,2285
134.66666666666669,15.0,13.3,360,0.79,4.0,18,80,2286
0.0,13.5,12.914110472164033,360,0.85,4.0,19,80,2287
0.0,13.8,12.5,360,0.84,2.0,20,80,2288
0.0,13.3,12.085889527835967,360,0.84,3.0,21,80,2289
0.0,13.1,11.700000000000001,360,0.83,2.0,22,80,2290
0.0,11.4,11.368629150101524,360,0.84,2.0,23,80,2291
0.0,11.0,11.114359353944899,360,0.88,1.0,24,80,2292
0.0,10.3,11.563037221365224,360,0.89,2.0,1,81,2293
0.0,11.2,11.5,360,0.9,2.0,2,81,2294
0.0,8.4,11.563037221365224,360,0.92,1.0,3,81,2295
0.0,9.4,11.747853002998788,360,0.95,2.0,4,81,2296
0.0,8.0,12.041852454804886,360,0.95,2.0,5,81,2297
0.0,8.0,12.424999999999999,360,0.96,2.0,6,81,2298
101.0,9.2,12.871184766560336,360,0.97,2.0,7,81,2299
392.7777777777778,12.2,13.35,360,0.96,2.0,8,81,2300
740.6666666666667,14.7,13.828815233439663,360,0.9,2.0,9,81,2301
1021.2222222222222,16.0,14.275,360,0.75,4.0,10,81,2302
1290.5555555555554,17.4,14.658147545195112,360,0.74,4.0,11,81,2303
1357.8888888888891,18.6,14.952146997001211,360,0.67,4.0,12,81,2304
1324.2222222222224,20.0,15.136962778634775,360,0.57,2.0,13,81,2305
1122.2222222222222,20.3,15.2,360,0.58,2.0,14,81,2306
998.7777777777778,20.9,15.136962778634775,360,0.56,4.0,15,81,2307
785.5555555555557,20.0,14.952146997001211,360,0.59,3.0,16,81,2308
437.6666666666667,18.6,14.658147545195112,360,0.63,3.0,17,81,2309
134.66666666666669,17.0,14.275,360,0.69,4.0,18,81,2310
0.0,16.3,13.828815233439663,360,0.71,2.0,19,81,2311
0.0,14.7,13.35,360,0.74,2.0,20,81,2312
0.0,12.9,12.871184766560336,360,0.8,1.0,21,81,2313
0.0,11.5,12.425,360,0.88,1.0,22,81,2314
0.0,11.1,12.041852454804888,360,0.85,1.0,23,81,2315
0.0,11.3,11.747853002998788,360,0.86,2.0,24,81,2316
0.0,10.3,11.963037221365225,360,0.89,1.0,1,82,2317
0.0,11.0,11.9,360,0.88,2.0,2,82,2318
0.0,11.3,11.963037221365225,360,0.84,2.0,3,82,2319
0.0,9.2,12.147853002998788,360,0.88,2.0,4,82,2320
0.0,8.6,12.441852454804886,360,0.92,1.0,5,82,2321
0.0,7.4,12.825,360,0.94,1.0,6,82,2322
89.77777777777777,8.8,13.271184766560337,360,0.96,1.0,7,82,2323
381.55555555555554,13.0,13.75,360,0.95,1.0,8,82,2324
751.8888888888888,17.0,14.228815233439663,360,0.77,2.0,9,82,2325
1088.5555555555557,18.6,14.675,360,0.63,2.0,10,82,2326
1301.7777777777778,19.5,15.058147545195112,360,0.59,5.0,11,82,2327
1481.3333333333335,20.2,15.352146997001212,360,0.57,4.0,12,82,2328
1503.7777777777776,20.8,15.536962778634775,360,0.52,5.0,13,82,2329
1425.2222222222222,20.9,15.6,360,0.55,8.0,14,82,2330
1200.7777777777778,21.1,15.536962778634775,360,0.54,6.0,15,82,2331
909.0,20.7,15.352146997001212,360,0.53,6.0,16,82,2332
538.6666666666667,19.6,15.058147545195112,360,0.61,6.0,17,82,2333
157.1111111111111,17.3,14.675,360,0.66,5.0,18,82,2334
0.0,15.1,14.228815233439663,360,0.8,4.0,19,82,2335
0.0,14.0,13.75,360,0.72,6.0,20,82,2336
0.0,11.6,13.271184766560337,360,0.78,5.0,21,82,2337
0.0,10.9,12.825000000000001,360,0.86,5.0,22,82,2338
0.0,10.2,12.441852454804888,360,0.86,8.0,23,82,2339
0.0,8.5,12.147853002998788,360,0.83,10.0,24,82,2340
0.0,8.0,11.928963047654292,360,0.82,8.0,1,83,2341
0.0,7.2,11.9,360,0.86,4.0,2,83,2342
0.0,6.4,11.928963047654292,360,0.86,4.0,3,83,2343
0.0,5.7,12.013878406783228,360,0.88,4.0,4,83,2344
0.0,5.3,12.148959235991434,360,0.89,4.0,5,83,2345
0.0,4.0,12.325,360,0.89,4.0,6,83,2346
134.66666666666669,5.1,12.530003811662857,360,0.93,4.0,7,83,2347
482.5555555555556,6.9,12.75,360,0.91,6.0,8,83,2348
841.6666666666666,9.1,12.969996188337143,360,0.72,6.0,9,83,2349
1111.0,10.4,13.175,360,0.59,6.0,10,83,2350
1313.0,10.5,13.351040764008566,360,0.56,7.0,11,83,2351
1526.2222222222222,11.5,13.486121593216772,360,0.54,9.0,12,83,2352
1279.3333333333335,11.3,13.571036952345708,360,0.57,8.0,13,83,2353
1335.4444444444443,12.9,13.6,360,0.49,9.0,14,83,2354
931.4444444444445,12.8,13.571036952345708,360,0.51,9.0,15,83,2355
538.6666666666667,11.7,13.486121593216772,360,0.55,9.0,16,83,2356
426.44444444444446,10.5,13.351040764008566,360,0.62,9.0,17,83,2357
134.66666666666669,9.0,13.175,360,0.74,9.0,18,83,2358
0.0,8.5,12.969996188337143,360,0.72,7.0,19,83,2359
0.0,8.1,12.75,360,0.79,6.0,20,83,2360
0.0,7.2,12.530003811662857,360,0.84,7.0,21,83,2361
0.0,7.2,12.325000000000001,360,0.85,6.0,22,83,2362
0.0,7.1,12.148959235991434,360,0.87,6.0,23,83,2363
0.0,6.6,12.013878406783228,360,0.89,6.0,24,83,2364
0.0,5.6,10.83577788239648,360,0.91,5.0,1,84,2365
0.0,5.4,10.8,360,0.92,4.0,2,84,2366
0.0,4.9,10.83577788239648,360,0.92,4.0,3,84,2367
0.0,5.0,10.94067332602634,360,0.93,4.0,4,84,2368
0.0,4.8,11.107537879754126,360,0.93,3.0,5,84,2369
0.0,4.7,11.325000000000001,360,0.94,3.0,6,84,2370
157.1111111111111,5.9,11.578240002642355,360,0.94,4.0,7,84,2371
303.0,7.0,11.850000000000001,360,0.92,4.0,8,84,2372
650.8888888888889,8.7,12.121759997357648,360,0.82,4.0,9,84,2373
965.1111111111112,10.1,12.375000000000002,360,0.67,5.0,10,84,2374
1088.5555555555557,10.9,12.592462120245877,360,0.63,6.0,11,84,2375
1043.6666666666665,11.4,12.759326673973662,360,0.54,7.0,12,84,2376
909.0,11.1,12.864222117603523,360,0.55,7.0,13,84,2377
841.6666666666666,11.3,12.900000000000002,360,0.51,4.0,14,84,2378
695.7777777777778,11.1,12.864222117603523,360,0.51,5.0,15,84,2379
953.8888888888889,12.4,12.759326673973662,360,0.48,4.0,16,84,2380
538.6666666666667,10.9,12.592462120245877,360,0.52,4.0,17,84,2381
112.22222222222223,11.0,12.375000000000002,360,0.52,3.0,18,84,2382
0.0,7.6,12.121759997357648,360,0.65,1.0,19,84,2383
0.0,5.2,11.850000000000001,360,0.86,1.0,20,84,2384
0.0,4.1,11.578240002642355,360,0.86,2.0,21,84,2385
0.0,3.1,11.325000000000001,360,0.87,1.0,22,84,2386
0.0,3.2,11.107537879754126,360,0.9,1.0,23,84,2387
0.0,3.0,10.94067332602634,360,0.89,1.0,24,84,2388
0.0,2.7,9.54940755188085,360,0.89,1.0,1,85,2389
0.0,2.5,9.5,360,0.9,1.0,2,85,2390
0.0,1.8,9.54940755188085,360,0.91,1.0,3,85,2391
0.0,1.7,9.694263164512563,360,0.92,2.0,4,85,2392
0.0,1.8,9.924695167279506,360,0.93,1.0,5,85,2393
11.222222222222221,1.9,10.224999999999998,360,0.93,2.0,6,85,2394
67.33333333333334,2.5,10.574712384601344,360,0.93,2.0,7,85,2395
280.55555555555554,5.2,10.95,360,0.91,2.0,8,85,2396
684.5555555555557,7.8,11.325287615398654,360,0.78,4.0,9,85,2397
864.1111111111111,10.1,11.674999999999999,360,0.66,5.0,10,85,2398
953.8888888888889,11.2,11.975304832720493,360,0.59,6.0,11,85,2399
987.5555555555557,12.0,12.205736835487436,360,0.56,5.0,12,85,2400
897.7777777777778,12.5,12.350592448119148,360,0.53,4.0,13,85,2401
819.2222222222222,13.1,12.399999999999999,360,0.5,4.0,14,85,2402
886.5555555555555,13.6,12.350592448119148,360,0.48,4.0,15,85,2403
583.5555555555555,13.4,12.205736835487436,360,0.52,4.0,16,85,2404
258.11111111111114,12.5,11.975304832720493,360,0.57,4.0,17,85,2405
67.33333333333334,12.3,11.674999999999999,360,0.58,3.0,18,85,2406
0.0,12.0,11.325287615398654,360,0.64,6.0,19,85,2407
0.0,10.7,10.95,360,0.8,7.0,20,85,2408
0.0,11.0,10.574712384601344,360,0.79,6.0,21,85,2409
0.0,10.8,10.225,360,0.76,7.0,22,85,2410
0.0,10.1,9.924695167279506,360,0.82,6.0,23,85,2411
0.0,9.3,9.694263164512563,360,0.89,9.0,24,85,2412
0.0,9.0,10.711925960798826,360,0.93,9.0,1,86,2413
0.0,8.9,10.7,360,0.94,7.0,2,86,2414
0.0,8.9,10.711925960798826,360,0.95,4.0,3,86,2415
0.0,9.0,10.746891108675447,360,0.96,4.0,4,86,2416
0.0,8.9,10.802512626584708,360,0.96,4.0,5,86,2417
0.0,8.4,10.875,360,0.96,3.0,6,86,2418
11.222222222222221,7.3,10.95941333421412,360,0.97,7.0,7,86,2419
56.111111111111114,7.3,11.05,360,0.96,5.0,8,86,2420
67.33333333333334,7.0,11.140586665785882,360,0.95,5.0,9,86,2421
78.55555555555554,6.8,11.225000000000001,360,0.95,6.0,10,86,2422
213.22222222222223,6.1,11.297487373415294,360,0.93,6.0,11,86,2423
347.8888888888889,6.3,11.353108891324554,360,0.91,6.0,12,86,2424
246.8888888888889,6.5,11.388074039201175,360,0.9,4.0,13,86,2425
190.77777777777777,7.0,11.400000000000002,360,0.91,4.0,14,86,2426
381.55555555555554,8.1,11.388074039201175,360,0.85,4.0,15,86,2427
718.2222222222222,8.2,11.353108891324554,360,0.8,6.0,16,86,2428
359.1111111111111,8.4,11.297487373415294,360,0.81,6.0,17,86,2429
134.66666666666669,7.7,11.225000000000001,360,0.81,6.0,18,86,2430
0.0,7.1,11.140586665785882,360,0.87,4.0,19,86,2431
0.0,6.3,11.05,360,0.9,4.0,20,86,2432
0.0,6.0,10.95941333421412,360,0.91,4.0,21,86,2433
0.0,5.7,10.875,360,0.93,5.0,22,86,2434
0.0,5.3,10.80251262658471,360,0.93,4.0,23,86,2435
0.0,5.5,10.746891108675447,360,0.93,7.0,24,86,2436
0.0,5.2,9.823851921597653,360,0.93,5.0,1,87,2437
0.0,5.3,9.8,360,0.94,8.0,2,87,2438
0.0,5.6,9.823851921597653,360,0.94,6.0,3,87,2439
0.0,5.3,9.893782217350893,360,0.95,7.0,4,87,2440
0.0,5.1,10.005025253169418,360,0.95,6.0,5,87,2441
0.0,4.7,10.15,360,0.96,6.0,6,87,2442
78.55555555555554,4.7,10.318826668428235,360,0.96,6.0,7,87,2443
336.66666666666663,6.3,10.5,360,0.97,7.0,8,87,2444
650.8888888888889,7.3,10.681173331571765,360,0.95,8.0,9,87,2445
1077.3333333333335,9.5,10.85,360,0.83,11.0,10,87,2446
998.7777777777778,10.4,10.994974746830582,360,0.74,13.0,11,87,2447
561.1111111111111,9.9,11.106217782649107,360,0.76,12.0,12,87,2448
404.0,9.2,11.176148078402347,360,0.89,11.0,13,87,2449
572.3333333333333,10.2,11.2,360,0.83,10.0,14,87,2450
516.2222222222223,9.8,11.176148078402347,360,0.79,10.0,15,87,2451
785.5555555555557,10.8,11.106217782649107,360,0.73,9.0,16,87,2452
370.33333333333337,9.7,10.994974746830582,360,0.79,10.0,17,87,2453
89.77777777777777,9.7,10.85,360,0.81,8.0,18,87,2454
11.222222222222221,9.0,10.681173331571765,360,0.77,10.0,19,87,2455
0.0,9.1,10.5,360,0.76,8.0,20,87,2456
0.0,9.4,10.318826668428235,360,0.73,10.0,21,87,2457
0.0,7.1,10.15,360,0.9,13.0,22,87,2458
0.0,7.0,10.005025253169418,360,0.92,9.0,23,87,2459
0.0,7.4,9.893782217350893,360,0.92,9.0,24,87,2460
0.0,7.2,9.420444504226559,360,0.92,12.0,1,88,2461
0.0,6.0,9.4,360,0.87,13.0,2,88,2462
0.0,5.7,9.420444504226559,360,0.86,8.0,3,88,2463
0.0,5.4,9.480384757729336,360,0.87,11.0,4,88,2464
0.0,5.4,9.575735931288072,360,0.86,8.0,5,88,2465
0.0,6.2,9.7,360,0.85,11.0,6,88,2466
101.0,5.8,9.844708572938488,360,0.84,11.0,7,88,2467
56.111111111111114,4.9,10.0,360,0.88,10.0,8,88,2468
291.77777777777777,6.1,10.155291427061512,360,0.88,10.0,9,88,2469
269.33333333333337,7.2,10.3,360,0.89,10.0,10,88,2470
763.1111111111111,8.9,10.424264068711928,360,0.74,18.0,11,88,2471
415.2222222222223,8.3,10.519615242270662,360,0.89,8.0,12,88,2472
774.3333333333333,11.0,10.579555495773441,360,0.72,14.0,13,88,2473
998.7777777777778,12.1,10.6,360,0.63,12.0,14,88,2474
920.2222222222223,12.8,10.579555495773441,360,0.45,14.0,15,88,2475
471.33333333333337,12.4,10.519615242270662,360,0.52,14.0,16,88,2476
258.11111111111114,11.6,10.424264068711928,360,0.54,9.0,17,88,2477
44.888888888888886,10.2,10.3,360,0.61,6.0,18,88,2478
0.0,9.2,10.155291427061512,360,0.66,9.0,19,88,2479
0.0,7.7,10.0,360,0.87,9.0,20,88,2480
0.0,7.7,9.844708572938488,360,0.9,5.0,21,88,2481
0.0,10.0,9.700000000000001,360,0.84,11.0,22,88,2482
0.0,9.7,9.575735931288072,360,0.87,12.0,23,88,2483
0.0,8.9,9.480384757729338,360,0.91,8.0,24,88,2484
0.0,9.2,10.122148212912105,360,0.94,5.0,1,89,2485
0.0,9.3,10.1,360,0.94,5.0,2,89,2486
0.0,10.4,10.122148212912105,360,0.93,7.0,3,89,2487
0.0,10.3,10.187083487540114,360,0.92,8.0,4,89,2488
0.0,10.2,10.290380592228743,360,0.93,6.0,5,89,2489
0.0,9.9,10.424999999999999,360,0.94,5.0,6,89,2490
67.33333333333334,9.9,10.581767620683362,360,0.94,6.0,7,89,2491
123.44444444444446,10.1,10.75,360,0.93,6.0,8,89,2492
235.66666666666669,10.5,10.918232379316638,360,0.92,6.0,9,89,2493
516.2222222222223,11.5,11.075000000000001,360,0.77,6.0,10,89,2494
505.0,11.9,11.209619407771257,360,0.78,6.0,11,89,2495
549.8888888888889,11.9,11.312916512459886,360,0.75,6.0,12,89,2496
538.6666666666667,11.9,11.377851787087895,360,0.77,7.0,13,89,2497
258.11111111111114,10.9,11.4,360,0.83,6.0,14,89,2498
190.77777777777777,10.2,11.377851787087895,360,0.87,4.0,15,89,2499
89.77777777777777,9.6,11.312916512459886,360,0.92,4.0,16,89,2500
145.88888888888889,9.1,11.209619407771257,360,0.93,6.0,17,89,2501
44.888888888888886,8.5,11.075000000000001,360,0.94,5.0,18,89,2502
0.0,8.3,10.918232379316638,360,0.94,4.0,19,89,2503
0.0,7.6,10.75,360,0.95,4.0,20,89,2504
0.0,7.3,10.581767620683362,360,0.96,5.0,21,89,2505
