PARi,air_temperature,soil_temperature,ambient_CO2,humidity,Wind,hour,DOY,t
269.33333333333337,9.5,8.66602540378444,360,1.0,3.0,12,351,0
168.33333333333331,9.3,8.76592582628907,360,1.0,4.0,13,351,1
145.88888888888889,9.3,8.8,360,1.0,4.0,14,351,2
89.77777777777777,9.0,8.76592582628907,360,1.0,4.0,15,351,3
33.66666666666667,8.9,8.66602540378444,360,1.0,4.0,16,351,4
0.0,8.6,8.507106781186549,360,1.0,5.0,17,351,5
0.0,7.9,8.3,360,1.0,4.0,18,351,6
0.0,7.0,8.058819045102522,360,1.0,4.0,19,351,7
0.0,6.4,7.800000000000001,360,1.0,3.0,20,351,8
0.0,4.2,7.54118095489748,360,1.0,2.0,21,351,9
0.0,4.3,7.300000000000001,360,1.0,2.0,22,351,10
0.0,5.0,7.092893218813453,360,1.0,2.0,23,351,11
0.0,4.7,6.9339745962155614,360,1.0,3.0,24,351,12
0.0,4.6,7.7340741737109315,360,1.0,3.0,1,352,13
0.0,5.6,7.699999999999999,360,1.0,4.0,2,352,14
0.0,5.8,7.7340741737109315,360,1.0,4.0,3,352,15
0.0,6.2,7.833974596215561,360,1.0,6.0,4,352,16
0.0,6.6,7.992893218813451,360,1.0,7.0,5,352,17
0.0,6.9,8.2,360,1.0,7.0,6,352,18
0.0,7.5,8.44118095489748,360,1.0,8.0,7,352,19
0.0,9.0,8.7,360,1.0,7.0,8,352,20
33.66666666666667,10.2,8.95881904510252,360,1.0,6.0,9,352,21
67.33333333333334,10.6,9.2,360,1.0,6.0,10,352,22
78.55555555555554,10.6,9.407106781186547,360,1.0,7.0,11,352,23
67.33333333333334,10.6,9.566025403784437,360,1.0,8.0,12,352,24
44.888888888888886,10.5,9.665925826289067,360,1.0,8.0,13,352,25
67.33333333333334,10.6,9.7,360,1.0,10.0,14,352,26
33.66666666666667,10.9,9.665925826289067,360,1.0,10.0,15,352,27
11.222222222222221,11.3,9.566025403784437,360,1.0,8.0,16,352,28
0.0,11.7,9.407106781186547,360,1.0,8.0,17,352,29
0.0,11.9,9.2,360,1.0,8.0,18,352,30
0.0,11.9,8.95881904510252,360,1.0,7.0,19,352,31
0.0,12.0,8.7,360,1.0,7.0,20,352,32
0.0,12.0,8.44118095489748,360,1.0,8.0,21,352,33
0.0,11.8,8.2,360,1.0,7.0,22,352,34
0.0,11.7,7.992893218813452,360,1.0,7.0,23,352,35
0.0,11.8,7.833974596215561,360,1.0,7.0,24,352,36
0.0,11.8,8.925555630283199,360,1.0,6.0,1,353,37
0.0,11.8,8.9,360,1.0,6.0,2,353,38
0.0,11.8,8.925555630283199,360,1.0,7.0,3,353,39
0.0,11.9,9.000480947161671,360,1.0,8.0,4,353,40
0.0,11.7,9.119669914110089,360,1.0,8.0,5,353,41
0.0,11.6,9.275,360,1.0,8.0,6,353,42
0.0,11.1,9.45588571617311,360,1.0,7.0,7,353,43
11.222222222222221,11.1,9.65,360,1.0,7.0,8,353,44
33.66666666666667,11.0,9.84411428382689,360,1.0,7.0,9,353,45
67.33333333333334,11.2,10.025,360,1.0,7.0,10,353,46
112.22222222222223,11.4,10.180330085889912,360,1.0,8.0,11,353,47
168.33333333333331,11.8,10.29951905283833,360,1.0,8.0,12,353,48
258.11111111111114,12.0,10.374444369716802,360,1.0,8.0,13,353,49
246.8888888888889,12.4,10.4,360,1.0,10.0,14,353,50
123.44444444444446,12.1,10.374444369716802,360,1.0,10.0,15,353,51
44.888888888888886,11.6,10.29951905283833,360,1.0,9.0,16,353,52
0.0,11.0,10.180330085889912,360,1.0,8.0,17,353,53
0.0,10.9,10.025,360,1.0,8.0,18,353,54
0.0,10.7,9.84411428382689,360,1.0,8.0,19,353,55
0.0,10.2,9.65,360,1.0,7.0,20,353,56
0.0,10.3,9.45588571617311,360,1.0,6.0,21,353,57
0.0,10.4,9.275,360,1.0,7.0,22,353,58
0.0,10.5,9.119669914110089,360,1.0,8.0,23,353,59
0.0,10.3,9.000480947161671,360,1.0,6.0,24,353,60
0.0,10.4,10.108518543427733,360,1.0,8.0,1,354,61
0.0,10.5,10.1,360,1.0,8.0,2,354,62
0.0,10.6,10.108518543427733,360,1.0,8.0,3,354,63
0.0,10.6,10.13349364905389,360,1.0,9.0,4,354,64
0.0,10.3,10.173223304703363,360,1.0,9.0,5,354,65
0.0,10.4,10.225,360,1.0,8.0,6,354,66
0.0,10.3,10.28529523872437,360,1.0,8.0,7,354,67
11.222222222222221,10.4,10.35,360,1.0,8.0,8,354,68
78.55555555555554,10.4,10.41470476127563,360,1.0,8.0,9,354,69
101.0,10.9,10.475,360,1.0,10.0,10,354,70
202.0,11.0,10.526776695296636,360,1.0,10.0,11,354,71
224.44444444444446,11.2,10.56650635094611,360,1.0,10.0,12,354,72
213.22222222222223,11.4,10.591481456572266,360,1.0,11.0,13,354,73
314.2222222222222,11.6,10.6,360,1.0,11.0,14,354,74
112.22222222222223,11.3,10.591481456572266,360,1.0,10.0,15,354,75
33.66666666666667,11.0,10.56650635094611,360,1.0,10.0,16,354,76
0.0,10.8,10.526776695296636,360,1.0,9.0,17,354,77
0.0,10.9,10.475,360,1.0,8.0,18,354,78
0.0,10.9,10.41470476127563,360,1.0,7.0,19,354,79
0.0,11.1,10.35,360,1.0,7.0,20,354,80
0.0,11.2,10.28529523872437,360,1.0,6.0,21,354,81
0.0,11.6,10.225,360,1.0,5.0,22,354,82
0.0,8.5,10.173223304703363,360,1.0,8.0,23,354,83
0.0,8.2,10.13349364905389,360,1.0,6.0,24,354,84
0.0,8.0,9.903407417371094,360,1.0,4.0,1,355,85
0.0,8.0,9.9,360,1.0,2.0,2,355,86
0.0,8.0,9.903407417371094,360,1.0,0.0,3,355,87
0.0,7.9,9.913397459621557,360,1.0,1.0,4,355,88
0.0,7.9,9.929289321881345,360,1.0,1.0,5,355,89
0.0,7.8,9.95,360,1.0,2.0,6,355,90
0.0,7.9,9.974118095489748,360,1.0,4.0,7,355,91
11.222222222222221,7.9,10.0,360,1.0,4.0,8,355,92
56.111111111111114,8.1,10.025881904510252,360,1.0,4.0,9,355,93
145.88888888888889,8.3,10.05,360,1.0,4.0,10,355,94
269.33333333333337,8.4,10.070710678118655,360,0.9,5.0,11,355,95
359.1111111111111,8.4,10.086602540378443,360,0.75,6.0,12,355,96
258.11111111111114,8.4,10.096592582628906,360,0.75,4.0,13,355,97
168.33333333333331,8.3,10.1,360,0.73,5.0,14,355,98
224.44444444444446,8.4,10.096592582628906,360,0.77,2.0,15,355,99
56.111111111111114,7.9,10.086602540378443,360,0.86,1.0,16,355,100
0.0,7.8,10.070710678118655,360,0.85,2.0,17,355,101
0.0,7.8,10.05,360,0.84,2.0,18,355,102
0.0,7.6,10.025881904510252,360,0.86,2.0,19,355,103
0.0,7.7,10.0,360,0.85,2.0,20,355,104
0.0,7.8,9.974118095489748,360,0.85,2.0,21,355,105
0.0,7.4,9.950000000000001,360,0.89,1.0,22,355,106
0.0,7.2,9.929289321881345,360,0.91,2.0,23,355,107
0.0,7.0,9.913397459621557,360,0.94,2.0,24,355,108
0.0,6.8,8.911925960798827,360,0.97,2.0,1,356,109
0.0,6.6,8.9,360,0.99,1.0,2,356,110
0.0,6.6,8.911925960798827,360,1.0,1.0,3,356,111
0.0,6.7,8.946891108675446,360,0.99,2.0,4,356,112
0.0,6.7,9.002512626584709,360,1.0,2.0,5,356,113
0.0,6.7,9.075,360,0.94,2.0,6,356,114
0.0,5.5,9.159413334214118,360,0.98,0.0,7,356,115
11.222222222222221,3.2,9.25,360,1.0,1.0,8,356,116
78.55555555555554,5.7,9.340586665785882,360,1.0,2.0,9,356,117
213.22222222222223,7.5,9.425,360,0.92,2.0,10,356,118
471.33333333333337,9.2,9.497487373415291,360,0.8,3.0,11,356,119
493.7777777777778,8.6,9.553108891324554,360,0.8,4.0,12,356,120
269.33333333333337,8.8,9.588074039201173,360,0.78,4.0,13,356,121
235.66666666666669,9.0,9.6,360,0.74,3.0,14,356,122
157.1111111111111,8.8,9.588074039201173,360,0.8,2.0,15,356,123
44.888888888888886,8.1,9.553108891324554,360,0.89,2.0,16,356,124
0.0,8.0,9.497487373415291,360,0.85,2.0,17,356,125
0.0,7.5,9.425,360,0.92,2.0,18,356,126
0.0,7.4,9.340586665785882,360,0.92,2.0,19,356,127
0.0,7.3,9.25,360,0.91,2.0,20,356,128
0.0,7.3,9.159413334214118,360,0.9,2.0,21,356,129
0.0,7.3,9.075000000000001,360,0.9,3.0,22,356,130
0.0,6.9,9.002512626584709,360,0.92,2.0,23,356,131
0.0,6.1,8.946891108675446,360,0.95,2.0,24,356,132
0.0,6.3,8.713629669484373,360,0.92,4.0,1,357,133
0.0,6.2,8.7,360,0.93,4.0,2,357,134
0.0,5.8,8.713629669484371,360,0.94,4.0,3,357,135
0.0,5.4,8.753589838486224,360,0.95,4.0,4,357,136
0.0,5.4,8.81715728752538,360,0.95,2.0,5,357,137
0.0,5.5,8.899999999999999,360,0.96,2.0,6,357,138
0.0,5.3,8.996472381958991,360,0.97,3.0,7,357,139
11.222222222222221,5.5,9.1,360,0.97,2.0,8,357,140
44.888888888888886,6.0,9.203527618041008,360,0.97,2.0,9,357,141
134.66666666666669,7.0,9.3,360,0.95,3.0,10,357,142
224.44444444444446,7.6,9.382842712474618,360,0.9,4.0,11,357,143
280.55555555555554,7.8,9.446410161513775,360,0.89,4.0,12,357,144
359.1111111111111,8.0,9.486370330515628,360,0.88,4.0,13,357,145
370.33333333333337,8.0,9.5,360,0.87,4.0,14,357,146
392.7777777777778,9.0,9.486370330515628,360,0.83,3.0,15,357,147
123.44444444444446,7.6,9.446410161513775,360,0.9,2.0,16,357,148
0.0,7.0,9.382842712474618,360,0.93,1.0,17,357,149
0.0,4.9,9.3,360,0.98,2.0,18,357,150
0.0,3.0,9.203527618041008,360,1.0,1.0,19,357,151
0.0,1.6,9.1,360,1.0,0.0,20,357,152
0.0,1.2,8.996472381958991,360,1.0,1.0,21,357,153
0.0,1.0,8.9,360,1.0,0.0,22,357,154
0.0,0.2,8.817157287525381,360,1.0,1.0,23,357,155
0.0,-0.4,8.753589838486224,360,1.0,0.0,24,357,156
0.0,-0.7,6.913629669484374,360,1.0,0.0,1,358,157
0.0,-1.2,6.9,360,1.0,0.0,2,358,158
0.0,-1.5,6.913629669484373,360,1.0,0.0,3,358,159
0.0,-0.9,6.953589838486225,360,1.0,1.0,4,358,160
0.0,0.3,7.017157287525381,360,1.0,0.0,5,358,161
0.0,1.7,7.1000000000000005,360,1.0,2.0,6,358,162
0.0,2.1,7.196472381958992,360,1.0,2.0,7,358,163
11.222222222222221,1.6,7.300000000000001,360,1.0,2.0,8,358,164
44.888888888888886,1.9,7.403527618041009,360,1.0,3.0,9,358,165
145.88888888888889,2.1,7.500000000000001,360,1.0,4.0,10,358,166
224.44444444444446,2.2,7.58284271247462,360,1.0,3.0,11,358,167
269.33333333333337,2.5,7.646410161513776,360,1.0,4.0,12,358,168
202.0,2.9,7.686370330515628,360,1.0,4.0,13,358,169
157.1111111111111,3.2,7.700000000000001,360,1.0,4.0,14,358,170
112.22222222222223,3.6,7.686370330515628,360,1.0,4.0,15,358,171
56.111111111111114,3.4,7.646410161513776,360,1.0,3.0,16,358,172
11.222222222222221,3.0,7.58284271247462,360,1.0,3.0,17,358,173
0.0,3.5,7.500000000000001,360,1.0,3.0,18,358,174
0.0,4.5,7.403527618041009,360,1.0,4.0,19,358,175
0.0,4.9,7.300000000000001,360,1.0,4.0,20,358,176
0.0,5.2,7.196472381958992,360,1.0,4.0,21,358,177
0.0,5.3,7.1000000000000005,360,1.0,5.0,22,358,178
0.0,5.0,7.017157287525382,360,1.0,6.0,23,358,179
0.0,5.6,6.953589838486225,360,1.0,6.0,24,358,180
0.0,6.1,7.513629669484373,360,1.0,5.0,1,359,181
0.0,6.2,7.5,360,1.0,4.0,2,359,182
0.0,6.3,7.513629669484373,360,1.0,4.0,3,359,183
0.0,6.1,7.553589838486224,360,1.0,5.0,4,359,184
0.0,6.1,7.617157287525381,360,1.0,6.0,5,359,185
0.0,5.8,7.7,360,1.0,6.0,6,359,186
0.0,5.4,7.796472381958992,360,1.0,7.0,7,359,187
0.0,5.4,7.9,360,1.0,8.0,8,359,188
22.444444444444443,5.4,8.003527618041009,360,1.0,9.0,9,359,189
89.77777777777777,5.4,8.100000000000001,360,1.0,8.0,10,359,190
67.33333333333334,5.3,8.182842712474619,360,1.0,7.0,11,359,191
157.1111111111111,5.6,8.246410161513776,360,1.0,6.0,12,359,192
89.77777777777777,6.3,8.286370330515629,360,1.0,5.0,13,359,193
101.0,6.7,8.3,360,1.0,5.0,14,359,194
67.33333333333334,7.1,8.286370330515629,360,1.0,6.0,15,359,195
33.66666666666667,7.5,8.246410161513776,360,1.0,6.0,16,359,196
0.0,7.5,8.182842712474619,360,1.0,7.0,17,359,197
0.0,7.5,8.100000000000001,360,1.0,7.0,18,359,198
0.0,7.1,8.003527618041009,360,1.0,7.0,19,359,199
0.0,7.0,7.9,360,1.0,6.0,20,359,200
0.0,6.9,7.796472381958992,360,1.0,7.0,21,359,201
0.0,7.5,7.7,360,1.0,6.0,22,359,202
0.0,7.7,7.617157287525381,360,1.0,6.0,23,359,203
0.0,7.6,7.553589838486225,360,1.0,6.0,24,359,204
0.0,7.8,8.015333378169919,360,1.0,4.0,1,360,205
0.0,7.2,7.999999999999999,360,1.0,7.0,2,360,206
0.0,7.1,8.015333378169919,360,1.0,4.0,3,360,207
0.0,7.0,8.060288568297002,360,1.0,2.0,4,360,208
0.0,6.6,8.131801948466052,360,1.0,2.0,5,360,209
0.0,5.7,8.225,360,1.0,2.0,6,360,210
0.0,5.1,8.333531429703864,360,1.0,3.0,7,360,211
11.222222222222221,4.0,8.45,360,1.0,3.0,8,360,212
157.1111111111111,6.0,8.566468570296134,360,1.0,2.0,9,360,213
190.77777777777777,6.6,8.674999999999999,360,1.0,2.0,10,360,214
269.33333333333337,7.8,8.768198051533945,360,1.0,2.0,11,360,215
404.0,8.7,8.839711431702996,360,0.96,3.0,12,360,216
460.11111111111114,9.3,8.88466662183008,360,0.88,5.0,13,360,217
325.44444444444446,9.2,8.899999999999999,360,0.84,4.0,14,360,218
157.1111111111111,8.9,8.88466662183008,360,0.85,4.0,15,360,219
56.111111111111114,8.5,8.839711431702996,360,0.86,3.0,16,360,220
0.0,7.1,8.768198051533945,360,0.94,2.0,17,360,221
0.0,6.3,8.674999999999999,360,0.97,2.0,18,360,222
0.0,5.5,8.566468570296134,360,0.99,1.0,19,360,223
0.0,5.0,8.45,360,1.0,1.0,20,360,224
0.0,4.6,8.333531429703864,360,1.0,2.0,21,360,225
0.0,4.7,8.225,360,1.0,2.0,22,360,226
0.0,3.6,8.131801948466054,360,1.0,2.0,23,360,227
0.0,3.3,8.060288568297002,360,1.0,1.0,24,360,228
0.0,2.3,6.328963047654292,360,1.0,1.0,1,361,229
0.0,1.0,6.300000000000001,360,1.0,1.0,2,361,230
0.0,1.7,6.328963047654292,360,1.0,1.0,3,361,231
0.0,0.7,6.413878406783227,360,1.0,1.0,4,361,232
0.0,-0.1,6.548959235991434,360,1.0,1.0,5,361,233
0.0,-0.2,6.725,360,1.0,1.0,6,361,234
0.0,-0.4,6.930003811662858,360,1.0,1.0,7,361,235
11.222222222222221,0.3,7.15,360,1.0,1.0,8,361,236
157.1111111111111,1.8,7.369996188337143,360,1.0,1.0,9,361,237
303.0,4.7,7.575,360,1.0,2.0,10,361,238
370.33333333333337,5.4,7.751040764008566,360,1.0,3.0,11,361,239
415.2222222222223,6.3,7.886121593216774,360,1.0,3.0,12,361,240
359.1111111111111,6.9,7.971036952345709,360,0.99,4.0,13,361,241
280.55555555555554,6.8,8.0,360,1.0,4.0,14,361,242
145.88888888888889,6.8,7.971036952345709,360,1.0,4.0,15,361,243
44.888888888888886,5.7,7.886121593216774,360,1.0,4.0,16,361,244
11.222222222222221,5.6,7.751040764008566,360,1.0,4.0,17,361,245
0.0,5.6,7.575,360,1.0,5.0,18,361,246
0.0,5.8,7.369996188337143,360,1.0,6.0,19,361,247
0.0,6.2,7.15,360,1.0,6.0,20,361,248
0.0,6.3,6.930003811662858,360,1.0,8.0,21,361,249
0.0,6.5,6.7250000000000005,360,1.0,10.0,22,361,250
0.0,7.7,6.548959235991435,360,1.0,8.0,23,361,251
0.0,8.5,6.413878406783227,360,1.0,8.0,24,361,252
0.0,9.5,7.511925960798826,360,1.0,10.0,1,362,253
0.0,9.8,7.5,360,1.0,13.0,2,362,254
0.0,10.2,7.511925960798826,360,1.0,12.0,3,362,255
0.0,8.3,7.546891108675446,360,0.97,13.0,4,362,256
0.0,10.2,7.6025126265847085,360,0.98,10.0,5,362,257
0.0,9.1,7.675,360,0.91,10.0,6,362,258
0.0,8.9,7.759413334214117,360,0.89,9.0,7,362,259
0.0,8.4,7.85,360,0.82,10.0,8,362,260
11.222222222222221,8.0,7.940586665785882,360,0.82,9.0,9,362,261
78.55555555555554,7.3,8.025,360,0.84,10.0,10,362,262
280.55555555555554,7.6,8.09748737341529,360,0.83,9.0,11,362,263
303.0,7.6,8.153108891324553,360,0.81,9.0,12,362,264
392.7777777777778,7.8,8.188074039201172,360,0.78,8.0,13,362,265
347.8888888888889,8.1,8.2,360,0.8,8.0,14,362,266
213.22222222222223,7.4,8.188074039201172,360,0.81,6.0,15,362,267
67.33333333333334,6.9,8.153108891324553,360,0.86,6.0,16,362,268
11.222222222222221,6.2,8.09748737341529,360,0.89,4.0,17,362,269
0.0,6.0,8.025,360,0.93,6.0,18,362,270
0.0,3.0,7.940586665785882,360,1.0,10.0,19,362,271
0.0,2.3,7.85,360,1.0,2.0,20,362,272
0.0,3.0,7.759413334214117,360,1.0,4.0,21,362,273
0.0,4.0,7.675,360,0.98,6.0,22,362,274
0.0,3.2,7.6025126265847085,360,1.0,6.0,23,362,275
0.0,2.9,7.546891108675446,360,1.0,6.0,24,362,276
0.0,2.5,5.2221482129121055,360,1.0,6.0,1,363,277
0.0,2.2,5.199999999999999,360,1.0,6.0,2,363,278
0.0,2.6,5.2221482129121055,360,1.0,8.0,3,363,279
0.0,2.1,5.287083487540114,360,1.0,6.0,4,363,280
0.0,1.7,5.390380592228744,360,1.0,7.0,5,363,281
0.0,1.5,5.5249999999999995,360,0.98,8.0,6,363,282
0.0,1.3,5.681767620683361,360,0.93,10.0,7,363,283
0.0,0.8,5.85,360,0.99,8.0,8,363,284
157.1111111111111,1.4,6.018232379316638,360,0.96,9.0,9,363,285
112.22222222222223,1.0,6.175,360,0.9,10.0,10,363,286
101.0,0.8,6.3096194077712555,360,0.9,8.0,11,363,287
89.77777777777777,0.6,6.412916512459884,360,0.9,9.0,12,363,288
112.22222222222223,0.6,6.477851787087894,360,0.88,9.0,13,363,289
78.55555555555554,0.4,6.5,360,0.85,10.0,14,363,290
56.111111111111114,0.1,6.477851787087894,360,0.87,10.0,15,363,291
33.66666666666667,-0.3,6.412916512459884,360,0.84,10.0,16,363,292
0.0,-1.1,6.3096194077712555,360,0.83,10.0,17,363,293
0.0,-1.3,6.175,360,0.82,12.0,18,363,294
0.0,-2.0,6.018232379316638,360,0.87,12.0,19,363,295
0.0,-2.4,5.85,360,0.91,8.0,20,363,296
0.0,-2.8,5.681767620683361,360,0.92,7.0,21,363,297
0.0,-2.8,5.5249999999999995,360,0.89,8.0,22,363,298
0.0,-3.2,5.390380592228744,360,0.87,7.0,23,363,299
0.0,-3.5,5.287083487540115,360,0.87,8.0,24,363,300
0.0,-3.8,2.908518543427733,360,0.88,8.0,1,364,301
0.0,-4.1,2.9,360,0.92,6.0,2,364,302
0.0,-4.5,2.908518543427733,360,0.93,7.0,3,364,303
0.0,-4.7,2.93349364905389,360,0.94,6.0,4,364,304
0.0,-4.8,2.973223304703363,360,0.94,6.0,5,364,305
0.0,-5.0,3.025,360,0.95,6.0,6,364,306
0.0,-5.8,3.08529523872437,360,0.98,6.0,7,364,307
11.222222222222221,-5.9,3.15,360,0.99,4.0,8,364,308
235.66666666666669,-4.5,3.2147047612756303,360,0.96,4.0,9,364,309
538.6666666666667,-2.8,3.275,360,0.89,4.0,10,364,310
740.6666666666667,-1.7,3.326776695296637,360,0.85,4.0,11,364,311
763.1111111111111,-0.2,3.3665063509461097,360,0.77,4.0,12,364,312
684.5555555555557,0.9,3.391481456572267,360,0.67,4.0,13,364,313
594.7777777777778,1.9,3.4,360,0.67,4.0,14,364,314
404.0,2.2,3.391481456572267,360,0.68,4.0,15,364,315
179.55555555555554,1.6,3.3665063509461097,360,0.74,2.0,16,364,316
11.222222222222221,-0.1,3.326776695296637,360,0.85,2.0,17,364,317
0.0,0.7,3.275,360,0.84,3.0,18,364,318
0.0,0.7,3.2147047612756303,360,0.86,4.0,19,364,319
0.0,0.5,3.15,360,0.9,4.0,20,364,320
0.0,0.5,3.08529523872437,360,0.9,4.0,21,364,321
0.0,0.1,3.025,360,0.91,4.0,22,364,322
0.0,0.0,2.973223304703363,360,0.93,3.0,23,364,323
0.0,0.1,2.93349364905389,360,0.95,4.0,24,364,324
0.0,-0.5,3.023851921597652,360,0.98,4.0,1,365,325
0.0,-0.4,3.0,360,0.99,4.0,2,365,326
0.0,-0.8,3.023851921597652,360,1.0,4.0,3,365,327
0.0,-1.0,3.093782217350893,360,1.0,3.0,4,365,328
0.0,-1.0,3.2050252531694166,360,1.0,2.0,5,365,329
0.0,-0.9,3.3499999999999996,360,1.0,2.0,6,365,330
0.0,-0.5,3.5188266684282357,360,1.0,2.0,7,365,331
0.0,-0.4,3.7,360,1.0,2.0,8,365,332
33.66666666666667,-0.2,3.8811733315717647,360,1.0,2.0,9,365,333
101.0,0.6,4.050000000000001,360,1.0,2.0,10,365,334
246.8888888888889,1.1,4.194974746830583,360,1.0,2.0,11,365,335
202.0,1.6,4.3062177826491075,360,1.0,2.0,12,365,336
134.66666666666669,1.8,4.376148078402348,360,1.0,2.0,13,365,337
134.66666666666669,1.9,4.4,360,1.0,2.0,14,365,338
101.0,2.2,4.376148078402348,360,1.0,3.0,15,365,339
44.888888888888886,1.9,4.3062177826491075,360,0.99,4.0,16,365,340
0.0,1.6,4.194974746830583,360,0.99,3.0,17,365,341
0.0,1.5,4.050000000000001,360,1.0,4.0,18,365,342
0.0,1.2,3.8811733315717647,360,1.0,3.0,19,365,343
0.0,1.1,3.7,360,1.0,4.0,20,365,344
0.0,1.3,3.5188266684282357,360,1.0,4.0,21,365,345
0.0,1.5,3.35,360,0.98,4.0,22,365,346
0.0,1.3,3.205025253169417,360,0.95,6.0,23,365,347
0.0,0.8,3.093782217350893,360,0.96,5.0,24,365,348
0.0,0.2,3.11022225211328,360,0.95,4.0,1,366,349
0.0,-0.8,3.1000000000000005,360,0.98,2.0,2,366,350
0.0,-1.0,3.11022225211328,360,0.98,2.0,3,366,351
0.0,-1.5,3.140192378864669,360,1.0,1.0,4,366,352
0.0,-2.0,3.187867965644036,360,1.0,1.0,5,366,353
0.0,-2.7,3.25,360,1.0,2.0,6,366,354
0.0,-2.6,3.322354286469244,360,1.0,1.0,7,366,355
11.222222222222221,-2.6,3.4000000000000004,360,1.0,2.0,8,366,356
258.11111111111114,-1.8,3.4776457135307566,360,1.0,2.0,9,366,357
527.4444444444445,0.5,3.5500000000000003,360,1.0,3.0,10,366,358
718.2222222222222,2.3,3.6121320343559646,360,0.91,4.0,11,366,359
662.1111111111112,3.5,3.659807621135332,360,0.8,5.0,12,366,360
684.5555555555557,4.0,3.689777747886721,360,0.72,8.0,13,366,361
583.5555555555555,4.3,3.7,360,0.73,6.0,14,366,362
404.0,3.9,3.689777747886721,360,0.77,6.0,15,366,363
157.1111111111111,2.6,3.659807621135332,360,0.82,6.0,16,366,364
11.222222222222221,0.8,3.6121320343559646,360,0.87,4.0,17,366,365
0.0,-0.1,3.5500000000000003,360,0.9,2.0,18,366,366
0.0,-1.2,3.4776457135307566,360,0.93,1.0,19,366,367
0.0,-1.1,3.4000000000000004,360,0.96,2.0,20,366,368
0.0,-1.7,3.322354286469244,360,0.96,2.0,21,366,369
0.0,-1.2,3.2500000000000004,360,0.96,2.0,22,366,370
0.0,-1.8,3.187867965644036,360,0.96,2.0,23,366,371
0.0,-2.0,3.140192378864669,360,0.97,3.0,24,366,372
0.0,-2.3,2.211925960798826,360,0.96,2.0,1,1,373
0.0,-1.8,2.2,360,0.96,2.0,2,1,374
0.0,-3.1,2.211925960798826,360,0.96,2.0,3,1,375
0.0,-3.1,2.246891108675446,360,1.0,2.0,4,1,376
0.0,-2.6,2.3025126265847082,360,0.99,2.0,5,1,377
0.0,-3.6,2.3749999999999996,360,1.0,2.0,6,1,378
0.0,-3.7,2.459413334214118,360,1.0,2.0,7,1,379
11.222222222222221,-3.4,2.55,360,1.0,2.0,8,1,380
280.55555555555554,-2.0,2.640586665785882,360,0.98,2.0,9,1,381
583.5555555555555,-0.3,2.7249999999999996,360,0.96,2.0,10,1,382
796.7777777777777,1.5,2.7974873734152914,360,0.89,2.0,11,1,383
718.2222222222222,3.1,2.8531088913245535,360,0.82,2.0,12,1,384
684.5555555555557,4.7,2.8880740392011734,360,0.72,2.0,13,1,385
594.7777777777778,5.5,2.8999999999999995,360,0.71,2.0,14,1,386
404.0,5.1,2.8880740392011734,360,0.72,2.0,15,1,387
168.33333333333331,4.0,2.8531088913245535,360,0.78,2.0,16,1,388
11.222222222222221,0.2,2.7974873734152914,360,0.92,2.0,17,1,389
0.0,0.1,2.7249999999999996,360,0.96,2.0,18,1,390
0.0,0.7,2.640586665785882,360,0.91,2.0,19,1,391
0.0,0.4,2.55,360,0.91,3.0,20,1,392
0.0,0.4,2.459413334214118,360,0.9,4.0,21,1,393
0.0,0.9,2.375,360,0.88,5.0,22,1,394
0.0,-0.1,2.3025126265847082,360,0.91,5.0,23,1,395
0.0,-0.6,2.246891108675446,360,0.94,5.0,24,1,396
0.0,-0.3,2.5391852997675715,360,0.93,4.0,1,2,397
0.0,0.0,2.5,360,0.91,6.0,2,2,398
0.0,-0.2,2.5391852997675715,360,0.89,6.0,3,2,399
0.0,0.4,2.654070785647895,360,0.86,6.0,4,2,400
0.0,-0.5,2.8368272016354696,360,0.92,6.0,5,2,401
0.0,0.0,3.0749999999999993,360,0.92,6.0,6,2,402
0.0,0.2,3.3523580981321013,360,0.93,6.0,7,2,403
11.222222222222221,0.8,3.65,360,0.92,7.0,8,2,404
67.33333333333334,1.4,3.9476419018678985,360,0.89,6.0,9,2,405
134.66666666666669,1.9,4.225,360,0.89,6.0,10,2,406
202.0,2.5,4.463172798364529,360,0.94,6.0,11,2,407
202.0,3.1,4.645929214352105,360,0.99,5.0,12,2,408
179.55555555555554,3.3,4.760814700232428,360,1.0,6.0,13,2,409
145.88888888888889,3.8,4.8,360,1.0,6.0,14,2,410
89.77777777777777,4.0,4.760814700232428,360,1.0,5.0,15,2,411
44.888888888888886,4.1,4.645929214352105,360,1.0,4.0,16,2,412
0.0,4.2,4.463172798364529,360,1.0,5.0,17,2,413
0.0,4.2,4.225,360,1.0,6.0,18,2,414
0.0,4.2,3.9476419018678985,360,1.0,2.0,19,2,415
0.0,4.2,3.65,360,1.0,2.0,20,2,416
0.0,4.5,3.3523580981321013,360,1.0,2.0,21,2,417
0.0,4.3,3.075,360,1.0,2.0,22,2,418
0.0,4.3,2.8368272016354705,360,1.0,3.0,23,2,419
0.0,4.2,2.6540707856478956,360,1.0,3.0,24,2,420
0.0,4.1,4.064740930050771,360,1.0,3.0,1,3,421
0.0,4.6,4.0,360,1.0,3.0,2,3,422
0.0,4.7,4.064740930050771,360,1.0,4.0,3,3,423
0.0,5.2,4.254551732809567,360,1.0,6.0,4,3,424
0.0,5.7,4.556497115745559,360,1.0,5.0,5,3,425
0.0,6.5,4.949999999999999,360,1.0,6.0,6,3,426
0.0,7.3,5.408243814305211,360,1.0,6.0,7,3,427
0.0,7.5,5.9,360,1.0,6.0,8,3,428
22.444444444444443,8.3,6.39175618569479,360,1.0,4.0,9,3,429
78.55555555555554,9.9,6.8500000000000005,360,1.0,6.0,10,3,430
101.0,10.7,7.243502884254441,360,1.0,7.0,11,3,431
157.1111111111111,11.5,7.545448267190434,360,1.0,8.0,12,3,432
145.88888888888889,11.9,7.73525906994923,360,1.0,10.0,13,3,433
145.88888888888889,12.1,7.800000000000001,360,1.0,10.0,14,3,434
101.0,12.2,7.73525906994923,360,1.0,12.0,15,3,435
33.66666666666667,11.6,7.545448267190434,360,1.0,11.0,16,3,436
0.0,11.5,7.243502884254441,360,1.0,12.0,17,3,437
0.0,11.5,6.8500000000000005,360,1.0,10.0,18,3,438
0.0,11.4,6.39175618569479,360,1.0,10.0,19,3,439
0.0,11.4,5.9,360,1.0,8.0,20,3,440
0.0,11.4,5.408243814305211,360,1.0,6.0,21,3,441
0.0,11.1,4.950000000000001,360,1.0,6.0,22,3,442
0.0,11.1,4.55649711574556,360,1.0,6.0,23,3,443
0.0,10.8,4.254551732809567,360,1.0,4.0,24,3,444
0.0,10.7,7.223851921597653,360,1.0,5.0,1,4,445
0.0,10.5,7.200000000000001,360,1.0,5.0,2,4,446
0.0,10.1,7.223851921597653,360,1.0,2.0,3,4,447
0.0,10.1,7.293782217350893,360,1.0,4.0,4,4,448
0.0,9.8,7.405025253169417,360,1.0,4.0,5,4,449
0.0,9.6,7.55,360,1.0,3.0,6,4,450
0.0,9.3,7.718826668428236,360,1.0,3.0,7,4,451
11.222222222222221,8.9,7.9,360,1.0,1.0,8,4,452
44.888888888888886,9.3,8.081173331571765,360,1.0,1.0,9,4,453
134.66666666666669,9.8,8.25,360,1.0,2.0,10,4,454
246.8888888888889,10.3,8.394974746830583,360,1.0,2.0,11,4,455
213.22222222222223,10.6,8.506217782649108,360,1.0,2.0,12,4,456
179.55555555555554,10.8,8.576148078402348,360,1.0,2.0,13,4,457
202.0,11.2,8.6,360,0.99,2.0,14,4,458
145.88888888888889,10.8,8.576148078402348,360,0.99,2.0,15,4,459
56.111111111111114,10.5,8.506217782649108,360,1.0,2.0,16,4,460
11.222222222222221,9.7,8.394974746830583,360,1.0,2.0,17,4,461
0.0,9.3,8.25,360,1.0,2.0,18,4,462
0.0,8.9,8.081173331571765,360,1.0,1.0,19,4,463
0.0,8.8,7.9,360,1.0,3.0,20,4,464
0.0,8.4,7.718826668428236,360,1.0,4.0,21,4,465
0.0,8.3,7.550000000000001,360,1.0,3.0,22,4,466
0.0,7.9,7.405025253169417,360,1.0,3.0,23,4,467
0.0,7.6,7.293782217350893,360,1.0,4.0,24,4,468
0.0,7.2,7.50511112605664,360,1.0,4.0,1,5,469
0.0,6.1,7.5,360,1.0,4.0,2,5,470
0.0,5.4,7.50511112605664,360,1.0,4.0,3,5,471
0.0,5.1,7.520096189432334,360,1.0,4.0,4,5,472
0.0,4.7,7.543933982822018,360,1.0,4.0,5,5,473
0.0,4.2,7.575,360,1.0,4.0,6,5,474
0.0,4.4,7.611177143234622,360,1.0,5.0,7,5,475
0.0,4.3,7.65,360,1.0,5.0,8,5,476
44.888888888888886,4.3,7.688822856765379,360,1.0,5.0,9,5,477
134.66666666666669,4.5,7.7250000000000005,360,1.0,4.0,10,5,478
213.22222222222223,4.4,7.756066017177982,360,1.0,5.0,11,5,479
246.8888888888889,4.6,7.779903810567666,360,1.0,6.0,12,5,480
246.8888888888889,4.6,7.794888873943361,360,1.0,5.0,13,5,481
246.8888888888889,3.9,7.800000000000001,360,1.0,5.0,14,5,482
145.88888888888889,3.6,7.794888873943361,360,1.0,4.0,15,5,483
56.111111111111114,3.2,7.779903810567666,360,1.0,5.0,16,5,484
11.222222222222221,2.6,7.756066017177982,360,1.0,4.0,17,5,485
0.0,2.3,7.7250000000000005,360,1.0,4.0,18,5,486
0.0,1.2,7.688822856765379,360,1.0,2.0,19,5,487
0.0,1.9,7.65,360,1.0,3.0,20,5,488
0.0,1.4,7.611177143234622,360,1.0,3.0,21,5,489
0.0,1.0,7.575,360,1.0,2.0,22,5,490
0.0,0.5,7.543933982822018,360,1.0,2.0,23,5,491
0.0,0.6,7.520096189432334,360,1.0,2.0,24,5,492
0.0,0.3,6.208518543427733,360,1.0,2.0,1,6,493
0.0,0.7,6.2,360,1.0,4.0,2,6,494
0.0,1.6,6.208518543427733,360,1.0,3.0,3,6,495
0.0,1.4,6.233493649053891,360,1.0,4.0,4,6,496
0.0,1.2,6.273223304703363,360,1.0,3.0,5,6,497
0.0,1.3,6.325,360,1.0,2.0,6,6,498
0.0,1.5,6.38529523872437,360,1.0,3.0,7,6,499
0.0,1.9,6.45,360,1.0,4.0,8,6,500
33.66666666666667,2.2,6.51470476127563,360,1.0,4.0,9,6,501
78.55555555555554,2.9,6.575,360,1.0,5.0,10,6,502
123.44444444444446,3.5,6.626776695296637,360,1.0,5.0,11,6,503
157.1111111111111,3.8,6.6665063509461095,360,1.0,5.0,12,6,504
134.66666666666669,4.2,6.691481456572268,360,1.0,5.0,13,6,505
145.88888888888889,4.5,6.7,360,1.0,5.0,14,6,506
101.0,4.8,6.691481456572268,360,1.0,4.0,15,6,507
67.33333333333334,5.0,6.6665063509461095,360,1.0,4.0,16,6,508
11.222222222222221,5.0,6.626776695296637,360,1.0,4.0,17,6,509
0.0,4.9,6.575,360,1.0,4.0,18,6,510
0.0,5.0,6.51470476127563,360,1.0,3.0,19,6,511
0.0,4.9,6.45,360,1.0,4.0,20,6,512
0.0,4.7,6.38529523872437,360,1.0,4.0,21,6,513
0.0,4.6,6.325,360,1.0,4.0,22,6,514
0.0,4.6,6.273223304703364,360,1.0,4.0,23,6,515
0.0,4.7,6.233493649053891,360,1.0,4.0,24,6,516
0.0,4.8,6.6187407955410125,360,1.0,4.0,1,7,517
0.0,4.8,6.6,360,1.0,4.0,2,7,518
0.0,4.8,6.6187407955410125,360,1.0,4.0,3,7,519
0.0,4.9,6.673686027918559,360,1.0,4.0,4,7,520
0.0,4.9,6.761091270347399,360,1.0,1.0,5,7,521
0.0,5.1,6.875,360,1.0,2.0,6,7,522
0.0,5.2,7.007649525193614,360,1.0,2.0,7,7,523
0.0,5.4,7.15,360,1.0,2.0,8,7,524
33.66666666666667,5.8,7.292350474806387,360,1.0,2.0,9,7,525
89.77777777777777,6.5,7.425000000000001,360,1.0,2.0,10,7,526
224.44444444444446,6.9,7.538908729652602,360,1.0,4.0,11,7,527
235.66666666666669,7.3,7.626313972081442,360,1.0,4.0,12,7,528
213.22222222222223,8.0,7.681259204458988,360,1.0,4.0,13,7,529
202.0,8.7,7.700000000000001,360,1.0,4.0,14,7,530
67.33333333333334,9.0,7.681259204458988,360,1.0,3.0,15,7,531
44.888888888888886,9.0,7.626313972081442,360,1.0,3.0,16,7,532
11.222222222222221,8.6,7.538908729652602,360,1.0,2.0,17,7,533
0.0,8.4,7.425000000000001,360,1.0,2.0,18,7,534
0.0,8.6,7.292350474806387,360,1.0,4.0,19,7,535
0.0,8.3,7.15,360,1.0,3.0,20,7,536
0.0,7.9,7.007649525193614,360,1.0,4.0,21,7,537
0.0,8.3,6.875,360,1.0,4.0,22,7,538
0.0,8.9,6.761091270347399,360,1.0,5.0,23,7,539
0.0,8.5,6.673686027918559,360,1.0,6.0,24,7,540
0.0,7.7,7.317037086855466,360,1.0,5.0,1,8,541
0.0,7.4,7.300000000000001,360,1.0,4.0,2,8,542
0.0,6.8,7.317037086855466,360,1.0,6.0,3,8,543
0.0,6.7,7.366987298107781,360,1.0,6.0,4,8,544
0.0,6.2,7.446446609406727,360,1.0,6.0,5,8,545
0.0,6.1,7.550000000000001,360,1.0,7.0,6,8,546
0.0,6.5,7.67059047744874,360,1.0,7.0,7,8,547
0.0,6.7,7.800000000000001,360,1.0,8.0,8,8,548
123.44444444444446,7.7,7.9294095225512615,360,1.0,10.0,9,8,549
280.55555555555554,9.3,8.05,360,1.0,10.0,10,8,550
145.88888888888889,10.1,8.153553390593276,360,1.0,12.0,11,8,551
202.0,10.2,8.233012701892221,360,1.0,9.0,12,8,552
123.44444444444446,10.3,8.282962913144535,360,1.0,9.0,13,8,553
89.77777777777777,10.7,8.3,360,1.0,12.0,14,8,554
89.77777777777777,11.1,8.282962913144535,360,1.0,10.0,15,8,555
67.33333333333334,10.9,8.233012701892221,360,1.0,6.0,16,8,556
11.222222222222221,9.8,8.153553390593276,360,1.0,4.0,17,8,557
0.0,7.9,8.05,360,1.0,4.0,18,8,558
0.0,7.9,7.9294095225512615,360,1.0,4.0,19,8,559
0.0,6.9,7.800000000000001,360,1.0,4.0,20,8,560
0.0,6.9,7.67059047744874,360,1.0,3.0,21,8,561
0.0,6.4,7.550000000000001,360,1.0,3.0,22,8,562
0.0,6.5,7.446446609406727,360,1.0,4.0,23,8,563
0.0,5.9,7.366987298107781,360,1.0,5.0,24,8,564
0.0,5.7,7.242592717138664,360,1.0,5.0,1,9,565
0.0,5.9,7.199999999999999,360,1.0,6.0,2,9,566
0.0,7.0,7.242592717138664,360,1.0,7.0,3,9,567
0.0,7.6,7.3674682452694515,360,1.0,8.0,4,9,568
0.0,8.1,7.566116523516815,360,1.0,9.0,5,9,569
0.0,8.6,7.824999999999999,360,1.0,10.0,6,9,570
0.0,9.6,8.12647619362185,360,1.0,8.0,7,9,571
0.0,10.2,8.45,360,1.0,10.0,8,9,572
33.66666666666667,10.5,8.77352380637815,360,1.0,9.0,9,9,573
89.77777777777777,11.5,9.075,360,1.0,10.0,10,9,574
123.44444444444446,12.2,9.333883476483184,360,1.0,11.0,11,9,575
190.77777777777777,12.5,9.532531754730547,360,1.0,10.0,12,9,576
179.55555555555554,12.6,9.657407282861334,360,1.0,11.0,13,9,577
157.1111111111111,12.7,9.7,360,1.0,10.0,14,9,578
112.22222222222223,12.6,9.657407282861334,360,1.0,10.0,15,9,579
44.888888888888886,12.5,9.532531754730547,360,1.0,10.0,16,9,580
0.0,12.3,9.333883476483184,360,1.0,9.0,17,9,581
0.0,12.2,9.075,360,1.0,9.0,18,9,582
0.0,12.1,8.77352380637815,360,1.0,11.0,19,9,583
0.0,12.0,8.45,360,1.0,10.0,20,9,584
0.0,11.8,8.12647619362185,360,1.0,10.0,21,9,585
0.0,11.7,7.824999999999999,360,1.0,10.0,22,9,586
0.0,11.6,7.566116523516815,360,1.0,8.0,23,9,587
0.0,11.6,7.3674682452694515,360,1.0,9.0,24,9,588
0.0,11.5,9.217037086855465,360,1.0,9.0,1,10,589
0.0,11.4,9.2,360,1.0,10.0,2,10,590
0.0,11.4,9.217037086855465,360,1.0,9.0,3,10,591
0.0,11.3,9.26698729810778,360,1.0,10.0,4,10,592
0.0,11.2,9.346446609406726,360,1.0,9.0,5,10,593
0.0,11.0,9.45,360,1.0,10.0,6,10,594
0.0,10.9,9.57059047744874,360,1.0,10.0,7,10,595
0.0,10.9,9.7,360,1.0,11.0,8,10,596
56.111111111111114,11.1,9.82940952255126,360,1.0,10.0,9,10,597
112.22222222222223,11.4,9.95,360,1.0,11.0,10,10,598
145.88888888888889,11.6,10.053553390593272,360,1.0,10.0,11,10,599
168.33333333333331,11.9,10.133012701892218,360,1.0,10.0,12,10,600
213.22222222222223,11.9,10.182962913144534,360,1.0,10.0,13,10,601
179.55555555555554,12.1,10.2,360,1.0,11.0,14,10,602
123.44444444444446,11.7,10.182962913144534,360,1.0,9.0,15,10,603
78.55555555555554,11.6,10.133012701892218,360,1.0,10.0,16,10,604
11.222222222222221,11.1,10.053553390593272,360,1.0,8.0,17,10,605
0.0,11.0,9.95,360,1.0,8.0,18,10,606
0.0,10.9,9.82940952255126,360,1.0,7.0,19,10,607
0.0,10.9,9.7,360,1.0,8.0,20,10,608
0.0,11.0,9.57059047744874,360,1.0,9.0,21,10,609
0.0,11.1,9.45,360,1.0,8.0,22,10,610
0.0,11.1,9.346446609406726,360,1.0,7.0,23,10,611
0.0,11.2,9.26698729810778,360,1.0,7.0,24,10,612
0.0,11.2,8.517037086855465,360,1.0,7.0,1,11,613
0.0,7.5,8.5,360,1.0,9.0,2,11,614
0.0,6.9,8.517037086855465,360,1.0,8.0,3,11,615
0.0,7.1,8.566987298107781,360,1.0,6.0,4,11,616
0.0,6.7,8.646446609406727,360,0.96,6.0,5,11,617
0.0,5.6,8.75,360,0.99,4.0,6,11,618
0.0,5.3,8.87059047744874,360,0.98,5.0,7,11,619
11.222222222222221,4.2,9.0,360,1.0,2.0,8,11,620
134.66666666666669,5.1,9.12940952255126,360,0.98,3.0,9,11,621
381.55555555555554,6.6,9.25,360,0.92,4.0,10,11,622
583.5555555555555,7.7,9.353553390593273,360,0.85,5.0,11,11,623
707.0000000000001,8.6,9.433012701892219,360,0.79,6.0,12,11,624
718.2222222222222,9.1,9.482962913144535,360,0.72,4.0,13,11,625
639.6666666666667,9.2,9.5,360,0.71,4.0,14,11,626
392.7777777777778,9.2,9.482962913144535,360,0.69,4.0,15,11,627
190.77777777777777,7.8,9.433012701892219,360,0.81,4.0,16,11,628
22.444444444444443,5.3,9.353553390593273,360,0.92,2.0,17,11,629
0.0,4.4,9.25,360,0.94,2.0,18,11,630
0.0,4.6,9.12940952255126,360,0.93,3.0,19,11,631
0.0,4.7,9.0,360,0.93,4.0,20,11,632
0.0,4.3,8.87059047744874,360,0.96,4.0,21,11,633
0.0,4.0,8.75,360,0.97,4.0,22,11,634
0.0,3.8,8.646446609406727,360,0.97,6.0,23,11,635
0.0,3.2,8.566987298107781,360,0.98,6.0,24,11,636
0.0,3.5,6.115333378169919,360,0.97,6.0,1,12,637
0.0,3.2,6.1,360,0.96,6.0,2,12,638
0.0,2.2,6.115333378169919,360,1.0,6.0,3,12,639
0.0,1.8,6.160288568297002,360,0.99,6.0,4,12,640
0.0,1.9,6.231801948466053,360,0.99,8.0,5,12,641
0.0,1.9,6.324999999999999,360,0.98,9.0,6,12,642
0.0,1.6,6.433531429703866,360,0.99,9.0,7,12,643
11.222222222222221,2.0,6.55,360,0.98,7.0,8,12,644
157.1111111111111,3.3,6.666468570296134,360,0.92,8.0,9,12,645
404.0,4.4,6.775,360,0.91,9.0,10,12,646
594.7777777777778,5.4,6.8681980515339465,360,0.86,10.0,11,12,647
740.6666666666667,7.0,6.939711431702998,360,0.8,8.0,12,12,648
740.6666666666667,7.8,6.984666621830081,360,0.79,8.0,13,12,649
617.2222222222222,8.2,7.0,360,0.78,8.0,14,12,650
471.33333333333337,8.5,6.984666621830081,360,0.81,8.0,15,12,651
235.66666666666669,7.5,6.939711431702998,360,0.84,7.0,16,12,652
22.444444444444443,5.7,6.8681980515339465,360,0.92,3.0,17,12,653
0.0,4.4,6.775,360,1.0,4.0,18,12,654
0.0,5.6,6.666468570296134,360,0.92,7.0,19,12,655
0.0,5.5,6.55,360,0.93,6.0,20,12,656
0.0,4.8,6.433531429703866,360,0.96,6.0,21,12,657
0.0,5.1,6.325,360,0.95,8.0,22,12,658
0.0,5.5,6.231801948466053,360,0.92,9.0,23,12,659
0.0,4.8,6.160288568297002,360,0.94,8.0,24,12,660
0.0,4.8,5.930666756339839,360,0.93,6.0,1,13,661
0.0,5.0,5.9,360,0.9,6.0,2,13,662
0.0,5.1,5.930666756339839,360,0.87,6.0,3,13,663
0.0,4.6,6.020577136594006,360,0.88,6.0,4,13,664
0.0,4.7,6.163603896932107,360,0.87,6.0,5,13,665
0.0,5.6,6.3500000000000005,360,0.85,6.0,6,13,666
0.0,5.5,6.5670628594077325,360,0.88,8.0,7,13,667
22.444444444444443,5.6,6.800000000000001,360,0.89,8.0,8,13,668
134.66666666666669,5.9,7.032937140592269,360,0.89,10.0,9,13,669
303.0,7.6,7.250000000000001,360,0.87,9.0,10,13,670
404.0,9.6,7.436396103067893,360,0.87,8.0,11,13,671
168.33333333333331,10.2,7.579422863405996,360,0.93,8.0,12,13,672
145.88888888888889,9.8,7.669333243660162,360,1.0,9.0,13,13,673
89.77777777777777,10.6,7.700000000000001,360,1.0,10.0,14,13,674
56.111111111111114,10.5,7.669333243660162,360,1.0,10.0,15,13,675
11.222222222222221,9.9,7.579422863405996,360,1.0,9.0,16,13,676
11.222222222222221,9.2,7.436396103067893,360,1.0,8.0,17,13,677
0.0,8.8,7.250000000000001,360,1.0,7.0,18,13,678
0.0,9.0,7.032937140592269,360,1.0,8.0,19,13,679
0.0,8.9,6.800000000000001,360,1.0,8.0,20,13,680
0.0,8.8,6.5670628594077325,360,1.0,9.0,21,13,681
0.0,8.3,6.350000000000001,360,1.0,8.0,22,13,682
0.0,8.6,6.163603896932108,360,1.0,9.0,23,13,683
0.0,8.2,6.020577136594006,360,1.0,8.0,24,13,684
0.0,7.3,7.017037086855466,360,1.0,7.0,1,14,685
0.0,7.1,7.0,360,1.0,5.0,2,14,686
0.0,6.8,7.017037086855466,360,0.99,6.0,3,14,687
0.0,6.4,7.06698729810778,360,0.98,6.0,4,14,688
0.0,6.7,7.146446609406726,360,1.0,7.0,5,14,689
0.0,6.5,7.25,360,0.98,6.0,6,14,690
0.0,6.4,7.37059047744874,360,1.0,8.0,7,14,691
0.0,5.8,7.5,360,1.0,8.0,8,14,692
134.66666666666669,6.9,7.62940952255126,360,1.0,7.0,9,14,693
381.55555555555554,8.6,7.75,360,0.95,9.0,10,14,694
460.11111111111114,9.3,7.853553390593274,360,0.9,10.0,11,14,695
561.1111111111111,10.2,7.93301270189222,360,0.88,8.0,12,14,696
617.2222222222222,10.6,7.982962913144534,360,0.85,8.0,13,14,697
314.2222222222222,9.3,8.0,360,0.93,8.0,14,14,698
213.22222222222223,8.9,7.982962913144534,360,0.98,7.0,15,14,699
89.77777777777777,8.9,7.93301270189222,360,0.96,6.0,16,14,700
11.222222222222221,8.4,7.853553390593274,360,1.0,7.0,17,14,701
0.0,8.4,7.75,360,1.0,6.0,18,14,702
0.0,8.1,7.62940952255126,360,1.0,7.0,19,14,703
0.0,8.1,7.5,360,1.0,8.0,20,14,704
0.0,8.0,7.37059047744874,360,1.0,8.0,21,14,705
0.0,7.7,7.25,360,1.0,10.0,22,14,706
0.0,8.0,7.146446609406726,360,0.98,11.0,23,14,707
0.0,7.9,7.06698729810778,360,0.97,10.0,24,14,708
0.0,7.7,7.406814834742186,360,0.97,10.0,1,15,709
0.0,7.8,7.4,360,0.93,10.0,2,15,710
0.0,7.9,7.406814834742186,360,0.91,10.0,3,15,711
0.0,7.2,7.426794919243112,360,0.93,8.0,4,15,712
0.0,7.5,7.45857864376269,360,0.91,10.0,5,15,713
0.0,7.5,7.5,360,0.9,11.0,6,15,714
0.0,8.1,7.5482361909794955,360,0.87,12.0,7,15,715
0.0,8.3,7.6,360,0.86,12.0,8,15,716
56.111111111111114,8.4,7.651763809020504,360,0.85,12.0,9,15,717
123.44444444444446,8.6,7.699999999999999,360,0.85,14.0,10,15,718
168.33333333333331,9.1,7.741421356237309,360,0.84,14.0,11,15,719
134.66666666666669,9.0,7.773205080756887,360,0.86,12.0,12,15,720
134.66666666666669,9.5,7.793185165257813,360,0.86,12.0,13,15,721
101.0,9.1,7.799999999999999,360,0.91,10.0,14,15,722
67.33333333333334,8.8,7.793185165257813,360,0.97,9.0,15,15,723
33.66666666666667,8.9,7.773205080756887,360,1.0,8.0,16,15,724
11.222222222222221,8.6,7.741421356237309,360,1.0,9.0,17,15,725
0.0,8.2,7.699999999999999,360,1.0,8.0,18,15,726
0.0,7.4,7.651763809020504,360,1.0,5.0,19,15,727
0.0,7.4,7.6,360,1.0,2.0,20,15,728
0.0,7.2,7.5482361909794955,360,1.0,2.0,21,15,729
0.0,6.8,7.5,360,1.0,2.0,22,15,730
0.0,6.5,7.45857864376269,360,1.0,2.0,23,15,731
0.0,6.1,7.426794919243112,360,1.0,3.0,24,15,732
0.0,6.2,6.8136296694843725,360,1.0,4.0,1,16,733
0.0,6.0,6.799999999999999,360,1.0,5.0,2,16,734
0.0,5.9,6.813629669484372,360,1.0,2.0,3,16,735
0.0,5.8,6.853589838486224,360,1.0,4.0,4,16,736
0.0,5.2,6.91715728752538,360,1.0,5.0,5,16,737
0.0,3.5,6.999999999999999,360,1.0,3.0,6,16,738
0.0,3.8,7.096472381958991,360,1.0,2.0,7,16,739
11.222222222222221,3.4,7.199999999999999,360,1.0,2.0,8,16,740
56.111111111111114,4.3,7.303527618041008,360,1.0,4.0,9,16,741
303.0,6.2,7.3999999999999995,360,0.97,4.0,10,16,742
606.0,7.3,7.482842712474619,360,0.9,6.0,11,16,743
370.33333333333337,7.4,7.546410161513775,360,0.93,6.0,12,16,744
179.55555555555554,6.6,7.586370330515627,360,1.0,7.0,13,16,745
336.66666666666663,7.4,7.6,360,0.99,5.0,14,16,746
190.77777777777777,7.4,7.586370330515627,360,0.96,5.0,15,16,747
101.0,7.3,7.546410161513775,360,0.98,4.0,16,16,748
22.444444444444443,5.8,7.482842712474619,360,1.0,3.0,17,16,749
0.0,6.0,7.3999999999999995,360,0.93,4.0,18,16,750
0.0,4.0,7.303527618041008,360,0.98,2.0,19,16,751
0.0,3.8,7.199999999999999,360,0.99,2.0,20,16,752
0.0,3.1,7.096472381958991,360,1.0,2.0,21,16,753
0.0,2.7,6.999999999999999,360,1.0,2.0,22,16,754
0.0,2.0,6.917157287525381,360,1.0,2.0,23,16,755
0.0,2.2,6.853589838486224,360,1.0,2.0,24,16,756
0.0,0.8,5.223851921597653,360,1.0,2.0,1,17,757
0.0,-0.6,5.200000000000001,360,1.0,2.0,2,17,758
0.0,-0.2,5.223851921597653,360,1.0,2.0,3,17,759
0.0,-0.1,5.293782217350893,360,1.0,1.0,4,17,760
0.0,0.8,5.405025253169417,360,1.0,2.0,5,17,761
0.0,1.0,5.55,360,1.0,4.0,6,17,762
0.0,0.6,5.718826668428236,360,1.0,2.0,7,17,763
0.0,0.0,5.9,360,1.0,1.0,8,17,764
112.22222222222223,0.8,6.081173331571764,360,1.0,2.0,9,17,765
325.44444444444446,3.7,6.25,360,1.0,3.0,10,17,766
617.2222222222222,5.3,6.3949747468305835,360,0.98,4.0,11,17,767
684.5555555555557,6.9,6.506217782649108,360,0.87,4.0,12,17,768
617.2222222222222,6.2,6.576148078402348,360,0.91,4.0,13,17,769
471.33333333333337,6.8,6.6,360,0.89,4.0,14,17,770
549.8888888888889,6.7,6.576148078402348,360,0.9,5.0,15,17,771
258.11111111111114,5.4,6.506217782649108,360,0.93,5.0,16,17,772
22.444444444444443,3.3,6.3949747468305835,360,0.99,2.0,17,17,773
0.0,3.2,6.25,360,1.0,2.0,18,17,774
0.0,2.9,6.081173331571764,360,1.0,2.0,19,17,775
0.0,3.4,5.9,360,1.0,6.0,20,17,776
0.0,3.5,5.718826668428236,360,1.0,6.0,21,17,777
0.0,3.1,5.550000000000001,360,1.0,6.0,22,17,778
0.0,3.0,5.405025253169417,360,1.0,6.0,23,17,779
0.0,2.7,5.293782217350893,360,1.0,6.0,24,17,780
0.0,2.7,5.420444504226559,360,1.0,7.0,1,18,781
0.0,2.8,5.4,360,1.0,7.0,2,18,782
0.0,2.5,5.420444504226559,360,1.0,7.0,3,18,783
0.0,2.6,5.480384757729337,360,1.0,7.0,4,18,784
0.0,2.7,5.575735931288071,360,1.0,6.0,5,18,785
0.0,2.9,5.7,360,1.0,7.0,6,18,786
0.0,3.0,5.844708572938488,360,1.0,8.0,7,18,787
11.222222222222221,2.9,6.0,360,1.0,6.0,8,18,788
56.111111111111114,3.3,6.155291427061512,360,1.0,6.0,9,18,789
157.1111111111111,3.8,6.3,360,1.0,8.0,10,18,790
269.33333333333337,4.5,6.424264068711929,360,1.0,8.0,11,18,791
460.11111111111114,5.5,6.519615242270663,360,0.96,8.0,12,18,792
718.2222222222222,6.8,6.579555495773441,360,0.91,8.0,13,18,793
673.3333333333333,7.0,6.6,360,0.89,7.0,14,18,794
347.8888888888889,6.4,6.579555495773441,360,0.91,6.0,15,18,795
134.66666666666669,6.1,6.519615242270663,360,0.94,5.0,16,18,796
22.444444444444443,5.8,6.424264068711929,360,0.96,3.0,17,18,797
0.0,5.7,6.3,360,0.95,3.0,18,18,798
0.0,4.6,6.155291427061512,360,0.97,3.0,19,18,799
0.0,4.5,6.0,360,0.97,2.0,20,18,800
0.0,4.3,5.844708572938488,360,0.99,1.0,21,18,801
0.0,4.4,5.7,360,0.98,2.0,22,18,802
0.0,4.0,5.575735931288071,360,0.99,1.0,23,18,803
0.0,4.1,5.480384757729337,360,1.0,2.0,24,18,804
0.0,3.6,5.703407417371094,360,1.0,3.0,1,19,805
0.0,2.8,5.700000000000001,360,1.0,2.0,2,19,806
0.0,2.9,5.703407417371094,360,1.0,4.0,3,19,807
0.0,3.0,5.713397459621556,360,1.0,4.0,4,19,808
0.0,3.2,5.729289321881346,360,1.0,5.0,5,19,809
0.0,3.1,5.750000000000001,360,1.0,6.0,6,19,810
0.0,3.0,5.774118095489748,360,1.0,6.0,7,19,811
0.0,2.3,5.800000000000001,360,1.0,6.0,8,19,812
22.444444444444443,1.9,5.825881904510253,360,1.0,6.0,9,19,813
89.77777777777777,1.9,5.8500000000000005,360,1.0,6.0,10,19,814
123.44444444444446,2.1,5.870710678118655,360,1.0,7.0,11,19,815
89.77777777777777,2.1,5.886602540378445,360,1.0,6.0,12,19,816
123.44444444444446,2.6,5.896592582628908,360,1.0,7.0,13,19,817
134.66666666666669,2.8,5.9,360,1.0,6.0,14,19,818
89.77777777777777,3.0,5.896592582628908,360,1.0,4.0,15,19,819
44.888888888888886,2.9,5.886602540378445,360,0.98,6.0,16,19,820
11.222222222222221,2.3,5.870710678118655,360,0.98,5.0,17,19,821
0.0,2.3,5.8500000000000005,360,0.99,2.0,18,19,822
0.0,2.5,5.825881904510253,360,0.99,2.0,19,19,823
0.0,2.1,5.800000000000001,360,1.0,1.0,20,19,824
0.0,0.8,5.774118095489748,360,1.0,2.0,21,19,825
0.0,-0.6,5.750000000000001,360,1.0,1.0,22,19,826
0.0,-1.2,5.729289321881346,360,1.0,1.0,23,19,827
0.0,-0.2,5.713397459621556,360,1.0,1.0,24,19,828
0.0,0.0,3.9187407955410127,360,1.0,1.0,1,20,829
0.0,-0.3,3.9000000000000004,360,1.0,1.0,2,20,830
0.0,-0.3,3.9187407955410123,360,1.0,1.0,3,20,831
0.0,-0.9,3.973686027918559,360,1.0,2.0,4,20,832
0.0,-0.8,4.061091270347399,360,1.0,1.0,5,20,833
0.0,-1.7,4.175,360,1.0,1.0,6,20,834
0.0,-2.3,4.3076495251936135,360,1.0,0.0,7,20,835
11.222222222222221,-2.4,4.45,360,1.0,0.0,8,20,836
235.66666666666669,-0.9,4.592350474806387,360,1.0,1.0,9,20,837
224.44444444444446,-0.2,4.7250000000000005,360,1.0,2.0,10,20,838
269.33333333333337,0.9,4.838908729652601,360,1.0,2.0,11,20,839
437.6666666666667,2.0,4.9263139720814415,360,0.95,3.0,12,20,840
437.6666666666667,2.6,4.981259204458988,360,0.85,4.0,13,20,841
347.8888888888889,2.6,5.0,360,0.86,4.0,14,20,842
224.44444444444446,2.6,4.981259204458988,360,0.86,3.0,15,20,843
134.66666666666669,2.3,4.9263139720814415,360,0.85,3.0,16,20,844
22.444444444444443,1.6,4.838908729652601,360,0.91,2.0,17,20,845
0.0,1.2,4.7250000000000005,360,0.92,1.0,18,20,846
0.0,0.7,4.592350474806387,360,0.96,1.0,19,20,847
0.0,0.5,4.45,360,0.98,1.0,20,20,848
0.0,-0.8,4.3076495251936135,360,1.0,1.0,21,20,849
0.0,-1.0,4.175000000000001,360,1.0,1.0,22,20,850
0.0,-1.5,4.061091270347399,360,1.0,2.0,23,20,851
0.0,-1.8,3.973686027918559,360,1.0,2.0,24,20,852
0.0,-1.8,3.625555630283199,360,1.0,2.0,1,21,853
0.0,-0.6,3.5999999999999996,360,1.0,4.0,2,21,854
0.0,-0.3,3.6255556302831984,360,1.0,5.0,3,21,855
0.0,-0.2,3.7004809471616706,360,1.0,5.0,4,21,856
0.0,-0.5,3.8196699141100887,360,1.0,6.0,5,21,857
0.0,-0.5,3.9749999999999996,360,1.0,5.0,6,21,858
0.0,0.2,4.155885716173109,360,0.99,6.0,7,21,859
0.0,0.6,4.35,360,0.97,6.0,8,21,860
78.55555555555554,1.0,4.54411428382689,360,0.96,6.0,9,21,861
269.33333333333337,1.7,4.725,360,0.95,7.0,10,21,862
359.1111111111111,3.1,4.88033008588991,360,0.89,7.0,11,21,863
527.4444444444445,4.8,4.999519052838329,360,0.86,6.0,12,21,864
505.0,5.8,5.074444369716801,360,0.83,6.0,13,21,865
269.33333333333337,5.5,5.1,360,0.85,6.0,14,21,866
179.55555555555554,5.5,5.074444369716801,360,0.88,5.0,15,21,867
145.88888888888889,5.5,4.999519052838329,360,0.88,4.0,16,21,868
11.222222222222221,5.0,4.88033008588991,360,0.9,4.0,17,21,869
0.0,4.6,4.725,360,0.91,2.0,18,21,870
0.0,4.0,4.54411428382689,360,0.95,2.0,19,21,871
0.0,3.3,4.35,360,0.97,3.0,20,21,872
0.0,3.1,4.155885716173109,360,0.96,2.0,21,21,873
0.0,1.3,3.975,360,0.98,2.0,22,21,874
0.0,0.1,3.819669914110089,360,0.97,2.0,23,21,875
0.0,0.9,3.7004809471616706,360,0.97,2.0,24,21,876
0.0,1.2,3.7102222521132795,360,0.96,4.0,1,22,877
0.0,0.1,3.7,360,1.0,4.0,2,22,878
0.0,-1.0,3.7102222521132795,360,1.0,3.0,3,22,879
0.0,-1.3,3.7401923788646685,360,1.0,4.0,4,22,880
0.0,-1.9,3.7878679656440357,360,1.0,4.0,5,22,881
0.0,-2.0,3.85,360,1.0,4.0,6,22,882
0.0,-1.7,3.922354286469244,360,1.0,5.0,7,22,883
11.222222222222221,-1.2,4.0,360,1.0,6.0,8,22,884
33.66666666666667,-0.6,4.077645713530756,360,1.0,6.0,9,22,885
134.66666666666669,-0.3,4.15,360,1.0,5.0,10,22,886
235.66666666666669,0.7,4.212132034355964,360,1.0,6.0,11,22,887
224.44444444444446,0.9,4.259807621135331,360,1.0,5.0,12,22,888
179.55555555555554,0.9,4.2897777478867205,360,1.0,5.0,13,22,889
123.44444444444446,1.1,4.3,360,1.0,6.0,14,22,890
78.55555555555554,1.4,4.2897777478867205,360,1.0,5.0,15,22,891
78.55555555555554,2.1,4.259807621135331,360,0.99,4.0,16,22,892
22.444444444444443,1.7,4.212132034355964,360,0.98,2.0,17,22,893
0.0,1.6,4.15,360,0.98,3.0,18,22,894
0.0,1.4,4.077645713530756,360,0.98,4.0,19,22,895
0.0,0.5,4.0,360,0.97,5.0,20,22,896
0.0,-0.3,3.922354286469244,360,0.97,4.0,21,22,897
0.0,-1.2,3.85,360,0.99,4.0,22,22,898
0.0,-1.4,3.7878679656440357,360,1.0,4.0,23,22,899
0.0,-1.3,3.7401923788646685,360,1.0,4.0,24,22,900
0.0,-1.7,2.817037086855466,360,1.0,4.0,1,23,901
0.0,-1.9,2.8,360,1.0,6.0,2,23,902
0.0,-2.6,2.8170370868554655,360,1.0,4.0,3,23,903
0.0,-2.2,2.86698729810778,360,1.0,3.0,4,23,904
0.0,-3.1,2.946446609406726,360,1.0,3.0,5,23,905
0.0,-2.3,3.05,360,1.0,3.0,6,23,906
0.0,-1.5,3.1705904774487395,360,1.0,4.0,7,23,907
0.0,-1.4,3.3,360,0.99,6.0,8,23,908
56.111111111111114,-1.6,3.42940952255126,360,0.98,7.0,9,23,909
123.44444444444446,-1.4,3.55,360,0.98,6.0,10,23,910
224.44444444444446,-0.8,3.6535533905932738,360,0.96,5.0,11,23,911
280.55555555555554,-0.5,3.733012701892219,360,0.96,4.0,12,23,912
561.1111111111111,0.6,3.782962913144534,360,0.92,4.0,13,23,913
325.44444444444446,0.8,3.8,360,0.9,3.0,14,23,914
202.0,0.4,3.782962913144534,360,0.92,4.0,15,23,915
67.33333333333334,-0.3,3.733012701892219,360,0.94,4.0,16,23,916
22.444444444444443,-0.8,3.6535533905932738,360,0.97,6.0,17,23,917
0.0,-1.4,3.55,360,0.98,4.0,18,23,918
0.0,-1.5,3.42940952255126,360,0.98,4.0,19,23,919
0.0,-1.5,3.3,360,0.98,4.0,20,23,920
0.0,-1.5,3.1705904774487395,360,0.97,3.0,21,23,921
0.0,-1.7,3.05,360,0.97,4.0,22,23,922
0.0,-2.3,2.946446609406726,360,0.98,3.0,23,23,923
0.0,-2.2,2.8669872981077806,360,0.98,1.0,24,23,924
0.0,-2.9,2.823851921597652,360,1.0,1.0,1,24,925
0.0,-3.6,2.8,360,1.0,1.0,2,24,926
0.0,-3.5,2.823851921597652,360,1.0,2.0,3,24,927
0.0,-3.5,2.8937822173508927,360,1.0,2.0,4,24,928
0.0,-2.5,3.0050252531694164,360,1.0,3.0,5,24,929
0.0,-2.1,3.1499999999999995,360,1.0,4.0,6,24,930
0.0,-1.5,3.3188266684282355,360,1.0,5.0,7,24,931
0.0,-1.0,3.5,360,1.0,6.0,8,24,932
33.66666666666667,-0.4,3.6811733315717645,360,1.0,6.0,9,24,933
78.55555555555554,0.2,3.85,360,1.0,7.0,10,24,934
134.66666666666669,1.3,3.994974746830583,360,1.0,6.0,11,24,935
291.77777777777777,3.2,4.106217782649107,360,1.0,3.0,12,24,936
628.4444444444443,6.1,4.176148078402348,360,0.97,8.0,13,24,937
662.1111111111112,6.7,4.2,360,0.89,10.0,14,24,938
437.6666666666667,6.4,4.176148078402348,360,0.85,8.0,15,24,939
235.66666666666669,5.6,4.106217782649107,360,0.84,7.0,16,24,940
56.111111111111114,4.8,3.994974746830583,360,0.87,6.0,17,24,941
0.0,3.9,3.85,360,0.89,5.0,18,24,942
0.0,3.1,3.6811733315717645,360,0.91,4.0,19,24,943
0.0,2.6,3.5,360,0.91,5.0,20,24,944
0.0,2.1,3.3188266684282355,360,0.93,4.0,21,24,945
0.0,1.7,3.15,360,0.93,4.0,22,24,946
0.0,1.2,3.005025253169417,360,0.94,4.0,23,24,947
0.0,0.2,2.8937822173508927,360,0.97,4.0,24,24,948
0.0,0.2,2.625555630283199,360,0.99,3.0,1,25,949
0.0,0.0,2.5999999999999996,360,0.99,4.0,2,25,950
0.0,-0.2,2.6255556302831984,360,0.99,3.0,3,25,951
0.0,-0.2,2.7004809471616706,360,1.0,4.0,4,25,952
0.0,-0.9,2.8196699141100887,360,1.0,2.0,5,25,953
0.0,-1.3,2.9749999999999996,360,1.0,2.0,6,25,954
0.0,-0.9,3.1558857161731093,360,1.0,2.0,7,25,955
11.222222222222221,-0.7,3.3499999999999996,360,1.0,2.0,8,25,956
258.11111111111114,0.5,3.54411428382689,360,1.0,4.0,9,25,957
482.5555555555556,2.2,3.7249999999999996,360,0.97,3.0,10,25,958
662.1111111111112,4.0,3.88033008588991,360,0.92,2.0,11,25,959
785.5555555555557,5.7,3.9995190528383286,360,0.86,3.0,12,25,960
819.2222222222222,6.5,4.074444369716801,360,0.78,4.0,13,25,961
662.1111111111112,6.7,4.1,360,0.75,5.0,14,25,962
538.6666666666667,6.5,4.074444369716801,360,0.77,6.0,15,25,963
359.1111111111111,6.2,3.9995190528383286,360,0.77,4.0,16,25,964
67.33333333333334,5.1,3.88033008588991,360,0.82,4.0,17,25,965
0.0,1.8,3.7249999999999996,360,0.95,2.0,18,25,966
0.0,0.8,3.54411428382689,360,0.97,2.0,19,25,967
0.0,-0.2,3.3499999999999996,360,1.0,1.0,20,25,968
0.0,0.5,3.1558857161731093,360,1.0,2.0,21,25,969
0.0,-0.2,2.975,360,1.0,2.0,22,25,970
0.0,-0.7,2.819669914110089,360,1.0,2.0,23,25,971
0.0,-0.5,2.7004809471616706,360,1.0,2.0,24,25,972
0.0,0.5,3.039185299767572,360,1.0,2.0,1,26,973
0.0,0.6,3.0000000000000004,360,1.0,2.0,2,26,974
0.0,0.4,3.039185299767572,360,1.0,2.0,3,26,975
0.0,0.7,3.154070785647896,360,1.0,2.0,4,26,976
0.0,0.7,3.3368272016354705,360,1.0,2.0,5,26,977
0.0,1.7,3.5749999999999997,360,0.99,4.0,6,26,978
0.0,1.9,3.8523580981321017,360,0.99,4.0,7,26,979
11.222222222222221,2.2,4.15,360,0.98,4.0,8,26,980
101.0,3.8,4.447641901867899,360,0.98,4.0,9,26,981
168.33333333333331,5.0,4.7250000000000005,360,0.93,5.0,10,26,982
213.22222222222223,4.6,4.96317279836453,360,1.0,6.0,11,26,983
213.22222222222223,5.2,5.145929214352105,360,1.0,6.0,12,26,984
258.11111111111114,6.1,5.260814700232428,360,0.99,7.0,13,26,985
168.33333333333331,6.4,5.300000000000001,360,1.0,6.0,14,26,986
123.44444444444446,6.3,5.260814700232428,360,1.0,7.0,15,26,987
56.111111111111114,6.6,5.145929214352105,360,1.0,6.0,16,26,988
11.222222222222221,6.8,4.96317279836453,360,1.0,5.0,17,26,989
0.0,7.5,4.7250000000000005,360,1.0,4.0,18,26,990
0.0,7.8,4.447641901867899,360,1.0,5.0,19,26,991
0.0,7.9,4.15,360,1.0,5.0,20,26,992
0.0,7.9,3.8523580981321017,360,1.0,6.0,21,26,993
0.0,7.5,3.5750000000000006,360,1.0,8.0,22,26,994
0.0,6.8,3.336827201635471,360,1.0,6.0,23,26,995
0.0,6.3,3.154070785647896,360,0.96,6.0,24,26,996
0.0,5.0,4.7221482129121055,360,0.97,4.0,1,27,997
0.0,4.7,4.699999999999999,360,0.96,4.0,2,27,998
0.0,4.2,4.7221482129121055,360,0.97,5.0,3,27,999
0.0,4.6,4.787083487540114,360,0.97,4.0,4,27,1000
0.0,4.0,4.890380592228744,360,0.97,4.0,5,27,1001
0.0,3.7,5.0249999999999995,360,0.99,6.0,6,27,1002
0.0,3.5,5.181767620683361,360,1.0,5.0,7,27,1003
11.222222222222221,2.8,5.35,360,1.0,4.0,8,27,1004
168.33333333333331,3.4,5.518232379316638,360,1.0,4.0,9,27,1005
359.1111111111111,4.8,5.675,360,0.98,4.0,10,27,1006
392.7777777777778,5.6,5.8096194077712555,360,0.96,5.0,11,27,1007
392.7777777777778,6.1,5.912916512459884,360,0.94,4.0,12,27,1008
482.5555555555556,6.6,5.977851787087894,360,0.9,4.0,13,27,1009
448.8888888888889,7.2,6.0,360,0.85,4.0,14,27,1010
314.2222222222222,7.4,5.977851787087894,360,0.8,4.0,15,27,1011
269.33333333333337,7.1,5.912916512459884,360,0.82,4.0,16,27,1012
56.111111111111114,6.4,5.8096194077712555,360,0.85,3.0,17,27,1013
0.0,4.8,5.675,360,0.93,1.0,18,27,1014
0.0,4.6,5.518232379316638,360,0.93,1.0,19,27,1015
0.0,4.2,5.35,360,0.97,2.0,20,27,1016
0.0,4.3,5.181767620683361,360,0.97,2.0,21,27,1017
0.0,4.4,5.0249999999999995,360,0.98,2.0,22,27,1018
0.0,4.8,4.890380592228744,360,0.97,2.0,23,27,1019
0.0,5.2,4.787083487540115,360,0.97,5.0,24,27,1020
0.0,4.6,5.323851921597652,360,1.0,3.0,1,28,1021
0.0,4.8,5.3,360,1.0,4.0,2,28,1022
0.0,4.8,5.323851921597652,360,1.0,4.0,3,28,1023
0.0,4.7,5.393782217350893,360,1.0,4.0,4,28,1024
0.0,4.7,5.505025253169416,360,1.0,4.0,5,28,1025
0.0,4.4,5.6499999999999995,360,1.0,5.0,6,28,1026
0.0,4.4,5.818826668428236,360,1.0,4.0,7,28,1027
0.0,4.7,6.0,360,1.0,5.0,8,28,1028
56.111111111111114,5.2,6.181173331571765,360,1.0,6.0,9,28,1029
179.55555555555554,6.1,6.3500000000000005,360,1.0,7.0,10,28,1030
336.66666666666663,6.7,6.494974746830583,360,1.0,8.0,11,28,1031
303.0,7.5,6.606217782649107,360,1.0,10.0,12,28,1032
303.0,7.6,6.676148078402348,360,1.0,9.0,13,28,1033
213.22222222222223,8.0,6.7,360,1.0,10.0,14,28,1034
157.1111111111111,8.8,6.676148078402348,360,1.0,9.0,15,28,1035
56.111111111111114,9.4,6.606217782649107,360,1.0,10.0,16,28,1036
33.66666666666667,9.9,6.494974746830583,360,1.0,8.0,17,28,1037
0.0,10.2,6.3500000000000005,360,1.0,10.0,18,28,1038
0.0,8.7,6.181173331571765,360,0.97,9.0,19,28,1039
0.0,8.4,6.0,360,1.0,7.0,20,28,1040
0.0,8.1,5.818826668428236,360,0.99,8.0,21,28,1041
0.0,7.6,5.65,360,0.98,7.0,22,28,1042
0.0,7.3,5.505025253169417,360,0.96,6.0,23,28,1043
0.0,6.8,5.393782217350893,360,0.97,6.0,24,28,1044
0.0,6.3,6.310222252113279,360,0.99,6.0,1,29,1045
0.0,6.1,6.299999999999999,360,1.0,5.0,2,29,1046
0.0,5.8,6.310222252113279,360,1.0,6.0,3,29,1047
0.0,5.6,6.340192378864668,360,1.0,6.0,4,29,1048
0.0,6.2,6.387867965644035,360,1.0,6.0,5,29,1049
0.0,6.4,6.449999999999999,360,1.0,7.0,6,29,1050
0.0,6.6,6.522354286469243,360,1.0,8.0,7,29,1051
0.0,6.5,6.6,360,1.0,8.0,8,29,1052
22.444444444444443,6.7,6.677645713530756,360,1.0,8.0,9,29,1053
33.66666666666667,6.8,6.75,360,1.0,8.0,10,29,1054
89.77777777777777,6.8,6.812132034355964,360,1.0,10.0,11,29,1055
145.88888888888889,7.0,6.859807621135332,360,1.0,11.0,12,29,1056
101.0,7.0,6.88977774788672,360,1.0,10.0,13,29,1057
157.1111111111111,7.4,6.9,360,1.0,8.0,14,29,1058
101.0,8.0,6.88977774788672,360,1.0,8.0,15,29,1059
78.55555555555554,9.0,6.859807621135332,360,1.0,9.0,16,29,1060
0.0,8.7,6.812132034355964,360,0.97,10.0,17,29,1061
0.0,8.4,6.75,360,0.96,10.0,18,29,1062
0.0,7.7,6.677645713530756,360,0.92,10.0,19,29,1063
0.0,7.3,6.6,360,0.94,10.0,20,29,1064
0.0,6.6,6.522354286469243,360,0.92,10.0,21,29,1065
11.222222222222221,3.3,6.449999999999999,360,0.97,12.0,22,29,1066
0.0,4.1,6.387867965644035,360,0.91,9.0,23,29,1067
0.0,4.3,6.340192378864668,360,0.92,6.0,24,29,1068
0.0,3.6,4.822148212912105,360,0.9,8.0,1,30,1069
0.0,2.8,4.799999999999999,360,0.9,7.0,2,30,1070
0.0,1.9,4.822148212912105,360,0.95,6.0,3,30,1071
0.0,1.4,4.887083487540114,360,0.97,6.0,4,30,1072
0.0,0.3,4.990380592228743,360,1.0,6.0,5,30,1073
0.0,0.2,5.124999999999999,360,1.0,5.0,6,30,1074
0.0,0.6,5.281767620683361,360,0.99,6.0,7,30,1075
11.222222222222221,1.9,5.449999999999999,360,0.97,9.0,8,30,1076
202.0,2.9,5.6182323793166375,360,0.95,9.0,9,30,1077
325.44444444444446,4.2,5.7749999999999995,360,0.96,8.0,10,30,1078
561.1111111111111,5.8,5.909619407771255,360,0.89,11.0,11,30,1079
482.5555555555556,7.4,6.012916512459884,360,0.84,11.0,12,30,1080
785.5555555555557,8.0,6.077851787087893,360,0.75,12.0,13,30,1081
751.8888888888888,8.4,6.1,360,0.71,10.0,14,30,1082
561.1111111111111,7.7,6.077851787087893,360,0.76,11.0,15,30,1083
112.22222222222223,7.1,6.012916512459884,360,0.8,8.0,16,30,1084
33.66666666666667,6.3,5.909619407771255,360,0.83,7.0,17,30,1085
0.0,5.7,5.7749999999999995,360,0.93,5.0,18,30,1086
0.0,5.1,5.6182323793166375,360,0.96,4.0,19,30,1087
0.0,3.7,5.449999999999999,360,0.98,3.0,20,30,1088
0.0,4.4,5.281767620683361,360,0.99,3.0,21,30,1089
0.0,3.9,5.124999999999999,360,1.0,4.0,22,30,1090
0.0,3.5,4.990380592228743,360,1.0,3.0,23,30,1091
0.0,3.2,4.887083487540115,360,1.0,3.0,24,30,1092
0.0,3.0,4.723851921597653,360,1.0,3.0,1,31,1093
0.0,3.0,4.700000000000001,360,1.0,4.0,2,31,1094
0.0,2.5,4.723851921597653,360,1.0,4.0,3,31,1095
0.0,2.5,4.793782217350893,360,1.0,5.0,4,31,1096
0.0,1.8,4.905025253169417,360,1.0,5.0,5,31,1097
0.0,1.0,5.05,360,1.0,4.0,6,31,1098
0.0,0.2,5.218826668428236,360,1.0,4.0,7,31,1099
11.222222222222221,0.9,5.4,360,1.0,3.0,8,31,1100
157.1111111111111,2.3,5.581173331571764,360,1.0,4.0,9,31,1101
538.6666666666667,4.1,5.75,360,0.97,4.0,10,31,1102
695.7777777777778,5.2,5.8949747468305835,360,0.85,6.0,11,31,1103
751.8888888888888,6.3,6.006217782649108,360,0.84,6.0,12,31,1104
740.6666666666667,6.8,6.076148078402348,360,0.74,7.0,13,31,1105
695.7777777777778,6.6,6.1,360,0.73,8.0,14,31,1106
347.8888888888889,6.9,6.076148078402348,360,0.72,7.0,15,31,1107
303.0,6.3,6.006217782649108,360,0.73,8.0,16,31,1108
67.33333333333334,5.7,5.8949747468305835,360,0.79,6.0,17,31,1109
0.0,3.4,5.75,360,0.95,11.0,18,31,1110
0.0,3.4,5.581173331571764,360,0.99,5.0,19,31,1111
0.0,3.4,5.4,360,0.98,5.0,20,31,1112
0.0,2.9,5.218826668428236,360,0.98,5.0,21,31,1113
0.0,2.3,5.050000000000001,360,0.99,4.0,22,31,1114
0.0,2.4,4.905025253169417,360,0.99,4.0,23,31,1115
0.0,2.5,4.793782217350893,360,0.99,5.0,24,31,1116
0.0,2.3,4.120444504226558,360,0.99,5.0,1,32,1117
0.0,2.4,4.1,360,0.97,6.0,2,32,1118
0.0,1.7,4.120444504226558,360,0.98,6.0,3,32,1119
0.0,1.3,4.180384757729336,360,0.98,5.0,4,32,1120
0.0,1.3,4.275735931288071,360,0.97,8.0,5,32,1121
0.0,1.3,4.399999999999999,360,0.97,8.0,6,32,1122
0.0,0.8,4.544708572938487,360,0.98,7.0,7,32,1123
22.444444444444443,0.8,4.699999999999999,360,0.97,5.0,8,32,1124
179.55555555555554,1.7,4.855291427061512,360,0.96,6.0,9,32,1125
448.8888888888889,2.7,4.999999999999999,360,0.92,6.0,10,32,1126
684.5555555555557,4.2,5.124264068711928,360,0.85,7.0,11,32,1127
639.6666666666667,5.3,5.219615242270662,360,0.78,8.0,12,32,1128
516.2222222222223,5.0,5.27955549577344,360,0.75,9.0,13,32,1129
370.33333333333337,5.4,5.299999999999999,360,0.75,8.0,14,32,1130
258.11111111111114,5.6,5.27955549577344,360,0.74,8.0,15,32,1131
101.0,4.5,5.219615242270662,360,0.81,10.0,16,32,1132
44.888888888888886,2.6,5.124264068711928,360,0.93,10.0,17,32,1133
0.0,2.8,4.999999999999999,360,0.85,3.0,18,32,1134
0.0,2.6,4.855291427061512,360,0.84,4.0,19,32,1135
0.0,3.0,4.699999999999999,360,0.8,4.0,20,32,1136
0.0,2.7,4.544708572938487,360,0.83,3.0,21,32,1137
0.0,2.1,4.3999999999999995,360,0.88,3.0,22,32,1138
0.0,1.2,4.275735931288071,360,0.94,3.0,23,32,1139
0.0,1.1,4.180384757729336,360,0.95,3.0,24,32,1140
0.0,1.0,3.6289630476542922,360,0.96,3.0,1,33,1141
0.0,1.1,3.6000000000000005,360,0.96,3.0,2,33,1142
0.0,0.6,3.6289630476542922,360,0.96,4.0,3,33,1143
0.0,0.0,3.7138784067832273,360,0.97,4.0,4,33,1144
0.0,-1.0,3.8489592359914346,360,0.99,4.0,5,33,1145
0.0,-1.3,4.0249999999999995,360,1.0,4.0,6,33,1146
0.0,-1.6,4.230003811662858,360,1.0,4.0,7,33,1147
33.66666666666667,-1.3,4.45,360,1.0,3.0,8,33,1148
258.11111111111114,0.0,4.669996188337143,360,0.96,3.0,9,33,1149
527.4444444444445,2.1,4.875,360,0.87,3.0,10,33,1150
639.6666666666667,3.7,5.051040764008565,360,0.82,4.0,11,33,1151
886.5555555555555,5.4,5.1861215932167735,360,0.71,4.0,12,33,1152
942.6666666666667,6.2,5.271036952345709,360,0.65,6.0,13,33,1153
830.4444444444446,6.1,5.3,360,0.57,4.0,14,33,1154
258.11111111111114,4.9,5.271036952345709,360,0.67,4.0,15,33,1155
179.55555555555554,4.8,5.1861215932167735,360,0.68,3.0,16,33,1156
56.111111111111114,3.4,5.051040764008565,360,0.84,1.0,17,33,1157
0.0,3.3,4.875,360,0.83,2.0,18,33,1158
0.0,2.4,4.669996188337143,360,0.87,1.0,19,33,1159
0.0,1.5,4.45,360,0.89,1.0,20,33,1160
0.0,0.6,4.230003811662858,360,0.94,1.0,21,33,1161
0.0,0.0,4.025,360,0.95,2.0,22,33,1162
0.0,-0.6,3.848959235991435,360,0.94,2.0,23,33,1163
0.0,-0.9,3.7138784067832273,360,0.94,2.0,24,33,1164
0.0,-1.6,3.2272593389687456,360,0.95,2.0,1,34,1165
0.0,-1.1,3.2,360,0.96,2.0,2,34,1166
0.0,-1.2,3.2272593389687456,360,0.96,2.0,3,34,1167
0.0,-1.3,3.3071796769724493,360,0.97,2.0,4,34,1168
0.0,-1.6,3.4343145750507618,360,0.97,3.0,5,34,1169
0.0,-1.6,3.5999999999999996,360,0.98,4.0,6,34,1170
0.0,-1.5,3.7929447639179834,360,0.97,4.0,7,34,1171
11.222222222222221,-1.3,4.0,360,0.97,3.0,8,34,1172
190.77777777777777,-0.2,4.207055236082017,360,0.92,2.0,9,34,1173
269.33333333333337,0.9,4.4,360,0.9,2.0,10,34,1174
538.6666666666667,2.1,4.565685424949238,360,0.8,3.0,11,34,1175
594.7777777777778,2.8,4.692820323027551,360,0.75,3.0,12,34,1176
751.8888888888888,3.9,4.772740661031254,360,0.66,4.0,13,34,1177
897.7777777777778,4.5,4.8,360,0.65,5.0,14,34,1178
527.4444444444445,3.4,4.772740661031254,360,0.74,6.0,15,34,1179
202.0,2.5,4.692820323027551,360,0.8,6.0,16,34,1180
44.888888888888886,1.7,4.565685424949238,360,0.88,5.0,17,34,1181
0.0,1.0,4.4,360,0.94,4.0,18,34,1182
0.0,0.5,4.207055236082017,360,0.96,3.0,19,34,1183
0.0,-0.4,4.0,360,0.98,4.0,20,34,1184
0.0,-0.8,3.7929447639179834,360,0.99,4.0,21,34,1185
0.0,0.0,3.6,360,1.0,6.0,22,34,1186
0.0,-0.4,3.434314575050762,360,1.0,7.0,23,34,1187
0.0,-0.7,3.3071796769724493,360,1.0,6.0,24,34,1188
0.0,-0.8,3.408518543427733,360,1.0,6.0,1,35,1189
0.0,-0.9,3.4,360,1.0,5.0,2,35,1190
0.0,-1.0,3.408518543427733,360,1.0,6.0,3,35,1191
0.0,-1.0,3.43349364905389,360,1.0,7.0,4,35,1192
0.0,-1.0,3.473223304703363,360,1.0,8.0,5,35,1193
0.0,-1.1,3.525,360,1.0,8.0,6,35,1194
0.0,-1.1,3.58529523872437,360,1.0,6.0,7,35,1195
22.444444444444443,-0.6,3.65,360,1.0,8.0,8,35,1196
145.88888888888889,0.1,3.7147047612756303,360,0.99,9.0,9,35,1197
325.44444444444446,0.4,3.775,360,0.99,9.0,10,35,1198
493.7777777777778,1.1,3.826776695296637,360,0.94,10.0,11,35,1199
359.1111111111111,1.4,3.8665063509461097,360,0.89,11.0,12,35,1200
695.7777777777778,2.8,3.891481456572267,360,0.84,10.0,13,35,1201
381.55555555555554,2.4,3.9,360,0.81,10.0,14,35,1202
415.2222222222223,2.1,3.891481456572267,360,0.8,12.0,15,35,1203
190.77777777777777,1.6,3.8665063509461097,360,0.82,12.0,16,35,1204
101.0,1.1,3.826776695296637,360,0.81,9.0,17,35,1205
0.0,0.4,3.775,360,0.84,6.0,18,35,1206
0.0,0.1,3.7147047612756303,360,0.84,8.0,19,35,1207
0.0,-0.2,3.65,360,0.88,6.0,20,35,1208
0.0,-0.1,3.58529523872437,360,0.87,7.0,21,35,1209
0.0,-0.3,3.525,360,0.89,8.0,22,35,1210
0.0,-0.8,3.473223304703363,360,0.93,8.0,23,35,1211
0.0,-0.6,3.43349364905389,360,0.96,8.0,24,35,1212
0.0,-0.6,2.5187407955410124,360,0.99,7.0,1,36,1213
0.0,-1.0,2.5,360,1.0,6.0,2,36,1214
0.0,-0.9,2.518740795541012,360,1.0,8.0,3,36,1215
0.0,-0.6,2.5736860279185585,360,1.0,7.0,4,36,1216
0.0,-0.3,2.6610912703473986,360,1.0,8.0,5,36,1217
0.0,-0.1,2.7749999999999995,360,1.0,6.0,6,36,1218
0.0,0.0,2.9076495251936136,360,0.99,8.0,7,36,1219
22.444444444444443,0.1,3.05,360,0.96,8.0,8,36,1220
123.44444444444446,0.3,3.1923504748063865,360,0.96,8.0,9,36,1221
168.33333333333331,0.7,3.3249999999999997,360,0.89,9.0,10,36,1222
370.33333333333337,1.1,3.438908729652601,360,0.83,10.0,11,36,1223
830.4444444444446,2.7,3.526313972081441,360,0.74,9.0,12,36,1224
774.3333333333333,3.0,3.5812592044589877,360,0.71,10.0,13,36,1225
785.5555555555557,3.3,3.5999999999999996,360,0.68,10.0,14,36,1226
650.8888888888889,3.3,3.5812592044589877,360,0.64,10.0,15,36,1227
291.77777777777777,2.6,3.526313972081441,360,0.66,9.0,16,36,1228
67.33333333333334,2.0,3.438908729652601,360,0.69,8.0,17,36,1229
0.0,1.0,3.3249999999999997,360,0.74,6.0,18,36,1230
0.0,0.7,3.1923504748063865,360,0.76,6.0,19,36,1231
0.0,-0.5,3.05,360,0.85,6.0,20,36,1232
0.0,-0.1,2.9076495251936136,360,0.87,8.0,21,36,1233
0.0,-0.5,2.775,360,0.9,10.0,22,36,1234
0.0,-0.6,2.6610912703473986,360,0.88,11.0,23,36,1235
0.0,-0.6,2.5736860279185585,360,0.86,10.0,24,36,1236
0.0,-1.0,2.1051111260566397,360,0.83,12.0,1,37,1237
0.0,-1.3,2.1,360,0.85,11.0,2,37,1238
0.0,-1.2,2.1051111260566397,360,0.81,12.0,3,37,1239
0.0,-1.2,2.120096189432334,360,0.8,11.0,4,37,1240
0.0,-1.3,2.143933982822018,360,0.81,12.0,5,37,1241
0.0,-1.2,2.175,360,0.83,12.0,6,37,1242
0.0,-1.1,2.211177143234622,360,0.83,12.0,7,37,1243
11.222222222222221,-1.0,2.25,360,0.82,11.0,8,37,1244
56.111111111111114,-0.9,2.288822856765378,360,0.83,10.0,9,37,1245
134.66666666666669,-0.8,2.325,360,0.82,10.0,10,37,1246
235.66666666666669,-0.6,2.356066017177982,360,0.81,11.0,11,37,1247
202.0,-0.8,2.3799038105676655,360,0.84,10.0,12,37,1248
235.66666666666669,-0.8,2.3948888739433603,360,0.83,12.0,13,37,1249
235.66666666666669,-0.4,2.4,360,0.81,12.0,14,37,1250
224.44444444444446,0.2,2.3948888739433603,360,0.8,10.0,15,37,1251
134.66666666666669,0.9,2.3799038105676655,360,0.78,9.0,16,37,1252
56.111111111111114,1.0,2.356066017177982,360,0.77,10.0,17,37,1253
0.0,0.5,2.325,360,0.81,10.0,18,37,1254
0.0,0.2,2.288822856765378,360,0.82,10.0,19,37,1255
0.0,0.0,2.25,360,0.82,10.0,20,37,1256
0.0,-0.7,2.211177143234622,360,0.86,8.0,21,37,1257
0.0,-1.8,2.1750000000000003,360,0.89,8.0,22,37,1258
0.0,-2.2,2.143933982822018,360,0.9,8.0,23,37,1259
0.0,-2.5,2.1200961894323345,360,0.91,8.0,24,37,1260
0.0,-2.4,1.5136296694843727,360,0.91,8.0,1,38,1261
0.0,-2.1,1.5,360,0.88,8.0,2,38,1262
0.0,-2.3,1.5136296694843727,360,0.88,7.0,3,38,1263
0.0,-2.5,1.5535898384862246,360,0.88,8.0,4,38,1264
0.0,-2.4,1.6171572875253808,360,0.88,7.0,5,38,1265
0.0,-1.9,1.6999999999999997,360,0.84,8.0,6,38,1266
0.0,-2.1,1.7964723819589916,360,0.84,7.0,7,38,1267
33.66666666666667,-2.3,1.9,360,0.84,8.0,8,38,1268
224.44444444444446,-1.5,2.003527618041008,360,0.82,7.0,9,38,1269
505.0,-0.3,2.1,360,0.76,8.0,10,38,1270
740.6666666666667,0.8,2.182842712474619,360,0.72,8.0,11,38,1271
897.7777777777778,2.0,2.2464101615137753,360,0.7,8.0,12,38,1272
953.8888888888889,2.0,2.286370330515627,360,0.67,8.0,13,38,1273
852.8888888888889,2.6,2.3,360,0.65,9.0,14,38,1274
695.7777777777778,2.7,2.286370330515627,360,0.65,10.0,15,38,1275
426.44444444444446,2.5,2.2464101615137753,360,0.62,10.0,16,38,1276
134.66666666666669,1.3,2.182842712474619,360,0.68,9.0,17,38,1277
0.0,-0.3,2.1,360,0.76,6.0,18,38,1278
0.0,-0.4,2.003527618041008,360,0.78,4.0,19,38,1279
0.0,-0.5,1.9,360,0.79,4.0,20,38,1280
0.0,-0.7,1.7964723819589916,360,0.79,5.0,21,38,1281
0.0,-0.1,1.7,360,0.77,8.0,22,38,1282
0.0,-0.5,1.617157287525381,360,0.79,7.0,23,38,1283
0.0,-0.3,1.5535898384862246,360,0.79,8.0,24,38,1284
0.0,-0.3,1.6340741737109319,360,0.82,10.0,1,39,1285
0.0,-0.5,1.6,360,0.91,9.0,2,39,1286
0.0,0.1,1.6340741737109319,360,0.95,10.0,3,39,1287
0.0,0.9,1.7339745962155613,360,0.95,9.0,4,39,1288
0.0,1.3,1.8928932188134522,360,0.99,9.0,5,39,1289
0.0,1.8,2.0999999999999996,360,0.97,7.0,6,39,1290
0.0,2.3,2.3411809548974793,360,0.96,7.0,7,39,1291
22.444444444444443,2.7,2.6,360,0.95,7.0,8,39,1292
89.77777777777777,3.1,2.858819045102521,360,0.96,8.0,9,39,1293
336.66666666666663,4.3,3.1,360,0.9,8.0,10,39,1294
482.5555555555556,5.4,3.3071067811865476,360,0.84,10.0,11,39,1295
448.8888888888889,5.9,3.466025403784439,360,0.78,12.0,12,39,1296
347.8888888888889,6.3,3.5659258262890683,360,0.74,12.0,13,39,1297
336.66666666666663,6.5,3.6,360,0.75,12.0,14,39,1298
493.7777777777778,6.5,3.5659258262890683,360,0.79,11.0,15,39,1299
235.66666666666669,5.9,3.466025403784439,360,0.77,12.0,16,39,1300
67.33333333333334,5.5,3.3071067811865476,360,0.73,12.0,17,39,1301
0.0,5.2,3.1,360,0.72,10.0,18,39,1302
0.0,4.6,2.858819045102521,360,0.76,9.0,19,39,1303
0.0,3.5,2.6,360,0.81,6.0,20,39,1304
0.0,2.7,2.3411809548974793,360,0.85,7.0,21,39,1305
0.0,1.0,2.1000000000000005,360,0.91,6.0,22,39,1306
0.0,1.1,1.8928932188134526,360,0.91,5.0,23,39,1307
0.0,0.6,1.7339745962155613,360,0.94,5.0,24,39,1308
0.0,0.3,2.134074173710932,360,0.96,6.0,1,40,1309
0.0,0.3,2.0999999999999996,360,0.97,6.0,2,40,1310
0.0,0.3,2.1340741737109314,360,0.98,8.0,3,40,1311
0.0,-0.1,2.2339745962155613,360,0.99,8.0,4,40,1312
0.0,-0.2,2.3928932188134517,360,1.0,7.0,5,40,1313
0.0,-0.5,2.599999999999999,360,1.0,8.0,6,40,1314
0.0,-0.6,2.841180954897479,360,1.0,6.0,7,40,1315
56.111111111111114,-0.3,3.0999999999999996,360,1.0,5.0,8,40,1316
291.77777777777777,1.4,3.3588190451025204,360,0.94,6.0,9,40,1317
583.5555555555555,3.4,3.5999999999999996,360,0.83,6.0,10,40,1318
808.0,4.8,3.807106781186547,360,0.74,7.0,11,40,1319
953.8888888888889,6.2,3.966025403784438,360,0.67,7.0,12,40,1320
987.5555555555557,7.1,4.065925826289067,360,0.64,6.0,13,40,1321
920.2222222222223,7.3,4.1,360,0.62,7.0,14,40,1322
729.4444444444443,7.7,4.065925826289067,360,0.6,7.0,15,40,1323
460.11111111111114,7.2,3.966025403784438,360,0.65,7.0,16,40,1324
168.33333333333331,5.6,3.807106781186547,360,0.7,6.0,17,40,1325
0.0,3.0,3.5999999999999996,360,0.81,4.0,18,40,1326
0.0,1.7,3.3588190451025204,360,0.86,2.0,19,40,1327
0.0,1.5,3.0999999999999996,360,0.9,2.0,20,40,1328
0.0,1.0,2.841180954897479,360,0.92,2.0,21,40,1329
0.0,1.0,2.6,360,0.9,1.0,22,40,1330
0.0,0.9,2.392893218813452,360,0.92,3.0,23,40,1331
0.0,0.8,2.2339745962155613,360,0.97,4.0,24,40,1332
0.0,0.6,2.4340741737109317,360,1.0,5.0,1,41,1333
0.0,0.4,2.4000000000000004,360,1.0,6.0,2,41,1334
0.0,-0.1,2.4340741737109317,360,1.0,5.0,3,41,1335
0.0,0.8,2.533974596215561,360,1.0,5.0,4,41,1336
0.0,1.6,2.6928932188134524,360,1.0,10.0,5,41,1337
0.0,1.5,2.9,360,0.99,8.0,6,41,1338
0.0,1.6,3.1411809548974796,360,0.98,8.0,7,41,1339
11.222222222222221,1.6,3.4000000000000004,360,0.98,8.0,8,41,1340
78.55555555555554,1.6,3.658819045102521,360,0.97,8.0,9,41,1341
134.66666666666669,2.0,3.9000000000000004,360,0.96,8.0,10,41,1342
370.33333333333337,2.8,4.107106781186548,360,0.9,9.0,11,41,1343
1122.2222222222222,5.1,4.26602540378444,360,0.83,8.0,12,41,1344
953.8888888888889,5.3,4.365925826289069,360,0.81,8.0,13,41,1345
931.4444444444445,6.9,4.4,360,0.76,7.0,14,41,1346
763.1111111111111,7.3,4.365925826289069,360,0.72,8.0,15,41,1347
482.5555555555556,7.0,4.26602540378444,360,0.74,8.0,16,41,1348
179.55555555555554,5.5,4.107106781186548,360,0.8,7.0,17,41,1349
0.0,4.1,3.9000000000000004,360,0.86,7.0,18,41,1350
0.0,3.6,3.658819045102521,360,0.88,6.0,19,41,1351
0.0,3.2,3.4000000000000004,360,0.89,6.0,20,41,1352
0.0,2.5,3.1411809548974796,360,0.9,5.0,21,41,1353
0.0,1.0,2.9000000000000004,360,0.95,4.0,22,41,1354
0.0,0.6,2.692893218813453,360,0.97,4.0,23,41,1355
0.0,0.4,2.5339745962155615,360,0.98,3.0,24,41,1356
0.0,-0.6,2.042592717138665,360,1.0,2.0,1,42,1357
0.0,-0.6,2.0,360,1.0,2.0,2,42,1358
0.0,-1.5,2.042592717138665,360,1.0,2.0,3,42,1359
0.0,-1.6,2.1674682452694514,360,1.0,2.0,4,42,1360
0.0,-1.9,2.366116523516815,360,1.0,1.0,5,42,1361
0.0,-2.6,2.6249999999999996,360,1.0,1.0,6,42,1362
0.0,-2.8,2.9264761936218493,360,1.0,1.0,7,42,1363
89.77777777777777,-1.7,3.25,360,1.0,1.0,8,42,1364
370.33333333333337,0.3,3.5735238063781507,360,1.0,1.0,9,42,1365
729.4444444444443,4.2,3.875,360,0.89,2.0,10,42,1366
852.8888888888889,6.3,4.133883476483184,360,0.78,2.0,11,42,1367
998.7777777777778,8.0,4.332531754730549,360,0.73,4.0,12,42,1368
1021.2222222222222,9.8,4.457407282861335,360,0.64,4.0,13,42,1369
942.6666666666667,10.6,4.5,360,0.63,5.0,14,42,1370
763.1111111111111,11.3,4.457407282861335,360,0.57,4.0,15,42,1371
482.5555555555556,10.9,4.332531754730549,360,0.58,4.0,16,42,1372
179.55555555555554,9.8,4.133883476483184,360,0.64,2.0,17,42,1373
0.0,3.7,3.875,360,0.9,1.0,18,42,1374
0.0,2.7,3.5735238063781507,360,0.93,0.0,19,42,1375
0.0,1.3,3.25,360,0.97,1.0,20,42,1376
0.0,1.1,2.9264761936218493,360,0.99,1.0,21,42,1377
0.0,0.0,2.625,360,1.0,1.0,22,42,1378
0.0,-0.4,2.3661165235168156,360,1.0,0.0,23,42,1379
0.0,-0.8,2.1674682452694514,360,1.0,0.0,24,42,1380
0.0,-0.4,2.3511112605663973,360,1.0,0.0,1,43,1381
0.0,-1.2,2.3,360,1.0,0.0,2,43,1382
0.0,-1.3,2.3511112605663973,360,1.0,0.0,3,43,1383
0.0,-0.6,2.500961894323342,360,1.0,0.0,4,43,1384
0.0,-1.1,2.739339828220178,360,1.0,0.0,5,43,1385
0.0,-1.4,3.049999999999999,360,1.0,1.0,6,43,1386
0.0,-1.5,3.4117714323462187,360,1.0,1.0,7,43,1387
33.66666666666667,-0.4,3.8,360,1.0,1.0,8,43,1388
145.88888888888889,1.1,4.1882285676537805,360,1.0,1.0,9,43,1389
370.33333333333337,3.9,4.55,360,0.97,3.0,10,43,1390
740.6666666666667,8.4,4.860660171779822,360,0.8,3.0,11,43,1391
852.8888888888889,11.4,5.099038105676658,360,0.63,3.0,12,43,1392
909.0,11.9,5.248888739433602,360,0.58,4.0,13,43,1393
808.0,11.5,5.3,360,0.55,4.0,14,43,1394
347.8888888888889,11.0,5.248888739433602,360,0.67,5.0,15,43,1395
145.88888888888889,9.5,5.099038105676658,360,0.7,6.0,16,43,1396
89.77777777777777,8.4,4.860660171779822,360,0.72,2.0,17,43,1397
0.0,5.9,4.55,360,0.86,0.0,18,43,1398
0.0,5.3,4.1882285676537805,360,0.87,1.0,19,43,1399
0.0,5.1,3.8,360,0.88,2.0,20,43,1400
0.0,5.4,3.4117714323462187,360,0.88,3.0,21,43,1401
0.0,6.1,3.0500000000000003,360,0.87,0.0,22,43,1402
0.0,5.5,2.739339828220179,360,0.9,0.0,23,43,1403
0.0,6.1,2.500961894323342,360,0.9,0.0,24,43,1404
0.0,5.2,4.034074173710932,360,0.93,0.0,1,44,1405
0.0,5.0,4.0,360,0.97,0.0,2,44,1406
0.0,5.3,4.034074173710931,360,0.97,0.0,3,44,1407
0.0,5.2,4.133974596215561,360,0.97,0.0,4,44,1408
0.0,5.3,4.292893218813452,360,0.97,0.0,5,44,1409
0.0,5.8,4.5,360,0.96,1.0,6,44,1410
0.0,5.5,4.741180954897479,360,0.96,6.0,7,44,1411
67.33333333333334,5.9,5.0,360,0.94,9.0,8,44,1412
157.1111111111111,6.6,5.258819045102521,360,0.93,9.0,9,44,1413
549.8888888888889,8.5,5.5,360,0.88,10.0,10,44,1414
864.1111111111111,9.4,5.707106781186548,360,0.85,11.0,11,44,1415
875.3333333333334,10.9,5.866025403784438,360,0.78,11.0,12,44,1416
830.4444444444446,11.5,5.965925826289069,360,0.76,13.0,13,44,1417
179.55555555555554,10.1,6.0,360,0.81,11.0,14,44,1418
78.55555555555554,8.5,5.965925826289069,360,0.93,10.0,15,44,1419
56.111111111111114,7.3,5.866025403784438,360,0.98,11.0,16,44,1420
11.222222222222221,7.0,5.707106781186548,360,0.99,11.0,17,44,1421
11.222222222222221,7.3,5.5,360,0.99,10.0,18,44,1422
0.0,7.1,5.258819045102521,360,1.0,8.0,19,44,1423
0.0,7.5,5.0,360,1.0,8.0,20,44,1424
0.0,7.5,4.741180954897479,360,1.0,9.0,21,44,1425
0.0,7.2,4.5,360,1.0,8.0,22,44,1426
0.0,6.9,4.292893218813452,360,1.0,6.0,23,44,1427
0.0,6.8,4.133974596215562,360,1.0,8.0,24,44,1428
0.0,6.2,5.522148212912106,360,0.99,7.0,1,45,1429
0.0,5.9,5.5,360,1.0,8.0,2,45,1430
0.0,6.1,5.522148212912106,360,1.0,6.0,3,45,1431
0.0,6.3,5.587083487540115,360,1.0,8.0,4,45,1432
0.0,6.0,5.6903805922287445,360,1.0,7.0,5,45,1433
0.0,6.1,5.825,360,1.0,9.0,6,45,1434
0.0,5.4,5.981767620683362,360,1.0,10.0,7,45,1435
11.222222222222221,5.0,6.15,360,1.0,6.0,8,45,1436
168.33333333333331,5.7,6.318232379316639,360,1.0,7.0,9,45,1437
516.2222222222223,7.7,6.4750000000000005,360,0.94,8.0,10,45,1438
572.3333333333333,8.7,6.609619407771256,360,0.93,8.0,11,45,1439
471.33333333333337,9.1,6.712916512459885,360,0.86,10.0,12,45,1440
392.7777777777778,9.1,6.7778517870878945,360,0.89,8.0,13,45,1441
505.0,10.0,6.800000000000001,360,0.9,9.0,14,45,1442
291.77777777777777,7.9,6.7778517870878945,360,0.9,9.0,15,45,1443
280.55555555555554,8.2,6.712916512459885,360,0.92,8.0,16,45,1444
123.44444444444446,7.6,6.609619407771256,360,0.96,6.0,17,45,1445
11.222222222222221,7.1,6.4750000000000005,360,0.99,9.0,18,45,1446
0.0,6.5,6.318232379316639,360,1.0,7.0,19,45,1447
0.0,6.0,6.15,360,1.0,6.0,20,45,1448
0.0,5.5,5.981767620683362,360,1.0,4.0,21,45,1449
0.0,5.5,5.825,360,1.0,4.0,22,45,1450
0.0,4.9,5.6903805922287445,360,1.0,3.0,23,45,1451
0.0,3.7,5.587083487540116,360,1.0,2.0,24,45,1452
0.0,3.6,5.322148212912105,360,1.0,2.0,1,46,1453
0.0,3.1,5.299999999999999,360,1.0,2.0,2,46,1454
0.0,3.5,5.322148212912105,360,1.0,2.0,3,46,1455
0.0,2.7,5.387083487540114,360,1.0,2.0,4,46,1456
0.0,2.7,5.490380592228743,360,1.0,2.0,5,46,1457
0.0,2.6,5.624999999999999,360,1.0,3.0,6,46,1458
0.0,2.9,5.781767620683361,360,1.0,2.0,7,46,1459
33.66666666666667,3.9,5.949999999999999,360,1.0,1.0,8,46,1460
112.22222222222223,4.6,6.1182323793166375,360,1.0,3.0,9,46,1461
258.11111111111114,5.4,6.2749999999999995,360,1.0,4.0,10,46,1462
347.8888888888889,6.3,6.409619407771255,360,0.98,4.0,11,46,1463
460.11111111111114,6.9,6.512916512459884,360,0.94,5.0,12,46,1464
258.11111111111114,6.9,6.577851787087893,360,0.92,5.0,13,46,1465
179.55555555555554,6.6,6.6,360,0.94,5.0,14,46,1466
381.55555555555554,7.3,6.577851787087893,360,0.87,5.0,15,46,1467
190.77777777777777,7.1,6.512916512459884,360,0.9,4.0,16,46,1468
78.55555555555554,6.2,6.409619407771255,360,0.94,6.0,17,46,1469
11.222222222222221,5.2,6.2749999999999995,360,0.99,3.0,18,46,1470
0.0,5.4,6.1182323793166375,360,1.0,3.0,19,46,1471
0.0,5.4,5.949999999999999,360,0.98,3.0,20,46,1472
0.0,3.4,5.781767620683361,360,1.0,1.0,21,46,1473
0.0,2.7,5.624999999999999,360,1.0,1.0,22,46,1474
0.0,3.7,5.490380592228743,360,1.0,1.0,23,46,1475
0.0,2.8,5.387083487540115,360,1.0,2.0,24,46,1476
0.0,0.3,4.040889008453118,360,1.0,0.0,1,47,1477
0.0,0.1,4.0,360,1.0,1.0,2,47,1478
0.0,-1.0,4.040889008453118,360,1.0,1.0,3,47,1479
0.0,-0.4,4.160769515458673,360,1.0,2.0,4,47,1480
0.0,-0.9,4.351471862576142,360,1.0,2.0,5,47,1481
0.0,-0.3,4.6,360,1.0,2.0,6,47,1482
0.0,-0.6,4.889417145876975,360,1.0,2.0,7,47,1483
67.33333333333334,-0.1,5.2,360,1.0,2.0,8,47,1484
246.8888888888889,1.8,5.510582854123025,360,1.0,4.0,9,47,1485
392.7777777777778,3.5,5.800000000000001,360,1.0,4.0,10,47,1486
460.11111111111114,4.3,6.048528137423857,360,1.0,4.0,11,47,1487
729.4444444444443,6.6,6.239230484541327,360,1.0,6.0,12,47,1488
774.3333333333333,8.0,6.359110991546882,360,0.94,6.0,13,47,1489
718.2222222222222,8.0,6.4,360,0.91,6.0,14,47,1490
482.5555555555556,7.9,6.359110991546882,360,0.92,5.0,15,47,1491
213.22222222222223,7.6,6.239230484541327,360,0.94,5.0,16,47,1492
44.888888888888886,7.2,6.048528137423857,360,0.95,3.0,17,47,1493
11.222222222222221,7.0,5.800000000000001,360,0.96,2.0,18,47,1494
0.0,6.6,5.510582854123025,360,0.97,2.0,19,47,1495
0.0,6.1,5.2,360,0.99,1.0,20,47,1496
0.0,5.8,4.889417145876975,360,1.0,0.0,21,47,1497
0.0,5.8,4.6000000000000005,360,1.0,2.0,22,47,1498
0.0,5.8,4.351471862576143,360,1.0,2.0,23,47,1499
0.0,5.5,4.160769515458673,360,1.0,3.0,24,47,1500
0.0,5.6,5.717037086855466,360,1.0,5.0,1,48,1501
0.0,5.7,5.7,360,1.0,6.0,2,48,1502
0.0,5.5,5.717037086855466,360,1.0,6.0,3,48,1503
0.0,5.6,5.7669872981077805,360,1.0,6.0,4,48,1504
0.0,5.6,5.846446609406726,360,1.0,7.0,5,48,1505
0.0,5.3,5.95,360,1.0,7.0,6,48,1506
0.0,4.6,6.07059047744874,360,1.0,8.0,7,48,1507
44.888888888888886,4.1,6.2,360,1.0,7.0,8,48,1508
190.77777777777777,4.7,6.329409522551261,360,1.0,8.0,9,48,1509
370.33333333333337,5.3,6.45,360,0.94,8.0,10,48,1510
448.8888888888889,6.3,6.553553390593274,360,0.9,9.0,11,48,1511
639.6666666666667,6.8,6.63301270189222,360,0.86,10.0,12,48,1512
493.7777777777778,6.7,6.682962913144534,360,0.83,9.0,13,48,1513
448.8888888888889,7.5,6.7,360,0.81,8.0,14,48,1514
291.77777777777777,7.5,6.682962913144534,360,0.81,8.0,15,48,1515
258.11111111111114,7.3,6.63301270189222,360,0.78,8.0,16,48,1516
67.33333333333334,7.0,6.553553390593274,360,0.81,5.0,17,48,1517
11.222222222222221,6.8,6.45,360,0.81,4.0,18,48,1518
0.0,6.6,6.329409522551261,360,0.83,5.0,19,48,1519
0.0,6.5,6.2,360,0.83,7.0,20,48,1520
0.0,6.0,6.07059047744874,360,0.82,6.0,21,48,1521
0.0,5.3,5.95,360,0.87,5.0,22,48,1522
0.0,4.6,5.846446609406726,360,0.87,5.0,23,48,1523
0.0,3.8,5.7669872981077805,360,0.9,5.0,24,48,1524
0.0,4.5,5.425555630283199,360,0.9,6.0,1,49,1525
0.0,4.3,5.4,360,0.91,6.0,2,49,1526
0.0,3.4,5.425555630283199,360,0.94,6.0,3,49,1527
0.0,3.3,5.500480947161671,360,0.97,4.0,4,49,1528
0.0,3.6,5.619669914110089,360,0.98,4.0,5,49,1529
0.0,3.9,5.775,360,0.98,6.0,6,49,1530
0.0,3.7,5.95588571617311,360,0.99,6.0,7,49,1531
44.888888888888886,3.6,6.15,360,0.99,4.0,8,49,1532
190.77777777777777,4.1,6.344114283826891,360,0.97,5.0,9,49,1533
516.2222222222223,5.9,6.525,360,0.9,6.0,10,49,1534
718.2222222222222,6.6,6.680330085889911,360,0.89,6.0,11,49,1535
650.8888888888889,6.5,6.799519052838329,360,0.87,8.0,12,49,1536
572.3333333333333,7.1,6.874444369716802,360,0.84,7.0,13,49,1537
628.4444444444443,6.9,6.9,360,0.83,7.0,14,49,1538
370.33333333333337,7.4,6.874444369716802,360,0.8,6.0,15,49,1539
381.55555555555554,7.2,6.799519052838329,360,0.79,6.0,16,49,1540
157.1111111111111,6.0,6.680330085889911,360,0.83,5.0,17,49,1541
11.222222222222221,3.6,6.525,360,0.91,4.0,18,49,1542
0.0,2.8,6.344114283826891,360,0.94,2.0,19,49,1543
0.0,2.4,6.15,360,0.98,1.0,20,49,1544
0.0,0.8,5.95588571617311,360,0.98,2.0,21,49,1545
0.0,0.9,5.775,360,1.0,1.0,22,49,1546
0.0,-0.3,5.61966991411009,360,1.0,0.0,23,49,1547
0.0,-0.4,5.500480947161671,360,1.0,2.0,24,49,1548
0.0,-1.0,3.734074173710932,360,1.0,1.0,1,50,1549
0.0,-2.1,3.7,360,1.0,1.0,2,50,1550
0.0,-1.8,3.734074173710932,360,1.0,1.0,3,50,1551
0.0,-2.3,3.8339745962155614,360,1.0,0.0,4,50,1552
0.0,-2.2,3.9928932188134523,360,1.0,1.0,5,50,1553
0.0,-1.1,4.199999999999999,360,1.0,1.0,6,50,1554
0.0,-0.6,4.441180954897479,360,1.0,1.0,7,50,1555
22.444444444444443,-0.1,4.7,360,1.0,2.0,8,50,1556
101.0,1.2,4.958819045102521,360,1.0,2.0,9,50,1557
213.22222222222223,3.7,5.2,360,1.0,3.0,10,50,1558
291.77777777777777,4.1,5.407106781186548,360,0.98,5.0,11,50,1559
370.33333333333337,5.4,5.5660254037844386,360,0.94,5.0,12,50,1560
471.33333333333337,6.9,5.665925826289069,360,0.86,5.0,13,50,1561
381.55555555555554,7.4,5.7,360,0.86,6.0,14,50,1562
213.22222222222223,7.5,5.665925826289069,360,0.82,6.0,15,50,1563
134.66666666666669,7.5,5.5660254037844386,360,0.83,4.0,16,50,1564
78.55555555555554,7.4,5.407106781186548,360,0.83,4.0,17,50,1565
11.222222222222221,5.4,5.2,360,0.92,2.0,18,50,1566
0.0,3.8,4.958819045102521,360,0.91,2.0,19,50,1567
0.0,2.1,4.7,360,0.99,1.0,20,50,1568
0.0,2.2,4.441180954897479,360,1.0,2.0,21,50,1569
0.0,3.4,4.2,360,0.99,2.0,22,50,1570
0.0,4.5,3.9928932188134527,360,0.94,3.0,23,50,1571
0.0,4.4,3.8339745962155614,360,0.93,5.0,24,50,1572
0.0,4.2,4.627259338968745,360,0.94,5.0,1,51,1573
0.0,4.0,4.6,360,0.96,6.0,2,51,1574
0.0,4.0,4.627259338968745,360,1.0,6.0,3,51,1575
0.0,3.7,4.707179676972449,360,1.0,7.0,4,51,1576
0.0,4.5,4.834314575050762,360,1.0,8.0,5,51,1577
0.0,4.8,5.0,360,1.0,8.0,6,51,1578
0.0,5.0,5.192944763917984,360,1.0,8.0,7,51,1579
56.111111111111114,5.6,5.4,360,0.99,8.0,8,51,1580
134.66666666666669,6.3,5.607055236082017,360,0.97,8.0,9,51,1581
325.44444444444446,6.9,5.800000000000001,360,0.96,9.0,10,51,1582
426.44444444444446,7.9,5.965685424949239,360,0.97,11.0,11,51,1583
381.55555555555554,7.8,6.092820323027551,360,0.98,10.0,12,51,1584
190.77777777777777,7.8,6.172740661031256,360,0.99,11.0,13,51,1585
112.22222222222223,7.5,6.200000000000001,360,0.99,10.0,14,51,1586
112.22222222222223,7.4,6.172740661031256,360,1.0,9.0,15,51,1587
33.66666666666667,7.2,6.092820323027551,360,1.0,10.0,16,51,1588
33.66666666666667,7.3,5.965685424949239,360,1.0,10.0,17,51,1589
11.222222222222221,7.2,5.800000000000001,360,1.0,11.0,18,51,1590
0.0,7.0,5.607055236082017,360,1.0,10.0,19,51,1591
0.0,6.7,5.4,360,1.0,7.0,20,51,1592
0.0,6.5,5.192944763917984,360,1.0,6.0,21,51,1593
0.0,5.8,5.0,360,1.0,6.0,22,51,1594
0.0,5.6,4.834314575050763,360,1.0,4.0,23,51,1595
0.0,5.0,4.70717967697245,360,1.0,2.0,24,51,1596
0.0,4.9,5.027259338968745,360,1.0,2.0,1,52,1597
0.0,4.3,5.0,360,1.0,2.0,2,52,1598
0.0,3.4,5.027259338968745,360,1.0,2.0,3,52,1599
0.0,2.4,5.107179676972449,360,1.0,3.0,4,52,1600
0.0,1.6,5.234314575050762,360,1.0,3.0,5,52,1601
0.0,1.3,5.3999999999999995,360,1.0,3.0,6,52,1602
0.0,1.7,5.592944763917983,360,1.0,4.0,7,52,1603
22.444444444444443,2.2,5.8,360,1.0,4.0,8,52,1604
314.2222222222222,4.0,6.007055236082016,360,1.0,5.0,9,52,1605
471.33333333333337,5.1,6.2,360,1.0,6.0,10,52,1606
549.8888888888889,6.0,6.365685424949238,360,0.95,6.0,11,52,1607
684.5555555555557,6.8,6.4928203230275505,360,0.9,6.0,12,52,1608
347.8888888888889,4.2,6.572740661031254,360,0.92,10.0,13,52,1609
673.3333333333333,6.3,6.6,360,0.76,8.0,14,52,1610
965.1111111111112,7.6,6.572740661031254,360,0.67,9.0,15,52,1611
718.2222222222222,7.2,6.4928203230275505,360,0.67,9.0,16,52,1612
235.66666666666669,5.8,6.365685424949238,360,0.73,7.0,17,52,1613
11.222222222222221,4.0,6.2,360,0.8,6.0,18,52,1614
0.0,2.8,6.007055236082016,360,0.87,2.0,19,52,1615
0.0,2.8,5.8,360,0.88,4.0,20,52,1616
0.0,1.9,5.592944763917983,360,0.93,2.0,21,52,1617
0.0,1.1,5.4,360,0.97,2.0,22,52,1618
0.0,1.0,5.234314575050762,360,0.97,2.0,23,52,1619
0.0,0.5,5.107179676972449,360,0.99,1.0,24,52,1620
0.0,-0.3,3.347703843195304,360,1.0,0.0,1,53,1621
0.0,-0.4,3.2999999999999994,360,1.0,2.0,2,53,1622
0.0,-0.1,3.347703843195304,360,1.0,2.0,3,53,1623
0.0,-1.3,3.487564434701785,360,1.0,2.0,4,53,1624
0.0,-1.9,3.710050506338832,360,1.0,1.0,5,53,1625
0.0,-0.9,3.9999999999999987,360,1.0,1.0,6,53,1626
11.222222222222221,-2.7,4.33765333685647,360,1.0,1.0,7,53,1627
246.8888888888889,-0.5,4.699999999999999,360,1.0,2.0,8,53,1628
606.0,1.8,5.062346663143528,360,0.99,2.0,9,53,1629
740.6666666666667,4.1,5.3999999999999995,360,0.91,2.0,10,53,1630
953.8888888888889,5.6,5.689949493661166,360,0.86,3.0,11,53,1631
1144.6666666666665,6.8,5.912435565298214,360,0.77,4.0,12,53,1632
1043.6666666666665,7.0,6.052296156804695,360,0.73,5.0,13,53,1633
909.0,8.4,6.1,360,0.66,8.0,14,53,1634
751.8888888888888,7.8,6.052296156804695,360,0.65,6.0,15,53,1635
426.44444444444446,7.2,5.912435565298214,360,0.71,6.0,16,53,1636
168.33333333333331,6.8,5.689949493661166,360,0.73,6.0,17,53,1637
11.222222222222221,6.2,5.3999999999999995,360,0.79,4.0,18,53,1638
0.0,6.2,5.062346663143528,360,0.77,6.0,19,53,1639
0.0,5.9,4.699999999999999,360,0.83,6.0,20,53,1640
0.0,6.1,4.33765333685647,360,0.88,9.0,21,53,1641
0.0,5.7,3.9999999999999996,360,0.99,10.0,22,53,1642
0.0,5.9,3.710050506338833,360,1.0,11.0,23,53,1643
0.0,6.1,3.487564434701785,360,1.0,10.0,24,53,1644
0.0,6.6,5.740889008453118,360,1.0,10.0,1,54,1645
0.0,7.4,5.700000000000001,360,1.0,10.0,2,54,1646
0.0,8.3,5.740889008453118,360,1.0,8.0,3,54,1647
0.0,9.6,5.860769515458674,360,1.0,8.0,4,54,1648
0.0,9.9,6.051471862576143,360,1.0,9.0,5,54,1649
0.0,10.2,6.3,360,1.0,8.0,6,54,1650
0.0,10.2,6.5894171458769755,360,1.0,8.0,7,54,1651
22.444444444444443,10.1,6.9,360,0.99,8.0,8,54,1652
235.66666666666669,10.1,7.210582854123025,360,0.94,8.0,9,54,1653
448.8888888888889,10.1,7.5,360,0.89,10.0,10,54,1654
404.0,9.4,7.7485281374238575,360,0.91,9.0,11,54,1655
650.8888888888889,10.6,7.939230484541326,360,0.83,9.0,12,54,1656
942.6666666666667,10.9,8.059110991546882,360,0.7,12.0,13,54,1657
583.5555555555555,8.5,8.1,360,0.95,13.0,14,54,1658
740.6666666666667,8.3,8.059110991546882,360,0.87,16.0,15,54,1659
303.0,7.7,7.939230484541326,360,0.89,12.0,16,54,1660
101.0,8.1,7.7485281374238575,360,0.88,8.0,17,54,1661
22.444444444444443,7.3,7.5,360,0.85,9.0,18,54,1662
0.0,6.6,7.210582854123025,360,0.83,9.0,19,54,1663
0.0,4.5,6.9,360,0.96,8.0,20,54,1664
0.0,4.5,6.5894171458769755,360,0.99,4.0,21,54,1665
0.0,4.3,6.300000000000001,360,0.98,6.0,22,54,1666
0.0,3.6,6.051471862576143,360,1.0,5.0,23,54,1667
0.0,3.4,5.860769515458674,360,0.99,6.0,24,54,1668
0.0,3.0,5.239185299767572,360,1.0,4.0,1,55,1669
0.0,3.3,5.199999999999999,360,1.0,5.0,2,55,1670
0.0,2.9,5.239185299767572,360,1.0,4.0,3,55,1671
0.0,2.2,5.354070785647895,360,1.0,5.0,4,55,1672
0.0,1.9,5.53682720163547,360,1.0,6.0,5,55,1673
0.0,1.6,5.7749999999999995,360,1.0,5.0,6,55,1674
11.222222222222221,1.7,6.052358098132101,360,1.0,5.0,7,55,1675
123.44444444444446,3.4,6.35,360,1.0,6.0,8,55,1676
314.2222222222222,4.8,6.647641901867899,360,0.94,6.0,9,55,1677
751.8888888888888,6.8,6.925,360,0.89,8.0,10,55,1678
998.7777777777778,8.5,7.1631727983645295,360,0.76,8.0,11,55,1679
1021.2222222222222,9.2,7.345929214352104,360,0.71,10.0,12,55,1680
1178.3333333333335,10.1,7.460814700232428,360,0.62,9.0,13,55,1681
942.6666666666667,10.3,7.5,360,0.6,8.0,14,55,1682
650.8888888888889,7.2,7.460814700232428,360,0.78,8.0,15,55,1683
246.8888888888889,7.4,7.345929214352104,360,0.74,9.0,16,55,1684
213.22222222222223,7.8,7.1631727983645295,360,0.72,6.0,17,55,1685
33.66666666666667,5.9,6.925,360,0.82,5.0,18,55,1686
0.0,5.8,6.647641901867899,360,0.83,4.0,19,55,1687
0.0,5.3,6.35,360,0.89,4.0,20,55,1688
0.0,5.0,6.052358098132101,360,0.9,5.0,21,55,1689
0.0,4.1,5.775,360,0.91,4.0,22,55,1690
0.0,2.5,5.53682720163547,360,0.98,2.0,23,55,1691
0.0,2.8,5.354070785647895,360,1.0,4.0,24,55,1692
0.0,2.9,5.3374815910820255,360,1.0,5.0,1,56,1693
0.0,2.9,5.300000000000001,360,1.0,4.0,2,56,1694
0.0,3.2,5.337481591082025,360,1.0,4.0,3,56,1695
0.0,3.5,5.447372055837118,360,1.0,4.0,4,56,1696
0.0,4.1,5.622182540694798,360,1.0,4.0,5,56,1697
0.0,4.1,5.85,360,1.0,4.0,6,56,1698
0.0,4.8,6.115299050387228,360,1.0,4.0,7,56,1699
22.444444444444443,5.3,6.4,360,1.0,4.0,8,56,1700
101.0,6.0,6.684700949612774,360,1.0,4.0,9,56,1701
101.0,7.0,6.95,360,1.0,6.0,10,56,1702
246.8888888888889,8.3,7.177817459305203,360,0.99,6.0,11,56,1703
404.0,9.7,7.352627944162883,360,1.0,6.0,12,56,1704
359.1111111111111,10.3,7.462518408917976,360,0.95,6.0,13,56,1705
437.6666666666667,11.4,7.5,360,0.87,6.0,14,56,1706
190.77777777777777,10.9,7.462518408917976,360,0.88,5.0,15,56,1707
78.55555555555554,10.5,7.352627944162883,360,0.92,4.0,16,56,1708
44.888888888888886,10.6,7.177817459305203,360,0.92,2.0,17,56,1709
0.0,10.0,6.95,360,0.98,4.0,18,56,1710
0.0,9.7,6.684700949612774,360,1.0,2.0,19,56,1711
0.0,9.6,6.4,360,1.0,2.0,20,56,1712
0.0,9.6,6.115299050387228,360,1.0,2.0,21,56,1713
0.0,9.8,5.8500000000000005,360,1.0,3.0,22,56,1714
0.0,9.2,5.622182540694798,360,1.0,2.0,23,56,1715
0.0,8.9,5.447372055837118,360,1.0,2.0,24,56,1716
0.0,8.9,7.423851921597653,360,1.0,2.0,1,57,1717
0.0,8.8,7.400000000000001,360,1.0,2.0,2,57,1718
0.0,8.9,7.423851921597653,360,1.0,3.0,3,57,1719
0.0,8.7,7.493782217350894,360,1.0,4.0,4,57,1720
0.0,8.6,7.605025253169417,360,1.0,4.0,5,57,1721
0.0,8.6,7.750000000000001,360,1.0,4.0,6,57,1722
0.0,8.6,7.918826668428237,360,1.0,4.0,7,57,1723
33.66666666666667,8.8,8.100000000000001,360,1.0,3.0,8,57,1724
157.1111111111111,9.4,8.281173331571766,360,1.0,5.0,9,57,1725
325.44444444444446,10.1,8.450000000000001,360,1.0,4.0,10,57,1726
246.8888888888889,10.3,8.594974746830585,360,1.0,5.0,11,57,1727
303.0,11.0,8.706217782649109,360,1.0,6.0,12,57,1728
291.77777777777777,10.9,8.776148078402349,360,0.99,6.0,13,57,1729
134.66666666666669,10.4,8.8,360,1.0,8.0,14,57,1730
224.44444444444446,10.7,8.776148078402349,360,1.0,8.0,15,57,1731
190.77777777777777,10.5,8.706217782649109,360,0.99,6.0,16,57,1732
56.111111111111114,10.2,8.594974746830585,360,1.0,4.0,17,57,1733
0.0,10.2,8.450000000000001,360,1.0,4.0,18,57,1734
0.0,10.3,8.281173331571766,360,1.0,4.0,19,57,1735
0.0,10.3,8.100000000000001,360,1.0,5.0,20,57,1736
11.222222222222221,9.0,7.918826668428237,360,1.0,10.0,21,57,1737
0.0,8.0,7.750000000000002,360,0.93,11.0,22,57,1738
0.0,7.6,7.605025253169418,360,0.87,9.0,23,57,1739
0.0,7.3,7.493782217350894,360,0.89,9.0,24,57,1740
0.0,6.8,6.723851921597653,360,0.86,11.0,1,58,1741
0.0,5.9,6.700000000000001,360,0.83,10.0,2,58,1742
0.0,5.6,6.723851921597653,360,0.81,8.0,3,58,1743
0.0,5.3,6.793782217350893,360,0.8,8.0,4,58,1744
0.0,4.3,6.905025253169417,360,0.83,9.0,5,58,1745
0.0,3.3,7.05,360,0.9,6.0,6,58,1746
0.0,3.4,7.218826668428236,360,0.9,5.0,7,58,1747
168.33333333333331,4.0,7.4,360,0.87,6.0,8,58,1748
516.2222222222223,5.4,7.581173331571764,360,0.76,7.0,9,58,1749
808.0,6.5,7.75,360,0.72,7.0,10,58,1750
931.4444444444445,7.7,7.8949747468305835,360,0.64,8.0,11,58,1751
1066.1111111111113,7.8,8.006217782649108,360,0.6,7.0,12,58,1752
1066.1111111111113,8.9,8.076148078402348,360,0.58,7.0,13,58,1753
505.0,8.0,8.1,360,0.56,7.0,14,58,1754
774.3333333333333,8.2,8.076148078402348,360,0.52,7.0,15,58,1755
437.6666666666667,9.0,8.006217782649108,360,0.53,5.0,16,58,1756
303.0,8.4,7.8949747468305835,360,0.56,4.0,17,58,1757
22.444444444444443,6.9,7.75,360,0.66,4.0,18,58,1758
0.0,5.1,7.581173331571764,360,0.82,1.0,19,58,1759
0.0,4.1,7.4,360,0.83,2.0,20,58,1760
0.0,3.0,7.218826668428236,360,0.88,2.0,21,58,1761
0.0,2.4,7.050000000000001,360,0.94,2.0,22,58,1762
0.0,3.0,6.905025253169417,360,0.91,2.0,23,58,1763
0.0,2.6,6.793782217350893,360,0.95,2.0,24,58,1764
0.0,1.1,5.932370465025385,360,0.98,3.0,1,59,1765
0.0,0.3,5.9,360,0.99,2.0,2,59,1766
0.0,0.7,5.932370465025385,360,0.99,2.0,3,59,1767
0.0,2.9,6.027275866404783,360,0.97,3.0,4,59,1768
0.0,3.5,6.178248557872779,360,0.96,4.0,5,59,1769
0.0,3.8,6.374999999999999,360,0.93,5.0,6,59,1770
11.222222222222221,4.0,6.604121907152605,360,0.94,5.0,7,59,1771
112.22222222222223,4.7,6.85,360,0.9,6.0,8,59,1772
224.44444444444446,5.2,7.095878092847395,360,0.88,6.0,9,59,1773
471.33333333333337,6.4,7.324999999999999,360,0.79,9.0,10,59,1774
549.8888888888889,6.9,7.521751442127219,360,0.85,9.0,11,59,1775
538.6666666666667,7.6,7.672724133595216,360,0.8,10.0,12,59,1776
437.6666666666667,7.6,7.767629534974614,360,0.86,9.0,13,59,1777
314.2222222222222,6.9,7.799999999999999,360,0.94,10.0,14,59,1778
168.33333333333331,6.7,7.767629534974614,360,0.99,8.0,15,59,1779
89.77777777777777,6.8,7.672724133595216,360,0.99,8.0,16,59,1780
44.888888888888886,6.7,7.521751442127219,360,1.0,8.0,17,59,1781
11.222222222222221,6.9,7.324999999999999,360,1.0,8.0,18,59,1782
0.0,6.8,7.095878092847395,360,1.0,10.0,19,59,1783
0.0,7.1,6.85,360,1.0,11.0,20,59,1784
0.0,7.3,6.604121907152605,360,1.0,9.0,21,59,1785
0.0,7.7,6.375,360,1.0,10.0,22,59,1786
0.0,8.6,6.17824855787278,360,1.0,8.0,23,59,1787
0.0,9.8,6.027275866404783,360,1.0,9.0,24,59,1788
0.0,10.6,7.239185299767572,360,1.0,8.0,1,61,1789
0.0,10.9,7.199999999999999,360,1.0,10.0,2,61,1790
0.0,10.9,7.239185299767572,360,1.0,9.0,3,61,1791
0.0,10.9,7.354070785647895,360,1.0,9.0,4,61,1792
0.0,10.9,7.53682720163547,360,1.0,9.0,5,61,1793
0.0,10.9,7.7749999999999995,360,1.0,8.0,6,61,1794
0.0,10.9,8.052358098132101,360,1.0,7.0,7,61,1795
44.888888888888886,11.1,8.35,360,1.0,8.0,8,61,1796
202.0,11.5,8.647641901867898,360,1.0,9.0,9,61,1797
437.6666666666667,12.0,8.924999999999999,360,0.95,8.0,10,61,1798
538.6666666666667,11.8,9.16317279836453,360,0.92,10.0,11,61,1799
516.2222222222223,12.6,9.345929214352104,360,0.86,10.0,12,61,1800
460.11111111111114,12.9,9.460814700232428,360,0.77,9.0,13,61,1801
269.33333333333337,11.3,9.5,360,0.93,10.0,14,61,1802
202.0,11.6,9.460814700232428,360,0.95,8.0,15,61,1803
101.0,11.7,9.345929214352104,360,1.0,8.0,16,61,1804
56.111111111111114,11.6,9.16317279836453,360,1.0,9.0,17,61,1805
11.222222222222221,11.6,8.924999999999999,360,1.0,10.0,18,61,1806
0.0,11.5,8.647641901867898,360,1.0,12.0,19,61,1807
0.0,11.1,8.35,360,0.97,11.0,20,61,1808
0.0,10.8,8.052358098132101,360,0.98,8.0,21,61,1809
0.0,10.3,7.775,360,1.0,8.0,22,61,1810
0.0,10.9,7.53682720163547,360,1.0,9.0,23,61,1811
0.0,10.8,7.354070785647895,360,1.0,9.0,24,61,1812
0.0,10.3,8.822148212912106,360,1.0,9.0,1,62,1813
0.0,10.3,8.8,360,1.0,9.0,2,62,1814
0.0,10.2,8.822148212912106,360,0.98,8.0,3,62,1815
0.0,10.0,8.887083487540114,360,0.96,9.0,4,62,1816
0.0,9.4,8.990380592228744,360,0.99,8.0,5,62,1817
0.0,9.5,9.125,360,0.94,8.0,6,62,1818
11.222222222222221,9.4,9.281767620683361,360,0.95,8.0,7,62,1819
44.888888888888886,8.1,9.45,360,0.96,7.0,8,62,1820
202.0,9.1,9.618232379316638,360,0.97,6.0,9,62,1821
684.5555555555557,10.8,9.774999999999999,360,0.84,8.0,10,62,1822
796.7777777777777,11.4,9.909619407771254,360,0.78,8.0,11,62,1823
325.44444444444446,8.4,10.012916512459885,360,0.92,9.0,12,62,1824
1010.0,11.6,10.077851787087893,360,0.76,7.0,13,62,1825
684.5555555555557,11.0,10.099999999999998,360,0.74,8.0,14,62,1826
673.3333333333333,11.1,10.077851787087893,360,0.69,8.0,15,62,1827
448.8888888888889,11.1,10.012916512459885,360,0.63,8.0,16,62,1828
235.66666666666669,10.0,9.909619407771254,360,0.63,8.0,17,62,1829
56.111111111111114,8.5,9.774999999999999,360,0.75,4.0,18,62,1830
0.0,7.4,9.618232379316638,360,0.83,4.0,19,62,1831
0.0,6.8,9.45,360,0.89,4.0,20,62,1832
0.0,5.8,9.281767620683361,360,0.94,3.0,21,62,1833
0.0,5.8,9.125,360,0.97,3.0,22,62,1834
0.0,5.8,8.990380592228744,360,0.97,4.0,23,62,1835
0.0,5.0,8.887083487540114,360,0.98,3.0,24,62,1836
0.0,5.4,7.632370465025386,360,1.0,3.0,1,63,1837
0.0,5.0,7.6000000000000005,360,1.0,3.0,2,63,1838
0.0,5.1,7.632370465025385,360,1.0,3.0,3,63,1839
0.0,5.0,7.727275866404784,360,1.0,2.0,4,63,1840
0.0,5.1,7.87824855787278,360,0.98,2.0,5,63,1841
0.0,4.9,8.075,360,0.98,2.0,6,63,1842
11.222222222222221,4.2,8.304121907152606,360,1.0,2.0,7,63,1843
157.1111111111111,6.6,8.55,360,0.98,5.0,8,63,1844
325.44444444444446,7.6,8.795878092847396,360,0.96,5.0,9,63,1845
583.5555555555555,9.2,9.025,360,0.9,7.0,10,63,1846
1032.4444444444446,11.4,9.221751442127221,360,0.78,8.0,11,63,1847
662.1111111111112,11.1,9.372724133595218,360,0.76,8.0,12,63,1848
336.66666666666663,9.9,9.467629534974616,360,0.86,8.0,13,63,1849
505.0,10.0,9.5,360,0.91,7.0,14,63,1850
392.7777777777778,10.4,9.467629534974616,360,0.87,7.0,15,63,1851
314.2222222222222,9.9,9.372724133595218,360,0.84,7.0,16,63,1852
89.77777777777777,9.0,9.221751442127221,360,0.95,5.0,17,63,1853
11.222222222222221,8.0,9.025,360,0.97,7.0,18,63,1854
0.0,7.8,8.795878092847396,360,1.0,4.0,19,63,1855
0.0,7.7,8.55,360,1.0,4.0,20,63,1856
0.0,7.5,8.304121907152606,360,1.0,4.0,21,63,1857
0.0,6.9,8.075000000000001,360,1.0,4.0,22,63,1858
0.0,6.6,7.87824855787278,360,1.0,3.0,23,63,1859
0.0,5.9,7.727275866404784,360,1.0,3.0,24,63,1860
0.0,5.8,6.934074173710933,360,0.93,3.0,1,64,1861
0.0,4.7,6.9,360,0.94,3.0,2,64,1862
0.0,3.9,6.934074173710932,360,0.96,4.0,3,64,1863
0.0,3.1,7.033974596215561,360,0.94,2.0,4,64,1864
0.0,3.0,7.1928932188134524,360,0.88,2.0,5,64,1865
0.0,2.7,7.4,360,0.88,4.0,6,64,1866
11.222222222222221,2.0,7.64118095489748,360,0.92,2.0,7,64,1867
235.66666666666669,3.9,7.9,360,0.86,3.0,8,64,1868
549.8888888888889,6.1,8.158819045102522,360,0.79,4.0,9,64,1869
886.5555555555555,7.5,8.4,360,0.73,8.0,10,64,1870
931.4444444444445,7.6,8.607106781186548,360,0.7,8.0,11,64,1871
1245.6666666666665,8.8,8.76602540378444,360,0.59,7.0,12,64,1872
1200.7777777777778,8.9,8.865925826289068,360,0.55,9.0,13,64,1873
785.5555555555557,8.2,8.9,360,0.61,8.0,14,64,1874
875.3333333333334,8.0,8.865925826289068,360,0.69,10.0,15,64,1875
415.2222222222223,7.0,8.76602540378444,360,0.71,8.0,16,64,1876
381.55555555555554,7.6,8.607106781186548,360,0.62,6.0,17,64,1877
67.33333333333334,6.1,8.4,360,0.7,6.0,18,64,1878
0.0,4.3,8.158819045102522,360,0.79,4.0,19,64,1879
0.0,4.7,7.9,360,0.75,4.0,20,64,1880
0.0,4.1,7.64118095489748,360,0.75,5.0,21,64,1881
0.0,3.8,7.4,360,0.77,4.0,22,64,1882
0.0,3.7,7.1928932188134524,360,0.8,6.0,23,64,1883
0.0,3.0,7.033974596215562,360,0.83,6.0,24,64,1884
0.0,1.9,5.644296425824211,360,0.88,5.0,1,65,1885
0.0,1.6,5.6,360,0.9,4.0,2,65,1886
0.0,1.5,5.64429642582421,360,0.9,4.0,3,65,1887
0.0,1.7,5.774166975080229,360,0.9,6.0,4,65,1888
0.0,1.3,5.980761184457487,360,0.91,6.0,5,65,1889
0.0,1.2,6.249999999999999,360,0.91,4.0,6,65,1890
11.222222222222221,1.4,6.563535241366723,360,0.92,5.0,7,65,1891
235.66666666666669,2.7,6.8999999999999995,360,0.89,4.0,8,65,1892
583.5555555555555,5.1,7.236464758633276,360,0.85,4.0,9,65,1893
897.7777777777778,7.1,7.55,360,0.75,5.0,10,65,1894
1133.4444444444443,8.3,7.819238815542511,360,0.65,5.0,11,65,1895
1212.0,9.2,8.02583302491977,360,0.58,6.0,12,65,1896
1313.0,10.0,8.155703574175789,360,0.55,7.0,13,65,1897
1212.0,10.3,8.2,360,0.5,6.0,14,65,1898
1021.2222222222222,10.5,8.155703574175789,360,0.48,7.0,15,65,1899
718.2222222222222,10.4,8.02583302491977,360,0.51,6.0,16,65,1900
381.55555555555554,9.5,7.819238815542511,360,0.53,6.0,17,65,1901
67.33333333333334,6.0,7.55,360,0.69,5.0,18,65,1902
0.0,7.2,7.236464758633276,360,0.63,2.0,19,65,1903
0.0,4.3,6.8999999999999995,360,0.77,2.0,20,65,1904
0.0,3.4,6.563535241366723,360,0.81,2.0,21,65,1905
0.0,3.1,6.25,360,0.82,2.0,22,65,1906
0.0,2.3,5.980761184457488,360,0.84,2.0,23,65,1907
0.0,2.5,5.774166975080229,360,0.85,2.0,24,65,1908
0.0,0.4,4.9528149692519445,360,0.95,1.0,1,66,1909
0.0,1.5,4.9,360,0.9,1.0,2,66,1910
0.0,0.0,4.9528149692519445,360,0.98,2.0,3,66,1911
0.0,0.9,5.1076606241341205,360,0.93,1.0,4,66,1912
0.0,-1.6,5.353984489160851,360,0.99,1.0,5,66,1913
0.0,-1.4,5.675,360,1.0,1.0,6,66,1914
33.66666666666667,-1.4,6.048830480091093,360,1.0,1.0,7,66,1915
370.33333333333337,2.2,6.45,360,0.92,2.0,8,66,1916
594.7777777777778,6.0,6.8511695199089075,360,0.79,3.0,9,66,1917
897.7777777777778,7.6,7.2250000000000005,360,0.68,6.0,10,66,1918
1144.6666666666665,9.3,7.546015510839149,360,0.59,8.0,11,66,1919
1290.5555555555554,10.8,7.79233937586588,360,0.5,7.0,12,66,1920
1324.2222222222224,11.5,7.947185030748056,360,0.47,8.0,13,66,1921
1245.6666666666665,12.1,8.0,360,0.48,6.0,14,66,1922
1054.888888888889,12.6,7.947185030748056,360,0.46,6.0,15,66,1923
684.5555555555557,12.1,7.79233937586588,360,0.47,5.0,16,66,1924
269.33333333333337,10.6,7.546015510839149,360,0.56,5.0,17,66,1925
56.111111111111114,8.5,7.2250000000000005,360,0.63,3.0,18,66,1926
0.0,7.4,6.8511695199089075,360,0.64,2.0,19,66,1927
0.0,6.4,6.45,360,0.66,2.0,20,66,1928
0.0,6.1,6.048830480091093,360,0.67,2.0,21,66,1929
0.0,5.9,5.675000000000001,360,0.68,3.0,22,66,1930
0.0,4.2,5.353984489160852,360,0.75,2.0,23,66,1931
0.0,3.4,5.1076606241341205,360,0.8,3.0,24,66,1932
0.0,3.7,4.97496318216405,360,0.79,3.0,1,67,1933
0.0,3.4,4.9,360,0.8,2.0,2,67,1934
0.0,2.8,4.97496318216405,360,0.83,3.0,3,67,1935
0.0,0.2,5.194744111674235,360,0.95,2.0,4,67,1936
0.0,1.7,5.544365081389595,360,0.87,2.0,5,67,1937
0.0,0.6,6.0,360,0.92,2.0,6,67,1938
22.444444444444443,1.7,6.530598100774455,360,0.88,1.0,7,67,1939
280.55555555555554,3.8,7.1000000000000005,360,0.81,2.0,8,67,1940
628.4444444444443,6.2,7.669401899225546,360,0.73,3.0,9,67,1941
942.6666666666667,10.3,8.200000000000001,360,0.65,2.0,10,67,1942
1167.111111111111,13.6,8.655634918610405,360,0.57,2.0,11,67,1943
1256.8888888888887,16.1,9.005255888325767,360,0.46,2.0,12,67,1944
1212.0,18.1,9.225036817835951,360,0.34,2.0,13,67,1945
1043.6666666666665,18.1,9.3,360,0.37,2.0,14,67,1946
830.4444444444446,18.3,9.225036817835951,360,0.28,3.0,15,67,1947
448.8888888888889,18.6,9.005255888325767,360,0.24,1.0,16,67,1948
235.66666666666669,16.5,8.655634918610405,360,0.43,0.0,17,67,1949
33.66666666666667,12.0,8.200000000000001,360,0.62,1.0,18,67,1950
0.0,9.3,7.669401899225546,360,0.7,1.0,19,67,1951
0.0,9.5,7.1000000000000005,360,0.66,2.0,20,67,1952
0.0,7.9,6.530598100774455,360,0.75,1.0,21,67,1953
0.0,7.1,6.000000000000001,360,0.78,0.0,22,67,1954
0.0,5.4,5.544365081389596,360,0.88,1.0,23,67,1955
0.0,3.8,5.194744111674235,360,0.89,1.0,24,67,1956
0.0,3.8,5.5749631821640495,360,0.87,1.0,1,68,1957
0.0,3.6,5.5,360,0.88,0.0,2,68,1958
0.0,2.8,5.5749631821640495,360,0.91,1.0,3,68,1959
0.0,1.4,5.794744111674235,360,0.97,1.0,4,68,1960
0.0,1.3,6.144365081389594,360,0.98,1.0,5,68,1961
0.0,1.0,6.6,360,0.98,0.0,6,68,1962
22.444444444444443,0.3,7.1305981007744546,360,0.97,0.0,7,68,1963
246.8888888888889,5.5,7.7,360,0.8,1.0,8,68,1964
628.4444444444443,10.1,8.269401899225546,360,0.63,2.0,9,68,1965
965.1111111111112,13.9,8.8,360,0.51,3.0,10,68,1966
1200.7777777777778,16.8,9.255634918610404,360,0.35,3.0,11,68,1967
1346.6666666666665,17.3,9.605255888325765,360,0.43,4.0,12,68,1968
1357.8888888888891,17.9,9.82503681783595,360,0.43,4.0,13,68,1969
1256.8888888888887,18.7,9.9,360,0.39,5.0,14,68,1970
1066.1111111111113,18.7,9.82503681783595,360,0.38,4.0,15,68,1971
763.1111111111111,19.5,9.605255888325765,360,0.39,2.0,16,68,1972
437.6666666666667,18.0,9.255634918610404,360,0.46,4.0,17,68,1973
89.77777777777777,13.5,8.8,360,0.64,3.0,18,68,1974
0.0,10.4,8.269401899225546,360,0.73,1.0,19,68,1975
0.0,11.9,7.7,360,0.58,2.0,20,68,1976
0.0,10.7,7.1305981007744546,360,0.59,3.0,21,68,1977
0.0,9.5,6.6000000000000005,360,0.65,3.0,22,68,1978
0.0,7.6,6.144365081389596,360,0.79,4.0,23,68,1979
0.0,7.1,5.794744111674235,360,0.86,4.0,24,68,1980
0.0,5.9,6.754518677937492,360,0.9,4.0,1,69,1981
0.0,4.5,6.700000000000001,360,0.95,2.0,2,69,1982
0.0,5.8,6.754518677937491,360,0.91,3.0,3,69,1983
0.0,3.9,6.914359353944898,360,0.98,4.0,4,69,1984
0.0,3.4,7.168629150101524,360,1.0,2.0,5,69,1985
0.0,2.1,7.5,360,1.0,2.0,6,69,1986
22.444444444444443,2.9,7.8858895278359675,360,1.0,2.0,7,69,1987
213.22222222222223,4.4,8.3,360,1.0,4.0,8,69,1988
291.77777777777777,5.5,8.714110472164034,360,1.0,4.0,9,69,1989
527.4444444444445,7.0,9.100000000000001,360,0.97,4.0,10,69,1990
751.8888888888888,8.9,9.431370849898476,360,0.89,3.0,11,69,1991
796.7777777777777,10.2,9.685640646055102,360,0.81,2.0,12,69,1992
830.4444444444446,11.5,9.84548132206251,360,0.76,3.0,13,69,1993
1010.0,12.3,9.9,360,0.75,3.0,14,69,1994
718.2222222222222,12.9,9.84548132206251,360,0.72,2.0,15,69,1995
527.4444444444445,13.5,9.685640646055102,360,0.68,3.0,16,69,1996
291.77777777777777,13.1,9.431370849898476,360,0.71,2.0,17,69,1997
78.55555555555554,11.6,9.100000000000001,360,0.79,0.0,18,69,1998
0.0,8.7,8.714110472164034,360,0.93,0.0,19,69,1999
0.0,7.7,8.3,360,0.92,1.0,20,69,2000
0.0,6.5,7.8858895278359675,360,1.0,1.0,21,69,2001
0.0,7.3,7.500000000000001,360,0.98,1.0,22,69,2002
0.0,7.0,7.168629150101525,360,0.99,1.0,23,69,2003
0.0,6.1,6.914359353944898,360,0.99,0.0,24,69,2004
0.0,5.9,7.347703843195304,360,1.0,0.0,1,70,2005
0.0,5.2,7.299999999999999,360,1.0,0.0,2,70,2006
0.0,4.3,7.347703843195304,360,1.0,0.0,3,70,2007
0.0,5.4,7.487564434701785,360,1.0,0.0,4,70,2008
0.0,5.3,7.710050506338832,360,1.0,3.0,5,70,2009
0.0,5.5,7.999999999999998,360,1.0,1.0,6,70,2010
22.444444444444443,5.3,8.337653336856471,360,1.0,2.0,7,70,2011
134.66666666666669,6.2,8.7,360,1.0,2.0,8,70,2012
392.7777777777778,8.4,9.06234666314353,360,1.0,2.0,9,70,2013
347.8888888888889,9.6,9.399999999999999,360,0.98,2.0,10,70,2014
437.6666666666667,10.7,9.689949493661166,360,0.92,3.0,11,70,2015
1088.5555555555557,12.5,9.912435565298214,360,0.83,4.0,12,70,2016
774.3333333333333,12.8,10.052296156804696,360,0.79,4.0,13,70,2017
639.6666666666667,13.6,10.1,360,0.72,4.0,14,70,2018
796.7777777777777,14.5,10.052296156804696,360,0.68,4.0,15,70,2019
291.77777777777777,13.9,9.912435565298214,360,0.74,4.0,16,70,2020
101.0,13.0,9.689949493661166,360,0.79,4.0,17,70,2021
22.444444444444443,12.0,9.399999999999999,360,0.84,4.0,18,70,2022
0.0,11.6,9.06234666314353,360,0.85,4.0,19,70,2023
0.0,11.7,8.7,360,0.85,5.0,20,70,2024
0.0,10.9,8.337653336856471,360,0.89,5.0,21,70,2025
0.0,11.0,8.0,360,0.9,4.0,22,70,2026
0.0,10.8,7.710050506338833,360,0.93,4.0,23,70,2027
0.0,10.6,7.487564434701785,360,0.94,4.0,24,70,2028
0.0,10.4,8.957926095308585,360,0.95,4.0,1,71,2029
0.0,10.1,8.900000000000002,360,0.97,4.0,2,71,2030
0.0,9.5,8.957926095308585,360,0.98,6.0,3,71,2031
0.0,9.0,9.127756813566455,360,1.0,4.0,4,71,2032
0.0,8.7,9.39791847198287,360,1.0,4.0,5,71,2033
0.0,8.5,9.75,360,1.0,3.0,6,71,2034
22.444444444444443,9.0,10.160007623325717,360,0.99,3.0,7,71,2035
179.55555555555554,9.6,10.600000000000001,360,0.97,3.0,8,71,2036
516.2222222222223,11.0,11.039992376674286,360,0.91,5.0,9,71,2037
841.6666666666666,13.0,11.450000000000001,360,0.84,4.0,10,71,2038
1155.888888888889,14.9,11.802081528017133,360,0.75,4.0,11,71,2039
1290.5555555555554,16.6,12.072243186433548,360,0.67,4.0,12,71,2040
1268.1111111111113,17.6,12.242073904691418,360,0.61,4.0,13,71,2041
1010.0,18.5,12.3,360,0.58,3.0,14,71,2042
751.8888888888888,19.1,12.242073904691418,360,0.56,2.0,15,71,2043
471.33333333333337,18.3,12.072243186433548,360,0.57,4.0,16,71,2044
381.55555555555554,17.1,11.802081528017133,360,0.68,2.0,17,71,2045
101.0,15.7,11.450000000000001,360,0.7,2.0,18,71,2046
0.0,13.6,11.039992376674286,360,0.77,2.0,19,71,2047
0.0,11.5,10.600000000000001,360,0.93,3.0,20,71,2048
0.0,10.2,10.160007623325717,360,0.97,4.0,21,71,2049
0.0,9.3,9.750000000000002,360,1.0,2.0,22,71,2050
0.0,8.5,9.397918471982871,360,1.0,3.0,23,71,2051
0.0,8.5,9.127756813566455,360,1.0,4.0,24,71,2052
0.0,8.4,10.039185299767572,360,1.0,2.0,1,72,2053
0.0,7.9,10.0,360,1.0,2.0,2,72,2054
0.0,7.5,10.03918529976757,360,1.0,1.0,3,72,2055
0.0,7.1,10.154070785647896,360,1.0,1.0,4,72,2056
0.0,7.0,10.33682720163547,360,1.0,1.0,5,72,2057
0.0,7.2,10.575,360,1.0,1.0,6,72,2058
22.444444444444443,7.2,10.852358098132102,360,1.0,2.0,7,72,2059
89.77777777777777,7.4,11.15,360,1.0,3.0,8,72,2060
235.66666666666669,7.8,11.447641901867899,360,1.0,4.0,9,72,2061
471.33333333333337,8.6,11.725000000000001,360,1.0,3.0,10,72,2062
808.0,10.3,11.96317279836453,360,0.98,4.0,11,72,2063
1301.7777777777778,13.3,12.145929214352105,360,0.8,4.0,12,72,2064
1369.1111111111113,14.7,12.26081470023243,360,0.56,6.0,13,72,2065
1245.6666666666665,15.6,12.3,360,0.5,4.0,14,72,2066
875.3333333333334,16.2,12.26081470023243,360,0.49,4.0,15,72,2067
662.1111111111112,15.2,12.145929214352105,360,0.52,3.0,16,72,2068
190.77777777777777,14.2,11.96317279836453,360,0.56,2.0,17,72,2069
56.111111111111114,13.5,11.725000000000001,360,0.56,1.0,18,72,2070
0.0,10.9,11.447641901867899,360,0.69,2.0,19,72,2071
0.0,9.3,11.15,360,0.92,4.0,20,72,2072
0.0,8.0,10.852358098132102,360,0.98,5.0,21,72,2073
0.0,7.7,10.575000000000001,360,0.99,7.0,22,72,2074
0.0,8.3,10.33682720163547,360,1.0,5.0,23,72,2075
0.0,8.2,10.154070785647896,360,1.0,4.0,24,72,2076
0.0,8.2,9.913629669484374,360,0.99,5.0,1,73,2077
0.0,8.4,9.900000000000002,360,0.96,4.0,2,73,2078
0.0,8.1,9.913629669484374,360,0.98,4.0,3,73,2079
0.0,8.0,9.953589838486225,360,0.99,3.0,4,73,2080
0.0,8.0,10.017157287525382,360,0.99,3.0,5,73,2081
0.0,7.9,10.100000000000001,360,0.99,4.0,6,73,2082
11.222222222222221,7.6,10.196472381958992,360,1.0,3.0,7,73,2083
44.888888888888886,7.9,10.3,360,1.0,4.0,8,73,2084
101.0,8.3,10.403527618041009,360,1.0,4.0,9,73,2085
134.66666666666669,8.9,10.5,360,1.0,4.0,10,73,2086
224.44444444444446,8.7,10.58284271247462,360,0.98,8.0,11,73,2087
314.2222222222222,9.0,10.646410161513776,360,0.9,8.0,12,73,2088
1054.888888888889,11.2,10.686370330515627,360,0.7,8.0,13,73,2089
505.0,7.9,10.7,360,0.84,12.0,14,73,2090
325.44444444444446,8.5,10.686370330515627,360,0.85,8.0,15,73,2091
875.3333333333334,10.4,10.646410161513776,360,0.66,8.0,16,73,2092
381.55555555555554,8.7,10.58284271247462,360,0.75,6.0,17,73,2093
22.444444444444443,6.4,10.5,360,0.88,6.0,18,73,2094
0.0,6.6,10.403527618041009,360,0.9,4.0,19,73,2095
0.0,5.8,10.3,360,0.97,3.0,20,73,2096
0.0,5.8,10.196472381958992,360,0.98,2.0,21,73,2097
0.0,5.7,10.100000000000001,360,1.0,2.0,22,73,2098
0.0,5.9,10.017157287525382,360,0.97,3.0,23,73,2099
0.0,5.5,9.953589838486225,360,0.98,4.0,24,73,2100
0.0,5.2,8.232370465025383,360,0.98,3.0,1,74,2101
0.0,4.6,8.2,360,0.99,3.0,2,74,2102
0.0,4.6,8.232370465025383,360,1.0,3.0,3,74,2103
0.0,5.1,8.327275866404781,360,1.0,4.0,4,74,2104
0.0,5.3,8.478248557872778,360,1.0,4.0,5,74,2105
0.0,5.2,8.674999999999997,360,1.0,4.0,6,74,2106
22.444444444444443,4.7,8.904121907152604,360,1.0,5.0,7,74,2107
190.77777777777777,4.7,9.149999999999999,360,0.97,6.0,8,74,2108
549.8888888888889,5.7,9.395878092847394,360,0.91,6.0,9,74,2109
852.8888888888889,6.7,9.624999999999998,360,0.85,7.0,10,74,2110
897.7777777777778,7.4,9.82175144212722,360,0.77,7.0,11,74,2111
1099.7777777777778,8.5,9.972724133595216,360,0.71,8.0,12,74,2112
1032.4444444444446,8.5,10.067629534974614,360,0.7,6.0,13,74,2113
1066.1111111111113,9.3,10.099999999999998,360,0.62,5.0,14,74,2114
864.1111111111111,9.5,10.067629534974614,360,0.6,6.0,15,74,2115
269.33333333333337,7.8,9.972724133595216,360,0.71,6.0,16,74,2116
78.55555555555554,7.2,9.82175144212722,360,0.7,6.0,17,74,2117
33.66666666666667,6.6,9.624999999999998,360,0.7,6.0,18,74,2118
0.0,6.3,9.395878092847394,360,0.7,6.0,19,74,2119
0.0,5.7,9.149999999999999,360,0.73,6.0,20,74,2120
0.0,4.3,8.904121907152604,360,0.79,4.0,21,74,2121
0.0,2.7,8.674999999999999,360,0.84,4.0,22,74,2122
0.0,2.3,8.478248557872778,360,0.85,3.0,23,74,2123
0.0,1.5,8.327275866404781,360,0.9,3.0,24,74,2124
0.0,1.6,7.340889008453118,360,0.87,2.0,1,75,2125
0.0,1.9,7.300000000000001,360,0.86,3.0,2,75,2126
0.0,2.4,7.340889008453118,360,0.84,3.0,3,75,2127
0.0,2.6,7.460769515458674,360,0.87,4.0,4,75,2128
0.0,2.7,7.651471862576143,360,0.89,3.0,5,75,2129
0.0,3.1,7.8999999999999995,360,0.89,4.0,6,75,2130
11.222222222222221,3.3,8.189417145876975,360,0.91,4.0,7,75,2131
123.44444444444446,3.9,8.5,360,0.92,4.0,8,75,2132
415.2222222222223,5.7,8.810582854123025,360,0.87,6.0,9,75,2133
987.5555555555557,7.4,9.1,360,0.78,6.0,10,75,2134
1155.888888888889,9.1,9.348528137423857,360,0.7,6.0,11,75,2135
1313.0,10.3,9.539230484541326,360,0.67,6.0,12,75,2136
1313.0,10.8,9.659110991546882,360,0.63,7.0,13,75,2137
1111.0,10.8,9.7,360,0.58,8.0,14,75,2138
875.3333333333334,10.3,9.659110991546882,360,0.59,8.0,15,75,2139
594.7777777777778,9.6,9.539230484541326,360,0.62,8.0,16,75,2140
392.7777777777778,8.7,9.348528137423857,360,0.65,6.0,17,75,2141
101.0,6.7,9.1,360,0.75,5.0,18,75,2142
0.0,6.0,8.810582854123025,360,0.81,4.0,19,75,2143
0.0,4.9,8.5,360,0.81,4.0,20,75,2144
0.0,3.9,8.189417145876975,360,0.84,4.0,21,75,2145
0.0,2.8,7.9,360,0.87,2.0,22,75,2146
0.0,2.7,7.651471862576143,360,0.91,2.0,23,75,2147
0.0,3.5,7.460769515458674,360,0.9,2.0,24,75,2148
0.0,2.5,6.744296425824211,360,0.92,2.0,1,76,2149
0.0,1.8,6.699999999999999,360,0.93,2.0,2,76,2150
0.0,1.4,6.744296425824211,360,0.95,3.0,3,76,2151
0.0,0.6,6.874166975080229,360,0.98,3.0,4,76,2152
0.0,0.2,7.080761184457487,360,1.0,2.0,5,76,2153
0.0,0.4,7.35,360,1.0,2.0,6,76,2154
22.444444444444443,0.9,7.6635352413667235,360,1.0,2.0,7,76,2155
101.0,2.8,8.0,360,1.0,3.0,8,76,2156
145.88888888888889,3.6,8.336464758633277,360,0.96,3.0,9,76,2157
280.55555555555554,4.8,8.65,360,0.93,4.0,10,76,2158
314.2222222222222,5.7,8.919238815542512,360,0.92,3.0,11,76,2159
953.8888888888889,8.8,9.125833024919771,360,0.82,4.0,12,76,2160
1133.4444444444443,10.0,9.25570357417579,360,0.76,4.0,13,76,2161
1066.1111111111113,11.8,9.3,360,0.71,4.0,14,76,2162
482.5555555555556,10.7,9.25570357417579,360,0.77,4.0,15,76,2163
325.44444444444446,10.9,9.125833024919771,360,0.76,4.0,16,76,2164
157.1111111111111,10.5,8.919238815542512,360,0.77,2.0,17,76,2165
22.444444444444443,9.4,8.65,360,0.83,2.0,18,76,2166
0.0,8.9,8.336464758633277,360,0.85,2.0,19,76,2167
0.0,8.8,8.0,360,0.84,4.0,20,76,2168
0.0,8.3,7.6635352413667235,360,0.88,4.0,21,76,2169
0.0,6.6,7.3500000000000005,360,0.95,2.0,22,76,2170
0.0,5.4,7.080761184457488,360,0.97,2.0,23,76,2171
0.0,4.1,6.87416697508023,360,0.99,2.0,24,76,2172
0.0,4.1,6.668148347421863,360,1.0,2.0,1,77,2173
0.0,2.2,6.6,360,1.0,2.0,2,77,2174
0.0,1.8,6.668148347421863,360,1.0,1.0,3,77,2175
0.0,2.2,6.867949192431122,360,1.0,1.0,4,77,2176
0.0,1.6,7.185786437626904,360,1.0,1.0,5,77,2177
0.0,1.8,7.599999999999999,360,1.0,2.0,6,77,2178
78.55555555555554,2.2,8.082361909794958,360,1.0,2.0,7,77,2179
381.55555555555554,5.4,8.6,360,0.91,3.0,8,77,2180
740.6666666666667,8.7,9.117638090205041,360,0.79,3.0,9,77,2181
1054.888888888889,11.6,9.6,360,0.64,4.0,10,77,2182
1290.5555555555554,13.0,10.014213562373095,360,0.6,4.0,11,77,2183
1425.2222222222222,14.0,10.332050807568876,360,0.48,5.0,12,77,2184
1447.6666666666667,14.6,10.531851652578137,360,0.5,4.0,13,77,2185
1335.4444444444443,15.4,10.6,360,0.46,4.0,14,77,2186
931.4444444444445,15.9,10.531851652578137,360,0.47,4.0,15,77,2187
684.5555555555557,15.3,10.332050807568876,360,0.5,4.0,16,77,2188
404.0,15.3,10.014213562373095,360,0.57,4.0,17,77,2189
112.22222222222223,12.9,9.6,360,0.61,4.0,18,77,2190
0.0,10.7,9.117638090205041,360,0.67,2.0,19,77,2191
0.0,10.1,8.6,360,0.69,2.0,20,77,2192
0.0,10.9,8.082361909794958,360,0.67,2.0,21,77,2193
0.0,10.0,7.6,360,0.73,2.0,22,77,2194
0.0,10.5,7.185786437626905,360,0.67,2.0,23,77,2195
0.0,8.8,6.867949192431122,360,0.74,1.0,24,77,2196
0.0,7.7,8.24940755188085,360,0.79,2.0,1,78,2197
0.0,7.0,8.2,360,0.83,2.0,2,78,2198
0.0,7.1,8.24940755188085,360,0.83,2.0,3,78,2199
0.0,7.5,8.394263164512562,360,0.84,1.0,4,78,2200
0.0,6.9,8.624695167279505,360,0.87,1.0,5,78,2201
0.0,4.9,8.924999999999997,360,0.92,2.0,6,78,2202
56.111111111111114,7.1,9.274712384601344,360,0.9,2.0,7,78,2203
145.88888888888889,8.3,9.649999999999999,360,0.89,1.0,8,78,2204
370.33333333333337,11.2,10.025287615398653,360,0.8,2.0,9,78,2205
920.2222222222223,12.9,10.374999999999998,360,0.69,4.0,10,78,2206
1010.0,14.4,10.675304832720492,360,0.66,6.0,11,78,2207
1167.111111111111,15.3,10.905736835487435,360,0.65,7.0,12,78,2208
931.4444444444445,16.0,11.050592448119147,360,0.57,6.0,13,78,2209
953.8888888888889,16.5,11.099999999999998,360,0.54,6.0,14,78,2210
538.6666666666667,16.1,11.050592448119147,360,0.56,7.0,15,78,2211
269.33333333333337,15.5,10.905736835487435,360,0.6,6.0,16,78,2212
202.0,15.3,10.675304832720492,360,0.6,6.0,17,78,2213
78.55555555555554,13.8,10.374999999999998,360,0.66,5.0,18,78,2214
0.0,12.3,10.025287615398653,360,0.7,5.0,19,78,2215
0.0,12.3,9.649999999999999,360,0.72,5.0,20,78,2216
0.0,11.8,9.274712384601344,360,0.73,6.0,21,78,2217
0.0,10.7,8.924999999999999,360,0.79,6.0,22,78,2218
0.0,9.8,8.624695167279505,360,0.84,5.0,23,78,2219
0.0,9.0,8.394263164512562,360,0.87,4.0,24,78,2220
0.0,8.5,8.817037086855466,360,0.89,4.0,1,79,2221
0.0,8.2,8.8,360,0.89,5.0,2,79,2222
0.0,7.5,8.817037086855466,360,0.92,6.0,3,79,2223
0.0,6.8,8.866987298107782,360,0.93,6.0,4,79,2224
0.0,5.9,8.946446609406728,360,0.96,6.0,5,79,2225
0.0,5.4,9.05,360,0.98,6.0,6,79,2226
22.444444444444443,5.8,9.17059047744874,360,0.97,7.0,7,79,2227
89.77777777777777,6.0,9.3,360,0.96,8.0,8,79,2228
190.77777777777777,6.1,9.42940952255126,360,0.95,8.0,9,79,2229
314.2222222222222,6.6,9.55,360,0.92,8.0,10,79,2230
482.5555555555556,7.2,9.653553390593274,360,0.89,8.0,11,79,2231
549.8888888888889,7.5,9.73301270189222,360,0.89,8.0,12,79,2232
606.0,7.8,9.782962913144535,360,0.86,8.0,13,79,2233
796.7777777777777,8.6,9.8,360,0.83,9.0,14,79,2234
707.0000000000001,9.0,9.782962913144535,360,0.8,10.0,15,79,2235
684.5555555555557,9.0,9.73301270189222,360,0.8,10.0,16,79,2236
415.2222222222223,9.2,9.653553390593274,360,0.78,8.0,17,79,2237
112.22222222222223,7.7,9.55,360,0.84,8.0,18,79,2238
0.0,6.8,9.42940952255126,360,0.88,4.0,19,79,2239
0.0,6.3,9.3,360,0.88,5.0,20,79,2240
0.0,5.7,9.17059047744874,360,0.85,8.0,21,79,2241
0.0,5.2,9.05,360,0.87,8.0,22,79,2242
0.0,5.6,8.946446609406728,360,0.85,8.0,23,79,2243
0.0,5.8,8.866987298107782,360,0.83,8.0,24,79,2244
0.0,5.4,7.911925960798826,360,0.83,8.0,1,80,2245
0.0,5.4,7.9,360,0.84,7.0,2,80,2246
0.0,5.4,7.911925960798826,360,0.85,8.0,3,80,2247
0.0,5.2,7.946891108675446,360,0.86,7.0,4,80,2248
0.0,5.1,8.002512626584709,360,0.89,8.0,5,80,2249
0.0,4.9,8.075,360,0.96,8.0,6,80,2250
11.222222222222221,5.0,8.159413334214118,360,1.0,7.0,7,80,2251
44.888888888888886,5.7,8.25,360,0.97,6.0,8,80,2252
89.77777777777777,6.5,8.340586665785882,360,0.95,8.0,9,80,2253
44.888888888888886,6.8,8.425,360,0.94,7.0,10,80,2254
101.0,7.0,8.497487373415291,360,0.97,7.0,11,80,2255
89.77777777777777,7.0,8.553108891324554,360,0.99,8.0,12,80,2256
78.55555555555554,7.3,8.588074039201173,360,1.0,6.0,13,80,2257
179.55555555555554,8.3,8.6,360,0.98,6.0,14,80,2258
246.8888888888889,8.9,8.588074039201173,360,0.95,6.0,15,80,2259
168.33333333333331,8.9,8.553108891324554,360,0.95,7.0,16,80,2260
123.44444444444446,8.7,8.497487373415291,360,0.97,6.0,17,80,2261
33.66666666666667,8.4,8.425,360,0.99,6.0,18,80,2262
0.0,8.2,8.340586665785882,360,1.0,6.0,19,80,2263
0.0,8.0,8.25,360,1.0,4.0,20,80,2264
0.0,7.9,8.159413334214118,360,1.0,4.0,21,80,2265
0.0,7.8,8.075000000000001,360,1.0,5.0,22,80,2266
0.0,7.4,8.002512626584709,360,1.0,4.0,23,80,2267
0.0,6.5,7.946891108675446,360,1.0,4.0,24,80,2268
0.0,6.6,7.61533337816992,360,1.0,4.0,1,81,2269
0.0,6.4,7.6000000000000005,360,1.0,4.0,2,81,2270
0.0,6.1,7.61533337816992,360,1.0,4.0,3,81,2271
0.0,6.4,7.660288568297003,360,1.0,3.0,4,81,2272
0.0,5.8,7.731801948466054,360,1.0,2.0,5,81,2273
0.0,5.0,7.825,360,1.0,3.0,6,81,2274
44.888888888888886,5.5,7.933531429703867,360,1.0,3.0,7,81,2275
168.33333333333331,6.5,8.05,360,1.0,7.0,8,81,2276
269.33333333333337,7.2,8.166468570296136,360,0.98,7.0,9,81,2277
437.6666666666667,7.9,8.275,360,0.94,6.0,10,81,2278
202.0,8.5,8.368198051533946,360,0.9,6.0,11,81,2279
381.55555555555554,9.0,8.439711431702998,360,0.87,7.0,12,81,2280
213.22222222222223,8.2,8.484666621830081,360,0.89,6.0,13,81,2281
179.55555555555554,7.5,8.5,360,0.93,7.0,14,81,2282
235.66666666666669,6.8,8.484666621830081,360,0.97,8.0,15,81,2283
168.33333333333331,6.7,8.439711431702998,360,0.96,8.0,16,81,2284
258.11111111111114,7.6,8.368198051533946,360,0.87,7.0,17,81,2285
157.1111111111111,7.2,8.275,360,0.93,7.0,18,81,2286
11.222222222222221,7.6,8.166468570296136,360,0.9,7.0,19,81,2287
0.0,7.6,8.05,360,0.88,7.0,20,81,2288
0.0,6.8,7.933531429703867,360,0.88,7.0,21,81,2289
0.0,7.2,7.825000000000001,360,0.82,8.0,22,81,2290
0.0,6.5,7.731801948466054,360,0.83,10.0,23,81,2291
0.0,6.4,7.660288568297003,360,0.84,8.0,24,81,2292
0.0,6.2,7.3136296694843725,360,0.82,10.0,1,82,2293
0.0,5.8,7.299999999999999,360,0.81,8.0,2,82,2294
0.0,5.4,7.313629669484372,360,0.82,9.0,3,82,2295
0.0,5.2,7.353589838486224,360,0.85,10.0,4,82,2296
0.0,5.1,7.41715728752538,360,0.87,10.0,5,82,2297
0.0,5.1,7.499999999999999,360,0.88,10.0,6,82,2298
44.888888888888886,5.2,7.596472381958991,360,0.88,9.0,7,82,2299
101.0,5.2,7.699999999999999,360,0.9,9.0,8,82,2300
258.11111111111114,6.0,7.803527618041008,360,0.86,9.0,9,82,2301
336.66666666666663,6.4,7.8999999999999995,360,0.82,10.0,10,82,2302
516.2222222222223,7.0,7.982842712474619,360,0.81,9.0,11,82,2303
269.33333333333337,7.3,8.046410161513775,360,0.8,9.0,12,82,2304
303.0,7.1,8.086370330515626,360,0.81,8.0,13,82,2305
359.1111111111111,8.0,8.1,360,0.77,8.0,14,82,2306
370.33333333333337,7.7,8.086370330515626,360,0.74,9.0,15,82,2307
179.55555555555554,7.2,8.046410161513775,360,0.76,10.0,16,82,2308
291.77777777777777,7.4,7.982842712474619,360,0.76,7.0,17,82,2309
67.33333333333334,6.9,7.8999999999999995,360,0.75,6.0,18,82,2310
0.0,6.1,7.803527618041008,360,0.77,6.0,19,82,2311
0.0,5.0,7.699999999999999,360,0.81,4.0,20,82,2312
0.0,4.6,7.596472381958991,360,0.82,5.0,21,82,2313
0.0,3.9,7.499999999999999,360,0.85,4.0,22,82,2314
0.0,3.7,7.417157287525381,360,0.85,4.0,23,82,2315
0.0,2.8,7.353589838486224,360,0.89,3.0,24,82,2316
0.0,2.8,6.057926095308584,360,0.89,3.0,1,83,2317
0.0,2.3,6.0,360,0.91,2.0,2,83,2318
0.0,1.3,6.057926095308584,360,0.96,2.0,3,83,2319
0.0,0.0,6.2277568135664545,360,0.97,2.0,4,83,2320
0.0,1.0,6.497918471982869,360,0.96,2.0,5,83,2321
0.0,0.7,6.85,360,0.97,2.0,6,83,2322
67.33333333333334,1.3,7.260007623325715,360,0.98,2.0,7,83,2323
123.44444444444446,2.9,7.7,360,0.95,2.0,8,83,2324
235.66666666666669,4.6,8.139992376674286,360,0.92,3.0,9,83,2325
370.33333333333337,5.9,8.55,360,0.9,4.0,10,83,2326
460.11111111111114,7.9,8.902081528017131,360,0.79,4.0,11,83,2327
852.8888888888889,10.5,9.172243186433546,360,0.74,4.0,12,83,2328
1402.7777777777778,12.7,9.342073904691416,360,0.64,6.0,13,83,2329
1436.4444444444443,14.2,9.4,360,0.6,6.0,14,83,2330
1111.0,14.8,9.342073904691416,360,0.55,6.0,15,83,2331
819.2222222222222,14.8,9.172243186433546,360,0.56,6.0,16,83,2332
471.33333333333337,13.7,8.902081528017131,360,0.6,6.0,17,83,2333
134.66666666666669,11.8,8.55,360,0.68,4.0,18,83,2334
0.0,10.4,8.139992376674286,360,0.71,6.0,19,83,2335
0.0,9.8,7.7,360,0.72,6.0,20,83,2336
0.0,9.8,7.260007623325715,360,0.69,5.0,21,83,2337
0.0,9.3,6.8500000000000005,360,0.72,6.0,22,83,2338
0.0,8.7,6.497918471982869,360,0.74,4.0,23,83,2339
0.0,8.2,6.2277568135664545,360,0.77,4.0,24,83,2340
0.0,6.8,7.803407417371093,360,0.8,2.0,1,84,2341
0.0,5.8,7.800000000000001,360,0.85,2.0,2,84,2342
0.0,6.4,7.803407417371093,360,0.83,4.0,3,84,2343
0.0,5.5,7.813397459621556,360,0.89,6.0,4,84,2344
0.0,4.8,7.829289321881346,360,0.94,4.0,5,84,2345
0.0,4.9,7.8500000000000005,360,0.95,5.0,6,84,2346
33.66666666666667,5.4,7.874118095489748,360,0.93,5.0,7,84,2347
179.55555555555554,5.9,7.9,360,0.91,7.0,8,84,2348
235.66666666666669,6.1,7.925881904510253,360,0.92,7.0,9,84,2349
213.22222222222223,5.9,7.95,360,0.91,8.0,10,84,2350
168.33333333333331,5.9,7.970710678118655,360,0.89,7.0,11,84,2351
157.1111111111111,5.5,7.986602540378445,360,0.96,7.0,12,84,2352
190.77777777777777,5.1,7.9965925826289075,360,0.96,8.0,13,84,2353
157.1111111111111,4.5,8.0,360,0.95,7.0,14,84,2354
202.0,4.0,7.9965925826289075,360,0.97,8.0,15,84,2355
112.22222222222223,3.7,7.986602540378445,360,0.96,6.0,16,84,2356
67.33333333333334,3.7,7.970710678118655,360,0.97,6.0,17,84,2357
22.444444444444443,3.8,7.95,360,1.0,4.0,18,84,2358
0.0,3.8,7.925881904510253,360,1.0,2.0,19,84,2359
0.0,3.6,7.9,360,1.0,1.0,20,84,2360
0.0,3.5,7.874118095489748,360,1.0,2.0,21,84,2361
0.0,3.8,7.8500000000000005,360,1.0,2.0,22,84,2362
0.0,3.4,7.829289321881346,360,1.0,3.0,23,84,2363
0.0,3.6,7.813397459621556,360,1.0,3.0,24,84,2364
0.0,3.6,6.247703843195304,360,0.99,3.0,1,85,2365
0.0,3.2,6.199999999999999,360,1.0,2.0,2,85,2366
0.0,2.0,6.247703843195304,360,1.0,2.0,3,85,2367
0.0,2.0,6.387564434701785,360,1.0,3.0,4,85,2368
0.0,1.6,6.610050506338832,360,1.0,4.0,5,85,2369
0.0,1.2,6.899999999999999,360,1.0,4.0,6,85,2370
89.77777777777777,1.7,7.237653336856471,360,0.99,3.0,7,85,2371
471.33333333333337,3.9,7.6,360,0.94,3.0,8,85,2372
785.5555555555557,5.7,7.962346663143529,360,0.87,4.0,9,85,2373
1077.3333333333335,7.0,8.299999999999999,360,0.79,6.0,10,85,2374
953.8888888888889,7.5,8.589949493661166,360,0.76,6.0,11,85,2375
1200.7777777777778,8.6,8.812435565298214,360,0.71,6.0,12,85,2376
909.0,7.5,8.952296156804696,360,0.63,6.0,13,85,2377
1133.4444444444443,8.4,9.0,360,0.61,6.0,14,85,2378
965.1111111111112,9.6,8.952296156804696,360,0.54,6.0,15,85,2379
808.0,9.9,8.812435565298214,360,0.49,7.0,16,85,2380
505.0,9.0,8.589949493661166,360,0.51,6.0,17,85,2381
179.55555555555554,6.5,8.299999999999999,360,0.74,6.0,18,85,2382
11.222222222222221,4.8,7.962346663143529,360,0.81,5.0,19,85,2383
0.0,3.9,7.6,360,0.84,2.0,20,85,2384
0.0,3.1,7.237653336856471,360,0.87,2.0,21,85,2385
0.0,1.3,6.9,360,0.94,2.0,22,85,2386
0.0,0.8,6.610050506338833,360,0.93,2.0,23,85,2387
0.0,0.2,6.387564434701785,360,0.96,1.0,24,85,2388
0.0,0.7,6.2340741737109315,360,0.96,3.0,1,86,2389
0.0,-0.1,6.199999999999999,360,1.0,2.0,2,86,2390
0.0,-0.2,6.2340741737109315,360,1.0,2.0,3,86,2391
0.0,0.6,6.333974596215561,360,1.0,4.0,4,86,2392
0.0,1.8,6.492893218813451,360,0.99,3.0,5,86,2393
11.222222222222221,1.9,6.699999999999999,360,0.99,5.0,6,86,2394
112.22222222222223,2.5,6.9411809548974785,360,0.99,6.0,7,86,2395
202.0,3.6,7.199999999999999,360,0.98,6.0,8,86,2396
426.44444444444446,6.0,7.45881904510252,360,0.94,6.0,9,86,2397
482.5555555555556,7.0,7.699999999999999,360,0.91,9.0,10,86,2398
471.33333333333337,7.2,7.907106781186546,360,0.98,8.0,11,86,2399
347.8888888888889,7.2,8.066025403784437,360,1.0,9.0,12,86,2400
325.44444444444446,7.6,8.165925826289067,360,1.0,11.0,13,86,2401
314.2222222222222,8.1,8.2,360,1.0,9.0,14,86,2402
303.0,8.7,8.165925826289067,360,1.0,9.0,15,86,2403
269.33333333333337,9.3,8.066025403784437,360,1.0,8.0,16,86,2404
89.77777777777777,9.6,7.907106781186546,360,1.0,5.0,17,86,2405
56.111111111111114,9.8,7.699999999999999,360,1.0,4.0,18,86,2406
0.0,9.1,7.45881904510252,360,1.0,2.0,19,86,2407
0.0,9.1,7.199999999999999,360,1.0,2.0,20,86,2408
0.0,9.1,6.9411809548974785,360,0.97,4.0,21,86,2409
0.0,6.8,6.699999999999999,360,0.99,4.0,22,86,2410
0.0,6.0,6.492893218813452,360,0.96,2.0,23,86,2411
0.0,5.7,6.333974596215561,360,0.94,2.0,24,86,2412
0.0,5.6,6.354518677937492,360,0.93,4.0,1,87,2413
0.0,5.1,6.300000000000001,360,0.95,4.0,2,87,2414
0.0,4.5,6.354518677937491,360,0.98,4.0,3,87,2415
0.0,3.8,6.514359353944898,360,0.99,2.0,4,87,2416
0.0,1.2,6.768629150101524,360,1.0,2.0,5,87,2417
0.0,2.0,7.1,360,1.0,3.0,6,87,2418
157.1111111111111,3.4,7.485889527835967,360,1.0,2.0,7,87,2419
505.0,5.8,7.9,360,0.95,4.0,8,87,2420
886.5555555555555,8.3,8.314110472164034,360,0.9,3.0,9,87,2421
1111.0,9.8,8.700000000000001,360,0.76,5.0,10,87,2422
841.6666666666666,9.8,9.031370849898476,360,0.71,7.0,11,87,2423
1122.2222222222222,11.0,9.285640646055102,360,0.7,6.0,12,87,2424
852.8888888888889,10.7,9.44548132206251,360,0.7,6.0,13,87,2425
583.5555555555555,10.6,9.5,360,0.73,6.0,14,87,2426
516.2222222222223,10.4,9.44548132206251,360,0.75,6.0,15,87,2427
258.11111111111114,8.7,9.285640646055102,360,0.87,6.0,16,87,2428
179.55555555555554,8.5,9.031370849898476,360,0.9,4.0,17,87,2429
56.111111111111114,7.8,8.700000000000001,360,0.99,2.0,18,87,2430
0.0,7.6,8.314110472164034,360,1.0,2.0,19,87,2431
0.0,7.6,7.9,360,1.0,4.0,20,87,2432
0.0,7.8,7.485889527835967,360,1.0,4.0,21,87,2433
0.0,7.9,7.1000000000000005,360,1.0,5.0,22,87,2434
0.0,8.1,6.768629150101525,360,1.0,6.0,23,87,2435
0.0,8.2,6.514359353944898,360,1.0,6.0,24,87,2436
0.0,8.6,8.827259338968748,360,1.0,5.0,1,88,2437
0.0,9.4,8.8,360,1.0,5.0,2,88,2438
0.0,10.1,8.827259338968746,360,1.0,5.0,3,88,2439
0.0,10.3,8.90717967697245,360,1.0,4.0,4,88,2440
0.0,10.4,9.034314575050763,360,1.0,5.0,5,88,2441
0.0,10.4,9.200000000000001,360,1.0,6.0,6,88,2442
44.888888888888886,10.4,9.392944763917985,360,1.0,8.0,7,88,2443
101.0,10.4,9.600000000000001,360,1.0,7.0,8,88,2444
246.8888888888889,10.7,9.807055236082018,360,1.0,10.0,9,88,2445
516.2222222222223,11.2,10.000000000000002,360,0.98,10.0,10,88,2446
538.6666666666667,11.6,10.16568542494924,360,0.97,10.0,11,88,2447
392.7777777777778,11.1,10.292820323027552,360,0.99,9.0,12,88,2448
437.6666666666667,12.1,10.372740661031257,360,0.97,10.0,13,88,2449
448.8888888888889,12.0,10.400000000000002,360,0.94,8.0,14,88,2450
381.55555555555554,11.5,10.372740661031257,360,0.97,10.0,15,88,2451
258.11111111111114,11.1,10.292820323027552,360,0.98,9.0,16,88,2452
134.66666666666669,10.9,10.16568542494924,360,0.97,10.0,17,88,2453
56.111111111111114,10.8,10.000000000000002,360,0.97,8.0,18,88,2454
0.0,10.5,9.807055236082018,360,0.98,9.0,19,88,2455
0.0,10.3,9.600000000000001,360,1.0,8.0,20,88,2456
0.0,10.4,9.392944763917985,360,1.0,8.0,21,88,2457
0.0,10.6,9.200000000000001,360,1.0,8.0,22,88,2458
0.0,10.6,9.034314575050765,360,1.0,9.0,23,88,2459
0.0,10.5,8.90717967697245,360,1.0,9.0,24,88,2460
0.0,10.4,9.711925960798826,360,1.0,8.0,1,89,2461
0.0,10.1,9.7,360,1.0,7.0,2,89,2462
0.0,10.2,9.711925960798826,360,1.0,7.0,3,89,2463
0.0,10.2,9.746891108675447,360,0.98,8.0,4,89,2464
0.0,10.0,9.802512626584708,360,0.98,9.0,5,89,2465
0.0,9.8,9.875,360,0.99,9.0,6,89,2466
22.444444444444443,9.7,9.95941333421412,360,1.0,8.0,7,89,2467
89.77777777777777,10.1,10.05,360,0.99,9.0,8,89,2468
157.1111111111111,10.5,10.140586665785882,360,0.99,11.0,9,89,2469
202.0,10.7,10.225000000000001,360,1.0,13.0,10,89,2470
347.8888888888889,11.1,10.297487373415294,360,0.99,14.0,11,89,2471
291.77777777777777,11.2,10.353108891324554,360,0.99,12.0,12,89,2472
359.1111111111111,11.3,10.388074039201175,360,0.99,12.0,13,89,2473
246.8888888888889,11.1,10.400000000000002,360,1.0,12.0,14,89,2474
258.11111111111114,11.1,10.388074039201175,360,1.0,12.0,15,89,2475
134.66666666666669,10.9,10.353108891324554,360,1.0,14.0,16,89,2476
67.33333333333334,10.8,10.297487373415294,360,1.0,14.0,17,89,2477
33.66666666666667,10.7,10.225000000000001,360,1.0,12.0,18,89,2478
0.0,10.6,10.140586665785882,360,1.0,12.0,19,89,2479
0.0,10.6,10.05,360,1.0,10.0,20,89,2480
0.0,10.7,9.95941333421412,360,1.0,12.0,21,89,2481
0.0,10.9,9.875,360,1.0,14.0,22,89,2482
0.0,10.8,9.80251262658471,360,1.0,14.0,23,89,2483
0.0,10.7,9.746891108675447,360,1.0,13.0,24,89,2484
0.0,10.5,10.030666756339839,360,1.0,11.0,1,90,2485
0.0,10.4,10.0,360,1.0,12.0,2,90,2486
0.0,10.3,10.030666756339839,360,1.0,11.0,3,90,2487
0.0,10.4,10.120577136594004,360,1.0,11.0,4,90,2488
0.0,10.5,10.263603896932107,360,1.0,10.0,5,90,2489
0.0,10.7,10.45,360,1.0,8.0,6,90,2490
44.888888888888886,10.9,10.667062859407732,360,1.0,9.0,7,90,2491
179.55555555555554,11.5,10.9,360,1.0,8.0,8,90,2492
336.66666666666663,12.0,11.132937140592269,360,1.0,8.0,9,90,2493
482.5555555555556,12.4,11.350000000000001,360,1.0,9.0,10,90,2494
505.0,12.9,11.536396103067894,360,0.98,8.0,11,90,2495
606.0,12.8,11.679422863405996,360,0.97,9.0,12,90,2496
808.0,13.8,11.769333243660162,360,0.94,10.0,13,90,2497
505.0,12.6,11.8,360,0.97,10.0,14,90,2498
370.33333333333337,12.8,11.769333243660162,360,0.99,10.0,15,90,2499
493.7777777777778,12.9,11.679422863405996,360,0.94,9.0,16,90,2500
