PARi,air_temperature,soil_temperature,ambient_CO2,humidity,Wind,hour,DOY,t
258.11111111111114,13.1,10.012916512459885,360,0.91,4.0,12,351,0
280.55555555555554,13.9,10.077851787087893,360,0.91,4.0,13,351,1
168.33333333333331,13.7,10.099999999999998,360,0.9,4.0,14,351,2
101.0,13.4,10.077851787087893,360,0.91,4.0,15,351,3
44.888888888888886,12.4,10.012916512459885,360,0.95,2.0,16,351,4
0.0,12.4,9.909619407771254,360,0.92,4.0,17,351,5
0.0,12.2,9.774999999999999,360,0.95,4.0,18,351,6
0.0,12.8,9.618232379316638,360,0.9,5.0,19,351,7
0.0,13.3,9.45,360,0.83,5.0,20,351,8
0.0,12.5,9.281767620683361,360,0.86,5.0,21,351,9
0.0,11.7285714285714,9.125,360,0.878571428571429,4.42857142857143,22,351,10
0.0,10.9571428571429,8.990380592228744,360,0.8971428571428569,3.85714285714286,23,351,11
0.0,10.1857142857143,8.887083487540114,360,0.9157142857142859,3.28571428571429,24,351,12
0.0,9.41428571428571,9.017037086855465,360,0.934285714285714,2.71428571428571,1,352,13
0.0,8.64285714285714,9.0,360,0.9528571428571431,2.14285714285714,2,352,14
0.0,7.87142857142857,9.017037086855465,360,0.971428571428571,1.57142857142857,3,352,15
0.0,7.1,9.066987298107781,360,0.99,1.0,4,352,16
0.0,6.8,9.146446609406727,360,1.0,2.0,5,352,17
0.0,9.0,9.25,360,0.98,2.0,6,352,18
0.0,8.8,9.37059047744874,360,0.96,3.0,7,352,19
11.222222222222221,11.7,9.5,360,0.86,5.0,8,352,20
202.0,12.1,9.62940952255126,360,0.86,4.0,9,352,21
370.33333333333337,13.9,9.75,360,0.78,6.0,10,352,22
505.0,14.7,9.853553390593273,360,0.77,8.0,11,352,23
471.33333333333337,14.9,9.933012701892219,360,0.77,8.0,12,352,24
448.8888888888889,15.0,9.982962913144535,360,0.77,8.0,13,352,25
280.55555555555554,14.2,10.0,360,0.83,7.0,14,352,26
134.66666666666669,13.8,9.982962913144535,360,0.83,5.0,15,352,27
56.111111111111114,13.2,9.933012701892219,360,0.83,5.0,16,352,28
0.0,12.8,9.853553390593273,360,0.84,6.0,17,352,29
0.0,12.2,9.75,360,0.85,6.0,18,352,30
0.0,11.9,9.62940952255126,360,0.85,6.0,19,352,31
0.0,11.7,9.5,360,0.86,6.0,20,352,32
0.0,11.7,9.37059047744874,360,0.86,7.0,21,352,33
0.0,11.4,9.25,360,0.88,7.0,22,352,34
0.0,10.7,9.146446609406727,360,0.91,6.0,23,352,35
0.0,10.7,9.066987298107781,360,0.93,5.0,24,352,36
0.0,10.6,9.718740795541011,360,0.95,4.0,1,353,37
0.0,10.9,9.7,360,0.95,6.0,2,353,38
0.0,11.0,9.718740795541011,360,0.95,7.0,3,353,39
0.0,11.0,9.773686027918558,360,0.95,8.0,4,353,40
0.0,10.8,9.861091270347398,360,0.95,6.0,5,353,41
0.0,10.9,9.975,360,0.95,6.0,6,353,42
0.0,10.7,10.107649525193613,360,0.96,6.0,7,353,43
0.0,10.7,10.25,360,0.95,6.0,8,353,44
78.55555555555554,11.0,10.392350474806387,360,0.95,6.0,9,353,45
202.0,11.8,10.525,360,0.92,6.0,10,353,46
269.33333333333337,12.6,10.638908729652602,360,0.89,5.0,11,353,47
415.2222222222223,13.3,10.726313972081442,360,0.87,6.0,12,353,48
460.11111111111114,14.4,10.781259204458989,360,0.85,4.0,13,353,49
415.2222222222223,14.5,10.8,360,0.86,4.0,14,353,50
314.2222222222222,14.6,10.781259204458989,360,0.85,4.0,15,353,51
89.77777777777777,12.3,10.726313972081442,360,0.89,3.0,16,353,52
0.0,12.0,10.638908729652602,360,0.91,3.0,17,353,53
0.0,10.9,10.525,360,0.92,3.0,18,353,54
0.0,10.1,10.392350474806387,360,0.93,2.0,19,353,55
0.0,11.2,10.25,360,0.9,3.0,20,353,56
0.0,9.2,10.107649525193613,360,0.95,4.0,21,353,57
0.0,8.6,9.975,360,0.98,2.0,22,353,58
0.0,8.6,9.861091270347398,360,0.97,2.0,23,353,59
0.0,8.1,9.773686027918558,360,0.98,2.0,24,353,60
0.0,8.8,9.117037086855465,360,0.96,3.0,1,354,61
0.0,8.5,9.1,360,0.96,3.0,2,354,62
0.0,7.7,9.117037086855465,360,0.99,3.0,3,354,63
0.0,7.0,9.166987298107781,360,0.98,3.0,4,354,64
0.0,7.9,9.246446609406725,360,0.98,3.0,5,354,65
0.0,7.9,9.35,360,0.97,3.0,6,354,66
0.0,7.0,9.47059047744874,360,0.98,2.0,7,354,67
11.222222222222221,8.6,9.6,360,0.95,4.0,8,354,68
145.88888888888889,11.2,9.72940952255126,360,0.86,6.0,9,354,69
347.8888888888889,13.2,9.85,360,0.78,7.0,10,354,70
561.1111111111111,14.6,9.953553390593273,360,0.71,7.0,11,354,71
583.5555555555555,15.1,10.033012701892218,360,0.7,7.0,12,354,72
505.0,15.4,10.082962913144534,360,0.71,6.0,13,354,73
471.33333333333337,15.9,10.1,360,0.72,5.0,14,354,74
314.2222222222222,15.3,10.082962913144534,360,0.73,5.0,15,354,75
145.88888888888889,14.5,10.033012701892218,360,0.73,5.0,16,354,76
11.222222222222221,13.7,9.953553390593273,360,0.75,6.0,17,354,77
0.0,14.1,9.85,360,0.73,7.0,18,354,78
0.0,14.0,9.72940952255126,360,0.71,8.0,19,354,79
0.0,13.3,9.6,360,0.75,8.0,20,354,80
0.0,12.6,9.47059047744874,360,0.79,7.0,21,354,81
0.0,12.5,9.35,360,0.81,8.0,22,354,82
0.0,12.3,9.246446609406727,360,0.82,9.0,23,354,83
0.0,11.4,9.166987298107781,360,0.86,10.0,24,354,84
0.0,11.1,9.317037086855466,360,0.87,9.0,1,355,85
0.0,10.8,9.3,360,0.88,9.0,2,355,86
0.0,10.8,9.317037086855466,360,0.87,11.0,3,355,87
0.0,10.0,9.366987298107782,360,0.9,8.0,4,355,88
0.0,9.9,9.446446609406728,360,0.91,5.0,5,355,89
0.0,9.5,9.55,360,0.93,5.0,6,355,90
0.0,9.3,9.67059047744874,360,0.94,5.0,7,355,91
0.0,9.4,9.8,360,0.94,6.0,8,355,92
56.111111111111114,9.4,9.92940952255126,360,0.94,5.0,9,355,93
336.66666666666663,11.5,10.05,360,0.89,8.0,10,355,94
493.7777777777778,12.7,10.153553390593274,360,0.85,8.0,11,355,95
426.44444444444446,12.9,10.23301270189222,360,0.85,8.0,12,355,96
426.44444444444446,13.8,10.282962913144535,360,0.84,6.0,13,355,97
258.11111111111114,13.6,10.3,360,0.84,6.0,14,355,98
190.77777777777777,13.4,10.282962913144535,360,0.87,6.0,15,355,99
22.444444444444443,13.1,10.23301270189222,360,0.88,4.0,16,355,100
0.0,12.8,10.153553390593274,360,0.91,4.0,17,355,101
0.0,12.0,10.05,360,0.96,4.0,18,355,102
0.0,11.6,9.92940952255126,360,0.97,4.0,19,355,103
0.0,11.2,9.8,360,0.97,5.0,20,355,104
0.0,10.9,9.67059047744874,360,0.93,6.0,21,355,105
0.0,10.4,9.55,360,0.97,6.0,22,355,106
0.0,10.0,9.446446609406728,360,0.95,6.0,23,355,107
0.0,9.6,9.366987298107782,360,0.96,6.0,24,355,108
0.0,9.2,9.508518543427734,360,0.97,6.0,1,356,109
0.0,9.3,9.5,360,0.97,5.0,2,356,110
0.0,9.0,9.508518543427734,360,0.98,6.0,3,356,111
0.0,8.7,9.53349364905389,360,0.99,5.0,4,356,112
0.0,8.3,9.573223304703363,360,1.0,6.0,5,356,113
0.0,8.3,9.625,360,1.0,6.0,6,356,114
0.0,8.7,9.68529523872437,360,1.0,7.0,7,356,115
11.222222222222221,8.5,9.75,360,0.99,6.0,8,356,116
145.88888888888889,8.9,9.81470476127563,360,0.99,5.0,9,356,117
359.1111111111111,10.6,9.875,360,0.93,6.0,10,356,118
561.1111111111111,12.1,9.926776695296637,360,0.88,8.0,11,356,119
650.8888888888889,13.2,9.96650635094611,360,0.83,8.0,12,356,120
426.44444444444446,12.9,9.991481456572266,360,0.81,10.0,13,356,121
258.11111111111114,12.7,10.0,360,0.83,9.0,14,356,122
202.0,12.2,9.991481456572266,360,0.79,8.0,15,356,123
44.888888888888886,11.7,9.96650635094611,360,0.82,6.0,16,356,124
0.0,11.5,9.926776695296637,360,0.85,6.0,17,356,125
0.0,11.5,9.875,360,0.85,6.0,18,356,126
0.0,11.5,9.81470476127563,360,0.84,7.0,19,356,127
0.0,11.1,9.75,360,0.85,7.0,20,356,128
0.0,10.4,9.68529523872437,360,0.86,7.0,21,356,129
0.0,9.2,9.625,360,0.93,6.0,22,356,130
0.0,9.6,9.573223304703363,360,0.89,6.0,23,356,131
0.0,9.4,9.53349364905389,360,0.89,6.0,24,356,132
0.0,8.2,9.01022225211328,360,0.94,6.0,1,357,133
0.0,7.5,9.0,360,0.96,5.0,2,357,134
0.0,7.7,9.01022225211328,360,0.96,6.0,3,357,135
0.0,7.6,9.040192378864669,360,0.97,6.0,4,357,136
0.0,7.4,9.087867965644037,360,0.98,7.0,5,357,137
0.0,7.0,9.15,360,0.99,6.0,6,357,138
0.0,6.7,9.222354286469244,360,1.0,6.0,7,357,139
11.222222222222221,6.7,9.3,360,1.0,7.0,8,357,140
157.1111111111111,7.8,9.377645713530757,360,0.97,8.0,9,357,141
336.66666666666663,7.5,9.450000000000001,360,1.0,8.0,10,357,142
280.55555555555554,8.9,9.512132034355965,360,1.0,8.0,11,357,143
269.33333333333337,9.5,9.559807621135333,360,0.98,8.0,12,357,144
437.6666666666667,9.7,9.589777747886721,360,0.96,8.0,13,357,145
505.0,10.5,9.600000000000001,360,0.92,8.0,14,357,146
370.33333333333337,10.8,9.589777747886721,360,0.9,8.0,15,357,147
123.44444444444446,10.0,9.559807621135333,360,0.92,6.0,16,357,148
0.0,8.8,9.512132034355965,360,0.96,6.0,17,357,149
0.0,8.2,9.450000000000001,360,0.98,6.0,18,357,150
0.0,8.7,9.377645713530757,360,0.99,7.0,19,357,151
0.0,9.3,9.3,360,0.99,8.0,20,357,152
0.0,10.0,9.222354286469244,360,0.97,8.0,21,357,153
0.0,10.4,9.15,360,0.96,9.0,22,357,154
0.0,10.4,9.087867965644037,360,0.95,9.0,23,357,155
0.0,10.2,9.040192378864669,360,0.94,9.0,24,357,156
0.0,10.2,9.31533337816992,360,0.94,8.0,1,358,157
0.0,9.7,9.3,360,0.97,7.0,2,358,158
0.0,10.0,9.31533337816992,360,0.95,9.0,3,358,159
0.0,10.0,9.360288568297003,360,0.94,7.0,4,358,160
0.0,9.9,9.431801948466054,360,0.94,8.0,5,358,161
0.0,9.1,9.525,360,0.99,7.0,6,358,162
0.0,9.1,9.633531429703867,360,0.99,6.0,7,358,163
0.0,9.1,9.75,360,0.98,5.0,8,358,164
44.888888888888886,8.8,9.866468570296135,360,1.0,6.0,9,358,165
123.44444444444446,8.9,9.975,360,1.0,4.0,10,358,166
157.1111111111111,9.2,10.068198051533946,360,1.0,5.0,11,358,167
123.44444444444446,9.2,10.139711431702997,360,1.0,4.0,12,358,168
258.11111111111114,9.9,10.18466662183008,360,1.0,4.0,13,358,169
314.2222222222222,10.1,10.2,360,1.0,4.0,14,358,170
101.0,9.9,10.18466662183008,360,1.0,3.0,15,358,171
56.111111111111114,9.8,10.139711431702997,360,1.0,2.0,16,358,172
0.0,9.6,10.068198051533946,360,1.0,4.0,17,358,173
0.0,9.0,9.975,360,1.0,4.0,18,358,174
0.0,9.1,9.866468570296135,360,1.0,2.0,19,358,175
0.0,8.4,9.75,360,1.0,2.0,20,358,176
0.0,7.6,9.633531429703867,360,1.0,2.0,21,358,177
0.0,8.9,9.525,360,1.0,2.0,22,358,178
0.0,8.6,9.431801948466054,360,1.0,3.0,23,358,179
0.0,8.0,9.360288568297003,360,1.0,2.0,24,358,180
0.0,9.3,9.408518543427734,360,0.98,4.0,1,359,181
0.0,9.5,9.4,360,0.94,6.0,2,359,182
0.0,9.7,9.408518543427734,360,0.93,6.0,3,359,183
0.0,9.4,9.43349364905389,360,0.94,9.0,4,359,184
0.0,9.1,9.473223304703364,360,0.95,8.0,5,359,185
0.0,9.0,9.525,360,0.95,9.0,6,359,186
0.0,8.6,9.58529523872437,360,0.96,10.0,7,359,187
11.222222222222221,8.5,9.65,360,0.96,10.0,8,359,188
89.77777777777777,8.8,9.71470476127563,360,0.97,8.0,9,359,189
67.33333333333334,9.2,9.775,360,0.96,7.0,10,359,190
67.33333333333334,9.4,9.826776695296637,360,0.96,6.0,11,359,191
179.55555555555554,10.0,9.86650635094611,360,0.96,8.0,12,359,192
280.55555555555554,10.6,9.891481456572267,360,0.94,8.0,13,359,193
347.8888888888889,11.2,9.9,360,0.93,8.0,14,359,194
145.88888888888889,11.3,9.891481456572267,360,0.92,7.0,15,359,195
78.55555555555554,11.5,9.86650635094611,360,0.92,6.0,16,359,196
0.0,10.8,9.826776695296637,360,0.93,6.0,17,359,197
0.0,10.8,9.775,360,0.92,6.0,18,359,198
0.0,10.7,9.71470476127563,360,0.91,7.0,19,359,199
0.0,10.5,9.65,360,0.92,6.0,20,359,200
0.0,10.3,9.58529523872437,360,0.91,7.0,21,359,201
0.0,9.5,9.525,360,0.93,8.0,22,359,202
0.0,9.4,9.473223304703364,360,0.93,7.0,23,359,203
0.0,9.7,9.43349364905389,360,0.93,8.0,24,359,204
0.0,9.5,9.213629669484373,360,0.94,7.0,1,360,205
0.0,9.4,9.2,360,0.95,6.0,2,360,206
0.0,9.2,9.213629669484371,360,0.98,7.0,3,360,207
0.0,9.1,9.253589838486224,360,0.99,8.0,4,360,208
0.0,8.8,9.31715728752538,360,1.0,6.0,5,360,209
0.0,8.3,9.399999999999999,360,1.0,8.0,6,360,210
0.0,8.4,9.496472381958991,360,1.0,8.0,7,360,211
11.222222222222221,8.4,9.6,360,1.0,8.0,8,360,212
89.77777777777777,8.8,9.703527618041008,360,1.0,7.0,9,360,213
314.2222222222222,10.4,9.8,360,0.96,6.0,10,360,214
516.2222222222223,12.3,9.882842712474618,360,0.91,9.0,11,360,215
606.0,13.1,9.946410161513775,360,0.89,10.0,12,360,216
617.2222222222222,13.9,9.986370330515628,360,0.86,7.0,13,360,217
460.11111111111114,13.9,10.0,360,0.86,6.0,14,360,218
280.55555555555554,13.5,9.986370330515628,360,0.87,6.0,15,360,219
123.44444444444446,11.8,9.946410161513775,360,0.9,5.0,16,360,220
11.222222222222221,10.9,9.882842712474618,360,0.91,4.0,17,360,221
0.0,9.1,9.8,360,0.95,2.0,18,360,222
0.0,8.8,9.703527618041008,360,0.96,2.0,19,360,223
0.0,11.1,9.6,360,0.9,5.0,20,360,224
0.0,11.0,9.496472381958991,360,0.9,4.0,21,360,225
0.0,9.2,9.4,360,0.94,4.0,22,360,226
0.0,9.1,9.317157287525381,360,0.96,4.0,23,360,227
0.0,8.8,9.253589838486224,360,0.97,4.0,24,360,228
0.0,8.7,8.715333378169918,360,0.97,4.0,1,361,229
0.0,8.8,8.7,360,0.97,5.0,2,361,230
0.0,8.9,8.715333378169918,360,0.96,6.0,3,361,231
0.0,8.4,8.760288568297002,360,0.96,6.0,4,361,232
0.0,7.3,8.831801948466051,360,0.99,4.0,5,361,233
0.0,6.5,8.924999999999999,360,0.98,3.0,6,361,234
0.0,7.3,9.033531429703864,360,0.98,4.0,7,361,235
11.222222222222221,7.9,9.149999999999999,360,0.97,6.0,8,361,236
145.88888888888889,9.2,9.266468570296134,360,0.94,8.0,9,361,237
325.44444444444446,10.4,9.374999999999998,360,0.91,8.0,10,361,238
561.1111111111111,11.5,9.468198051533944,360,0.9,8.0,11,361,239
662.1111111111112,13.1,9.539711431702996,360,0.86,8.0,12,361,240
628.4444444444443,13.6,9.58466662183008,360,0.84,7.0,13,361,241
527.4444444444445,14.1,9.599999999999998,360,0.82,8.0,14,361,242
347.8888888888889,13.2,9.58466662183008,360,0.84,6.0,15,361,243
123.44444444444446,12.1,9.539711431702996,360,0.88,6.0,16,361,244
11.222222222222221,11.1,9.468198051533944,360,0.9,5.0,17,361,245
0.0,10.4,9.374999999999998,360,0.91,5.0,18,361,246
0.0,10.2,9.266468570296134,360,0.92,6.0,19,361,247
0.0,9.9,9.149999999999999,360,0.92,5.0,20,361,248
0.0,10.4,9.033531429703864,360,0.91,7.0,21,361,249
0.0,9.4,8.924999999999999,360,0.94,7.0,22,361,250
0.0,8.0,8.831801948466053,360,0.98,4.0,23,361,251
0.0,9.2,8.760288568297002,360,0.97,6.0,24,361,252
0.0,8.9,8.711925960798826,360,0.97,6.0,1,362,253
0.0,8.9,8.7,360,0.98,6.0,2,362,254
0.0,8.3,8.711925960798826,360,0.99,6.0,3,362,255
0.0,7.9,8.746891108675447,360,0.99,5.0,4,362,256
0.0,7.9,8.802512626584708,360,0.98,6.0,5,362,257
0.0,7.7,8.875,360,0.98,6.0,6,362,258
0.0,7.4,8.95941333421412,360,0.98,6.0,7,362,259
0.0,7.5,9.05,360,0.97,7.0,8,362,260
112.22222222222223,8.8,9.140586665785882,360,0.93,8.0,9,362,261
325.44444444444446,9.3,9.225000000000001,360,0.92,7.0,10,362,262
493.7777777777778,10.9,9.297487373415294,360,0.88,7.0,11,362,263
594.7777777777778,12.1,9.353108891324554,360,0.84,6.0,12,362,264
561.1111111111111,13.1,9.388074039201175,360,0.81,6.0,13,362,265
471.33333333333337,13.1,9.400000000000002,360,0.8,7.0,14,362,266
291.77777777777777,11.8,9.388074039201175,360,0.85,4.0,15,362,267
78.55555555555554,10.3,9.353108891324554,360,0.88,2.0,16,362,268
0.0,9.2,9.297487373415294,360,0.91,2.0,17,362,269
0.0,9.0,9.225000000000001,360,0.91,2.0,18,362,270
0.0,8.5,9.140586665785882,360,0.9,3.0,19,362,271
0.0,7.2,9.05,360,0.93,2.0,20,362,272
0.0,6.6,8.95941333421412,360,0.94,2.0,21,362,273
0.0,6.5,8.875,360,0.96,2.0,22,362,274
0.0,6.8,8.80251262658471,360,0.95,1.0,23,362,275
0.0,6.7,8.746891108675447,360,0.92,2.0,24,362,276
0.0,6.0,7.823851921597653,360,0.93,2.0,1,363,277
0.0,5.9,7.800000000000001,360,0.94,2.0,2,363,278
0.0,5.7,7.823851921597653,360,0.94,3.0,3,363,279
0.0,5.7,7.893782217350893,360,0.97,2.0,4,363,280
0.0,5.6,8.005025253169416,360,0.98,2.0,5,363,281
0.0,8.6,8.15,360,0.91,4.0,6,363,282
0.0,8.9,8.318826668428235,360,0.89,6.0,7,363,283
0.0,10.2,8.5,360,0.84,8.0,8,363,284
67.33333333333334,10.9,8.681173331571765,360,0.81,8.0,9,363,285
145.88888888888889,11.9,8.85,360,0.77,9.0,10,363,286
280.55555555555554,12.6,8.994974746830582,360,0.75,10.0,11,363,287
404.0,13.2,9.106217782649107,360,0.73,12.0,12,363,288
269.33333333333337,13.6,9.176148078402347,360,0.72,12.0,13,363,289
235.66666666666669,14.1,9.2,360,0.7,11.0,14,363,290
168.33333333333331,13.2,9.176148078402347,360,0.74,8.0,15,363,291
56.111111111111114,13.6,9.106217782649107,360,0.71,8.0,16,363,292
11.222222222222221,13.2,8.994974746830582,360,0.72,10.0,17,363,293
0.0,13.5,8.85,360,0.7,9.0,18,363,294
0.0,13.1,8.681173331571765,360,0.72,10.0,19,363,295
0.0,12.8,8.5,360,0.72,11.0,20,363,296
0.0,12.6,8.318826668428235,360,0.73,11.0,21,363,297
0.0,12.3,8.15,360,0.76,10.0,22,363,298
0.0,12.5,8.005025253169418,360,0.76,11.0,23,363,299
0.0,11.4,7.893782217350893,360,0.85,9.0,24,363,300
0.0,10.5,8.910222252113279,360,0.95,8.0,1,364,301
0.0,9.3,8.899999999999999,360,0.96,8.0,2,364,302
0.0,8.8,8.910222252113279,360,0.99,4.0,3,364,303
0.0,8.6,8.940192378864667,360,0.99,4.0,4,364,304
0.0,9.0,8.987867965644035,360,0.98,8.0,5,364,305
0.0,8.3,9.049999999999999,360,0.96,8.0,6,364,306
0.0,7.1,9.122354286469243,360,0.98,5.0,7,364,307
11.222222222222221,7.4,9.2,360,0.99,6.0,8,364,308
134.66666666666669,8.4,9.277645713530756,360,0.98,6.0,9,364,309
370.33333333333337,10.0,9.35,360,0.93,7.0,10,364,310
426.44444444444446,11.4,9.412132034355963,360,0.9,6.0,11,364,311
561.1111111111111,11.9,9.459807621135331,360,0.84,6.0,12,364,312
527.4444444444445,11.6,9.48977774788672,360,0.82,8.0,13,364,313
426.44444444444446,12.4,9.5,360,0.8,6.0,14,364,314
370.33333333333337,11.7,9.48977774788672,360,0.86,6.0,15,364,315
101.0,9.9,9.459807621135331,360,0.89,4.0,16,364,316
11.222222222222221,7.2,9.412132034355963,360,0.96,2.0,17,364,317
0.0,7.4,9.35,360,0.97,2.0,18,364,318
0.0,8.2,9.277645713530756,360,0.96,4.0,19,364,319
0.0,8.6,9.2,360,0.92,6.0,20,364,320
0.0,9.2,9.122354286469243,360,0.92,5.0,21,364,321
0.0,9.2,9.049999999999999,360,0.91,5.0,22,364,322
0.0,9.3,8.987867965644035,360,0.91,5.0,23,364,323
0.0,9.0,8.940192378864667,360,0.92,5.0,24,364,324
0.0,8.6,8.217037086855465,360,0.94,6.0,1,365,325
0.0,8.0,8.2,360,0.94,5.0,2,365,326
0.0,6.5,8.217037086855465,360,0.98,2.0,3,365,327
0.0,6.0,8.26698729810778,360,0.98,2.0,4,365,328
0.0,5.5,8.346446609406726,360,0.99,3.0,5,365,329
0.0,5.2,8.45,360,0.99,3.0,6,365,330
0.0,5.4,8.57059047744874,360,0.98,4.0,7,365,331
11.222222222222221,5.6,8.7,360,0.97,4.0,8,365,332
112.22222222222223,6.3,8.82940952255126,360,0.95,4.0,9,365,333
336.66666666666663,9.0,8.95,360,0.86,4.0,10,365,334
505.0,10.6,9.053553390593272,360,0.8,4.0,11,365,335
628.4444444444443,12.6,9.133012701892218,360,0.63,7.0,12,365,336
617.2222222222222,13.2,9.182962913144534,360,0.62,9.0,13,365,337
549.8888888888889,13.5,9.2,360,0.59,8.0,14,365,338
280.55555555555554,13.0,9.182962913144534,360,0.64,7.0,15,365,339
123.44444444444446,11.5,9.133012701892218,360,0.7,7.0,16,365,340
11.222222222222221,11.8,9.053553390593272,360,0.65,6.0,17,365,341
0.0,11.4,8.95,360,0.68,7.0,18,365,342
0.0,12.2,8.82940952255126,360,0.65,10.0,19,365,343
0.0,12.1,8.7,360,0.7,10.0,20,365,344
0.0,12.2,8.57059047744874,360,0.71,9.0,21,365,345
0.0,11.9,8.45,360,0.76,10.0,22,365,346
0.0,10.3,8.346446609406726,360,0.91,10.0,23,365,347
0.0,9.8,8.26698729810778,360,0.99,8.0,24,365,348
0.0,9.8,8.611925960798825,360,1.0,4.0,1,366,349
0.0,10.1,8.599999999999998,360,1.0,6.0,2,366,350
0.0,10.6,8.611925960798825,360,0.97,7.0,3,366,351
0.0,9.6,8.646891108675446,360,0.98,8.0,4,366,352
0.0,8.6,8.702512626584706,360,0.99,4.0,5,366,353
0.0,7.6,8.774999999999999,360,1.0,3.0,6,366,354
0.0,5.8,8.859413334214118,360,1.0,2.0,7,366,355
0.0,6.8,8.95,360,1.0,3.0,8,366,356
112.22222222222223,7.8,9.04058666578588,360,0.99,4.0,9,366,357
235.66666666666669,8.8,9.125,360,0.98,6.0,10,366,358
426.44444444444446,9.7,9.197487373415292,360,0.96,4.0,11,366,359
404.0,10.6,9.253108891324553,360,0.93,6.0,12,366,360
527.4444444444445,11.5,9.288074039201174,360,0.85,6.0,13,366,361
404.0,11.3,9.3,360,0.82,6.0,14,366,362
145.88888888888889,10.2,9.288074039201174,360,0.87,4.0,15,366,363
67.33333333333334,10.0,9.253108891324553,360,0.86,5.0,16,366,364
11.222222222222221,8.1,9.197487373415292,360,0.93,8.0,17,366,365
0.0,8.0,9.125,360,0.9,3.0,18,366,366
0.0,7.8,9.04058666578588,360,0.93,4.0,19,366,367
0.0,7.6,8.95,360,0.93,6.0,20,366,368
0.0,6.9,8.859413334214118,360,0.97,5.0,21,366,369
0.0,6.9,8.774999999999999,360,0.99,5.0,22,366,370
0.0,6.9,8.702512626584708,360,1.0,5.0,23,366,371
0.0,6.8,8.646891108675446,360,1.0,5.0,24,366,372
0.0,12.3,10.111925960798825,360,0.79,10.0,1,1,373
0.0,11.7,10.099999999999998,360,0.82,9.0,2,1,374
0.0,11.7,10.111925960798825,360,0.8,8.0,3,1,375
0.0,11.5,10.146891108675446,360,0.81,7.0,4,1,376
0.0,11.2,10.202512626584706,360,0.84,6.0,5,1,377
0.0,10.9,10.274999999999999,360,0.88,6.0,6,1,378
0.0,11.1,10.359413334214118,360,0.87,8.0,7,1,379
0.0,11.1,10.45,360,0.89,6.0,8,1,380
67.33333333333334,11.7,10.54058666578588,360,0.88,7.0,9,1,381
112.22222222222223,12.0,10.625,360,0.87,8.0,10,1,382
145.88888888888889,12.4,10.697487373415292,360,0.86,7.0,11,1,383
246.8888888888889,13.7,10.753108891324553,360,0.78,10.0,12,1,384
213.22222222222223,14.5,10.788074039201174,360,0.71,10.0,13,1,385
291.77777777777777,15.9,10.8,360,0.65,10.0,14,1,386
224.44444444444446,16.5,10.788074039201174,360,0.62,10.0,15,1,387
56.111111111111114,16.0,10.753108891324553,360,0.63,10.0,16,1,388
11.222222222222221,15.3,10.697487373415292,360,0.66,8.0,17,1,389
0.0,15.4,10.625,360,0.65,9.0,18,1,390
0.0,14.9,10.54058666578588,360,0.67,11.0,19,1,391
0.0,14.2,10.45,360,0.73,8.0,20,1,392
0.0,14.6,10.359413334214118,360,0.72,9.0,21,1,393
0.0,13.7,10.274999999999999,360,0.78,6.0,22,1,394
0.0,13.5,10.202512626584708,360,0.81,7.0,23,1,395
0.0,12.2,10.146891108675446,360,0.9,6.0,24,1,396
0.0,11.7,10.51022225211328,360,0.95,4.0,1,2,397
0.0,11.3,10.5,360,0.98,3.0,2,2,398
0.0,10.8,10.51022225211328,360,0.99,4.0,3,2,399
0.0,10.8,10.540192378864669,360,0.99,3.0,4,2,400
0.0,10.9,10.587867965644037,360,0.99,4.0,5,2,401
0.0,9.6,10.65,360,0.99,6.0,6,2,402
0.0,9.4,10.722354286469244,360,0.97,6.0,7,2,403
0.0,9.2,10.8,360,0.95,4.0,8,2,404
44.888888888888886,8.8,10.877645713530757,360,0.98,4.0,9,2,405
325.44444444444446,10.3,10.950000000000001,360,0.93,4.0,10,2,406
527.4444444444445,10.9,11.012132034355965,360,0.78,6.0,11,2,407
695.7777777777778,11.6,11.059807621135333,360,0.83,6.0,12,2,408
673.3333333333333,11.8,11.089777747886721,360,0.83,6.0,13,2,409
549.8888888888889,12.3,11.100000000000001,360,0.82,6.0,14,2,410
437.6666666666667,12.1,11.089777747886721,360,0.79,6.0,15,2,411
123.44444444444446,10.6,11.059807621135333,360,0.86,6.0,16,2,412
11.222222222222221,9.5,11.012132034355965,360,0.89,4.0,17,2,413
0.0,7.9,10.950000000000001,360,0.91,2.0,18,2,414
0.0,7.8,10.877645713530757,360,0.93,3.0,19,2,415
0.0,7.4,10.8,360,0.93,4.0,20,2,416
0.0,7.3,10.722354286469244,360,0.97,3.0,21,2,417
0.0,7.2,10.65,360,0.98,4.0,22,2,418
0.0,7.1,10.587867965644037,360,0.96,3.0,23,2,419
0.0,5.3,10.540192378864669,360,0.97,3.0,24,2,420
0.0,6.6,8.418740795541012,360,0.99,4.0,1,3,421
0.0,6.8,8.399999999999999,360,0.98,4.0,2,3,422
0.0,6.9,8.418740795541012,360,0.98,4.0,3,3,423
0.0,6.1,8.473686027918559,360,0.99,3.0,4,3,424
0.0,6.0,8.561091270347399,360,0.99,3.0,5,3,425
0.0,5.9,8.674999999999999,360,0.99,4.0,6,3,426
0.0,5.8,8.807649525193613,360,0.99,4.0,7,3,427
0.0,3.0,8.95,360,0.99,4.0,8,3,428
145.88888888888889,5.9,9.092350474806386,360,0.99,4.0,9,3,429
381.55555555555554,7.5,9.225,360,0.99,4.0,10,3,430
572.3333333333333,9.1,9.3389087296526,360,0.92,4.0,11,3,431
684.5555555555557,10.8,9.42631397208144,360,0.88,5.0,12,3,432
695.7777777777778,12.2,9.481259204458986,360,0.77,5.0,13,3,433
594.7777777777778,12.1,9.5,360,0.77,6.0,14,3,434
370.33333333333337,11.3,9.481259204458986,360,0.82,6.0,15,3,435
168.33333333333331,11.1,9.42631397208144,360,0.82,4.0,16,3,436
22.444444444444443,9.5,9.3389087296526,360,0.9,4.0,17,3,437
0.0,9.3,9.225,360,0.9,4.0,18,3,438
0.0,8.4,9.092350474806386,360,0.95,5.0,19,3,439
0.0,7.7,8.95,360,0.98,6.0,20,3,440
0.0,7.0,8.807649525193613,360,0.99,6.0,21,3,441
0.0,7.1,8.674999999999999,360,0.99,7.0,22,3,442
0.0,7.1,8.561091270347399,360,0.99,8.0,23,3,443
0.0,7.5,8.473686027918559,360,0.99,9.0,24,3,444
0.0,7.7,9.023851921597652,360,0.99,8.0,1,4,445
0.0,7.7,9.0,360,0.97,7.0,2,4,446
0.0,7.6,9.023851921597652,360,0.96,6.0,3,4,447
0.0,7.6,9.093782217350892,360,0.97,6.0,4,4,448
0.0,7.7,9.205025253169415,360,0.96,7.0,5,4,449
0.0,7.6,9.35,360,0.97,8.0,6,4,450
0.0,7.5,9.518826668428234,360,0.97,6.0,7,4,451
0.0,7.5,9.7,360,0.98,7.0,8,4,452
33.66666666666667,7.7,9.881173331571764,360,0.99,7.0,9,4,453
123.44444444444446,8.6,10.049999999999999,360,0.99,7.0,10,4,454
179.55555555555554,9.5,10.194974746830583,360,0.99,8.0,11,4,455
157.1111111111111,10.5,10.306217782649107,360,0.98,8.0,12,4,456
134.66666666666669,11.4,10.376148078402347,360,0.96,8.0,13,4,457
101.0,11.6,10.399999999999999,360,0.99,8.0,14,4,458
78.55555555555554,12.0,10.376148078402347,360,0.99,7.0,15,4,459
33.66666666666667,12.4,10.306217782649107,360,0.98,7.0,16,4,460
11.222222222222221,12.2,10.194974746830583,360,0.98,8.0,17,4,461
0.0,12.1,10.049999999999999,360,0.98,7.0,18,4,462
0.0,12.1,9.881173331571764,360,0.99,7.0,19,4,463
0.0,12.2,9.7,360,0.98,8.0,20,4,464
0.0,12.2,9.518826668428234,360,0.98,8.0,21,4,465
0.0,12.2,9.35,360,0.98,8.0,22,4,466
0.0,12.2,9.205025253169415,360,0.97,6.0,23,4,467
0.0,12.1,9.093782217350892,360,0.96,6.0,24,4,468
0.0,12.1,9.925555630283199,360,0.96,8.0,1,5,469
0.0,11.9,9.9,360,0.97,6.0,2,5,470
0.0,11.6,9.925555630283199,360,0.98,6.0,3,5,471
0.0,11.5,10.000480947161671,360,0.98,6.0,4,5,472
0.0,11.5,10.119669914110089,360,0.98,6.0,5,5,473
0.0,11.5,10.275,360,0.97,5.0,6,5,474
0.0,11.3,10.45588571617311,360,0.98,4.0,7,5,475
0.0,11.2,10.65,360,0.99,4.0,8,5,476
56.111111111111114,11.5,10.84411428382689,360,0.99,2.0,9,5,477
157.1111111111111,12.0,11.025,360,0.99,3.0,10,5,478
359.1111111111111,12.8,11.180330085889912,360,0.94,4.0,11,5,479
392.7777777777778,13.1,11.29951905283833,360,0.86,4.0,12,5,480
404.0,13.2,11.374444369716802,360,0.79,4.0,13,5,481
258.11111111111114,12.9,11.4,360,0.82,5.0,14,5,482
123.44444444444446,12.2,11.374444369716802,360,0.83,4.0,15,5,483
78.55555555555554,11.4,11.29951905283833,360,0.88,5.0,16,5,484
11.222222222222221,11.0,11.180330085889912,360,0.92,3.0,17,5,485
0.0,10.9,11.025,360,0.93,2.0,18,5,486
0.0,10.3,10.84411428382689,360,0.95,2.0,19,5,487
0.0,9.9,10.65,360,0.97,0.0,20,5,488
0.0,9.8,10.45588571617311,360,0.98,1.0,21,5,489
0.0,9.8,10.275,360,0.99,0.0,22,5,490
0.0,9.9,10.119669914110089,360,0.99,1.0,23,5,491
0.0,9.9,10.000480947161671,360,0.99,2.0,24,5,492
0.0,9.8,10.410222252113279,360,0.97,2.0,1,6,493
0.0,9.8,10.399999999999999,360,0.95,2.0,2,6,494
0.0,9.9,10.410222252113279,360,0.94,1.0,3,6,495
0.0,9.9,10.440192378864667,360,0.95,2.0,4,6,496
0.0,9.8,10.487867965644035,360,0.97,2.0,5,6,497
0.0,9.7,10.549999999999999,360,0.96,0.0,6,6,498
0.0,10.0,10.622354286469243,360,0.94,2.0,7,6,499
0.0,9.8,10.7,360,0.95,3.0,8,6,500
56.111111111111114,10.2,10.777645713530756,360,0.91,4.0,9,6,501
179.55555555555554,10.9,10.85,360,0.88,5.0,10,6,502
291.77777777777777,11.5,10.912132034355963,360,0.86,4.0,11,6,503
235.66666666666669,11.6,10.959807621135331,360,0.82,4.0,12,6,504
235.66666666666669,11.7,10.98977774788672,360,0.84,4.0,13,6,505
224.44444444444446,11.9,11.0,360,0.81,5.0,14,6,506
145.88888888888889,11.6,10.98977774788672,360,0.85,4.0,15,6,507
78.55555555555554,11.4,10.959807621135331,360,0.87,4.0,16,6,508
0.0,10.9,10.912132034355963,360,0.9,4.0,17,6,509
0.0,10.9,10.85,360,0.85,4.0,18,6,510
0.0,10.0,10.777645713530756,360,0.87,4.0,19,6,511
0.0,8.8,10.7,360,0.84,3.0,20,6,512
0.0,7.1,10.622354286469243,360,0.89,2.0,21,6,513
0.0,7.0,10.549999999999999,360,0.92,2.0,22,6,514
0.0,7.5,10.487867965644035,360,0.92,3.0,23,6,515
0.0,5.7,10.440192378864667,360,0.94,3.0,24,6,516
0.0,5.6,8.708518543427733,360,0.96,2.0,1,7,517
0.0,4.9,8.7,360,0.97,2.0,2,7,518
0.0,6.8,8.708518543427733,360,0.97,6.0,3,7,519
0.0,6.7,8.733493649053889,360,0.95,7.0,4,7,520
0.0,6.5,8.773223304703363,360,0.95,8.0,5,7,521
0.0,6.4,8.825,360,0.95,9.0,6,7,522
0.0,6.0,8.88529523872437,360,0.96,8.0,7,7,523
11.222222222222221,6.4,8.95,360,0.95,9.0,8,7,524
67.33333333333334,7.1,9.01470476127563,360,0.92,10.0,9,7,525
157.1111111111111,8.0,9.075,360,0.88,10.0,10,7,526
190.77777777777777,8.6,9.126776695296636,360,0.85,11.0,11,7,527
179.55555555555554,8.9,9.16650635094611,360,0.87,12.0,12,7,528
123.44444444444446,8.5,9.191481456572266,360,0.9,10.0,13,7,529
56.111111111111114,8.4,9.2,360,0.93,12.0,14,7,530
89.77777777777777,8.7,9.191481456572266,360,0.94,9.0,15,7,531
56.111111111111114,9.0,9.16650635094611,360,0.93,11.0,16,7,532
0.0,9.0,9.126776695296636,360,0.92,11.0,17,7,533
0.0,9.3,9.075,360,0.9,9.0,18,7,534
0.0,9.3,9.01470476127563,360,0.93,9.0,19,7,535
0.0,9.5,8.95,360,0.92,9.0,20,7,536
0.0,9.3,8.88529523872437,360,0.95,7.0,21,7,537
0.0,9.2,8.825,360,0.97,8.0,22,7,538
0.0,9.1,8.773223304703363,360,0.99,8.0,23,7,539
0.0,9.0,8.733493649053889,360,0.98,9.0,24,7,540
0.0,8.9,9.10511112605664,360,0.96,10.0,1,8,541
0.0,8.8,9.1,360,0.96,10.0,2,8,542
0.0,9.2,9.10511112605664,360,0.95,10.0,3,8,543
0.0,7.4,9.120096189432333,360,0.96,10.0,4,8,544
0.0,8.8,9.143933982822018,360,0.94,8.0,5,8,545
0.0,8.9,9.174999999999999,360,0.92,9.0,6,8,546
0.0,9.2,9.211177143234622,360,0.98,9.0,7,8,547
0.0,9.2,9.25,360,0.97,12.0,8,8,548
78.55555555555554,9.2,9.288822856765378,360,0.97,8.0,9,8,549
134.66666666666669,9.4,9.325000000000001,360,0.95,9.0,10,8,550
134.66666666666669,9.5,9.356066017177982,360,0.94,9.0,11,8,551
67.33333333333334,9.1,9.379903810567667,360,0.97,9.0,12,8,552
44.888888888888886,9.2,9.39488887394336,360,0.99,8.0,13,8,553
67.33333333333334,9.1,9.4,360,0.97,8.0,14,8,554
78.55555555555554,8.9,9.39488887394336,360,0.95,8.0,15,8,555
67.33333333333334,9.0,9.379903810567667,360,0.94,9.0,16,8,556
0.0,8.6,9.356066017177982,360,0.93,8.0,17,8,557
0.0,8.5,9.325000000000001,360,0.89,8.0,18,8,558
0.0,8.0,9.288822856765378,360,0.9,10.0,19,8,559
0.0,7.0,9.25,360,0.91,8.0,20,8,560
0.0,6.9,9.211177143234622,360,0.95,6.0,21,8,561
0.0,5.8,9.175,360,0.95,4.0,22,8,562
0.0,6.2,9.143933982822018,360,0.92,6.0,23,8,563
0.0,6.1,9.120096189432333,360,0.92,5.0,24,8,564
0.0,6.8,7.911925960798826,360,0.89,7.0,1,9,565
0.0,6.6,7.9,360,0.91,7.0,2,9,566
0.0,7.2,7.911925960798826,360,0.87,8.0,3,9,567
0.0,5.9,7.946891108675446,360,0.89,9.0,4,9,568
0.0,5.6,8.002512626584709,360,0.93,6.0,5,9,569
0.0,5.8,8.075,360,0.89,6.0,6,9,570
0.0,5.9,8.159413334214118,360,0.85,10.0,7,9,571
11.222222222222221,5.3,8.25,360,0.87,10.0,8,9,572
101.0,5.4,8.340586665785882,360,0.9,8.0,9,9,573
280.55555555555554,7.0,8.425,360,0.86,6.0,10,9,574
516.2222222222223,7.9,8.497487373415291,360,0.77,9.0,11,9,575
695.7777777777778,8.5,8.553108891324554,360,0.75,9.0,12,9,576
718.2222222222222,9.4,8.588074039201173,360,0.71,8.0,13,9,577
437.6666666666667,9.8,8.6,360,0.67,9.0,14,9,578
336.66666666666663,9.4,8.588074039201173,360,0.77,10.0,15,9,579
190.77777777777777,8.4,8.553108891324554,360,0.77,8.0,16,9,580
11.222222222222221,7.0,8.497487373415291,360,0.86,6.0,17,9,581
0.0,6.4,8.425,360,0.85,5.0,18,9,582
0.0,5.7,8.340586665785882,360,0.88,6.0,19,9,583
0.0,4.9,8.25,360,0.93,6.0,20,9,584
0.0,4.6,8.159413334214118,360,0.95,6.0,21,9,585
0.0,4.8,8.075000000000001,360,0.95,6.0,22,9,586
0.0,4.6,8.002512626584709,360,0.95,5.0,23,9,587
0.0,6.0,7.946891108675446,360,0.92,4.0,24,9,588
0.0,5.6,7.632370465025386,360,0.96,3.0,1,10,589
0.0,5.5,7.6000000000000005,360,0.96,4.0,2,10,590
0.0,5.7,7.632370465025385,360,0.95,4.0,3,10,591
0.0,6.0,7.727275866404784,360,0.96,5.0,4,10,592
0.0,6.3,7.87824855787278,360,0.96,5.0,5,10,593
0.0,6.4,8.075,360,0.97,6.0,6,10,594
0.0,6.7,8.304121907152606,360,0.98,6.0,7,10,595
0.0,6.6,8.55,360,0.98,6.0,8,10,596
56.111111111111114,7.2,8.795878092847396,360,0.99,7.0,9,10,597
89.77777777777777,8.1,9.025,360,0.99,7.0,10,10,598
157.1111111111111,9.0,9.221751442127221,360,0.99,9.0,11,10,599
202.0,9.9,9.372724133595218,360,0.99,8.0,12,10,600
123.44444444444446,10.3,9.467629534974616,360,0.99,8.0,13,10,601
67.33333333333334,11.1,9.5,360,0.99,6.0,14,10,602
78.55555555555554,11.5,9.467629534974616,360,0.96,9.0,15,10,603
56.111111111111114,11.5,9.372724133595218,360,0.96,8.0,16,10,604
0.0,11.2,9.221751442127221,360,0.96,8.0,17,10,605
0.0,10.8,9.025,360,0.99,8.0,18,10,606
0.0,10.7,8.795878092847396,360,0.99,8.0,19,10,607
0.0,11.0,8.55,360,0.99,8.0,20,10,608
0.0,11.1,8.304121907152606,360,0.99,8.0,21,10,609
0.0,10.8,8.075000000000001,360,0.97,9.0,22,10,610
0.0,11.0,7.87824855787278,360,0.93,9.0,23,10,611
0.0,10.8,7.727275866404784,360,0.95,11.0,24,10,612
0.0,10.9,8.918740795541012,360,0.91,9.0,1,11,613
0.0,11.1,8.899999999999999,360,0.87,8.0,2,11,614
0.0,10.2,8.918740795541012,360,0.97,11.0,3,11,615
0.0,9.9,8.973686027918559,360,0.99,9.0,4,11,616
0.0,10.7,9.061091270347399,360,0.99,6.0,5,11,617
0.0,11.0,9.174999999999999,360,0.98,7.0,6,11,618
0.0,10.4,9.307649525193613,360,0.98,4.0,7,11,619
0.0,10.0,9.45,360,0.98,5.0,8,11,620
67.33333333333334,10.2,9.592350474806386,360,0.97,5.0,9,11,621
168.33333333333331,10.1,9.725,360,0.97,5.0,10,11,622
258.11111111111114,10.1,9.8389087296526,360,0.96,4.0,11,11,623
314.2222222222222,10.8,9.92631397208144,360,0.92,5.0,12,11,624
549.8888888888889,11.0,9.981259204458986,360,0.83,6.0,13,11,625
527.4444444444445,12.0,10.0,360,0.74,8.0,14,11,626
426.44444444444446,11.8,9.981259204458986,360,0.78,8.0,15,11,627
157.1111111111111,10.3,9.92631397208144,360,0.81,6.0,16,11,628
11.222222222222221,8.9,9.8389087296526,360,0.89,8.0,17,11,629
0.0,8.5,9.725,360,0.93,4.0,18,11,630
0.0,8.6,9.592350474806386,360,0.94,6.0,19,11,631
0.0,8.9,9.45,360,0.93,6.0,20,11,632
0.0,9.2,9.307649525193613,360,0.91,6.0,21,11,633
0.0,9.0,9.174999999999999,360,0.91,7.0,22,11,634
0.0,8.6,9.061091270347399,360,0.92,6.0,23,11,635
0.0,8.6,8.973686027918559,360,0.94,6.0,24,11,636
0.0,8.9,9.117037086855465,360,0.94,6.0,1,12,637
0.0,9.0,9.1,360,0.94,7.0,2,12,638
0.0,9.2,9.117037086855465,360,0.93,8.0,3,12,639
0.0,9.3,9.166987298107781,360,0.92,6.0,4,12,640
0.0,9.5,9.246446609406725,360,0.9,7.0,5,12,641
0.0,9.4,9.35,360,0.9,8.0,6,12,642
0.0,9.4,9.47059047744874,360,0.91,7.0,7,12,643
11.222222222222221,9.4,9.6,360,0.94,7.0,8,12,644
44.888888888888886,10.2,9.72940952255126,360,0.89,8.0,9,12,645
89.77777777777777,10.1,9.85,360,0.92,9.0,10,12,646
123.44444444444446,10.2,9.953553390593273,360,0.94,9.0,11,12,647
381.55555555555554,11.9,10.033012701892218,360,0.85,8.0,12,12,648
415.2222222222223,11.1,10.082962913144534,360,0.84,12.0,13,12,649
359.1111111111111,11.8,10.1,360,0.85,10.0,14,12,650
190.77777777777777,11.2,10.082962913144534,360,0.87,10.0,15,12,651
78.55555555555554,10.8,10.033012701892218,360,0.92,9.0,16,12,652
11.222222222222221,10.1,9.953553390593273,360,0.95,13.0,17,12,653
0.0,10.5,9.85,360,0.96,11.0,18,12,654
0.0,10.5,9.72940952255126,360,0.96,10.0,19,12,655
0.0,10.7,9.6,360,0.95,10.0,20,12,656
0.0,10.5,9.47059047744874,360,0.98,11.0,21,12,657
0.0,10.6,9.35,360,0.99,10.0,22,12,658
0.0,10.9,9.246446609406727,360,0.99,9.0,23,12,659
0.0,11.2,9.166987298107781,360,0.99,8.0,24,12,660
0.0,11.5,9.71022225211328,360,0.99,8.0,1,13,661
0.0,11.4,9.7,360,0.98,9.0,2,13,662
0.0,10.7,9.71022225211328,360,0.95,9.0,3,13,663
0.0,10.4,9.740192378864668,360,0.97,10.0,4,13,664
0.0,10.3,9.787867965644034,360,0.94,7.0,5,13,665
0.0,9.5,9.85,360,0.95,7.0,6,13,666
0.0,8.4,9.922354286469243,360,0.98,5.0,7,13,667
0.0,8.6,10.0,360,0.98,4.0,8,13,668
67.33333333333334,8.7,10.077645713530757,360,0.98,5.0,9,13,669
336.66666666666663,9.7,10.15,360,0.92,6.0,10,13,670
482.5555555555556,10.5,10.212132034355966,360,0.86,7.0,11,13,671
583.5555555555555,11.6,10.259807621135332,360,0.81,6.0,12,13,672
415.2222222222223,11.3,10.28977774788672,360,0.82,8.0,13,13,673
168.33333333333331,10.7,10.3,360,0.91,8.0,14,13,674
235.66666666666669,11.5,10.28977774788672,360,0.85,8.0,15,13,675
101.0,10.7,10.259807621135332,360,0.9,7.0,16,13,676
22.444444444444443,10.2,10.212132034355966,360,0.94,8.0,17,13,677
0.0,9.7,10.15,360,0.96,6.0,18,13,678
0.0,9.9,10.077645713530757,360,0.98,5.0,19,13,679
0.0,9.7,10.0,360,0.97,6.0,20,13,680
0.0,8.9,9.922354286469243,360,0.97,4.0,21,13,681
0.0,8.5,9.85,360,0.98,4.0,22,13,682
0.0,8.6,9.787867965644034,360,0.97,6.0,23,13,683
0.0,8.2,9.740192378864668,360,0.96,6.0,24,13,684
0.0,7.8,9.318740795541014,360,0.95,6.0,1,14,685
0.0,7.5,9.3,360,0.97,5.0,2,14,686
0.0,7.6,9.318740795541014,360,0.97,6.0,3,14,687
0.0,7.7,9.373686027918561,360,0.97,7.0,4,14,688
0.0,7.8,9.461091270347401,360,0.97,8.0,5,14,689
0.0,8.4,9.575000000000001,360,0.99,9.0,6,14,690
0.0,8.4,9.707649525193615,360,0.99,10.0,7,14,691
0.0,8.3,9.850000000000001,360,0.99,10.0,8,14,692
22.444444444444443,8.6,9.992350474806388,360,0.99,11.0,9,14,693
89.77777777777777,9.4,10.125000000000002,360,0.98,11.0,10,14,694
168.33333333333331,10.0,10.238908729652602,360,0.94,10.0,11,14,695
303.0,10.8,10.326313972081442,360,0.9,12.0,12,14,696
325.44444444444446,11.4,10.381259204458988,360,0.89,11.0,13,14,697
168.33333333333331,11.2,10.400000000000002,360,0.96,10.0,14,14,698
56.111111111111114,11.8,10.381259204458988,360,0.99,10.0,15,14,699
33.66666666666667,11.9,10.326313972081442,360,0.99,10.0,16,14,700
0.0,11.6,10.238908729652602,360,0.98,11.0,17,14,701
0.0,11.4,10.125000000000002,360,0.99,12.0,18,14,702
0.0,11.6,9.992350474806388,360,0.99,11.0,19,14,703
0.0,11.2,9.850000000000001,360,0.99,12.0,20,14,704
0.0,11.4,9.707649525193615,360,0.99,13.0,21,14,705
0.0,10.8,9.575000000000001,360,0.991428571428571,12.5714285714286,22,14,706
0.0,10.2,9.461091270347401,360,0.9928571428571431,12.1428571428571,23,14,707
0.0,9.6,9.373686027918561,360,0.994285714285714,11.7142857142857,24,14,708
0.0,9.0,5.911925960798826,360,0.995714285714286,11.2857142857143,1,15,709
0.0,8.4,5.9,360,0.9971428571428569,10.8571428571429,2,15,710
0.0,7.8,5.911925960798826,360,0.998571428571429,10.4285714285714,3,15,711
0.0,7.2,5.946891108675446,360,1.0,10.0,4,15,712
0.0,6.6,6.002512626584709,360,1.0,10.0,5,15,713
0.0,6.4,6.075,360,1.0,11.0,6,15,714
0.0,6.9,6.1594133342141175,360,0.9,11.0,7,15,715
0.0,6.3,6.25,360,0.96,11.0,8,15,716
22.444444444444443,5.9,6.3405866657858825,360,0.99,12.0,9,15,717
44.888888888888886,5.8,6.425,360,1.0,12.0,10,15,718
78.55555555555554,6.1,6.497487373415291,360,1.0,14.0,11,15,719
190.77777777777777,6.8,6.553108891324554,360,0.94,13.0,12,15,720
202.0,7.6,6.588074039201174,360,0.85,17.0,13,15,721
224.44444444444446,8.4,6.6,360,0.76,16.0,14,15,722
67.33333333333334,7.6,6.588074039201174,360,0.84,17.0,15,15,723
11.222222222222221,7.6,6.553108891324554,360,0.88,15.0,16,15,724
11.222222222222221,8.1,6.497487373415291,360,0.83,15.0,17,15,725
0.0,7.6,6.425,360,0.92,16.0,18,15,726
0.0,7.0,6.3405866657858825,360,1.0,15.0,19,15,727
0.0,7.5,6.25,360,1.0,12.0,20,15,728
0.0,7.8,6.1594133342141175,360,1.0,13.0,21,15,729
0.0,8.1,6.075,360,1.0,13.0,22,15,730
0.0,9.0,6.002512626584709,360,0.94,14.0,23,15,731
0.0,8.4,5.946891108675446,360,0.94,15.0,24,15,732
0.0,7.7,5.822148212912105,360,0.79,14.0,1,16,733
0.0,6.7,5.799999999999999,360,0.97,10.0,2,16,734
0.0,6.5,5.822148212912105,360,1.0,8.0,3,16,735
0.0,6.7,5.887083487540114,360,1.0,8.0,4,16,736
0.0,5.7,5.990380592228743,360,1.0,10.0,5,16,737
0.0,5.2,6.124999999999999,360,1.0,10.0,6,16,738
0.0,5.8,6.281767620683361,360,1.0,11.0,7,16,739
0.0,5.5,6.449999999999999,360,1.0,10.0,8,16,740
56.111111111111114,5.7,6.6182323793166375,360,1.0,8.0,9,16,741
101.0,6.3,6.7749999999999995,360,1.0,9.0,10,16,742
190.77777777777777,6.5,6.909619407771255,360,1.0,8.0,11,16,743
168.33333333333331,6.9,7.012916512459884,360,0.98,7.0,12,16,744
246.8888888888889,7.8,7.077851787087893,360,0.96,6.0,13,16,745
347.8888888888889,8.8,7.1,360,0.85,8.0,14,16,746
370.33333333333337,9.3,7.077851787087893,360,0.73,10.0,15,16,747
157.1111111111111,8.2,7.012916512459884,360,0.79,8.0,16,16,748
11.222222222222221,7.8,6.909619407771255,360,0.91,6.0,17,16,749
0.0,8.5,6.7749999999999995,360,0.98,8.0,18,16,750
0.0,7.5,6.6182323793166375,360,0.92,9.0,19,16,751
0.0,7.4,6.449999999999999,360,0.96,8.0,20,16,752
0.0,7.1,6.281767620683361,360,0.97,9.0,21,16,753
0.0,7.2,6.124999999999999,360,0.97,7.0,22,16,754
0.0,6.9,5.990380592228743,360,0.99,8.0,23,16,755
0.0,6.6,5.887083487540115,360,0.98,6.0,24,16,756
0.0,6.8,5.739185299767572,360,0.99,6.0,1,17,757
0.0,6.9,5.699999999999999,360,1.0,5.0,2,17,758
0.0,6.8,5.739185299767572,360,1.0,4.0,3,17,759
0.0,6.7,5.854070785647895,360,1.0,4.0,4,17,760
0.0,7.1,6.03682720163547,360,1.0,4.0,5,17,761
0.0,7.6,6.2749999999999995,360,1.0,6.0,6,17,762
0.0,7.5,6.552358098132101,360,1.0,6.0,7,17,763
0.0,7.1,6.85,360,1.0,5.0,8,17,764
67.33333333333334,7.7,7.147641901867899,360,1.0,8.0,9,17,765
78.55555555555554,7.7,7.425,360,1.0,9.0,10,17,766
101.0,7.8,7.6631727983645295,360,1.0,10.0,11,17,767
78.55555555555554,8.2,7.845929214352104,360,1.0,9.0,12,17,768
44.888888888888886,8.7,7.960814700232428,360,1.0,10.0,13,17,769
44.888888888888886,9.0,8.0,360,1.0,11.0,14,17,770
44.888888888888886,8.9,7.960814700232428,360,1.0,10.0,15,17,771
22.444444444444443,9.2,7.845929214352104,360,1.0,9.0,16,17,772
0.0,9.5,7.6631727983645295,360,1.0,6.0,17,17,773
0.0,9.7,7.425,360,1.0,7.0,18,17,774
0.0,9.9,7.147641901867899,360,1.0,6.0,19,17,775
0.0,10.3,6.85,360,1.0,8.0,20,17,776
0.0,10.9,6.552358098132101,360,1.0,7.0,21,17,777
0.0,10.5,6.275,360,1.0,7.0,22,17,778
0.0,10.1,6.03682720163547,360,1.0,6.0,23,17,779
0.0,10.1,5.854070785647895,360,1.0,6.0,24,17,780
0.0,9.5,7.535777882396479,360,1.0,5.0,1,18,781
0.0,9.3,7.500000000000001,360,1.0,6.0,2,18,782
0.0,9.6,7.535777882396479,360,1.0,6.0,3,18,783
0.0,9.6,7.64067332602634,360,1.0,7.0,4,18,784
0.0,9.5,7.8075378797541255,360,1.0,7.0,5,18,785
0.0,9.6,8.025,360,1.0,10.0,6,18,786
0.0,9.8,8.278240002642354,360,1.0,7.0,7,18,787
0.0,9.7,8.55,360,1.0,7.0,8,18,788
56.111111111111114,10.0,8.821759997357647,360,1.0,8.0,9,18,789
157.1111111111111,10.8,9.075000000000001,360,1.0,8.0,10,18,790
179.55555555555554,11.3,9.292462120245876,360,1.0,8.0,11,18,791
123.44444444444446,11.5,9.459326673973662,360,1.0,8.0,12,18,792
101.0,11.8,9.564222117603522,360,1.0,8.0,13,18,793
112.22222222222223,12.0,9.600000000000001,360,1.0,8.0,14,18,794
67.33333333333334,12.0,9.564222117603522,360,1.0,9.0,15,18,795
33.66666666666667,11.7,9.459326673973662,360,1.0,10.0,16,18,796
11.222222222222221,11.5,9.292462120245876,360,1.0,8.0,17,18,797
0.0,11.3,9.075000000000001,360,1.0,8.0,18,18,798
0.0,11.2,8.821759997357647,360,1.0,6.0,19,18,799
0.0,11.1,8.55,360,1.0,8.0,20,18,800
0.0,11.1,8.278240002642354,360,1.0,7.0,21,18,801
0.0,11.0,8.025,360,1.0,8.0,22,18,802
0.0,10.7,7.807537879754126,360,1.0,7.0,23,18,803
0.0,10.6,7.64067332602634,360,1.0,6.0,24,18,804
0.0,10.5,8.920444504226559,360,1.0,6.0,1,19,805
0.0,10.4,8.9,360,1.0,6.0,2,19,806
0.0,10.0,8.920444504226559,360,1.0,6.0,3,19,807
0.0,10.0,8.980384757729336,360,1.0,4.0,4,19,808
0.0,9.9,9.075735931288072,360,1.0,4.0,5,19,809
0.0,9.9,9.2,360,1.0,4.0,6,19,810
0.0,9.9,9.344708572938488,360,1.0,4.0,7,19,811
0.0,9.8,9.5,360,1.0,4.0,8,19,812
44.888888888888886,10.0,9.655291427061512,360,1.0,4.0,9,19,813
101.0,10.6,9.8,360,1.0,4.0,10,19,814
202.0,11.4,9.924264068711928,360,1.0,5.0,11,19,815
190.77777777777777,11.8,10.019615242270662,360,0.97,4.0,12,19,816
190.77777777777777,12.2,10.079555495773441,360,0.91,4.0,13,19,817
145.88888888888889,12.2,10.1,360,0.88,4.0,14,19,818
112.22222222222223,12.2,10.079555495773441,360,0.86,4.0,15,19,819
67.33333333333334,11.8,10.019615242270662,360,0.87,3.0,16,19,820
0.0,11.3,9.924264068711928,360,0.9,2.0,17,19,821
0.0,11.0,9.8,360,0.92,2.0,18,19,822
0.0,10.7,9.655291427061512,360,0.94,2.0,19,19,823
0.0,10.3,9.5,360,0.95,2.0,20,19,824
0.0,10.3,9.344708572938488,360,0.94,2.0,21,19,825
0.0,10.2,9.200000000000001,360,0.91,2.0,22,19,826
0.0,9.9,9.075735931288072,360,0.93,2.0,23,19,827
0.0,10.0,8.980384757729338,360,0.84,2.0,24,19,828
0.0,9.6,8.437481591082026,360,0.87,2.0,1,20,829
0.0,9.3,8.4,360,0.89,2.0,2,20,830
0.0,9.7,8.437481591082026,360,0.83,2.0,3,20,831
0.0,8.8,8.547372055837117,360,0.93,2.0,4,20,832
0.0,8.8,8.722182540694797,360,0.91,2.0,5,20,833
0.0,8.5,8.95,360,0.95,2.0,6,20,834
0.0,8.2,9.215299050387227,360,0.99,1.0,7,20,835
11.222222222222221,8.4,9.5,360,0.97,1.0,8,20,836
56.111111111111114,9.4,9.784700949612773,360,0.94,1.0,9,20,837
157.1111111111111,11.4,10.05,360,0.67,3.0,10,20,838
303.0,11.9,10.277817459305203,360,0.64,2.0,11,20,839
404.0,12.4,10.452627944162883,360,0.59,4.0,12,20,840
774.3333333333333,12.3,10.562518408917974,360,0.64,3.0,13,20,841
303.0,11.6,10.6,360,0.63,3.0,14,20,842
415.2222222222223,12.9,10.562518408917974,360,0.58,2.0,15,20,843
235.66666666666669,11.0,10.452627944162883,360,0.63,3.0,16,20,844
22.444444444444443,10.2,10.277817459305203,360,0.7,2.0,17,20,845
0.0,9.4,10.05,360,0.73,2.0,18,20,846
0.0,6.8,9.784700949612773,360,0.95,2.0,19,20,847
0.0,5.9,9.5,360,0.95,1.0,20,20,848
0.0,5.4,9.215299050387227,360,0.97,1.0,21,20,849
0.0,5.3,8.950000000000001,360,0.95,1.0,22,20,850
0.0,4.6,8.722182540694797,360,1.0,1.0,23,20,851
0.0,3.3,8.547372055837117,360,1.0,1.0,24,20,852
0.0,2.6,4.861333512679677,360,1.0,1.0,1,21,853
0.0,3.1,4.799999999999999,360,1.0,1.0,2,21,854
0.0,2.0,4.861333512679677,360,1.0,1.0,3,21,855
0.0,2.1,5.04115427318801,360,1.0,1.0,4,21,856
0.0,1.2,5.327207793864213,360,1.0,1.0,5,21,857
0.0,0.5,5.699999999999998,360,1.0,1.0,6,21,858
0.0,2.7,6.134125718815462,360,1.0,2.0,7,21,859
11.222222222222221,3.0,6.6,360,1.0,4.0,8,21,860
168.33333333333331,3.6,7.065874281184537,360,1.0,6.0,9,21,861
359.1111111111111,5.6,7.5,360,1.0,5.0,10,21,862
505.0,6.9,7.872792206135785,360,1.0,6.0,11,21,863
415.2222222222223,8.1,8.15884572681199,360,0.95,8.0,12,21,864
224.44444444444446,7.6,8.338666487320323,360,1.0,8.0,13,21,865
89.77777777777777,8.9,8.4,360,1.0,8.0,14,21,866
67.33333333333334,10.0,8.338666487320323,360,1.0,9.0,15,21,867
56.111111111111114,10.2,8.15884572681199,360,1.0,8.0,16,21,868
11.222222222222221,10.2,7.872792206135785,360,1.0,9.0,17,21,869
0.0,10.2,7.5,360,1.0,9.0,18,21,870
0.0,10.3,7.065874281184537,360,1.0,10.0,19,21,871
0.0,10.1,6.6,360,1.0,12.0,20,21,872
0.0,9.8,6.134125718815462,360,1.0,10.0,21,21,873
0.0,10.0,5.7,360,1.0,9.0,22,21,874
0.0,10.4,5.327207793864214,360,1.0,10.0,23,21,875
0.0,10.5,5.04115427318801,360,1.0,10.0,24,21,876
0.0,10.4,7.537481591082025,360,1.0,12.0,1,22,877
0.0,10.1,7.5,360,1.0,9.0,2,22,878
0.0,10.0,7.537481591082025,360,1.0,9.0,3,22,879
0.0,9.8,7.647372055837117,360,1.0,10.0,4,22,880
0.0,9.6,7.822182540694797,360,1.0,8.0,5,22,881
0.0,9.4,8.049999999999999,360,1.0,8.0,6,22,882
0.0,9.4,8.315299050387226,360,1.0,7.0,7,22,883
0.0,9.5,8.6,360,1.0,7.0,8,22,884
33.66666666666667,9.7,8.884700949612773,360,1.0,6.0,9,22,885
134.66666666666669,10.3,9.15,360,0.91,5.0,10,22,886
347.8888888888889,10.5,9.377817459305202,360,0.83,6.0,11,22,887
347.8888888888889,11.2,9.552627944162882,360,0.74,6.0,12,22,888
572.3333333333333,11.8,9.662518408917975,360,0.72,6.0,13,22,889
336.66666666666663,10.9,9.7,360,0.77,5.0,14,22,890
157.1111111111111,10.5,9.662518408917975,360,0.79,4.0,15,22,891
101.0,10.3,9.552627944162882,360,0.8,3.0,16,22,892
22.444444444444443,9.5,9.377817459305202,360,0.88,2.0,17,22,893
0.0,9.1,9.15,360,0.91,2.0,18,22,894
0.0,8.4,8.884700949612773,360,0.9,2.0,19,22,895
0.0,6.8,8.6,360,0.99,1.0,20,22,896
0.0,5.2,8.315299050387226,360,1.0,0.0,21,22,897
0.0,4.5,8.05,360,1.0,1.0,22,22,898
0.0,3.1,7.822182540694798,360,1.0,1.0,23,22,899
0.0,4.0,7.647372055837117,360,1.0,2.0,24,22,900
0.0,3.1,5.354518677937492,360,1.0,1.0,1,23,901
0.0,2.8,5.300000000000001,360,1.0,1.0,2,23,902
0.0,1.5,5.354518677937491,360,1.0,1.0,3,23,903
0.0,2.0,5.514359353944898,360,1.0,1.0,4,23,904
0.0,1.7,5.768629150101524,360,1.0,0.0,5,23,905
0.0,2.7,6.1,360,1.0,0.0,6,23,906
0.0,3.4,6.485889527835967,360,1.0,2.0,7,23,907
0.0,3.8,6.9,360,1.0,1.0,8,23,908
56.111111111111114,3.6,7.3141104721640335,360,1.0,2.0,9,23,909
280.55555555555554,7.7,7.700000000000001,360,1.0,2.0,10,23,910
505.0,9.9,8.031370849898476,360,0.8,3.0,11,23,911
606.0,11.2,8.285640646055102,360,0.73,3.0,12,23,912
628.4444444444443,11.9,8.44548132206251,360,0.71,2.0,13,23,913
549.8888888888889,11.7,8.5,360,0.74,3.0,14,23,914
392.7777777777778,11.9,8.44548132206251,360,0.73,3.0,15,23,915
190.77777777777777,11.0,8.285640646055102,360,0.76,0.0,16,23,916
22.444444444444443,8.4,8.031370849898476,360,0.98,1.0,17,23,917
0.0,5.9,7.700000000000001,360,1.0,1.0,18,23,918
0.0,5.3,7.3141104721640335,360,1.0,1.0,19,23,919
0.0,5.3,6.9,360,1.0,1.0,20,23,920
0.0,4.8,6.485889527835967,360,1.0,1.0,21,23,921
0.0,4.1,6.1000000000000005,360,1.0,1.0,22,23,922
0.0,3.7,5.768629150101525,360,1.0,1.0,23,23,923
0.0,2.7,5.514359353944898,360,1.0,1.0,24,23,924
0.0,2.8,4.1545186779374905,360,1.0,2.0,1,24,925
0.0,2.1,4.1,360,1.0,2.0,2,24,926
0.0,2.3,4.15451867793749,360,1.0,1.0,3,24,927
0.0,1.6,4.314359353944897,360,1.0,1.0,4,24,928
0.0,1.6,4.568629150101523,360,1.0,2.0,5,24,929
0.0,1.6,4.899999999999999,360,1.0,1.0,6,24,930
0.0,1.7,5.285889527835966,360,1.0,2.0,7,24,931
11.222222222222221,2.1,5.699999999999999,360,1.0,2.0,8,24,932
89.77777777777777,2.8,6.1141104721640325,360,1.0,1.0,9,24,933
258.11111111111114,5.0,6.5,360,1.0,2.0,10,24,934
448.8888888888889,7.0,6.831370849898476,360,1.0,2.0,11,24,935
404.0,8.3,7.085640646055102,360,0.94,2.0,12,24,936
359.1111111111111,8.7,7.245481322062509,360,0.99,2.0,13,24,937
224.44444444444446,9.2,7.299999999999999,360,0.99,3.0,14,24,938
168.33333333333331,9.4,7.245481322062509,360,1.0,2.0,15,24,939
56.111111111111114,9.3,7.085640646055102,360,1.0,2.0,16,24,940
0.0,8.9,6.831370849898476,360,1.0,2.0,17,24,941
0.0,8.6,6.5,360,1.0,2.0,18,24,942
0.0,8.4,6.1141104721640325,360,1.0,2.0,19,24,943
0.0,8.3,5.699999999999999,360,1.0,3.0,20,24,944
0.0,8.2,5.285889527835966,360,1.0,4.0,21,24,945
0.0,7.6,4.8999999999999995,360,1.0,6.0,22,24,946
0.0,7.1,4.568629150101524,360,1.0,6.0,23,24,947
0.0,6.4,4.314359353944897,360,1.0,7.0,24,24,948
0.0,5.4,4.339185299767571,360,1.0,6.0,1,25,949
0.0,4.6,4.299999999999999,360,1.0,5.0,2,25,950
0.0,4.0,4.339185299767571,360,1.0,5.0,3,25,951
0.0,3.5,4.454070785647895,360,1.0,5.0,4,25,952
0.0,2.5,4.6368272016354695,360,1.0,5.0,5,25,953
0.0,1.7,4.874999999999999,360,1.0,2.0,6,25,954
0.0,0.8,5.1523580981321,360,1.0,2.0,7,25,955
11.222222222222221,1.5,5.449999999999999,360,1.0,2.0,8,25,956
123.44444444444446,2.3,5.747641901867898,360,1.0,2.0,9,25,957
134.66666666666669,2.8,6.0249999999999995,360,1.0,6.0,10,25,958
213.22222222222223,3.1,6.263172798364529,360,1.0,4.0,11,25,959
561.1111111111111,5.4,6.445929214352104,360,1.0,5.0,12,25,960
673.3333333333333,7.2,6.560814700232427,360,0.8,6.0,13,25,961
617.2222222222222,8.2,6.6,360,0.71,6.0,14,25,962
482.5555555555556,8.7,6.560814700232427,360,0.64,6.0,15,25,963
269.33333333333337,7.4,6.445929214352104,360,0.63,7.0,16,25,964
67.33333333333334,5.6,6.263172798364529,360,0.72,4.0,17,25,965
0.0,3.9,6.0249999999999995,360,0.82,2.0,18,25,966
0.0,2.9,5.747641901867898,360,0.88,2.0,19,25,967
0.0,2.1,5.449999999999999,360,0.9,2.0,20,25,968
0.0,2.3,5.1523580981321,360,0.9,3.0,21,25,969
0.0,1.9,4.875,360,0.92,3.0,22,25,970
0.0,0.8,4.6368272016354695,360,0.97,2.0,23,25,971
0.0,0.7,4.454070785647895,360,0.96,2.0,24,25,972
0.0,0.6,1.8562223866230372,360,0.99,3.0,1,26,973
0.0,0.1,1.7999999999999998,360,1.0,3.0,2,26,974
0.0,-0.4,1.8562223866230372,360,1.0,2.0,3,26,975
0.0,-1.1,2.0210580837556757,360,1.0,2.0,4,26,976
0.0,-1.0,2.2832738110421955,360,1.0,3.0,5,26,977
0.0,-1.4,2.624999999999999,360,1.0,3.0,6,26,978
0.0,-0.6,3.0229485755808407,360,1.0,4.0,7,26,979
11.222222222222221,0.6,3.4499999999999997,360,0.91,5.0,8,26,980
190.77777777777777,1.4,3.877051424419159,360,0.89,4.0,9,26,981
392.7777777777778,2.6,4.275,360,0.84,3.0,10,26,982
583.5555555555555,5.6,4.616726188957803,360,0.68,3.0,11,26,983
695.7777777777778,9.2,4.878941916244323,360,0.52,4.0,12,26,984
729.4444444444443,12.0,5.043777613376962,360,0.41,4.0,13,26,985
650.8888888888889,13.1,5.1,360,0.38,5.0,14,26,986
505.0,12.0,5.043777613376962,360,0.5,6.0,15,26,987
280.55555555555554,10.3,4.878941916244323,360,0.57,5.0,16,26,988
67.33333333333334,7.6,4.616726188957803,360,0.64,4.0,17,26,989
0.0,5.7,4.275,360,0.69,5.0,18,26,990
0.0,4.9,3.877051424419159,360,0.69,5.0,19,26,991
0.0,4.2,3.4499999999999997,360,0.66,5.0,20,26,992
0.0,2.3,3.0229485755808407,360,0.76,4.0,21,26,993
0.0,1.4,2.625,360,0.82,2.0,22,26,994
0.0,-0.1,2.2832738110421964,360,0.87,3.0,23,26,995
0.0,-0.1,2.021058083755676,360,0.94,2.0,24,26,996
0.0,-1.4,1.2511112605663979,360,0.95,2.0,1,27,997
0.0,-2.0,1.2000000000000002,360,0.98,2.0,2,27,998
0.0,-2.0,1.2511112605663977,360,1.0,2.0,3,27,999
0.0,-2.2,1.400961894323342,360,1.0,1.0,4,27,1000
0.0,-2.8,1.6393398282201783,360,1.0,2.0,5,27,1001
0.0,-2.6,1.9499999999999995,360,1.0,2.0,6,27,1002
0.0,-3.0,2.311771432346219,360,1.0,2.0,7,27,1003
33.66666666666667,-2.7,2.7,360,1.0,1.0,8,27,1004
359.1111111111111,-0.4,3.0882285676537813,360,0.97,1.0,9,27,1005
606.0,1.7,3.45,360,0.81,2.0,10,27,1006
628.4444444444443,4.9,3.7606601717798216,360,0.71,2.0,11,27,1007
695.7777777777778,7.5,3.999038105676658,360,0.64,2.0,12,27,1008
729.4444444444443,9.9,4.148888739433603,360,0.55,2.0,13,27,1009
650.8888888888889,11.9,4.2,360,0.5,2.0,14,27,1010
505.0,12.1,4.148888739433603,360,0.48,1.0,15,27,1011
291.77777777777777,9.3,3.999038105676658,360,0.55,2.0,16,27,1012
56.111111111111114,6.7,3.7606601717798216,360,0.64,2.0,17,27,1013
0.0,2.8,3.45,360,0.86,1.0,18,27,1014
0.0,0.5,3.0882285676537813,360,0.95,1.0,19,27,1015
0.0,0.7,2.7,360,1.0,1.0,20,27,1016
0.0,0.7,2.311771432346219,360,1.0,1.0,21,27,1017
0.0,0.0,1.9500000000000006,360,1.0,1.0,22,27,1018
0.0,-0.1,1.639339828220179,360,1.0,1.0,23,27,1019
0.0,-1.0,1.4009618943233422,360,0.98,2.0,24,27,1020
0.0,-1.0,0.9340741737109317,360,1.0,1.0,1,28,1021
0.0,-1.5,0.8999999999999999,360,1.0,1.0,2,28,1022
0.0,-1.0,0.9340741737109316,360,1.0,2.0,3,28,1023
0.0,-1.8,1.033974596215561,360,1.0,1.0,4,28,1024
0.0,-2.1,1.192893218813452,360,1.0,1.0,5,28,1025
0.0,-2.9,1.3999999999999995,360,1.0,1.0,6,28,1026
0.0,-2.7,1.6411809548974792,360,1.0,1.0,7,28,1027
22.444444444444443,-3.3,1.9,360,1.0,1.0,8,28,1028
145.88888888888889,-2.4,2.1588190451025207,360,1.0,2.0,9,28,1029
336.66666666666663,0.5,2.4,360,1.0,2.0,10,28,1030
650.8888888888889,3.4,2.6071067811865474,360,0.83,3.0,11,28,1031
695.7777777777778,5.8,2.7660254037844387,360,0.71,2.0,12,28,1032
684.5555555555557,8.1,2.865925826289068,360,0.66,4.0,13,28,1033
572.3333333333333,7.7,2.9,360,0.66,5.0,14,28,1034
482.5555555555556,7.4,2.865925826289068,360,0.61,6.0,15,28,1035
280.55555555555554,6.6,2.7660254037844387,360,0.7,4.0,16,28,1036
56.111111111111114,3.6,2.6071067811865474,360,0.8,3.0,17,28,1037
0.0,2.7,2.4,360,0.8,2.0,18,28,1038
0.0,2.6,2.1588190451025207,360,0.8,2.0,19,28,1039
0.0,2.0,1.9,360,0.88,2.0,20,28,1040
0.0,1.1,1.6411809548974792,360,0.9,2.0,21,28,1041
0.0,2.32857142857143,1.4000000000000001,360,0.894285714285714,2.85714285714286,22,28,1042
0.0,3.55714285714286,1.1928932188134524,360,0.888571428571429,3.71428571428571,23,28,1043
0.0,4.78571428571429,1.033974596215561,360,0.882857142857143,4.57142857142857,24,28,1044
0.0,6.01428571428571,8.027259338968747,360,0.8771428571428569,5.42857142857143,1,29,1045
0.0,7.24285714285714,8.0,360,0.871428571428571,6.28571428571429,2,29,1046
0.0,8.47142857142857,8.027259338968745,360,0.865714285714286,7.14285714285714,3,29,1047
0.0,9.7,8.10717967697245,360,0.86,8.0,4,29,1048
0.0,9.6,8.234314575050762,360,0.87,7.0,5,29,1049
0.0,9.6,8.4,360,0.86,8.0,6,29,1050
0.0,9.5,8.592944763917984,360,0.87,8.0,7,29,1051
22.444444444444443,9.5,8.8,360,0.87,8.0,8,29,1052
202.0,10.5,9.007055236082017,360,0.85,8.0,9,29,1053
347.8888888888889,11.2,9.200000000000001,360,0.82,8.0,10,29,1054
594.7777777777778,12.7,9.36568542494924,360,0.79,10.0,11,29,1055
886.5555555555555,14.2,9.492820323027551,360,0.74,9.0,12,29,1056
729.4444444444443,14.4,9.572740661031256,360,0.73,8.0,13,29,1057
662.1111111111112,15.4,9.600000000000001,360,0.71,6.0,14,29,1058
426.44444444444446,14.3,9.572740661031256,360,0.72,6.0,15,29,1059
179.55555555555554,13.9,9.492820323027551,360,0.74,6.0,16,29,1060
44.888888888888886,12.7,9.36568542494924,360,0.78,5.0,17,29,1061
0.0,12.3,9.200000000000001,360,0.81,2.0,18,29,1062
0.0,11.7,9.007055236082017,360,0.84,4.0,19,29,1063
0.0,11.8,8.8,360,0.82,4.0,20,29,1064
0.0,11.8,8.592944763917984,360,0.84,4.0,21,29,1065
0.0,11.6,8.4,360,0.84,4.0,22,29,1066
0.0,11.2,8.234314575050764,360,0.84,6.0,23,29,1067
0.0,11.0,8.10717967697245,360,0.83,5.0,24,29,1068
0.0,10.4,8.625555630283198,360,0.84,5.0,1,30,1069
0.0,10.1,8.6,360,0.84,6.0,2,30,1070
0.0,9.9,8.625555630283198,360,0.84,4.0,3,30,1071
0.0,9.7,8.70048094716167,360,0.85,4.0,4,30,1072
0.0,9.5,8.819669914110088,360,0.86,5.0,5,30,1073
0.0,9.7,8.975,360,0.86,7.0,6,30,1074
0.0,9.3,9.15588571617311,360,0.86,8.0,7,30,1075
11.222222222222221,8.6,9.35,360,0.87,4.0,8,30,1076
168.33333333333331,10.0,9.54411428382689,360,0.87,4.0,9,30,1077
493.7777777777778,11.4,9.725,360,0.82,6.0,10,30,1078
707.0000000000001,12.4,9.880330085889911,360,0.8,8.0,11,30,1079
830.4444444444446,13.3,9.999519052838329,360,0.77,6.0,12,30,1080
819.2222222222222,14.2,10.074444369716801,360,0.75,4.0,13,30,1081
740.6666666666667,14.4,10.1,360,0.74,4.0,14,30,1082
583.5555555555555,14.5,10.074444369716801,360,0.72,2.0,15,30,1083
280.55555555555554,13.6,9.999519052838329,360,0.75,2.0,16,30,1084
56.111111111111114,10.5,9.880330085889911,360,0.82,2.0,17,30,1085
0.0,9.4,9.725,360,0.9,2.0,18,30,1086
0.0,8.7,9.54411428382689,360,0.93,2.0,19,30,1087
0.0,8.6,9.35,360,0.94,2.0,20,30,1088
0.0,8.7,9.15588571617311,360,0.96,1.0,21,30,1089
0.0,8.1,8.975,360,0.96,1.0,22,30,1090
0.0,7.9,8.819669914110088,360,0.97,1.0,23,30,1091
0.0,7.6,8.70048094716167,360,0.98,1.0,24,30,1092
0.0,6.9,8.12896304765429,360,0.98,1.0,1,31,1093
0.0,5.6,8.099999999999998,360,0.98,0.0,2,31,1094
0.0,5.6,8.12896304765429,360,0.98,1.0,3,31,1095
0.0,4.8,8.213878406783225,360,0.98,2.0,4,31,1096
0.0,5.0,8.348959235991433,360,0.99,2.0,5,31,1097
0.0,5.4,8.524999999999999,360,0.99,2.0,6,31,1098
0.0,5.1,8.730003811662856,360,0.99,2.0,7,31,1099
22.444444444444443,5.3,8.95,360,0.99,1.0,8,31,1100
134.66666666666669,6.0,9.169996188337143,360,0.99,1.0,9,31,1101
235.66666666666669,7.1,9.375,360,1.0,2.0,10,31,1102
471.33333333333337,9.1,9.551040764008565,360,0.99,2.0,11,31,1103
606.0,10.4,9.686121593216773,360,1.0,2.0,12,31,1104
864.1111111111111,11.7,9.771036952345709,360,0.99,2.0,13,31,1105
774.3333333333333,14.2,9.8,360,0.99,2.0,14,31,1106
583.5555555555555,14.5,9.771036952345709,360,0.94,2.0,15,31,1107
336.66666666666663,14.1,9.686121593216773,360,0.82,2.0,16,31,1108
78.55555555555554,11.1,9.551040764008565,360,0.84,1.0,17,31,1109
0.0,9.3,9.375,360,0.91,1.0,18,31,1110
0.0,8.1,9.169996188337143,360,0.94,1.0,19,31,1111
0.0,6.6,8.95,360,0.95,1.0,20,31,1112
0.0,6.0,8.730003811662856,360,0.96,1.0,21,31,1113
0.0,6.1,8.524999999999999,360,0.97,1.0,22,31,1114
0.0,7.9,8.348959235991433,360,0.98,3.0,23,31,1115
0.0,8.0,8.213878406783225,360,0.98,4.0,24,31,1116
0.0,7.7,8.518740795541014,360,0.99,4.0,1,32,1117
0.0,7.9,8.5,360,0.99,2.0,2,32,1118
0.0,7.6,8.518740795541014,360,0.99,2.0,3,32,1119
0.0,7.5,8.57368602791856,360,0.99,2.0,4,32,1120
0.0,7.4,8.6610912703474,360,0.99,2.0,5,32,1121
0.0,7.6,8.775,360,1.0,4.0,6,32,1122
0.0,7.6,8.907649525193614,360,1.0,4.0,7,32,1123
0.0,7.8,9.05,360,1.0,4.0,8,32,1124
67.33333333333334,8.2,9.192350474806387,360,1.0,4.0,9,32,1125
157.1111111111111,8.8,9.325000000000001,360,1.0,5.0,10,32,1126
235.66666666666669,9.4,9.438908729652601,360,1.0,4.0,11,32,1127
269.33333333333337,9.8,9.526313972081441,360,1.0,4.0,12,32,1128
246.8888888888889,10.5,9.581259204458988,360,1.0,4.0,13,32,1129
134.66666666666669,10.5,9.600000000000001,360,1.0,4.0,14,32,1130
112.22222222222223,10.6,9.581259204458988,360,1.0,4.0,15,32,1131
168.33333333333331,10.9,9.526313972081441,360,1.0,3.0,16,32,1132
33.66666666666667,10.7,9.438908729652601,360,1.0,2.0,17,32,1133
0.0,10.5,9.325000000000001,360,1.0,2.0,18,32,1134
0.0,10.5,9.192350474806387,360,1.0,2.0,19,32,1135
0.0,10.4,9.05,360,1.0,1.0,20,32,1136
0.0,10.3,8.907649525193614,360,1.0,1.0,21,32,1137
0.0,10.4,8.775,360,1.0,3.0,22,32,1138
0.0,10.0,8.6610912703474,360,1.0,1.0,23,32,1139
0.0,10.0,8.57368602791856,360,1.0,2.0,24,32,1140
0.0,9.9,9.218740795541011,360,1.0,3.0,1,33,1141
0.0,9.6,9.2,360,1.0,2.0,2,33,1142
0.0,9.6,9.218740795541011,360,1.0,2.0,3,33,1143
0.0,9.3,9.273686027918558,360,1.0,2.0,4,33,1144
0.0,9.1,9.361091270347398,360,1.0,3.0,5,33,1145
0.0,8.9,9.475,360,1.0,3.0,6,33,1146
0.0,8.7,9.607649525193613,360,1.0,2.0,7,33,1147
22.444444444444443,7.6,9.75,360,1.0,2.0,8,33,1148
190.77777777777777,9.5,9.892350474806387,360,1.0,2.0,9,33,1149
516.2222222222223,10.3,10.025,360,0.99,2.0,10,33,1150
437.6666666666667,10.5,10.138908729652602,360,0.99,2.0,11,33,1151
404.0,11.0,10.226313972081442,360,0.98,2.0,12,33,1152
347.8888888888889,10.8,10.281259204458989,360,0.95,3.0,13,33,1153
291.77777777777777,10.8,10.3,360,0.83,3.0,14,33,1154
202.0,10.9,10.281259204458989,360,0.8,2.0,15,33,1155
280.55555555555554,10.6,10.226313972081442,360,0.76,3.0,16,33,1156
67.33333333333334,9.0,10.138908729652602,360,0.81,2.0,17,33,1157
0.0,8.7,10.025,360,0.87,1.0,18,33,1158
0.0,8.4,9.892350474806387,360,0.86,2.0,19,33,1159
0.0,6.9,9.75,360,0.88,1.0,20,33,1160
0.0,4.1,9.607649525193613,360,0.91,1.0,21,33,1161
0.0,3.6,9.475,360,0.94,2.0,22,33,1162
0.0,3.3,9.361091270347398,360,0.95,1.0,23,33,1163
0.0,4.7,9.273686027918558,360,0.97,1.0,24,33,1164
0.0,4.8,8.21022225211328,360,0.97,1.0,1,34,1165
0.0,5.6,8.2,360,0.98,4.0,2,34,1166
0.0,5.5,8.21022225211328,360,0.98,4.0,3,34,1167
0.0,5.9,8.240192378864668,360,0.99,4.0,4,34,1168
0.0,6.1,8.287867965644034,360,0.99,4.0,5,34,1169
0.0,6.0,8.35,360,0.99,4.0,6,34,1170
0.0,5.7,8.422354286469243,360,0.99,3.0,7,34,1171
0.0,5.5,8.5,360,0.99,3.0,8,34,1172
56.111111111111114,5.4,8.577645713530757,360,0.99,3.0,9,34,1173
112.22222222222223,5.5,8.65,360,1.0,4.0,10,34,1174
168.33333333333331,5.8,8.712132034355966,360,1.0,4.0,11,34,1175
246.8888888888889,5.9,8.759807621135332,360,1.0,4.0,12,34,1176
224.44444444444446,6.3,8.78977774788672,360,1.0,4.0,13,34,1177
213.22222222222223,6.7,8.8,360,1.0,4.0,14,34,1178
134.66666666666669,7.0,8.78977774788672,360,1.0,4.0,15,34,1179
67.33333333333334,7.1,8.759807621135332,360,1.0,4.0,16,34,1180
44.888888888888886,7.2,8.712132034355966,360,0.99,4.0,17,34,1181
0.0,7.1,8.65,360,0.99,4.0,18,34,1182
0.0,7.1,8.577645713530757,360,0.99,4.0,19,34,1183
0.0,7.1,8.5,360,0.99,4.0,20,34,1184
0.0,6.9,8.422354286469243,360,0.99,4.0,21,34,1185
0.0,6.8,8.35,360,0.99,4.0,22,34,1186
0.0,6.7,8.287867965644034,360,0.98,3.0,23,34,1187
0.0,6.6,8.240192378864668,360,0.98,3.0,24,34,1188
0.0,6.6,8.413629669484374,360,0.98,4.0,1,35,1189
0.0,6.6,8.400000000000002,360,0.98,3.0,2,35,1190
0.0,6.7,8.413629669484374,360,0.98,3.0,3,35,1191
0.0,6.9,8.453589838486225,360,0.97,3.0,4,35,1192
0.0,6.9,8.517157287525382,360,0.97,3.0,5,35,1193
0.0,6.8,8.600000000000001,360,0.96,2.0,6,35,1194
0.0,6.8,8.696472381958992,360,0.95,4.0,7,35,1195
0.0,6.9,8.8,360,0.94,3.0,8,35,1196
67.33333333333334,7.1,8.903527618041009,360,0.93,3.0,9,35,1197
123.44444444444446,7.2,9.0,360,0.91,3.0,10,35,1198
179.55555555555554,7.3,9.08284271247462,360,0.91,4.0,11,35,1199
224.44444444444446,7.4,9.146410161513776,360,0.9,3.0,12,35,1200
269.33333333333337,7.6,9.186370330515627,360,0.89,2.0,13,35,1201
291.77777777777777,8.0,9.2,360,0.87,2.0,14,35,1202
213.22222222222223,8.0,9.186370330515627,360,0.86,2.0,15,35,1203
134.66666666666669,7.6,9.146410161513776,360,0.86,2.0,16,35,1204
44.888888888888886,7.5,9.08284271247462,360,0.86,2.0,17,35,1205
11.222222222222221,7.3,9.0,360,0.87,3.0,18,35,1206
0.0,7.2,8.903527618041009,360,0.87,3.0,19,35,1207
0.0,7.2,8.8,360,0.88,3.0,20,35,1208
0.0,6.9,8.696472381958992,360,0.88,3.0,21,35,1209
0.0,6.9,8.600000000000001,360,0.89,2.0,22,35,1210
0.0,6.8,8.517157287525382,360,0.88,2.0,23,35,1211
0.0,6.7,8.453589838486225,360,0.89,2.0,24,35,1212
0.0,6.4,8.403407417371094,360,0.89,2.0,1,36,1213
0.0,6.2,8.4,360,0.89,2.0,2,36,1214
0.0,6.0,8.403407417371094,360,0.9,2.0,3,36,1215
0.0,5.7,8.413397459621557,360,0.9,2.0,4,36,1216
0.0,5.6,8.429289321881345,360,0.9,2.0,5,36,1217
0.0,5.5,8.45,360,0.9,2.0,6,36,1218
0.0,5.3,8.474118095489748,360,0.91,2.0,7,36,1219
0.0,5.3,8.5,360,0.91,2.0,8,36,1220
56.111111111111114,5.3,8.525881904510252,360,0.91,3.0,9,36,1221
134.66666666666669,5.4,8.55,360,0.91,3.0,10,36,1222
168.33333333333331,5.5,8.570710678118655,360,0.91,3.0,11,36,1223
190.77777777777777,5.6,8.586602540378443,360,0.91,4.0,12,36,1224
168.33333333333331,5.8,8.596592582628906,360,0.91,4.0,13,36,1225
145.88888888888889,5.7,8.6,360,0.91,4.0,14,36,1226
78.55555555555554,5.6,8.596592582628906,360,0.92,4.0,15,36,1227
44.888888888888886,5.7,8.586602540378443,360,0.92,5.0,16,36,1228
22.444444444444443,5.6,8.570710678118655,360,0.93,3.0,17,36,1229
0.0,5.5,8.55,360,0.93,2.0,18,36,1230
0.0,5.6,8.525881904510252,360,0.94,4.0,19,36,1231
0.0,5.5,8.5,360,0.94,4.0,20,36,1232
0.0,5.6,8.474118095489748,360,0.95,4.0,21,36,1233
0.0,5.7,8.450000000000001,360,0.95,4.0,22,36,1234
0.0,5.8,8.429289321881345,360,0.96,6.0,23,36,1235
0.0,5.9,8.413397459621557,360,0.96,6.0,24,36,1236
0.0,6.0,8.013629669484374,360,0.97,5.0,1,37,1237
0.0,6.1,8.0,360,0.97,4.0,2,37,1238
0.0,6.1,8.013629669484372,360,0.97,4.0,3,37,1239
0.0,6.1,8.053589838486225,360,0.97,4.0,4,37,1240
0.0,5.9,8.11715728752538,360,0.97,4.0,5,37,1241
0.0,5.8,8.2,360,0.98,5.0,6,37,1242
0.0,5.7,8.296472381958992,360,0.98,5.0,7,37,1243
0.0,5.7,8.4,360,0.98,5.0,8,37,1244
67.33333333333334,5.9,8.503527618041009,360,0.98,6.0,9,37,1245
157.1111111111111,6.4,8.600000000000001,360,0.98,6.0,10,37,1246
123.44444444444446,6.8,8.682842712474619,360,0.97,6.0,11,37,1247
291.77777777777777,7.8,8.746410161513776,360,0.97,6.0,12,37,1248
224.44444444444446,8.4,8.786370330515629,360,0.96,5.0,13,37,1249
190.77777777777777,8.9,8.8,360,0.95,5.0,14,37,1250
392.7777777777778,9.8,8.786370330515629,360,0.93,6.0,15,37,1251
359.1111111111111,9.9,8.746410161513776,360,0.91,6.0,16,37,1252
101.0,9.2,8.682842712474619,360,0.91,6.0,17,37,1253
11.222222222222221,8.7,8.600000000000001,360,0.92,6.0,18,37,1254
0.0,8.8,8.503527618041009,360,0.94,6.0,19,37,1255
0.0,8.7,8.4,360,0.95,6.0,20,37,1256
0.0,8.7,8.296472381958992,360,0.95,6.0,21,37,1257
0.0,9.0,8.200000000000001,360,0.95,6.0,22,37,1258
0.0,9.2,8.117157287525382,360,0.96,6.0,23,37,1259
0.0,9.3,8.053589838486225,360,0.96,7.0,24,37,1260
0.0,9.3,8.718740795541011,360,0.96,6.0,1,38,1261
0.0,9.5,8.7,360,0.97,6.0,2,38,1262
0.0,10.0,8.718740795541011,360,0.97,8.0,3,38,1263
0.0,9.7,8.773686027918558,360,0.96,7.0,4,38,1264
0.0,9.9,8.861091270347398,360,0.96,7.0,5,38,1265
0.0,9.8,8.975,360,0.95,8.0,6,38,1266
0.0,9.6,9.107649525193613,360,0.94,8.0,7,38,1267
11.222222222222221,9.3,9.25,360,0.94,8.0,8,38,1268
78.55555555555554,9.2,9.392350474806387,360,0.89,9.0,9,38,1269
157.1111111111111,9.4,9.525,360,0.81,9.0,10,38,1270
112.22222222222223,9.6,9.638908729652602,360,0.78,9.0,11,38,1271
157.1111111111111,9.7,9.726313972081442,360,0.81,10.0,12,38,1272
157.1111111111111,9.9,9.781259204458989,360,0.85,10.0,13,38,1273
168.33333333333331,10.8,9.8,360,0.84,10.0,14,38,1274
112.22222222222223,11.3,9.781259204458989,360,0.88,10.0,15,38,1275
101.0,11.1,9.726313972081442,360,0.91,11.0,16,38,1276
22.444444444444443,10.7,9.638908729652602,360,0.93,9.0,17,38,1277
0.0,10.6,9.525,360,0.95,9.0,18,38,1278
0.0,10.5,9.392350474806387,360,0.96,8.0,19,38,1279
0.0,10.5,9.25,360,0.97,9.0,20,38,1280
0.0,10.8,9.107649525193613,360,0.97,8.0,21,38,1281
0.0,11.0,8.975,360,0.97,8.0,22,38,1282
0.0,11.1,8.861091270347398,360,0.98,7.0,23,38,1283
0.0,11.5,8.773686027918558,360,0.98,8.0,24,38,1284
0.0,12.6,9.218740795541011,360,0.98,8.0,1,39,1285
0.0,12.6,9.2,360,0.98,8.0,2,39,1286
0.0,12.2,9.218740795541011,360,0.98,7.0,3,39,1287
0.0,12.2,9.273686027918558,360,0.97,8.0,4,39,1288
0.0,11.7,9.361091270347398,360,0.97,6.0,5,39,1289
0.0,10.6,9.475,360,0.98,8.0,6,39,1290
0.0,10.2,9.607649525193613,360,0.97,7.0,7,39,1291
11.222222222222221,10.3,9.75,360,0.97,6.0,8,39,1292
123.44444444444446,10.9,9.892350474806387,360,0.96,7.0,9,39,1293
258.11111111111114,11.9,10.025,360,0.93,9.0,10,39,1294
359.1111111111111,12.8,10.138908729652602,360,0.84,8.0,11,39,1295
471.33333333333337,13.9,10.226313972081442,360,0.76,10.0,12,39,1296
370.33333333333337,13.7,10.281259204458989,360,0.71,10.0,13,39,1297
168.33333333333331,13.4,10.3,360,0.73,10.0,14,39,1298
112.22222222222223,11.6,10.281259204458989,360,0.78,12.0,15,39,1299
157.1111111111111,11.6,10.226313972081442,360,0.81,11.0,16,39,1300
44.888888888888886,12.1,10.138908729652602,360,0.72,8.0,17,39,1301
0.0,11.9,10.025,360,0.73,7.0,18,39,1302
0.0,11.0,9.892350474806387,360,0.78,11.0,19,39,1303
0.0,11.0,9.75,360,0.82,10.0,20,39,1304
0.0,11.6,9.607649525193613,360,0.8,12.0,21,39,1305
0.0,12.0,9.475,360,0.74,13.0,22,39,1306
0.0,11.6,9.361091270347398,360,0.77,11.0,23,39,1307
0.0,11.2,9.273686027918558,360,0.77,10.0,24,39,1308
0.0,11.0,9.408518543427734,360,0.78,10.0,1,40,1309
0.0,11.2,9.4,360,0.76,9.0,2,40,1310
0.0,11.2,9.408518543427734,360,0.76,12.0,3,40,1311
0.0,10.7,9.43349364905389,360,0.8,12.0,4,40,1312
0.0,10.6,9.473223304703364,360,0.81,8.0,5,40,1313
0.0,10.1,9.525,360,0.82,7.0,6,40,1314
0.0,9.9,9.58529523872437,360,0.84,6.0,7,40,1315
22.444444444444443,9.8,9.65,360,0.85,6.0,8,40,1316
89.77777777777777,10.5,9.71470476127563,360,0.83,8.0,9,40,1317
89.77777777777777,9.9,9.775,360,0.84,8.0,10,40,1318
101.0,9.8,9.826776695296637,360,0.91,6.0,11,40,1319
134.66666666666669,10.0,9.86650635094611,360,0.94,8.0,12,40,1320
202.0,10.1,9.891481456572267,360,0.94,8.0,13,40,1321
246.8888888888889,10.5,9.9,360,0.94,7.0,14,40,1322
460.11111111111114,11.1,9.891481456572267,360,0.93,7.0,15,40,1323
404.0,11.5,9.86650635094611,360,0.91,8.0,16,40,1324
145.88888888888889,10.3,9.826776695296637,360,0.9,7.0,17,40,1325
0.0,9.4,9.775,360,0.92,4.0,18,40,1326
0.0,10.5,9.71470476127563,360,0.94,6.0,19,40,1327
0.0,10.5,9.65,360,0.92,6.0,20,40,1328
0.0,10.9,9.58529523872437,360,0.9,5.0,21,40,1329
0.0,8.9,9.525,360,0.9,4.0,22,40,1330
0.0,9.5,9.473223304703364,360,0.93,2.0,23,40,1331
0.0,9.1,9.43349364905389,360,0.94,2.0,24,40,1332
0.0,8.9,9.208518543427733,360,0.95,2.0,1,41,1333
0.0,8.8,9.2,360,0.95,1.0,2,41,1334
0.0,9.7,9.208518543427733,360,0.96,3.0,3,41,1335
0.0,9.7,9.233493649053889,360,0.97,4.0,4,41,1336
0.0,9.6,9.273223304703363,360,0.97,4.0,5,41,1337
0.0,9.2,9.325,360,0.97,3.0,6,41,1338
0.0,8.5,9.38529523872437,360,0.97,8.0,7,41,1339
11.222222222222221,7.5,9.45,360,0.97,8.0,8,41,1340
33.66666666666667,7.2,9.51470476127563,360,0.96,7.0,9,41,1341
67.33333333333334,7.3,9.575,360,0.94,6.0,10,41,1342
179.55555555555554,8.1,9.626776695296636,360,0.93,4.0,11,41,1343
336.66666666666663,9.3,9.66650635094611,360,0.94,5.0,12,41,1344
404.0,9.7,9.691481456572266,360,0.86,8.0,13,41,1345
527.4444444444445,10.8,9.7,360,0.7,7.0,14,41,1346
516.2222222222223,10.6,9.691481456572266,360,0.66,10.0,15,41,1347
280.55555555555554,10.0,9.66650635094611,360,0.76,8.0,16,41,1348
145.88888888888889,9.1,9.626776695296636,360,0.79,8.0,17,41,1349
11.222222222222221,8.7,9.575,360,0.85,6.0,18,41,1350
0.0,8.3,9.51470476127563,360,0.86,6.0,19,41,1351
0.0,8.2,9.45,360,0.87,6.0,20,41,1352
0.0,8.1,9.38529523872437,360,0.89,6.0,21,41,1353
0.0,8.4,9.325,360,0.91,7.0,22,41,1354
0.0,8.5,9.273223304703363,360,0.92,6.0,23,41,1355
0.0,8.2,9.233493649053889,360,0.93,7.0,24,41,1356
0.0,8.3,8.711925960798826,360,0.93,7.0,1,42,1357
0.0,8.4,8.7,360,0.92,8.0,2,42,1358
0.0,8.6,8.711925960798826,360,0.93,9.0,3,42,1359
0.0,8.4,8.746891108675447,360,0.92,10.0,4,42,1360
0.0,7.8,8.802512626584708,360,0.91,9.0,5,42,1361
0.0,7.8,8.875,360,0.92,8.0,6,42,1362
0.0,7.5,8.95941333421412,360,0.92,8.0,7,42,1363
44.888888888888886,7.6,9.05,360,0.92,8.0,8,42,1364
314.2222222222222,8.9,9.140586665785882,360,0.9,9.0,9,42,1365
572.3333333333333,9.7,9.225000000000001,360,0.84,10.0,10,42,1366
718.2222222222222,10.3,9.297487373415294,360,0.77,10.0,11,42,1367
751.8888888888888,11.2,9.353108891324554,360,0.72,12.0,12,42,1368
471.33333333333337,9.6,9.388074039201175,360,0.78,10.0,13,42,1369
314.2222222222222,8.4,9.400000000000002,360,0.81,10.0,14,42,1370
751.8888888888888,11.0,9.388074039201175,360,0.72,8.0,15,42,1371
437.6666666666667,10.0,9.353108891324554,360,0.69,10.0,16,42,1372
112.22222222222223,9.0,9.297487373415294,360,0.77,7.0,17,42,1373
0.0,7.4,9.225000000000001,360,0.81,4.0,18,42,1374
0.0,6.4,9.140586665785882,360,0.86,4.0,19,42,1375
0.0,6.4,9.05,360,0.9,4.0,20,42,1376
0.0,6.0,8.95941333421412,360,0.91,4.0,21,42,1377
0.0,5.15714285714286,8.875,360,0.9171428571428569,3.42857142857143,22,42,1378
0.0,4.31428571428571,8.80251262658471,360,0.924285714285714,2.85714285714286,23,42,1379
0.0,3.47142857142857,8.746891108675447,360,0.9314285714285709,2.28571428571429,24,42,1380
0.0,2.62857142857143,5.132370465025385,360,0.9385714285714291,1.71428571428571,1,43,1381
0.0,1.78571428571429,5.1,360,0.945714285714286,1.14285714285714,2,43,1382
0.0,0.942857142857143,5.132370465025385,360,0.9528571428571431,0.571428571428572,3,43,1383
0.0,0.1,5.227275866404783,360,0.96,0.0,4,43,1384
0.0,-0.1,5.378248557872779,360,0.96,1.0,5,43,1385
0.0,-1.0,5.574999999999999,360,0.96,1.0,6,43,1386
0.0,-1.4,5.804121907152605,360,0.97,1.0,7,43,1387
89.77777777777777,-0.8,6.05,360,0.96,1.0,8,43,1388
404.0,2.1,6.295878092847395,360,0.96,0.0,9,43,1389
606.0,5.5,6.525,360,0.95,2.0,10,43,1390
897.7777777777778,8.2,6.72175144212722,360,0.78,2.0,11,43,1391
998.7777777777778,9.5,6.8727241335952165,360,0.72,3.0,12,43,1392
1032.4444444444446,10.7,6.9676295349746145,360,0.63,2.0,13,43,1393
942.6666666666667,10.6,7.0,360,0.64,3.0,14,43,1394
751.8888888888888,10.6,6.9676295349746145,360,0.65,3.0,15,43,1395
493.7777777777778,10.3,6.8727241335952165,360,0.67,3.0,16,43,1396
179.55555555555554,8.7,6.72175144212722,360,0.7,2.0,17,43,1397
11.222222222222221,7.2,6.525,360,0.73,2.0,18,43,1398
0.0,5.9,6.295878092847395,360,0.79,2.0,19,43,1399
0.0,4.6,6.05,360,0.83,1.0,20,43,1400
0.0,4.3,5.804121907152605,360,0.84,1.0,21,43,1401
0.0,3.9,5.575,360,0.84,3.0,22,43,1402
0.0,3.2,5.378248557872779,360,0.84,2.0,23,43,1403
0.0,2.2,5.227275866404783,360,0.87,2.0,24,43,1404
0.0,2.1,4.730666756339838,360,0.87,2.0,1,44,1405
0.0,1.5,4.699999999999999,360,0.88,2.0,2,44,1406
0.0,1.2,4.730666756339838,360,0.88,2.0,3,44,1407
0.0,1.3,4.820577136594005,360,0.88,3.0,4,44,1408
0.0,1.4,4.963603896932106,360,0.87,3.0,5,44,1409
0.0,1.3,5.1499999999999995,360,0.89,4.0,6,44,1410
0.0,1.2,5.367062859407731,360,0.89,4.0,7,44,1411
89.77777777777777,1.9,5.6,360,0.87,4.0,8,44,1412
392.7777777777778,4.4,5.832937140592268,360,0.8,5.0,9,44,1413
707.0000000000001,6.6,6.05,360,0.7,6.0,10,44,1414
931.4444444444445,7.8,6.236396103067892,360,0.67,6.0,11,44,1415
1077.3333333333335,8.7,6.379422863405995,360,0.62,6.0,12,44,1416
1088.5555555555557,9.7,6.469333243660161,360,0.61,5.0,13,44,1417
998.7777777777778,10.9,6.5,360,0.55,6.0,14,44,1418
808.0,11.6,6.469333243660161,360,0.52,4.0,15,44,1419
538.6666666666667,11.4,6.379422863405995,360,0.55,4.0,16,44,1420
224.44444444444446,10.1,6.236396103067892,360,0.57,2.0,17,44,1421
11.222222222222221,8.3,6.05,360,0.64,1.0,18,44,1422
0.0,7.4,5.832937140592268,360,0.68,1.0,19,44,1423
0.0,5.9,5.6,360,0.76,1.0,20,44,1424
0.0,4.9,5.367062859407731,360,0.82,2.0,21,44,1425
0.0,4.6,5.15,360,0.84,2.0,22,44,1426
0.0,3.5,4.963603896932107,360,0.86,2.0,23,44,1427
0.0,2.7,4.820577136594005,360,0.89,1.0,24,44,1428
0.0,2.2,4.139185299767571,360,0.91,1.0,1,45,1429
0.0,1.0,4.1,360,0.93,1.0,2,45,1430
0.0,1.3,4.139185299767571,360,0.91,2.0,3,45,1431
0.0,0.2,4.254070785647895,360,0.88,2.0,4,45,1432
0.0,-0.2,4.436827201635469,360,0.89,2.0,5,45,1433
0.0,-1.0,4.674999999999999,360,0.92,1.0,6,45,1434
0.0,-0.5,4.952358098132101,360,0.9,1.0,7,45,1435
190.77777777777777,0.2,5.25,360,0.9,1.0,8,45,1436
460.11111111111114,5.0,5.547641901867899,360,0.78,2.0,9,45,1437
695.7777777777778,7.8,5.825,360,0.69,2.0,10,45,1438
920.2222222222223,10.4,6.06317279836453,360,0.67,4.0,11,45,1439
1054.888888888889,11.8,6.245929214352104,360,0.63,5.0,12,45,1440
1066.1111111111113,13.0,6.360814700232429,360,0.6,4.0,13,45,1441
976.3333333333333,13.8,6.4,360,0.59,4.0,14,45,1442
796.7777777777777,14.3,6.360814700232429,360,0.56,5.0,15,45,1443
516.2222222222223,14.0,6.245929214352104,360,0.58,4.0,16,45,1444
190.77777777777777,12.5,6.06317279836453,360,0.58,4.0,17,45,1445
11.222222222222221,10.8,5.825,360,0.62,2.0,18,45,1446
0.0,8.9,5.547641901867899,360,0.63,3.0,19,45,1447
0.0,8.3,5.25,360,0.63,1.0,20,45,1448
0.0,7.1,4.952358098132101,360,0.69,1.0,21,45,1449
0.0,5.7,4.675,360,0.75,0.0,22,45,1450
0.0,5.2,4.43682720163547,360,0.77,1.0,23,45,1451
0.0,3.8,4.254070785647896,360,0.83,0.0,24,45,1452
0.0,3.7,4.239185299767572,360,0.83,1.0,1,46,1453
0.0,2.6,4.199999999999999,360,0.85,2.0,2,46,1454
0.0,2.1,4.239185299767572,360,0.88,1.0,3,46,1455
0.0,1.6,4.354070785647895,360,0.9,1.0,4,46,1456
0.0,-0.1,4.53682720163547,360,0.9,2.0,5,46,1457
0.0,0.7,4.7749999999999995,360,0.92,2.0,6,46,1458
0.0,0.8,5.052358098132101,360,0.91,2.0,7,46,1459
134.66666666666669,3.0,5.35,360,0.84,1.0,8,46,1460
415.2222222222223,7.1,5.647641901867899,360,0.72,2.0,9,46,1461
707.0000000000001,9.9,5.925,360,0.6,3.0,10,46,1462
942.6666666666667,11.7,6.1631727983645295,360,0.51,4.0,11,46,1463
1077.3333333333335,13.1,6.345929214352104,360,0.44,4.0,12,46,1464
1099.7777777777778,14.4,6.460814700232428,360,0.44,5.0,13,46,1465
1010.0,14.8,6.5,360,0.47,4.0,14,46,1466
808.0,15.1,6.460814700232428,360,0.43,4.0,15,46,1467
527.4444444444445,14.9,6.345929214352104,360,0.46,3.0,16,46,1468
213.22222222222223,13.9,6.1631727983645295,360,0.45,2.0,17,46,1469
11.222222222222221,7.4,5.925,360,0.69,1.0,18,46,1470
0.0,6.3,5.647641901867899,360,0.72,1.0,19,46,1471
0.0,5.5,5.35,360,0.75,1.0,20,46,1472
0.0,4.4,5.052358098132101,360,0.78,1.0,21,46,1473
0.0,3.5,4.775,360,0.8,1.0,22,46,1474
0.0,2.4,4.53682720163547,360,0.8,2.0,23,46,1475
0.0,2.1,4.354070785647895,360,0.82,2.0,24,46,1476
0.0,4.2,4.346000134509758,360,0.79,2.0,1,47,1477
0.0,2.0,4.300000000000001,360,0.83,2.0,2,47,1478
0.0,1.9,4.346000134509758,360,0.84,2.0,3,47,1479
0.0,0.0,4.480865704891007,360,0.87,1.0,4,47,1480
0.0,1.4,4.69540584539816,360,0.85,2.0,5,47,1481
0.0,2.7,4.975,360,0.87,3.0,6,47,1482
0.0,3.6,5.300594289111597,360,0.86,2.0,7,47,1483
112.22222222222223,2.7,5.65,360,0.86,2.0,8,47,1484
415.2222222222223,7.9,5.999405710888404,360,0.82,2.0,9,47,1485
695.7777777777778,10.4,6.325,360,0.75,5.0,10,47,1486
942.6666666666667,12.1,6.604594154601839,360,0.67,6.0,11,47,1487
1043.6666666666665,13.5,6.819134295108992,360,0.63,6.0,12,47,1488
1077.3333333333335,14.8,6.953999865490243,360,0.61,5.0,13,47,1489
942.6666666666667,16.6,7.0,360,0.56,4.0,14,47,1490
819.2222222222222,16.2,6.953999865490243,360,0.56,4.0,15,47,1491
482.5555555555556,15.3,6.819134295108992,360,0.61,4.0,16,47,1492
202.0,13.8,6.604594154601839,360,0.6,2.0,17,47,1493
11.222222222222221,11.7,6.325,360,0.65,2.0,18,47,1494
0.0,8.1,5.999405710888404,360,0.76,2.0,19,47,1495
0.0,8.4,5.65,360,0.72,2.0,20,47,1496
0.0,8.9,5.300594289111597,360,0.71,2.0,21,47,1497
0.0,7.5,4.9750000000000005,360,0.77,2.0,22,47,1498
0.0,7.5,4.695405845398161,360,0.72,4.0,23,47,1499
0.0,5.6,4.480865704891008,360,0.71,2.0,24,47,1500
0.0,8.3,5.235777882396478,360,0.63,5.0,1,48,1501
0.0,8.7,5.2,360,0.53,7.0,2,48,1502
0.0,8.4,5.235777882396478,360,0.48,7.0,3,48,1503
0.0,8.3,5.340673326026339,360,0.45,9.0,4,48,1504
0.0,8.6,5.507537879754125,360,0.39,9.0,5,48,1505
0.0,8.0,5.725,360,0.41,10.0,6,48,1506
0.0,7.9,5.9782400026423534,360,0.43,10.0,7,48,1507
123.44444444444446,9.3,6.25,360,0.39,10.0,8,48,1508
426.44444444444446,10.4,6.5217599973576466,360,0.4,10.0,9,48,1509
729.4444444444443,11.8,6.775,360,0.39,8.0,10,48,1510
965.1111111111112,13.5,6.992462120245875,360,0.42,8.0,11,48,1511
1077.3333333333335,15.1,7.159326673973661,360,0.4,8.0,12,48,1512
1099.7777777777778,15.9,7.264222117603522,360,0.4,8.0,13,48,1513
1010.0,16.2,7.3,360,0.4,7.0,14,48,1514
808.0,16.4,7.264222117603522,360,0.41,6.0,15,48,1515
527.4444444444445,15.7,7.159326673973661,360,0.42,6.0,16,48,1516
202.0,14.2,6.992462120245875,360,0.5,4.0,17,48,1517
11.222222222222221,7.6,6.775,360,0.76,2.0,18,48,1518
0.0,7.6,6.5217599973576466,360,0.75,2.0,19,48,1519
0.0,5.4,6.25,360,0.8,2.0,20,48,1520
0.0,5.9,5.9782400026423534,360,0.77,0.0,21,48,1521
0.0,5.1,5.7250000000000005,360,0.79,0.0,22,48,1522
0.0,4.5,5.507537879754126,360,0.75,2.0,23,48,1523
0.0,8.8,5.340673326026339,360,0.66,6.0,24,48,1524
0.0,7.8,5.139185299767571,360,0.7,6.0,1,49,1525
0.0,5.5,5.1,360,0.77,5.0,2,49,1526
0.0,5.2,5.139185299767571,360,0.79,3.0,3,49,1527
0.0,3.9,5.254070785647895,360,0.82,3.0,4,49,1528
0.0,3.4,5.436827201635469,360,0.84,2.0,5,49,1529
0.0,3.6,5.674999999999999,360,0.85,3.0,6,49,1530
0.0,5.9,5.952358098132101,360,0.8,8.0,7,49,1531
134.66666666666669,7.6,6.25,360,0.75,8.0,8,49,1532
437.6666666666667,9.1,6.547641901867899,360,0.72,11.0,9,49,1533
684.5555555555557,10.8,6.825,360,0.67,11.0,10,49,1534
976.3333333333333,12.4,7.06317279836453,360,0.64,10.0,11,49,1535
1043.6666666666665,13.7,7.245929214352104,360,0.59,10.0,12,49,1536
998.7777777777778,14.5,7.360814700232429,360,0.55,9.0,13,49,1537
942.6666666666667,14.8,7.4,360,0.57,10.0,14,49,1538
774.3333333333333,15.2,7.360814700232429,360,0.57,10.0,15,49,1539
482.5555555555556,14.5,7.245929214352104,360,0.6,9.0,16,49,1540
145.88888888888889,12.0,7.06317279836453,360,0.8,6.0,17,49,1541
11.222222222222221,10.3,6.825,360,0.84,5.0,18,49,1542
0.0,9.3,6.547641901867899,360,0.88,4.0,19,49,1543
0.0,7.9,6.25,360,0.91,2.0,20,49,1544
0.0,6.7,5.952358098132101,360,0.92,2.0,21,49,1545
0.0,7.8,5.675,360,0.94,2.0,22,49,1546
0.0,7.8,5.43682720163547,360,0.94,2.0,23,49,1547
0.0,8.1,5.254070785647896,360,0.93,2.0,24,49,1548
0.0,7.2,6.927259338968746,360,0.94,2.0,1,50,1549
0.0,7.3,6.9,360,0.94,1.0,2,50,1550
0.0,7.3,6.927259338968746,360,0.94,1.0,3,50,1551
0.0,7.2,7.0071796769724495,360,0.94,1.0,4,50,1552
0.0,7.2,7.134314575050762,360,0.94,2.0,5,50,1553
0.0,6.9,7.3,360,0.94,2.0,6,50,1554
0.0,7.0,7.492944763917984,360,0.95,2.0,7,50,1555
11.222222222222221,7.2,7.7,360,0.95,2.0,8,50,1556
33.66666666666667,7.3,7.907055236082017,360,0.95,2.0,9,50,1557
78.55555555555554,7.6,8.1,360,0.95,3.0,10,50,1558
190.77777777777777,8.1,8.265685424949238,360,0.94,2.0,11,50,1559
291.77777777777777,8.9,8.392820323027552,360,0.89,2.0,12,50,1560
460.11111111111114,10.2,8.472740661031255,360,0.85,2.0,13,50,1561
830.4444444444446,11.2,8.5,360,0.82,2.0,14,50,1562
920.2222222222223,12.0,8.472740661031255,360,0.79,2.0,15,50,1563
493.7777777777778,11.5,8.392820323027552,360,0.79,3.0,16,50,1564
78.55555555555554,10.5,8.265685424949238,360,0.84,2.0,17,50,1565
11.222222222222221,9.6,8.1,360,0.86,4.0,18,50,1566
0.0,8.8,7.907055236082017,360,0.88,3.0,19,50,1567
0.0,8.5,7.7,360,0.88,2.0,20,50,1568
0.0,7.8,7.492944763917984,360,0.89,2.0,21,50,1569
0.0,7.1,7.300000000000001,360,0.91,2.0,22,50,1570
0.0,6.4,7.134314575050762,360,0.93,1.0,23,50,1571
0.0,6.0,7.0071796769724495,360,0.94,1.0,24,50,1572
0.0,5.2,6.137481591082024,360,0.95,2.0,1,51,1573
0.0,5.5,6.1,360,0.95,1.0,2,51,1574
0.0,3.7,6.137481591082024,360,0.96,1.0,3,51,1575
0.0,1.5,6.247372055837117,360,0.96,1.0,4,51,1576
0.0,1.2,6.422182540694797,360,0.97,1.0,5,51,1577
0.0,1.6,6.6499999999999995,360,0.97,1.0,6,51,1578
0.0,2.3,6.915299050387228,360,0.97,1.0,7,51,1579
101.0,3.0,7.2,360,0.97,1.0,8,51,1580
392.7777777777778,7.5,7.484700949612773,360,0.96,4.0,9,51,1581
684.5555555555557,9.0,7.750000000000001,360,0.84,6.0,10,51,1582
920.2222222222223,11.2,7.977817459305203,360,0.79,7.0,11,51,1583
1043.6666666666665,12.5,8.152627944162884,360,0.7,8.0,12,51,1584
1054.888888888889,13.4,8.262518408917975,360,0.71,7.0,13,51,1585
965.1111111111112,14.5,8.3,360,0.66,6.0,14,51,1586
785.5555555555557,14.4,8.262518408917975,360,0.64,6.0,15,51,1587
516.2222222222223,14.3,8.152627944162884,360,0.66,4.0,16,51,1588
213.22222222222223,12.7,7.977817459305203,360,0.72,3.0,17,51,1589
22.444444444444443,9.9,7.750000000000001,360,0.78,2.0,18,51,1590
0.0,5.9,7.484700949612773,360,0.88,1.0,19,51,1591
0.0,6.7,7.2,360,0.84,2.0,20,51,1592
0.0,5.6,6.915299050387228,360,0.86,1.0,21,51,1593
0.0,5.1,6.65,360,0.91,1.0,22,51,1594
0.0,5.0,6.422182540694798,360,0.9,2.0,23,51,1595
0.0,3.9,6.2473720558371175,360,0.89,1.0,24,51,1596
0.0,3.6,5.747703843195304,360,0.92,2.0,1,52,1597
0.0,3.6,5.699999999999999,360,0.94,2.0,2,52,1598
0.0,3.1,5.747703843195304,360,0.92,2.0,3,52,1599
0.0,2.0,5.887564434701785,360,0.93,2.0,4,52,1600
0.0,2.7,6.110050506338832,360,0.94,2.0,5,52,1601
0.0,1.7,6.399999999999999,360,0.95,1.0,6,52,1602
0.0,3.1,6.737653336856471,360,0.95,2.0,7,52,1603
101.0,3.4,7.1,360,0.94,2.0,8,52,1604
415.2222222222223,8.4,7.462346663143529,360,0.85,2.0,9,52,1605
718.2222222222222,11.8,7.8,360,0.75,4.0,10,52,1606
942.6666666666667,13.2,8.089949493661166,360,0.7,4.0,11,52,1607
1066.1111111111113,14.7,8.312435565298214,360,0.65,4.0,12,52,1608
1088.5555555555557,15.9,8.452296156804696,360,0.6,4.0,13,52,1609
987.5555555555557,16.4,8.5,360,0.6,3.0,14,52,1610
796.7777777777777,16.5,8.452296156804696,360,0.6,4.0,15,52,1611
527.4444444444445,16.4,8.312435565298214,360,0.59,3.0,16,52,1612
224.44444444444446,14.8,8.089949493661166,360,0.66,2.0,17,52,1613
11.222222222222221,11.1,7.8,360,0.77,0.0,18,52,1614
0.0,8.8,7.462346663143529,360,0.84,0.0,19,52,1615
0.0,7.8,7.1,360,0.86,0.0,20,52,1616
0.0,9.6,6.737653336856471,360,0.8,2.0,21,52,1617
0.0,7.1,6.4,360,0.87,2.0,22,52,1618
0.0,6.5,6.110050506338833,360,0.91,1.0,23,52,1619
0.0,6.2,5.887564434701785,360,0.91,1.0,24,52,1620
0.0,5.9,5.842592717138665,360,0.93,0.0,1,53,1621
0.0,5.1,5.800000000000001,360,0.94,1.0,2,53,1622
0.0,4.6,5.842592717138665,360,0.95,0.0,3,53,1623
0.0,3.3,5.967468245269452,360,0.96,0.0,4,53,1624
0.0,2.1,6.166116523516815,360,0.96,1.0,5,53,1625
0.0,2.5,6.425,360,0.96,1.0,6,53,1626
0.0,1.7,6.72647619362185,360,0.96,2.0,7,53,1627
134.66666666666669,3.7,7.050000000000001,360,0.96,0.0,8,53,1628
460.11111111111114,6.9,7.373523806378151,360,0.92,1.0,9,53,1629
740.6666666666667,10.6,7.675000000000001,360,0.78,2.0,10,53,1630
976.3333333333333,13.9,7.933883476483185,360,0.65,4.0,11,53,1631
1111.0,16.1,8.13253175473055,360,0.56,4.0,12,53,1632
1133.4444444444443,17.2,8.257407282861337,360,0.5,6.0,13,53,1633
1066.1111111111113,17.2,8.3,360,0.48,7.0,14,53,1634
875.3333333333334,17.3,8.257407282861337,360,0.5,7.0,15,53,1635
594.7777777777778,17.1,8.13253175473055,360,0.5,6.0,16,53,1636
246.8888888888889,15.5,7.933883476483185,360,0.54,6.0,17,53,1637
22.444444444444443,12.8,7.675000000000001,360,0.64,4.0,18,53,1638
0.0,12.1,7.373523806378151,360,0.68,3.0,19,53,1639
0.0,11.2,7.050000000000001,360,0.72,3.0,20,53,1640
0.0,11.2,6.72647619362185,360,0.72,3.0,21,53,1641
0.0,10.2,6.425000000000001,360,0.75,3.0,22,53,1642
0.0,9.9,6.166116523516816,360,0.77,2.0,23,53,1643
0.0,9.6,5.967468245269452,360,0.79,4.0,24,53,1644
0.0,8.2,6.537481591082025,360,0.82,4.0,1,54,1645
0.0,7.1,6.5,360,0.85,2.0,2,54,1646
0.0,7.1,6.537481591082025,360,0.85,3.0,3,54,1647
0.0,6.1,6.647372055837117,360,0.87,2.0,4,54,1648
0.0,6.0,6.822182540694797,360,0.88,2.0,5,54,1649
0.0,5.3,7.049999999999999,360,0.9,3.0,6,54,1650
0.0,5.7,7.315299050387227,360,0.9,3.0,7,54,1651
157.1111111111111,7.3,7.6,360,0.87,3.0,8,54,1652
482.5555555555556,9.5,7.884700949612772,360,0.82,4.0,9,54,1653
785.5555555555557,11.7,8.15,360,0.72,5.0,10,54,1654
1021.2222222222222,13.6,8.377817459305202,360,0.66,6.0,11,54,1655
1167.111111111111,14.9,8.552627944162882,360,0.6,6.0,12,54,1656
1178.3333333333335,15.8,8.662518408917975,360,0.59,7.0,13,54,1657
1111.0,16.0,8.7,360,0.54,6.0,14,54,1658
909.0,16.1,8.662518408917975,360,0.52,8.0,15,54,1659
617.2222222222222,15.2,8.552627944162882,360,0.59,7.0,16,54,1660
280.55555555555554,14.1,8.377817459305202,360,0.62,6.0,17,54,1661
22.444444444444443,11.2,8.15,360,0.7,4.0,18,54,1662
0.0,9.6,7.884700949612772,360,0.73,2.0,19,54,1663
0.0,7.7,7.6,360,0.78,2.0,20,54,1664
0.0,7.3,7.315299050387227,360,0.81,2.0,21,54,1665
0.0,6.8,7.05,360,0.83,2.0,22,54,1666
0.0,6.7,6.822182540694798,360,0.82,2.0,23,54,1667
0.0,6.2,6.647372055837117,360,0.8,2.0,24,54,1668
0.0,6.2,6.146000134509758,360,0.8,3.0,1,55,1669
0.0,5.5,6.1,360,0.83,2.0,2,55,1670
0.0,4.8,6.146000134509757,360,0.86,4.0,3,55,1671
0.0,3.6,6.280865704891007,360,0.88,3.0,4,55,1672
0.0,3.4,6.49540584539816,360,0.88,3.0,5,55,1673
0.0,3.4,6.7749999999999995,360,0.88,3.0,6,55,1674
0.0,2.5,7.100594289111597,360,0.89,2.0,7,55,1675
168.33333333333331,4.2,7.45,360,0.87,2.0,8,55,1676
493.7777777777778,6.6,7.799405710888403,360,0.79,3.0,9,55,1677
796.7777777777777,9.5,8.125,360,0.73,3.0,10,55,1678
1010.0,10.8,8.40459415460184,360,0.73,2.0,11,55,1679
1133.4444444444443,12.8,8.619134295108992,360,0.69,3.0,12,55,1680
1155.888888888889,13.2,8.753999865490243,360,0.71,5.0,13,55,1681
1077.3333333333335,14.0,8.8,360,0.7,4.0,14,55,1682
864.1111111111111,15.3,8.753999865490243,360,0.64,3.0,15,55,1683
572.3333333333333,14.7,8.619134295108992,360,0.65,3.0,16,55,1684
246.8888888888889,13.5,8.40459415460184,360,0.7,2.0,17,55,1685
33.66666666666667,10.2,8.125,360,0.8,0.0,18,55,1686
0.0,10.8,7.799405710888403,360,0.77,2.0,19,55,1687
0.0,10.0,7.45,360,0.79,1.0,20,55,1688
0.0,8.3,7.100594289111597,360,0.81,1.0,21,55,1689
0.0,7.4,6.775,360,0.78,2.0,22,55,1690
0.0,7.3,6.49540584539816,360,0.76,2.0,23,55,1691
0.0,6.9,6.280865704891007,360,0.73,2.0,24,55,1692
0.0,6.4,6.146000134509758,360,0.73,2.0,1,56,1693
0.0,4.7,6.1,360,0.78,2.0,2,56,1694
0.0,4.0,6.146000134509757,360,0.81,3.0,3,56,1695
0.0,3.8,6.280865704891007,360,0.82,2.0,4,56,1696
0.0,3.2,6.49540584539816,360,0.83,2.0,5,56,1697
0.0,2.1,6.7749999999999995,360,0.86,2.0,6,56,1698
0.0,1.8,7.100594289111597,360,0.88,1.0,7,56,1699
157.1111111111111,3.5,7.45,360,0.87,2.0,8,56,1700
482.5555555555556,6.4,7.799405710888403,360,0.82,2.0,9,56,1701
785.5555555555557,9.6,8.125,360,0.8,3.0,10,56,1702
1021.2222222222222,12.3,8.40459415460184,360,0.72,4.0,11,56,1703
1144.6666666666665,14.0,8.619134295108992,360,0.7,4.0,12,56,1704
1155.888888888889,15.5,8.753999865490243,360,0.64,4.0,13,56,1705
1066.1111111111113,16.3,8.8,360,0.63,4.0,14,56,1706
886.5555555555555,16.8,8.753999865490243,360,0.6,3.0,15,56,1707
594.7777777777778,16.5,8.619134295108992,360,0.62,3.0,16,56,1708
269.33333333333337,14.7,8.40459415460184,360,0.69,4.0,17,56,1709
33.66666666666667,12.9,8.125,360,0.73,2.0,18,56,1710
0.0,11.4,7.799405710888403,360,0.76,2.0,19,56,1711
0.0,10.6,7.45,360,0.77,2.0,20,56,1712
0.0,10.7,7.100594289111597,360,0.75,2.0,21,56,1713
0.0,9.82857142857143,6.775,360,0.7671428571428569,1.85714285714286,22,56,1714
0.0,8.95714285714286,6.49540584539816,360,0.784285714285714,1.71428571428571,23,56,1715
0.0,8.08571428571429,6.280865704891007,360,0.8014285714285709,1.57142857142857,24,56,1716
0.0,7.21428571428571,6.252814969251944,360,0.8185714285714291,1.42857142857143,1,57,1717
0.0,6.34285714285714,6.199999999999999,360,0.835714285714286,1.28571428571429,2,57,1718
0.0,5.47142857142857,6.2528149692519435,360,0.8528571428571431,1.14285714285714,3,57,1719
0.0,4.6,6.407660624134119,360,0.87,1.0,4,57,1720
0.0,4.4,6.653984489160851,360,0.89,2.0,5,57,1721
0.0,3.7,6.975,360,0.88,2.0,6,57,1722
11.222222222222221,3.8,7.348830480091093,360,0.9,1.0,7,57,1723
179.55555555555554,5.2,7.75,360,0.88,2.0,8,57,1724
482.5555555555556,8.1,8.151169519908906,360,0.83,2.0,9,57,1725
819.2222222222222,12.3,8.525,360,0.76,2.0,10,57,1726
1032.4444444444446,15.7,8.846015510839148,360,0.68,2.0,11,57,1727
1167.111111111111,17.0,9.09233937586588,360,0.67,2.0,12,57,1728
1178.3333333333335,18.7,9.247185030748057,360,0.58,3.0,13,57,1729
1088.5555555555557,19.3,9.3,360,0.51,2.0,14,57,1730
920.2222222222223,19.3,9.247185030748057,360,0.48,3.0,15,57,1731
628.4444444444443,19.0,9.09233937586588,360,0.52,3.0,16,57,1732
291.77777777777777,17.8,8.846015510839148,360,0.56,2.0,17,57,1733
44.888888888888886,13.8,8.525,360,0.65,1.0,18,57,1734
0.0,10.5,8.151169519908906,360,0.78,1.0,19,57,1735
0.0,9.2,7.75,360,0.81,1.0,20,57,1736
0.0,9.2,7.348830480091093,360,0.78,0.0,21,57,1737
0.0,8.6,6.9750000000000005,360,0.82,0.0,22,57,1738
0.0,7.6,6.653984489160852,360,0.86,0.0,23,57,1739
0.0,6.4,6.40766062413412,360,0.89,0.0,24,57,1740
0.0,5.9,6.456222386623039,360,0.92,0.0,1,58,1741
0.0,5.0,6.400000000000001,360,0.93,0.0,2,58,1742
0.0,6.1,6.456222386623039,360,0.94,0.0,3,58,1743
0.0,4.4,6.621058083755678,360,0.94,1.0,4,58,1744
0.0,4.2,6.883273811042197,360,0.95,0.0,5,58,1745
0.0,3.3,7.2250000000000005,360,0.95,0.0,6,58,1746
0.0,3.9,7.622948575580842,360,0.96,2.0,7,58,1747
190.77777777777777,6.6,8.05,360,0.95,1.0,8,58,1748
538.6666666666667,11.3,8.47705142441916,360,0.67,2.0,9,58,1749
684.5555555555557,15.1,8.875,360,0.64,2.0,10,58,1750
1066.1111111111113,17.5,9.216726188957804,360,0.53,2.0,11,58,1751
1245.6666666666665,19.5,9.478941916244324,360,0.44,3.0,12,58,1752
1268.1111111111113,20.7,9.643777613376963,360,0.4,2.0,13,58,1753
1178.3333333333335,21.6,9.7,360,0.39,2.0,14,58,1754
976.3333333333333,22.0,9.643777613376963,360,0.37,2.0,15,58,1755
695.7777777777778,22.1,9.478941916244324,360,0.37,2.0,16,58,1756
336.66666666666663,20.0,9.216726188957804,360,0.43,2.0,17,58,1757
56.111111111111114,13.4,8.875,360,0.61,1.0,18,58,1758
0.0,9.9,8.47705142441916,360,0.72,1.0,19,58,1759
0.0,8.2,8.05,360,0.81,1.0,20,58,1760
0.0,8.5,7.622948575580842,360,0.7,2.0,21,58,1761
0.0,11.9,7.225000000000001,360,0.6,4.0,22,58,1762
0.0,9.3,6.883273811042198,360,0.79,6.0,23,58,1763
0.0,8.6,6.621058083755678,360,0.88,5.0,24,58,1764
0.0,7.6,8.12896304765429,360,0.91,5.0,1,59,1765
0.0,7.7,8.099999999999998,360,0.93,4.0,2,59,1766
0.0,7.3,8.12896304765429,360,0.96,5.0,3,59,1767
0.0,7.8,8.213878406783225,360,1.0,5.0,4,59,1768
0.0,7.7,8.348959235991433,360,1.0,6.0,5,59,1769
0.0,7.8,8.524999999999999,360,1.0,6.0,6,59,1770
0.0,8.4,8.730003811662856,360,1.0,4.0,7,59,1771
44.888888888888886,9.4,8.95,360,1.0,4.0,8,59,1772
269.33333333333337,11.0,9.169996188337143,360,0.91,8.0,9,59,1773
538.6666666666667,11.8,9.375,360,0.82,8.0,10,59,1774
381.55555555555554,11.9,9.551040764008565,360,0.81,9.0,11,59,1775
628.4444444444443,13.3,9.686121593216773,360,0.74,10.0,12,59,1776
1391.5555555555557,14.6,9.771036952345709,360,0.63,12.0,13,59,1777
852.8888888888889,13.5,9.8,360,0.69,12.0,14,59,1778
549.8888888888889,13.8,9.771036952345709,360,0.67,10.0,15,59,1779
325.44444444444446,12.4,9.686121593216773,360,0.68,11.0,16,59,1780
67.33333333333334,11.1,9.551040764008565,360,0.85,9.0,17,59,1781
11.222222222222221,10.6,9.375,360,0.93,7.0,18,59,1782
0.0,10.8,9.169996188337143,360,0.93,7.0,19,59,1783
0.0,10.6,8.95,360,0.89,8.0,20,59,1784
0.0,9.8,8.730003811662856,360,0.91,8.0,21,59,1785
0.0,10.0,8.524999999999999,360,0.92,6.0,22,59,1786
0.0,9.5,8.348959235991433,360,0.91,5.0,23,59,1787
0.0,8.8,8.213878406783225,360,0.93,5.0,24,59,1788
0.0,9.1,8.523851921597652,360,0.93,5.0,1,61,1789
0.0,9.1,8.5,360,0.94,5.0,2,61,1790
0.0,8.9,8.523851921597652,360,0.95,6.0,3,61,1791
0.0,7.3,8.593782217350892,360,0.94,6.0,4,61,1792
0.0,7.1,8.705025253169415,360,0.98,5.0,5,61,1793
0.0,6.9,8.85,360,1.0,6.0,6,61,1794
0.0,7.3,9.018826668428234,360,0.97,4.0,7,61,1795
101.0,8.3,9.2,360,0.96,6.0,8,61,1796
246.8888888888889,9.0,9.381173331571764,360,0.87,5.0,9,61,1797
370.33333333333337,9.9,9.549999999999999,360,0.72,5.0,10,61,1798
426.44444444444446,10.3,9.694974746830583,360,0.7,6.0,11,61,1799
336.66666666666663,10.6,9.806217782649107,360,0.67,6.0,12,61,1800
482.5555555555556,11.0,9.876148078402347,360,0.66,5.0,13,61,1801
572.3333333333333,11.9,9.899999999999999,360,0.64,4.0,14,61,1802
426.44444444444446,11.6,9.876148078402347,360,0.62,7.0,15,61,1803
347.8888888888889,12.0,9.806217782649107,360,0.6,5.0,16,61,1804
291.77777777777777,10.9,9.694974746830583,360,0.63,6.0,17,61,1805
33.66666666666667,9.6,9.549999999999999,360,0.71,4.0,18,61,1806
0.0,9.3,9.381173331571764,360,0.73,4.0,19,61,1807
0.0,8.9,9.2,360,0.75,4.0,20,61,1808
0.0,7.5,9.018826668428234,360,0.8,4.0,21,61,1809
0.0,6.6,8.85,360,0.85,2.0,22,61,1810
0.0,7.3,8.705025253169415,360,0.83,3.0,23,61,1811
0.0,7.4,8.593782217350892,360,0.87,4.0,24,61,1812
0.0,7.8,8.62896304765429,360,0.92,6.0,1,62,1813
0.0,8.6,8.599999999999998,360,0.9,8.0,2,62,1814
0.0,8.2,8.62896304765429,360,0.96,7.0,3,62,1815
0.0,8.4,8.713878406783225,360,0.98,8.0,4,62,1816
0.0,9.3,8.848959235991433,360,0.97,10.0,5,62,1817
0.0,9.5,9.024999999999999,360,0.94,10.0,6,62,1818
11.222222222222221,9.4,9.230003811662856,360,0.92,7.0,7,62,1819
179.55555555555554,10.0,9.45,360,0.94,7.0,8,62,1820
482.5555555555556,10.6,9.669996188337143,360,0.91,8.0,9,62,1821
673.3333333333333,11.3,9.875,360,0.81,8.0,10,62,1822
763.1111111111111,12.1,10.051040764008565,360,0.75,7.0,11,62,1823
1032.4444444444446,13.0,10.186121593216773,360,0.64,8.0,12,62,1824
875.3333333333334,13.1,10.271036952345709,360,0.7,9.0,13,62,1825
931.4444444444445,13.5,10.3,360,0.63,8.0,14,62,1826
796.7777777777777,13.1,10.271036952345709,360,0.65,9.0,15,62,1827
471.33333333333337,12.3,10.186121593216773,360,0.69,8.0,16,62,1828
190.77777777777777,11.8,10.051040764008565,360,0.72,8.0,17,62,1829
33.66666666666667,11.1,9.875,360,0.79,8.0,18,62,1830
0.0,9.5,9.669996188337143,360,0.83,10.0,19,62,1831
0.0,8.9,9.45,360,0.9,5.0,20,62,1832
0.0,9.0,9.230003811662856,360,0.91,6.0,21,62,1833
0.0,9.6,9.024999999999999,360,0.94,6.0,22,62,1834
0.0,9.9,8.848959235991433,360,0.93,7.0,23,62,1835
0.0,10.2,8.713878406783225,360,0.92,8.0,24,62,1836
0.0,10.1,9.425555630283199,360,0.93,7.0,1,63,1837
0.0,10.1,9.4,360,0.95,6.0,2,63,1838
0.0,10.0,9.425555630283199,360,0.95,6.0,3,63,1839
0.0,10.1,9.500480947161671,360,0.95,6.0,4,63,1840
0.0,9.7,9.619669914110089,360,0.93,7.0,5,63,1841
0.0,9.4,9.775,360,0.95,8.0,6,63,1842
11.222222222222221,9.1,9.95588571617311,360,0.95,8.0,7,63,1843
89.77777777777777,9.6,10.15,360,0.92,7.0,8,63,1844
157.1111111111111,10.3,10.34411428382689,360,0.87,7.0,9,63,1845
235.66666666666669,10.7,10.525,360,0.84,7.0,10,63,1846
561.1111111111111,13.6,10.680330085889912,360,0.69,9.0,11,63,1847
1245.6666666666665,14.8,10.79951905283833,360,0.58,11.0,12,63,1848
1223.2222222222222,15.4,10.874444369716802,360,0.57,10.0,13,63,1849
1189.5555555555557,16.0,10.9,360,0.54,11.0,14,63,1850
1021.2222222222222,17.1,10.874444369716802,360,0.5,10.0,15,63,1851
347.8888888888889,16.1,10.79951905283833,360,0.5,9.0,16,63,1852
44.888888888888886,15.9,10.680330085889912,360,0.45,8.0,17,63,1853
11.222222222222221,14.1,10.525,360,0.56,9.0,18,63,1854
0.0,13.2,10.34411428382689,360,0.62,8.0,19,63,1855
0.0,13.7,10.15,360,0.62,7.0,20,63,1856
0.0,15.3,9.95588571617311,360,0.48,10.0,21,63,1857
0.0,14.6,9.775,360,0.48,8.0,22,63,1858
0.0,14.1,9.619669914110089,360,0.58,12.0,23,63,1859
0.0,11.9,9.500480947161671,360,0.77,14.0,24,63,1860
0.0,11.3,9.410222252113279,360,0.8,10.0,1,64,1861
0.0,10.4,9.399999999999999,360,0.86,11.0,2,64,1862
0.0,10.6,9.410222252113279,360,0.78,17.0,3,64,1863
0.0,10.0,9.440192378864667,360,0.7,16.0,4,64,1864
0.0,9.6,9.487867965644035,360,0.66,16.0,5,64,1865
0.0,9.4,9.549999999999999,360,0.69,16.0,6,64,1866
22.444444444444443,9.1,9.622354286469243,360,0.7,17.0,7,64,1867
179.55555555555554,9.3,9.7,360,0.71,16.0,8,64,1868
258.11111111111114,8.5,9.777645713530756,360,0.78,14.0,9,64,1869
202.0,8.8,9.85,360,0.78,14.0,10,64,1870
1133.4444444444443,10.7,9.912132034355963,360,0.65,16.0,11,64,1871
1144.6666666666665,11.5,9.959807621135331,360,0.58,14.0,12,64,1872
987.5555555555557,10.9,9.98977774788672,360,0.58,14.0,13,64,1873
942.6666666666667,11.2,10.0,360,0.53,14.0,14,64,1874
561.1111111111111,10.8,9.98977774788672,360,0.63,14.0,15,64,1875
740.6666666666667,10.4,9.959807621135331,360,0.57,14.0,16,64,1876
258.11111111111114,9.4,9.912132034355963,360,0.63,12.0,17,64,1877
33.66666666666667,8.3,9.85,360,0.74,10.0,18,64,1878
0.0,7.6,9.777645713530756,360,0.83,8.0,19,64,1879
0.0,6.3,9.7,360,0.84,12.0,20,64,1880
0.0,6.6,9.622354286469243,360,0.87,6.0,21,64,1881
0.0,6.7,9.549999999999999,360,0.84,6.0,22,64,1882
0.0,6.7,9.487867965644035,360,0.88,5.0,23,64,1883
0.0,6.4,9.440192378864667,360,0.92,5.0,24,64,1884
0.0,6.4,8.232370465025383,360,0.92,5.0,1,65,1885
0.0,6.1,8.2,360,0.92,6.0,2,65,1886
0.0,6.1,8.232370465025383,360,0.94,8.0,3,65,1887
0.0,6.4,8.327275866404781,360,0.94,7.0,4,65,1888
0.0,6.3,8.478248557872778,360,0.95,8.0,5,65,1889
0.0,6.3,8.674999999999997,360,0.96,6.0,6,65,1890
22.444444444444443,6.6,8.904121907152604,360,0.95,7.0,7,65,1891
246.8888888888889,8.3,9.149999999999999,360,0.93,7.0,8,65,1892
426.44444444444446,9.0,9.395878092847394,360,0.93,8.0,9,65,1893
460.11111111111114,10.2,9.624999999999998,360,0.86,8.0,10,65,1894
493.7777777777778,11.4,9.82175144212722,360,0.82,9.0,11,65,1895
729.4444444444443,12.1,9.972724133595216,360,0.82,10.0,12,65,1896
1189.5555555555557,13.1,10.067629534974614,360,0.67,10.0,13,65,1897
976.3333333333333,13.5,10.099999999999998,360,0.65,9.0,14,65,1898
751.8888888888888,13.8,10.067629534974614,360,0.59,9.0,15,65,1899
628.4444444444443,12.7,9.972724133595216,360,0.62,8.0,16,65,1900
370.33333333333337,12.9,9.82175144212722,360,0.6,6.0,17,65,1901
67.33333333333334,10.1,9.624999999999998,360,0.68,5.0,18,65,1902
0.0,9.2,9.395878092847394,360,0.72,4.0,19,65,1903
0.0,10.0,9.149999999999999,360,0.68,4.0,20,65,1904
0.0,8.7,8.904121907152604,360,0.73,6.0,21,65,1905
0.0,10.1,8.674999999999999,360,0.65,6.0,22,65,1906
0.0,10.5,8.478248557872778,360,0.61,8.0,23,65,1907
0.0,11.4,8.327275866404781,360,0.55,8.0,24,65,1908
0.0,12.3,8.917037086855466,360,0.52,10.0,1,66,1909
0.0,11.7,8.9,360,0.57,12.0,2,66,1910
0.0,11.3,8.917037086855466,360,0.57,12.0,3,66,1911
0.0,11.0,8.966987298107782,360,0.56,12.0,4,66,1912
0.0,11.4,9.046446609406726,360,0.55,12.0,5,66,1913
0.0,10.8,9.15,360,0.58,13.0,6,66,1914
0.0,11.1,9.27059047744874,360,0.6,12.0,7,66,1915
56.111111111111114,11.5,9.4,360,0.62,12.0,8,66,1916
190.77777777777777,12.1,9.52940952255126,360,0.65,12.0,9,66,1917
325.44444444444446,13.2,9.65,360,0.64,15.0,10,66,1918
314.2222222222222,11.8,9.753553390593273,360,0.78,14.0,11,66,1919
235.66666666666669,11.0,9.833012701892219,360,0.89,11.0,12,66,1920
280.55555555555554,11.4,9.882962913144535,360,0.89,5.0,13,66,1921
246.8888888888889,11.9,9.9,360,0.91,6.0,14,66,1922
134.66666666666669,11.9,9.882962913144535,360,0.9,6.0,15,66,1923
112.22222222222223,12.2,9.833012701892219,360,0.85,8.0,16,66,1924
89.77777777777777,12.6,9.753553390593273,360,0.83,8.0,17,66,1925
33.66666666666667,11.7,9.65,360,0.89,8.0,18,66,1926
0.0,10.0,9.52940952255126,360,0.85,14.0,19,66,1927
0.0,8.9,9.4,360,0.97,12.0,20,66,1928
0.0,9.4,9.27059047744874,360,0.95,10.0,21,66,1929
0.0,8.6,9.15,360,0.91,9.0,22,66,1930
0.0,8.2,9.046446609406727,360,0.96,6.0,23,66,1931
0.0,7.8,8.966987298107782,360,0.94,7.0,24,66,1932
0.0,7.6,8.818740795541014,360,0.96,6.0,1,67,1933
0.0,8.0,8.8,360,0.94,7.0,2,67,1934
0.0,7.3,8.818740795541014,360,0.93,8.0,3,67,1935
0.0,7.1,8.873686027918561,360,0.91,8.0,4,67,1936
0.0,6.8,8.961091270347401,360,0.86,8.0,5,67,1937
0.0,6.6,9.075000000000001,360,0.88,7.0,6,67,1938
11.222222222222221,6.2,9.207649525193615,360,0.9,9.0,7,67,1939
145.88888888888889,6.7,9.350000000000001,360,0.88,10.0,8,67,1940
493.7777777777778,8.3,9.492350474806388,360,0.88,8.0,9,67,1941
897.7777777777778,10.0,9.625000000000002,360,0.74,10.0,10,67,1942
336.66666666666663,7.2,9.738908729652602,360,0.86,14.0,11,67,1943
1189.5555555555557,11.3,9.826313972081442,360,0.74,9.0,12,67,1944
785.5555555555557,8.2,9.881259204458988,360,0.79,14.0,13,67,1945
628.4444444444443,9.4,9.900000000000002,360,0.86,10.0,14,67,1946
740.6666666666667,10.3,9.881259204458988,360,0.78,8.0,15,67,1947
695.7777777777778,10.6,9.826313972081442,360,0.75,10.0,16,67,1948
202.0,7.9,9.738908729652602,360,0.86,10.0,17,67,1949
56.111111111111114,8.0,9.625000000000002,360,0.85,7.0,18,67,1950
0.0,7.3,9.492350474806388,360,0.9,6.0,19,67,1951
0.0,7.0,9.350000000000001,360,0.94,4.0,20,67,1952
0.0,6.7,9.207649525193615,360,0.95,4.0,21,67,1953
0.0,6.4,9.075000000000001,360,0.94,5.0,22,67,1954
0.0,5.7,8.961091270347401,360,0.96,4.0,23,67,1955
0.0,5.6,8.873686027918561,360,0.98,4.0,24,67,1956
0.0,5.7,8.432370465025386,360,0.97,3.0,1,68,1957
0.0,5.3,8.400000000000002,360,0.97,3.0,2,68,1958
0.0,6.0,8.432370465025386,360,0.99,4.0,3,68,1959
0.0,6.3,8.527275866404784,360,1.0,4.0,4,68,1960
0.0,6.0,8.67824855787278,360,1.0,4.0,5,68,1961
0.0,5.9,8.875,360,1.0,4.0,6,68,1962
22.444444444444443,5.9,9.104121907152606,360,1.0,4.0,7,68,1963
168.33333333333331,6.2,9.350000000000001,360,1.0,3.0,8,68,1964
505.0,7.5,9.595878092847396,360,1.0,4.0,9,68,1965
852.8888888888889,8.3,9.825000000000001,360,0.95,4.0,10,68,1966
1077.3333333333335,10.5,10.021751442127222,360,0.76,6.0,11,68,1967
897.7777777777778,9.8,10.172724133595219,360,0.74,6.0,12,68,1968
841.6666666666666,11.8,10.267629534974617,360,0.64,6.0,13,68,1969
830.4444444444446,11.0,10.3,360,0.63,6.0,14,68,1970
527.4444444444445,11.6,10.267629534974617,360,0.57,8.0,15,68,1971
482.5555555555556,11.2,10.172724133595219,360,0.63,7.0,16,68,1972
179.55555555555554,10.4,10.021751442127222,360,0.67,8.0,17,68,1973
44.888888888888886,9.7,9.825000000000001,360,0.73,7.0,18,68,1974
0.0,9.4,9.595878092847396,360,0.76,7.0,19,68,1975
0.0,9.2,9.350000000000001,360,0.8,6.0,20,68,1976
0.0,8.9,9.104121907152606,360,0.82,7.0,21,68,1977
0.0,8.9,8.875000000000002,360,0.84,7.0,22,68,1978
0.0,9.0,8.67824855787278,360,0.87,9.0,23,68,1979
0.0,9.1,8.527275866404784,360,0.89,9.0,24,68,1980
0.0,8.9,9.523851921597652,360,0.95,10.0,1,69,1981
0.0,9.0,9.5,360,0.96,10.0,2,69,1982
0.0,9.3,9.523851921597652,360,0.97,10.0,3,69,1983
0.0,9.6,9.593782217350892,360,0.97,10.0,4,69,1984
0.0,10.1,9.705025253169415,360,0.99,8.0,5,69,1985
0.0,10.6,9.85,360,0.99,7.0,6,69,1986
0.0,11.2,10.018826668428234,360,0.99,7.0,7,69,1987
56.111111111111114,11.4,10.2,360,0.99,8.0,8,69,1988
157.1111111111111,11.8,10.381173331571764,360,0.97,8.0,9,69,1989
370.33333333333337,12.3,10.549999999999999,360,0.88,11.0,10,69,1990
392.7777777777778,12.2,10.694974746830583,360,0.93,10.0,11,69,1991
381.55555555555554,13.1,10.806217782649107,360,0.91,9.0,12,69,1992
516.2222222222223,13.0,10.876148078402347,360,0.91,10.0,13,69,1993
415.2222222222223,13.0,10.899999999999999,360,0.95,8.0,14,69,1994
359.1111111111111,13.1,10.876148078402347,360,0.95,9.0,15,69,1995
235.66666666666669,12.7,10.806217782649107,360,0.96,8.0,16,69,1996
89.77777777777777,12.3,10.694974746830583,360,0.97,8.0,17,69,1997
22.444444444444443,12.0,10.549999999999999,360,0.97,7.0,18,69,1998
0.0,11.9,10.381173331571764,360,0.99,6.0,19,69,1999
0.0,11.7,10.2,360,0.99,8.0,20,69,2000
0.0,11.7,10.018826668428234,360,0.98,9.0,21,69,2001
0.0,11.7,9.85,360,0.98,9.0,22,69,2002
0.0,11.7,9.705025253169415,360,0.98,9.0,23,69,2003
0.0,11.7,9.593782217350892,360,0.98,10.0,24,69,2004
0.0,11.6,10.618740795541012,360,0.98,10.0,1,70,2005
0.0,11.4,10.599999999999998,360,0.97,12.0,2,70,2006
0.0,11.1,10.618740795541012,360,0.89,13.0,3,70,2007
0.0,11.1,10.673686027918558,360,0.92,12.0,4,70,2008
0.0,11.1,10.761091270347398,360,0.92,12.0,5,70,2009
0.0,10.9,10.874999999999998,360,0.96,11.0,6,70,2010
0.0,11.1,11.007649525193612,360,0.99,12.0,7,70,2011
89.77777777777777,11.7,11.149999999999999,360,0.93,14.0,8,70,2012
213.22222222222223,12.2,11.292350474806385,360,0.9,10.0,9,70,2013
258.11111111111114,12.5,11.424999999999999,360,0.84,10.0,10,70,2014
785.5555555555557,13.3,11.538908729652599,360,0.74,10.0,11,70,2015
1155.888888888889,12.9,11.626313972081439,360,0.65,10.0,12,70,2016
965.1111111111112,13.1,11.681259204458986,360,0.54,9.0,13,70,2017
1133.4444444444443,13.5,11.7,360,0.56,9.0,14,70,2018
942.6666666666667,12.9,11.681259204458986,360,0.62,10.0,15,70,2019
684.5555555555557,12.4,11.626313972081439,360,0.51,10.0,16,70,2020
381.55555555555554,11.3,11.538908729652599,360,0.54,9.0,17,70,2021
67.33333333333334,10.0,11.424999999999999,360,0.58,6.0,18,70,2022
0.0,8.0,11.292350474806385,360,0.67,7.0,19,70,2023
0.0,7.3,11.149999999999999,360,0.76,5.0,20,70,2024
0.0,6.7,11.007649525193612,360,0.82,5.0,21,70,2025
0.0,6.1,10.874999999999998,360,0.85,6.0,22,70,2026
0.0,5.5,10.761091270347398,360,0.87,6.0,23,70,2027
0.0,5.2,10.673686027918558,360,0.88,5.0,24,70,2028
0.0,4.9,8.830666756339838,360,0.9,4.0,1,71,2029
0.0,4.9,8.8,360,0.92,5.0,2,71,2030
0.0,4.9,8.830666756339838,360,0.91,6.0,3,71,2031
0.0,4.7,8.920577136594005,360,0.92,6.0,4,71,2032
0.0,4.1,9.063603896932106,360,0.95,5.0,5,71,2033
0.0,3.8,9.25,360,0.96,5.0,6,71,2034
44.888888888888886,4.2,9.467062859407731,360,0.92,5.0,7,71,2035
359.1111111111111,6.6,9.7,360,0.87,6.0,8,71,2036
673.3333333333333,8.4,9.932937140592268,360,0.73,7.0,9,71,2037
953.8888888888889,9.4,10.149999999999999,360,0.58,9.0,10,71,2038
987.5555555555557,9.6,10.33639610306789,360,0.58,8.0,11,71,2039
1369.1111111111113,10.8,10.479422863405993,360,0.54,8.0,12,71,2040
1290.5555555555554,11.2,10.56933324366016,360,0.49,8.0,13,71,2041
1335.4444444444443,11.3,10.599999999999998,360,0.46,7.0,14,71,2042
1178.3333333333335,11.4,10.56933324366016,360,0.47,6.0,15,71,2043
662.1111111111112,11.4,10.479422863405993,360,0.41,5.0,16,71,2044
448.8888888888889,10.5,10.33639610306789,360,0.44,5.0,17,71,2045
89.77777777777777,9.1,10.149999999999999,360,0.47,4.0,18,71,2046
0.0,4.0,9.932937140592268,360,0.85,2.0,19,71,2047
0.0,2.5,9.7,360,0.87,1.0,20,71,2048
0.0,1.3,9.467062859407731,360,0.89,2.0,21,71,2049
0.0,1.8,9.25,360,0.9014285714285709,2.28571428571429,22,71,2050
0.0,2.3,9.063603896932108,360,0.912857142857143,2.57142857142857,23,71,2051
0.0,2.8,8.920577136594005,360,0.924285714285714,2.85714285714286,24,71,2052
0.0,3.3,7.5391852997675715,360,0.9357142857142859,3.14285714285714,1,71,2053
0.0,3.8,7.5,360,0.947142857142857,3.42857142857143,2,71,2054
0.0,4.3,7.5391852997675715,360,0.9585714285714291,3.71428571428571,3,71,2055
0.0,4.8,7.654070785647895,360,0.97,4.0,4,71,2056
0.0,5.1,7.83682720163547,360,0.97,4.0,5,71,2057
0.0,5.8,8.075,360,0.97,4.0,6,71,2058
11.222222222222221,6.3,8.352358098132102,360,0.98,6.0,7,71,2059
78.55555555555554,6.6,8.65,360,0.98,6.0,8,71,2060
67.33333333333334,7.6,8.947641901867899,360,0.85,5.0,9,71,2061
359.1111111111111,7.0,9.225000000000001,360,0.92,6.0,10,71,2062
796.7777777777777,8.4,9.46317279836453,360,0.91,7.0,11,71,2063
1391.5555555555557,10.9,9.645929214352105,360,0.7,7.0,12,71,2064
998.7777777777778,11.0,9.76081470023243,360,0.7,8.0,13,71,2065
1178.3333333333335,11.7,9.8,360,0.63,7.0,14,71,2066
729.4444444444443,12.4,9.76081470023243,360,0.58,6.0,15,71,2067
471.33333333333337,12.6,9.645929214352105,360,0.59,5.0,16,71,2068
336.66666666666663,11.7,9.46317279836453,360,0.61,5.0,17,71,2069
78.55555555555554,9.4,9.225000000000001,360,0.71,4.0,18,71,2070
0.0,8.7,8.947641901867899,360,0.81,4.0,19,71,2071
0.0,9.4,8.65,360,0.84,4.0,20,71,2072
0.0,8.7,8.352358098132102,360,0.84,4.0,21,71,2073
0.0,8.7,8.075000000000001,360,0.88,5.0,22,71,2074
0.0,8.8,7.8368272016354705,360,0.91,5.0,23,71,2075
0.0,8.5,7.654070785647896,360,0.92,5.0,24,71,2076
0.0,8.2,8.337481591082026,360,0.93,5.0,1,72,2077
0.0,7.4,8.3,360,0.93,4.0,2,72,2078
0.0,6.9,8.337481591082025,360,0.94,5.0,3,72,2079
0.0,6.4,8.447372055837118,360,0.95,4.0,4,72,2080
0.0,6.0,8.622182540694798,360,0.96,4.0,5,72,2081
0.0,6.3,8.85,360,0.97,4.0,6,72,2082
56.111111111111114,6.8,9.115299050387227,360,0.97,4.0,7,72,2083
269.33333333333337,8.4,9.4,360,0.97,4.0,8,72,2084
426.44444444444446,9.9,9.684700949612774,360,0.97,4.0,9,72,2085
785.5555555555557,11.4,9.950000000000001,360,0.93,7.0,10,72,2086
774.3333333333333,11.8,10.177817459305203,360,0.82,8.0,11,72,2087
426.44444444444446,11.8,10.352627944162883,360,0.83,6.0,12,72,2088
583.5555555555555,11.9,10.462518408917976,360,0.88,6.0,13,72,2089
482.5555555555556,12.7,10.5,360,0.88,7.0,14,72,2090
538.6666666666667,13.2,10.462518408917976,360,0.82,7.0,15,72,2091
269.33333333333337,12.3,10.352627944162883,360,0.87,7.0,16,72,2092
179.55555555555554,12.5,10.177817459305203,360,0.88,6.0,17,72,2093
56.111111111111114,11.4,9.950000000000001,360,0.88,6.0,18,72,2094
0.0,10.8,9.684700949612774,360,0.91,4.0,19,72,2095
0.0,11.0,9.4,360,0.93,4.0,20,72,2096
0.0,10.4,9.115299050387227,360,0.93,4.0,21,72,2097
0.0,10.3,8.850000000000001,360,0.94,4.0,22,72,2098
0.0,9.7,8.622182540694798,360,0.95,4.0,23,72,2099
0.0,9.4,8.447372055837118,360,0.96,4.0,24,72,2100
0.0,9.1,9.652814969251942,360,0.97,4.0,1,73,2101
0.0,8.1,9.599999999999998,360,0.97,2.0,2,73,2102
0.0,7.7,9.652814969251942,360,0.97,2.0,3,73,2103
0.0,7.5,9.807660624134119,360,0.98,3.0,4,73,2104
0.0,7.1,10.05398448916085,360,0.98,3.0,5,73,2105
0.0,7.1,10.374999999999998,360,0.98,2.0,6,73,2106
11.222222222222221,7.1,10.748830480091092,360,0.98,3.0,7,73,2107
134.66666666666669,6.9,11.149999999999999,360,0.99,4.0,8,73,2108
314.2222222222222,7.9,11.551169519908905,360,0.99,4.0,9,73,2109
493.7777777777778,9.2,11.924999999999999,360,0.99,4.0,10,73,2110
639.6666666666667,10.5,12.246015510839147,360,0.98,4.0,11,73,2111
1335.4444444444443,12.9,12.492339375865878,360,0.98,4.0,12,73,2112
1436.4444444444443,14.5,12.647185030748055,360,0.85,4.0,13,73,2113
1335.4444444444443,15.8,12.7,360,0.64,4.0,14,73,2114
1111.0,16.7,12.647185030748055,360,0.61,3.0,15,73,2115
763.1111111111111,16.4,12.492339375865878,360,0.59,3.0,16,73,2116
392.7777777777778,15.3,12.246015510839147,360,0.61,3.0,17,73,2117
101.0,13.7,11.924999999999999,360,0.69,2.0,18,73,2118
0.0,12.2,11.551169519908905,360,0.74,2.0,19,73,2119
0.0,11.1,11.149999999999999,360,0.76,2.0,20,73,2120
0.0,10.6,10.748830480091092,360,0.79,2.0,21,73,2121
0.0,9.3,10.374999999999998,360,0.83,2.0,22,73,2122
0.0,9.0,10.05398448916085,360,0.88,2.0,23,73,2123
0.0,8.1,9.807660624134119,360,0.91,2.0,24,73,2124
0.0,6.8,9.156222386623037,360,0.93,1.0,1,74,2125
0.0,6.4,9.1,360,0.95,1.0,2,74,2126
0.0,6.3,9.156222386623037,360,0.96,1.0,3,74,2127
0.0,6.1,9.321058083755675,360,0.97,1.0,4,74,2128
0.0,5.4,9.583273811042195,360,0.97,2.0,5,74,2129
0.0,4.9,9.924999999999999,360,0.97,2.0,6,74,2130
67.33333333333334,8.0,10.32294857558084,360,0.98,4.0,7,74,2131
370.33333333333337,11.4,10.75,360,0.95,5.0,8,74,2132
718.2222222222222,12.4,11.17705142441916,360,0.7,7.0,9,74,2133
998.7777777777778,13.9,11.575000000000001,360,0.66,6.0,10,74,2134
1301.7777777777778,15.4,11.916726188957803,360,0.65,6.0,11,74,2135
1178.3333333333335,16.6,12.178941916244325,360,0.62,6.0,12,74,2136
1133.4444444444443,17.8,12.343777613376963,360,0.61,8.0,13,74,2137
875.3333333333334,17.3,12.4,360,0.64,8.0,14,74,2138
987.5555555555557,17.4,12.343777613376963,360,0.6,8.0,15,74,2139
830.4444444444446,17.3,12.178941916244325,360,0.6,7.0,16,74,2140
460.11111111111114,16.3,11.916726188957803,360,0.64,8.0,17,74,2141
101.0,13.9,11.575000000000001,360,0.69,6.0,18,74,2142
11.222222222222221,12.8,11.17705142441916,360,0.8,4.0,19,74,2143
0.0,12.0,10.75,360,0.85,3.0,20,74,2144
0.0,11.8,10.32294857558084,360,0.87,4.0,21,74,2145
0.0,12.3,9.925,360,0.83,5.0,22,74,2146
0.0,12.5,9.583273811042197,360,0.83,5.0,23,74,2147
0.0,12.6,9.321058083755675,360,0.81,7.0,24,74,2148
0.0,12.7,11.025555630283199,360,0.81,6.0,1,75,2149
0.0,12.6,11.0,360,0.82,8.0,2,75,2150
0.0,12.3,11.025555630283199,360,0.87,8.0,3,75,2151
0.0,12.0,11.100480947161671,360,0.89,8.0,4,75,2152
0.0,11.6,11.219669914110089,360,0.89,5.0,5,75,2153
0.0,11.7,11.375,360,0.89,6.0,6,75,2154
22.444444444444443,11.3,11.55588571617311,360,0.89,6.0,7,75,2155
246.8888888888889,12.7,11.75,360,0.91,7.0,8,75,2156
392.7777777777778,13.0,11.94411428382689,360,0.88,8.0,9,75,2157
448.8888888888889,13.5,12.125,360,0.86,8.0,10,75,2158
617.2222222222222,14.5,12.280330085889911,360,0.81,11.0,11,75,2159
718.2222222222222,14.8,12.399519052838329,360,0.86,10.0,12,75,2160
1032.4444444444446,15.2,12.474444369716801,360,0.77,12.0,13,75,2161
707.0000000000001,15.0,12.5,360,0.75,12.0,14,75,2162
381.55555555555554,13.6,12.474444369716801,360,0.84,10.0,15,75,2163
291.77777777777777,13.5,12.399519052838329,360,0.82,10.0,16,75,2164
134.66666666666669,13.0,12.280330085889911,360,0.88,10.0,17,75,2165
56.111111111111114,12.3,12.125,360,0.92,11.0,18,75,2166
0.0,12.2,11.94411428382689,360,0.93,8.0,19,75,2167
0.0,12.3,11.75,360,0.93,7.0,20,75,2168
0.0,12.3,11.55588571617311,360,0.93,8.0,21,75,2169
0.0,12.2,11.375,360,0.93,7.0,22,75,2170
0.0,12.0,11.219669914110089,360,0.93,8.0,23,75,2171
0.0,11.8,11.100480947161671,360,0.94,7.0,24,75,2172
0.0,11.7,11.530666756339839,360,0.94,8.0,1,76,2173
0.0,11.6,11.5,360,0.94,5.0,2,76,2174
0.0,11.6,11.530666756339839,360,0.95,4.0,3,76,2175
0.0,11.6,11.620577136594004,360,0.95,5.0,4,76,2176
0.0,11.5,11.763603896932107,360,0.95,4.0,5,76,2177
0.0,11.3,11.95,360,0.95,3.0,6,76,2178
22.444444444444443,11.3,12.167062859407732,360,0.96,4.0,7,76,2179
101.0,11.8,12.4,360,0.96,4.0,8,76,2180
336.66666666666663,12.7,12.632937140592269,360,0.96,4.0,9,76,2181
505.0,13.4,12.850000000000001,360,0.91,3.0,10,76,2182
415.2222222222223,13.6,13.036396103067894,360,0.82,4.0,11,76,2183
538.6666666666667,14.9,13.179422863405996,360,0.7,4.0,12,76,2184
549.8888888888889,14.7,13.269333243660162,360,0.7,3.0,13,76,2185
460.11111111111114,14.2,13.3,360,0.78,4.0,14,76,2186
482.5555555555556,14.5,13.269333243660162,360,0.78,4.0,15,76,2187
549.8888888888889,14.5,13.179422863405996,360,0.77,3.0,16,76,2188
168.33333333333331,14.1,13.036396103067894,360,0.77,2.0,17,76,2189
67.33333333333334,12.9,12.850000000000001,360,0.82,2.0,18,76,2190
0.0,12.1,12.632937140592269,360,0.89,2.0,19,76,2191
0.0,11.7,12.4,360,0.89,1.0,20,76,2192
0.0,11.7,12.167062859407732,360,0.9,1.0,21,76,2193
0.0,11.4,11.950000000000001,360,0.9,1.0,22,76,2194
0.0,11.5,11.763603896932107,360,0.91,2.0,23,76,2195
0.0,11.4,11.620577136594004,360,0.91,4.0,24,76,2196
0.0,11.3,11.727259338968745,360,0.91,2.0,1,77,2197
0.0,11.9,11.7,360,0.89,3.0,2,77,2198
0.0,10.9,11.727259338968745,360,0.88,2.0,3,77,2199
0.0,10.8,11.807179676972448,360,0.9,2.0,4,77,2200
0.0,10.6,11.934314575050761,360,0.91,2.0,5,77,2201
0.0,10.4,12.1,360,0.92,1.0,6,77,2202
33.66666666666667,10.8,12.292944763917983,360,0.92,1.0,7,77,2203
134.66666666666669,11.8,12.5,360,0.9,2.0,8,77,2204
224.44444444444446,13.3,12.707055236082017,360,0.81,4.0,9,77,2205
392.7777777777778,14.2,12.9,360,0.75,5.0,10,77,2206
482.5555555555556,14.7,13.065685424949239,360,0.76,5.0,11,77,2207
673.3333333333333,15.4,13.19282032302755,360,0.77,5.0,12,77,2208
594.7777777777778,15.6,13.272740661031255,360,0.77,4.0,13,77,2209
426.44444444444446,15.4,13.3,360,0.81,4.0,14,77,2210
404.0,15.6,13.272740661031255,360,0.8,4.0,15,77,2211
246.8888888888889,15.5,13.19282032302755,360,0.8,4.0,16,77,2212
123.44444444444446,15.0,13.065685424949239,360,0.84,3.0,17,77,2213
33.66666666666667,13.9,12.9,360,0.9,2.0,18,77,2214
0.0,13.6,12.707055236082017,360,0.93,1.0,19,77,2215
0.0,13.7,12.5,360,0.94,2.0,20,77,2216
0.0,13.4,12.292944763917983,360,0.95,2.0,21,77,2217
0.0,13.0,12.1,360,0.95,4.0,22,77,2218
0.0,12.8,11.934314575050761,360,0.96,5.0,23,77,2219
0.0,12.6,11.80717967697245,360,0.97,4.0,24,77,2220
0.0,12.5,12.339185299767571,360,0.97,5.0,1,78,2221
0.0,12.5,12.3,360,0.97,5.0,2,78,2222
0.0,12.4,12.339185299767571,360,0.97,7.0,3,78,2223
0.0,11.6,12.454070785647895,360,0.98,4.0,4,78,2224
0.0,11.5,12.63682720163547,360,0.98,4.0,5,78,2225
0.0,11.0,12.874999999999998,360,0.98,4.0,6,78,2226
22.444444444444443,11.4,13.152358098132101,360,0.98,4.0,7,78,2227
89.77777777777777,11.8,13.45,360,0.98,5.0,8,78,2228
269.33333333333337,12.5,13.747641901867897,360,0.97,4.0,9,78,2229
561.1111111111111,13.5,14.024999999999999,360,0.94,6.0,10,78,2230
673.3333333333333,13.6,14.26317279836453,360,0.83,5.0,11,78,2231
976.3333333333333,15.0,14.445929214352104,360,0.72,5.0,12,78,2232
1032.4444444444446,15.0,14.560814700232427,360,0.71,5.0,13,78,2233
1313.0,16.3,14.599999999999998,360,0.64,5.0,14,78,2234
1178.3333333333335,15.6,14.560814700232427,360,0.6,6.0,15,78,2235
751.8888888888888,16.1,14.445929214352104,360,0.66,5.0,16,78,2236
392.7777777777778,15.1,14.26317279836453,360,0.65,4.0,17,78,2237
89.77777777777777,13.4,14.024999999999999,360,0.72,2.0,18,78,2238
11.222222222222221,11.2,13.747641901867897,360,0.87,0.0,19,78,2239
0.0,9.1,13.45,360,0.92,1.0,20,78,2240
0.0,8.9,13.152358098132101,360,0.94,1.0,21,78,2241
0.0,7.6,12.875,360,0.94,1.0,22,78,2242
0.0,7.4,12.63682720163547,360,0.95,1.0,23,78,2243
0.0,7.0,12.454070785647895,360,0.96,1.0,24,78,2244
0.0,6.7,10.961333512679676,360,0.96,1.0,1,79,2245
0.0,6.6,10.899999999999999,360,0.97,1.0,2,79,2246
0.0,5.5,10.961333512679676,360,0.98,1.0,3,79,2247
0.0,6.2,11.14115427318801,360,0.98,1.0,4,79,2248
0.0,6.6,11.427207793864213,360,0.98,2.0,5,79,2249
0.0,7.0,11.799999999999999,360,0.98,2.0,6,79,2250
33.66666666666667,6.0,12.234125718815463,360,0.98,1.0,7,79,2251
437.6666666666667,9.4,12.7,360,0.98,2.0,8,79,2252
707.0000000000001,12.2,13.165874281184536,360,0.98,2.0,9,79,2253
1032.4444444444446,14.1,13.6,360,0.81,2.0,10,79,2254
1335.4444444444443,15.0,13.972792206135784,360,0.69,4.0,11,79,2255
1470.111111111111,16.2,14.25884572681199,360,0.61,4.0,12,79,2256
1503.7777777777776,17.2,14.438666487320322,360,0.53,3.0,13,79,2257
1391.5555555555557,17.7,14.5,360,0.53,3.0,14,79,2258
1133.4444444444443,17.9,14.438666487320322,360,0.53,3.0,15,79,2259
774.3333333333333,18.5,14.25884572681199,360,0.5,3.0,16,79,2260
381.55555555555554,16.1,13.972792206135784,360,0.66,2.0,17,79,2261
168.33333333333331,13.8,13.6,360,0.68,2.0,18,79,2262
0.0,12.5,13.165874281184536,360,0.7,2.0,19,79,2263
0.0,11.1,12.7,360,0.77,1.0,20,79,2264
0.0,10.9,12.234125718815463,360,0.83,1.0,21,79,2265
0.0,10.2,11.8,360,0.84,1.0,22,79,2266
0.0,10.2,11.427207793864214,360,0.8,2.0,23,79,2267
0.0,9.5,11.14115427318801,360,0.8,2.0,24,79,2268
0.0,9.1,10.954518677937491,360,0.85,2.0,1,80,2269
0.0,8.7,10.9,360,0.88,1.0,2,80,2270
0.0,7.4,10.954518677937491,360,0.89,2.0,3,80,2271
0.0,7.3,11.114359353944899,360,0.9,2.0,4,80,2272
0.0,7.3,11.368629150101523,360,0.93,2.0,5,80,2273
0.0,6.3,11.7,360,0.94,2.0,6,80,2274
112.22222222222223,7.7,12.085889527835967,360,0.95,2.0,7,80,2275
404.0,10.3,12.5,360,0.93,2.0,8,80,2276
527.4444444444445,12.4,12.914110472164033,360,0.78,2.0,9,80,2277
763.1111111111111,15.4,13.3,360,0.63,4.0,10,80,2278
471.33333333333337,15.4,13.631370849898476,360,0.66,3.0,11,80,2279
976.3333333333333,17.6,13.885640646055101,360,0.59,3.0,12,80,2280
1021.2222222222222,18.3,14.045481322062509,360,0.57,4.0,13,80,2281
628.4444444444443,18.7,14.1,360,0.59,3.0,14,80,2282
998.7777777777778,19.4,14.045481322062509,360,0.6,3.0,15,80,2283
785.5555555555557,18.8,13.885640646055101,360,0.67,4.0,16,80,2284
482.5555555555556,18.2,13.631370849898476,360,0.66,4.0,17,80,2285
134.66666666666669,15.0,13.3,360,0.79,4.0,18,80,2286
0.0,13.5,12.914110472164033,360,0.85,4.0,19,80,2287
0.0,13.8,12.5,360,0.84,2.0,20,80,2288
0.0,13.3,12.085889527835967,360,0.84,3.0,21,80,2289
0.0,13.1,11.700000000000001,360,0.83,2.0,22,80,2290
0.0,11.4,11.368629150101524,360,0.84,2.0,23,80,2291
0.0,11.0,11.114359353944899,360,0.88,1.0,24,80,2292
0.0,10.3,11.563037221365224,360,0.89,2.0,1,81,2293
0.0,11.2,11.5,360,0.9,2.0,2,81,2294
0.0,8.4,11.563037221365224,360,0.92,1.0,3,81,2295
0.0,9.4,11.747853002998788,360,0.95,2.0,4,81,2296
0.0,8.0,12.041852454804886,360,0.95,2.0,5,81,2297
0.0,8.0,12.424999999999999,360,0.96,2.0,6,81,2298
101.0,9.2,12.871184766560336,360,0.97,2.0,7,81,2299
392.7777777777778,12.2,13.35,360,0.96,2.0,8,81,2300
740.6666666666667,14.7,13.828815233439663,360,0.9,2.0,9,81,2301
1021.2222222222222,16.0,14.275,360,0.75,4.0,10,81,2302
1290.5555555555554,17.4,14.658147545195112,360,0.74,4.0,11,81,2303
1357.8888888888891,18.6,14.952146997001211,360,0.67,4.0,12,81,2304
1324.2222222222224,20.0,15.136962778634775,360,0.57,2.0,13,81,2305
1122.2222222222222,20.3,15.2,360,0.58,2.0,14,81,2306
998.7777777777778,20.9,15.136962778634775,360,0.56,4.0,15,81,2307
785.5555555555557,20.0,14.952146997001211,360,0.59,3.0,16,81,2308
437.6666666666667,18.6,14.658147545195112,360,0.63,3.0,17,81,2309
134.66666666666669,17.0,14.275,360,0.69,4.0,18,81,2310
0.0,16.3,13.828815233439663,360,0.71,2.0,19,81,2311
0.0,14.7,13.35,360,0.74,2.0,20,81,2312
0.0,12.9,12.871184766560336,360,0.8,1.0,21,81,2313
0.0,11.5,12.425,360,0.88,1.0,22,81,2314
0.0,11.1,12.041852454804888,360,0.85,1.0,23,81,2315
0.0,11.3,11.747853002998788,360,0.86,2.0,24,81,2316
0.0,10.3,11.963037221365225,360,0.89,1.0,1,82,2317
0.0,11.0,11.9,360,0.88,2.0,2,82,2318
0.0,11.3,11.963037221365225,360,0.84,2.0,3,82,2319
0.0,9.2,12.147853002998788,360,0.88,2.0,4,82,2320
0.0,8.6,12.441852454804886,360,0.92,1.0,5,82,2321
0.0,7.4,12.825,360,0.94,1.0,6,82,2322
89.77777777777777,8.8,13.271184766560337,360,0.96,1.0,7,82,2323
381.55555555555554,13.0,13.75,360,0.95,1.0,8,82,2324
751.8888888888888,17.0,14.228815233439663,360,0.77,2.0,9,82,2325
1088.5555555555557,18.6,14.675,360,0.63,2.0,10,82,2326
1301.7777777777778,19.5,15.058147545195112,360,0.59,5.0,11,82,2327
1481.3333333333335,20.2,15.352146997001212,360,0.57,4.0,12,82,2328
1503.7777777777776,20.8,15.536962778634775,360,0.52,5.0,13,82,2329
1425.2222222222222,20.9,15.6,360,0.55,8.0,14,82,2330
1200.7777777777778,21.1,15.536962778634775,360,0.54,6.0,15,82,2331
909.0,20.7,15.352146997001212,360,0.53,6.0,16,82,2332
538.6666666666667,19.6,15.058147545195112,360,0.61,6.0,17,82,2333
157.1111111111111,17.3,14.675,360,0.66,5.0,18,82,2334
0.0,15.1,14.228815233439663,360,0.8,4.0,19,82,2335
0.0,14.0,13.75,360,0.72,6.0,20,82,2336
0.0,11.6,13.271184766560337,360,0.78,5.0,21,82,2337
0.0,10.9,12.825000000000001,360,0.86,5.0,22,82,2338
0.0,10.2,12.441852454804888,360,0.86,8.0,23,82,2339
0.0,8.5,12.147853002998788,360,0.83,10.0,24,82,2340
0.0,8.0,11.928963047654292,360,0.82,8.0,1,83,2341
0.0,7.2,11.9,360,0.86,4.0,2,83,2342
0.0,6.4,11.928963047654292,360,0.86,4.0,3,83,2343
0.0,5.7,12.013878406783228,360,0.88,4.0,4,83,2344
0.0,5.3,12.148959235991434,360,0.89,4.0,5,83,2345
0.0,4.0,12.325,360,0.89,4.0,6,83,2346
134.66666666666669,5.1,12.530003811662857,360,0.93,4.0,7,83,2347
482.5555555555556,6.9,12.75,360,0.91,6.0,8,83,2348
841.6666666666666,9.1,12.969996188337143,360,0.72,6.0,9,83,2349
1111.0,10.4,13.175,360,0.59,6.0,10,83,2350
1313.0,10.5,13.351040764008566,360,0.56,7.0,11,83,2351
1526.2222222222222,11.5,13.486121593216772,360,0.54,9.0,12,83,2352
1279.3333333333335,11.3,13.571036952345708,360,0.57,8.0,13,83,2353
1335.4444444444443,12.9,13.6,360,0.49,9.0,14,83,2354
931.4444444444445,12.8,13.571036952345708,360,0.51,9.0,15,83,2355
538.6666666666667,11.7,13.486121593216772,360,0.55,9.0,16,83,2356
426.44444444444446,10.5,13.351040764008566,360,0.62,9.0,17,83,2357
134.66666666666669,9.0,13.175,360,0.74,9.0,18,83,2358
0.0,8.5,12.969996188337143,360,0.72,7.0,19,83,2359
0.0,8.1,12.75,360,0.79,6.0,20,83,2360
0.0,7.2,12.530003811662857,360,0.84,7.0,21,83,2361
0.0,7.2,12.325000000000001,360,0.85,6.0,22,83,2362
0.0,7.1,12.148959235991434,360,0.87,6.0,23,83,2363
0.0,6.6,12.013878406783228,360,0.89,6.0,24,83,2364
0.0,5.6,10.83577788239648,360,0.91,5.0,1,84,2365
0.0,5.4,10.8,360,0.92,4.0,2,84,2366
0.0,4.9,10.83577788239648,360,0.92,4.0,3,84,2367
0.0,5.0,10.94067332602634,360,0.93,4.0,4,84,2368
0.0,4.8,11.107537879754126,360,0.93,3.0,5,84,2369
0.0,4.7,11.325000000000001,360,0.94,3.0,6,84,2370
157.1111111111111,5.9,11.578240002642355,360,0.94,4.0,7,84,2371
303.0,7.0,11.850000000000001,360,0.92,4.0,8,84,2372
650.8888888888889,8.7,12.121759997357648,360,0.82,4.0,9,84,2373
965.1111111111112,10.1,12.375000000000002,360,0.67,5.0,10,84,2374
1088.5555555555557,10.9,12.592462120245877,360,0.63,6.0,11,84,2375
1043.6666666666665,11.4,12.759326673973662,360,0.54,7.0,12,84,2376
909.0,11.1,12.864222117603523,360,0.55,7.0,13,84,2377
841.6666666666666,11.3,12.900000000000002,360,0.51,4.0,14,84,2378
695.7777777777778,11.1,12.864222117603523,360,0.51,5.0,15,84,2379
953.8888888888889,12.4,12.759326673973662,360,0.48,4.0,16,84,2380
538.6666666666667,10.9,12.592462120245877,360,0.52,4.0,17,84,2381
112.22222222222223,11.0,12.375000000000002,360,0.52,3.0,18,84,2382
0.0,7.6,12.121759997357648,360,0.65,1.0,19,84,2383
0.0,5.2,11.850000000000001,360,0.86,1.0,20,84,2384
0.0,4.1,11.578240002642355,360,0.86,2.0,21,84,2385
0.0,4.64285714285714,11.325000000000001,360,0.85,1.85714285714286,22,84,2386
0.0,5.18571428571429,11.107537879754126,360,0.84,1.71428571428571,23,84,2387
0.0,5.72857142857143,10.94067332602634,360,0.83,1.57142857142857,24,84,2388
0.0,6.27142857142857,8.96985205610741,360,0.82,1.42857142857143,1,85,2389
0.0,6.81428571428571,8.899999999999999,360,0.81,1.28571428571429,2,85,2390
0.0,7.35714285714286,8.96985205610741,360,0.8,1.14285714285714,3,85,2391
0.0,7.9,9.174647922241899,360,0.79,1.0,4,85,2392
0.0,8.7,9.500431098567576,360,0.76,2.0,5,85,2393
0.0,7.3,9.924999999999999,360,0.84,2.0,6,85,2394
123.44444444444446,8.4,10.419420957539831,360,0.83,2.0,7,85,2395
437.6666666666667,11.5,10.95,360,0.75,2.0,8,85,2396
808.0,14.1,11.480579042460167,360,0.67,4.0,9,85,2397
1111.0,16.7,11.975,360,0.56,5.0,10,85,2398
1335.4444444444443,19.2,12.399568901432422,360,0.51,6.0,11,85,2399
1481.3333333333335,20.3,12.725352077758098,360,0.42,8.0,12,85,2400
1470.111111111111,21.1,12.930147943892589,360,0.41,8.0,13,85,2401
1380.3333333333333,21.3,13.0,360,0.4,8.0,14,85,2402
1155.888888888889,21.2,12.930147943892589,360,0.41,7.0,15,85,2403
875.3333333333334,20.8,12.725352077758098,360,0.41,8.0,16,85,2404
505.0,19.5,12.399568901432422,360,0.47,8.0,17,85,2405
157.1111111111111,16.8,11.975,360,0.52,6.0,18,85,2406
11.222222222222221,15.0,11.480579042460167,360,0.54,2.0,19,85,2407
0.0,13.4,10.95,360,0.56,3.0,20,85,2408
0.0,13.7,10.419420957539831,360,0.54,3.0,21,85,2409
0.0,13.0,9.925,360,0.58,3.0,22,85,2410
0.0,12.9,9.500431098567578,360,0.6,4.0,23,85,2411
0.0,11.9,9.1746479222419,360,0.64,5.0,24,85,2412
0.0,11.0,9.464740930050771,360,0.67,3.0,1,86,2413
0.0,9.7,9.400000000000002,360,0.73,2.0,2,86,2414
0.0,9.4,9.464740930050771,360,0.74,2.0,3,86,2415
0.0,8.6,9.654551732809567,360,0.77,2.0,4,86,2416
0.0,7.7,9.95649711574556,360,0.84,2.0,5,86,2417
0.0,7.6,10.35,360,0.84,3.0,6,86,2418
134.66666666666669,9.0,10.80824381430521,360,0.82,3.0,7,86,2419
448.8888888888889,11.9,11.3,360,0.7,6.0,8,86,2420
830.4444444444446,14.2,11.79175618569479,360,0.6,6.0,9,86,2421
1133.4444444444443,16.1,12.25,360,0.55,8.0,10,86,2422
1369.1111111111113,18.1,12.64350288425444,360,0.5,8.0,11,86,2423
1481.3333333333335,19.3,12.945448267190434,360,0.46,8.0,12,86,2424
1503.7777777777776,20.2,13.13525906994923,360,0.46,8.0,13,86,2425
1402.7777777777778,20.9,13.2,360,0.38,8.0,14,86,2426
1189.5555555555557,21.0,13.13525906994923,360,0.38,7.0,15,86,2427
897.7777777777778,20.7,12.945448267190434,360,0.41,7.0,16,86,2428
549.8888888888889,19.9,12.64350288425444,360,0.41,6.0,17,86,2429
190.77777777777777,17.9,12.25,360,0.45,6.0,18,86,2430
11.222222222222221,15.3,11.79175618569479,360,0.52,3.0,19,86,2431
0.0,13.4,11.3,360,0.55,2.0,20,86,2432
0.0,12.7,10.80824381430521,360,0.53,3.0,21,86,2433
0.0,13.0,10.350000000000001,360,0.51,4.0,22,86,2434
0.0,11.5,9.956497115745561,360,0.55,4.0,23,86,2435
0.0,10.8,9.654551732809567,360,0.56,2.0,24,86,2436
0.0,9.6,9.268148347421864,360,0.62,3.0,1,87,2437
0.0,8.8,9.2,360,0.65,3.0,2,87,2438
0.0,8.4,9.268148347421862,360,0.67,4.0,3,87,2439
0.0,7.6,9.46794919243112,360,0.67,2.0,4,87,2440
0.0,7.7,9.785786437626903,360,0.65,2.0,5,87,2441
0.0,6.8,10.2,360,0.69,2.0,6,87,2442
157.1111111111111,7.9,10.682361909794958,360,0.69,3.0,7,87,2443
493.7777777777778,11.3,11.2,360,0.62,4.0,8,87,2444
852.8888888888889,13.9,11.71763809020504,360,0.53,5.0,9,87,2445
1189.5555555555557,16.1,12.2,360,0.5,6.0,10,87,2446
1402.7777777777778,18.0,12.614213562373095,360,0.46,6.0,11,87,2447
1526.2222222222222,19.7,12.932050807568876,360,0.38,7.0,12,87,2448
1537.4444444444446,20.6,13.131851652578137,360,0.36,8.0,13,87,2449
1425.2222222222222,21.1,13.2,360,0.3,6.0,14,87,2450
1234.4444444444443,21.2,13.131851652578137,360,0.3,7.0,15,87,2451
931.4444444444445,20.4,12.932050807568876,360,0.36,7.0,16,87,2452
572.3333333333333,19.2,12.614213562373095,360,0.37,6.0,17,87,2453
213.22222222222223,16.8,12.2,360,0.45,5.0,18,87,2454
11.222222222222221,14.5,11.71763809020504,360,0.46,2.0,19,87,2455
0.0,14.3,11.2,360,0.45,2.0,20,87,2456
0.0,13.3,10.682361909794958,360,0.49,3.0,21,87,2457
0.0,11.0,10.2,360,0.58,2.0,22,87,2458
0.0,10.7,9.785786437626903,360,0.6,2.0,23,87,2459
0.0,10.1,9.467949192431123,360,0.64,2.0,24,87,2460
0.0,9.1,9.366444638736318,360,0.68,2.0,1,88,2461
0.0,9.9,9.3,360,0.63,2.0,2,88,2462
0.0,9.8,9.366444638736317,360,0.63,2.0,3,88,2463
0.0,8.9,9.561250462620345,360,0.66,3.0,4,88,2464
0.0,6.3,9.871141776686231,360,0.77,3.0,5,88,2465
0.0,7.6,10.274999999999999,360,0.7,3.0,6,88,2466
157.1111111111111,7.4,10.745302862050085,360,0.73,4.0,7,88,2467
493.7777777777778,10.4,11.25,360,0.7,4.0,8,88,2468
852.8888888888889,13.5,11.754697137949915,360,0.58,5.0,9,88,2469
1167.111111111111,15.9,12.225,360,0.51,5.0,10,88,2470
1402.7777777777778,18.1,12.628858223313767,360,0.44,6.0,11,88,2471
1526.2222222222222,19.7,12.938749537379655,360,0.38,8.0,12,88,2472
1526.2222222222222,20.6,13.133555361263683,360,0.33,10.0,13,88,2473
1425.2222222222222,21.0,13.2,360,0.36,8.0,14,88,2474
1234.4444444444443,21.1,13.133555361263683,360,0.37,10.0,15,88,2475
931.4444444444445,21.2,12.938749537379655,360,0.36,8.0,16,88,2476
549.8888888888889,20.0,12.628858223313767,360,0.39,6.0,17,88,2477
202.0,18.0,12.225,360,0.42,6.0,18,88,2478
11.222222222222221,15.5,11.754697137949915,360,0.59,4.0,19,88,2479
0.0,13.6,11.25,360,0.66,4.0,20,88,2480
0.0,13.0,10.745302862050085,360,0.67,4.0,21,88,2481
0.0,12.4,10.275,360,0.69,4.0,22,88,2482
0.0,10.3,9.871141776686233,360,0.77,4.0,23,88,2483
0.0,9.4,9.561250462620345,360,0.81,2.0,24,88,2484
0.0,9.4,9.768148347421864,360,0.81,2.0,1,89,2485
0.0,8.3,9.7,360,0.86,2.0,2,89,2486
0.0,7.7,9.768148347421862,360,0.9,2.0,3,89,2487
0.0,8.7,9.96794919243112,360,0.86,3.0,4,89,2488
0.0,7.3,10.285786437626903,360,0.95,2.0,5,89,2489
0.0,7.0,10.7,360,1.0,3.0,6,89,2490
145.88888888888889,8.0,11.182361909794958,360,1.0,3.0,7,89,2491
471.33333333333337,10.5,11.7,360,0.86,4.0,8,89,2492
841.6666666666666,13.3,12.21763809020504,360,0.7,6.0,9,89,2493
1144.6666666666665,16.0,12.7,360,0.61,6.0,10,89,2494
1391.5555555555557,19.2,13.114213562373095,360,0.53,6.0,11,89,2495
1515.0,20.5,13.432050807568876,360,0.46,6.0,12,89,2496
1526.2222222222222,20.9,13.631851652578137,360,0.39,10.0,13,89,2497
1436.4444444444443,21.4,13.7,360,0.36,8.0,14,89,2498
1223.2222222222222,21.5,13.631851652578137,360,0.33,8.0,15,89,2499
942.6666666666667,21.5,13.432050807568876,360,0.3,8.0,16,89,2500
561.1111111111111,20.1,13.114213562373095,360,0.39,6.0,17,89,2501
213.22222222222223,17.2,12.7,360,0.46,6.0,18,89,2502
11.222222222222221,14.1,12.21763809020504,360,0.47,4.0,19,89,2503
0.0,12.8,11.7,360,0.48,4.0,20,89,2504
0.0,12.1,11.182361909794958,360,0.52,4.0,21,89,2505
