PARi,air_temperature,soil_temperature,ambient_CO2,humidity,Wind,hour,DOY,t
639.6666666666667,12.0,7.13301270189222,360,0.79,2.0,12,351,0
639.6666666666667,13.8,7.182962913144534,360,0.72,3.0,13,351,1
505.0,13.6,7.2,360,0.74,2.0,14,351,2
325.44444444444446,12.6,7.182962913144534,360,0.79,2.0,15,351,3
101.0,10.5,7.13301270189222,360,0.82,1.0,16,351,4
0.0,8.5,7.053553390593274,360,0.85,1.0,17,351,5
0.0,7.3,6.95,360,0.9,0.0,18,351,6
0.0,6.3,6.829409522551261,360,0.91,0.0,19,351,7
0.0,6.3,6.7,360,0.92,0.0,20,351,8
0.0,5.0,6.57059047744874,360,0.93,1.0,21,351,9
0.0,5.8,6.45,360,0.93,1.0,22,351,10
0.0,5.3,6.346446609406726,360,0.93,1.0,23,351,11
0.0,4.1,6.2669872981077805,360,0.93,2.0,24,351,12
0.0,4.0,-0.5926663528105651,360,0.94,1.0,1,352,13
0.0,4.0,-0.7000000000000002,360,0.94,1.0,2,352,14
0.0,3.5,-0.5926663528105656,360,0.94,1.0,3,352,15
0.0,2.3,-0.27798002192098226,360,0.94,2.0,4,352,16
0.0,1.9,0.2226136392623741,360,0.94,1.0,5,352,17
0.0,1.9,0.8749999999999984,360,0.94,2.0,6,352,18
0.0,0.5,1.6347200079270596,360,0.94,2.0,7,352,19
0.0,0.7,2.4499999999999997,360,0.94,1.0,8,352,20
89.77777777777777,1.4,3.26527999207294,360,0.95,2.0,9,352,21
314.2222222222222,3.9,4.025,360,0.95,2.0,10,352,22
549.8888888888889,6.6,4.677386360737625,360,0.95,2.0,11,352,23
650.8888888888889,9.5,5.177980021920982,360,0.95,2.0,12,352,24
628.4444444444443,11.6,5.492666352810565,360,0.83,2.0,13,352,25
516.2222222222223,11.7,5.6,360,0.8,2.0,14,352,26
336.66666666666663,11.7,5.492666352810565,360,0.81,2.0,15,352,27
112.22222222222223,7.0,5.177980021920982,360,0.9,3.0,16,352,28
0.0,4.8,4.677386360737625,360,0.92,2.0,17,352,29
0.0,4.0,4.025,360,0.94,0.0,18,352,30
0.0,3.6,3.26527999207294,360,0.94,0.0,19,352,31
0.0,4.4,2.4499999999999997,360,0.94,0.0,20,352,32
0.0,4.2,1.6347200079270596,360,0.95,0.0,21,352,33
0.0,4.5,0.8750000000000004,360,0.95,0.0,22,352,34
0.0,4.2,0.22261363926237543,360,0.95,0.0,23,352,35
0.0,4.0,-0.27798002192098226,360,0.95,0.0,24,352,36
0.0,3.3,6.305111126056639,360,0.95,0.0,1,353,37
0.0,2.7,6.299999999999999,360,0.95,0.0,2,353,38
0.0,2.6,6.305111126056639,360,0.95,0.0,3,353,39
0.0,2.0,6.320096189432333,360,0.95,0.0,4,353,40
0.0,1.7,6.343933982822017,360,0.95,0.0,5,353,41
0.0,1.5,6.374999999999999,360,0.95,0.0,6,353,42
0.0,1.4,6.411177143234621,360,0.95,0.0,7,353,43
0.0,0.8,6.449999999999999,360,0.95,0.0,8,353,44
56.111111111111114,0.9,6.488822856765378,360,0.95,0.0,9,353,45
123.44444444444446,1.4,6.5249999999999995,360,0.95,0.0,10,353,46
179.55555555555554,1.8,6.556066017177981,360,0.95,0.0,11,353,47
202.0,2.3,6.579903810567665,360,0.95,0.0,12,353,48
190.77777777777777,2.1,6.5948888739433595,360,0.95,0.0,13,353,49
157.1111111111111,2.2,6.6,360,0.96,0.0,14,353,50
112.22222222222223,2.3,6.5948888739433595,360,0.96,0.0,15,353,51
33.66666666666667,2.0,6.579903810567665,360,0.96,0.0,16,353,52
0.0,1.9,6.556066017177981,360,0.96,0.0,17,353,53
0.0,2.0,6.5249999999999995,360,0.96,0.0,18,353,54
0.0,2.0,6.488822856765378,360,0.96,0.0,19,353,55
0.0,1.6,6.449999999999999,360,0.96,0.0,20,353,56
0.0,1.4,6.411177143234621,360,0.96,0.0,21,353,57
0.0,0.8,6.374999999999999,360,0.96,0.0,22,353,58
0.0,0.5,6.343933982822017,360,0.96,0.0,23,353,59
0.0,0.4,6.320096189432333,360,0.96,0.0,24,353,60
0.0,0.4,5.803407417371093,360,0.96,0.0,1,354,61
0.0,0.4,5.800000000000001,360,0.96,0.0,2,354,62
0.0,0.2,5.803407417371093,360,0.96,0.0,3,354,63
0.0,0.1,5.813397459621556,360,0.96,0.0,4,354,64
0.0,0.0,5.829289321881346,360,0.96,0.0,5,354,65
0.0,0.2,5.8500000000000005,360,0.96,0.0,6,354,66
0.0,0.2,5.874118095489748,360,0.96,0.0,7,354,67
11.222222222222221,0.3,5.9,360,0.96,0.0,8,354,68
11.222222222222221,0.4,5.925881904510253,360,0.96,0.0,9,354,69
44.888888888888886,0.6,5.95,360,0.96,0.0,10,354,70
78.55555555555554,0.8,5.970710678118655,360,0.96,0.0,11,354,71
101.0,1.4,5.986602540378445,360,0.96,0.0,12,354,72
112.22222222222223,1.8,5.9965925826289075,360,0.96,0.0,13,354,73
101.0,2.2,6.0,360,0.96,0.0,14,354,74
78.55555555555554,2.4,5.9965925826289075,360,0.96,0.0,15,354,75
22.444444444444443,2.4,5.986602540378445,360,0.95,0.0,16,354,76
0.0,2.4,5.970710678118655,360,0.95,0.0,17,354,77
0.0,2.6,5.95,360,0.93,0.0,18,354,78
0.0,2.7,5.925881904510253,360,0.92,0.0,19,354,79
0.0,2.7,5.9,360,0.92,0.0,20,354,80
0.0,2.6,5.874118095489748,360,0.93,0.0,21,354,81
0.0,2.3,5.8500000000000005,360,0.93,0.0,22,354,82
0.0,2.2,5.829289321881346,360,0.93,0.0,23,354,83
0.0,2.0,5.813397459621556,360,0.93,0.0,24,354,84
0.0,1.8,5.711925960798827,360,0.94,0.0,1,355,85
0.0,1.4,5.700000000000001,360,0.94,0.0,2,355,86
0.0,0.9,5.711925960798827,360,0.94,0.0,3,355,87
0.0,1.0,5.746891108675447,360,0.95,0.0,4,355,88
0.0,1.2,5.802512626584709,360,0.95,0.0,5,355,89
0.0,1.4,5.875000000000001,360,0.95,0.0,6,355,90
0.0,1.1,5.959413334214118,360,0.95,0.0,7,355,91
0.0,0.7,6.050000000000001,360,0.95,0.0,8,355,92
56.111111111111114,0.9,6.140586665785883,360,0.95,0.0,9,355,93
89.77777777777777,1.2,6.2250000000000005,360,0.95,0.0,10,355,94
145.88888888888889,1.4,6.297487373415293,360,0.95,0.0,11,355,95
224.44444444444446,2.1,6.353108891324554,360,0.95,0.0,12,355,96
325.44444444444446,2.8,6.388074039201174,360,0.92,0.0,13,355,97
258.11111111111114,3.3,6.4,360,0.89,0.0,14,355,98
190.77777777777777,3.2,6.388074039201174,360,0.88,0.0,15,355,99
78.55555555555554,2.8,6.353108891324554,360,0.87,0.0,16,355,100
0.0,0.4,6.297487373415293,360,0.91,1.0,17,355,101
0.0,-2.1,6.2250000000000005,360,0.93,2.0,18,355,102
0.0,-2.1,6.140586665785883,360,0.93,2.0,19,355,103
0.0,-2.0,6.050000000000001,360,0.93,2.0,20,355,104
0.0,-1.2,5.959413334214118,360,0.94,2.0,21,355,105
0.0,-0.6,5.875000000000001,360,0.94,2.0,22,355,106
0.0,-0.4,5.802512626584709,360,0.94,4.0,23,355,107
0.0,-0.5,5.746891108675447,360,0.93,2.0,24,355,108
0.0,0.4,4.822148212912105,360,0.94,4.0,1,356,109
0.0,1.0,4.799999999999999,360,0.93,4.0,2,356,110
0.0,0.2,4.822148212912105,360,0.93,4.0,3,356,111
0.0,0.7,4.887083487540114,360,0.92,6.0,4,356,112
0.0,-0.2,4.990380592228743,360,0.93,4.0,5,356,113
0.0,0.3,5.124999999999999,360,0.93,5.0,6,356,114
0.0,0.5,5.281767620683361,360,0.93,5.0,7,356,115
11.222222222222221,1.1,5.449999999999999,360,0.92,6.0,8,356,116
224.44444444444446,3.0,5.6182323793166375,360,0.89,6.0,9,356,117
370.33333333333337,3.8,5.7749999999999995,360,0.88,6.0,10,356,118
471.33333333333337,4.7,5.909619407771255,360,0.87,6.0,11,356,119
314.2222222222222,5.2,6.012916512459884,360,0.87,5.0,12,356,120
280.55555555555554,5.9,6.077851787087893,360,0.86,5.0,13,356,121
123.44444444444446,6.1,6.1,360,0.86,5.0,14,356,122
56.111111111111114,6.1,6.077851787087893,360,0.87,4.0,15,356,123
33.66666666666667,6.0,6.012916512459884,360,0.87,4.0,16,356,124
0.0,5.9,5.909619407771255,360,0.88,5.0,17,356,125
0.0,5.7,5.7749999999999995,360,0.9,6.0,18,356,126
0.0,5.6,5.6182323793166375,360,0.91,6.0,19,356,127
0.0,5.5,5.449999999999999,360,0.92,6.0,20,356,128
0.0,5.3,5.281767620683361,360,0.92,6.0,21,356,129
0.0,5.1,5.124999999999999,360,0.93,8.0,22,356,130
0.0,5.0,4.990380592228743,360,0.93,8.0,23,356,131
0.0,4.9,4.887083487540115,360,0.93,9.0,24,356,132
0.0,4.9,5.920444504226559,360,0.93,9.0,1,357,133
0.0,4.9,5.9,360,0.92,8.0,2,357,134
0.0,5.0,5.920444504226559,360,0.93,9.0,3,357,135
0.0,5.2,5.980384757729337,360,0.93,8.0,4,357,136
0.0,5.1,6.075735931288071,360,0.94,9.0,5,357,137
0.0,5.2,6.2,360,0.94,10.0,6,357,138
0.0,5.2,6.344708572938488,360,0.94,10.0,7,357,139
0.0,5.3,6.5,360,0.94,8.0,8,357,140
33.66666666666667,5.6,6.655291427061512,360,0.94,7.0,9,357,141
44.888888888888886,5.9,6.8,360,0.95,8.0,10,357,142
101.0,6.5,6.924264068711929,360,0.95,9.0,11,357,143
145.88888888888889,6.8,7.019615242270663,360,0.95,9.0,12,357,144
112.22222222222223,7.1,7.079555495773441,360,0.95,8.0,13,357,145
112.22222222222223,7.4,7.1,360,0.95,7.0,14,357,146
89.77777777777777,7.7,7.079555495773441,360,0.95,4.0,15,357,147
33.66666666666667,7.6,7.019615242270663,360,0.95,2.0,16,357,148
11.222222222222221,7.3,6.924264068711929,360,0.95,2.0,17,357,149
0.0,7.3,6.8,360,0.95,1.0,18,357,150
0.0,7.2,6.655291427061512,360,0.95,1.0,19,357,151
0.0,7.1,6.5,360,0.95,2.0,20,357,152
0.0,7.2,6.344708572938488,360,0.95,3.0,21,357,153
0.0,6.9,6.2,360,0.95,3.0,22,357,154
0.0,6.8,6.075735931288071,360,0.95,3.0,23,357,155
0.0,6.6,5.980384757729337,360,0.96,3.0,24,357,156
0.0,6.5,6.827259338968744,360,0.95,4.0,1,358,157
0.0,6.7,6.799999999999999,360,0.95,4.0,2,358,158
0.0,5.6,6.827259338968744,360,0.95,4.0,3,358,159
0.0,3.3,6.907179676972448,360,0.95,1.0,4,358,160
0.0,4.8,7.034314575050761,360,0.95,1.0,5,358,161
0.0,4.7,7.199999999999999,360,0.95,1.0,6,358,162
0.0,4.4,7.392944763917983,360,0.95,1.0,7,358,163
0.0,4.5,7.6,360,0.95,2.0,8,358,164
56.111111111111114,4.9,7.807055236082016,360,0.95,2.0,9,358,165
78.55555555555554,5.2,8.0,360,0.96,2.0,10,358,166
190.77777777777777,5.8,8.165685424949238,360,0.96,4.0,11,358,167
179.55555555555554,6.0,8.29282032302755,360,0.96,4.0,12,358,168
168.33333333333331,6.2,8.372740661031255,360,0.95,4.0,13,358,169
134.66666666666669,6.2,8.4,360,0.95,5.0,14,358,170
67.33333333333334,6.6,8.372740661031255,360,0.94,5.0,15,358,171
22.444444444444443,7.1,8.29282032302755,360,0.94,3.0,16,358,172
0.0,7.5,8.165685424949238,360,0.93,5.0,17,358,173
0.0,7.3,8.0,360,0.92,4.0,18,358,174
0.0,7.1,7.807055236082016,360,0.93,4.0,19,358,175
0.0,7.4,7.6,360,0.93,6.0,20,358,176
0.0,7.3,7.392944763917983,360,0.94,4.0,21,358,177
0.0,7.7,7.199999999999999,360,0.94,4.0,22,358,178
0.0,7.6,7.034314575050762,360,0.94,4.0,23,358,179
0.0,7.7,6.907179676972449,360,0.94,4.0,24,358,180
0.0,7.8,7.3255556302831994,360,0.95,5.0,1,359,181
0.0,8.0,7.300000000000001,360,0.95,4.0,2,359,182
0.0,8.2,7.3255556302831994,360,0.95,5.0,3,359,183
0.0,8.3,7.400480947161672,360,0.95,5.0,4,359,184
0.0,8.3,7.519669914110089,360,0.95,6.0,5,359,185
0.0,8.6,7.675,360,0.95,5.0,6,359,186
0.0,9.2,7.85588571617311,360,0.95,6.0,7,359,187
0.0,9.6,8.05,360,0.96,6.0,8,359,188
157.1111111111111,11.5,8.24411428382689,360,0.95,4.0,9,359,189
493.7777777777778,12.4,8.425,360,0.88,5.0,10,359,190
516.2222222222223,12.6,8.580330085889912,360,0.87,6.0,11,359,191
448.8888888888889,12.1,8.69951905283833,360,0.83,4.0,12,359,192
448.8888888888889,11.7,8.774444369716802,360,0.77,4.0,13,359,193
291.77777777777777,11.0,8.8,360,0.77,3.0,14,359,194
56.111111111111114,7.6,8.774444369716802,360,0.88,2.0,15,359,195
0.0,5.7,8.69951905283833,360,0.91,2.0,16,359,196
0.0,5.0,8.580330085889912,360,0.93,1.0,17,359,197
0.0,4.6,8.425,360,0.93,1.0,18,359,198
0.0,5.5,8.24411428382689,360,0.92,2.0,19,359,199
0.0,6.1,8.05,360,0.93,2.0,20,359,200
0.0,7.4,7.85588571617311,360,0.91,2.0,21,359,201
0.0,7.9,7.675000000000001,360,0.91,2.0,22,359,202
0.0,7.6,7.519669914110089,360,0.91,2.0,23,359,203
0.0,8.1,7.400480947161672,360,0.93,3.0,24,359,204
0.0,8.2,7.823851921597653,360,0.94,3.0,1,360,205
0.0,8.5,7.800000000000001,360,0.94,3.0,2,360,206
0.0,8.6,7.823851921597653,360,0.95,3.0,3,360,207
0.0,8.7,7.893782217350893,360,0.95,3.0,4,360,208
0.0,9.0,8.005025253169416,360,0.95,3.0,5,360,209
0.0,9.3,8.15,360,0.95,4.0,6,360,210
0.0,9.2,8.318826668428235,360,0.95,2.0,7,360,211
67.33333333333334,9.4,8.5,360,0.95,2.0,8,360,212
157.1111111111111,10.0,8.681173331571765,360,0.94,4.0,9,360,213
336.66666666666663,10.5,8.85,360,0.86,5.0,10,360,214
314.2222222222222,10.8,8.994974746830582,360,0.88,6.0,11,360,215
303.0,11.1,9.106217782649107,360,0.87,4.0,12,360,216
179.55555555555554,10.7,9.176148078402347,360,0.91,4.0,13,360,217
101.0,10.4,9.2,360,0.93,4.0,14,360,218
33.66666666666667,10.4,9.176148078402347,360,0.94,4.0,15,360,219
0.0,10.3,9.106217782649107,360,0.94,4.0,16,360,220
0.0,10.1,8.994974746830582,360,0.95,5.0,17,360,221
0.0,10.2,8.85,360,0.95,4.0,18,360,222
0.0,10.3,8.681173331571765,360,0.95,4.0,19,360,223
0.0,10.5,8.5,360,0.95,5.0,20,360,224
0.0,10.4,8.318826668428235,360,0.95,4.0,21,360,225
0.0,10.4,8.15,360,0.95,4.0,22,360,226
0.0,10.4,8.005025253169418,360,0.95,4.0,23,360,227
0.0,10.3,7.893782217350893,360,0.95,4.0,24,360,228
0.0,10.4,8.911925960798827,360,0.95,5.0,1,361,229
0.0,10.2,8.9,360,0.94,4.0,2,361,230
0.0,9.9,8.911925960798827,360,0.94,2.0,3,361,231
0.0,9.8,8.946891108675446,360,0.95,4.0,4,361,232
0.0,9.8,9.002512626584709,360,0.95,4.0,5,361,233
0.0,9.8,9.075,360,0.95,2.0,6,361,234
11.222222222222221,9.9,9.159413334214118,360,0.95,2.0,7,361,235
78.55555555555554,10.2,9.25,360,0.96,2.0,8,361,236
179.55555555555554,10.4,9.340586665785882,360,0.96,3.0,9,361,237
404.0,11.7,9.425,360,0.95,4.0,10,361,238
505.0,12.8,9.497487373415291,360,0.87,3.0,11,361,239
168.33333333333331,12.4,9.553108891324554,360,0.86,4.0,12,361,240
112.22222222222223,11.9,9.588074039201173,360,0.9,4.0,13,361,241
78.55555555555554,11.6,9.6,360,0.91,2.0,14,361,242
33.66666666666667,11.3,9.588074039201173,360,0.92,1.0,15,361,243
0.0,10.4,9.553108891324554,360,0.93,4.0,16,361,244
0.0,10.4,9.497487373415291,360,0.94,4.0,17,361,245
0.0,9.7,9.425,360,0.93,6.0,18,361,246
0.0,9.3,9.340586665785882,360,0.9,7.0,19,361,247
0.0,9.0,9.25,360,0.88,5.0,20,361,248
0.0,8.7,9.159413334214118,360,0.87,5.0,21,361,249
0.0,7.8,9.075000000000001,360,0.86,6.0,22,361,250
0.0,6.0,9.002512626584709,360,0.9,4.0,23,361,251
0.0,5.4,8.946891108675446,360,0.91,4.0,24,361,252
0.0,4.8,7.013629669484374,360,0.91,6.0,1,362,253
0.0,4.1,7.0,360,0.91,5.0,2,362,254
0.0,3.6,7.013629669484373,360,0.92,6.0,3,362,255
0.0,3.0,7.053589838486225,360,0.92,6.0,4,362,256
0.0,2.9,7.117157287525381,360,0.92,5.0,5,362,257
0.0,3.0,7.2,360,0.92,6.0,6,362,258
11.222222222222221,2.7,7.296472381958992,360,0.92,6.0,7,362,259
101.0,2.8,7.4,360,0.93,6.0,8,362,260
370.33333333333337,4.4,7.503527618041009,360,0.91,6.0,9,362,261
628.4444444444443,6.0,7.6000000000000005,360,0.85,8.0,10,362,262
718.2222222222222,6.8,7.68284271247462,360,0.83,10.0,11,362,263
707.0000000000001,7.0,7.746410161513776,360,0.76,9.0,12,362,264
561.1111111111111,7.2,7.786370330515628,360,0.75,10.0,13,362,265
336.66666666666663,6.5,7.800000000000001,360,0.79,8.0,14,362,266
123.44444444444446,5.3,7.786370330515628,360,0.82,8.0,15,362,267
0.0,4.2,7.746410161513776,360,0.85,6.0,16,362,268
0.0,3.7,7.68284271247462,360,0.86,7.0,17,362,269
0.0,3.9,7.6000000000000005,360,0.86,7.0,18,362,270
0.0,4.6,7.503527618041009,360,0.81,8.0,19,362,271
0.0,4.9,7.4,360,0.77,8.0,20,362,272
0.0,4.0,7.296472381958992,360,0.8,9.0,21,362,273
0.0,3.3,7.2,360,0.82,7.0,22,362,274
0.0,2.7,7.117157287525382,360,0.84,6.0,23,362,275
0.0,2.1,7.053589838486225,360,0.85,5.0,24,362,276
0.0,1.1,5.911925960798826,360,0.86,4.0,1,363,277
0.0,1.6,5.9,360,0.83,3.0,2,363,278
0.0,1.5,5.911925960798826,360,0.82,4.0,3,363,279
0.0,1.7,5.946891108675446,360,0.81,5.0,4,363,280
0.0,1.4,6.002512626584709,360,0.81,5.0,5,363,281
0.0,1.2,6.075,360,0.81,4.0,6,363,282
11.222222222222221,1.0,6.1594133342141175,360,0.82,3.0,7,363,283
145.88888888888889,1.9,6.25,360,0.82,4.0,8,363,284
370.33333333333337,4.2,6.3405866657858825,360,0.76,4.0,9,363,285
639.6666666666667,6.4,6.425,360,0.68,4.0,10,363,286
606.0,7.9,6.497487373415291,360,0.65,4.0,11,363,287
707.0000000000001,9.8,6.553108891324554,360,0.58,4.0,12,363,288
606.0,10.3,6.588074039201174,360,0.58,4.0,13,363,289
415.2222222222223,10.1,6.6,360,0.63,4.0,14,363,290
134.66666666666669,8.4,6.588074039201174,360,0.66,3.0,15,363,291
0.0,6.3,6.553108891324554,360,0.71,2.0,16,363,292
0.0,5.7,6.497487373415291,360,0.74,3.0,17,363,293
0.0,3.5,6.425,360,0.81,2.0,18,363,294
0.0,2.8,6.3405866657858825,360,0.83,3.0,19,363,295
0.0,1.8,6.25,360,0.86,3.0,20,363,296
0.0,1.1,6.1594133342141175,360,0.87,3.0,21,363,297
0.0,0.6,6.075,360,0.88,2.0,22,363,298
0.0,0.3,6.002512626584709,360,0.89,2.0,23,363,299
0.0,0.2,5.946891108675446,360,0.88,2.0,24,363,300
0.0,-0.8,4.511925960798826,360,0.9,1.0,1,364,301
0.0,-1.5,4.5,360,0.9,2.0,2,364,302
0.0,-1.2,4.511925960798826,360,0.91,2.0,3,364,303
0.0,-1.5,4.546891108675446,360,0.91,2.0,4,364,304
0.0,-1.7,4.602512626584708,360,0.91,2.0,5,364,305
0.0,-2.1,4.675,360,0.92,1.0,6,364,306
11.222222222222221,-2.0,4.759413334214117,360,0.92,1.0,7,364,307
78.55555555555554,-1.6,4.85,360,0.92,2.0,8,364,308
392.7777777777778,0.3,4.940586665785882,360,0.91,2.0,9,364,309
718.2222222222222,2.3,5.0249999999999995,360,0.87,3.0,10,364,310
707.0000000000001,4.0,5.097487373415292,360,0.83,3.0,11,364,311
684.5555555555557,5.9,5.153108891324553,360,0.79,4.0,12,364,312
561.1111111111111,6.5,5.188074039201173,360,0.77,3.0,13,364,313
370.33333333333337,6.4,5.199999999999999,360,0.76,3.0,14,364,314
123.44444444444446,4.5,5.188074039201173,360,0.79,2.0,15,364,315
0.0,1.9,5.153108891324553,360,0.85,1.0,16,364,316
0.0,2.3,5.097487373415292,360,0.86,1.0,17,364,317
0.0,-0.7,5.0249999999999995,360,0.91,1.0,18,364,318
0.0,-0.1,4.940586665785882,360,0.91,2.0,19,364,319
0.0,-0.4,4.85,360,0.92,2.0,20,364,320
0.0,-1.6,4.759413334214117,360,0.92,2.0,21,364,321
0.0,-1.9,4.675,360,0.93,1.0,22,364,322
0.0,-2.5,4.602512626584708,360,0.93,2.0,23,364,323
0.0,-2.9,4.546891108675446,360,0.93,3.0,24,364,324
0.0,-2.8,4.117037086855466,360,0.93,2.0,1,365,325
0.0,-2.8,4.1,360,0.93,2.0,2,365,326
0.0,-3.0,4.117037086855466,360,0.93,2.0,3,365,327
0.0,-2.7,4.16698729810778,360,0.93,2.0,4,365,328
0.0,-2.3,4.246446609406726,360,0.93,2.0,5,365,329
0.0,-2.0,4.35,360,0.93,2.0,6,365,330
0.0,-1.8,4.47059047744874,360,0.93,2.0,7,365,331
0.0,-1.6,4.6,360,0.93,2.0,8,365,332
33.66666666666667,-1.2,4.72940952255126,360,0.94,2.0,9,365,333
101.0,-0.6,4.85,360,0.94,2.0,10,365,334
145.88888888888889,-0.1,4.953553390593274,360,0.94,2.0,11,365,335
202.0,0.9,5.033012701892219,360,0.94,1.0,12,365,336
213.22222222222223,1.6,5.0829629131445335,360,0.95,2.0,13,365,337
168.33333333333331,1.3,5.1,360,0.95,3.0,14,365,338
89.77777777777777,1.2,5.0829629131445335,360,0.95,3.0,15,365,339
44.888888888888886,0.6,5.033012701892219,360,0.95,3.0,16,365,340
0.0,0.3,4.953553390593274,360,0.95,4.0,17,365,341
0.0,-0.1,4.85,360,0.95,4.0,18,365,342
0.0,-0.4,4.72940952255126,360,0.95,4.0,19,365,343
0.0,-0.8,4.6,360,0.95,3.0,20,365,344
0.0,-1.1,4.47059047744874,360,0.95,4.0,21,365,345
0.0,-1.5,4.35,360,0.95,4.0,22,365,346
0.0,-1.8,4.246446609406726,360,0.94,4.0,23,365,347
0.0,-2.2,4.16698729810778,360,0.94,4.0,24,365,348
0.0,-2.5,4.708518543427733,360,0.94,4.0,1,366,349
0.0,-2.4,4.7,360,0.94,4.0,2,366,350
0.0,-2.8,4.708518543427733,360,0.94,3.0,3,366,351
0.0,-2.8,4.733493649053891,360,0.94,3.0,4,366,352
0.0,-2.9,4.773223304703363,360,0.93,3.0,5,366,353
0.0,-3.0,4.825,360,0.93,0.0,6,366,354
0.0,-3.3,4.88529523872437,360,0.93,0.0,7,366,355
0.0,-3.2,4.95,360,0.93,0.0,8,366,356
44.888888888888886,-3.2,5.01470476127563,360,0.93,0.0,9,366,357
145.88888888888889,-2.9,5.075,360,0.93,0.0,10,366,358
213.22222222222223,-2.6,5.126776695296637,360,0.93,0.0,11,366,359
246.8888888888889,-2.0,5.1665063509461095,360,0.94,0.0,12,366,360
213.22222222222223,-1.4,5.191481456572268,360,0.94,0.0,13,366,361
168.33333333333331,-1.0,5.2,360,0.94,0.0,14,366,362
112.22222222222223,-0.8,5.191481456572268,360,0.94,0.0,15,366,363
44.888888888888886,-0.8,5.1665063509461095,360,0.95,0.0,16,366,364
0.0,-1.1,5.126776695296637,360,0.95,0.0,17,366,365
0.0,-0.9,5.075,360,0.95,0.0,18,366,366
0.0,-0.8,5.01470476127563,360,0.95,0.0,19,366,367
0.0,-1.1,4.95,360,0.95,0.0,20,366,368
0.0,-1.0,4.88529523872437,360,0.95,0.0,21,366,369
0.0,-0.7,4.825,360,0.95,0.0,22,366,370
0.0,-0.6,4.773223304703364,360,0.95,0.0,23,366,371
0.0,-0.5,4.733493649053891,360,0.95,0.0,24,366,372
0.0,-0.2,4.911925960798826,360,0.95,0.0,1,1,373
0.0,0.3,4.9,360,0.95,0.0,2,1,374
0.0,-0.1,4.911925960798826,360,0.95,0.0,3,1,375
0.0,-0.3,4.946891108675446,360,0.95,0.0,4,1,376
0.0,-0.7,5.002512626584709,360,0.95,0.0,5,1,377
0.0,-0.9,5.075,360,0.95,0.0,6,1,378
0.0,-1.1,5.1594133342141175,360,0.95,0.0,7,1,379
0.0,-0.8,5.25,360,0.95,0.0,8,1,380
22.444444444444443,-0.5,5.3405866657858825,360,0.95,0.0,9,1,381
89.77777777777777,0.0,5.425,360,0.95,0.0,10,1,382
246.8888888888889,1.4,5.497487373415291,360,0.96,3.0,11,1,383
336.66666666666663,1.9,5.553108891324554,360,0.95,4.0,12,1,384
235.66666666666669,2.5,5.588074039201174,360,0.93,4.0,13,1,385
516.2222222222223,2.9,5.6,360,0.92,4.0,14,1,386
213.22222222222223,3.0,5.588074039201174,360,0.92,4.0,15,1,387
56.111111111111114,3.0,5.553108891324554,360,0.92,4.0,16,1,388
0.0,2.9,5.497487373415291,360,0.93,4.0,17,1,389
0.0,2.8,5.425,360,0.93,4.0,18,1,390
0.0,3.0,5.3405866657858825,360,0.93,5.0,19,1,391
0.0,3.1,5.25,360,0.93,5.0,20,1,392
0.0,2.9,5.1594133342141175,360,0.93,6.0,21,1,393
0.0,2.9,5.075,360,0.93,4.0,22,1,394
0.0,2.9,5.002512626584709,360,0.93,4.0,23,1,395
0.0,2.8,4.946891108675446,360,0.93,5.0,24,1,396
0.0,2.7,5.511925960798826,360,0.94,4.0,1,2,397
0.0,2.4,5.5,360,0.94,4.0,2,2,398
0.0,1.9,5.511925960798826,360,0.94,4.0,3,2,399
0.0,1.5,5.546891108675446,360,0.95,3.0,4,2,400
0.0,1.2,5.602512626584708,360,0.95,3.0,5,2,401
0.0,1.4,5.675,360,0.95,2.0,6,2,402
0.0,1.4,5.759413334214117,360,0.95,2.0,7,2,403
0.0,1.3,5.85,360,0.95,1.0,8,2,404
44.888888888888886,1.7,5.940586665785882,360,0.95,2.0,9,2,405
134.66666666666669,2.0,6.0249999999999995,360,0.95,2.0,10,2,406
258.11111111111114,2.7,6.097487373415292,360,0.95,2.0,11,2,407
258.11111111111114,3.9,6.153108891324553,360,0.95,3.0,12,2,408
202.0,4.4,6.188074039201173,360,0.93,2.0,13,2,409
505.0,7.0,6.199999999999999,360,0.87,2.0,14,2,410
392.7777777777778,6.5,6.188074039201173,360,0.88,2.0,15,2,411
134.66666666666669,5.0,6.153108891324553,360,0.91,6.0,16,2,412
0.0,4.0,6.097487373415292,360,0.94,6.0,17,2,413
0.0,3.9,6.0249999999999995,360,0.94,5.0,18,2,414
0.0,4.1,5.940586665785882,360,0.94,6.0,19,2,415
0.0,4.1,5.85,360,0.93,6.0,20,2,416
0.0,3.9,5.759413334214117,360,0.94,5.0,21,2,417
0.0,3.5,5.675,360,0.94,5.0,22,2,418
0.0,2.6,5.602512626584708,360,0.94,6.0,23,2,419
0.0,2.3,5.546891108675446,360,0.95,6.0,24,2,420
0.0,2.1,5.506814834742187,360,0.95,6.0,1,3,421
0.0,1.9,5.5,360,0.95,8.0,2,3,422
0.0,1.9,5.506814834742186,360,0.95,6.0,3,3,423
0.0,1.5,5.5267949192431125,360,0.93,6.0,4,3,424
0.0,1.3,5.55857864376269,360,0.92,8.0,5,3,425
0.0,1.1,5.6,360,0.9,7.0,6,3,426
0.0,0.8,5.648236190979496,360,0.89,8.0,7,3,427
11.222222222222221,0.5,5.7,360,0.9,6.0,8,3,428
33.66666666666667,0.2,5.751763809020504,360,0.89,9.0,9,3,429
157.1111111111111,0.1,5.800000000000001,360,0.87,8.0,10,3,430
415.2222222222223,0.8,5.841421356237309,360,0.86,7.0,11,3,431
718.2222222222222,1.8,5.873205080756888,360,0.84,7.0,12,3,432
729.4444444444443,2.7,5.893185165257814,360,0.79,8.0,13,3,433
628.4444444444443,3.4,5.9,360,0.76,7.0,14,3,434
448.8888888888889,3.2,5.893185165257814,360,0.78,6.0,15,3,435
179.55555555555554,1.6,5.873205080756888,360,0.84,6.0,16,3,436
22.444444444444443,0.1,5.841421356237309,360,0.89,4.0,17,3,437
0.0,-1.1,5.800000000000001,360,0.9,4.0,18,3,438
0.0,-1.8,5.751763809020504,360,0.91,2.0,19,3,439
0.0,-1.4,5.7,360,0.92,5.0,20,3,440
0.0,-1.6,5.648236190979496,360,0.92,6.0,21,3,441
0.0,-1.9,5.6000000000000005,360,0.93,5.0,22,3,442
0.0,-2.1,5.558578643762691,360,0.93,5.0,23,3,443
0.0,-2.2,5.5267949192431125,360,0.93,4.0,24,3,444
0.0,-2.1,4.613629669484372,360,0.94,4.0,1,4,445
0.0,-2.4,4.6,360,0.94,5.0,2,4,446
0.0,-2.6,4.613629669484372,360,0.94,3.0,3,4,447
0.0,-2.6,4.653589838486224,360,0.93,3.0,4,4,448
0.0,-2.9,4.717157287525381,360,0.93,4.0,5,4,449
0.0,-3.4,4.8,360,0.93,2.0,6,4,450
0.0,-3.7,4.896472381958992,360,0.93,1.0,7,4,451
0.0,-3.7,5.0,360,0.93,2.0,8,4,452
67.33333333333334,-3.7,5.103527618041008,360,0.93,1.0,9,4,453
190.77777777777777,-3.2,5.2,360,0.93,2.0,10,4,454
314.2222222222222,-1.9,5.282842712474619,360,0.94,2.0,11,4,455
493.7777777777778,-0.6,5.346410161513775,360,0.94,2.0,12,4,456
404.0,1.2,5.386370330515628,360,0.93,2.0,13,4,457
426.44444444444446,3.0,5.4,360,0.89,4.0,14,4,458
179.55555555555554,2.9,5.386370330515628,360,0.89,5.0,15,4,459
56.111111111111114,2.3,5.346410161513775,360,0.89,4.0,16,4,460
11.222222222222221,2.2,5.282842712474619,360,0.89,4.0,17,4,461
0.0,1.8,5.2,360,0.9,4.0,18,4,462
0.0,1.9,5.103527618041008,360,0.91,3.0,19,4,463
0.0,2.0,5.0,360,0.91,3.0,20,4,464
0.0,2.6,4.896472381958992,360,0.92,3.0,21,4,465
0.0,3.0,4.8,360,0.9,3.0,22,4,466
0.0,3.1,4.717157287525381,360,0.9,2.0,23,4,467
0.0,2.9,4.653589838486225,360,0.9,2.0,24,4,468
0.0,2.1,4.91022225211328,360,0.92,2.0,1,5,469
0.0,3.5,4.9,360,0.91,4.0,2,5,470
0.0,3.3,4.91022225211328,360,0.91,4.0,3,5,471
0.0,3.1,4.940192378864669,360,0.92,2.0,4,5,472
0.0,2.9,4.987867965644036,360,0.92,3.0,5,5,473
0.0,2.6,5.05,360,0.93,2.0,6,5,474
0.0,1.9,5.122354286469244,360,0.93,2.0,7,5,475
0.0,0.9,5.2,360,0.93,3.0,8,5,476
101.0,1.2,5.277645713530756,360,0.93,2.0,9,5,477
258.11111111111114,1.9,5.3500000000000005,360,0.92,3.0,10,5,478
583.5555555555555,3.4,5.412132034355964,360,0.88,3.0,11,5,479
695.7777777777778,4.4,5.459807621135331,360,0.86,4.0,12,5,480
707.0000000000001,5.1,5.489777747886721,360,0.83,4.0,13,5,481
617.2222222222222,5.5,5.5,360,0.8,4.0,14,5,482
437.6666666666667,5.4,5.489777747886721,360,0.79,4.0,15,5,483
190.77777777777777,4.3,5.459807621135331,360,0.83,3.0,16,5,484
11.222222222222221,2.9,5.412132034355964,360,0.87,2.0,17,5,485
0.0,1.0,5.3500000000000005,360,0.9,2.0,18,5,486
0.0,0.4,5.277645713530756,360,0.92,1.0,19,5,487
0.0,0.6,5.2,360,0.93,2.0,20,5,488
0.0,-0.3,5.122354286469244,360,0.93,2.0,21,5,489
0.0,-0.2,5.050000000000001,360,0.93,3.0,22,5,490
0.0,0.0,4.987867965644036,360,0.9,2.0,23,5,491
0.0,-1.7,4.940192378864669,360,0.91,2.0,24,5,492
0.0,-2.0,4.006814834742187,360,0.92,1.0,1,6,493
0.0,-1.9,4.0,360,0.93,2.0,2,6,494
0.0,-1.7,4.006814834742186,360,0.93,2.0,3,6,495
0.0,-1.9,4.0267949192431125,360,0.93,2.0,4,6,496
0.0,-1.0,4.05857864376269,360,0.94,2.0,5,6,497
0.0,-0.5,4.1,360,0.94,4.0,6,6,498
0.0,-1.1,4.148236190979496,360,0.94,3.0,7,6,499
11.222222222222221,-1.4,4.2,360,0.94,4.0,8,6,500
33.66666666666667,-2.2,4.251763809020504,360,0.94,4.0,9,6,501
314.2222222222222,-1.6,4.300000000000001,360,0.94,5.0,10,6,502
628.4444444444443,-1.3,4.341421356237309,360,0.91,6.0,11,6,503
920.2222222222223,0.4,4.373205080756888,360,0.85,6.0,12,6,504
886.5555555555555,1.4,4.393185165257814,360,0.77,6.0,13,6,505
673.3333333333333,2.1,4.4,360,0.69,8.0,14,6,506
460.11111111111114,1.7,4.393185165257814,360,0.69,6.0,15,6,507
190.77777777777777,0.7,4.373205080756888,360,0.73,7.0,16,6,508
22.444444444444443,-0.6,4.341421356237309,360,0.77,6.0,17,6,509
0.0,-0.9,4.300000000000001,360,0.74,5.0,18,6,510
0.0,-1.7,4.251763809020504,360,0.8,5.0,19,6,511
0.0,-1.5,4.2,360,0.79,5.0,20,6,512
0.0,-1.8,4.148236190979496,360,0.79,5.0,21,6,513
0.0,-2.0,4.1000000000000005,360,0.79,5.0,22,6,514
0.0,-2.5,4.058578643762691,360,0.81,4.0,23,6,515
0.0,-3.0,4.0267949192431125,360,0.82,4.0,24,6,516
0.0,-3.7,2.9170370868554656,360,0.84,3.0,1,7,517
0.0,-4.2,2.9,360,0.85,2.0,2,7,518
0.0,-4.1,2.9170370868554656,360,0.86,3.0,3,7,519
0.0,-4.3,2.9669872981077807,360,0.87,3.0,4,7,520
0.0,-4.3,3.046446609406726,360,0.87,4.0,5,7,521
0.0,-4.5,3.1499999999999995,360,0.88,4.0,6,7,522
0.0,-4.7,3.2705904774487395,360,0.88,4.0,7,7,523
11.222222222222221,-4.2,3.4,360,0.87,4.0,8,7,524
89.77777777777777,-3.5,3.5294095225512603,360,0.86,4.0,9,7,525
213.22222222222223,-2.4,3.65,360,0.84,3.0,10,7,526
538.6666666666667,0.2,3.753553390593274,360,0.75,4.0,11,7,527
695.7777777777778,2.4,3.833012701892219,360,0.54,4.0,12,7,528
718.2222222222222,3.7,3.8829629131445342,360,0.44,4.0,13,7,529
617.2222222222222,4.1,3.9,360,0.45,4.0,14,7,530
448.8888888888889,4.6,3.8829629131445342,360,0.41,4.0,15,7,531
179.55555555555554,2.8,3.833012701892219,360,0.47,4.0,16,7,532
22.444444444444443,2.2,3.753553390593274,360,0.45,2.0,17,7,533
0.0,0.9,3.65,360,0.61,3.0,18,7,534
0.0,0.9,3.5294095225512603,360,0.65,2.0,19,7,535
0.0,1.5,3.4,360,0.68,2.0,20,7,536
0.0,1.7,3.2705904774487395,360,0.68,2.0,21,7,537
0.0,1.9,3.15,360,0.68,2.0,22,7,538
0.0,2.2,3.0464466094067264,360,0.71,1.0,23,7,539
0.0,2.0,2.9669872981077807,360,0.73,1.0,24,7,540
0.0,1.9,3.339185299767571,360,0.75,1.0,1,8,541
0.0,1.1,3.2999999999999994,360,0.87,2.0,2,8,542
0.0,1.1,3.339185299767571,360,0.92,2.0,3,8,543
0.0,1.0,3.454070785647895,360,0.93,2.0,4,8,544
0.0,1.7,3.6368272016354695,360,0.94,2.0,5,8,545
0.0,3.0,3.8749999999999987,360,0.94,2.0,6,8,546
0.0,3.2,4.1523580981321,360,0.94,4.0,7,8,547
0.0,3.4,4.449999999999999,360,0.94,3.0,8,8,548
56.111111111111114,3.7,4.747641901867898,360,0.95,2.0,9,8,549
168.33333333333331,4.3,5.0249999999999995,360,0.95,3.0,10,8,550
179.55555555555554,4.8,5.263172798364529,360,0.95,2.0,11,8,551
235.66666666666669,5.6,5.445929214352104,360,0.95,3.0,12,8,552
190.77777777777777,5.6,5.560814700232427,360,0.95,4.0,13,8,553
168.33333333333331,5.9,5.6,360,0.95,2.0,14,8,554
157.1111111111111,6.3,5.560814700232427,360,0.95,3.0,15,8,555
67.33333333333334,6.6,5.445929214352104,360,0.95,2.0,16,8,556
11.222222222222221,6.3,5.263172798364529,360,0.95,2.0,17,8,557
0.0,5.9,5.0249999999999995,360,0.95,2.0,18,8,558
0.0,5.5,4.747641901867898,360,0.95,1.0,19,8,559
0.0,5.3,4.449999999999999,360,0.95,1.0,20,8,560
0.0,5.3,4.1523580981321,360,0.95,1.0,21,8,561
0.0,4.9,3.8749999999999996,360,0.95,1.0,22,8,562
0.0,4.7,3.63682720163547,360,0.95,1.0,23,8,563
0.0,4.9,3.454070785647895,360,0.95,1.0,24,8,564
0.0,4.9,5.423851921597652,360,0.95,1.0,1,9,565
0.0,4.9,5.4,360,0.95,2.0,2,9,566
0.0,5.0,5.423851921597652,360,0.96,2.0,3,9,567
0.0,5.0,5.493782217350892,360,0.96,4.0,4,9,568
0.0,5.2,5.6050252531694165,360,0.96,3.0,5,9,569
0.0,5.1,5.749999999999999,360,0.96,4.0,6,9,570
0.0,5.0,5.918826668428236,360,0.96,3.0,7,9,571
0.0,5.1,6.1,360,0.96,4.0,8,9,572
22.444444444444443,5.3,6.281173331571764,360,0.96,4.0,9,9,573
123.44444444444446,5.8,6.449999999999999,360,0.96,4.0,10,9,574
89.77777777777777,6.0,6.594974746830583,360,0.96,4.0,11,9,575
134.66666666666669,6.8,6.706217782649107,360,0.96,4.0,12,9,576
213.22222222222223,7.1,6.776148078402347,360,0.96,5.0,13,9,577
258.11111111111114,7.5,6.799999999999999,360,0.93,5.0,14,9,578
246.8888888888889,7.8,6.776148078402347,360,0.91,5.0,15,9,579
33.66666666666667,7.4,6.706217782649107,360,0.92,4.0,16,9,580
0.0,7.1,6.594974746830583,360,0.94,4.0,17,9,581
0.0,7.2,6.449999999999999,360,0.95,4.0,18,9,582
0.0,7.4,6.281173331571764,360,0.95,5.0,19,9,583
0.0,7.4,6.1,360,0.95,5.0,20,9,584
0.0,7.3,5.918826668428236,360,0.95,6.0,21,9,585
0.0,7.7,5.75,360,0.95,6.0,22,9,586
0.0,7.8,5.6050252531694165,360,0.94,8.0,23,9,587
0.0,8.4,5.493782217350892,360,0.94,8.0,24,9,588
0.0,8.9,6.411925960798826,360,0.93,9.0,1,10,589
0.0,8.7,6.4,360,0.94,8.0,2,10,590
0.0,8.7,6.411925960798826,360,0.95,7.0,3,10,591
0.0,7.8,6.446891108675446,360,0.92,9.0,4,10,592
0.0,6.9,6.502512626584709,360,0.92,6.0,5,10,593
0.0,6.6,6.575,360,0.92,6.0,6,10,594
0.0,6.2,6.6594133342141175,360,0.92,4.0,7,10,595
11.222222222222221,6.2,6.75,360,0.92,4.0,8,10,596
101.0,6.6,6.8405866657858825,360,0.91,4.0,9,10,597
134.66666666666669,6.9,6.925,360,0.91,4.0,10,10,598
246.8888888888889,7.0,6.997487373415291,360,0.9,4.0,11,10,599
392.7777777777778,7.7,7.053108891324554,360,0.88,5.0,12,10,600
404.0,8.0,7.088074039201174,360,0.86,6.0,13,10,601
280.55555555555554,8.1,7.1,360,0.84,6.0,14,10,602
78.55555555555554,7.4,7.088074039201174,360,0.87,7.0,15,10,603
44.888888888888886,7.4,7.053108891324554,360,0.86,5.0,16,10,604
11.222222222222221,6.6,6.997487373415291,360,0.87,4.0,17,10,605
0.0,6.0,6.925,360,0.89,4.0,18,10,606
0.0,6.3,6.8405866657858825,360,0.9,2.0,19,10,607
0.0,6.3,6.75,360,0.9,2.0,20,10,608
0.0,6.2,6.6594133342141175,360,0.9,2.0,21,10,609
0.0,4.9,6.575,360,0.91,2.0,22,10,610
0.0,4.5,6.502512626584709,360,0.93,2.0,23,10,611
0.0,4.9,6.446891108675446,360,0.94,2.0,24,10,612
0.0,5.4,6.518740795541013,360,0.94,3.0,1,11,613
0.0,5.6,6.5,360,0.94,3.0,2,11,614
0.0,5.8,6.518740795541012,360,0.94,4.0,3,11,615
0.0,6.0,6.5736860279185585,360,0.95,4.0,4,11,616
0.0,5.9,6.661091270347399,360,0.95,4.0,5,11,617
0.0,5.8,6.7749999999999995,360,0.95,4.0,6,11,618
0.0,6.2,6.907649525193613,360,0.95,4.0,7,11,619
0.0,6.8,7.05,360,0.95,4.0,8,11,620
33.66666666666667,7.3,7.1923504748063865,360,0.95,6.0,9,11,621
101.0,7.9,7.325,360,0.96,5.0,10,11,622
190.77777777777777,8.6,7.438908729652601,360,0.96,6.0,11,11,623
202.0,9.2,7.526313972081441,360,0.96,5.0,12,11,624
246.8888888888889,9.9,7.581259204458988,360,0.95,5.0,13,11,625
179.55555555555554,10.0,7.6,360,0.94,6.0,14,11,626
101.0,10.2,7.581259204458988,360,0.95,6.0,15,11,627
44.888888888888886,10.1,7.526313972081441,360,0.94,6.0,16,11,628
0.0,10.1,7.438908729652601,360,0.93,6.0,17,11,629
0.0,10.0,7.325,360,0.92,4.0,18,11,630
0.0,9.6,7.1923504748063865,360,0.91,4.0,19,11,631
0.0,9.5,7.05,360,0.88,3.0,20,11,632
0.0,8.8,6.907649525193613,360,0.92,4.0,21,11,633
0.0,9.0,6.775,360,0.9,4.0,22,11,634
0.0,8.3,6.661091270347399,360,0.91,2.0,23,11,635
0.0,7.8,6.5736860279185585,360,0.94,2.0,24,11,636
0.0,7.7,7.308518543427732,360,0.94,3.0,1,12,637
0.0,7.5,7.3,360,0.94,2.0,2,12,638
0.0,7.3,7.308518543427732,360,0.94,3.0,3,12,639
0.0,7.2,7.3334936490538905,360,0.94,2.0,4,12,640
0.0,7.0,7.373223304703362,360,0.95,2.0,5,12,641
0.0,6.7,7.425,360,0.95,2.0,6,12,642
0.0,6.6,7.48529523872437,360,0.94,2.0,7,12,643
0.0,6.6,7.55,360,0.94,3.0,8,12,644
33.66666666666667,6.9,7.61470476127563,360,0.93,3.0,9,12,645
67.33333333333334,7.1,7.675,360,0.93,3.0,10,12,646
190.77777777777777,7.7,7.726776695296636,360,0.93,5.0,11,12,647
235.66666666666669,8.2,7.766506350946109,360,0.92,6.0,12,12,648
101.0,8.2,7.791481456572267,360,0.93,6.0,13,12,649
134.66666666666669,8.5,7.8,360,0.93,8.0,14,12,650
67.33333333333334,8.7,7.791481456572267,360,0.94,10.0,15,12,651
33.66666666666667,9.1,7.766506350946109,360,0.94,10.0,16,12,652
11.222222222222221,10.4,7.726776695296636,360,0.93,14.0,17,12,653
0.0,9.0,7.675,360,0.83,16.0,18,12,654
0.0,7.9,7.61470476127563,360,0.84,16.0,19,12,655
0.0,7.2,7.55,360,0.8,13.0,20,12,656
0.0,6.1,7.48529523872437,360,0.81,11.0,21,12,657
0.0,5.7,7.425,360,0.75,10.0,22,12,658
0.0,3.6,7.373223304703363,360,0.86,11.0,23,12,659
0.0,3.2,7.3334936490538905,360,0.86,6.0,24,12,660
0.0,2.9,5.908518543427733,360,0.85,7.0,1,13,661
0.0,2.5,5.9,360,0.88,6.0,2,13,662
0.0,1.8,5.908518543427733,360,0.89,6.0,3,13,663
0.0,1.3,5.933493649053891,360,0.89,6.0,4,13,664
0.0,1.0,5.973223304703364,360,0.89,6.0,5,13,665
0.0,1.0,6.025,360,0.88,6.0,6,13,666
0.0,1.5,6.08529523872437,360,0.88,6.0,7,13,667
11.222222222222221,2.6,6.15,360,0.87,8.0,8,13,668
89.77777777777777,2.4,6.21470476127563,360,0.88,11.0,9,13,669
381.55555555555554,4.9,6.275,360,0.82,10.0,10,13,670
549.8888888888889,5.8,6.326776695296637,360,0.78,11.0,11,13,671
695.7777777777778,6.2,6.36650635094611,360,0.73,12.0,12,13,672
729.4444444444443,6.9,6.391481456572268,360,0.65,10.0,13,13,673
617.2222222222222,7.3,6.4,360,0.63,10.0,14,13,674
505.0,7.1,6.391481456572268,360,0.56,10.0,15,13,675
112.22222222222223,3.9,6.36650635094611,360,0.8,12.0,16,13,676
11.222222222222221,3.6,6.326776695296637,360,0.75,5.0,17,13,677
0.0,2.4,6.275,360,0.8,3.0,18,13,678
0.0,2.8,6.21470476127563,360,0.78,3.0,19,13,679
0.0,2.0,6.15,360,0.82,6.0,20,13,680
0.0,2.3,6.08529523872437,360,0.82,6.0,21,13,681
0.0,1.5,6.025,360,0.84,5.0,22,13,682
0.0,1.0,5.973223304703364,360,0.85,4.0,23,13,683
0.0,1.4,5.933493649053891,360,0.84,4.0,24,13,684
0.0,1.8,4.6187407955410125,360,0.83,5.0,1,14,685
0.0,1.5,4.6,360,0.83,5.0,2,14,686
0.0,1.1,4.6187407955410125,360,0.84,5.0,3,14,687
0.0,0.7,4.673686027918559,360,0.85,4.0,4,14,688
0.0,0.4,4.761091270347399,360,0.85,4.0,5,14,689
0.0,0.3,4.875,360,0.86,3.0,6,14,690
0.0,-1.7,5.007649525193614,360,0.89,4.0,7,14,691
11.222222222222221,-0.5,5.15,360,0.9,3.0,8,14,692
157.1111111111111,1.1,5.292350474806387,360,0.88,2.0,9,14,693
415.2222222222223,3.0,5.425000000000001,360,0.84,4.0,10,14,694
505.0,4.3,5.538908729652602,360,0.83,4.0,11,14,695
606.0,5.7,5.626313972081442,360,0.79,4.0,12,14,696
583.5555555555555,6.4,5.681259204458988,360,0.8,5.0,13,14,697
404.0,6.6,5.700000000000001,360,0.73,5.0,14,14,698
437.6666666666667,6.4,5.681259204458988,360,0.75,5.0,15,14,699
168.33333333333331,6.2,5.626313972081442,360,0.8,4.0,16,14,700
33.66666666666667,4.5,5.538908729652602,360,0.84,4.0,17,14,701
0.0,4.8,5.425000000000001,360,0.83,4.0,18,14,702
0.0,4.0,5.292350474806387,360,0.85,4.0,19,14,703
0.0,4.1,5.15,360,0.85,4.0,20,14,704
0.0,3.6,5.007649525193614,360,0.87,4.0,21,14,705
0.0,3.7,4.875,360,0.87,4.0,22,14,706
0.0,3.6,4.761091270347399,360,0.88,5.0,23,14,707
0.0,4.0,4.673686027918559,360,0.88,4.0,24,14,708
0.0,3.7,5.023851921597652,360,0.88,5.0,1,15,709
0.0,3.4,5.0,360,0.9,4.0,2,15,710
0.0,2.8,5.023851921597652,360,0.91,2.0,3,15,711
0.0,2.7,5.093782217350893,360,0.91,2.0,4,15,712
0.0,2.6,5.205025253169416,360,0.92,2.0,5,15,713
0.0,3.2,5.35,360,0.92,2.0,6,15,714
0.0,3.6,5.518826668428236,360,0.92,4.0,7,15,715
0.0,3.6,5.7,360,0.92,3.0,8,15,716
89.77777777777777,3.9,5.881173331571765,360,0.92,2.0,9,15,717
134.66666666666669,4.2,6.050000000000001,360,0.91,2.0,10,15,718
134.66666666666669,4.3,6.194974746830583,360,0.93,3.0,11,15,719
157.1111111111111,4.2,6.3062177826491075,360,0.93,4.0,12,15,720
213.22222222222223,4.6,6.376148078402348,360,0.93,4.0,13,15,721
179.55555555555554,5.0,6.4,360,0.93,4.0,14,15,722
145.88888888888889,5.6,6.376148078402348,360,0.92,4.0,15,15,723
56.111111111111114,5.4,6.3062177826491075,360,0.91,4.0,16,15,724
11.222222222222221,5.1,6.194974746830583,360,0.92,2.0,17,15,725
0.0,4.7,6.050000000000001,360,0.93,2.0,18,15,726
0.0,5.0,5.881173331571765,360,0.94,3.0,19,15,727
0.0,5.4,5.7,360,0.94,4.0,20,15,728
0.0,6.0,5.518826668428236,360,0.95,5.0,21,15,729
0.0,7.2,5.3500000000000005,360,0.95,6.0,22,15,730
0.0,7.5,5.205025253169417,360,0.94,6.0,23,15,731
0.0,7.8,5.093782217350893,360,0.93,6.0,24,15,732
0.0,7.9,6.008518543427733,360,0.93,6.0,1,16,733
0.0,8.2,6.0,360,0.92,8.0,2,16,734
0.0,8.0,6.008518543427733,360,0.91,8.0,3,16,735
0.0,8.1,6.033493649053891,360,0.9,8.0,4,16,736
0.0,7.9,6.0732233047033635,360,0.91,8.0,5,16,737
0.0,7.7,6.125,360,0.91,9.0,6,16,738
0.0,7.4,6.18529523872437,360,0.89,8.0,7,16,739
0.0,5.5,6.25,360,0.87,10.0,8,16,740
56.111111111111114,5.4,6.31470476127563,360,0.88,7.0,9,16,741
179.55555555555554,4.9,6.375,360,0.89,8.0,10,16,742
202.0,4.2,6.4267766952966365,360,0.87,9.0,11,16,743
123.44444444444446,3.3,6.466506350946109,360,0.89,6.0,12,16,744
112.22222222222223,2.8,6.491481456572267,360,0.9,6.0,13,16,745
145.88888888888889,2.7,6.5,360,0.89,6.0,14,16,746
101.0,2.8,6.491481456572267,360,0.88,5.0,15,16,747
89.77777777777777,2.8,6.466506350946109,360,0.86,6.0,16,16,748
22.444444444444443,2.3,6.4267766952966365,360,0.87,4.0,17,16,749
0.0,2.2,6.375,360,0.89,3.0,18,16,750
0.0,1.3,6.31470476127563,360,0.89,3.0,19,16,751
0.0,0.2,6.25,360,0.9,2.0,20,16,752
0.0,0.0,6.18529523872437,360,0.91,3.0,21,16,753
0.0,-0.5,6.125,360,0.91,4.0,22,16,754
0.0,-1.0,6.0732233047033635,360,0.91,3.0,23,16,755
0.0,-1.0,6.033493649053891,360,0.91,3.0,24,16,756
0.0,-1.3,4.308518543427732,360,0.91,4.0,1,17,757
0.0,-1.5,4.3,360,0.91,4.0,2,17,758
0.0,-1.9,4.308518543427732,360,0.91,4.0,3,17,759
0.0,-1.4,4.3334936490538905,360,0.91,5.0,4,17,760
0.0,-2.0,4.373223304703362,360,0.91,6.0,5,17,761
0.0,-2.2,4.425,360,0.9,6.0,6,17,762
0.0,-2.6,4.48529523872437,360,0.9,5.0,7,17,763
11.222222222222221,-2.9,4.55,360,0.89,5.0,8,17,764
303.0,-2.2,4.61470476127563,360,0.88,6.0,9,17,765
650.8888888888889,-1.2,4.675,360,0.86,8.0,10,17,766
796.7777777777777,-0.4,4.726776695296636,360,0.83,8.0,11,17,767
830.4444444444446,0.6,4.766506350946109,360,0.8,8.0,12,17,768
830.4444444444446,1.5,4.791481456572267,360,0.71,10.0,13,17,769
729.4444444444443,1.8,4.8,360,0.66,11.0,14,17,770
549.8888888888889,1.8,4.791481456572267,360,0.65,11.0,15,17,771
269.33333333333337,0.9,4.766506350946109,360,0.71,8.0,16,17,772
44.888888888888886,0.0,4.726776695296636,360,0.74,9.0,17,17,773
0.0,-0.5,4.675,360,0.78,9.0,18,17,774
0.0,-1.0,4.61470476127563,360,0.81,10.0,19,17,775
0.0,-1.9,4.55,360,0.83,12.0,20,17,776
0.0,-2.5,4.48529523872437,360,0.85,9.0,21,17,777
0.0,-3.4,4.425,360,0.84,9.0,22,17,778
0.0,-4.0,4.373223304703363,360,0.85,9.0,23,17,779
0.0,-4.2,4.3334936490538905,360,0.86,8.0,24,17,780
0.0,-4.2,2.7085185434277332,360,0.85,9.0,1,18,781
0.0,-4.2,2.7,360,0.86,10.0,2,18,782
0.0,-4.3,2.7085185434277332,360,0.86,10.0,3,18,783
0.0,-4.4,2.7334936490538904,360,0.86,8.0,4,18,784
0.0,-4.5,2.773223304703363,360,0.85,9.0,5,18,785
0.0,-4.7,2.825,360,0.86,9.0,6,18,786
0.0,-4.9,2.88529523872437,360,0.86,9.0,7,18,787
11.222222222222221,-4.9,2.95,360,0.86,8.0,8,18,788
168.33333333333331,-4.1,3.01470476127563,360,0.85,9.0,9,18,789
336.66666666666663,-3.6,3.075,360,0.84,10.0,10,18,790
448.8888888888889,-2.5,3.126776695296637,360,0.82,10.0,11,18,791
673.3333333333333,-1.5,3.16650635094611,360,0.79,9.0,12,18,792
796.7777777777777,-1.3,3.191481456572267,360,0.75,10.0,13,18,793
628.4444444444443,-1.0,3.2,360,0.76,10.0,14,18,794
493.7777777777778,-0.7,3.191481456572267,360,0.75,10.0,15,18,795
157.1111111111111,-1.3,3.16650635094611,360,0.78,10.0,16,18,796
11.222222222222221,-1.3,3.126776695296637,360,0.76,9.0,17,18,797
0.0,-1.3,3.075,360,0.77,10.0,18,18,798
0.0,-1.3,3.01470476127563,360,0.77,8.0,19,18,799
0.0,-2.0,2.95,360,0.8,9.0,20,18,800
0.0,-3.0,2.88529523872437,360,0.83,8.0,21,18,801
0.0,-3.6,2.825,360,0.85,6.0,22,18,802
0.0,-4.0,2.773223304703363,360,0.86,5.0,23,18,803
0.0,-4.3,2.7334936490538904,360,0.87,5.0,24,18,804
0.0,-4.4,2.1034074173710935,360,0.87,6.0,1,19,805
0.0,-4.8,2.1000000000000005,360,0.87,5.0,2,19,806
0.0,-5.2,2.1034074173710935,360,0.88,6.0,3,19,807
0.0,-5.2,2.1133974596215563,360,0.87,6.0,4,19,808
0.0,-5.5,2.1292893218813456,360,0.87,6.0,5,19,809
0.0,-5.8,2.1500000000000004,360,0.88,6.0,6,19,810
0.0,-5.9,2.174118095489748,360,0.87,6.0,7,19,811
11.222222222222221,-5.9,2.2,360,0.87,6.0,8,19,812
202.0,-5.1,2.2258819045102523,360,0.86,8.0,9,19,813
505.0,-3.9,2.25,360,0.85,8.0,10,19,814
751.8888888888888,-3.0,2.270710678118655,360,0.81,8.0,11,19,815
841.6666666666666,-1.8,2.286602540378444,360,0.78,7.0,12,19,816
819.2222222222222,-1.0,2.296592582628907,360,0.76,6.0,13,19,817
707.0000000000001,-0.4,2.3,360,0.75,6.0,14,19,818
527.4444444444445,-0.3,2.296592582628907,360,0.74,6.0,15,19,819
269.33333333333337,-0.9,2.286602540378444,360,0.77,6.0,16,19,820
44.888888888888886,-2.4,2.270710678118655,360,0.81,5.0,17,19,821
0.0,-3.0,2.25,360,0.83,4.0,18,19,822
0.0,-3.1,2.2258819045102523,360,0.84,4.0,19,19,823
0.0,-3.4,2.2,360,0.84,4.0,20,19,824
0.0,-3.9,2.174118095489748,360,0.85,4.0,21,19,825
0.0,-4.6,2.1500000000000004,360,0.87,3.0,22,19,826
0.0,-5.3,2.1292893218813456,360,0.88,3.0,23,19,827
0.0,-5.8,2.1133974596215563,360,0.88,2.0,24,19,828
0.0,-5.9,1.6034074173710935,360,0.88,3.0,1,20,829
0.0,-6.2,1.6,360,0.89,3.0,2,20,830
0.0,-6.0,1.6034074173710933,360,0.89,4.0,3,20,831
0.0,-6.8,1.6133974596215563,360,0.89,3.0,4,20,832
0.0,-6.6,1.6292893218813453,360,0.89,3.0,5,20,833
0.0,-6.8,1.6500000000000001,360,0.89,3.0,6,20,834
0.0,-7.4,1.674118095489748,360,0.9,2.0,7,20,835
22.444444444444443,-7.3,1.7000000000000002,360,0.9,0.0,8,20,836
314.2222222222222,-5.4,1.7258819045102523,360,0.89,3.0,9,20,837
695.7777777777778,-3.9,1.7500000000000002,360,0.87,4.0,10,20,838
886.5555555555555,-2.3,1.770710678118655,360,0.85,3.0,11,20,839
1010.0,-0.5,1.786602540378444,360,0.82,4.0,12,20,840
1066.1111111111113,1.1,1.796592582628907,360,0.78,3.0,13,20,841
796.7777777777777,2.3,1.8000000000000003,360,0.73,3.0,14,20,842
549.8888888888889,3.1,1.796592582628907,360,0.71,3.0,15,20,843
280.55555555555554,2.5,1.786602540378444,360,0.71,3.0,16,20,844
44.888888888888886,-0.5,1.770710678118655,360,0.81,2.0,17,20,845
0.0,-0.8,1.7500000000000002,360,0.81,2.0,18,20,846
0.0,-1.7,1.7258819045102523,360,0.83,2.0,19,20,847
0.0,-2.2,1.7000000000000002,360,0.85,2.0,20,20,848
0.0,-2.2,1.674118095489748,360,0.84,2.0,21,20,849
0.0,-3.3,1.6500000000000001,360,0.87,2.0,22,20,850
0.0,-4.1,1.6292893218813456,360,0.88,2.0,23,20,851
0.0,-4.2,1.6133974596215563,360,0.88,2.0,24,20,852
0.0,-4.3,1.403407417371093,360,0.9,2.0,1,21,853
0.0,-4.1,1.4,360,0.9,2.0,2,21,854
0.0,-4.9,1.403407417371093,360,0.9,2.0,3,21,855
0.0,-5.2,1.413397459621556,360,0.9,2.0,4,21,856
0.0,-5.8,1.4292893218813452,360,0.9,2.0,5,21,857
0.0,-6.0,1.45,360,0.9,2.0,6,21,858
0.0,-6.1,1.474118095489748,360,0.91,2.0,7,21,859
22.444444444444443,-6.3,1.5,360,0.9,2.0,8,21,860
314.2222222222222,-4.0,1.525881904510252,360,0.9,2.0,9,21,861
662.1111111111112,-1.8,1.55,360,0.87,3.0,10,21,862
875.3333333333334,0.6,1.5707106781186548,360,0.84,2.0,11,21,863
841.6666666666666,3.9,1.5866025403784438,360,0.76,2.0,12,21,864
808.0,6.1,1.596592582628907,360,0.7,2.0,13,21,865
718.2222222222222,8.0,1.6,360,0.62,3.0,14,21,866
538.6666666666667,8.0,1.596592582628907,360,0.6,4.0,15,21,867
280.55555555555554,5.3,1.5866025403784438,360,0.71,4.0,16,21,868
44.888888888888886,3.1,1.5707106781186548,360,0.78,2.0,17,21,869
0.0,1.7,1.55,360,0.82,2.0,18,21,870
0.0,2.2,1.525881904510252,360,0.81,2.0,19,21,871
0.0,0.2,1.5,360,0.85,3.0,20,21,872
0.0,-0.9,1.474118095489748,360,0.87,2.0,21,21,873
0.0,-0.7,1.45,360,0.87,2.0,22,21,874
0.0,-1.6,1.4292893218813452,360,0.88,2.0,23,21,875
0.0,-2.4,1.4133974596215562,360,0.88,2.0,24,21,876
0.0,-2.2,1.403407417371093,360,0.9,2.0,1,22,877
0.0,-2.8,1.4,360,0.9,2.0,2,22,878
0.0,-3.6,1.403407417371093,360,0.9,2.0,3,22,879
0.0,-3.5,1.413397459621556,360,0.91,2.0,4,22,880
0.0,-3.8,1.4292893218813452,360,0.9,2.0,5,22,881
0.0,-3.5,1.45,360,0.89,3.0,6,22,882
0.0,-3.6,1.474118095489748,360,0.89,2.0,7,22,883
11.222222222222221,-3.3,1.5,360,0.88,2.0,8,22,884
112.22222222222223,-2.2,1.525881904510252,360,0.85,2.0,9,22,885
415.2222222222223,0.0,1.55,360,0.84,4.0,10,22,886
594.7777777777778,2.6,1.5707106781186548,360,0.79,4.0,11,22,887
538.6666666666667,2.9,1.5866025403784438,360,0.75,6.0,12,22,888
527.4444444444445,3.6,1.596592582628907,360,0.72,6.0,13,22,889
471.33333333333337,4.3,1.6,360,0.69,6.0,14,22,890
280.55555555555554,3.9,1.596592582628907,360,0.69,5.0,15,22,891
89.77777777777777,3.1,1.5866025403784438,360,0.72,5.0,16,22,892
22.444444444444443,2.7,1.5707106781186548,360,0.74,5.0,17,22,893
0.0,1.9,1.55,360,0.76,6.0,18,22,894
0.0,0.8,1.525881904510252,360,0.79,4.0,19,22,895
0.0,0.1,1.5,360,0.82,3.0,20,22,896
0.0,0.4,1.474118095489748,360,0.8,4.0,21,22,897
0.0,-0.2,1.45,360,0.81,4.0,22,22,898
0.0,0.3,1.4292893218813452,360,0.8,3.0,23,22,899
0.0,-0.2,1.4133974596215562,360,0.81,3.0,24,22,900
0.0,-1.9,1.5068148347421864,360,0.84,2.0,1,23,901
0.0,-1.9,1.5,360,0.85,2.0,2,23,902
0.0,-1.5,1.5068148347421864,360,0.84,3.0,3,23,903
0.0,-1.4,1.5267949192431123,360,0.85,3.0,4,23,904
0.0,-1.5,1.5585786437626905,360,0.85,4.0,5,23,905
0.0,-1.3,1.5999999999999999,360,0.84,4.0,6,23,906
0.0,-1.4,1.6482361909794958,360,0.84,4.0,7,23,907
22.444444444444443,-1.5,1.7,360,0.85,5.0,8,23,908
190.77777777777777,-0.7,1.751763809020504,360,0.83,5.0,9,23,909
448.8888888888889,1.0,1.8,360,0.79,6.0,10,23,910
684.5555555555557,2.8,1.8414213562373094,360,0.71,6.0,11,23,911
808.0,4.0,1.8732050807568876,360,0.63,7.0,12,23,912
830.4444444444446,5.0,1.8931851652578136,360,0.55,8.0,13,23,913
740.6666666666667,5.1,1.9,360,0.54,8.0,14,23,914
561.1111111111111,5.3,1.8931851652578136,360,0.53,8.0,15,23,915
314.2222222222222,4.5,1.8732050807568876,360,0.55,8.0,16,23,916
56.111111111111114,1.9,1.8414213562373094,360,0.68,5.0,17,23,917
0.0,1.1,1.8,360,0.73,4.0,18,23,918
0.0,0.8,1.751763809020504,360,0.77,4.0,19,23,919
0.0,0.4,1.7,360,0.8,4.0,20,23,920
0.0,-0.5,1.6482361909794958,360,0.83,4.0,21,23,921
0.0,-1.2,1.6,360,0.85,4.0,22,23,922
0.0,-1.9,1.5585786437626905,360,0.87,4.0,23,23,923
0.0,-2.6,1.5267949192431123,360,0.88,4.0,24,23,924
0.0,-2.5,1.5102222521132795,360,0.88,4.0,1,24,925
0.0,-2.8,1.5,360,0.89,4.0,2,24,926
0.0,-3.2,1.5102222521132795,360,0.89,4.0,3,24,927
0.0,-3.6,1.5401923788646683,360,0.9,4.0,4,24,928
0.0,-4.1,1.5878679656440355,360,0.9,4.0,5,24,929
0.0,-4.5,1.65,360,0.9,2.0,6,24,930
0.0,-5.1,1.7223542864692438,360,0.91,2.0,7,24,931
22.444444444444443,-4.9,1.8,360,0.91,2.0,8,24,932
269.33333333333337,-3.3,1.8776457135307563,360,0.9,2.0,9,24,933
617.2222222222222,-1.5,1.9500000000000002,360,0.88,3.0,10,24,934
830.4444444444446,0.6,2.0121320343559645,360,0.84,4.0,11,24,935
931.4444444444445,2.3,2.059807621135332,360,0.79,4.0,12,24,936
707.0000000000001,3.9,2.0897777478867208,360,0.75,4.0,13,24,937
549.8888888888889,4.6,2.1,360,0.72,4.0,14,24,938
482.5555555555556,4.3,2.0897777478867208,360,0.74,4.0,15,24,939
213.22222222222223,3.5,2.059807621135332,360,0.77,4.0,16,24,940
33.66666666666667,1.7,2.0121320343559645,360,0.82,5.0,17,24,941
0.0,2.0,1.9500000000000002,360,0.82,3.0,18,24,942
0.0,1.0,1.8776457135307563,360,0.86,2.0,19,24,943
0.0,1.2,1.8,360,0.86,3.0,20,24,944
0.0,1.0,1.7223542864692438,360,0.86,3.0,21,24,945
0.0,0.6,1.6500000000000001,360,0.87,3.0,22,24,946
0.0,-0.4,1.5878679656440358,360,0.89,3.0,23,24,947
0.0,-0.4,1.5401923788646683,360,0.91,4.0,24,24,948
0.0,-0.9,2.0102222521132793,360,0.91,5.0,1,25,949
0.0,-1.1,1.9999999999999998,360,0.91,5.0,2,25,950
0.0,-1.0,2.0102222521132793,360,0.89,6.0,3,25,951
0.0,-0.9,2.0401923788646683,360,0.89,5.0,4,25,952
0.0,-1.0,2.0878679656440355,360,0.89,6.0,5,25,953
0.0,-1.0,2.1499999999999995,360,0.89,4.0,6,25,954
0.0,-1.1,2.2223542864692436,360,0.89,6.0,7,25,955
11.222222222222221,-1.1,2.3,360,0.9,6.0,8,25,956
44.888888888888886,-0.6,2.377645713530756,360,0.85,6.0,9,25,957
112.22222222222223,-0.4,2.4499999999999997,360,0.82,10.0,10,25,958
190.77777777777777,-0.1,2.512132034355964,360,0.8,8.0,11,25,959
213.22222222222223,-0.1,2.5598076211353313,360,0.8,8.0,12,25,960
303.0,0.0,2.5897777478867203,360,0.8,8.0,13,25,961
258.11111111111114,-0.1,2.5999999999999996,360,0.8,8.0,14,25,962
179.55555555555554,-0.5,2.5897777478867203,360,0.81,6.0,15,25,963
112.22222222222223,-1.1,2.5598076211353313,360,0.81,8.0,16,25,964
33.66666666666667,-1.4,2.512132034355964,360,0.82,7.0,17,25,965
0.0,-1.8,2.4499999999999997,360,0.83,6.0,18,25,966
0.0,-2.5,2.377645713530756,360,0.84,5.0,19,25,967
0.0,-3.2,2.3,360,0.86,4.0,20,25,968
0.0,-3.6,2.2223542864692436,360,0.87,3.0,21,25,969
0.0,-3.4,2.15,360,0.87,4.0,22,25,970
0.0,-3.7,2.0878679656440355,360,0.87,4.0,23,25,971
0.0,-4.5,2.0401923788646683,360,0.87,4.0,24,25,972
0.0,-5.0,1.6085185434277331,360,0.88,3.0,1,26,973
0.0,-5.4,1.6,360,0.89,3.0,2,26,974
0.0,-5.8,1.608518543427733,360,0.89,3.0,3,26,975
0.0,-6.1,1.6334936490538903,360,0.89,3.0,4,26,976
0.0,-6.4,1.6732233047033631,360,0.89,2.0,5,26,977
0.0,-6.6,1.725,360,0.9,3.0,6,26,978
0.0,-6.7,1.78529523872437,360,0.9,4.0,7,26,979
22.444444444444443,-6.1,1.85,360,0.9,3.0,8,26,980
314.2222222222222,-4.0,1.9147047612756303,360,0.88,4.0,9,26,981
617.2222222222222,-0.9,1.975,360,0.84,4.0,10,26,982
920.2222222222223,2.9,2.026776695296637,360,0.8,3.0,11,26,983
830.4444444444446,4.7,2.06650635094611,360,0.74,4.0,12,26,984
841.6666666666666,5.7,2.091481456572267,360,0.71,4.0,13,26,985
751.8888888888888,6.7,2.1,360,0.69,4.0,14,26,986
572.3333333333333,7.0,2.091481456572267,360,0.68,3.0,15,26,987
280.55555555555554,5.8,2.06650635094611,360,0.72,4.0,16,26,988
78.55555555555554,3.8,2.026776695296637,360,0.78,4.0,17,26,989
0.0,2.6,1.975,360,0.8,4.0,18,26,990
0.0,2.0,1.9147047612756303,360,0.82,4.0,19,26,991
0.0,1.1,1.85,360,0.84,2.0,20,26,992
0.0,0.6,1.78529523872437,360,0.87,1.0,21,26,993
0.0,0.5,1.725,360,0.85,2.0,22,26,994
0.0,0.0,1.6732233047033631,360,0.85,2.0,23,26,995
0.0,-1.0,1.6334936490538905,360,0.88,2.0,24,26,996
0.0,-0.6,1.8306667563398387,360,0.88,2.0,1,27,997
0.0,0.6,1.8000000000000003,360,0.88,2.0,2,27,998
0.0,2.8,1.8306667563398387,360,0.85,4.0,3,27,999
0.0,4.9,1.9205771365940052,360,0.81,6.0,4,27,1000
0.0,5.5,2.063603896932107,360,0.8,7.0,5,27,1001
0.0,5.3,2.25,360,0.81,6.0,6,27,1002
0.0,4.3,2.4670628594077315,360,0.83,4.0,7,27,1003
11.222222222222221,2.7,2.7,360,0.86,1.0,8,27,1004
168.33333333333331,3.9,2.932937140592269,360,0.85,1.0,9,27,1005
381.55555555555554,6.6,3.1500000000000004,360,0.8,2.0,10,27,1006
448.8888888888889,8.3,3.336396103067893,360,0.74,2.0,11,27,1007
179.55555555555554,9.0,3.479422863405995,360,0.74,2.0,12,27,1008
224.44444444444446,9.2,3.5693332436601617,360,0.74,3.0,13,27,1009
134.66666666666669,9.0,3.6,360,0.72,2.0,14,27,1010
112.22222222222223,9.9,3.5693332436601617,360,0.73,2.0,15,27,1011
112.22222222222223,8.8,3.479422863405995,360,0.78,1.0,16,27,1012
22.444444444444443,8.6,3.336396103067893,360,0.77,2.0,17,27,1013
0.0,9.1,3.1500000000000004,360,0.74,2.0,18,27,1014
0.0,8.6,2.932937140592269,360,0.76,3.0,19,27,1015
0.0,8.4,2.7,360,0.78,2.0,20,27,1016
0.0,9.2,2.4670628594077315,360,0.76,7.0,21,27,1017
0.0,9.5,2.2500000000000004,360,0.77,8.0,22,27,1018
0.0,7.6,2.0636038969321073,360,0.81,6.0,23,27,1019
0.0,7.5,1.9205771365940052,360,0.82,7.0,24,27,1020
0.0,7.4,3.3306667563398378,360,0.83,8.0,1,28,1021
0.0,6.0,3.2999999999999994,360,0.86,6.0,2,28,1022
0.0,6.6,3.3306667563398378,360,0.84,6.0,3,28,1023
0.0,7.3,3.4205771365940043,360,0.84,7.0,4,28,1024
0.0,6.7,3.563603896932106,360,0.88,6.0,5,28,1025
0.0,6.6,3.749999999999999,360,0.89,5.0,6,28,1026
0.0,6.0,3.9670628594077306,360,0.91,4.0,7,28,1027
11.222222222222221,5.9,4.199999999999999,360,0.93,4.0,8,28,1028
112.22222222222223,5.9,4.4329371405922675,360,0.93,4.0,9,28,1029
202.0,6.4,4.6499999999999995,360,0.93,4.0,10,28,1030
291.77777777777777,7.5,4.836396103067892,360,0.9,4.0,11,28,1031
448.8888888888889,8.9,4.979422863405994,360,0.83,4.0,12,28,1032
673.3333333333333,10.0,5.069333243660161,360,0.77,6.0,13,28,1033
774.3333333333333,11.0,5.1,360,0.75,6.0,14,28,1034
347.8888888888889,10.0,5.069333243660161,360,0.74,5.0,15,28,1035
134.66666666666669,9.6,4.979422863405994,360,0.76,4.0,16,28,1036
44.888888888888886,7.2,4.836396103067892,360,0.81,2.0,17,28,1037
0.0,7.0,4.6499999999999995,360,0.86,8.0,18,28,1038
0.0,6.0,4.4329371405922675,360,0.89,4.0,19,28,1039
0.0,5.4,4.199999999999999,360,0.87,4.0,20,28,1040
0.0,4.8,3.9670628594077306,360,0.9,4.0,21,28,1041
0.0,4.6,3.7499999999999996,360,0.91,4.0,22,28,1042
0.0,4.1,3.563603896932107,360,0.92,4.0,23,28,1043
0.0,5.1,3.4205771365940043,360,0.93,4.0,24,28,1044
0.0,4.4,4.422148212912107,360,0.94,4.0,1,29,1045
0.0,3.4,4.4,360,0.94,4.0,2,29,1046
0.0,3.4,4.422148212912107,360,0.94,4.0,3,29,1047
0.0,3.6,4.487083487540115,360,0.94,4.0,4,29,1048
0.0,3.4,4.590380592228745,360,0.95,4.0,5,29,1049
0.0,3.6,4.7250000000000005,360,0.95,4.0,6,29,1050
0.0,3.5,4.8817676206833625,360,0.95,5.0,7,29,1051
11.222222222222221,3.9,5.050000000000001,360,0.95,4.0,8,29,1052
101.0,4.5,5.218232379316639,360,0.95,5.0,9,29,1053
381.55555555555554,6.2,5.375000000000001,360,0.94,6.0,10,29,1054
740.6666666666667,8.1,5.509619407771257,360,0.88,6.0,11,29,1055
549.8888888888889,8.5,5.612916512459885,360,0.88,6.0,12,29,1056
841.6666666666666,10.9,5.677851787087895,360,0.8,8.0,13,29,1057
718.2222222222222,11.6,5.700000000000001,360,0.73,8.0,14,29,1058
314.2222222222222,10.8,5.677851787087895,360,0.72,7.0,15,29,1059
89.77777777777777,10.3,5.612916512459885,360,0.76,7.0,16,29,1060
22.444444444444443,9.8,5.509619407771257,360,0.76,6.0,17,29,1061
0.0,9.2,5.375000000000001,360,0.78,7.0,18,29,1062
0.0,8.9,5.218232379316639,360,0.79,6.0,19,29,1063
0.0,8.4,5.050000000000001,360,0.8,7.0,20,29,1064
0.0,8.5,4.8817676206833625,360,0.8,7.0,21,29,1065
0.0,8.8,4.7250000000000005,360,0.78,10.0,22,29,1066
0.0,9.1,4.590380592228745,360,0.76,10.0,23,29,1067
0.0,8.7,4.487083487540116,360,0.79,8.0,24,29,1068
0.0,8.2,5.528963047654291,360,0.84,9.0,1,30,1069
0.0,7.9,5.5,360,0.89,9.0,2,30,1070
0.0,7.6,5.528963047654291,360,0.93,8.0,3,30,1071
0.0,8.0,5.613878406783226,360,0.93,7.0,4,30,1072
0.0,8.5,5.748959235991434,360,0.94,7.0,5,30,1073
0.0,8.9,5.924999999999999,360,0.94,6.0,6,30,1074
0.0,9.1,6.130003811662857,360,0.94,5.0,7,30,1075
11.222222222222221,9.3,6.35,360,0.94,6.0,8,30,1076
67.33333333333334,9.8,6.569996188337142,360,0.95,6.0,9,30,1077
78.55555555555554,10.1,6.7749999999999995,360,0.95,6.0,10,30,1078
179.55555555555554,11.1,6.951040764008566,360,0.95,6.0,11,30,1079
303.0,11.6,7.086121593216773,360,0.94,8.0,12,30,1080
134.66666666666669,11.5,7.171036952345708,360,0.94,6.0,13,30,1081
123.44444444444446,11.6,7.199999999999999,360,0.94,7.0,14,30,1082
78.55555555555554,11.9,7.171036952345708,360,0.93,5.0,15,30,1083
33.66666666666667,11.5,7.086121593216773,360,0.94,4.0,16,30,1084
11.222222222222221,11.4,6.951040764008566,360,0.94,4.0,17,30,1085
0.0,11.3,6.7749999999999995,360,0.95,5.0,18,30,1086
0.0,11.2,6.569996188337142,360,0.94,5.0,19,30,1087
0.0,10.8,6.35,360,0.94,6.0,20,30,1088
0.0,10.3,6.130003811662857,360,0.95,6.0,21,30,1089
0.0,9.7,5.925,360,0.94,7.0,22,30,1090
0.0,9.5,5.7489592359914345,360,0.94,6.0,23,30,1091
0.0,9.3,5.613878406783226,360,0.94,6.0,24,30,1092
0.0,9.1,7.020444504226559,360,0.94,5.0,1,31,1093
0.0,9.1,7.0,360,0.95,4.0,2,31,1094
0.0,8.8,7.020444504226559,360,0.95,4.0,3,31,1095
0.0,8.8,7.080384757729337,360,0.95,4.0,4,31,1096
0.0,8.7,7.175735931288071,360,0.94,4.0,5,31,1097
0.0,8.9,7.3,360,0.92,3.0,6,31,1098
0.0,8.6,7.444708572938487,360,0.93,3.0,7,31,1099
11.222222222222221,9.0,7.6,360,0.92,3.0,8,31,1100
78.55555555555554,9.3,7.755291427061512,360,0.91,3.0,9,31,1101
224.44444444444446,10.4,7.8999999999999995,360,0.88,4.0,10,31,1102
392.7777777777778,11.8,8.024264068711927,360,0.82,6.0,11,31,1103
684.5555555555557,13.0,8.119615242270662,360,0.79,6.0,12,31,1104
875.3333333333334,14.1,8.17955549577344,360,0.78,6.0,13,31,1105
819.2222222222222,14.8,8.2,360,0.77,5.0,14,31,1106
583.5555555555555,14.7,8.17955549577344,360,0.77,4.0,15,31,1107
202.0,12.9,8.119615242270662,360,0.82,3.0,16,31,1108
78.55555555555554,11.6,8.024264068711927,360,0.84,2.0,17,31,1109
0.0,10.3,7.8999999999999995,360,0.87,2.0,18,31,1110
0.0,10.5,7.755291427061512,360,0.86,4.0,19,31,1111
0.0,10.5,7.6,360,0.85,4.0,20,31,1112
0.0,10.4,7.444708572938487,360,0.86,4.0,21,31,1113
0.0,10.5,7.3,360,0.85,5.0,22,31,1114
0.0,9.8,7.175735931288071,360,0.86,5.0,23,31,1115
0.0,9.8,7.080384757729337,360,0.86,6.0,24,31,1116
0.0,9.7,7.017037086855466,360,0.87,6.0,1,32,1117
0.0,9.1,7.0,360,0.87,6.0,2,32,1118
0.0,8.7,7.017037086855466,360,0.88,6.0,3,32,1119
0.0,8.3,7.06698729810778,360,0.89,6.0,4,32,1120
0.0,7.6,7.146446609406726,360,0.91,4.0,5,32,1121
0.0,8.0,7.25,360,0.91,4.0,6,32,1122
0.0,7.9,7.37059047744874,360,0.91,5.0,7,32,1123
11.222222222222221,8.1,7.5,360,0.91,6.0,8,32,1124
157.1111111111111,8.6,7.62940952255126,360,0.89,6.0,9,32,1125
347.8888888888889,10.2,7.75,360,0.87,7.0,10,32,1126
269.33333333333337,10.3,7.853553390593274,360,0.86,8.0,11,32,1127
258.11111111111114,10.5,7.93301270189222,360,0.87,9.0,12,32,1128
392.7777777777778,12.1,7.982962913144534,360,0.84,6.0,13,32,1129
527.4444444444445,12.9,8.0,360,0.82,6.0,14,32,1130
269.33333333333337,12.6,7.982962913144534,360,0.83,6.0,15,32,1131
381.55555555555554,13.1,7.93301270189222,360,0.81,6.0,16,32,1132
56.111111111111114,11.3,7.853553390593274,360,0.86,4.0,17,32,1133
0.0,10.9,7.75,360,0.86,5.0,18,32,1134
0.0,10.3,7.62940952255126,360,0.86,6.0,19,32,1135
0.0,9.8,7.5,360,0.88,5.0,20,32,1136
0.0,9.5,7.37059047744874,360,0.88,6.0,21,32,1137
0.0,9.6,7.25,360,0.88,4.0,22,32,1138
0.0,9.7,7.146446609406726,360,0.88,5.0,23,32,1139
0.0,9.9,7.06698729810778,360,0.87,8.0,24,32,1140
0.0,9.8,7.308518543427732,360,0.87,9.0,1,33,1141
0.0,9.8,7.3,360,0.86,10.0,2,33,1142
0.0,9.9,7.308518543427732,360,0.85,10.0,3,33,1143
0.0,9.9,7.3334936490538905,360,0.84,11.0,4,33,1144
0.0,9.9,7.373223304703362,360,0.84,11.0,5,33,1145
0.0,9.5,7.425,360,0.85,11.0,6,33,1146
0.0,9.7,7.48529523872437,360,0.84,12.0,7,33,1147
11.222222222222221,10.4,7.55,360,0.83,12.0,8,33,1148
44.888888888888886,10.2,7.61470476127563,360,0.86,14.0,9,33,1149
168.33333333333331,10.6,7.675,360,0.86,12.0,10,33,1150
190.77777777777777,11.3,7.726776695296636,360,0.83,11.0,11,33,1151
134.66666666666669,11.4,7.766506350946109,360,0.84,10.0,12,33,1152
112.22222222222223,11.4,7.791481456572267,360,0.84,9.0,13,33,1153
56.111111111111114,11.8,7.8,360,0.81,7.0,14,33,1154
67.33333333333334,10.6,7.791481456572267,360,0.88,10.0,15,33,1155
33.66666666666667,9.6,7.766506350946109,360,0.91,10.0,16,33,1156
67.33333333333334,9.1,7.726776695296636,360,0.89,8.0,17,33,1157
0.0,8.5,7.675,360,0.91,8.0,18,33,1158
0.0,8.2,7.61470476127563,360,0.91,6.0,19,33,1159
0.0,8.3,7.55,360,0.91,8.0,20,33,1160
0.0,8.4,7.48529523872437,360,0.92,8.0,21,33,1161
0.0,8.3,7.425,360,0.92,8.0,22,33,1162
0.0,8.3,7.373223304703363,360,0.9,8.0,23,33,1163
0.0,8.0,7.3334936490538905,360,0.9,8.0,24,33,1164
0.0,6.7,6.806814834742186,360,0.9,11.0,1,34,1165
0.0,6.5,6.8,360,0.91,6.0,2,34,1166
0.0,6.2,6.806814834742186,360,0.91,7.0,3,34,1167
0.0,5.9,6.826794919243112,360,0.91,6.0,4,34,1168
0.0,5.6,6.85857864376269,360,0.91,7.0,5,34,1169
0.0,5.7,6.8999999999999995,360,0.91,8.0,6,34,1170
0.0,5.6,6.948236190979496,360,0.89,8.0,7,34,1171
11.222222222222221,6.1,7.0,360,0.87,8.0,8,34,1172
67.33333333333334,7.4,7.051763809020504,360,0.82,13.0,9,34,1173
44.888888888888886,6.2,7.1000000000000005,360,0.9,13.0,10,34,1174
145.88888888888889,7.0,7.141421356237309,360,0.89,14.0,11,34,1175
224.44444444444446,7.1,7.173205080756888,360,0.89,15.0,12,34,1176
179.55555555555554,9.5,7.193185165257814,360,0.83,18.0,13,34,1177
426.44444444444446,9.9,7.2,360,0.81,20.0,14,34,1178
258.11111111111114,9.6,7.193185165257814,360,0.82,21.0,15,34,1179
291.77777777777777,9.5,7.173205080756888,360,0.77,16.0,16,34,1180
67.33333333333334,8.7,7.141421356237309,360,0.81,14.0,17,34,1181
0.0,7.3,7.1000000000000005,360,0.88,12.0,18,34,1182
0.0,7.0,7.051763809020504,360,0.88,7.0,19,34,1183
0.0,6.2,7.0,360,0.9,7.0,20,34,1184
0.0,6.3,6.948236190979496,360,0.89,7.0,21,34,1185
0.0,6.5,6.9,360,0.89,8.0,22,34,1186
0.0,7.0,6.858578643762691,360,0.87,8.0,23,34,1187
0.0,7.3,6.826794919243112,360,0.86,10.0,24,34,1188
0.0,7.3,6.8136296694843725,360,0.87,12.0,1,35,1189
0.0,7.1,6.799999999999999,360,0.9,14.0,2,35,1190
0.0,7.9,6.813629669484372,360,0.9,16.0,3,35,1191
0.0,7.8,6.853589838486224,360,0.9,17.0,4,35,1192
0.0,7.9,6.91715728752538,360,0.9,16.0,5,35,1193
0.0,8.4,6.999999999999999,360,0.92,18.0,6,35,1194
0.0,8.3,7.096472381958991,360,0.88,19.0,7,35,1195
11.222222222222221,7.4,7.199999999999999,360,0.93,12.0,8,35,1196
101.0,6.6,7.303527618041008,360,0.86,16.0,9,35,1197
224.44444444444446,7.0,7.3999999999999995,360,0.85,12.0,10,35,1198
516.2222222222223,8.0,7.482842712474619,360,0.83,12.0,11,35,1199
583.5555555555555,9.1,7.546410161513775,360,0.79,9.0,12,35,1200
852.8888888888889,10.7,7.586370330515627,360,0.68,12.0,13,35,1201
740.6666666666667,10.7,7.6,360,0.7,11.0,14,35,1202
437.6666666666667,10.4,7.586370330515627,360,0.75,8.0,15,35,1203
314.2222222222222,10.2,7.546410161513775,360,0.75,7.0,16,35,1204
56.111111111111114,9.4,7.482842712474619,360,0.8,8.0,17,35,1205
0.0,8.7,7.3999999999999995,360,0.86,7.0,18,35,1206
0.0,8.6,7.303527618041008,360,0.88,8.0,19,35,1207
0.0,8.7,7.199999999999999,360,0.89,9.0,20,35,1208
0.0,8.2,7.096472381958991,360,0.9,7.0,21,35,1209
0.0,8.2,6.999999999999999,360,0.92,6.0,22,35,1210
0.0,8.2,6.917157287525381,360,0.92,6.0,23,35,1211
0.0,8.2,6.853589838486224,360,0.93,5.0,24,35,1212
0.0,7.9,7.3136296694843725,360,0.93,6.0,1,36,1213
0.0,8.4,7.299999999999999,360,0.93,8.0,2,36,1214
0.0,9.9,7.313629669484372,360,0.91,11.0,3,36,1215
0.0,9.5,7.353589838486224,360,0.9,12.0,4,36,1216
0.0,9.1,7.41715728752538,360,0.89,10.0,5,36,1217
0.0,8.1,7.499999999999999,360,0.87,12.0,6,36,1218
0.0,7.3,7.596472381958991,360,0.86,13.0,7,36,1219
22.444444444444443,7.8,7.699999999999999,360,0.88,8.0,8,36,1220
123.44444444444446,8.0,7.803527618041008,360,0.85,9.0,9,36,1221
448.8888888888889,8.9,7.8999999999999995,360,0.83,11.0,10,36,1222
583.5555555555555,9.6,7.982842712474619,360,0.81,10.0,11,36,1223
662.1111111111112,9.4,8.046410161513775,360,0.8,10.0,12,36,1224
583.5555555555555,9.5,8.086370330515626,360,0.81,9.0,13,36,1225
448.8888888888889,8.7,8.1,360,0.84,9.0,14,36,1226
572.3333333333333,8.7,8.086370330515626,360,0.84,8.0,15,36,1227
145.88888888888889,6.1,8.046410161513775,360,0.87,14.0,16,36,1228
22.444444444444443,5.8,7.982842712474619,360,0.88,10.0,17,36,1229
0.0,5.5,7.8999999999999995,360,0.91,8.0,18,36,1230
0.0,6.0,7.803527618041008,360,0.88,14.0,19,36,1231
0.0,6.4,7.699999999999999,360,0.86,12.0,20,36,1232
0.0,6.6,7.596472381958991,360,0.85,11.0,21,36,1233
0.0,6.5,7.499999999999999,360,0.83,10.0,22,36,1234
0.0,5.5,7.417157287525381,360,0.83,9.0,23,36,1235
0.0,5.1,7.353589838486224,360,0.84,8.0,24,36,1236
0.0,4.7,6.2221482129121055,360,0.85,6.0,1,37,1237
0.0,4.3,6.199999999999999,360,0.86,4.0,2,37,1238
0.0,3.3,6.2221482129121055,360,0.89,4.0,3,37,1239
0.0,3.0,6.287083487540114,360,0.9,6.0,4,37,1240
0.0,2.9,6.390380592228744,360,0.9,4.0,5,37,1241
0.0,3.0,6.5249999999999995,360,0.9,4.0,6,37,1242
0.0,2.1,6.681767620683361,360,0.9,2.0,7,37,1243
44.888888888888886,0.5,6.85,360,0.91,1.0,8,37,1244
325.44444444444446,4.0,7.018232379316638,360,0.9,4.0,9,37,1245
594.7777777777778,6.0,7.175,360,0.88,4.0,10,37,1246
841.6666666666666,8.3,7.3096194077712555,360,0.8,4.0,11,37,1247
684.5555555555557,8.7,7.412916512459884,360,0.74,3.0,12,37,1248
493.7777777777778,8.3,7.477851787087894,360,0.74,4.0,13,37,1249
415.2222222222223,8.4,7.5,360,0.75,4.0,14,37,1250
280.55555555555554,8.3,7.477851787087894,360,0.76,6.0,15,37,1251
157.1111111111111,7.4,7.412916512459884,360,0.82,6.0,16,37,1252
33.66666666666667,6.9,7.3096194077712555,360,0.86,5.0,17,37,1253
0.0,6.3,7.175,360,0.9,4.0,18,37,1254
0.0,6.2,7.018232379316638,360,0.91,4.0,19,37,1255
0.0,5.5,6.85,360,0.91,6.0,20,37,1256
0.0,5.4,6.681767620683361,360,0.92,6.0,21,37,1257
0.0,5.6,6.5249999999999995,360,0.93,7.0,22,37,1258
0.0,5.8,6.390380592228744,360,0.93,8.0,23,37,1259
0.0,6.1,6.287083487540115,360,0.93,8.0,24,37,1260
0.0,6.3,7.1187407955410125,360,0.94,8.0,1,38,1261
0.0,6.9,7.1,360,0.94,8.0,2,38,1262
0.0,7.5,7.118740795541012,360,0.94,6.0,3,38,1263
0.0,8.0,7.173686027918558,360,0.94,5.0,4,38,1264
0.0,8.7,7.261091270347398,360,0.95,4.0,5,38,1265
0.0,9.2,7.374999999999999,360,0.95,5.0,6,38,1266
0.0,8.6,7.507649525193613,360,0.92,6.0,7,38,1267
33.66666666666667,8.2,7.6499999999999995,360,0.92,3.0,8,38,1268
325.44444444444446,9.3,7.792350474806386,360,0.9,5.0,9,38,1269
482.5555555555556,10.1,7.925,360,0.84,6.0,10,38,1270
819.2222222222222,10.8,8.0389087296526,360,0.8,6.0,11,38,1271
920.2222222222223,11.2,8.12631397208144,360,0.7,6.0,12,38,1272
684.5555555555557,11.3,8.181259204458987,360,0.69,6.0,13,38,1273
606.0,11.4,8.2,360,0.68,6.0,14,38,1274
381.55555555555554,10.6,8.181259204458987,360,0.63,6.0,15,38,1275
381.55555555555554,11.0,8.12631397208144,360,0.62,5.0,16,38,1276
112.22222222222223,7.8,8.0389087296526,360,0.78,4.0,17,38,1277
0.0,6.4,7.925,360,0.85,2.0,18,38,1278
0.0,6.8,7.792350474806386,360,0.83,3.0,19,38,1279
0.0,6.2,7.6499999999999995,360,0.83,3.0,20,38,1280
0.0,6.3,7.507649525193613,360,0.84,4.0,21,38,1281
0.0,5.7,7.375,360,0.87,3.0,22,38,1282
0.0,6.0,7.261091270347398,360,0.87,5.0,23,38,1283
0.0,5.9,7.173686027918558,360,0.88,6.0,24,38,1284
0.0,5.8,6.811925960798827,360,0.89,6.0,1,39,1285
0.0,5.7,6.800000000000001,360,0.89,6.0,2,39,1286
0.0,5.5,6.811925960798827,360,0.91,4.0,3,39,1287
0.0,5.5,6.846891108675447,360,0.91,4.0,4,39,1288
0.0,5.3,6.902512626584708,360,0.9,6.0,5,39,1289
0.0,4.9,6.9750000000000005,360,0.9,5.0,6,39,1290
0.0,3.7,7.059413334214118,360,0.91,5.0,7,39,1291
33.66666666666667,3.8,7.15,360,0.91,5.0,8,39,1292
112.22222222222223,3.7,7.240586665785883,360,0.9,6.0,9,39,1293
583.5555555555555,5.7,7.325,360,0.87,7.0,10,39,1294
729.4444444444443,7.1,7.397487373415292,360,0.86,6.0,11,39,1295
729.4444444444443,8.0,7.453108891324554,360,0.83,7.0,12,39,1296
606.0,8.3,7.488074039201174,360,0.78,6.0,13,39,1297
650.8888888888889,8.8,7.5,360,0.78,6.0,14,39,1298
347.8888888888889,8.7,7.488074039201174,360,0.74,6.0,15,39,1299
258.11111111111114,7.6,7.453108891324554,360,0.79,5.0,16,39,1300
78.55555555555554,7.2,7.397487373415292,360,0.81,4.0,17,39,1301
11.222222222222221,5.6,7.325,360,0.86,6.0,18,39,1302
0.0,4.5,7.240586665785883,360,0.9,2.0,19,39,1303
0.0,5.5,7.15,360,0.84,3.0,20,39,1304
0.0,5.0,7.059413334214118,360,0.85,4.0,21,39,1305
0.0,3.5,6.9750000000000005,360,0.88,3.0,22,39,1306
0.0,3.8,6.902512626584708,360,0.87,4.0,23,39,1307
0.0,2.2,6.846891108675447,360,0.9,4.0,24,39,1308
0.0,2.0,5.617037086855466,360,0.91,2.0,1,40,1309
0.0,1.9,5.6,360,0.92,1.0,2,40,1310
0.0,2.1,5.617037086855466,360,0.92,2.0,3,40,1311
0.0,1.5,5.66698729810778,360,0.92,2.0,4,40,1312
0.0,1.3,5.746446609406726,360,0.93,1.0,5,40,1313
0.0,0.5,5.85,360,0.93,1.0,6,40,1314
0.0,0.3,5.97059047744874,360,0.93,0.0,7,40,1315
33.66666666666667,0.9,6.1,360,0.93,2.0,8,40,1316
190.77777777777777,1.7,6.22940952255126,360,0.93,2.0,9,40,1317
246.8888888888889,2.5,6.35,360,0.93,2.0,10,40,1318
482.5555555555556,3.5,6.453553390593274,360,0.9,3.0,11,40,1319
875.3333333333334,4.4,6.533012701892219,360,0.86,4.0,12,40,1320
448.8888888888889,4.4,6.5829629131445335,360,0.83,5.0,13,40,1321
280.55555555555554,4.3,6.6,360,0.81,6.0,14,40,1322
179.55555555555554,4.1,6.5829629131445335,360,0.81,5.0,15,40,1323
112.22222222222223,4.0,6.533012701892219,360,0.82,5.0,16,40,1324
44.888888888888886,3.9,6.453553390593274,360,0.83,6.0,17,40,1325
0.0,3.9,6.35,360,0.86,4.0,18,40,1326
0.0,3.8,6.22940952255126,360,0.85,6.0,19,40,1327
0.0,3.6,6.1,360,0.86,6.0,20,40,1328
0.0,3.7,5.97059047744874,360,0.86,6.0,21,40,1329
0.0,3.1,5.85,360,0.87,6.0,22,40,1330
0.0,1.9,5.746446609406726,360,0.89,5.0,23,40,1331
0.0,0.9,5.66698729810778,360,0.9,5.0,24,40,1332
0.0,0.3,4.915333378169919,360,0.9,4.0,1,41,1333
0.0,-0.1,4.9,360,0.91,4.0,2,41,1334
0.0,-0.7,4.915333378169919,360,0.91,2.0,3,41,1335
0.0,-1.0,4.960288568297003,360,0.92,2.0,4,41,1336
0.0,-1.1,5.031801948466053,360,0.92,4.0,5,41,1337
0.0,-1.3,5.125,360,0.92,5.0,6,41,1338
0.0,-1.5,5.2335314297038655,360,0.92,5.0,7,41,1339
44.888888888888886,-1.2,5.35,360,0.92,4.0,8,41,1340
168.33333333333331,-0.9,5.466468570296134,360,0.92,6.0,9,41,1341
280.55555555555554,0.1,5.574999999999999,360,0.91,6.0,10,41,1342
538.6666666666667,1.6,5.668198051533945,360,0.89,6.0,11,41,1343
953.8888888888889,4.2,5.739711431702997,360,0.82,8.0,12,41,1344
1021.2222222222222,5.0,5.78466662183008,360,0.8,8.0,13,41,1345
942.6666666666667,5.5,5.799999999999999,360,0.77,8.0,14,41,1346
740.6666666666667,5.2,5.78466662183008,360,0.77,7.0,15,41,1347
460.11111111111114,4.2,5.739711431702997,360,0.76,7.0,16,41,1348
101.0,2.8,5.668198051533945,360,0.79,7.0,17,41,1349
0.0,1.0,5.574999999999999,360,0.82,6.0,18,41,1350
0.0,0.0,5.466468570296134,360,0.83,7.0,19,41,1351
0.0,-1.0,5.35,360,0.86,5.0,20,41,1352
0.0,-0.8,5.2335314297038655,360,0.87,6.0,21,41,1353
0.0,-1.2,5.125,360,0.89,4.0,22,41,1354
0.0,-1.2,5.031801948466054,360,0.9,5.0,23,41,1355
0.0,-1.5,4.960288568297003,360,0.9,4.0,24,41,1356
0.0,-1.3,4.018740795541013,360,0.9,5.0,1,42,1357
0.0,-1.7,4.0,360,0.91,5.0,2,42,1358
0.0,-1.8,4.018740795541012,360,0.9,4.0,3,42,1359
0.0,-2.1,4.0736860279185585,360,0.91,4.0,4,42,1360
0.0,-2.3,4.161091270347399,360,0.91,5.0,5,42,1361
0.0,-2.7,4.2749999999999995,360,0.92,6.0,6,42,1362
0.0,-2.4,4.407649525193613,360,0.92,6.0,7,42,1363
44.888888888888886,-2.3,4.55,360,0.92,7.0,8,42,1364
303.0,-1.3,4.6923504748063865,360,0.91,6.0,9,42,1365
695.7777777777778,0.4,4.825,360,0.88,5.0,10,42,1366
953.8888888888889,2.2,4.938908729652601,360,0.82,4.0,11,42,1367
998.7777777777778,2.9,5.026313972081441,360,0.81,6.0,12,42,1368
987.5555555555557,3.8,5.081259204458988,360,0.77,6.0,13,42,1369
852.8888888888889,3.8,5.1,360,0.75,6.0,14,42,1370
628.4444444444443,4.0,5.081259204458988,360,0.72,7.0,15,42,1371
437.6666666666667,3.4,5.026313972081441,360,0.71,7.0,16,42,1372
190.77777777777777,1.8,4.938908729652601,360,0.77,5.0,17,42,1373
11.222222222222221,0.2,4.825,360,0.8,3.0,18,42,1374
0.0,-0.9,4.6923504748063865,360,0.83,2.0,19,42,1375
0.0,-1.0,4.55,360,0.84,3.0,20,42,1376
0.0,-1.0,4.407649525193613,360,0.85,3.0,21,42,1377
0.0,-0.8,4.275,360,0.86,4.0,22,42,1378
0.0,0.0,4.161091270347399,360,0.85,6.0,23,42,1379
0.0,-0.1,4.0736860279185585,360,0.85,6.0,24,42,1380
0.0,0.2,4.127259338968745,360,0.85,6.0,1,43,1381
0.0,0.6,4.1,360,0.84,8.0,2,43,1382
0.0,0.5,4.127259338968745,360,0.87,8.0,3,43,1383
0.0,0.5,4.207179676972449,360,0.88,8.0,4,43,1384
0.0,0.6,4.334314575050762,360,0.88,8.0,5,43,1385
0.0,0.6,4.5,360,0.89,8.0,6,43,1386
0.0,0.3,4.692944763917984,360,0.91,6.0,7,43,1387
22.444444444444443,0.4,4.9,360,0.92,7.0,8,43,1388
78.55555555555554,0.9,5.107055236082017,360,0.92,8.0,9,43,1389
280.55555555555554,2.3,5.300000000000001,360,0.92,7.0,10,43,1390
437.6666666666667,3.4,5.465685424949239,360,0.91,6.0,11,43,1391
594.7777777777778,6.0,5.592820323027551,360,0.88,6.0,12,43,1392
796.7777777777777,7.7,5.672740661031256,360,0.85,6.0,13,43,1393
471.33333333333337,8.4,5.700000000000001,360,0.85,6.0,14,43,1394
224.44444444444446,8.8,5.672740661031256,360,0.85,6.0,15,43,1395
134.66666666666669,9.3,5.592820323027551,360,0.85,5.0,16,43,1396
101.0,8.9,5.465685424949239,360,0.86,6.0,17,43,1397
0.0,9.0,5.300000000000001,360,0.84,5.0,18,43,1398
0.0,9.1,5.107055236082017,360,0.83,4.0,19,43,1399
0.0,11.0,4.9,360,0.74,6.0,20,43,1400
0.0,10.8,4.692944763917984,360,0.74,6.0,21,43,1401
0.0,10.7,4.5,360,0.74,5.0,22,43,1402
0.0,10.4,4.334314575050763,360,0.74,6.0,23,43,1403
0.0,10.5,4.20717967697245,360,0.73,7.0,24,43,1404
0.0,9.9,5.5323704650253855,360,0.75,6.0,1,44,1405
0.0,7.7,5.5,360,0.8,4.0,2,44,1406
0.0,7.6,5.5323704650253855,360,0.8,4.0,3,44,1407
0.0,7.8,5.6272758664047835,360,0.8,5.0,4,44,1408
0.0,7.0,5.77824855787278,360,0.82,6.0,5,44,1409
0.0,7.0,5.975,360,0.82,5.0,6,44,1410
0.0,7.2,6.204121907152605,360,0.82,5.0,7,44,1411
56.111111111111114,8.2,6.45,360,0.8,6.0,8,44,1412
179.55555555555554,8.5,6.695878092847395,360,0.8,6.0,9,44,1413
549.8888888888889,11.6,6.925000000000001,360,0.74,6.0,10,44,1414
751.8888888888888,13.2,7.121751442127221,360,0.72,8.0,11,44,1415
796.7777777777777,13.9,7.272724133595217,360,0.68,9.0,12,44,1416
662.1111111111112,14.2,7.367629534974615,360,0.68,8.0,13,44,1417
493.7777777777778,15.7,7.4,360,0.61,8.0,14,44,1418
426.44444444444446,15.5,7.367629534974615,360,0.6,8.0,15,44,1419
235.66666666666669,14.8,7.272724133595217,360,0.65,8.0,16,44,1420
78.55555555555554,13.8,7.121751442127221,360,0.68,6.0,17,44,1421
11.222222222222221,12.9,6.925000000000001,360,0.7,5.0,18,44,1422
0.0,13.0,6.695878092847395,360,0.7,4.0,19,44,1423
0.0,11.8,6.45,360,0.77,5.0,20,44,1424
0.0,10.5,6.204121907152605,360,0.84,4.0,21,44,1425
0.0,9.7,5.9750000000000005,360,0.89,3.0,22,44,1426
0.0,9.8,5.77824855787278,360,0.89,6.0,23,44,1427
0.0,9.5,5.6272758664047835,360,0.9,5.0,24,44,1428
0.0,9.3,7.3255556302831994,360,0.91,5.0,1,45,1429
0.0,9.3,7.300000000000001,360,0.91,5.0,2,45,1430
0.0,9.3,7.3255556302831994,360,0.9,6.0,3,45,1431
0.0,9.2,7.400480947161672,360,0.91,4.0,4,45,1432
0.0,9.2,7.519669914110089,360,0.91,4.0,5,45,1433
0.0,9.8,7.675,360,0.91,6.0,6,45,1434
0.0,9.8,7.85588571617311,360,0.91,5.0,7,45,1435
11.222222222222221,9.9,8.05,360,0.92,6.0,8,45,1436
56.111111111111114,10.0,8.24411428382689,360,0.93,6.0,9,45,1437
258.11111111111114,11.0,8.425,360,0.93,5.0,10,45,1438
538.6666666666667,11.4,8.580330085889912,360,0.88,5.0,11,45,1439
426.44444444444446,11.9,8.69951905283833,360,0.87,6.0,12,45,1440
505.0,12.9,8.774444369716802,360,0.83,6.0,13,45,1441
527.4444444444445,13.3,8.8,360,0.8,5.0,14,45,1442
505.0,13.4,8.774444369716802,360,0.79,4.0,15,45,1443
168.33333333333331,12.9,8.69951905283833,360,0.81,3.0,16,45,1444
101.0,12.4,8.580330085889912,360,0.83,2.0,17,45,1445
11.222222222222221,12.0,8.425,360,0.85,2.0,18,45,1446
0.0,11.0,8.24411428382689,360,0.88,4.0,19,45,1447
0.0,10.1,8.05,360,0.89,5.0,20,45,1448
0.0,10.1,7.85588571617311,360,0.88,4.0,21,45,1449
0.0,8.8,7.675000000000001,360,0.9,4.0,22,45,1450
0.0,8.4,7.519669914110089,360,0.91,4.0,23,45,1451
0.0,8.4,7.400480947161672,360,0.91,4.0,24,45,1452
0.0,9.3,7.530666756339839,360,0.89,6.0,1,46,1453
0.0,9.3,7.5,360,0.88,6.0,2,46,1454
0.0,9.4,7.530666756339839,360,0.88,6.0,3,46,1455
0.0,9.4,7.620577136594005,360,0.88,7.0,4,46,1456
0.0,9.2,7.763603896932107,360,0.88,8.0,5,46,1457
0.0,9.4,7.95,360,0.88,7.0,6,46,1458
0.0,9.6,8.167062859407732,360,0.86,8.0,7,46,1459
89.77777777777777,9.9,8.4,360,0.85,9.0,8,46,1460
370.33333333333337,11.6,8.632937140592269,360,0.82,10.0,9,46,1461
673.3333333333333,12.9,8.850000000000001,360,0.81,9.0,10,46,1462
897.7777777777778,14.0,9.036396103067894,360,0.78,10.0,11,46,1463
1021.2222222222222,15.1,9.179422863405996,360,0.75,8.0,12,46,1464
1032.4444444444446,15.7,9.269333243660162,360,0.72,7.0,13,46,1465
931.4444444444445,16.0,9.3,360,0.71,6.0,14,46,1466
774.3333333333333,16.2,9.269333243660162,360,0.67,7.0,15,46,1467
370.33333333333337,15.5,9.179422863405996,360,0.7,6.0,16,46,1468
224.44444444444446,14.3,9.036396103067894,360,0.75,4.0,17,46,1469
11.222222222222221,10.6,8.850000000000001,360,0.82,2.0,18,46,1470
0.0,8.5,8.632937140592269,360,0.87,1.0,19,46,1471
0.0,8.8,8.4,360,0.88,1.0,20,46,1472
0.0,7.4,8.167062859407732,360,0.9,1.0,21,46,1473
0.0,7.6,7.95,360,0.92,2.0,22,46,1474
0.0,7.0,7.763603896932107,360,0.92,2.0,23,46,1475
0.0,6.4,7.620577136594005,360,0.92,1.0,24,46,1476
0.0,8.8,7.627259338968744,360,0.91,2.0,1,47,1477
0.0,9.7,7.599999999999999,360,0.86,4.0,2,47,1478
0.0,9.2,7.627259338968744,360,0.87,5.0,3,47,1479
0.0,9.0,7.707179676972448,360,0.87,5.0,4,47,1480
0.0,9.2,7.83431457505076,360,0.87,5.0,5,47,1481
0.0,8.8,7.999999999999998,360,0.87,5.0,6,47,1482
0.0,8.2,8.192944763917982,360,0.88,4.0,7,47,1483
33.66666666666667,8.1,8.399999999999999,360,0.89,1.0,8,47,1484
213.22222222222223,9.0,8.607055236082015,360,0.88,2.0,9,47,1485
269.33333333333337,9.9,8.799999999999999,360,0.86,2.0,10,47,1486
774.3333333333333,12.1,8.965685424949237,360,0.82,4.0,11,47,1487
561.1111111111111,13.2,9.09282032302755,360,0.81,4.0,12,47,1488
953.8888888888889,14.7,9.172740661031254,360,0.77,4.0,13,47,1489
987.5555555555557,15.6,9.2,360,0.72,4.0,14,47,1490
785.5555555555557,15.9,9.172740661031254,360,0.7,4.0,15,47,1491
505.0,15.6,9.09282032302755,360,0.72,4.0,16,47,1492
202.0,14.6,8.965685424949237,360,0.75,3.0,17,47,1493
11.222222222222221,10.6,8.799999999999999,360,0.86,1.0,18,47,1494
0.0,8.7,8.607055236082015,360,0.91,1.0,19,47,1495
0.0,7.0,8.399999999999999,360,0.91,1.0,20,47,1496
0.0,9.2,8.192944763917982,360,0.92,2.0,21,47,1497
0.0,9.5,7.999999999999999,360,0.9,2.0,22,47,1498
0.0,7.0,7.834314575050761,360,0.92,2.0,23,47,1499
0.0,6.4,7.707179676972448,360,0.93,1.0,24,47,1500
0.0,6.3,7.230666756339838,360,0.93,2.0,1,48,1501
0.0,5.5,7.199999999999999,360,0.94,0.0,2,48,1502
0.0,4.9,7.230666756339838,360,0.94,1.0,3,48,1503
11.222222222222221,6.3,7.320577136594005,360,0.94,0.0,4,48,1504
0.0,5.9,7.463603896932106,360,0.94,4.0,5,48,1505
0.0,4.9,7.6499999999999995,360,0.94,1.0,6,48,1506
0.0,5.0,7.867062859407731,360,0.94,2.0,7,48,1507
44.888888888888886,5.1,8.1,360,0.95,2.0,8,48,1508
168.33333333333331,6.3,8.332937140592268,360,0.95,2.0,9,48,1509
392.7777777777778,7.4,8.549999999999999,360,0.95,3.0,10,48,1510
707.0000000000001,9.0,8.736396103067893,360,0.95,3.0,11,48,1511
1066.1111111111113,11.1,8.879422863405994,360,0.9,4.0,12,48,1512
1099.7777777777778,13.5,8.969333243660161,360,0.74,5.0,13,48,1513
998.7777777777778,13.7,9.0,360,0.66,4.0,14,48,1514
718.2222222222222,14.0,8.969333243660161,360,0.6,4.0,15,48,1515
549.8888888888889,13.5,8.879422863405994,360,0.64,4.0,16,48,1516
258.11111111111114,11.7,8.736396103067893,360,0.71,4.0,17,48,1517
22.444444444444443,9.8,8.549999999999999,360,0.75,4.0,18,48,1518
0.0,8.4,8.332937140592268,360,0.8,3.0,19,48,1519
0.0,7.6,8.1,360,0.82,2.0,20,48,1520
0.0,6.5,7.867062859407731,360,0.84,2.0,21,48,1521
0.0,5.8,7.65,360,0.87,2.0,22,48,1522
0.0,5.1,7.463603896932107,360,0.89,2.0,23,48,1523
0.0,4.2,7.320577136594005,360,0.91,4.0,24,48,1524
0.0,4.1,6.530666756339839,360,0.92,2.0,1,49,1525
0.0,4.2,6.5,360,0.92,3.0,2,49,1526
0.0,3.7,6.530666756339839,360,0.92,2.0,3,49,1527
0.0,2.6,6.620577136594005,360,0.93,1.0,4,49,1528
0.0,1.9,6.763603896932107,360,0.93,1.0,5,49,1529
0.0,2.0,6.95,360,0.94,2.0,6,49,1530
0.0,2.4,7.167062859407732,360,0.94,3.0,7,49,1531
33.66666666666667,2.8,7.4,360,0.94,3.0,8,49,1532
224.44444444444446,3.9,7.6329371405922695,360,0.94,5.0,9,49,1533
718.2222222222222,6.7,7.8500000000000005,360,0.94,4.0,10,49,1534
953.8888888888889,9.0,8.036396103067894,360,0.81,4.0,11,49,1535
1077.3333333333335,10.8,8.179422863405996,360,0.75,4.0,12,49,1536
1111.0,12.3,8.269333243660162,360,0.73,4.0,13,49,1537
1010.0,13.1,8.3,360,0.68,4.0,14,49,1538
830.4444444444446,13.3,8.269333243660162,360,0.64,4.0,15,49,1539
561.1111111111111,13.0,8.179422863405996,360,0.62,5.0,16,49,1540
246.8888888888889,11.4,8.036396103067894,360,0.67,5.0,17,49,1541
22.444444444444443,9.1,7.8500000000000005,360,0.71,4.0,18,49,1542
0.0,7.3,7.6329371405922695,360,0.79,2.0,19,49,1543
0.0,7.7,7.4,360,0.76,1.0,20,49,1544
0.0,6.3,7.167062859407732,360,0.79,2.0,21,49,1545
0.0,6.3,6.95,360,0.78,2.0,22,49,1546
0.0,5.0,6.763603896932107,360,0.81,2.0,23,49,1547
0.0,4.4,6.620577136594005,360,0.82,2.0,24,49,1548
0.0,4.0,5.735777882396478,360,0.82,3.0,1,50,1549
0.0,3.4,5.7,360,0.84,2.0,2,50,1550
0.0,2.9,5.735777882396478,360,0.85,2.0,3,50,1551
0.0,0.9,5.840673326026339,360,0.89,1.0,4,50,1552
0.0,1.0,6.007537879754125,360,0.9,2.0,5,50,1553
0.0,-0.8,6.225,360,0.91,2.0,6,50,1554
0.0,-0.2,6.4782400026423534,360,0.92,2.0,7,50,1555
157.1111111111111,0.9,6.75,360,0.92,2.0,8,50,1556
426.44444444444446,3.8,7.0217599973576466,360,0.87,2.0,9,50,1557
718.2222222222222,7.2,7.275,360,0.81,2.0,10,50,1558
864.1111111111111,10.3,7.492462120245875,360,0.73,2.0,11,50,1559
1054.888888888889,11.9,7.659326673973661,360,0.68,4.0,12,50,1560
1032.4444444444446,12.3,7.764222117603522,360,0.56,4.0,13,50,1561
931.4444444444445,13.2,7.8,360,0.51,4.0,14,50,1562
808.0,12.9,7.764222117603522,360,0.52,3.0,15,50,1563
325.44444444444446,11.9,7.659326673973661,360,0.58,2.0,16,50,1564
123.44444444444446,9.2,7.492462120245875,360,0.77,1.0,17,50,1565
22.444444444444443,4.9,7.275,360,0.85,1.0,18,50,1566
0.0,5.9,7.0217599973576466,360,0.83,2.0,19,50,1567
0.0,7.0,6.75,360,0.82,3.0,20,50,1568
0.0,4.9,6.4782400026423534,360,0.87,2.0,21,50,1569
0.0,4.8,6.2250000000000005,360,0.88,2.0,22,50,1570
0.0,2.8,6.007537879754126,360,0.9,1.0,23,50,1571
0.0,2.4,5.840673326026339,360,0.92,1.0,24,50,1572
0.0,3.5,6.134074173710932,360,0.91,3.0,1,51,1573
0.0,3.4,6.1,360,0.92,3.0,2,51,1574
0.0,3.1,6.134074173710931,360,0.93,3.0,3,51,1575
0.0,3.2,6.23397459621556,360,0.94,2.0,4,51,1576
0.0,4.4,6.392893218813452,360,0.94,2.0,5,51,1577
0.0,4.6,6.6,360,0.94,4.0,6,51,1578
0.0,5.4,6.841180954897479,360,0.93,4.0,7,51,1579
56.111111111111114,5.6,7.1,360,0.92,4.0,8,51,1580
112.22222222222223,6.2,7.35881904510252,360,0.92,4.0,9,51,1581
303.0,8.2,7.6,360,0.92,5.0,10,51,1582
325.44444444444446,9.2,7.8071067811865476,360,0.91,6.0,11,51,1583
415.2222222222223,10.4,7.966025403784438,360,0.87,7.0,12,51,1584
280.55555555555554,10.5,8.065925826289067,360,0.88,8.0,13,51,1585
235.66666666666669,10.3,8.1,360,0.93,7.0,14,51,1586
157.1111111111111,10.5,8.065925826289067,360,0.93,6.0,15,51,1587
89.77777777777777,10.4,7.966025403784438,360,0.93,7.0,16,51,1588
22.444444444444443,10.0,7.8071067811865476,360,0.94,8.0,17,51,1589
11.222222222222221,9.8,7.6,360,0.94,7.0,18,51,1590
0.0,9.5,7.35881904510252,360,0.95,7.0,19,51,1591
0.0,9.5,7.1,360,0.95,6.0,20,51,1592
0.0,9.7,6.841180954897479,360,0.95,6.0,21,51,1593
0.0,9.7,6.6,360,0.95,6.0,22,51,1594
0.0,9.8,6.392893218813452,360,0.96,6.0,23,51,1595
0.0,9.8,6.233974596215561,360,0.96,6.0,24,51,1596
0.0,9.8,7.820444504226559,360,0.96,5.0,1,52,1597
0.0,9.8,7.800000000000001,360,0.96,6.0,2,52,1598
0.0,9.8,7.820444504226559,360,0.96,6.0,3,52,1599
0.0,9.9,7.880384757729337,360,0.96,6.0,4,52,1600
0.0,9.8,7.975735931288072,360,0.95,5.0,5,52,1601
0.0,9.7,8.1,360,0.95,6.0,6,52,1602
0.0,9.5,8.244708572938489,360,0.95,4.0,7,52,1603
44.888888888888886,9.5,8.4,360,0.95,4.0,8,52,1604
134.66666666666669,9.8,8.555291427061514,360,0.95,4.0,9,52,1605
179.55555555555554,10.0,8.700000000000001,360,0.95,4.0,10,52,1606
347.8888888888889,10.5,8.82426406871193,360,0.94,6.0,11,52,1607
370.33333333333337,10.4,8.919615242270664,360,0.9,6.0,12,52,1608
202.0,9.7,8.979555495773441,360,0.92,6.0,13,52,1609
224.44444444444446,9.6,9.0,360,0.91,6.0,14,52,1610
134.66666666666669,9.6,8.979555495773441,360,0.9,4.0,15,52,1611
56.111111111111114,9.4,8.919615242270664,360,0.91,4.0,16,52,1612
33.66666666666667,9.2,8.82426406871193,360,0.92,4.0,17,52,1613
0.0,9.1,8.700000000000001,360,0.92,3.0,18,52,1614
0.0,8.7,8.555291427061514,360,0.93,4.0,19,52,1615
0.0,8.4,8.4,360,0.94,4.0,20,52,1616
0.0,8.2,8.244708572938489,360,0.94,4.0,21,52,1617
0.0,8.2,8.1,360,0.94,4.0,22,52,1618
0.0,8.0,7.975735931288072,360,0.95,3.0,23,52,1619
0.0,8.0,7.880384757729337,360,0.95,3.0,24,52,1620
0.0,8.1,8.411925960798827,360,0.92,4.0,1,53,1621
0.0,8.0,8.4,360,0.92,4.0,2,53,1622
0.0,7.9,8.411925960798827,360,0.91,3.0,3,53,1623
0.0,7.9,8.446891108675446,360,0.91,3.0,4,53,1624
0.0,7.9,8.502512626584709,360,0.91,3.0,5,53,1625
0.0,7.9,8.575,360,0.9,4.0,6,53,1626
0.0,7.8,8.659413334214118,360,0.91,3.0,7,53,1627
44.888888888888886,8.2,8.75,360,0.9,4.0,8,53,1628
112.22222222222223,8.7,8.840586665785882,360,0.88,4.0,9,53,1629
179.55555555555554,9.1,8.925,360,0.85,4.0,10,53,1630
303.0,9.5,8.997487373415291,360,0.83,6.0,11,53,1631
325.44444444444446,9.7,9.053108891324554,360,0.82,7.0,12,53,1632
347.8888888888889,9.8,9.088074039201173,360,0.82,6.0,13,53,1633
314.2222222222222,10.0,9.1,360,0.83,6.0,14,53,1634
190.77777777777777,9.9,9.088074039201173,360,0.84,6.0,15,53,1635
134.66666666666669,9.6,9.053108891324554,360,0.83,6.0,16,53,1636
67.33333333333334,9.3,8.997487373415291,360,0.85,6.0,17,53,1637
11.222222222222221,9.1,8.925,360,0.86,5.0,18,53,1638
0.0,8.8,8.840586665785882,360,0.85,5.0,19,53,1639
0.0,8.5,8.75,360,0.86,6.0,20,53,1640
0.0,8.3,8.659413334214118,360,0.88,6.0,21,53,1641
0.0,8.2,8.575000000000001,360,0.88,6.0,22,53,1642
0.0,8.0,8.502512626584709,360,0.88,5.0,23,53,1643
0.0,8.0,8.446891108675446,360,0.88,6.0,24,53,1644
0.0,7.8,8.313629669484373,360,0.89,5.0,1,54,1645
0.0,7.5,8.3,360,0.89,6.0,2,54,1646
0.0,7.3,8.313629669484373,360,0.89,6.0,3,54,1647
0.0,7.2,8.353589838486224,360,0.9,6.0,4,54,1648
0.0,7.1,8.41715728752538,360,0.89,6.0,5,54,1649
0.0,7.0,8.5,360,0.9,6.0,6,54,1650
0.0,6.9,8.596472381958991,360,0.91,7.0,7,54,1651
44.888888888888886,6.8,8.7,360,0.94,7.0,8,54,1652
134.66666666666669,7.2,8.803527618041008,360,0.95,6.0,9,54,1653
258.11111111111114,8.0,8.899999999999999,360,0.95,9.0,10,54,1654
269.33333333333337,8.4,8.982842712474618,360,0.94,9.0,11,54,1655
325.44444444444446,9.0,9.046410161513775,360,0.94,10.0,12,54,1656
415.2222222222223,10.3,9.086370330515626,360,0.89,10.0,13,54,1657
291.77777777777777,10.3,9.099999999999998,360,0.88,10.0,14,54,1658
314.2222222222222,9.7,9.086370330515626,360,0.93,10.0,15,54,1659
213.22222222222223,9.6,9.046410161513775,360,0.96,9.0,16,54,1660
78.55555555555554,9.4,8.982842712474618,360,0.96,9.0,17,54,1661
11.222222222222221,9.5,8.899999999999999,360,0.97,8.0,18,54,1662
0.0,9.2,8.803527618041008,360,0.93,7.0,19,54,1663
0.0,8.1,8.7,360,0.94,6.0,20,54,1664
0.0,7.1,8.596472381958991,360,0.95,6.0,21,54,1665
0.0,6.6,8.5,360,0.95,5.0,22,54,1666
0.0,6.1,8.41715728752538,360,0.95,4.0,23,54,1667
0.0,5.2,8.353589838486224,360,0.95,3.0,24,54,1668
0.0,5.1,7.320444504226559,360,0.93,2.0,1,55,1669
0.0,3.7,7.300000000000001,360,0.93,2.0,2,55,1670
0.0,4.1,7.320444504226559,360,0.92,1.0,3,55,1671
0.0,4.8,7.380384757729337,360,0.89,3.0,4,55,1672
0.0,3.9,7.475735931288072,360,0.9,3.0,5,55,1673
0.0,4.0,7.6,360,0.89,4.0,6,55,1674
11.222222222222221,3.1,7.744708572938488,360,0.9,4.0,7,55,1675
190.77777777777777,4.3,7.9,360,0.88,4.0,8,55,1676
303.0,5.5,8.055291427061514,360,0.86,4.0,9,55,1677
662.1111111111112,7.3,8.200000000000001,360,0.8,5.0,10,55,1678
909.0,8.1,8.32426406871193,360,0.73,6.0,11,55,1679
841.6666666666666,9.0,8.419615242270664,360,0.66,8.0,12,55,1680
785.5555555555557,9.0,8.479555495773441,360,0.59,6.0,13,55,1681
830.4444444444446,9.0,8.5,360,0.59,7.0,14,55,1682
594.7777777777778,9.0,8.479555495773441,360,0.54,8.0,15,55,1683
415.2222222222223,8.4,8.419615242270664,360,0.58,7.0,16,55,1684
269.33333333333337,8.2,8.32426406871193,360,0.59,6.0,17,55,1685
33.66666666666667,7.1,8.200000000000001,360,0.63,4.0,18,55,1686
0.0,3.3,8.055291427061514,360,0.83,1.0,19,55,1687
0.0,2.8,7.9,360,0.86,1.0,20,55,1688
0.0,1.7,7.744708572938488,360,0.91,1.0,21,55,1689
0.0,1.0,7.6000000000000005,360,0.92,1.0,22,55,1690
0.0,0.1,7.475735931288072,360,0.91,1.0,23,55,1691
0.0,0.1,7.380384757729337,360,0.92,1.0,24,55,1692
0.0,0.0,5.739185299767572,360,0.93,1.0,1,56,1693
0.0,-1.1,5.699999999999999,360,0.95,1.0,2,56,1694
0.0,-0.9,5.739185299767572,360,0.95,0.0,3,56,1695
0.0,-1.6,5.854070785647895,360,0.95,1.0,4,56,1696
0.0,-1.6,6.03682720163547,360,0.95,1.0,5,56,1697
0.0,-1.7,6.2749999999999995,360,0.95,1.0,6,56,1698
11.222222222222221,-1.6,6.552358098132101,360,0.95,0.0,7,56,1699
291.77777777777777,2.1,6.85,360,0.94,0.0,8,56,1700
527.4444444444445,6.0,7.147641901867899,360,0.81,2.0,9,56,1701
785.5555555555557,8.5,7.425,360,0.64,4.0,10,56,1702
998.7777777777778,9.2,7.6631727983645295,360,0.6,5.0,11,56,1703
1144.6666666666665,10.1,7.845929214352104,360,0.53,4.0,12,56,1704
1178.3333333333335,10.8,7.960814700232428,360,0.54,4.0,13,56,1705
1043.6666666666665,11.2,8.0,360,0.52,5.0,14,56,1706
909.0,11.8,7.960814700232428,360,0.52,4.0,15,56,1707
471.33333333333337,11.2,7.845929214352104,360,0.53,4.0,16,56,1708
213.22222222222223,9.6,7.6631727983645295,360,0.64,3.0,17,56,1709
33.66666666666667,7.3,7.425,360,0.72,1.0,18,56,1710
0.0,4.8,7.147641901867899,360,0.83,1.0,19,56,1711
0.0,3.3,6.85,360,0.88,2.0,20,56,1712
0.0,4.1,6.552358098132101,360,0.79,2.0,21,56,1713
0.0,3.9,6.275,360,0.79,3.0,22,56,1714
0.0,5.1,6.03682720163547,360,0.73,3.0,23,56,1715
0.0,4.3,5.854070785647895,360,0.76,3.0,24,56,1716
0.0,5.2,6.530666756339839,360,0.7,4.0,1,57,1717
0.0,4.0,6.5,360,0.75,4.0,2,57,1718
0.0,4.3,6.530666756339839,360,0.75,3.0,3,57,1719
0.0,4.6,6.620577136594005,360,0.76,4.0,4,57,1720
0.0,5.1,6.763603896932107,360,0.8,4.0,5,57,1721
0.0,5.3,6.95,360,0.83,6.0,6,57,1722
0.0,6.0,7.167062859407732,360,0.85,6.0,7,57,1723
67.33333333333334,6.4,7.4,360,0.87,6.0,8,57,1724
145.88888888888889,6.6,7.6329371405922695,360,0.92,5.0,9,57,1725
336.66666666666663,7.7,7.8500000000000005,360,0.95,6.0,10,57,1726
303.0,8.8,8.036396103067894,360,0.96,6.0,11,57,1727
381.55555555555554,9.4,8.179422863405996,360,0.96,7.0,12,57,1728
347.8888888888889,10.1,8.269333243660162,360,0.96,8.0,13,57,1729
224.44444444444446,10.3,8.3,360,0.96,8.0,14,57,1730
303.0,12.1,8.269333243660162,360,0.88,7.0,15,57,1731
179.55555555555554,11.7,8.179422863405996,360,0.89,8.0,16,57,1732
67.33333333333334,11.2,8.036396103067894,360,0.9,8.0,17,57,1733
11.222222222222221,10.9,7.8500000000000005,360,0.91,6.0,18,57,1734
0.0,10.3,7.6329371405922695,360,0.96,6.0,19,57,1735
0.0,9.9,7.4,360,0.95,6.0,20,57,1736
0.0,9.8,7.167062859407732,360,0.96,6.0,21,57,1737
0.0,9.7,6.95,360,0.96,6.0,22,57,1738
0.0,9.7,6.763603896932107,360,0.96,7.0,23,57,1739
0.0,9.9,6.620577136594005,360,0.95,8.0,24,57,1740
0.0,9.8,8.113629669484371,360,0.96,8.0,1,58,1741
0.0,10.0,8.1,360,0.94,9.0,2,58,1742
0.0,9.7,8.113629669484371,360,0.93,8.0,3,58,1743
0.0,9.4,8.153589838486225,360,0.94,7.0,4,58,1744
0.0,9.3,8.21715728752538,360,0.95,6.0,5,58,1745
0.0,9.2,8.299999999999999,360,0.93,7.0,6,58,1746
11.222222222222221,9.3,8.396472381958992,360,0.92,11.0,7,58,1747
56.111111111111114,9.8,8.5,360,0.91,12.0,8,58,1748
303.0,10.2,8.603527618041008,360,0.91,12.0,9,58,1749
381.55555555555554,10.4,8.700000000000001,360,0.9,15.0,10,58,1750
325.44444444444446,10.4,8.782842712474618,360,0.92,14.0,11,58,1751
224.44444444444446,11.6,8.846410161513775,360,0.84,14.0,12,58,1752
179.55555555555554,10.3,8.886370330515629,360,0.9,17.0,13,58,1753
392.7777777777778,10.7,8.9,360,0.86,15.0,14,58,1754
314.2222222222222,9.8,8.886370330515629,360,0.88,16.0,15,58,1755
179.55555555555554,9.1,8.846410161513775,360,0.88,17.0,16,58,1756
56.111111111111114,8.4,8.782842712474618,360,0.92,15.0,17,58,1757
0.0,7.4,8.700000000000001,360,0.93,14.0,18,58,1758
0.0,6.2,8.603527618041008,360,0.92,14.0,19,58,1759
0.0,6.6,8.5,360,0.9,12.0,20,58,1760
0.0,5.5,8.396472381958992,360,0.89,12.0,21,58,1761
0.0,6.0,8.3,360,0.89,10.0,22,58,1762
0.0,6.0,8.217157287525382,360,0.91,9.0,23,58,1763
0.0,5.4,8.153589838486225,360,0.9,9.0,24,58,1764
0.0,4.7,7.411925960798826,360,0.92,9.0,1,59,1765
0.0,5.4,7.4,360,0.94,6.0,2,59,1766
0.0,5.2,7.411925960798826,360,0.93,9.0,3,59,1767
0.0,5.3,7.446891108675446,360,0.91,8.0,4,59,1768
0.0,5.2,7.502512626584709,360,0.93,8.0,5,59,1769
0.0,6.0,7.575,360,0.94,11.0,6,59,1770
0.0,5.8,7.6594133342141175,360,0.93,12.0,7,59,1771
67.33333333333334,6.0,7.75,360,0.9,11.0,8,59,1772
67.33333333333334,6.4,7.8405866657858825,360,0.9,10.0,9,59,1773
347.8888888888889,5.4,7.925,360,0.9,17.0,10,59,1774
729.4444444444443,8.2,7.997487373415291,360,0.79,16.0,11,59,1775
852.8888888888889,8.4,8.053108891324554,360,0.77,16.0,12,59,1776
931.4444444444445,8.3,8.088074039201173,360,0.7,15.0,13,59,1777
527.4444444444445,8.4,8.1,360,0.76,13.0,14,59,1778
606.0,8.7,8.088074039201173,360,0.72,11.0,15,59,1779
538.6666666666667,8.9,8.053108891324554,360,0.69,12.0,16,59,1780
280.55555555555554,8.3,7.997487373415291,360,0.67,8.0,17,59,1781
44.888888888888886,6.8,7.925,360,0.75,9.0,18,59,1782
0.0,6.4,7.8405866657858825,360,0.82,8.0,19,59,1783
0.0,6.0,7.75,360,0.85,8.0,20,59,1784
0.0,6.4,7.6594133342141175,360,0.86,8.0,21,59,1785
0.0,6.2,7.575,360,0.86,8.0,22,59,1786
0.0,6.8,7.502512626584709,360,0.86,8.0,23,59,1787
0.0,6.7,7.446891108675446,360,0.92,10.0,24,59,1788
0.0,6.2,7.323851921597653,360,0.93,8.0,1,61,1789
0.0,6.3,7.300000000000001,360,0.92,6.0,2,61,1790
0.0,6.8,7.323851921597653,360,0.93,7.0,3,61,1791
0.0,7.2,7.393782217350893,360,0.92,8.0,4,61,1792
0.0,6.9,7.505025253169417,360,0.92,7.0,5,61,1793
0.0,6.8,7.6499999999999995,360,0.93,7.0,6,61,1794
11.222222222222221,7.0,7.818826668428236,360,0.94,8.0,7,61,1795
44.888888888888886,6.8,8.0,360,0.96,7.0,8,61,1796
89.77777777777777,7.0,8.181173331571765,360,0.96,10.0,9,61,1797
145.88888888888889,8.0,8.35,360,0.97,10.0,10,61,1798
145.88888888888889,10.7,8.494974746830582,360,0.95,10.0,11,61,1799
235.66666666666669,11.2,8.606217782649107,360,0.95,12.0,12,61,1800
303.0,11.5,8.676148078402347,360,0.94,14.0,13,61,1801
190.77777777777777,11.2,8.7,360,0.93,12.0,14,61,1802
291.77777777777777,11.3,8.676148078402347,360,0.94,13.0,15,61,1803
202.0,11.1,8.606217782649107,360,0.94,12.0,16,61,1804
89.77777777777777,10.9,8.494974746830582,360,0.93,12.0,17,61,1805
11.222222222222221,10.6,8.35,360,0.93,12.0,18,61,1806
0.0,10.4,8.181173331571765,360,0.95,12.0,19,61,1807
0.0,10.0,8.0,360,0.97,13.0,20,61,1808
0.0,10.2,7.818826668428236,360,0.96,10.0,21,61,1809
0.0,10.3,7.65,360,0.96,10.0,22,61,1810
0.0,10.1,7.505025253169417,360,0.97,10.0,23,61,1811
0.0,8.3,7.393782217350893,360,0.94,8.0,24,61,1812
0.0,8.2,7.727259338968745,360,0.95,4.0,1,62,1813
0.0,7.4,7.699999999999999,360,0.95,4.0,2,62,1814
0.0,6.2,7.727259338968745,360,0.97,3.0,3,62,1815
0.0,5.7,7.807179676972448,360,0.98,4.0,4,62,1816
0.0,4.9,7.934314575050761,360,0.98,3.0,5,62,1817
0.0,3.8,8.1,360,0.98,2.0,6,62,1818
11.222222222222221,3.3,8.292944763917983,360,0.98,2.0,7,62,1819
224.44444444444446,6.1,8.5,360,0.98,2.0,8,62,1820
538.6666666666667,7.8,8.707055236082017,360,0.97,2.0,9,62,1821
897.7777777777778,10.4,8.9,360,0.74,2.0,10,62,1822
864.1111111111111,10.1,9.065685424949239,360,0.72,2.0,11,62,1823
718.2222222222222,10.6,9.19282032302755,360,0.62,2.0,12,62,1824
538.6666666666667,10.9,9.272740661031255,360,0.66,2.0,13,62,1825
707.0000000000001,11.1,9.3,360,0.62,3.0,14,62,1826
549.8888888888889,11.2,9.272740661031255,360,0.65,4.0,15,62,1827
291.77777777777777,10.7,9.19282032302755,360,0.65,4.0,16,62,1828
101.0,10.1,9.065685424949239,360,0.69,4.0,17,62,1829
22.444444444444443,9.3,8.9,360,0.72,2.0,18,62,1830
0.0,8.9,8.707055236082017,360,0.77,2.0,19,62,1831
0.0,8.3,8.5,360,0.81,1.0,20,62,1832
0.0,8.6,8.292944763917983,360,0.78,2.0,21,62,1833
0.0,8.4,8.1,360,0.8,2.0,22,62,1834
0.0,7.7,7.934314575050762,360,0.83,2.0,23,62,1835
0.0,7.2,7.807179676972449,360,0.84,2.0,24,62,1836
0.0,7.5,8.028963047654292,360,0.82,2.0,1,63,1837
0.0,6.5,8.0,360,0.86,2.0,2,63,1838
0.0,7.0,8.028963047654292,360,0.88,2.0,3,63,1839
0.0,7.0,8.113878406783227,360,0.91,2.0,4,63,1840
0.0,6.8,8.248959235991434,360,0.92,2.0,5,63,1841
0.0,6.7,8.424999999999999,360,0.93,2.0,6,63,1842
0.0,8.4,8.630003811662856,360,0.89,5.0,7,63,1843
78.55555555555554,10.7,8.85,360,0.8,10.0,8,63,1844
235.66666666666669,11.4,9.069996188337143,360,0.77,11.0,9,63,1845
538.6666666666667,12.7,9.275,360,0.73,12.0,10,63,1846
684.5555555555557,13.4,9.451040764008566,360,0.71,12.0,11,63,1847
1077.3333333333335,14.6,9.586121593216772,360,0.7,11.0,12,63,1848
931.4444444444445,15.7,9.671036952345707,360,0.64,11.0,13,63,1849
785.5555555555557,16.1,9.7,360,0.63,11.0,14,63,1850
639.6666666666667,15.9,9.671036952345707,360,0.65,10.0,15,63,1851
448.8888888888889,15.7,9.586121593216772,360,0.66,10.0,16,63,1852
202.0,14.9,9.451040764008566,360,0.71,7.0,17,63,1853
0.0,13.3,9.275,360,0.84,6.0,18,63,1854
0.0,12.5,9.069996188337143,360,0.86,6.0,19,63,1855
0.0,12.4,8.85,360,0.82,4.0,20,63,1856
0.0,11.4,8.630003811662856,360,0.91,8.0,21,63,1857
0.0,10.0,8.425,360,0.95,8.0,22,63,1858
0.0,8.9,8.248959235991435,360,0.96,6.0,23,63,1859
0.0,8.5,8.113878406783227,360,0.96,6.0,24,63,1860
0.0,7.8,9.013629669484374,360,0.96,7.0,1,64,1861
0.0,7.8,9.0,360,0.97,4.0,2,64,1862
0.0,7.6,9.013629669484372,360,0.97,4.0,3,64,1863
0.0,7.8,9.053589838486225,360,0.96,4.0,4,64,1864
0.0,7.6,9.11715728752538,360,0.96,4.0,5,64,1865
0.0,7.3,9.2,360,0.95,5.0,6,64,1866
11.222222222222221,7.1,9.296472381958992,360,0.94,4.0,7,64,1867
89.77777777777777,7.1,9.4,360,0.95,4.0,8,64,1868
168.33333333333331,7.4,9.503527618041009,360,0.93,5.0,9,64,1869
314.2222222222222,7.7,9.600000000000001,360,0.92,6.0,10,64,1870
628.4444444444443,8.8,9.682842712474619,360,0.86,8.0,11,64,1871
740.6666666666667,8.9,9.746410161513776,360,0.79,9.0,12,64,1872
538.6666666666667,6.8,9.786370330515629,360,0.88,10.0,13,64,1873
1054.888888888889,9.6,9.8,360,0.77,10.0,14,64,1874
606.0,9.6,9.786370330515629,360,0.74,9.0,15,64,1875
561.1111111111111,9.1,9.746410161513776,360,0.72,9.0,16,64,1876
246.8888888888889,8.0,9.682842712474619,360,0.81,9.0,17,64,1877
44.888888888888886,7.2,9.600000000000001,360,0.89,9.0,18,64,1878
0.0,6.5,9.503527618041009,360,0.92,9.0,19,64,1879
0.0,5.6,9.4,360,0.93,6.0,20,64,1880
0.0,5.4,9.296472381958992,360,0.93,6.0,21,64,1881
0.0,5.4,9.200000000000001,360,0.93,5.0,22,64,1882
0.0,4.5,9.117157287525382,360,0.9,6.0,23,64,1883
0.0,4.5,9.053589838486225,360,0.92,5.0,24,64,1884
0.0,3.9,7.918740795541012,360,0.92,6.0,1,65,1885
0.0,4.3,7.8999999999999995,360,0.93,6.0,2,65,1886
0.0,5.1,7.918740795541012,360,0.92,7.0,3,65,1887
0.0,5.2,7.973686027918558,360,0.93,6.0,4,65,1888
0.0,5.2,8.061091270347399,360,0.95,7.0,5,65,1889
0.0,5.5,8.174999999999999,360,0.96,8.0,6,65,1890
11.222222222222221,5.6,8.307649525193613,360,0.96,10.0,7,65,1891
22.444444444444443,6.1,8.45,360,0.96,10.0,8,65,1892
89.77777777777777,6.1,8.592350474806386,360,0.95,14.0,9,65,1893
123.44444444444446,7.7,8.725,360,0.95,11.0,10,65,1894
258.11111111111114,10.4,8.8389087296526,360,0.91,10.0,11,65,1895
886.5555555555555,12.0,8.92631397208144,360,0.8,13.0,12,65,1896
1077.3333333333335,12.7,8.981259204458986,360,0.76,13.0,13,65,1897
707.0000000000001,11.7,9.0,360,0.77,17.0,14,65,1898
246.8888888888889,9.3,8.981259204458986,360,0.87,15.0,15,65,1899
527.4444444444445,9.6,8.92631397208144,360,0.88,12.0,16,65,1900
78.55555555555554,9.1,8.8389087296526,360,0.9,11.0,17,65,1901
33.66666666666667,8.4,8.725,360,0.87,8.0,18,65,1902
0.0,8.5,8.592350474806386,360,0.89,10.0,19,65,1903
0.0,8.9,8.45,360,0.89,11.0,20,65,1904
0.0,9.5,8.307649525193613,360,0.89,11.0,21,65,1905
0.0,9.5,8.174999999999999,360,0.92,9.0,22,65,1906
0.0,9.5,8.061091270347399,360,0.93,8.0,23,65,1907
0.0,9.7,7.973686027918558,360,0.93,8.0,24,65,1908
0.0,9.7,8.611925960798825,360,0.94,7.0,1,66,1909
0.0,9.4,8.599999999999998,360,0.94,8.0,2,66,1910
0.0,8.6,8.611925960798825,360,0.95,8.0,3,66,1911
0.0,8.5,8.646891108675446,360,0.97,6.0,4,66,1912
0.0,8.3,8.702512626584706,360,0.97,7.0,5,66,1913
0.0,8.0,8.774999999999999,360,0.97,8.0,6,66,1914
11.222222222222221,8.5,8.859413334214118,360,0.97,9.0,7,66,1915
56.111111111111114,11.4,8.95,360,0.96,13.0,8,66,1916
404.0,11.4,9.04058666578588,360,0.75,17.0,9,66,1917
606.0,10.7,9.125,360,0.69,19.0,10,66,1918
953.8888888888889,11.0,9.197487373415292,360,0.62,22.0,11,66,1919
673.3333333333333,11.0,9.253108891324553,360,0.65,19.0,12,66,1920
707.0000000000001,10.0,9.288074039201174,360,0.74,20.0,13,66,1921
852.8888888888889,10.5,9.3,360,0.67,18.0,14,66,1922
673.3333333333333,10.7,9.288074039201174,360,0.62,13.0,15,66,1923
347.8888888888889,10.2,9.253108891324553,360,0.68,8.0,16,66,1924
213.22222222222223,9.5,9.197487373415292,360,0.73,8.0,17,66,1925
33.66666666666667,8.9,9.125,360,0.72,10.0,18,66,1926
0.0,8.4,9.04058666578588,360,0.76,9.0,19,66,1927
0.0,8.1,8.95,360,0.78,8.0,20,66,1928
0.0,7.7,8.859413334214118,360,0.81,8.0,21,66,1929
0.0,7.2,8.774999999999999,360,0.84,8.0,22,66,1930
0.0,6.9,8.702512626584708,360,0.83,7.0,23,66,1931
0.0,6.1,8.646891108675446,360,0.88,6.0,24,66,1932
0.0,6.4,8.011925960798827,360,0.87,7.0,1,67,1933
0.0,6.3,8.0,360,0.86,7.0,2,67,1934
0.0,6.2,8.011925960798827,360,0.89,6.0,3,67,1935
0.0,6.3,8.046891108675446,360,0.89,6.0,4,67,1936
0.0,6.1,8.102512626584708,360,0.92,6.0,5,67,1937
0.0,6.0,8.174999999999999,360,0.93,4.0,6,67,1938
0.0,6.1,8.259413334214118,360,0.92,4.0,7,67,1939
78.55555555555554,6.7,8.35,360,0.91,4.0,8,67,1940
168.33333333333331,7.3,8.440586665785881,360,0.9,4.0,9,67,1941
179.55555555555554,7.5,8.525,360,0.91,4.0,10,67,1942
224.44444444444446,7.4,8.59748737341529,360,0.9,3.0,11,67,1943
190.77777777777777,6.6,8.653108891324553,360,0.89,4.0,12,67,1944
123.44444444444446,6.1,8.688074039201172,360,0.93,3.0,13,67,1945
280.55555555555554,6.3,8.7,360,0.93,5.0,14,67,1946
291.77777777777777,6.7,8.688074039201172,360,0.94,4.0,15,67,1947
202.0,6.6,8.653108891324553,360,0.95,4.0,16,67,1948
89.77777777777777,6.6,8.59748737341529,360,0.96,4.0,17,67,1949
22.444444444444443,6.6,8.525,360,0.96,4.0,18,67,1950
0.0,6.5,8.440586665785881,360,0.97,4.0,19,67,1951
0.0,6.6,8.35,360,0.97,4.0,20,67,1952
0.0,6.6,8.259413334214118,360,0.97,4.0,21,67,1953
0.0,6.7,8.175,360,0.97,3.0,22,67,1954
0.0,6.8,8.102512626584708,360,0.97,4.0,23,67,1955
0.0,7.0,8.046891108675446,360,0.98,4.0,24,67,1956
0.0,7.8,8.525555630283199,360,0.98,5.0,1,68,1957
0.0,8.4,8.5,360,0.99,4.0,2,68,1958
0.0,9.6,8.525555630283199,360,0.99,3.0,3,68,1959
0.0,10.3,8.600480947161671,360,0.99,6.0,4,68,1960
0.0,10.4,8.719669914110089,360,0.99,6.0,5,68,1961
0.0,10.2,8.875,360,0.99,8.0,6,68,1962
11.222222222222221,10.0,9.05588571617311,360,0.99,8.0,7,68,1963
78.55555555555554,10.2,9.25,360,0.97,8.0,8,68,1964
190.77777777777777,10.6,9.44411428382689,360,0.95,8.0,9,68,1965
235.66666666666669,10.7,9.625,360,0.96,8.0,10,68,1966
280.55555555555554,11.6,9.780330085889911,360,0.97,8.0,11,68,1967
381.55555555555554,12.0,9.899519052838329,360,0.96,9.0,12,68,1968
471.33333333333337,12.2,9.974444369716801,360,0.95,11.0,13,68,1969
482.5555555555556,12.2,10.0,360,0.95,11.0,14,68,1970
235.66666666666669,12.0,9.974444369716801,360,0.96,10.0,15,68,1971
269.33333333333337,11.9,9.899519052838329,360,0.95,12.0,16,68,1972
112.22222222222223,11.6,9.780330085889911,360,0.96,10.0,17,68,1973
22.444444444444443,11.1,9.625,360,0.97,8.0,18,68,1974
0.0,10.9,9.44411428382689,360,0.97,8.0,19,68,1975
0.0,10.7,9.25,360,0.97,7.0,20,68,1976
0.0,10.4,9.05588571617311,360,0.98,8.0,21,68,1977
0.0,10.4,8.875,360,0.98,7.0,22,68,1978
0.0,10.3,8.719669914110089,360,0.97,6.0,23,68,1979
0.0,10.3,8.600480947161671,360,0.95,6.0,24,68,1980
0.0,10.3,9.527259338968747,360,0.94,5.0,1,69,1981
0.0,10.1,9.5,360,0.94,4.0,2,69,1982
0.0,9.8,9.527259338968745,360,0.94,3.0,3,69,1983
0.0,9.6,9.60717967697245,360,0.94,3.0,4,69,1984
0.0,9.5,9.734314575050762,360,0.94,3.0,5,69,1985
0.0,9.3,9.9,360,0.94,2.0,6,69,1986
22.444444444444443,9.4,10.092944763917984,360,0.94,3.0,7,69,1987
101.0,9.8,10.3,360,0.92,4.0,8,69,1988
213.22222222222223,10.6,10.507055236082017,360,0.91,4.0,9,69,1989
202.0,10.9,10.700000000000001,360,0.9,4.0,10,69,1990
527.4444444444445,12.3,10.86568542494924,360,0.86,7.0,11,69,1991
897.7777777777778,13.2,10.992820323027551,360,0.85,6.0,12,69,1992
976.3333333333333,14.1,11.072740661031256,360,0.75,6.0,13,69,1993
538.6666666666667,13.5,11.100000000000001,360,0.76,5.0,14,69,1994
336.66666666666663,13.8,11.072740661031256,360,0.75,3.0,15,69,1995
269.33333333333337,13.5,10.992820323027551,360,0.8,4.0,16,69,1996
157.1111111111111,13.1,10.86568542494924,360,0.84,3.0,17,69,1997
44.888888888888886,12.2,10.700000000000001,360,0.88,2.0,18,69,1998
0.0,11.8,10.507055236082017,360,0.89,3.0,19,69,1999
0.0,9.6,10.3,360,0.89,4.0,20,69,2000
0.0,7.2,10.092944763917984,360,0.96,2.0,21,69,2001
0.0,7.2,9.9,360,0.94,1.0,22,69,2002
0.0,7.9,9.734314575050764,360,0.96,1.0,23,69,2003
0.0,8.1,9.60717967697245,360,0.96,1.0,24,69,2004
0.0,9.3,9.639185299767572,360,0.93,2.0,1,70,2005
0.0,9.1,9.6,360,0.94,2.0,2,70,2006
0.0,9.3,9.639185299767572,360,0.94,2.0,3,70,2007
0.0,9.3,9.754070785647896,360,0.94,2.0,4,70,2008
0.0,9.1,9.93682720163547,360,0.95,2.0,5,70,2009
0.0,8.8,10.174999999999999,360,0.95,2.0,6,70,2010
22.444444444444443,8.6,10.452358098132102,360,0.97,0.0,7,70,2011
246.8888888888889,11.0,10.75,360,0.93,2.0,8,70,2012
594.7777777777778,13.1,11.047641901867898,360,0.88,3.0,9,70,2013
953.8888888888889,14.7,11.325000000000001,360,0.83,4.0,10,70,2014
1212.0,15.3,11.56317279836453,360,0.78,5.0,11,70,2015
1290.5555555555554,16.4,11.745929214352104,360,0.73,6.0,12,70,2016
1088.5555555555557,16.6,11.860814700232428,360,0.72,6.0,13,70,2017
1200.7777777777778,17.2,11.9,360,0.69,6.0,14,70,2018
1043.6666666666665,17.6,11.860814700232428,360,0.71,6.0,15,70,2019
830.4444444444446,17.7,11.745929214352104,360,0.69,6.0,16,70,2020
415.2222222222223,16.4,11.56317279836453,360,0.72,4.0,17,70,2021
89.77777777777777,14.9,11.325000000000001,360,0.77,4.0,18,70,2022
0.0,12.4,11.047641901867898,360,0.84,3.0,19,70,2023
0.0,11.1,10.75,360,0.87,2.0,20,70,2024
0.0,10.8,10.452358098132102,360,0.87,2.0,21,70,2025
0.0,10.6,10.175,360,0.86,3.0,22,70,2026
0.0,10.1,9.93682720163547,360,0.86,4.0,23,70,2027
0.0,9.1,9.754070785647896,360,0.87,2.0,24,70,2028
0.0,8.3,9.052814969251944,360,0.91,2.0,1,71,2029
0.0,7.3,9.0,360,0.93,1.0,2,71,2030
0.0,7.3,9.052814969251944,360,0.94,1.0,3,71,2031
0.0,6.3,9.207660624134121,360,0.95,1.0,4,71,2032
0.0,5.2,9.453984489160852,360,0.96,0.0,5,71,2033
0.0,4.6,9.775,360,0.97,1.0,6,71,2034
33.66666666666667,4.9,10.148830480091094,360,0.97,1.0,7,71,2035
347.8888888888889,7.7,10.55,360,0.96,2.0,8,71,2036
684.5555555555557,11.2,10.951169519908907,360,0.87,2.0,9,71,2037
998.7777777777778,14.1,11.325000000000001,360,0.8,2.0,10,71,2038
1111.0,16.4,11.646015510839149,360,0.7,2.0,11,71,2039
1178.3333333333335,18.9,11.89233937586588,360,0.65,2.0,12,71,2040
1335.4444444444443,19.5,12.047185030748057,360,0.63,3.0,13,71,2041
1245.6666666666665,20.3,12.100000000000001,360,0.62,2.0,14,71,2042
1032.4444444444446,21.0,12.047185030748057,360,0.51,2.0,15,71,2043
628.4444444444443,19.4,11.89233937586588,360,0.65,3.0,16,71,2044
213.22222222222223,18.5,11.646015510839149,360,0.59,2.0,17,71,2045
44.888888888888886,17.4,11.325000000000001,360,0.65,2.0,18,71,2046
0.0,15.6,10.951169519908907,360,0.74,2.0,19,71,2047
0.0,13.8,10.55,360,0.8,2.0,20,71,2048
0.0,13.0,10.148830480091094,360,0.82,1.0,21,71,2049
0.0,13.0,9.775,360,0.81,2.0,22,71,2050
0.0,11.7,9.453984489160852,360,0.85,2.0,23,71,2051
0.0,11.0,9.207660624134121,360,0.85,2.0,24,71,2052
0.0,9.9,10.306814834742188,360,0.91,4.0,1,72,2053
0.0,9.3,10.3,360,0.91,2.0,2,72,2054
0.0,11.0,10.306814834742188,360,0.95,5.0,3,72,2055
0.0,10.8,10.326794919243113,360,0.94,6.0,4,72,2056
0.0,10.2,10.35857864376269,360,0.96,5.0,5,72,2057
0.0,10.0,10.4,360,0.97,5.0,6,72,2058
11.222222222222221,10.0,10.448236190979497,360,0.97,3.0,7,72,2059
67.33333333333334,10.4,10.5,360,0.96,4.0,8,72,2060
89.77777777777777,10.7,10.551763809020503,360,0.96,6.0,9,72,2061
89.77777777777777,10.9,10.6,360,0.96,5.0,10,72,2062
101.0,11.1,10.64142135623731,360,0.96,4.0,11,72,2063
123.44444444444446,11.2,10.673205080756887,360,0.95,4.0,12,72,2064
134.66666666666669,11.0,10.693185165257812,360,0.95,4.0,13,72,2065
145.88888888888889,11.0,10.7,360,0.95,4.0,14,72,2066
101.0,10.8,10.693185165257812,360,0.96,4.0,15,72,2067
56.111111111111114,11.1,10.673205080756887,360,0.95,3.0,16,72,2068
56.111111111111114,11.0,10.64142135623731,360,0.93,6.0,17,72,2069
11.222222222222221,10.7,10.6,360,0.94,6.0,18,72,2070
0.0,10.1,10.551763809020503,360,0.94,9.0,19,72,2071
0.0,9.5,10.5,360,0.95,8.0,20,72,2072
0.0,9.3,10.448236190979497,360,0.95,8.0,21,72,2073
0.0,9.2,10.4,360,0.95,9.0,22,72,2074
0.0,9.1,10.35857864376269,360,0.94,8.0,23,72,2075
0.0,8.8,10.326794919243113,360,0.94,10.0,24,72,2076
0.0,8.5,9.927259338968746,360,0.94,8.0,1,73,2077
0.0,8.6,9.899999999999999,360,0.95,7.0,2,73,2078
0.0,8.6,9.927259338968744,360,0.95,8.0,3,73,2079
0.0,8.6,10.007179676972449,360,0.95,7.0,4,73,2080
0.0,8.4,10.13431457505076,360,0.95,6.0,5,73,2081
0.0,8.7,10.299999999999999,360,0.96,6.0,6,73,2082
33.66666666666667,8.8,10.492944763917983,360,0.95,4.0,7,73,2083
134.66666666666669,9.5,10.7,360,0.94,6.0,8,73,2084
202.0,10.0,10.907055236082016,360,0.93,6.0,9,73,2085
628.4444444444443,11.7,11.1,360,0.87,6.0,10,73,2086
673.3333333333333,11.8,11.265685424949238,360,0.84,8.0,11,73,2087
1178.3333333333335,13.7,11.39282032302755,360,0.74,8.0,12,73,2088
1200.7777777777778,14.4,11.472740661031255,360,0.73,8.0,13,73,2089
1032.4444444444446,14.3,11.5,360,0.78,8.0,14,73,2090
808.0,14.2,11.472740661031255,360,0.8,10.0,15,73,2091
583.5555555555555,13.8,11.39282032302755,360,0.75,9.0,16,73,2092
258.11111111111114,12.8,11.265685424949238,360,0.82,8.0,17,73,2093
33.66666666666667,12.4,11.1,360,0.82,7.0,18,73,2094
0.0,11.9,10.907055236082016,360,0.82,6.0,19,73,2095
0.0,10.6,10.7,360,0.88,4.0,20,73,2096
0.0,10.7,10.492944763917983,360,0.88,6.0,21,73,2097
0.0,10.1,10.299999999999999,360,0.89,6.0,22,73,2098
0.0,9.0,10.134314575050762,360,0.92,5.0,23,73,2099
0.0,8.1,10.007179676972449,360,0.93,4.0,24,73,2100
0.0,8.0,9.634074173710932,360,0.94,4.0,1,74,2101
0.0,7.4,9.6,360,0.94,4.0,2,74,2102
0.0,7.2,9.634074173710932,360,0.94,4.0,3,74,2103
0.0,6.6,9.73397459621556,360,0.95,3.0,4,74,2104
0.0,5.9,9.892893218813452,360,0.96,3.0,5,74,2105
0.0,6.7,10.1,360,0.96,3.0,6,74,2106
33.66666666666667,5.9,10.34118095489748,360,0.96,3.0,7,74,2107
179.55555555555554,6.4,10.6,360,0.96,4.0,8,74,2108
291.77777777777777,7.7,10.858819045102521,360,0.97,4.0,9,74,2109
718.2222222222222,9.9,11.1,360,0.92,4.0,10,74,2110
1111.0,12.4,11.307106781186548,360,0.83,4.0,11,74,2111
1357.8888888888891,13.6,11.466025403784439,360,0.78,6.0,12,74,2112
1369.1111111111113,14.5,11.565925826289067,360,0.75,8.0,13,74,2113
1279.3333333333335,14.9,11.6,360,0.68,6.0,14,74,2114
1054.888888888889,15.1,11.565925826289067,360,0.64,6.0,15,74,2115
785.5555555555557,14.6,11.466025403784439,360,0.62,6.0,16,74,2116
437.6666666666667,13.5,11.307106781186548,360,0.61,6.0,17,74,2117
101.0,12.1,11.1,360,0.65,5.0,18,74,2118
0.0,11.1,10.858819045102521,360,0.7,4.0,19,74,2119
0.0,9.4,10.6,360,0.83,3.0,20,74,2120
0.0,8.7,10.34118095489748,360,0.9,4.0,21,74,2121
0.0,8.1,10.1,360,0.92,5.0,22,74,2122
0.0,7.6,9.892893218813452,360,0.92,5.0,23,74,2123
0.0,6.6,9.73397459621556,360,0.93,5.0,24,74,2124
0.0,6.3,9.625555630283198,360,0.94,3.0,1,75,2125
0.0,6.4,9.6,360,0.94,4.0,2,75,2126
0.0,6.2,9.625555630283198,360,0.95,4.0,3,75,2127
0.0,5.9,9.70048094716167,360,0.95,4.0,4,75,2128
0.0,6.5,9.819669914110088,360,0.96,6.0,5,75,2129
0.0,6.8,9.975,360,0.96,6.0,6,75,2130
11.222222222222221,7.3,10.15588571617311,360,0.96,6.0,7,75,2131
101.0,8.0,10.35,360,0.95,7.0,8,75,2132
224.44444444444446,8.8,10.54411428382689,360,0.93,8.0,9,75,2133
471.33333333333337,9.8,10.725,360,0.9,7.0,10,75,2134
650.8888888888889,10.7,10.880330085889911,360,0.87,8.0,11,75,2135
774.3333333333333,11.5,10.999519052838329,360,0.83,8.0,12,75,2136
1066.1111111111113,12.3,11.074444369716801,360,0.81,8.0,13,75,2137
1212.0,13.2,11.1,360,0.76,9.0,14,75,2138
1077.3333333333335,13.2,11.074444369716801,360,0.78,8.0,15,75,2139
774.3333333333333,13.1,10.999519052838329,360,0.77,8.0,16,75,2140
448.8888888888889,12.3,10.880330085889911,360,0.8,7.0,17,75,2141
112.22222222222223,10.5,10.725,360,0.84,6.0,18,75,2142
0.0,8.9,10.54411428382689,360,0.89,4.0,19,75,2143
0.0,8.0,10.35,360,0.91,5.0,20,75,2144
0.0,7.9,10.15588571617311,360,0.92,5.0,21,75,2145
0.0,7.9,9.975,360,0.91,5.0,22,75,2146
0.0,7.4,9.819669914110088,360,0.91,4.0,23,75,2147
0.0,6.9,9.70048094716167,360,0.92,4.0,24,75,2148
0.0,7.0,8.956222386623038,360,0.92,4.0,1,76,2149
0.0,6.4,8.900000000000002,360,0.92,4.0,2,76,2150
0.0,4.7,8.956222386623038,360,0.94,2.0,3,76,2151
0.0,5.2,9.121058083755678,360,0.95,2.0,4,76,2152
0.0,4.5,9.383273811042198,360,0.95,2.0,5,76,2153
0.0,4.2,9.725,360,0.95,1.0,6,76,2154
56.111111111111114,3.6,10.122948575580843,360,0.95,1.0,7,76,2155
359.1111111111111,6.9,10.55,360,0.95,2.0,8,76,2156
751.8888888888888,9.9,10.97705142441916,360,0.86,2.0,9,76,2157
1054.888888888889,12.8,11.375,360,0.8,2.0,10,76,2158
1268.1111111111113,15.7,11.716726188957804,360,0.71,2.0,11,76,2159
1391.5555555555557,17.7,11.978941916244324,360,0.66,2.0,12,76,2160
1391.5555555555557,19.2,12.143777613376963,360,0.59,3.0,13,76,2161
1301.7777777777778,19.9,12.2,360,0.56,4.0,14,76,2162
1099.7777777777778,20.4,12.143777613376963,360,0.55,3.0,15,76,2163
808.0,20.6,11.978941916244324,360,0.53,4.0,16,76,2164
460.11111111111114,19.3,11.716726188957804,360,0.54,3.0,17,76,2165
123.44444444444446,15.5,11.375,360,0.71,2.0,18,76,2166
0.0,10.2,10.97705142441916,360,0.87,1.0,19,76,2167
0.0,10.4,10.55,360,0.88,1.0,20,76,2168
0.0,10.3,10.122948575580843,360,0.87,1.0,21,76,2169
0.0,10.6,9.725000000000001,360,0.84,1.0,22,76,2170
0.0,8.9,9.383273811042198,360,0.9,1.0,23,76,2171
0.0,8.4,9.121058083755678,360,0.89,1.0,24,76,2172
0.0,6.2,9.518740795541014,360,0.9,1.0,1,77,2173
0.0,6.2,9.5,360,0.94,1.0,2,77,2174
0.0,5.0,9.518740795541014,360,0.95,1.0,3,77,2175
0.0,5.1,9.57368602791856,360,0.94,1.0,4,77,2176
0.0,5.6,9.6610912703474,360,0.95,1.0,5,77,2177
0.0,5.6,9.775,360,0.95,4.0,6,77,2178
33.66666666666667,6.2,9.907649525193614,360,0.96,4.0,7,77,2179
112.22222222222223,6.9,10.05,360,0.96,5.0,8,77,2180
213.22222222222223,7.6,10.192350474806387,360,0.96,6.0,9,77,2181
235.66666666666669,8.4,10.325000000000001,360,0.96,6.0,10,77,2182
347.8888888888889,8.6,10.438908729652601,360,0.96,5.0,11,77,2183
314.2222222222222,9.0,10.526313972081441,360,0.95,4.0,12,77,2184
336.66666666666663,9.7,10.581259204458988,360,0.92,4.0,13,77,2185
258.11111111111114,10.0,10.600000000000001,360,0.9,5.0,14,77,2186
392.7777777777778,10.7,10.581259204458988,360,0.86,4.0,15,77,2187
370.33333333333337,11.0,10.526313972081441,360,0.84,4.0,16,77,2188
168.33333333333331,11.0,10.438908729652601,360,0.83,4.0,17,77,2189
44.888888888888886,10.5,10.325000000000001,360,0.8,5.0,18,77,2190
0.0,9.5,10.192350474806387,360,0.82,5.0,19,77,2191
0.0,7.5,10.05,360,0.87,3.0,20,77,2192
0.0,4.8,9.907649525193614,360,0.91,1.0,21,77,2193
0.0,3.5,9.775,360,0.92,2.0,22,77,2194
0.0,5.0,9.6610912703474,360,0.92,2.0,23,77,2195
0.0,5.7,9.57368602791856,360,0.9,4.0,24,77,2196
0.0,5.2,9.118740795541012,360,0.92,3.0,1,78,2197
0.0,5.0,9.099999999999998,360,0.93,4.0,2,78,2198
0.0,4.9,9.118740795541012,360,0.94,4.0,3,78,2199
0.0,5.5,9.173686027918558,360,0.95,6.0,4,78,2200
0.0,5.4,9.261091270347398,360,0.95,5.0,5,78,2201
0.0,5.5,9.374999999999998,360,0.95,4.0,6,78,2202
33.66666666666667,6.1,9.507649525193612,360,0.94,4.0,7,78,2203
123.44444444444446,7.4,9.649999999999999,360,0.91,5.0,8,78,2204
314.2222222222222,8.3,9.792350474806385,360,0.88,8.0,9,78,2205
538.6666666666667,9.2,9.924999999999999,360,0.85,9.0,10,78,2206
303.0,9.4,10.038908729652599,360,0.87,8.0,11,78,2207
291.77777777777777,9.6,10.126313972081439,360,0.88,9.0,12,78,2208
258.11111111111114,9.7,10.181259204458986,360,0.9,8.0,13,78,2209
291.77777777777777,10.0,10.2,360,0.91,8.0,14,78,2210
269.33333333333337,10.8,10.181259204458986,360,0.88,8.0,15,78,2211
314.2222222222222,11.1,10.126313972081439,360,0.87,8.0,16,78,2212
179.55555555555554,10.9,10.038908729652599,360,0.86,8.0,17,78,2213
56.111111111111114,10.4,9.924999999999999,360,0.87,8.0,18,78,2214
0.0,10.0,9.792350474806385,360,0.9,8.0,19,78,2215
0.0,9.8,9.649999999999999,360,0.9,7.0,20,78,2216
0.0,9.6,9.507649525193612,360,0.91,6.0,21,78,2217
0.0,9.7,9.374999999999998,360,0.92,7.0,22,78,2218
0.0,9.7,9.261091270347398,360,0.92,6.0,23,78,2219
0.0,9.5,9.173686027918558,360,0.94,6.0,24,78,2220
0.0,9.5,9.918740795541012,360,0.95,7.0,1,79,2221
0.0,9.4,9.899999999999999,360,0.95,8.0,2,79,2222
0.0,9.5,9.918740795541012,360,0.95,6.0,3,79,2223
0.0,9.4,9.973686027918559,360,0.95,7.0,4,79,2224
0.0,9.3,10.061091270347399,360,0.95,6.0,5,79,2225
0.0,9.3,10.174999999999999,360,0.95,8.0,6,79,2226
33.66666666666667,9.1,10.307649525193613,360,0.94,6.0,7,79,2227
145.88888888888889,9.4,10.45,360,0.93,7.0,8,79,2228
291.77777777777777,10.2,10.592350474806386,360,0.91,8.0,9,79,2229
482.5555555555556,10.8,10.725,360,0.89,8.0,10,79,2230
482.5555555555556,11.2,10.8389087296526,360,0.89,7.0,11,79,2231
437.6666666666667,11.5,10.92631397208144,360,0.89,6.0,12,79,2232
381.55555555555554,11.2,10.981259204458986,360,0.91,6.0,13,79,2233
269.33333333333337,11.5,11.0,360,0.89,7.0,14,79,2234
190.77777777777777,11.3,10.981259204458986,360,0.9,6.0,15,79,2235
145.88888888888889,11.2,10.92631397208144,360,0.92,6.0,16,79,2236
123.44444444444446,11.3,10.8389087296526,360,0.88,5.0,17,79,2237
33.66666666666667,11.3,10.725,360,0.86,6.0,18,79,2238
0.0,10.8,10.592350474806386,360,0.88,6.0,19,79,2239
0.0,9.9,10.45,360,0.92,5.0,20,79,2240
0.0,9.2,10.307649525193613,360,0.93,5.0,21,79,2241
0.0,9.2,10.174999999999999,360,0.93,3.0,22,79,2242
0.0,9.2,10.061091270347399,360,0.94,3.0,23,79,2243
0.0,9.0,9.973686027918559,360,0.92,3.0,24,79,2244
0.0,9.0,10.213629669484373,360,0.86,4.0,1,80,2245
0.0,8.6,10.2,360,0.92,4.0,2,80,2246
0.0,8.5,10.213629669484371,360,0.92,2.0,3,80,2247
0.0,8.5,10.253589838486224,360,0.9,4.0,4,80,2248
0.0,8.5,10.31715728752538,360,0.87,3.0,5,80,2249
11.222222222222221,8.4,10.399999999999999,360,0.89,3.0,6,80,2250
11.222222222222221,8.6,10.496472381958991,360,0.89,2.0,7,80,2251
112.22222222222223,9.3,10.6,360,0.87,4.0,8,80,2252
291.77777777777777,9.2,10.703527618041008,360,0.9,6.0,9,80,2253
437.6666666666667,10.0,10.8,360,0.85,5.0,10,80,2254
347.8888888888889,9.9,10.882842712474618,360,0.87,6.0,11,80,2255
280.55555555555554,10.0,10.946410161513775,360,0.85,6.0,12,80,2256
347.8888888888889,10.5,10.986370330515628,360,0.82,7.0,13,80,2257
303.0,10.3,11.0,360,0.85,7.0,14,80,2258
381.55555555555554,10.7,10.986370330515628,360,0.84,7.0,15,80,2259
224.44444444444446,10.5,10.946410161513775,360,0.8,8.0,16,80,2260
168.33333333333331,10.4,10.882842712474618,360,0.8,7.0,17,80,2261
67.33333333333334,10.0,10.8,360,0.82,6.0,18,80,2262
0.0,9.8,10.703527618041008,360,0.83,6.0,19,80,2263
0.0,9.1,10.6,360,0.88,6.0,20,80,2264
0.0,9.2,10.496472381958991,360,0.87,5.0,21,80,2265
0.0,9.4,10.4,360,0.88,6.0,22,80,2266
0.0,9.1,10.317157287525381,360,0.91,6.0,23,80,2267
0.0,8.9,10.253589838486224,360,0.93,6.0,24,80,2268
0.0,8.8,10.211925960798826,360,0.94,6.0,1,81,2269
0.0,9.0,10.2,360,0.94,6.0,2,81,2270
0.0,9.1,10.211925960798826,360,0.94,7.0,3,81,2271
0.0,9.2,10.246891108675447,360,0.94,6.0,4,81,2272
0.0,9.2,10.302512626584708,360,0.94,6.0,5,81,2273
0.0,9.2,10.375,360,0.94,4.0,6,81,2274
11.222222222222221,8.8,10.45941333421412,360,0.9,6.0,7,81,2275
78.55555555555554,8.5,10.55,360,0.9,2.0,8,81,2276
168.33333333333331,8.8,10.640586665785882,360,0.91,2.0,9,81,2277
224.44444444444446,8.5,10.725000000000001,360,0.87,6.0,10,81,2278
347.8888888888889,8.3,10.797487373415294,360,0.82,8.0,11,81,2279
280.55555555555554,7.4,10.853108891324554,360,0.86,6.0,12,81,2280
336.66666666666663,8.3,10.888074039201175,360,0.75,5.0,13,81,2281
370.33333333333337,8.8,10.900000000000002,360,0.78,2.0,14,81,2282
392.7777777777778,9.1,10.888074039201175,360,0.79,4.0,15,81,2283
572.3333333333333,10.4,10.853108891324554,360,0.72,4.0,16,81,2284
538.6666666666667,9.4,10.797487373415294,360,0.76,4.0,17,81,2285
101.0,7.6,10.725000000000001,360,0.84,4.0,18,81,2286
11.222222222222221,6.8,10.640586665785882,360,0.86,3.0,19,81,2287
0.0,6.5,10.55,360,0.86,8.0,20,81,2288
0.0,6.1,10.45941333421412,360,0.91,3.0,21,81,2289
0.0,5.4,10.375,360,0.9,4.0,22,81,2290
0.0,3.7,10.30251262658471,360,0.91,2.0,23,81,2291
0.0,3.0,10.246891108675447,360,0.93,2.0,24,81,2292
0.0,3.2,9.313629669484373,360,0.93,3.0,1,82,2293
0.0,4.4,9.3,360,0.93,5.0,2,82,2294
0.0,4.9,9.313629669484373,360,0.94,6.0,3,82,2295
0.0,5.0,9.353589838486224,360,0.94,7.0,4,82,2296
0.0,4.7,9.41715728752538,360,0.94,8.0,5,82,2297
0.0,5.2,9.5,360,0.94,8.0,6,82,2298
33.66666666666667,4.8,9.596472381958991,360,0.94,8.0,7,82,2299
123.44444444444446,5.2,9.7,360,0.94,8.0,8,82,2300
359.1111111111111,6.4,9.803527618041008,360,0.91,10.0,9,82,2301
269.33333333333337,7.0,9.899999999999999,360,0.89,10.0,10,82,2302
617.2222222222222,8.0,9.982842712474618,360,0.87,8.0,11,82,2303
381.55555555555554,7.6,10.046410161513775,360,0.87,8.0,12,82,2304
347.8888888888889,8.1,10.086370330515626,360,0.86,8.0,13,82,2305
426.44444444444446,8.7,10.099999999999998,360,0.85,6.0,14,82,2306
325.44444444444446,8.4,10.086370330515626,360,0.85,6.0,15,82,2307
67.33333333333334,6.7,10.046410161513775,360,0.92,5.0,16,82,2308
101.0,6.2,9.982842712474618,360,0.89,6.0,17,82,2309
56.111111111111114,6.0,9.899999999999999,360,0.9,4.0,18,82,2310
0.0,5.5,9.803527618041008,360,0.91,3.0,19,82,2311
0.0,4.9,9.7,360,0.91,2.0,20,82,2312
0.0,4.8,9.596472381958991,360,0.93,1.0,21,82,2313
0.0,4.7,9.5,360,0.93,1.0,22,82,2314
0.0,4.9,9.41715728752538,360,0.93,2.0,23,82,2315
0.0,5.0,9.353589838486224,360,0.94,1.0,24,82,2316
0.0,5.4,9.018740795541014,360,0.94,2.0,1,83,2317
0.0,5.4,9.0,360,0.94,2.0,2,83,2318
0.0,5.2,9.018740795541014,360,0.93,3.0,3,83,2319
0.0,5.1,9.07368602791856,360,0.93,2.0,4,83,2320
0.0,5.2,9.1610912703474,360,0.94,2.0,5,83,2321
0.0,4.9,9.275,360,0.93,3.0,6,83,2322
22.444444444444443,4.8,9.407649525193614,360,0.92,3.0,7,83,2323
56.111111111111114,5.0,9.55,360,0.92,2.0,8,83,2324
157.1111111111111,5.6,9.692350474806387,360,0.91,2.0,9,83,2325
314.2222222222222,6.0,9.825000000000001,360,0.89,3.0,10,83,2326
392.7777777777778,6.3,9.938908729652601,360,0.86,3.0,11,83,2327
314.2222222222222,6.4,10.026313972081441,360,0.87,4.0,12,83,2328
448.8888888888889,6.6,10.081259204458988,360,0.86,4.0,13,83,2329
684.5555555555557,7.0,10.100000000000001,360,0.85,4.0,14,83,2330
583.5555555555555,8.0,10.081259204458988,360,0.82,5.0,15,83,2331
347.8888888888889,6.6,10.026313972081441,360,0.84,4.0,16,83,2332
56.111111111111114,5.4,9.938908729652601,360,0.88,6.0,17,83,2333
44.888888888888886,5.2,9.825000000000001,360,0.91,1.0,18,83,2334
11.222222222222221,4.7,9.692350474806387,360,0.92,1.0,19,83,2335
0.0,3.9,9.55,360,0.92,2.0,20,83,2336
0.0,3.7,9.407649525193614,360,0.92,2.0,21,83,2337
0.0,2.8,9.275,360,0.92,2.0,22,83,2338
0.0,1.8,9.1610912703474,360,0.92,2.0,23,83,2339
0.0,1.9,9.07368602791856,360,0.93,2.0,24,83,2340
0.0,1.6,7.728963047654292,360,0.93,2.0,1,84,2341
0.0,1.5,7.700000000000001,360,0.93,2.0,2,84,2342
0.0,1.5,7.728963047654292,360,0.94,2.0,3,84,2343
0.0,0.1,7.813878406783227,360,0.94,2.0,4,84,2344
0.0,0.3,7.948959235991435,360,0.94,2.0,5,84,2345
0.0,0.1,8.125,360,0.94,2.0,6,84,2346
56.111111111111114,1.3,8.330003811662857,360,0.94,3.0,7,84,2347
246.8888888888889,3.3,8.55,360,0.93,6.0,8,84,2348
751.8888888888888,6.4,8.769996188337144,360,0.87,6.0,9,84,2349
998.7777777777778,8.1,8.975000000000001,360,0.82,8.0,10,84,2350
1099.7777777777778,9.2,9.151040764008567,360,0.79,8.0,11,84,2351
763.1111111111111,8.9,9.286121593216773,360,0.82,8.0,12,84,2352
662.1111111111112,9.6,9.371036952345708,360,0.79,7.0,13,84,2353
460.11111111111114,9.8,9.4,360,0.81,7.0,14,84,2354
258.11111111111114,9.8,9.371036952345708,360,0.82,6.0,15,84,2355
190.77777777777777,10.2,9.286121593216773,360,0.85,7.0,16,84,2356
213.22222222222223,9.5,9.151040764008567,360,0.89,8.0,17,84,2357
56.111111111111114,9.3,8.975000000000001,360,0.9,6.0,18,84,2358
0.0,9.3,8.769996188337144,360,0.91,6.0,19,84,2359
0.0,9.2,8.55,360,0.91,5.0,20,84,2360
0.0,9.0,8.330003811662857,360,0.9,6.0,21,84,2361
0.0,8.9,8.125,360,0.9,8.0,22,84,2362
0.0,8.6,7.948959235991436,360,0.91,8.0,23,84,2363
0.0,8.5,7.813878406783227,360,0.91,7.0,24,84,2364
0.0,8.7,9.028963047654292,360,0.91,6.0,1,85,2365
0.0,8.4,9.0,360,0.91,6.0,2,85,2366
0.0,8.3,9.028963047654292,360,0.91,6.0,3,85,2367
0.0,8.4,9.113878406783227,360,0.9,6.0,4,85,2368
0.0,8.2,9.248959235991434,360,0.91,6.0,5,85,2369
0.0,7.6,9.424999999999999,360,0.92,6.0,6,85,2370
56.111111111111114,7.5,9.630003811662856,360,0.92,7.0,7,85,2371
89.77777777777777,7.7,9.85,360,0.91,8.0,8,85,2372
246.8888888888889,8.5,10.069996188337143,360,0.9,10.0,9,85,2373
774.3333333333333,10.2,10.275,360,0.85,8.0,10,85,2374
594.7777777777778,10.4,10.451040764008566,360,0.83,9.0,11,85,2375
729.4444444444443,11.0,10.586121593216772,360,0.81,11.0,12,85,2376
1043.6666666666665,11.7,10.671036952345707,360,0.8,10.0,13,85,2377
1268.1111111111113,13.0,10.7,360,0.77,9.0,14,85,2378
1021.2222222222222,14.7,10.671036952345707,360,0.74,10.0,15,85,2379
841.6666666666666,15.6,10.586121593216772,360,0.68,10.0,16,85,2380
482.5555555555556,15.0,10.451040764008566,360,0.71,9.0,17,85,2381
134.66666666666669,14.0,10.275,360,0.73,6.0,18,85,2382
0.0,12.7,10.069996188337143,360,0.78,4.0,19,85,2383
0.0,11.7,9.85,360,0.74,2.0,20,85,2384
0.0,11.5,9.630003811662856,360,0.64,4.0,21,85,2385
0.0,10.4,9.425,360,0.64,6.0,22,85,2386
0.0,10.1,9.248959235991435,360,0.66,2.0,23,85,2387
0.0,9.6,9.113878406783227,360,0.69,3.0,24,85,2388
0.0,9.0,9.342592717138665,360,0.72,2.0,1,86,2389
0.0,7.7,9.3,360,0.79,3.0,2,86,2390
0.0,8.7,9.342592717138665,360,0.73,4.0,3,86,2391
0.0,7.6,9.467468245269451,360,0.78,4.0,4,86,2392
0.0,6.0,9.666116523516816,360,0.83,2.0,5,86,2393
0.0,5.6,9.925,360,0.84,1.0,6,86,2394
123.44444444444446,7.9,10.22647619362185,360,0.8,2.0,7,86,2395
549.8888888888889,10.6,10.55,360,0.69,4.0,8,86,2396
482.5555555555556,10.1,10.873523806378152,360,0.71,4.0,9,86,2397
359.1111111111111,10.9,11.175,360,0.69,3.0,10,86,2398
1010.0,13.1,11.433883476483185,360,0.61,4.0,11,86,2399
1526.2222222222222,15.0,11.632531754730548,360,0.54,5.0,12,86,2400
1515.0,16.3,11.757407282861337,360,0.5,5.0,13,86,2401
1414.0000000000002,16.9,11.8,360,0.45,6.0,14,86,2402
1212.0,17.4,11.757407282861337,360,0.44,5.0,15,86,2403
931.4444444444445,17.3,11.632531754730548,360,0.42,6.0,16,86,2404
572.3333333333333,16.7,11.433883476483185,360,0.43,5.0,17,86,2405
202.0,14.8,11.175,360,0.52,4.0,18,86,2406
11.222222222222221,12.3,10.873523806378152,360,0.58,2.0,19,86,2407
0.0,11.8,10.55,360,0.6,2.0,20,86,2408
0.0,10.1,10.22647619362185,360,0.67,2.0,21,86,2409
0.0,10.4,9.925,360,0.66,4.0,22,86,2410
0.0,9.4,9.666116523516816,360,0.7,4.0,23,86,2411
0.0,8.9,9.467468245269453,360,0.7,2.0,24,86,2412
0.0,7.6,9.251111260566397,360,0.72,2.0,1,87,2413
0.0,7.3,9.2,360,0.74,2.0,2,87,2414
0.0,6.8,9.251111260566397,360,0.75,2.0,3,87,2415
0.0,6.8,9.400961894323341,360,0.76,2.0,4,87,2416
0.0,6.2,9.639339828220177,360,0.78,2.0,5,87,2417
11.222222222222221,5.0,9.95,360,0.81,2.0,6,87,2418
168.33333333333331,7.8,10.311771432346218,360,0.76,2.0,7,87,2419
538.6666666666667,9.5,10.7,360,0.72,3.0,8,87,2420
886.5555555555555,12.6,11.08822856765378,360,0.65,2.0,9,87,2421
1189.5555555555557,14.9,11.45,360,0.6,5.0,10,87,2422
1414.0000000000002,16.2,11.76066017177982,360,0.56,4.0,11,87,2423
1503.7777777777776,17.4,11.999038105676657,360,0.53,4.0,12,87,2424
1369.1111111111113,18.0,12.148888739433602,360,0.52,4.0,13,87,2425
1234.4444444444443,18.2,12.2,360,0.49,6.0,14,87,2426
1054.888888888889,17.8,12.148888739433602,360,0.54,7.0,15,87,2427
931.4444444444445,17.9,11.999038105676657,360,0.47,6.0,16,87,2428
561.1111111111111,17.3,11.76066017177982,360,0.55,4.0,17,87,2429
168.33333333333331,14.4,11.45,360,0.64,3.0,18,87,2430
11.222222222222221,12.3,11.08822856765378,360,0.66,6.0,19,87,2431
0.0,9.4,10.7,360,0.78,1.0,20,87,2432
0.0,9.6,10.311771432346218,360,0.76,1.0,21,87,2433
0.0,9.2,9.95,360,0.79,2.0,22,87,2434
0.0,8.9,9.639339828220178,360,0.83,3.0,23,87,2435
0.0,10.8,9.400961894323341,360,0.75,5.0,24,87,2436
0.0,10.4,10.642592717138665,360,0.85,5.0,1,88,2437
0.0,10.0,10.6,360,0.88,4.0,2,88,2438
0.0,9.9,10.642592717138664,360,0.89,2.0,3,88,2439
0.0,10.5,10.767468245269452,360,0.85,4.0,4,88,2440
0.0,10.2,10.966116523516815,360,0.86,4.0,5,88,2441
0.0,9.6,11.225,360,0.87,2.0,6,88,2442
67.33333333333334,10.0,11.526476193621848,360,0.87,4.0,7,88,2443
359.1111111111111,11.1,11.85,360,0.83,6.0,8,88,2444
931.4444444444445,13.5,12.173523806378151,360,0.74,6.0,9,88,2445
684.5555555555557,13.5,12.475,360,0.78,5.0,10,88,2446
740.6666666666667,14.8,12.733883476483184,360,0.69,4.0,11,88,2447
1503.7777777777776,16.7,12.932531754730547,360,0.6,4.0,12,88,2448
1245.6666666666665,16.4,13.057407282861336,360,0.57,5.0,13,88,2449
1436.4444444444443,17.3,13.1,360,0.56,5.0,14,88,2450
796.7777777777777,16.7,13.057407282861336,360,0.59,5.0,15,88,2451
673.3333333333333,17.1,12.932531754730547,360,0.55,4.0,16,88,2452
549.8888888888889,16.8,12.733883476483184,360,0.53,4.0,17,88,2453
190.77777777777777,14.9,12.475,360,0.53,4.0,18,88,2454
11.222222222222221,11.7,12.173523806378151,360,0.64,2.0,19,88,2455
0.0,9.9,11.85,360,0.71,1.0,20,88,2456
0.0,6.8,11.526476193621848,360,0.85,2.0,21,88,2457
0.0,5.8,11.225,360,0.88,1.0,22,88,2458
0.0,5.8,10.966116523516815,360,0.88,1.0,23,88,2459
0.0,5.5,10.767468245269452,360,0.89,1.0,24,88,2460
0.0,5.9,10.059629803994131,360,0.88,1.0,1,89,2461
0.0,5.6,10.0,360,0.89,1.0,2,89,2462
0.0,5.6,10.059629803994131,360,0.89,1.0,3,89,2463
0.0,4.9,10.234455543377232,360,0.9,1.0,4,89,2464
0.0,4.8,10.51256313292354,360,0.91,1.0,5,89,2465
11.222222222222221,4.8,10.875,360,0.91,0.0,6,89,2466
145.88888888888889,7.6,11.297066671070588,360,0.87,0.0,7,89,2467
516.2222222222223,11.3,11.75,360,0.81,3.0,8,89,2468
841.6666666666666,14.8,12.202933328929412,360,0.73,4.0,9,89,2469
1167.111111111111,17.6,12.625,360,0.58,5.0,10,89,2470
1357.8888888888891,19.1,12.987436867076458,360,0.54,4.0,11,89,2471
1447.6666666666667,19.8,13.265544456622768,360,0.54,5.0,12,89,2472
1470.111111111111,19.9,13.440370196005869,360,0.52,5.0,13,89,2473
1380.3333333333333,20.3,13.5,360,0.51,4.0,14,89,2474
1099.7777777777778,20.5,13.440370196005869,360,0.49,4.0,15,89,2475
886.5555555555555,20.3,13.265544456622768,360,0.5,4.0,16,89,2476
415.2222222222223,19.3,12.987436867076458,360,0.51,3.0,17,89,2477
179.55555555555554,18.2,12.625,360,0.56,2.0,18,89,2478
11.222222222222221,14.3,12.202933328929412,360,0.73,0.0,19,89,2479
0.0,12.2,11.75,360,0.73,0.0,20,89,2480
0.0,11.5,11.297066671070588,360,0.77,1.0,21,89,2481
0.0,10.8,10.875,360,0.78,1.0,22,89,2482
0.0,11.3,10.512563132923542,360,0.74,0.0,23,89,2483
0.0,11.0,10.234455543377232,360,0.74,1.0,24,89,2484
0.0,8.9,10.556222386623038,360,0.82,0.0,1,90,2485
0.0,7.7,10.5,360,0.87,0.0,2,90,2486
0.0,7.4,10.556222386623038,360,0.89,0.0,3,90,2487
0.0,6.8,10.721058083755675,360,0.9,1.0,4,90,2488
0.0,6.1,10.983273811042196,360,0.9,1.0,5,90,2489
0.0,5.9,11.325,360,0.91,1.0,6,90,2490
190.77777777777777,9.3,11.72294857558084,360,0.84,2.0,7,90,2491
561.1111111111111,12.9,12.15,360,0.76,2.0,8,90,2492
909.0,17.0,12.57705142441916,360,0.65,2.0,9,90,2493
1189.5555555555557,20.0,12.975000000000001,360,0.49,4.0,10,90,2494
1335.4444444444443,21.0,13.316726188957805,360,0.48,6.0,11,90,2495
1503.7777777777776,21.5,13.578941916244325,360,0.49,8.0,12,90,2496
1470.111111111111,22.2,13.743777613376963,360,0.42,8.0,13,90,2497
1425.2222222222222,23.0,13.8,360,0.35,8.0,14,90,2498
1122.2222222222222,22.7,13.743777613376963,360,0.4,8.0,15,90,2499
763.1111111111111,22.3,13.578941916244325,360,0.43,6.0,16,90,2500
