PARi,air_temperature,soil_temperature,ambient_CO2,humidity,Wind,hour,DOY,t
639.6666666666667,6.1,6.153108891324553,360,0.83,4.0,12,351,0
516.2222222222223,5.8,6.188074039201173,360,0.8,6.0,13,351,1
482.5555555555556,6.6,6.199999999999999,360,0.76,5.0,14,351,2
370.33333333333337,6.7,6.188074039201173,360,0.73,5.0,15,351,3
123.44444444444446,5.7,6.153108891324553,360,0.77,4.0,16,351,4
0.0,5.1,6.097487373415292,360,0.8,2.0,17,351,5
0.0,4.3,6.0249999999999995,360,0.82,1.0,18,351,6
0.0,3.4,5.940586665785882,360,0.85,1.0,19,351,7
0.0,3.0,5.85,360,0.87,3.0,20,351,8
0.0,2.8,5.759413334214117,360,0.88,2.0,21,351,9
0.0,2.6,5.675,360,0.88,2.0,22,351,10
0.0,2.1,5.602512626584708,360,0.89,2.0,23,351,11
0.0,2.4,5.546891108675446,360,0.9,4.0,24,351,12
0.0,2.1,5.522148212912106,360,0.9,3.0,1,352,13
0.0,2.5,5.5,360,0.9,4.0,2,352,14
0.0,3.3,5.522148212912106,360,0.89,5.0,3,352,15
0.0,3.1,5.587083487540115,360,0.9,4.0,4,352,16
0.0,3.8,5.6903805922287445,360,0.9,6.0,5,352,17
0.0,3.7,5.825,360,0.91,5.0,6,352,18
0.0,3.4,5.981767620683362,360,0.91,3.0,7,352,19
11.222222222222221,3.2,6.15,360,0.92,2.0,8,352,20
67.33333333333334,4.1,6.318232379316639,360,0.93,2.0,9,352,21
213.22222222222223,5.0,6.4750000000000005,360,0.93,2.0,10,352,22
303.0,6.5,6.609619407771256,360,0.9,3.0,11,352,23
347.8888888888889,7.0,6.712916512459885,360,0.88,3.0,12,352,24
359.1111111111111,7.2,6.7778517870878945,360,0.87,3.0,13,352,25
347.8888888888889,8.1,6.800000000000001,360,0.85,2.0,14,352,26
157.1111111111111,7.3,6.7778517870878945,360,0.89,3.0,15,352,27
44.888888888888886,6.9,6.712916512459885,360,0.9,3.0,16,352,28
0.0,6.6,6.609619407771256,360,0.91,4.0,17,352,29
0.0,6.4,6.4750000000000005,360,0.92,4.0,18,352,30
0.0,5.8,6.318232379316639,360,0.92,4.0,19,352,31
0.0,6.0,6.15,360,0.92,4.0,20,352,32
0.0,5.6,5.981767620683362,360,0.93,4.0,21,352,33
0.0,5.5,5.825,360,0.93,4.0,22,352,34
0.0,5.5,5.6903805922287445,360,0.93,5.0,23,352,35
0.0,6.0,5.587083487540116,360,0.93,4.0,24,352,36
0.0,6.4,6.622148212912105,360,0.94,4.0,1,353,37
0.0,6.6,6.6,360,0.94,6.0,2,353,38
0.0,7.3,6.622148212912105,360,0.94,6.0,3,353,39
0.0,8.0,6.687083487540114,360,0.92,6.0,4,353,40
0.0,8.5,6.790380592228743,360,0.91,8.0,5,353,41
0.0,8.5,6.925,360,0.93,8.0,6,353,42
0.0,9.0,7.081767620683362,360,0.93,10.0,7,353,43
11.222222222222221,9.3,7.25,360,0.94,8.0,8,353,44
33.66666666666667,9.7,7.418232379316638,360,0.94,7.0,9,353,45
67.33333333333334,10.2,7.575,360,0.94,5.0,10,353,46
145.88888888888889,10.7,7.709619407771256,360,0.94,6.0,11,353,47
291.77777777777777,11.0,7.812916512459886,360,0.9,9.0,12,353,48
269.33333333333337,10.5,7.877851787087895,360,0.87,8.0,13,353,49
392.7777777777778,9.1,7.9,360,0.84,11.0,14,353,50
325.44444444444446,8.3,7.877851787087895,360,0.8,10.0,15,353,51
145.88888888888889,6.8,7.812916512459886,360,0.83,8.0,16,353,52
0.0,5.1,7.709619407771256,360,0.85,6.0,17,353,53
0.0,4.7,7.575,360,0.87,6.0,18,353,54
0.0,4.3,7.418232379316638,360,0.88,6.0,19,353,55
0.0,3.9,7.25,360,0.88,4.0,20,353,56
0.0,3.7,7.081767620683362,360,0.89,5.0,21,353,57
0.0,3.2,6.925,360,0.9,4.0,22,353,58
0.0,2.7,6.790380592228744,360,0.9,4.0,23,353,59
0.0,1.9,6.687083487540114,360,0.9,4.0,24,353,60
0.0,1.4,5.513629669484374,360,0.91,3.0,1,354,61
0.0,1.7,5.5,360,0.91,2.0,2,354,62
0.0,0.9,5.513629669484373,360,0.92,2.0,3,354,63
0.0,0.6,5.553589838486225,360,0.92,3.0,4,354,64
0.0,0.5,5.617157287525381,360,0.92,2.0,5,354,65
0.0,0.6,5.7,360,0.92,2.0,6,354,66
0.0,0.1,5.796472381958992,360,0.92,3.0,7,354,67
11.222222222222221,0.1,5.9,360,0.93,2.0,8,354,68
78.55555555555554,-0.1,6.003527618041009,360,0.93,4.0,9,354,69
145.88888888888889,0.7,6.1000000000000005,360,0.93,3.0,10,354,70
359.1111111111111,2.0,6.18284271247462,360,0.93,4.0,11,354,71
303.0,3.2,6.246410161513776,360,0.94,4.0,12,354,72
370.33333333333337,3.7,6.286370330515628,360,0.94,4.0,13,354,73
314.2222222222222,4.0,6.300000000000001,360,0.94,4.0,14,354,74
336.66666666666663,4.8,6.286370330515628,360,0.93,4.0,15,354,75
78.55555555555554,3.3,6.246410161513776,360,0.93,2.0,16,354,76
0.0,3.3,6.18284271247462,360,0.93,3.0,17,354,77
0.0,2.9,6.1000000000000005,360,0.93,3.0,18,354,78
0.0,2.3,6.003527618041009,360,0.93,3.0,19,354,79
0.0,1.6,5.9,360,0.93,2.0,20,354,80
0.0,2.1,5.796472381958992,360,0.93,2.0,21,354,81
0.0,1.2,5.7,360,0.93,2.0,22,354,82
0.0,0.5,5.617157287525382,360,0.93,2.0,23,354,83
0.0,0.3,5.553589838486225,360,0.94,2.0,24,354,84
0.0,-0.2,5.227259338968746,360,0.94,2.0,1,355,85
0.0,-0.6,5.2,360,0.94,2.0,2,355,86
0.0,-0.4,5.227259338968746,360,0.94,2.0,3,355,87
0.0,-0.1,5.307179676972449,360,0.94,2.0,4,355,88
0.0,0.1,5.434314575050761,360,0.94,2.0,5,355,89
0.0,0.4,5.6,360,0.94,2.0,6,355,90
0.0,0.8,5.792944763917983,360,0.94,2.0,7,355,91
0.0,1.3,6.0,360,0.94,2.0,8,355,92
67.33333333333334,1.9,6.207055236082017,360,0.95,2.0,9,355,93
123.44444444444446,3.0,6.4,360,0.95,3.0,10,355,94
325.44444444444446,4.4,6.565685424949238,360,0.95,2.0,11,355,95
617.2222222222222,6.1,6.692820323027551,360,0.94,4.0,12,355,96
460.11111111111114,7.0,6.772740661031254,360,0.9,4.0,13,355,97
224.44444444444446,7.1,6.8,360,0.9,4.0,14,355,98
101.0,7.1,6.772740661031254,360,0.9,4.0,15,355,99
44.888888888888886,7.0,6.692820323027551,360,0.9,3.0,16,355,100
0.0,6.7,6.565685424949238,360,0.9,2.0,17,355,101
0.0,6.7,6.4,360,0.9,2.0,18,355,102
0.0,6.7,6.207055236082017,360,0.91,2.0,19,355,103
0.0,6.6,6.0,360,0.91,2.0,20,355,104
0.0,6.5,5.792944763917983,360,0.91,2.0,21,355,105
0.0,6.5,5.6000000000000005,360,0.92,2.0,22,355,106
0.0,6.6,5.434314575050762,360,0.92,2.0,23,355,107
0.0,6.5,5.307179676972449,360,0.93,3.0,24,355,108
0.0,6.4,6.523851921597652,360,0.93,3.0,1,356,109
0.0,6.4,6.5,360,0.93,2.0,2,356,110
0.0,6.5,6.523851921597652,360,0.94,2.0,3,356,111
0.0,6.5,6.593782217350893,360,0.94,3.0,4,356,112
0.0,6.5,6.705025253169416,360,0.94,1.0,5,356,113
0.0,6.5,6.85,360,0.94,2.0,6,356,114
0.0,6.6,7.018826668428236,360,0.94,2.0,7,356,115
11.222222222222221,6.7,7.2,360,0.94,0.0,8,356,116
56.111111111111114,7.1,7.381173331571765,360,0.94,1.0,9,356,117
134.66666666666669,7.6,7.550000000000001,360,0.95,2.0,10,356,118
258.11111111111114,8.3,7.694974746830583,360,0.95,2.0,11,356,119
269.33333333333337,8.7,7.8062177826491075,360,0.94,3.0,12,356,120
258.11111111111114,9.1,7.876148078402348,360,0.94,3.0,13,356,121
89.77777777777777,9.1,7.9,360,0.93,3.0,14,356,122
78.55555555555554,9.1,7.876148078402348,360,0.92,4.0,15,356,123
22.444444444444443,8.6,7.8062177826491075,360,0.92,2.0,16,356,124
0.0,8.3,7.694974746830583,360,0.93,2.0,17,356,125
0.0,8.3,7.550000000000001,360,0.93,4.0,18,356,126
0.0,8.0,7.381173331571765,360,0.93,4.0,19,356,127
0.0,7.8,7.2,360,0.93,2.0,20,356,128
0.0,7.7,7.018826668428236,360,0.93,2.0,21,356,129
0.0,7.6,6.8500000000000005,360,0.93,2.0,22,356,130
0.0,7.5,6.705025253169417,360,0.94,2.0,23,356,131
0.0,7.4,6.593782217350893,360,0.94,2.0,24,356,132
0.0,7.2,7.810222252113279,360,0.94,3.0,1,357,133
0.0,7.1,7.799999999999999,360,0.94,3.0,2,357,134
0.0,7.1,7.810222252113279,360,0.94,2.0,3,357,135
0.0,7.1,7.840192378864668,360,0.94,2.0,4,357,136
0.0,7.2,7.887867965644035,360,0.94,2.0,5,357,137
0.0,7.3,7.949999999999999,360,0.94,2.0,6,357,138
0.0,7.2,8.022354286469243,360,0.94,2.0,7,357,139
0.0,7.2,8.1,360,0.94,2.0,8,357,140
112.22222222222223,7.6,8.177645713530756,360,0.94,3.0,9,357,141
89.77777777777777,7.8,8.25,360,0.94,3.0,10,357,142
101.0,8.0,8.312132034355963,360,0.94,3.0,11,357,143
157.1111111111111,8.4,8.359807621135332,360,0.93,3.0,12,357,144
190.77777777777777,8.6,8.38977774788672,360,0.93,3.0,13,357,145
157.1111111111111,8.9,8.4,360,0.92,3.0,14,357,146
67.33333333333334,8.8,8.38977774788672,360,0.92,3.0,15,357,147
44.888888888888886,8.7,8.359807621135332,360,0.92,2.0,16,357,148
0.0,8.5,8.312132034355963,360,0.92,2.0,17,357,149
0.0,8.3,8.25,360,0.93,1.0,18,357,150
0.0,8.4,8.177645713530756,360,0.94,1.0,19,357,151
0.0,8.2,8.1,360,0.94,2.0,20,357,152
0.0,8.1,8.022354286469243,360,0.94,2.0,21,357,153
0.0,7.7,7.949999999999999,360,0.94,2.0,22,357,154
0.0,7.2,7.887867965644035,360,0.94,2.0,23,357,155
0.0,5.0,7.840192378864668,360,0.94,1.0,24,357,156
0.0,5.5,7.910222252113279,360,0.94,0.0,1,358,157
0.0,6.4,7.8999999999999995,360,0.94,1.0,2,358,158
0.0,6.6,7.910222252113279,360,0.95,1.0,3,358,159
0.0,7.0,7.940192378864667,360,0.95,0.0,4,358,160
0.0,6.8,7.9878679656440355,360,0.95,1.0,5,358,161
0.0,6.9,8.049999999999999,360,0.95,1.0,6,358,162
0.0,6.2,8.122354286469243,360,0.95,2.0,7,358,163
0.0,5.8,8.2,360,0.95,2.0,8,358,164
56.111111111111114,6.7,8.277645713530756,360,0.95,1.0,9,358,165
101.0,7.0,8.35,360,0.95,2.0,10,358,166
134.66666666666669,7.4,8.412132034355963,360,0.95,1.0,11,358,167
145.88888888888889,7.8,8.459807621135331,360,0.95,2.0,12,358,168
179.55555555555554,8.1,8.48977774788672,360,0.95,2.0,13,358,169
134.66666666666669,8.3,8.5,360,0.95,2.0,14,358,170
101.0,8.4,8.48977774788672,360,0.95,1.0,15,358,171
33.66666666666667,8.3,8.459807621135331,360,0.95,0.0,16,358,172
0.0,8.2,8.412132034355963,360,0.95,2.0,17,358,173
0.0,8.2,8.35,360,0.93,4.0,18,358,174
0.0,8.4,8.277645713530756,360,0.91,2.0,19,358,175
0.0,8.1,8.2,360,0.91,2.0,20,358,176
0.0,7.9,8.122354286469243,360,0.92,1.0,21,358,177
0.0,7.8,8.049999999999999,360,0.91,2.0,22,358,178
0.0,7.7,7.9878679656440355,360,0.93,2.0,23,358,179
0.0,7.7,7.940192378864668,360,0.92,2.0,24,358,180
0.0,7.6,8.203407417371093,360,0.92,2.0,1,359,181
0.0,7.5,8.2,360,0.91,2.0,2,359,182
0.0,7.5,8.203407417371093,360,0.9,2.0,3,359,183
0.0,7.2,8.213397459621556,360,0.91,2.0,4,359,184
0.0,7.0,8.229289321881346,360,0.91,3.0,5,359,185
0.0,6.8,8.25,360,0.91,2.0,6,359,186
0.0,6.6,8.274118095489749,360,0.91,2.0,7,359,187
0.0,6.6,8.3,360,0.92,2.0,8,359,188
11.222222222222221,6.6,8.325881904510252,360,0.92,2.0,9,359,189
44.888888888888886,6.7,8.350000000000001,360,0.92,2.0,10,359,190
67.33333333333334,6.8,8.370710678118655,360,0.92,2.0,11,359,191
78.55555555555554,6.8,8.386602540378446,360,0.92,2.0,12,359,192
89.77777777777777,6.7,8.396592582628909,360,0.91,2.0,13,359,193
89.77777777777777,6.6,8.400000000000002,360,0.9,2.0,14,359,194
56.111111111111114,6.5,8.396592582628909,360,0.91,2.0,15,359,195
11.222222222222221,6.3,8.386602540378446,360,0.91,2.0,16,359,196
11.222222222222221,6.1,8.370710678118655,360,0.91,2.0,17,359,197
0.0,5.8,8.350000000000001,360,0.92,2.0,18,359,198
0.0,5.6,8.325881904510252,360,0.92,2.0,19,359,199
0.0,5.2,8.3,360,0.93,3.0,20,359,200
0.0,4.9,8.274118095489749,360,0.93,3.0,21,359,201
0.0,4.9,8.25,360,0.93,2.0,22,359,202
0.0,4.7,8.229289321881346,360,0.93,4.0,23,359,203
0.0,4.7,8.213397459621556,360,0.92,2.0,24,359,204
0.0,4.6,7.50511112605664,360,0.92,2.0,1,360,205
0.0,4.1,7.5,360,0.92,4.0,2,360,206
0.0,3.4,7.50511112605664,360,0.92,4.0,3,360,207
0.0,3.2,7.520096189432334,360,0.92,4.0,4,360,208
0.0,2.9,7.543933982822018,360,0.92,6.0,5,360,209
0.0,3.1,7.575,360,0.93,2.0,6,360,210
0.0,2.7,7.611177143234622,360,0.93,4.0,7,360,211
0.0,2.7,7.65,360,0.93,4.0,8,360,212
22.444444444444443,2.9,7.688822856765379,360,0.94,4.0,9,360,213
89.77777777777777,3.4,7.7250000000000005,360,0.93,5.0,10,360,214
134.66666666666669,4.0,7.756066017177982,360,0.93,7.0,11,360,215
145.88888888888889,4.2,7.779903810567666,360,0.92,6.0,12,360,216
190.77777777777777,4.1,7.794888873943361,360,0.92,8.0,13,360,217
123.44444444444446,3.7,7.800000000000001,360,0.93,7.0,14,360,218
67.33333333333334,3.5,7.794888873943361,360,0.93,6.0,15,360,219
22.444444444444443,3.2,7.779903810567666,360,0.94,6.0,16,360,220
11.222222222222221,3.2,7.756066017177982,360,0.94,6.0,17,360,221
0.0,3.6,7.7250000000000005,360,0.94,7.0,18,360,222
0.0,3.6,7.688822856765379,360,0.94,6.0,19,360,223
0.0,3.8,7.65,360,0.94,7.0,20,360,224
0.0,5.0,7.611177143234622,360,0.92,10.0,21,360,225
0.0,5.5,7.575,360,0.91,10.0,22,360,226
0.0,6.8,7.543933982822018,360,0.89,12.0,23,360,227
0.0,7.3,7.520096189432334,360,0.89,13.0,24,360,228
0.0,8.2,6.8136296694843725,360,0.89,17.0,1,361,229
0.0,8.4,6.799999999999999,360,0.88,18.0,2,361,230
0.0,6.6,6.813629669484372,360,0.87,16.0,3,361,231
0.0,5.7,6.853589838486224,360,0.89,12.0,4,361,232
0.0,5.0,6.91715728752538,360,0.9,6.0,5,361,233
0.0,4.8,6.999999999999999,360,0.9,4.0,6,361,234
0.0,4.4,7.096472381958991,360,0.91,4.0,7,361,235
0.0,4.4,7.199999999999999,360,0.91,4.0,8,361,236
101.0,5.1,7.303527618041008,360,0.91,6.0,9,361,237
235.66666666666669,6.2,7.3999999999999995,360,0.89,7.0,10,361,238
404.0,7.7,7.482842712474619,360,0.89,8.0,11,361,239
336.66666666666663,8.1,7.546410161513775,360,0.88,8.0,12,361,240
448.8888888888889,8.3,7.586370330515627,360,0.87,10.0,13,361,241
325.44444444444446,8.6,7.6,360,0.87,10.0,14,361,242
179.55555555555554,8.6,7.586370330515627,360,0.87,11.0,15,361,243
44.888888888888886,8.0,7.546410161513775,360,0.88,11.0,16,361,244
0.0,7.5,7.482842712474619,360,0.89,11.0,17,361,245
0.0,7.7,7.3999999999999995,360,0.89,13.0,18,361,246
0.0,6.7,7.303527618041008,360,0.9,18.0,19,361,247
0.0,6.5,7.199999999999999,360,0.89,16.0,20,361,248
0.0,6.4,7.096472381958991,360,0.89,15.0,21,361,249
0.0,6.4,6.999999999999999,360,0.91,18.0,22,361,250
0.0,5.1,6.917157287525381,360,0.91,14.0,23,361,251
0.0,6.1,6.853589838486224,360,0.92,9.0,24,361,252
0.0,6.4,6.803407417371093,360,0.93,10.0,1,362,253
0.0,4.9,6.800000000000001,360,0.9,9.0,2,362,254
0.0,4.0,6.803407417371093,360,0.91,9.0,3,362,255
0.0,3.8,6.813397459621556,360,0.91,6.0,4,362,256
0.0,3.8,6.829289321881346,360,0.92,6.0,5,362,257
0.0,4.0,6.8500000000000005,360,0.93,6.0,6,362,258
0.0,3.8,6.874118095489748,360,0.93,5.0,7,362,259
0.0,4.7,6.9,360,0.93,8.0,8,362,260
89.77777777777777,5.6,6.925881904510253,360,0.87,9.0,9,362,261
101.0,5.7,6.95,360,0.84,10.0,10,362,262
168.33333333333331,5.4,6.970710678118655,360,0.84,11.0,11,362,263
404.0,6.4,6.986602540378445,360,0.78,13.0,12,362,264
594.7777777777778,6.5,6.9965925826289075,360,0.75,12.0,13,362,265
482.5555555555556,6.5,7.0,360,0.68,12.0,14,362,266
314.2222222222222,6.1,6.9965925826289075,360,0.72,10.0,15,362,267
112.22222222222223,5.6,6.986602540378445,360,0.77,10.0,16,362,268
0.0,4.3,6.970710678118655,360,0.83,12.0,17,362,269
0.0,3.3,6.95,360,0.85,14.0,18,362,270
0.0,2.7,6.925881904510253,360,0.87,6.0,19,362,271
0.0,2.2,6.9,360,0.88,4.0,20,362,272
0.0,2.2,6.874118095489748,360,0.87,4.0,21,362,273
0.0,2.1,6.8500000000000005,360,0.87,4.0,22,362,274
0.0,1.1,6.829289321881346,360,0.88,4.0,23,362,275
0.0,1.7,6.813397459621556,360,0.87,4.0,24,362,276
0.0,0.0,5.010222252113279,360,0.9,3.0,1,363,277
0.0,-0.4,5.0,360,0.9,3.0,2,363,278
0.0,-0.4,5.010222252113279,360,0.91,3.0,3,363,279
0.0,-0.5,5.040192378864669,360,0.91,4.0,4,363,280
0.0,-0.3,5.087867965644036,360,0.9,4.0,5,363,281
0.0,-0.2,5.1499999999999995,360,0.9,4.0,6,363,282
0.0,-0.6,5.222354286469244,360,0.91,4.0,7,363,283
11.222222222222221,-1.2,5.3,360,0.91,3.0,8,363,284
168.33333333333331,0.8,5.377645713530756,360,0.9,3.0,9,363,285
280.55555555555554,1.2,5.45,360,0.89,3.0,10,363,286
336.66666666666663,1.6,5.512132034355964,360,0.89,4.0,11,363,287
437.6666666666667,3.2,5.559807621135331,360,0.89,4.0,12,363,288
426.44444444444446,4.9,5.58977774788672,360,0.86,4.0,13,363,289
314.2222222222222,4.4,5.6,360,0.86,3.0,14,363,290
168.33333333333331,4.5,5.58977774788672,360,0.86,3.0,15,363,291
101.0,4.1,5.559807621135331,360,0.87,3.0,16,363,292
11.222222222222221,3.4,5.512132034355964,360,0.89,2.0,17,363,293
0.0,1.6,5.45,360,0.9,1.0,18,363,294
0.0,0.7,5.377645713530756,360,0.91,2.0,19,363,295
0.0,2.7,5.3,360,0.9,3.0,20,363,296
0.0,2.7,5.222354286469244,360,0.9,4.0,21,363,297
0.0,2.9,5.15,360,0.9,4.0,22,363,298
0.0,3.4,5.087867965644036,360,0.9,3.0,23,363,299
0.0,3.0,5.040192378864669,360,0.91,3.0,24,363,300
0.0,3.5,5.351111260566398,360,0.91,6.0,1,364,301
0.0,3.7,5.300000000000001,360,0.92,7.0,2,364,302
0.0,3.9,5.351111260566398,360,0.92,8.0,3,364,303
0.0,4.5,5.500961894323342,360,0.93,9.0,4,364,304
0.0,4.8,5.739339828220179,360,0.93,8.0,5,364,305
0.0,5.0,6.05,360,0.94,8.0,6,364,306
0.0,5.4,6.41177143234622,360,0.94,7.0,7,364,307
0.0,5.4,6.800000000000001,360,0.94,7.0,8,364,308
44.888888888888886,5.8,7.188228567653782,360,0.94,7.0,9,364,309
145.88888888888889,6.4,7.550000000000001,360,0.94,8.0,10,364,310
336.66666666666663,8.1,7.860660171779823,360,0.92,8.0,11,364,311
493.7777777777778,8.8,8.099038105676659,360,0.9,11.0,12,364,312
190.77777777777777,10.2,8.248888739433603,360,0.9,10.0,13,364,313
202.0,11.4,8.3,360,0.9,11.0,14,364,314
145.88888888888889,11.5,8.248888739433603,360,0.9,9.0,15,364,315
56.111111111111114,11.4,8.099038105676659,360,0.9,13.0,16,364,316
0.0,11.2,7.860660171779823,360,0.9,14.0,17,364,317
0.0,11.1,7.550000000000001,360,0.9,11.0,18,364,318
0.0,11.1,7.188228567653782,360,0.9,11.0,19,364,319
0.0,11.1,6.800000000000001,360,0.91,9.0,20,364,320
0.0,10.8,6.41177143234622,360,0.91,11.0,21,364,321
0.0,10.9,6.050000000000001,360,0.91,8.0,22,364,322
0.0,11.4,5.73933982822018,360,0.92,8.0,23,364,323
0.0,11.3,5.500961894323343,360,0.92,8.0,24,364,324
0.0,11.3,7.042592717138665,360,0.92,9.0,1,365,325
0.0,11.7,7.0,360,0.94,8.0,2,365,326
0.0,12.9,7.042592717138665,360,0.93,16.0,3,365,327
0.0,12.7,7.167468245269451,360,0.92,18.0,4,365,328
0.0,12.5,7.366116523516816,360,0.92,16.0,5,365,329
0.0,12.3,7.624999999999999,360,0.93,16.0,6,365,330
0.0,12.3,7.926476193621849,360,0.93,14.0,7,365,331
0.0,12.3,8.25,360,0.93,14.0,8,365,332
22.444444444444443,12.4,8.573523806378152,360,0.93,14.0,9,365,333
56.111111111111114,12.6,8.875,360,0.93,15.0,10,365,334
67.33333333333334,12.6,9.133883476483184,360,0.93,12.0,11,365,335
123.44444444444446,13.3,9.332531754730548,360,0.91,12.0,12,365,336
101.0,13.7,9.457407282861336,360,0.9,12.0,13,365,337
101.0,13.4,9.5,360,0.91,11.0,14,365,338
67.33333333333334,13.4,9.457407282861336,360,0.91,11.0,15,365,339
56.111111111111114,13.4,9.332531754730548,360,0.9,12.0,16,365,340
0.0,13.0,9.133883476483184,360,0.9,11.0,17,365,341
0.0,12.9,8.875,360,0.89,11.0,18,365,342
0.0,12.6,8.573523806378152,360,0.9,10.0,19,365,343
0.0,12.4,8.25,360,0.91,10.0,20,365,344
0.0,12.5,7.926476193621849,360,0.9,11.0,21,365,345
0.0,12.7,7.625,360,0.9,11.0,22,365,346
0.0,12.5,7.366116523516816,360,0.89,10.0,23,365,347
0.0,12.5,7.167468245269451,360,0.87,10.0,24,365,348
0.0,10.9,9.106814834742186,360,0.91,9.0,1,366,349
0.0,11.8,9.100000000000001,360,0.88,10.0,2,366,350
0.0,12.1,9.106814834742186,360,0.87,9.0,3,366,351
0.0,10.8,9.126794919243112,360,0.89,8.0,4,366,352
0.0,10.6,9.158578643762691,360,0.9,8.0,5,366,353
0.0,9.7,9.200000000000001,360,0.91,8.0,6,366,354
0.0,9.7,9.248236190979496,360,0.89,11.0,7,366,355
11.222222222222221,9.7,9.3,360,0.88,9.0,8,366,356
168.33333333333331,9.9,9.351763809020506,360,0.87,9.0,9,366,357
359.1111111111111,11.1,9.4,360,0.86,12.0,10,366,358
404.0,11.5,9.44142135623731,360,0.85,10.0,11,366,359
662.1111111111112,13.0,9.47320508075689,360,0.81,10.0,12,366,360
516.2222222222223,13.3,9.493185165257815,360,0.78,12.0,13,366,361
370.33333333333337,13.2,9.5,360,0.8,12.0,14,366,362
56.111111111111114,11.3,9.493185165257815,360,0.9,14.0,15,366,363
22.444444444444443,9.9,9.47320508075689,360,0.9,12.0,16,366,364
0.0,9.6,9.44142135623731,360,0.88,11.0,17,366,365
0.0,9.2,9.4,360,0.88,10.0,18,366,366
0.0,9.0,9.351763809020506,360,0.88,10.0,19,366,367
0.0,9.4,9.3,360,0.88,9.0,20,366,368
0.0,9.1,9.248236190979496,360,0.86,10.0,21,366,369
0.0,8.4,9.200000000000001,360,0.88,14.0,22,366,370
0.0,7.4,9.158578643762691,360,0.88,13.0,23,366,371
0.0,7.3,9.126794919243112,360,0.88,6.0,24,366,372
0.0,7.7,7.708518543427733,360,0.87,8.0,1,1,373
0.0,7.5,7.699999999999999,360,0.87,9.0,2,1,374
0.0,7.1,7.708518543427733,360,0.89,8.0,3,1,375
0.0,6.9,7.73349364905389,360,0.89,6.0,4,1,376
0.0,7.0,7.773223304703363,360,0.89,8.0,5,1,377
0.0,6.9,7.824999999999999,360,0.9,8.0,6,1,378
0.0,7.2,7.885295238724369,360,0.9,8.0,7,1,379
0.0,8.1,7.949999999999999,360,0.91,14.0,8,1,380
11.222222222222221,8.4,8.01470476127563,360,0.93,14.0,9,1,381
22.444444444444443,9.9,8.075,360,0.91,16.0,10,1,382
56.111111111111114,10.4,8.126776695296636,360,0.89,16.0,11,1,383
22.444444444444443,9.0,8.166506350946108,360,0.91,20.0,12,1,384
56.111111111111114,5.4,8.191481456572266,360,0.93,10.0,13,1,385
224.44444444444446,8.5,8.2,360,0.9,10.0,14,1,386
213.22222222222223,9.6,8.191481456572266,360,0.88,12.0,15,1,387
123.44444444444446,9.3,8.166506350946108,360,0.85,10.0,16,1,388
11.222222222222221,8.6,8.126776695296636,360,0.86,9.0,17,1,389
0.0,7.9,8.075,360,0.87,7.0,18,1,390
0.0,6.7,8.01470476127563,360,0.89,6.0,19,1,391
0.0,6.7,7.949999999999999,360,0.9,8.0,20,1,392
0.0,6.6,7.885295238724369,360,0.9,8.0,21,1,393
0.0,6.2,7.824999999999999,360,0.9,6.0,22,1,394
0.0,5.7,7.773223304703363,360,0.9,6.0,23,1,395
0.0,6.3,7.73349364905389,360,0.9,7.0,24,1,396
0.0,6.4,7.242592717138664,360,0.89,6.0,1,2,397
0.0,6.3,7.199999999999999,360,0.91,6.0,2,2,398
0.0,6.6,7.242592717138664,360,0.91,3.0,3,2,399
0.0,6.8,7.3674682452694515,360,0.92,4.0,4,2,400
0.0,7.5,7.566116523516815,360,0.92,4.0,5,2,401
0.0,7.9,7.824999999999999,360,0.91,6.0,6,2,402
0.0,7.7,8.12647619362185,360,0.93,6.0,7,2,403
0.0,7.8,8.45,360,0.93,6.0,8,2,404
56.111111111111114,7.9,8.77352380637815,360,0.93,7.0,9,2,405
157.1111111111111,8.3,9.075,360,0.93,8.0,10,2,406
224.44444444444446,8.8,9.333883476483184,360,0.93,8.0,11,2,407
202.0,9.2,9.532531754730547,360,0.93,8.0,12,2,408
190.77777777777777,10.2,9.657407282861334,360,0.94,8.0,13,2,409
145.88888888888889,11.3,9.7,360,0.94,7.0,14,2,410
78.55555555555554,12.4,9.657407282861334,360,0.95,8.0,15,2,411
44.888888888888886,12.4,9.532531754730547,360,0.94,10.0,16,2,412
0.0,12.1,9.333883476483184,360,0.94,10.0,17,2,413
0.0,11.9,9.075,360,0.94,9.0,18,2,414
0.0,12.0,8.77352380637815,360,0.94,9.0,19,2,415
0.0,12.0,8.45,360,0.94,10.0,20,2,416
0.0,12.2,8.12647619362185,360,0.93,10.0,21,2,417
0.0,12.2,7.824999999999999,360,0.93,11.0,22,2,418
0.0,12.4,7.566116523516815,360,0.94,10.0,23,2,419
0.0,13.1,7.3674682452694515,360,0.93,14.0,24,2,420
0.0,13.2,8.525555630283199,360,0.93,15.0,1,3,421
0.0,13.4,8.5,360,0.93,17.0,2,3,422
0.0,13.6,8.525555630283199,360,0.93,18.0,3,3,423
0.0,13.6,8.600480947161671,360,0.93,20.0,4,3,424
0.0,13.4,8.719669914110089,360,0.91,19.0,5,3,425
0.0,12.6,8.875,360,0.88,18.0,6,3,426
0.0,12.1,9.05588571617311,360,0.87,17.0,7,3,427
0.0,11.9,9.25,360,0.88,16.0,8,3,428
44.888888888888886,11.8,9.44411428382689,360,0.86,16.0,9,3,429
101.0,11.5,9.625,360,0.87,13.0,10,3,430
157.1111111111111,11.9,9.780330085889911,360,0.87,15.0,11,3,431
101.0,10.6,9.899519052838329,360,0.91,11.0,12,3,432
235.66666666666669,11.8,9.974444369716801,360,0.84,14.0,13,3,433
101.0,11.4,10.0,360,0.85,11.0,14,3,434
67.33333333333334,10.9,9.974444369716801,360,0.87,11.0,15,3,435
22.444444444444443,10.3,9.899519052838329,360,0.91,12.0,16,3,436
0.0,10.2,9.780330085889911,360,0.91,11.0,17,3,437
0.0,10.1,9.625,360,0.91,10.0,18,3,438
0.0,10.0,9.44411428382689,360,0.91,10.0,19,3,439
0.0,9.8,9.25,360,0.92,10.0,20,3,440
0.0,9.5,9.05588571617311,360,0.93,10.0,21,3,441
0.0,10.0,8.875,360,0.94,8.0,22,3,442
0.0,12.1,8.719669914110089,360,0.94,10.0,23,3,443
0.0,13.1,8.600480947161671,360,0.93,15.0,24,3,444
0.0,12.9,9.518740795541014,360,0.93,17.0,1,4,445
0.0,12.8,9.5,360,0.93,15.0,2,4,446
0.0,12.7,9.518740795541014,360,0.93,16.0,3,4,447
0.0,12.6,9.57368602791856,360,0.93,15.0,4,4,448
0.0,12.4,9.6610912703474,360,0.93,14.0,5,4,449
0.0,12.6,9.775,360,0.91,15.0,6,4,450
0.0,12.3,9.907649525193614,360,0.92,14.0,7,4,451
0.0,12.4,10.05,360,0.92,15.0,8,4,452
22.444444444444443,12.1,10.192350474806387,360,0.93,13.0,9,4,453
56.111111111111114,12.4,10.325000000000001,360,0.93,13.0,10,4,454
123.44444444444446,12.7,10.438908729652601,360,0.92,14.0,11,4,455
134.66666666666669,12.9,10.526313972081441,360,0.93,13.0,12,4,456
67.33333333333334,12.9,10.581259204458988,360,0.93,15.0,13,4,457
67.33333333333334,12.6,10.600000000000001,360,0.93,15.0,14,4,458
56.111111111111114,13.0,10.581259204458988,360,0.91,15.0,15,4,459
22.444444444444443,12.7,10.526313972081441,360,0.92,15.0,16,4,460
0.0,12.5,10.438908729652601,360,0.93,13.0,17,4,461
0.0,12.3,10.325000000000001,360,0.94,14.0,18,4,462
0.0,11.4,10.192350474806387,360,0.92,11.0,19,4,463
0.0,10.3,10.05,360,0.92,7.0,20,4,464
0.0,10.0,9.907649525193614,360,0.92,6.0,21,4,465
0.0,10.1,9.775,360,0.92,7.0,22,4,466
0.0,10.5,9.6610912703474,360,0.93,6.0,23,4,467
0.0,10.7,9.57368602791856,360,0.92,8.0,24,4,468
0.0,10.8,10.103407417371091,360,0.93,7.0,1,5,469
0.0,11.3,10.099999999999998,360,0.93,6.0,2,5,470
0.0,11.4,10.103407417371091,360,0.93,7.0,3,5,471
0.0,10.7,10.113397459621554,360,0.93,6.0,4,5,472
0.0,10.5,10.129289321881345,360,0.94,6.0,5,5,473
0.0,11.5,10.149999999999999,360,0.94,7.0,6,5,474
0.0,10.3,10.174118095489748,360,0.94,6.0,7,5,475
0.0,9.8,10.2,360,0.93,8.0,8,5,476
33.66666666666667,9.4,10.225881904510251,360,0.93,7.0,9,5,477
101.0,9.7,10.25,360,0.93,6.0,10,5,478
258.11111111111114,9.9,10.270710678118654,360,0.91,7.0,11,5,479
258.11111111111114,9.8,10.286602540378444,360,0.9,7.0,12,5,480
157.1111111111111,9.9,10.296592582628907,360,0.91,7.0,13,5,481
123.44444444444446,10.1,10.3,360,0.91,8.0,14,5,482
179.55555555555554,10.2,10.296592582628907,360,0.91,8.0,15,5,483
67.33333333333334,9.5,10.286602540378444,360,0.92,7.0,16,5,484
0.0,8.6,10.270710678118654,360,0.93,7.0,17,5,485
0.0,8.2,10.25,360,0.93,4.0,18,5,486
0.0,8.4,10.225881904510251,360,0.93,5.0,19,5,487
0.0,7.8,10.2,360,0.92,4.0,20,5,488
0.0,7.0,10.174118095489748,360,0.93,3.0,21,5,489
0.0,7.5,10.149999999999999,360,0.94,5.0,22,5,490
0.0,7.1,10.129289321881345,360,0.93,4.0,23,5,491
0.0,7.4,10.113397459621554,360,0.93,4.0,24,5,492
0.0,7.5,8.805111126056639,360,0.93,4.0,1,6,493
0.0,7.1,8.8,360,0.93,4.0,2,6,494
0.0,6.9,8.805111126056639,360,0.93,4.0,3,6,495
0.0,7.1,8.820096189432334,360,0.93,3.0,4,6,496
0.0,7.1,8.843933982822017,360,0.93,4.0,5,6,497
0.0,6.9,8.875,360,0.93,3.0,6,6,498
0.0,6.6,8.911177143234621,360,0.93,3.0,7,6,499
0.0,6.0,8.95,360,0.92,2.0,8,6,500
67.33333333333334,6.4,8.988822856765378,360,0.91,2.0,9,6,501
145.88888888888889,7.0,9.024999999999999,360,0.9,2.0,10,6,502
179.55555555555554,7.4,9.056066017177981,360,0.9,2.0,11,6,503
190.77777777777777,7.5,9.079903810567664,360,0.9,2.0,12,6,504
145.88888888888889,7.2,9.09488887394336,360,0.91,3.0,13,6,505
145.88888888888889,7.3,9.099999999999998,360,0.91,4.0,14,6,506
123.44444444444446,7.0,9.09488887394336,360,0.91,3.0,15,6,507
56.111111111111114,6.5,9.079903810567664,360,0.92,4.0,16,6,508
11.222222222222221,6.0,9.056066017177981,360,0.92,6.0,17,6,509
0.0,5.7,9.024999999999999,360,0.92,4.0,18,6,510
0.0,5.7,8.988822856765378,360,0.92,6.0,19,6,511
0.0,5.7,8.95,360,0.92,6.0,20,6,512
0.0,6.0,8.911177143234621,360,0.91,7.0,21,6,513
0.0,5.8,8.875,360,0.92,8.0,22,6,514
0.0,6.0,8.843933982822017,360,0.93,8.0,23,6,515
0.0,6.1,8.820096189432334,360,0.92,10.0,24,6,516
0.0,6.1,8.106814834742186,360,0.93,10.0,1,7,517
0.0,6.1,8.100000000000001,360,0.93,10.0,2,7,518
0.0,6.2,8.106814834742186,360,0.93,10.0,3,7,519
0.0,6.2,8.126794919243112,360,0.93,10.0,4,7,520
0.0,6.4,8.158578643762691,360,0.93,10.0,5,7,521
0.0,6.6,8.200000000000001,360,0.93,11.0,6,7,522
0.0,6.9,8.248236190979496,360,0.93,12.0,7,7,523
0.0,7.2,8.3,360,0.93,10.0,8,7,524
11.222222222222221,7.5,8.351763809020506,360,0.93,11.0,9,7,525
22.444444444444443,7.7,8.4,360,0.93,11.0,10,7,526
89.77777777777777,8.0,8.44142135623731,360,0.93,11.0,11,7,527
78.55555555555554,8.2,8.47320508075689,360,0.93,10.0,12,7,528
112.22222222222223,8.5,8.493185165257815,360,0.92,11.0,13,7,529
101.0,8.7,8.5,360,0.92,10.0,14,7,530
22.444444444444443,8.8,8.493185165257815,360,0.93,8.0,15,7,531
33.66666666666667,9.0,8.47320508075689,360,0.92,9.0,16,7,532
11.222222222222221,8.8,8.44142135623731,360,0.92,10.0,17,7,533
0.0,8.6,8.4,360,0.93,8.0,18,7,534
0.0,8.3,8.351763809020506,360,0.93,10.0,19,7,535
0.0,8.1,8.3,360,0.93,8.0,20,7,536
0.0,7.7,8.248236190979496,360,0.93,10.0,21,7,537
0.0,7.5,8.200000000000001,360,0.93,8.0,22,7,538
0.0,7.5,8.158578643762691,360,0.93,8.0,23,7,539
0.0,7.6,8.126794919243112,360,0.93,10.0,24,7,540
0.0,7.4,8.208518543427733,360,0.93,8.0,1,8,541
0.0,7.4,8.2,360,0.93,8.0,2,8,542
0.0,7.4,8.208518543427733,360,0.92,9.0,3,8,543
0.0,7.2,8.233493649053889,360,0.92,10.0,4,8,544
0.0,7.1,8.273223304703363,360,0.92,9.0,5,8,545
0.0,6.8,8.325,360,0.92,8.0,6,8,546
134.66666666666669,6.7,8.38529523872437,360,0.93,7.0,7,8,547
303.0,7.2,8.45,360,0.92,6.0,8,8,548
347.8888888888889,7.9,8.51470476127563,360,0.92,5.0,9,8,549
235.66666666666669,7.7,8.575,360,0.92,6.0,10,8,550
179.55555555555554,7.9,8.626776695296636,360,0.92,4.0,11,8,551
202.0,8.3,8.66650635094611,360,0.92,5.0,12,8,552
67.33333333333334,7.8,8.691481456572266,360,0.93,4.0,13,8,553
11.222222222222221,7.5,8.7,360,0.93,2.0,14,8,554
0.0,7.4,8.691481456572266,360,0.94,2.0,15,8,555
0.0,7.2,8.66650635094611,360,0.93,2.0,16,8,556
0.0,6.3,8.626776695296636,360,0.93,2.0,17,8,557
0.0,5.6,8.575,360,0.94,1.0,18,8,558
0.0,4.7,8.51470476127563,360,0.94,1.0,19,8,559
0.0,4.0,8.45,360,0.94,2.0,20,8,560
0.0,3.1,8.38529523872437,360,0.94,2.0,21,8,561
0.0,3.5,8.325,360,0.95,2.0,22,8,562
0.0,4.0,8.273223304703363,360,0.95,2.0,23,8,563
0.0,4.4,8.233493649053889,360,0.95,2.0,24,8,564
0.0,4.7,7.513629669484373,360,0.95,3.0,1,9,565
0.0,5.0,7.5,360,0.95,5.0,2,9,566
0.0,4.5,7.513629669484373,360,0.95,5.0,3,9,567
0.0,5.0,7.553589838486224,360,0.95,4.0,4,9,568
11.222222222222221,6.2,7.617157287525381,360,0.95,5.0,5,9,569
56.111111111111114,6.4,7.7,360,0.94,6.0,6,9,570
134.66666666666669,6.7,7.796472381958992,360,0.93,7.0,7,9,571
291.77777777777777,7.6,7.9,360,0.92,8.0,8,9,572
258.11111111111114,8.1,8.003527618041009,360,0.93,7.0,9,9,573
213.22222222222223,8.4,8.100000000000001,360,0.93,7.0,10,9,574
101.0,8.4,8.182842712474619,360,0.93,6.0,11,9,575
134.66666666666669,8.3,8.246410161513776,360,0.93,8.0,12,9,576
67.33333333333334,7.9,8.286370330515629,360,0.92,7.0,13,9,577
0.0,7.5,8.3,360,0.91,7.0,14,9,578
0.0,7.5,8.286370330515629,360,0.88,6.0,15,9,579
0.0,7.3,8.246410161513776,360,0.86,7.0,16,9,580
0.0,7.4,8.182842712474619,360,0.83,7.0,17,9,581
0.0,7.2,8.100000000000001,360,0.86,8.0,18,9,582
0.0,6.7,8.003527618041009,360,0.9,8.0,19,9,583
0.0,6.8,7.9,360,0.91,8.0,20,9,584
0.0,6.4,7.796472381958992,360,0.92,8.0,21,9,585
0.0,6.4,7.7,360,0.93,8.0,22,9,586
0.0,6.4,7.617157287525381,360,0.93,6.0,23,9,587
0.0,6.8,7.553589838486225,360,0.94,5.0,24,9,588
0.0,7.0,7.913629669484374,360,0.94,4.0,1,10,589
0.0,7.7,7.900000000000001,360,0.94,6.0,2,10,590
0.0,7.5,7.913629669484374,360,0.94,5.0,3,10,591
0.0,7.4,7.953589838486225,360,0.94,4.0,4,10,592
11.222222222222221,7.5,8.017157287525382,360,0.94,5.0,5,10,593
89.77777777777777,7.9,8.100000000000001,360,0.94,5.0,6,10,594
213.22222222222223,8.0,8.196472381958992,360,0.94,4.0,7,10,595
370.33333333333337,9.2,8.3,360,0.93,5.0,8,10,596
460.11111111111114,10.2,8.403527618041009,360,0.9,6.0,9,10,597
291.77777777777777,8.7,8.5,360,0.9,6.0,10,10,598
269.33333333333337,9.8,8.58284271247462,360,0.88,5.0,11,10,599
471.33333333333337,9.9,8.646410161513776,360,0.86,6.0,12,10,600
213.22222222222223,9.4,8.686370330515627,360,0.86,5.0,13,10,601
11.222222222222221,7.1,8.7,360,0.9,3.0,14,10,602
0.0,6.6,8.686370330515627,360,0.91,3.0,15,10,603
0.0,7.5,8.646410161513776,360,0.92,5.0,16,10,604
0.0,8.0,8.58284271247462,360,0.92,7.0,17,10,605
0.0,7.1,8.5,360,0.92,6.0,18,10,606
0.0,7.2,8.403527618041009,360,0.92,6.0,19,10,607
0.0,7.1,8.3,360,0.92,7.0,20,10,608
0.0,7.1,8.196472381958992,360,0.93,7.0,21,10,609
0.0,7.3,8.100000000000001,360,0.93,8.0,22,10,610
0.0,7.1,8.017157287525382,360,0.93,8.0,23,10,611
0.0,6.7,7.953589838486225,360,0.93,6.0,24,10,612
0.0,6.7,7.613629669484372,360,0.92,6.0,1,11,613
0.0,6.2,7.6,360,0.93,4.0,2,11,614
0.0,5.6,7.613629669484372,360,0.93,5.0,3,11,615
0.0,5.3,7.653589838486224,360,0.93,5.0,4,11,616
11.222222222222221,4.7,7.717157287525381,360,0.93,6.0,5,11,617
134.66666666666669,5.5,7.8,360,0.93,5.0,6,11,618
370.33333333333337,6.8,7.896472381958992,360,0.91,5.0,7,11,619
583.5555555555555,8.3,8.0,360,0.89,4.0,8,11,620
707.0000000000001,9.5,8.103527618041008,360,0.86,4.0,9,11,621
594.7777777777778,9.6,8.200000000000001,360,0.85,4.0,10,11,622
628.4444444444443,10.3,8.282842712474618,360,0.8,4.0,11,11,623
437.6666666666667,10.3,8.346410161513775,360,0.78,3.0,12,11,624
224.44444444444446,9.1,8.386370330515629,360,0.8,3.0,13,11,625
22.444444444444443,6.0,8.4,360,0.92,0.0,14,11,626
0.0,5.3,8.386370330515629,360,0.93,0.0,15,11,627
0.0,7.4,8.346410161513775,360,0.89,2.0,16,11,628
0.0,7.2,8.282842712474618,360,0.92,2.0,17,11,629
0.0,7.2,8.200000000000001,360,0.93,2.0,18,11,630
0.0,6.8,8.103527618041008,360,0.92,2.0,19,11,631
0.0,6.0,8.0,360,0.93,3.0,20,11,632
0.0,5.2,7.896472381958992,360,0.93,4.0,21,11,633
0.0,5.7,7.8,360,0.94,4.0,22,11,634
0.0,5.8,7.717157287525381,360,0.94,4.0,23,11,635
0.0,5.7,7.653589838486225,360,0.94,3.0,24,11,636
0.0,5.5,6.021037373927445,360,0.93,4.0,1,12,637
0.0,5.4,6.001177490096508,360,0.93,3.0,2,12,638
0.0,5.3,6.021037373927445,360,0.94,4.0,3,12,639
0.0,5.1,6.07926360715719,360,0.93,6.0,4,12,640
0.0,4.8,6.171888168214536,360,0.93,6.0,5,12,641
44.888888888888886,4.7,6.292598846332748,360,0.93,5.0,6,12,642
112.22222222222223,5.1,6.433169408281898,360,0.93,2.0,7,12,643
101.0,5.2,6.58402020256899,360,0.92,4.0,8,12,644
202.0,6.0,6.734870996856081,360,0.91,3.0,9,12,645
280.55555555555554,6.3,6.875441558805231,360,0.91,3.0,10,12,646
224.44444444444446,6.4,6.996152236923443,360,0.91,4.0,11,12,647
0.0,6.4,7.088776797980789,360,0.91,2.0,12,12,648
290.1870941323785,7.280410768442359,7.147003031210534,360,0.856788916434645,3.40642216708601,13,12,649
11.222222222222221,6.3,7.166862915041472,360,0.91,2.0,14,12,650
101.0,6.4,7.147003031210534,360,0.89,2.0,15,12,651
67.33333333333334,6.4,7.088776797980789,360,0.9,2.0,16,12,652
11.222222222222221,5.2,6.996152236923443,360,0.91,2.0,17,12,653
0.0,3.1,6.875441558805231,360,0.93,1.0,18,12,654
0.0,3.6,6.734870996856081,360,0.93,1.0,19,12,655
0.0,3.6,6.58402020256899,360,0.93,2.0,20,12,656
0.0,2.9,6.433169408281898,360,0.93,2.0,21,12,657
0.0,2.4,6.292598846332749,360,0.94,2.0,22,12,658
0.0,2.2,6.171888168214537,360,0.94,2.0,23,12,659
0.0,1.8,6.07926360715719,360,0.94,2.0,24,12,660
0.0,1.7,6.115333378169919,360,0.94,2.0,1,13,661
0.0,1.0,6.1,360,0.94,2.0,2,13,662
0.0,0.1,6.115333378169919,360,0.94,2.0,3,13,663
0.0,-0.1,6.160288568297002,360,0.94,2.0,4,13,664
0.0,0.0,6.231801948466053,360,0.94,3.0,5,13,665
0.0,0.2,6.324999999999999,360,0.95,4.0,6,13,666
0.0,0.3,6.433531429703866,360,0.95,4.0,7,13,667
0.0,0.4,6.55,360,0.95,3.0,8,13,668
101.0,1.3,6.666468570296134,360,0.95,3.0,9,13,669
213.22222222222223,2.3,6.775,360,0.95,4.0,10,13,670
561.1111111111111,4.4,6.8681980515339465,360,0.95,5.0,11,13,671
673.3333333333333,5.2,6.939711431702998,360,0.94,4.0,12,13,672
448.8888888888889,5.7,6.984666621830081,360,0.9,4.0,13,13,673
235.66666666666669,5.8,7.0,360,0.9,3.0,14,13,674
168.33333333333331,5.9,6.984666621830081,360,0.9,4.0,15,13,675
78.55555555555554,5.6,6.939711431702998,360,0.91,3.0,16,13,676
11.222222222222221,5.2,6.8681980515339465,360,0.92,3.0,17,13,677
0.0,5.0,6.775,360,0.93,2.0,18,13,678
0.0,5.0,6.666468570296134,360,0.93,2.0,19,13,679
0.0,4.4,6.55,360,0.93,2.0,20,13,680
0.0,4.1,6.433531429703866,360,0.94,2.0,21,13,681
0.0,3.9,6.325,360,0.94,1.0,22,13,682
0.0,5.6,6.231801948466053,360,0.91,4.0,23,13,683
0.0,6.1,6.160288568297002,360,0.89,6.0,24,13,684
0.0,5.8,6.520444504226559,360,0.93,6.0,1,14,685
0.0,5.9,6.5,360,0.94,5.0,2,14,686
0.0,6.1,6.520444504226559,360,0.94,5.0,3,14,687
0.0,5.9,6.580384757729337,360,0.94,6.0,4,14,688
0.0,5.8,6.675735931288071,360,0.94,6.0,5,14,689
0.0,5.1,6.799999999999999,360,0.94,5.0,6,14,690
0.0,3.1,6.944708572938487,360,0.94,3.0,7,14,691
11.222222222222221,3.0,7.1,360,0.94,2.0,8,14,692
112.22222222222223,4.7,7.255291427061512,360,0.94,2.0,9,14,693
235.66666666666669,7.2,7.3999999999999995,360,0.91,4.0,10,14,694
505.0,8.6,7.524264068711928,360,0.85,5.0,11,14,695
639.6666666666667,9.2,7.619615242270663,360,0.84,5.0,12,14,696
471.33333333333337,8.8,7.679555495773441,360,0.85,4.0,13,14,697
269.33333333333337,8.5,7.699999999999999,360,0.86,2.0,14,14,698
168.33333333333331,8.4,7.679555495773441,360,0.87,2.0,15,14,699
78.55555555555554,8.2,7.619615242270663,360,0.88,1.0,16,14,700
11.222222222222221,7.6,7.524264068711928,360,0.9,0.0,17,14,701
0.0,7.1,7.3999999999999995,360,0.92,0.0,18,14,702
0.0,6.7,7.255291427061512,360,0.93,0.0,19,14,703
0.0,6.4,7.1,360,0.94,2.0,20,14,704
0.0,6.3,6.944708572938487,360,0.94,1.0,21,14,705
0.0,6.6,6.8,360,0.93,2.0,22,14,706
0.0,7.1,6.675735931288071,360,0.91,4.0,23,14,707
0.0,5.9,6.580384757729337,360,0.92,5.0,24,14,708
0.0,5.5,7.022148212912105,360,0.92,3.0,1,15,709
0.0,5.1,7.0,360,0.91,4.0,2,15,710
0.0,4.8,7.022148212912105,360,0.91,5.0,3,15,711
0.0,4.3,7.087083487540115,360,0.93,6.0,4,15,712
0.0,3.9,7.190380592228744,360,0.94,6.0,5,15,713
0.0,4.1,7.325,360,0.94,6.0,6,15,714
0.0,3.5,7.481767620683362,360,0.94,6.0,7,15,715
11.222222222222221,3.9,7.65,360,0.94,6.0,8,15,716
44.888888888888886,4.7,7.818232379316639,360,0.95,8.0,9,15,717
123.44444444444446,5.9,7.9750000000000005,360,0.95,9.0,10,15,718
190.77777777777777,7.1,8.109619407771257,360,0.94,8.0,11,15,719
168.33333333333331,8.9,8.212916512459886,360,0.92,9.0,12,15,720
235.66666666666669,9.2,8.277851787087895,360,0.92,12.0,13,15,721
134.66666666666669,8.5,8.3,360,0.93,14.0,14,15,722
67.33333333333334,8.8,8.277851787087895,360,0.94,12.0,15,15,723
22.444444444444443,8.8,8.212916512459886,360,0.94,15.0,16,15,724
11.222222222222221,9.3,8.109619407771257,360,0.94,14.0,17,15,725
0.0,10.0,7.9750000000000005,360,0.94,11.0,18,15,726
0.0,10.7,7.818232379316639,360,0.94,10.0,19,15,727
0.0,10.2,7.65,360,0.93,10.0,20,15,728
0.0,9.9,7.481767620683362,360,0.94,9.0,21,15,729
0.0,9.9,7.325,360,0.93,9.0,22,15,730
0.0,9.9,7.1903805922287445,360,0.93,10.0,23,15,731
0.0,10.1,7.087083487540115,360,0.93,9.0,24,15,732
0.0,10.1,7.725555630283199,360,0.93,10.0,1,16,733
0.0,10.2,7.699999999999999,360,0.92,11.0,2,16,734
0.0,10.5,7.725555630283198,360,0.92,11.0,3,16,735
0.0,10.1,7.80048094716167,360,0.92,13.0,4,16,736
0.0,10.0,7.919669914110089,360,0.92,11.0,5,16,737
0.0,9.8,8.075,360,0.93,12.0,6,16,738
0.0,9.9,8.25588571617311,360,0.93,11.0,7,16,739
0.0,9.7,8.45,360,0.93,10.0,8,16,740
33.66666666666667,10.2,8.64411428382689,360,0.93,12.0,9,16,741
89.77777777777777,10.3,8.825,360,0.93,10.0,10,16,742
123.44444444444446,9.9,8.980330085889909,360,0.93,7.0,11,16,743
213.22222222222223,10.4,9.099519052838328,360,0.93,8.0,12,16,744
527.4444444444445,12.0,9.1744443697168,360,0.91,10.0,13,16,745
404.0,11.5,9.2,360,0.91,13.0,14,16,746
213.22222222222223,10.9,9.1744443697168,360,0.91,12.0,15,16,747
168.33333333333331,10.0,9.099519052838328,360,0.92,13.0,16,16,748
11.222222222222221,9.1,8.980330085889909,360,0.93,10.0,17,16,749
0.0,9.4,8.825,360,0.91,10.0,18,16,750
0.0,8.9,8.64411428382689,360,0.92,10.0,19,16,751
0.0,8.7,8.45,360,0.91,8.0,20,16,752
0.0,8.4,8.25588571617311,360,0.92,9.0,21,16,753
0.0,8.6,8.075,360,0.89,13.0,22,16,754
0.0,7.6,7.919669914110089,360,0.9,13.0,23,16,755
0.0,7.5,7.80048094716167,360,0.86,11.0,24,16,756
0.0,6.5,7.510222252113279,360,0.86,10.0,1,17,757
0.0,6.6,7.5,360,0.9,9.0,2,17,758
0.0,5.5,7.510222252113279,360,0.9,12.0,3,17,759
0.0,5.1,7.540192378864669,360,0.91,8.0,4,17,760
0.0,5.0,7.587867965644036,360,0.91,8.0,5,17,761
0.0,4.7,7.6499999999999995,360,0.91,8.0,6,17,762
0.0,4.6,7.722354286469244,360,0.9,7.0,7,17,763
11.222222222222221,4.7,7.8,360,0.89,7.0,8,17,764
168.33333333333331,5.3,7.877645713530756,360,0.88,7.0,9,17,765
437.6666666666667,6.7,7.95,360,0.85,8.0,10,17,766
639.6666666666667,7.8,8.012132034355965,360,0.79,8.0,11,17,767
729.4444444444443,8.6,8.059807621135331,360,0.72,9.0,12,17,768
751.8888888888888,9.2,8.08977774788672,360,0.74,9.0,13,17,769
493.7777777777778,8.8,8.1,360,0.75,8.0,14,17,770
269.33333333333337,9.0,8.08977774788672,360,0.72,8.0,15,17,771
258.11111111111114,8.4,8.059807621135331,360,0.77,8.0,16,17,772
33.66666666666667,6.8,8.012132034355965,360,0.85,6.0,17,17,773
0.0,5.8,7.95,360,0.89,6.0,18,17,774
0.0,5.7,7.877645713530756,360,0.91,5.0,19,17,775
0.0,5.8,7.8,360,0.91,6.0,20,17,776
0.0,6.2,7.722354286469244,360,0.92,5.0,21,17,777
0.0,6.2,7.65,360,0.92,5.0,22,17,778
0.0,6.7,7.587867965644036,360,0.92,7.0,23,17,779
0.0,6.8,7.540192378864669,360,0.92,7.0,24,17,780
0.0,7.0,7.523851921597651,360,0.91,8.0,1,18,781
0.0,7.7,7.499999999999999,360,0.92,10.0,2,18,782
0.0,8.0,7.523851921597651,360,0.92,11.0,3,18,783
0.0,8.1,7.593782217350892,360,0.93,12.0,4,18,784
0.0,8.5,7.705025253169415,360,0.93,12.0,5,18,785
0.0,8.6,7.849999999999999,360,0.93,12.0,6,18,786
0.0,9.1,8.018826668428234,360,0.93,12.0,7,18,787
11.222222222222221,9.3,8.2,360,0.93,12.0,8,18,788
44.888888888888886,9.7,8.381173331571764,360,0.92,12.0,9,18,789
89.77777777777777,9.8,8.549999999999999,360,0.93,12.0,10,18,790
157.1111111111111,10.1,8.694974746830583,360,0.93,11.0,11,18,791
145.88888888888889,10.3,8.806217782649107,360,0.93,12.0,12,18,792
134.66666666666669,10.5,8.876148078402347,360,0.93,12.0,13,18,793
157.1111111111111,10.8,8.899999999999999,360,0.93,12.0,14,18,794
134.66666666666669,10.9,8.876148078402347,360,0.93,11.0,15,18,795
56.111111111111114,10.9,8.806217782649107,360,0.93,11.0,16,18,796
11.222222222222221,11.1,8.694974746830583,360,0.93,12.0,17,18,797
0.0,11.0,8.549999999999999,360,0.92,14.0,18,18,798
0.0,10.6,8.381173331571764,360,0.92,10.0,19,18,799
0.0,10.1,8.2,360,0.92,6.0,20,18,800
0.0,9.7,8.018826668428234,360,0.92,8.0,21,18,801
0.0,9.0,7.85,360,0.91,8.0,22,18,802
0.0,8.2,7.705025253169416,360,0.91,7.0,23,18,803
0.0,8.2,7.593782217350892,360,0.91,6.0,24,18,804
0.0,8.1,7.910222252113279,360,0.91,5.0,1,19,805
0.0,7.9,7.8999999999999995,360,0.92,4.0,2,19,806
0.0,7.6,7.910222252113279,360,0.92,5.0,3,19,807
0.0,6.8,7.940192378864667,360,0.9,4.0,4,19,808
0.0,6.0,7.9878679656440355,360,0.92,4.0,5,19,809
0.0,4.9,8.049999999999999,360,0.92,2.0,6,19,810
0.0,5.4,8.122354286469243,360,0.93,3.0,7,19,811
0.0,5.1,8.2,360,0.92,3.0,8,19,812
168.33333333333331,6.1,8.277645713530756,360,0.92,4.0,9,19,813
325.44444444444446,7.2,8.35,360,0.91,4.0,10,19,814
246.8888888888889,7.9,8.412132034355963,360,0.89,7.0,11,19,815
347.8888888888889,8.3,8.459807621135331,360,0.88,7.0,12,19,816
269.33333333333337,8.3,8.48977774788672,360,0.87,6.0,13,19,817
415.2222222222223,9.1,8.5,360,0.84,6.0,14,19,818
471.33333333333337,9.4,8.48977774788672,360,0.75,6.0,15,19,819
235.66666666666669,7.9,8.459807621135331,360,0.78,5.0,16,19,820
33.66666666666667,6.0,8.412132034355963,360,0.86,3.0,17,19,821
0.0,5.4,8.35,360,0.87,4.0,18,19,822
0.0,5.3,8.277645713530756,360,0.89,5.0,19,19,823
0.0,4.9,8.2,360,0.9,4.0,20,19,824
0.0,4.6,8.122354286469243,360,0.9,6.0,21,19,825
0.0,4.4,8.049999999999999,360,0.9,5.0,22,19,826
0.0,4.4,7.9878679656440355,360,0.9,4.0,23,19,827
0.0,4.5,7.940192378864668,360,0.91,4.0,24,19,828
0.0,4.9,7.330666756339838,360,0.91,4.0,1,20,829
0.0,5.4,7.299999999999999,360,0.91,4.0,2,20,830
0.0,5.7,7.330666756339838,360,0.91,6.0,3,20,831
0.0,6.1,7.420577136594004,360,0.92,8.0,4,20,832
0.0,6.7,7.563603896932106,360,0.92,8.0,5,20,833
0.0,7.1,7.749999999999999,360,0.92,10.0,6,20,834
0.0,7.4,7.967062859407731,360,0.92,10.0,7,20,835
11.222222222222221,8.3,8.2,360,0.92,14.0,8,20,836
11.222222222222221,10.4,8.432937140592268,360,0.92,12.0,9,20,837
56.111111111111114,11.1,8.649999999999999,360,0.92,14.0,10,20,838
145.88888888888889,11.6,8.836396103067893,360,0.92,14.0,11,20,839
179.55555555555554,11.9,8.979422863405993,360,0.92,13.0,12,20,840
202.0,12.1,9.06933324366016,360,0.92,11.0,13,20,841
190.77777777777777,12.2,9.1,360,0.92,10.0,14,20,842
134.66666666666669,12.2,9.06933324366016,360,0.92,9.0,15,20,843
67.33333333333334,12.0,8.979422863405993,360,0.92,8.0,16,20,844
11.222222222222221,11.8,8.836396103067893,360,0.92,8.0,17,20,845
0.0,11.7,8.649999999999999,360,0.92,10.0,18,20,846
0.0,11.7,8.432937140592268,360,0.92,10.0,19,20,847
0.0,11.6,8.2,360,0.91,10.0,20,20,848
0.0,11.8,7.967062859407731,360,0.9,10.0,21,20,849
0.0,11.5,7.75,360,0.91,9.0,22,20,850
0.0,11.3,7.563603896932107,360,0.9,8.0,23,20,851
0.0,11.3,7.420577136594004,360,0.88,9.0,24,20,852
0.0,11.5,8.91533337816992,360,0.88,8.0,1,21,853
0.0,11.3,8.900000000000002,360,0.89,6.0,2,21,854
0.0,10.7,8.91533337816992,360,0.92,6.0,3,21,855
0.0,10.6,8.960288568297004,360,0.92,4.0,4,21,856
0.0,10.7,9.031801948466054,360,0.92,5.0,5,21,857
0.0,10.9,9.125000000000002,360,0.92,6.0,6,21,858
0.0,11.0,9.233531429703866,360,0.92,6.0,7,21,859
11.222222222222221,11.1,9.350000000000001,360,0.92,6.0,8,21,860
22.444444444444443,11.3,9.466468570296136,360,0.92,5.0,9,21,861
67.33333333333334,11.7,9.575000000000001,360,0.92,6.0,10,21,862
78.55555555555554,11.6,9.668198051533947,360,0.92,7.0,11,21,863
112.22222222222223,11.6,9.739711431702998,360,0.92,8.0,12,21,864
190.77777777777777,11.8,9.784666621830082,360,0.91,8.0,13,21,865
213.22222222222223,11.6,9.8,360,0.92,9.0,14,21,866
134.66666666666669,11.6,9.784666621830082,360,0.92,9.0,15,21,867
67.33333333333334,11.4,9.739711431702998,360,0.92,10.0,16,21,868
22.444444444444443,11.2,9.668198051533947,360,0.92,9.0,17,21,869
0.0,11.0,9.575000000000001,360,0.92,9.0,18,21,870
0.0,10.8,9.466468570296136,360,0.92,10.0,19,21,871
0.0,10.8,9.350000000000001,360,0.92,10.0,20,21,872
0.0,10.7,9.233531429703866,360,0.92,12.0,21,21,873
0.0,10.8,9.125000000000002,360,0.92,11.0,22,21,874
0.0,11.0,9.031801948466056,360,0.92,10.0,23,21,875
0.0,11.1,8.960288568297004,360,0.92,10.0,24,21,876
0.0,11.1,9.808518543427734,360,0.92,10.0,1,22,877
0.0,11.2,9.8,360,0.92,11.0,2,22,878
0.0,11.2,9.808518543427734,360,0.92,11.0,3,22,879
0.0,11.2,9.83349364905389,360,0.92,10.0,4,22,880
0.0,11.3,9.873223304703364,360,0.92,11.0,5,22,881
0.0,11.2,9.925,360,0.92,13.0,6,22,882
0.0,11.2,9.98529523872437,360,0.91,12.0,7,22,883
0.0,11.0,10.05,360,0.92,12.0,8,22,884
33.66666666666667,11.3,10.11470476127563,360,0.92,11.0,9,22,885
56.111111111111114,12.0,10.175,360,0.92,12.0,10,22,886
179.55555555555554,12.3,10.226776695296637,360,0.89,13.0,11,22,887
392.7777777777778,12.6,10.266506350946111,360,0.87,14.0,12,22,888
224.44444444444446,12.3,10.291481456572267,360,0.81,14.0,13,22,889
437.6666666666667,12.5,10.3,360,0.82,11.0,14,22,890
145.88888888888889,11.1,10.291481456572267,360,0.84,12.0,15,22,891
112.22222222222223,11.1,10.266506350946111,360,0.82,8.0,16,22,892
33.66666666666667,10.0,10.226776695296637,360,0.84,7.0,17,22,893
0.0,9.8,10.175,360,0.86,4.0,18,22,894
0.0,8.2,10.11470476127563,360,0.88,4.0,19,22,895
0.0,7.5,10.05,360,0.9,3.0,20,22,896
0.0,7.2,9.98529523872437,360,0.91,4.0,21,22,897
0.0,7.1,9.925,360,0.92,4.0,22,22,898
0.0,7.5,9.873223304703364,360,0.92,4.0,23,22,899
0.0,7.5,9.83349364905389,360,0.92,6.0,24,22,900
0.0,7.8,9.113629669484371,360,0.92,6.0,1,23,901
0.0,7.8,9.1,360,0.92,4.0,2,23,902
0.0,7.4,9.113629669484371,360,0.92,4.0,3,23,903
0.0,7.1,9.153589838486225,360,0.92,4.0,4,23,904
0.0,6.7,9.21715728752538,360,0.92,4.0,5,23,905
0.0,7.2,9.299999999999999,360,0.92,5.0,6,23,906
0.0,7.6,9.396472381958992,360,0.92,5.0,7,23,907
11.222222222222221,7.9,9.5,360,0.92,6.0,8,23,908
44.888888888888886,8.2,9.603527618041008,360,0.92,5.0,9,23,909
123.44444444444446,8.8,9.700000000000001,360,0.92,6.0,10,23,910
213.22222222222223,9.4,9.782842712474618,360,0.92,6.0,11,23,911
213.22222222222223,10.2,9.846410161513775,360,0.92,6.0,12,23,912
168.33333333333331,11.3,9.886370330515629,360,0.93,6.0,13,23,913
202.0,12.1,9.9,360,0.92,7.0,14,23,914
213.22222222222223,12.5,9.886370330515629,360,0.91,6.0,15,23,915
112.22222222222223,12.3,9.846410161513775,360,0.89,6.0,16,23,916
33.66666666666667,11.5,9.782842712474618,360,0.9,6.0,17,23,917
0.0,11.0,9.700000000000001,360,0.91,4.0,18,23,918
0.0,10.7,9.603527618041008,360,0.91,7.0,19,23,919
0.0,10.7,9.5,360,0.91,6.0,20,23,920
0.0,10.7,9.396472381958992,360,0.91,6.0,21,23,921
0.0,10.7,9.3,360,0.91,7.0,22,23,922
0.0,10.5,9.217157287525382,360,0.92,6.0,23,23,923
0.0,10.5,9.153589838486225,360,0.92,8.0,24,23,924
0.0,10.5,9.613629669484371,360,0.91,7.0,1,24,925
0.0,10.5,9.6,360,0.91,6.0,2,24,926
0.0,10.2,9.613629669484371,360,0.91,5.0,3,24,927
0.0,10.0,9.653589838486225,360,0.91,5.0,4,24,928
0.0,9.7,9.71715728752538,360,0.91,6.0,5,24,929
0.0,9.6,9.799999999999999,360,0.91,6.0,6,24,930
0.0,9.6,9.896472381958992,360,0.91,8.0,7,24,931
11.222222222222221,9.1,10.0,360,0.91,7.0,8,24,932
89.77777777777777,9.1,10.103527618041008,360,0.9,8.0,9,24,933
202.0,10.0,10.200000000000001,360,0.9,7.0,10,24,934
359.1111111111111,10.4,10.282842712474618,360,0.89,7.0,11,24,935
381.55555555555554,11.1,10.346410161513775,360,0.88,8.0,12,24,936
471.33333333333337,11.6,10.386370330515629,360,0.87,8.0,13,24,937
606.0,12.3,10.4,360,0.83,10.0,14,24,938
224.44444444444446,12.0,10.386370330515629,360,0.83,9.0,15,24,939
258.11111111111114,12.0,10.346410161513775,360,0.83,9.0,16,24,940
56.111111111111114,10.9,10.282842712474618,360,0.84,9.0,17,24,941
0.0,10.8,10.200000000000001,360,0.86,8.0,18,24,942
0.0,10.6,10.103527618041008,360,0.87,8.0,19,24,943
0.0,10.6,10.0,360,0.87,9.0,20,24,944
0.0,10.7,9.896472381958992,360,0.86,9.0,21,24,945
0.0,10.1,9.8,360,0.89,11.0,22,24,946
0.0,9.8,9.717157287525382,360,0.91,8.0,23,24,947
0.0,9.8,9.653589838486225,360,0.91,8.0,24,24,948
0.0,9.9,9.60511112605664,360,0.9,8.0,1,25,949
0.0,9.5,9.6,360,0.9,9.0,2,25,950
0.0,9.4,9.60511112605664,360,0.9,8.0,3,25,951
0.0,9.3,9.620096189432333,360,0.91,7.0,4,25,952
0.0,9.2,9.643933982822018,360,0.91,8.0,5,25,953
0.0,9.2,9.674999999999999,360,0.91,7.0,6,25,954
0.0,9.2,9.711177143234622,360,0.91,6.0,7,25,955
0.0,9.1,9.75,360,0.91,6.0,8,25,956
22.444444444444443,9.0,9.788822856765378,360,0.92,5.0,9,25,957
44.888888888888886,8.6,9.825000000000001,360,0.91,5.0,10,25,958
78.55555555555554,8.5,9.856066017177982,360,0.91,3.0,11,25,959
89.77777777777777,8.0,9.879903810567667,360,0.91,4.0,12,25,960
89.77777777777777,7.7,9.89488887394336,360,0.9,2.0,13,25,961
56.111111111111114,7.6,9.9,360,0.9,2.0,14,25,962
56.111111111111114,7.5,9.89488887394336,360,0.9,2.0,15,25,963
56.111111111111114,7.3,9.879903810567667,360,0.91,2.0,16,25,964
11.222222222222221,7.3,9.856066017177982,360,0.91,2.0,17,25,965
0.0,7.2,9.825000000000001,360,0.91,3.0,18,25,966
0.0,7.1,9.788822856765378,360,0.91,4.0,19,25,967
0.0,7.1,9.75,360,0.91,4.0,20,25,968
0.0,7.0,9.711177143234622,360,0.91,4.0,21,25,969
0.0,6.7,9.675,360,0.91,4.0,22,25,970
0.0,6.3,9.643933982822018,360,0.91,3.0,23,25,971
0.0,5.7,9.620096189432333,360,0.91,3.0,24,25,972
0.0,4.9,8.017037086855465,360,0.91,2.0,1,26,973
0.0,5.5,8.0,360,0.92,4.0,2,26,974
0.0,5.0,8.017037086855465,360,0.92,3.0,3,26,975
0.0,4.3,8.066987298107781,360,0.92,3.0,4,26,976
0.0,3.6,8.146446609406727,360,0.92,3.0,5,26,977
0.0,3.0,8.25,360,0.92,4.0,6,26,978
0.0,3.0,8.37059047744874,360,0.92,2.0,7,26,979
11.222222222222221,3.3,8.5,360,0.92,2.0,8,26,980
123.44444444444446,3.4,8.62940952255126,360,0.92,2.0,9,26,981
471.33333333333337,6.6,8.75,360,0.92,4.0,10,26,982
707.0000000000001,8.3,8.853553390593273,360,0.92,4.0,11,26,983
684.5555555555557,8.5,8.933012701892219,360,0.86,6.0,12,26,984
628.4444444444443,9.9,8.982962913144535,360,0.74,6.0,13,26,985
695.7777777777778,10.0,9.0,360,0.72,5.0,14,26,986
404.0,10.7,8.982962913144535,360,0.72,4.0,15,26,987
291.77777777777777,9.9,8.933012701892219,360,0.74,4.0,16,26,988
112.22222222222223,7.0,8.853553390593273,360,0.82,4.0,17,26,989
0.0,6.7,8.75,360,0.8,2.0,18,26,990
0.0,6.2,8.62940952255126,360,0.82,2.0,19,26,991
0.0,5.9,8.5,360,0.84,3.0,20,26,992
0.0,5.3,8.37059047744874,360,0.86,4.0,21,26,993
0.0,5.0,8.25,360,0.87,5.0,22,26,994
0.0,4.2,8.146446609406727,360,0.87,4.0,23,26,995
0.0,3.3,8.066987298107781,360,0.89,4.0,24,26,996
0.0,3.8,7.1187407955410125,360,0.9,4.0,1,27,997
0.0,3.1,7.1,360,0.9,4.0,2,27,998
0.0,2.6,7.118740795541012,360,0.9,3.0,3,27,999
0.0,2.4,7.173686027918558,360,0.9,3.0,4,27,1000
0.0,2.1,7.261091270347398,360,0.9,4.0,5,27,1001
0.0,2.3,7.374999999999999,360,0.9,4.0,6,27,1002
0.0,2.4,7.507649525193613,360,0.91,2.0,7,27,1003
22.444444444444443,2.6,7.6499999999999995,360,0.91,2.0,8,27,1004
101.0,2.9,7.792350474806386,360,0.91,4.0,9,27,1005
179.55555555555554,2.6,7.925,360,0.91,3.0,10,27,1006
280.55555555555554,3.1,8.0389087296526,360,0.91,2.0,11,27,1007
325.44444444444446,3.8,8.12631397208144,360,0.91,1.0,12,27,1008
370.33333333333337,4.3,8.181259204458987,360,0.91,2.0,13,27,1009
291.77777777777777,4.4,8.2,360,0.91,2.0,14,27,1010
224.44444444444446,4.7,8.181259204458987,360,0.91,2.0,15,27,1011
89.77777777777777,4.7,8.12631397208144,360,0.91,1.0,16,27,1012
22.444444444444443,4.0,8.0389087296526,360,0.91,2.0,17,27,1013
0.0,4.0,7.925,360,0.91,2.0,18,27,1014
0.0,3.6,7.792350474806386,360,0.91,2.0,19,27,1015
0.0,3.2,7.6499999999999995,360,0.91,3.0,20,27,1016
0.0,3.0,7.507649525193613,360,0.91,3.0,21,27,1017
0.0,2.1,7.375,360,0.91,3.0,22,27,1018
0.0,2.0,7.261091270347398,360,0.91,2.0,23,27,1019
0.0,1.5,7.173686027918558,360,0.91,3.0,24,27,1020
0.0,1.4,7.318740795541012,360,0.91,4.0,1,28,1021
0.0,0.9,7.299999999999999,360,0.91,4.0,2,28,1022
0.0,1.1,7.318740795541012,360,0.91,3.0,3,28,1023
0.0,1.2,7.373686027918558,360,0.92,3.0,4,28,1024
0.0,1.7,7.461091270347398,360,0.92,3.0,5,28,1025
0.0,1.7,7.574999999999999,360,0.92,4.0,6,28,1026
0.0,2.1,7.707649525193613,360,0.92,3.0,7,28,1027
11.222222222222221,2.4,7.85,360,0.92,3.0,8,28,1028
101.0,3.3,7.992350474806386,360,0.92,4.0,9,28,1029
179.55555555555554,4.5,8.125,360,0.92,3.0,10,28,1030
269.33333333333337,5.4,8.238908729652602,360,0.92,4.0,11,28,1031
347.8888888888889,6.5,8.326313972081442,360,0.92,4.0,12,28,1032
303.0,7.1,8.381259204458987,360,0.92,5.0,13,28,1033
280.55555555555554,7.3,8.4,360,0.92,4.0,14,28,1034
202.0,7.8,8.381259204458987,360,0.92,4.0,15,28,1035
145.88888888888889,8.0,8.326313972081442,360,0.91,4.0,16,28,1036
22.444444444444443,8.0,8.238908729652602,360,0.91,4.0,17,28,1037
0.0,7.6,8.125,360,0.91,4.0,18,28,1038
0.0,7.3,7.992350474806386,360,0.92,4.0,19,28,1039
0.0,7.1,7.85,360,0.92,4.0,20,28,1040
0.0,7.0,7.707649525193613,360,0.92,2.0,21,28,1041
0.0,6.9,7.574999999999999,360,0.92,2.0,22,28,1042
0.0,7.0,7.461091270347398,360,0.92,3.0,23,28,1043
0.0,7.0,7.373686027918558,360,0.92,3.0,24,28,1044
0.0,7.1,8.317037086855466,360,0.92,4.0,1,29,1045
0.0,7.0,8.3,360,0.92,3.0,2,29,1046
0.0,7.1,8.317037086855466,360,0.92,2.0,3,29,1047
0.0,7.2,8.366987298107782,360,0.92,3.0,4,29,1048
0.0,7.3,8.446446609406728,360,0.92,4.0,5,29,1049
0.0,7.3,8.55,360,0.92,4.0,6,29,1050
0.0,7.2,8.67059047744874,360,0.92,4.0,7,29,1051
22.444444444444443,7.2,8.8,360,0.92,3.0,8,29,1052
112.22222222222223,7.6,8.92940952255126,360,0.93,3.0,9,29,1053
179.55555555555554,7.8,9.05,360,0.93,4.0,10,29,1054
314.2222222222222,8.3,9.153553390593274,360,0.93,5.0,11,29,1055
359.1111111111111,8.7,9.23301270189222,360,0.93,5.0,12,29,1056
347.8888888888889,8.9,9.282962913144535,360,0.93,6.0,13,29,1057
325.44444444444446,8.9,9.3,360,0.92,5.0,14,29,1058
213.22222222222223,9.6,9.282962913144535,360,0.92,5.0,15,29,1059
179.55555555555554,9.3,9.23301270189222,360,0.89,4.0,16,29,1060
44.888888888888886,9.0,9.153553390593274,360,0.9,4.0,17,29,1061
0.0,8.6,9.05,360,0.91,3.0,18,29,1062
0.0,8.5,8.92940952255126,360,0.91,4.0,19,29,1063
0.0,8.5,8.8,360,0.92,4.0,20,29,1064
0.0,8.5,8.67059047744874,360,0.92,3.0,21,29,1065
0.0,8.5,8.55,360,0.92,2.0,22,29,1066
0.0,8.5,8.446446609406728,360,0.92,4.0,23,29,1067
0.0,8.3,8.366987298107782,360,0.92,1.0,24,29,1068
0.0,8.2,8.91533337816992,360,0.92,2.0,1,30,1069
0.0,8.1,8.900000000000002,360,0.92,3.0,2,30,1070
0.0,8.0,8.91533337816992,360,0.92,2.0,3,30,1071
0.0,8.0,8.960288568297004,360,0.92,2.0,4,30,1072
0.0,7.9,9.031801948466054,360,0.92,2.0,5,30,1073
0.0,7.8,9.125000000000002,360,0.92,2.0,6,30,1074
0.0,7.8,9.233531429703866,360,0.92,2.0,7,30,1075
0.0,7.7,9.350000000000001,360,0.92,1.0,8,30,1076
56.111111111111114,7.9,9.466468570296136,360,0.92,2.0,9,30,1077
134.66666666666669,8.3,9.575000000000001,360,0.92,2.0,10,30,1078
235.66666666666669,9.0,9.668198051533947,360,0.93,2.0,11,30,1079
325.44444444444446,9.6,9.739711431702998,360,0.92,2.0,12,30,1080
347.8888888888889,10.1,9.784666621830082,360,0.86,1.0,13,30,1081
269.33333333333337,10.2,9.8,360,0.8,2.0,14,30,1082
157.1111111111111,10.2,9.784666621830082,360,0.8,2.0,15,30,1083
67.33333333333334,9.8,9.739711431702998,360,0.81,2.0,16,30,1084
22.444444444444443,9.2,9.668198051533947,360,0.84,1.0,17,30,1085
0.0,8.7,9.575000000000001,360,0.87,1.0,18,30,1086
0.0,8.7,9.466468570296136,360,0.87,2.0,19,30,1087
0.0,8.4,9.350000000000001,360,0.88,2.0,20,30,1088
0.0,8.2,9.233531429703866,360,0.88,2.0,21,30,1089
0.0,7.9,9.125000000000002,360,0.89,2.0,22,30,1090
0.0,7.8,9.031801948466056,360,0.9,2.0,23,30,1091
0.0,7.6,8.960288568297004,360,0.9,3.0,24,30,1092
0.0,7.5,8.90511112605664,360,0.9,3.0,1,31,1093
0.0,7.5,8.900000000000002,360,0.88,4.0,2,31,1094
0.0,7.3,8.90511112605664,360,0.89,4.0,3,31,1095
0.0,6.9,8.920096189432336,360,0.89,4.0,4,31,1096
0.0,6.7,8.943933982822019,360,0.88,6.0,5,31,1097
0.0,6.7,8.975000000000001,360,0.87,6.0,6,31,1098
0.0,6.5,9.011177143234622,360,0.87,7.0,7,31,1099
33.66666666666667,6.7,9.05,360,0.86,8.0,8,31,1100
179.55555555555554,7.3,9.088822856765379,360,0.86,8.0,9,31,1101
404.0,8.3,9.125,360,0.85,10.0,10,31,1102
347.8888888888889,7.8,9.156066017177983,360,0.89,11.0,11,31,1103
258.11111111111114,8.4,9.179903810567666,360,0.87,11.0,12,31,1104
280.55555555555554,8.5,9.194888873943361,360,0.86,11.0,13,31,1105
168.33333333333331,8.6,9.2,360,0.85,12.0,14,31,1106
179.55555555555554,7.8,9.194888873943361,360,0.9,11.0,15,31,1107
101.0,7.7,9.179903810567666,360,0.9,10.0,16,31,1108
11.222222222222221,7.5,9.156066017177983,360,0.91,10.0,17,31,1109
0.0,7.6,9.125,360,0.91,10.0,18,31,1110
0.0,7.9,9.088822856765379,360,0.91,10.0,19,31,1111
0.0,8.1,9.05,360,0.91,7.0,20,31,1112
0.0,7.6,9.011177143234622,360,0.9,8.0,21,31,1113
0.0,7.0,8.975000000000001,360,0.9,7.0,22,31,1114
0.0,6.5,8.943933982822019,360,0.9,6.0,23,31,1115
0.0,6.6,8.920096189432336,360,0.91,5.0,24,31,1116
0.0,5.9,7.611925960798826,360,0.89,5.0,1,32,1117
0.0,5.7,7.6,360,0.89,5.0,2,32,1118
0.0,4.6,7.611925960798826,360,0.88,6.0,3,32,1119
0.0,3.8,7.6468911086754465,360,0.9,4.0,4,32,1120
0.0,3.1,7.702512626584708,360,0.9,4.0,5,32,1121
0.0,2.5,7.7749999999999995,360,0.9,4.0,6,32,1122
0.0,2.5,7.859413334214118,360,0.89,5.0,7,32,1123
33.66666666666667,2.7,7.95,360,0.88,5.0,8,32,1124
246.8888888888889,3.9,8.040586665785883,360,0.87,6.0,9,32,1125
549.8888888888889,5.8,8.125,360,0.85,6.0,10,32,1126
729.4444444444443,7.2,8.197487373415292,360,0.81,6.0,11,32,1127
751.8888888888888,7.5,8.253108891324555,360,0.78,6.0,12,32,1128
594.7777777777778,8.3,8.288074039201174,360,0.75,5.0,13,32,1129
202.0,5.4,8.3,360,0.85,8.0,14,32,1130
303.0,6.6,8.288074039201174,360,0.79,5.0,15,32,1131
235.66666666666669,6.4,8.253108891324555,360,0.79,4.0,16,32,1132
33.66666666666667,3.8,8.197487373415292,360,0.83,4.0,17,32,1133
0.0,4.6,8.125,360,0.82,2.0,18,32,1134
0.0,2.4,8.040586665785883,360,0.87,2.0,19,32,1135
0.0,1.1,7.95,360,0.88,1.0,20,32,1136
0.0,1.9,7.859413334214118,360,0.88,1.0,21,32,1137
0.0,1.5,7.775,360,0.88,1.0,22,32,1138
0.0,1.9,7.702512626584708,360,0.87,2.0,23,32,1139
0.0,1.4,7.6468911086754465,360,0.88,3.0,24,32,1140
0.0,1.5,6.018740795541013,360,0.88,2.0,1,33,1141
0.0,0.8,6.0,360,0.88,2.0,2,33,1142
0.0,1.1,6.018740795541012,360,0.88,2.0,3,33,1143
0.0,1.4,6.0736860279185585,360,0.87,4.0,4,33,1144
0.0,0.8,6.161091270347399,360,0.88,4.0,5,33,1145
0.0,0.9,6.2749999999999995,360,0.88,3.0,6,33,1146
0.0,0.6,6.407649525193613,360,0.88,4.0,7,33,1147
44.888888888888886,0.7,6.55,360,0.88,3.0,8,33,1148
280.55555555555554,2.1,6.6923504748063865,360,0.87,3.0,9,33,1149
314.2222222222222,3.6,6.825,360,0.86,4.0,10,33,1150
785.5555555555557,5.6,6.938908729652601,360,0.81,6.0,11,33,1151
852.8888888888889,6.3,7.026313972081441,360,0.78,6.0,12,33,1152
561.1111111111111,6.8,7.081259204458988,360,0.74,7.0,13,33,1153
707.0000000000001,6.6,7.1,360,0.7,6.0,14,33,1154
336.66666666666663,6.5,7.081259204458988,360,0.67,6.0,15,33,1155
157.1111111111111,6.4,7.026313972081441,360,0.68,4.0,16,33,1156
89.77777777777777,5.2,6.938908729652601,360,0.75,3.0,17,33,1157
11.222222222222221,4.9,6.825,360,0.79,4.0,18,33,1158
0.0,4.0,6.6923504748063865,360,0.82,4.0,19,33,1159
0.0,3.7,6.55,360,0.84,4.0,20,33,1160
0.0,3.5,6.407649525193613,360,0.85,3.0,21,33,1161
0.0,3.1,6.275,360,0.86,2.0,22,33,1162
0.0,3.3,6.161091270347399,360,0.86,4.0,23,33,1163
0.0,3.3,6.0736860279185585,360,0.86,4.0,24,33,1164
0.0,2.6,6.115333378169919,360,0.87,3.0,1,34,1165
0.0,2.2,6.1,360,0.87,3.0,2,34,1166
0.0,0.8,6.115333378169919,360,0.88,2.0,3,34,1167
0.0,1.1,6.160288568297002,360,0.89,2.0,4,34,1168
0.0,1.4,6.231801948466053,360,0.89,3.0,5,34,1169
0.0,1.5,6.324999999999999,360,0.9,4.0,6,34,1170
0.0,1.8,6.433531429703866,360,0.9,4.0,7,34,1171
11.222222222222221,1.6,6.55,360,0.91,4.0,8,34,1172
134.66666666666669,2.1,6.666468570296134,360,0.91,4.0,9,34,1173
213.22222222222223,3.2,6.775,360,0.91,4.0,10,34,1174
415.2222222222223,4.6,6.8681980515339465,360,0.88,5.0,11,34,1175
404.0,5.8,6.939711431702998,360,0.84,7.0,12,34,1176
280.55555555555554,5.8,6.984666621830081,360,0.86,7.0,13,34,1177
179.55555555555554,5.6,7.0,360,0.87,6.0,14,34,1178
157.1111111111111,5.7,6.984666621830081,360,0.89,6.0,15,34,1179
101.0,5.3,6.939711431702998,360,0.9,8.0,16,34,1180
22.444444444444443,5.2,6.8681980515339465,360,0.9,8.0,17,34,1181
0.0,5.4,6.775,360,0.9,8.0,18,34,1182
0.0,5.1,6.666468570296134,360,0.9,8.0,19,34,1183
0.0,4.7,6.55,360,0.9,6.0,20,34,1184
0.0,3.1,6.433531429703866,360,0.9,3.0,21,34,1185
0.0,2.5,6.325,360,0.9,3.0,22,34,1186
0.0,2.5,6.231801948466053,360,0.91,4.0,23,34,1187
0.0,2.5,6.160288568297002,360,0.91,4.0,24,34,1188
0.0,2.2,6.113629669484372,360,0.9,4.0,1,35,1189
0.0,1.1,6.1,360,0.9,4.0,2,35,1190
0.0,1.1,6.113629669484372,360,0.91,3.0,3,35,1191
0.0,1.3,6.153589838486224,360,0.91,4.0,4,35,1192
0.0,1.7,6.217157287525381,360,0.91,3.0,5,35,1193
0.0,1.7,6.3,360,0.91,3.0,6,35,1194
0.0,2.0,6.396472381958992,360,0.91,1.0,7,35,1195
33.66666666666667,1.5,6.5,360,0.91,3.0,8,35,1196
101.0,2.2,6.603527618041008,360,0.91,2.0,9,35,1197
134.66666666666669,2.8,6.7,360,0.91,2.0,10,35,1198
157.1111111111111,2.9,6.782842712474619,360,0.91,2.0,11,35,1199
291.77777777777777,3.7,6.846410161513775,360,0.91,2.0,12,35,1200
246.8888888888889,4.0,6.886370330515628,360,0.91,4.0,13,35,1201
213.22222222222223,4.4,6.9,360,0.9,6.0,14,35,1202
67.33333333333334,3.2,6.886370330515628,360,0.9,8.0,15,35,1203
78.55555555555554,3.1,6.846410161513775,360,0.89,8.0,16,35,1204
44.888888888888886,2.4,6.782842712474619,360,0.89,9.0,17,35,1205
0.0,2.2,6.7,360,0.89,9.0,18,35,1206
0.0,1.4,6.603527618041008,360,0.88,10.0,19,35,1207
0.0,0.7,6.5,360,0.89,11.0,20,35,1208
0.0,0.2,6.396472381958992,360,0.89,8.0,21,35,1209
0.0,0.3,6.3,360,0.89,9.0,22,35,1210
0.0,0.2,6.217157287525381,360,0.88,9.0,23,35,1211
0.0,0.1,6.153589838486225,360,0.85,10.0,24,35,1212
0.0,0.1,5.306814834742186,360,0.83,9.0,1,36,1213
0.0,-0.1,5.3,360,0.83,10.0,2,36,1214
0.0,-0.2,5.306814834742186,360,0.82,10.0,3,36,1215
0.0,-0.3,5.326794919243112,360,0.81,10.0,4,36,1216
0.0,-0.7,5.35857864376269,360,0.83,10.0,5,36,1217
0.0,-0.6,5.3999999999999995,360,0.83,10.0,6,36,1218
0.0,-0.7,5.448236190979496,360,0.83,9.0,7,36,1219
22.444444444444443,-0.9,5.5,360,0.84,10.0,8,36,1220
190.77777777777777,-0.8,5.551763809020504,360,0.84,10.0,9,36,1221
583.5555555555555,0.1,5.6000000000000005,360,0.8,11.0,10,36,1222
808.0,1.1,5.641421356237309,360,0.77,10.0,11,36,1223
942.6666666666667,1.7,5.673205080756888,360,0.78,10.0,12,36,1224
740.6666666666667,1.5,5.693185165257814,360,0.79,11.0,13,36,1225
437.6666666666667,0.7,5.7,360,0.81,11.0,14,36,1226
269.33333333333337,0.2,5.693185165257814,360,0.81,11.0,15,36,1227
314.2222222222222,0.5,5.673205080756888,360,0.79,10.0,16,36,1228
89.77777777777777,0.0,5.641421356237309,360,0.8,10.0,17,36,1229
0.0,0.1,5.6000000000000005,360,0.8,8.0,18,36,1230
0.0,0.1,5.551763809020504,360,0.84,8.0,19,36,1231
0.0,-0.1,5.5,360,0.85,8.0,20,36,1232
0.0,-0.1,5.448236190979496,360,0.86,8.0,21,36,1233
0.0,-0.1,5.4,360,0.87,6.0,22,36,1234
0.0,-0.1,5.358578643762691,360,0.88,6.0,23,36,1235
0.0,-0.3,5.326794919243112,360,0.89,4.0,24,36,1236
0.0,-0.6,5.001703708685547,360,0.9,5.0,1,37,1237
0.0,-0.5,5.0,360,0.9,4.0,2,37,1238
0.0,-0.3,5.001703708685547,360,0.9,4.0,3,37,1239
0.0,-0.2,5.006698729810778,360,0.9,5.0,4,37,1240
0.0,-0.2,5.0146446609406725,360,0.9,4.0,5,37,1241
0.0,-0.2,5.0249999999999995,360,0.9,4.0,6,37,1242
0.0,-0.3,5.037059047744874,360,0.9,4.0,7,37,1243
0.0,-0.2,5.05,360,0.9,4.0,8,37,1244
22.444444444444443,-0.2,5.062940952255126,360,0.9,2.0,9,37,1245
56.111111111111114,0.0,5.075,360,0.9,3.0,10,37,1246
78.55555555555554,0.1,5.085355339059327,360,0.9,4.0,11,37,1247
78.55555555555554,0.1,5.0933012701892215,360,0.9,4.0,12,37,1248
89.77777777777777,0.3,5.098296291314453,360,0.9,4.0,13,37,1249
89.77777777777777,0.4,5.1,360,0.89,4.0,14,37,1250
56.111111111111114,0.3,5.098296291314453,360,0.89,3.0,15,37,1251
67.33333333333334,0.4,5.0933012701892215,360,0.89,3.0,16,37,1252
22.444444444444443,0.2,5.085355339059327,360,0.89,4.0,17,37,1253
0.0,-0.3,5.075,360,0.89,8.0,18,37,1254
0.0,-0.6,5.062940952255126,360,0.89,7.0,19,37,1255
0.0,-0.5,5.05,360,0.89,6.0,20,37,1256
0.0,-0.4,5.037059047744874,360,0.88,7.0,21,37,1257
0.0,-0.5,5.025,360,0.88,7.0,22,37,1258
0.0,-0.5,5.0146446609406725,360,0.89,5.0,23,37,1259
0.0,-0.2,5.006698729810778,360,0.89,4.0,24,37,1260
0.0,-0.4,4.60511112605664,360,0.89,5.0,1,38,1261
0.0,0.1,4.6,360,0.89,6.0,2,38,1262
0.0,0.1,4.60511112605664,360,0.88,6.0,3,38,1263
0.0,0.0,4.620096189432334,360,0.88,6.0,4,38,1264
0.0,-0.8,4.643933982822017,360,0.88,6.0,5,38,1265
0.0,-0.8,4.675,360,0.88,4.0,6,38,1266
0.0,-0.8,4.711177143234622,360,0.88,3.0,7,38,1267
33.66666666666667,-0.7,4.75,360,0.89,4.0,8,38,1268
269.33333333333337,-0.1,4.788822856765378,360,0.88,6.0,9,38,1269
291.77777777777777,-0.1,4.825,360,0.86,6.0,10,38,1270
168.33333333333331,-0.3,4.856066017177983,360,0.86,8.0,11,38,1271
190.77777777777777,0.0,4.879903810567666,360,0.85,7.0,12,38,1272
258.11111111111114,-0.3,4.89488887394336,360,0.88,6.0,13,38,1273
291.77777777777777,-0.2,4.9,360,0.85,7.0,14,38,1274
101.0,-0.3,4.89488887394336,360,0.87,7.0,15,38,1275
78.55555555555554,-0.2,4.879903810567666,360,0.85,7.0,16,38,1276
22.444444444444443,-0.3,4.856066017177983,360,0.87,5.0,17,38,1277
0.0,-0.4,4.825,360,0.86,6.0,18,38,1278
0.0,-0.2,4.788822856765378,360,0.85,4.0,19,38,1279
0.0,-0.5,4.75,360,0.85,4.0,20,38,1280
0.0,-0.8,4.711177143234622,360,0.85,5.0,21,38,1281
0.0,-1.3,4.675,360,0.86,4.0,22,38,1282
0.0,-1.0,4.643933982822017,360,0.86,4.0,23,38,1283
0.0,-0.9,4.620096189432334,360,0.82,4.0,24,38,1284
0.0,-0.9,4.22044450422656,360,0.82,4.0,1,39,1285
0.0,-0.9,4.200000000000001,360,0.84,2.0,2,39,1286
0.0,-0.9,4.22044450422656,360,0.83,2.0,3,39,1287
0.0,-0.9,4.280384757729338,360,0.87,2.0,4,39,1288
0.0,-1.1,4.375735931288072,360,0.87,3.0,5,39,1289
0.0,-1.7,4.5,360,0.88,2.0,6,39,1290
0.0,-1.9,4.644708572938488,360,0.88,2.0,7,39,1291
22.444444444444443,-1.7,4.800000000000001,360,0.89,2.0,8,39,1292
112.22222222222223,-1.0,4.955291427061513,360,0.89,2.0,9,39,1293
269.33333333333337,-0.3,5.1000000000000005,360,0.88,2.0,10,39,1294
808.0,1.7,5.224264068711929,360,0.82,4.0,11,39,1295
965.1111111111112,2.6,5.319615242270664,360,0.78,5.0,12,39,1296
987.5555555555557,3.1,5.379555495773442,360,0.74,6.0,13,39,1297
920.2222222222223,3.7,5.4,360,0.71,6.0,14,39,1298
718.2222222222222,3.7,5.379555495773442,360,0.69,5.0,15,39,1299
448.8888888888889,3.5,5.319615242270664,360,0.71,4.0,16,39,1300
145.88888888888889,1.5,5.224264068711929,360,0.75,3.0,17,39,1301
11.222222222222221,0.2,5.1000000000000005,360,0.78,2.0,18,39,1302
0.0,-2.7,4.955291427061513,360,0.85,0.0,19,39,1303
0.0,-2.6,4.800000000000001,360,0.87,1.0,20,39,1304
0.0,-3.1,4.644708572938488,360,0.87,1.0,21,39,1305
0.0,-2.7,4.500000000000001,360,0.84,2.0,22,39,1306
0.0,-3.0,4.375735931288072,360,0.85,2.0,23,39,1307
0.0,-3.0,4.280384757729338,360,0.87,2.0,24,39,1308
0.0,-2.8,3.511925960798826,360,0.84,2.0,1,40,1309
0.0,-1.7,3.5,360,0.82,4.0,2,40,1310
0.0,-1.9,3.511925960798826,360,0.82,4.0,3,40,1311
0.0,-1.7,3.5468911086754464,360,0.85,4.0,4,40,1312
0.0,-1.5,3.602512626584708,360,0.86,5.0,5,40,1313
0.0,-1.4,3.675,360,0.84,5.0,6,40,1314
0.0,-1.3,3.759413334214118,360,0.84,6.0,7,40,1315
22.444444444444443,-0.8,3.85,360,0.84,6.0,8,40,1316
44.888888888888886,-0.6,3.9405866657858826,360,0.88,8.0,9,40,1317
168.33333333333331,-0.2,4.025,360,0.89,9.0,10,40,1318
246.8888888888889,0.2,4.097487373415292,360,0.9,9.0,11,40,1319
134.66666666666669,0.6,4.153108891324553,360,0.9,8.0,12,40,1320
179.55555555555554,1.8,4.188074039201174,360,0.9,6.0,13,40,1321
291.77777777777777,2.4,4.2,360,0.9,3.0,14,40,1322
516.2222222222223,4.1,4.188074039201174,360,0.89,3.0,15,40,1323
415.2222222222223,4.7,4.153108891324553,360,0.85,4.0,16,40,1324
134.66666666666669,3.2,4.097487373415292,360,0.81,6.0,17,40,1325
0.0,1.9,4.025,360,0.81,2.0,18,40,1326
0.0,1.8,3.9405866657858826,360,0.8,4.0,19,40,1327
0.0,1.0,3.85,360,0.82,2.0,20,40,1328
0.0,1.0,3.759413334214118,360,0.82,3.0,21,40,1329
0.0,1.1,3.6750000000000003,360,0.82,4.0,22,40,1330
0.0,0.5,3.6025126265847085,360,0.82,4.0,23,40,1331
0.0,0.6,3.5468911086754464,360,0.82,2.0,24,40,1332
0.0,0.3,3.134074173710932,360,0.82,3.0,1,41,1333
0.0,-1.8,3.0999999999999996,360,0.87,3.0,2,41,1334
0.0,-0.8,3.1340741737109314,360,0.86,2.0,3,41,1335
0.0,-1.0,3.2339745962155613,360,0.86,2.0,4,41,1336
0.0,-3.1,3.3928932188134517,360,0.87,1.0,5,41,1337
0.0,-2.1,3.599999999999999,360,0.88,1.0,6,41,1338
0.0,-1.4,3.841180954897479,360,0.88,2.0,7,41,1339
112.22222222222223,-1.2,4.1,360,0.87,2.0,8,41,1340
538.6666666666667,1.3,4.35881904510252,360,0.86,2.0,9,41,1341
673.3333333333333,4.5,4.6,360,0.79,2.0,10,41,1342
864.1111111111111,5.3,4.8071067811865476,360,0.74,3.0,11,41,1343
998.7777777777778,6.0,4.966025403784438,360,0.69,4.0,12,41,1344
1021.2222222222222,6.7,5.065925826289067,360,0.69,6.0,13,41,1345
942.6666666666667,7.2,5.1,360,0.69,5.0,14,41,1346
740.6666666666667,7.2,5.065925826289067,360,0.68,6.0,15,41,1347
392.7777777777778,6.2,4.966025403784438,360,0.72,6.0,16,41,1348
101.0,5.6,4.8071067811865476,360,0.75,6.0,17,41,1349
0.0,5.3,4.6,360,0.77,4.0,18,41,1350
0.0,5.0,4.35881904510252,360,0.8,5.0,19,41,1351
0.0,4.7,4.1,360,0.83,6.0,20,41,1352
0.0,4.4,3.841180954897479,360,0.86,6.0,21,41,1353
0.0,4.4,3.6,360,0.89,9.0,22,41,1354
0.0,4.5,3.392893218813452,360,0.9,8.0,23,41,1355
0.0,5.0,3.2339745962155613,360,0.91,9.0,24,41,1356
0.0,5.3,4.739185299767572,360,0.91,8.0,1,42,1357
0.0,5.5,4.699999999999999,360,0.91,8.0,2,42,1358
0.0,5.9,4.739185299767572,360,0.91,8.0,3,42,1359
0.0,6.0,4.854070785647895,360,0.91,10.0,4,42,1360
0.0,6.0,5.03682720163547,360,0.91,8.0,5,42,1361
0.0,6.2,5.2749999999999995,360,0.91,8.0,6,42,1362
0.0,6.6,5.552358098132101,360,0.92,6.0,7,42,1363
11.222222222222221,6.9,5.85,360,0.92,7.0,8,42,1364
89.77777777777777,7.0,6.147641901867899,360,0.89,6.0,9,42,1365
392.7777777777778,8.7,6.425,360,0.85,3.0,10,42,1366
561.1111111111111,8.7,6.6631727983645295,360,0.8,6.0,11,42,1367
808.0,9.3,6.845929214352104,360,0.73,6.0,12,42,1368
796.7777777777777,10.2,6.960814700232428,360,0.7,6.0,13,42,1369
965.1111111111112,10.5,7.0,360,0.65,7.0,14,42,1370
740.6666666666667,9.6,6.960814700232428,360,0.65,10.0,15,42,1371
145.88888888888889,8.9,6.845929214352104,360,0.68,7.0,16,42,1372
44.888888888888886,7.8,6.6631727983645295,360,0.71,6.0,17,42,1373
11.222222222222221,4.7,6.425,360,0.8,12.0,18,42,1374
0.0,4.5,6.147641901867899,360,0.82,4.0,19,42,1375
0.0,4.8,5.85,360,0.78,4.0,20,42,1376
0.0,4.4,5.552358098132101,360,0.85,4.0,21,42,1377
0.0,4.2,5.275,360,0.85,3.0,22,42,1378
0.0,3.5,5.03682720163547,360,0.83,4.0,23,42,1379
0.0,2.4,4.854070785647895,360,0.82,5.0,24,42,1380
0.0,1.0,4.627259338968745,360,0.84,3.0,1,43,1381
0.0,0.1,4.6,360,0.85,2.0,2,43,1382
0.0,-0.3,4.627259338968745,360,0.85,2.0,3,43,1383
0.0,-0.4,4.707179676972449,360,0.86,2.0,4,43,1384
0.0,-1.7,4.834314575050762,360,0.87,1.0,5,43,1385
0.0,-1.6,5.0,360,0.87,2.0,6,43,1386
0.0,-1.8,5.192944763917984,360,0.88,2.0,7,43,1387
112.22222222222223,-1.0,5.4,360,0.88,2.0,8,43,1388
527.4444444444445,1.4,5.607055236082017,360,0.86,2.0,9,43,1389
707.0000000000001,3.8,5.800000000000001,360,0.8,2.0,10,43,1390
886.5555555555555,5.8,5.965685424949239,360,0.73,2.0,11,43,1391
953.8888888888889,6.8,6.092820323027551,360,0.63,4.0,12,43,1392
976.3333333333333,6.8,6.172740661031256,360,0.54,4.0,13,43,1393
1077.3333333333335,7.5,6.200000000000001,360,0.54,4.0,14,43,1394
796.7777777777777,6.7,6.172740661031256,360,0.63,6.0,15,43,1395
314.2222222222222,6.9,6.092820323027551,360,0.59,4.0,16,43,1396
213.22222222222223,5.9,5.965685424949239,360,0.62,4.0,17,43,1397
11.222222222222221,2.7,5.800000000000001,360,0.74,4.0,18,43,1398
0.0,2.0,5.607055236082017,360,0.75,2.0,19,43,1399
0.0,0.8,5.4,360,0.77,2.0,20,43,1400
0.0,0.1,5.192944763917984,360,0.79,2.0,21,43,1401
0.0,-0.2,5.0,360,0.81,2.0,22,43,1402
0.0,1.3,4.834314575050763,360,0.78,4.0,23,43,1403
0.0,0.3,4.70717967697245,360,0.8,3.0,24,43,1404
0.0,-0.2,4.2102222521132795,360,0.82,4.0,1,44,1405
0.0,0.7,4.2,360,0.8,6.0,2,44,1406
0.0,-0.2,4.2102222521132795,360,0.82,6.0,3,44,1407
0.0,0.1,4.240192378864668,360,0.81,6.0,4,44,1408
0.0,0.0,4.287867965644036,360,0.8,6.0,5,44,1409
0.0,0.8,4.35,360,0.76,8.0,6,44,1410
0.0,0.6,4.422354286469244,360,0.78,9.0,7,44,1411
22.444444444444443,1.1,4.5,360,0.79,10.0,8,44,1412
78.55555555555554,1.3,4.577645713530756,360,0.8,10.0,9,44,1413
101.0,1.2,4.65,360,0.8,10.0,10,44,1414
168.33333333333331,0.9,4.712132034355964,360,0.87,12.0,11,44,1415
314.2222222222222,0.5,4.759807621135331,360,0.88,12.0,12,44,1416
392.7777777777778,1.3,4.7897777478867205,360,0.89,12.0,13,44,1417
471.33333333333337,1.9,4.8,360,0.89,10.0,14,44,1418
269.33333333333337,2.7,4.7897777478867205,360,0.89,8.0,15,44,1419
112.22222222222223,4.3,4.759807621135331,360,0.89,6.0,16,44,1420
168.33333333333331,4.9,4.712132034355964,360,0.85,6.0,17,44,1421
0.0,3.3,4.65,360,0.87,5.0,18,44,1422
0.0,3.0,4.577645713530756,360,0.88,4.0,19,44,1423
0.0,1.9,4.5,360,0.87,8.0,20,44,1424
0.0,1.0,4.422354286469244,360,0.88,2.0,21,44,1425
0.0,1.5,4.3500000000000005,360,0.89,4.0,22,44,1426
0.0,0.7,4.287867965644036,360,0.88,3.0,23,44,1427
0.0,0.5,4.240192378864669,360,0.88,4.0,24,44,1428
0.0,-0.4,3.739185299767571,360,0.89,4.0,1,45,1429
0.0,-0.5,3.6999999999999997,360,0.88,3.0,2,45,1430
0.0,-0.2,3.739185299767571,360,0.89,3.0,3,45,1431
0.0,-0.3,3.8540707856478953,360,0.88,2.0,4,45,1432
0.0,-0.2,4.03682720163547,360,0.89,2.0,5,45,1433
0.0,0.0,4.2749999999999995,360,0.89,2.0,6,45,1434
0.0,0.1,4.552358098132101,360,0.89,2.0,7,45,1435
33.66666666666667,1.6,4.85,360,0.88,4.0,8,45,1436
112.22222222222223,2.3,5.147641901867899,360,0.85,6.0,9,45,1437
179.55555555555554,2.3,5.425,360,0.88,7.0,10,45,1438
235.66666666666669,2.9,5.6631727983645295,360,0.88,8.0,11,45,1439
258.11111111111114,3.9,5.845929214352104,360,0.89,8.0,12,45,1440
359.1111111111111,4.9,5.960814700232428,360,0.91,8.0,13,45,1441
235.66666666666669,5.1,6.0,360,0.92,10.0,14,45,1442
168.33333333333331,5.2,5.960814700232428,360,0.94,10.0,15,45,1443
101.0,5.3,5.845929214352104,360,0.96,10.0,16,45,1444
22.444444444444443,5.3,5.6631727983645295,360,0.97,10.0,17,45,1445
0.0,5.6,5.425,360,0.97,9.0,18,45,1446
0.0,5.8,5.147641901867899,360,0.98,10.0,19,45,1447
0.0,6.1,4.85,360,0.99,8.0,20,45,1448
0.0,6.4,4.552358098132101,360,1.0,8.0,21,45,1449
0.0,6.7,4.275,360,1.0,9.0,22,45,1450
0.0,7.0,4.03682720163547,360,1.0,8.0,23,45,1451
0.0,7.8,3.8540707856478953,360,1.0,7.0,24,45,1452
0.0,8.7,4.852814969251944,360,1.0,6.0,1,46,1453
0.0,10.8,4.799999999999999,360,1.0,6.0,2,46,1454
0.0,11.0,4.852814969251943,360,1.0,8.0,3,46,1455
0.0,11.1,5.007660624134119,360,1.0,7.0,4,46,1456
0.0,11.1,5.2539844891608505,360,1.0,7.0,5,46,1457
0.0,11.1,5.574999999999999,360,1.0,7.0,6,46,1458
0.0,11.2,5.948830480091092,360,1.0,8.0,7,46,1459
11.222222222222221,11.3,6.35,360,1.0,8.0,8,46,1460
33.66666666666667,11.7,6.751169519908907,360,1.0,9.0,9,46,1461
67.33333333333334,11.9,7.125,360,0.99,9.0,10,46,1462
190.77777777777777,12.6,7.446015510839149,360,0.97,10.0,11,46,1463
224.44444444444446,12.9,7.692339375865879,360,0.96,10.0,12,46,1464
179.55555555555554,12.7,7.847185030748056,360,0.97,10.0,13,46,1465
202.0,12.9,7.9,360,0.96,11.0,14,46,1466
123.44444444444446,12.2,7.847185030748056,360,0.98,9.0,15,46,1467
134.66666666666669,12.0,7.692339375865879,360,0.98,7.0,16,46,1468
67.33333333333334,11.4,7.446015510839149,360,0.98,7.0,17,46,1469
11.222222222222221,10.9,7.125,360,0.99,5.0,18,46,1470
0.0,10.5,6.751169519908907,360,1.0,3.0,19,46,1471
0.0,10.2,6.35,360,1.0,4.0,20,46,1472
0.0,9.7,5.948830480091092,360,1.0,4.0,21,46,1473
0.0,9.3,5.575,360,1.0,2.0,22,46,1474
0.0,9.4,5.253984489160851,360,1.0,2.0,23,46,1475
0.0,9.1,5.00766062413412,360,0.99,5.0,24,46,1476
0.0,8.1,7.4170370868554665,360,0.99,4.0,1,47,1477
0.0,7.5,7.4,360,1.0,2.0,2,47,1478
0.0,7.2,7.4170370868554665,360,1.0,4.0,3,47,1479
0.0,6.9,7.466987298107781,360,1.0,4.0,4,47,1480
0.0,7.0,7.546446609406726,360,1.0,4.0,5,47,1481
0.0,7.0,7.65,360,1.0,4.0,6,47,1482
0.0,6.8,7.77059047744874,360,1.0,5.0,7,47,1483
33.66666666666667,7.0,7.9,360,0.97,5.0,8,47,1484
224.44444444444446,7.4,8.02940952255126,360,0.91,6.0,9,47,1485
381.55555555555554,8.1,8.15,360,0.88,7.0,10,47,1486
538.6666666666667,8.7,8.253553390593273,360,0.84,7.0,11,47,1487
639.6666666666667,9.7,8.333012701892219,360,0.84,6.0,12,47,1488
594.7777777777778,9.8,8.382962913144535,360,0.85,6.0,13,47,1489
549.8888888888889,9.8,8.4,360,0.84,6.0,14,47,1490
258.11111111111114,9.4,8.382962913144535,360,0.83,6.0,15,47,1491
157.1111111111111,9.3,8.333012701892219,360,0.85,7.0,16,47,1492
67.33333333333334,9.0,8.253553390593273,360,0.86,5.0,17,47,1493
0.0,8.5,8.15,360,0.87,4.0,18,47,1494
0.0,8.1,8.02940952255126,360,0.89,5.0,19,47,1495
0.0,7.9,7.9,360,0.92,4.0,20,47,1496
0.0,7.3,7.77059047744874,360,0.98,4.0,21,47,1497
0.0,7.1,7.65,360,1.0,4.0,22,47,1498
0.0,7.0,7.546446609406726,360,1.0,3.0,23,47,1499
0.0,7.0,7.466987298107781,360,1.0,3.0,24,47,1500
0.0,6.8,7.511925960798826,360,1.0,2.0,1,48,1501
0.0,6.6,7.5,360,1.0,2.0,2,48,1502
0.0,6.3,7.511925960798826,360,1.0,2.0,3,48,1503
0.0,6.3,7.546891108675446,360,1.0,1.0,4,48,1504
0.0,6.4,7.6025126265847085,360,1.0,6.0,5,48,1505
0.0,6.7,7.675,360,1.0,6.0,6,48,1506
0.0,6.5,7.759413334214117,360,1.0,4.0,7,48,1507
33.66666666666667,6.8,7.85,360,1.0,4.0,8,48,1508
134.66666666666669,7.1,7.940586665785882,360,1.0,4.0,9,48,1509
347.8888888888889,7.8,8.025,360,0.99,3.0,10,48,1510
314.2222222222222,7.1,8.09748737341529,360,0.91,9.0,11,48,1511
538.6666666666667,7.2,8.153108891324553,360,0.88,8.0,12,48,1512
347.8888888888889,7.5,8.188074039201172,360,0.87,7.0,13,48,1513
190.77777777777777,7.1,8.2,360,0.88,6.0,14,48,1514
246.8888888888889,7.5,8.188074039201172,360,0.87,5.0,15,48,1515
493.7777777777778,9.0,8.153108891324553,360,0.76,4.0,16,48,1516
213.22222222222223,7.6,8.09748737341529,360,0.8,4.0,17,48,1517
11.222222222222221,2.7,8.025,360,1.0,2.0,18,48,1518
0.0,2.6,7.940586665785882,360,1.0,2.0,19,48,1519
0.0,1.9,7.85,360,1.0,1.0,20,48,1520
0.0,3.1,7.759413334214117,360,0.99,2.0,21,48,1521
0.0,2.0,7.675,360,0.99,2.0,22,48,1522
0.0,1.8,7.6025126265847085,360,1.0,2.0,23,48,1523
0.0,2.2,7.546891108675446,360,1.0,2.0,24,48,1524
0.0,2.9,6.223851921597653,360,1.0,2.0,1,49,1525
0.0,3.2,6.200000000000001,360,1.0,2.0,2,49,1526
0.0,3.4,6.223851921597653,360,1.0,2.0,3,49,1527
0.0,3.3,6.293782217350893,360,1.0,1.0,4,49,1528
0.0,3.9,6.405025253169417,360,1.0,2.0,5,49,1529
0.0,3.5,6.55,360,1.0,2.0,6,49,1530
0.0,3.7,6.718826668428236,360,1.0,2.0,7,49,1531
22.444444444444443,3.9,6.9,360,1.0,2.0,8,49,1532
89.77777777777777,4.7,7.081173331571764,360,1.0,3.0,9,49,1533
258.11111111111114,5.4,7.25,360,0.98,6.0,10,49,1534
336.66666666666663,5.8,7.3949747468305835,360,0.96,6.0,11,49,1535
426.44444444444446,6.5,7.506217782649108,360,0.94,6.0,12,49,1536
549.8888888888889,7.5,7.576148078402348,360,0.91,6.0,13,49,1537
471.33333333333337,7.7,7.6,360,0.88,6.0,14,49,1538
291.77777777777777,7.9,7.576148078402348,360,0.89,4.0,15,49,1539
202.0,7.8,7.506217782649108,360,0.89,4.0,16,49,1540
67.33333333333334,7.5,7.3949747468305835,360,0.9,4.0,17,49,1541
0.0,7.2,7.25,360,0.92,3.0,18,49,1542
0.0,6.8,7.081173331571764,360,0.96,3.0,19,49,1543
0.0,6.6,6.9,360,0.98,2.0,20,49,1544
0.0,5.5,6.718826668428236,360,1.0,1.0,21,49,1545
0.0,3.1,6.550000000000001,360,1.0,1.0,22,49,1546
0.0,2.0,6.405025253169417,360,1.0,1.0,23,49,1547
0.0,1.3,6.293782217350893,360,1.0,1.0,24,49,1548
0.0,1.3,6.425555630283199,360,1.0,1.0,1,50,1549
0.0,2.1,6.4,360,1.0,1.0,2,50,1550
0.0,2.4,6.425555630283199,360,1.0,1.0,3,50,1551
0.0,2.6,6.500480947161671,360,1.0,2.0,4,50,1552
0.0,2.3,6.619669914110089,360,1.0,1.0,5,50,1553
0.0,2.5,6.775,360,1.0,1.0,6,50,1554
0.0,3.0,6.95588571617311,360,1.0,1.0,7,50,1555
78.55555555555554,4.1,7.15,360,1.0,1.0,8,50,1556
235.66666666666669,5.5,7.344114283826891,360,1.0,1.0,9,50,1557
392.7777777777778,6.5,7.525,360,0.98,2.0,10,50,1558
314.2222222222222,7.1,7.680330085889911,360,0.94,2.0,11,50,1559
448.8888888888889,7.8,7.799519052838329,360,0.89,4.0,12,50,1560
291.77777777777777,8.1,7.874444369716802,360,0.91,3.0,13,50,1561
235.66666666666669,8.3,7.9,360,0.93,3.0,14,50,1562
213.22222222222223,8.4,7.874444369716802,360,0.95,4.0,15,50,1563
123.44444444444446,8.3,7.799519052838329,360,0.96,3.0,16,50,1564
44.888888888888886,8.1,7.680330085889911,360,1.0,2.0,17,50,1565
0.0,7.9,7.525,360,1.0,2.0,18,50,1566
0.0,7.9,7.344114283826891,360,1.0,2.0,19,50,1567
0.0,7.8,7.15,360,1.0,2.0,20,50,1568
0.0,8.1,6.95588571617311,360,1.0,2.0,21,50,1569
0.0,8.2,6.775,360,1.0,3.0,22,50,1570
0.0,9.3,6.61966991411009,360,1.0,5.0,23,50,1571
0.0,9.2,6.500480947161671,360,1.0,5.0,24,50,1572
0.0,9.0,7.811925960798827,360,1.0,6.0,1,51,1573
0.0,8.9,7.800000000000001,360,1.0,7.0,2,51,1574
0.0,9.0,7.811925960798827,360,1.0,6.0,3,51,1575
0.0,9.1,7.846891108675447,360,0.99,7.0,4,51,1576
0.0,9.1,7.902512626584708,360,0.98,6.0,5,51,1577
0.0,9.0,7.9750000000000005,360,0.96,6.0,6,51,1578
0.0,9.1,8.059413334214119,360,0.95,7.0,7,51,1579
22.444444444444443,9.1,8.15,360,0.96,8.0,8,51,1580
101.0,9.3,8.240586665785882,360,0.95,8.0,9,51,1581
202.0,9.7,8.325000000000001,360,0.93,9.0,10,51,1582
202.0,9.8,8.397487373415292,360,0.92,9.0,11,51,1583
493.7777777777778,10.7,8.453108891324554,360,0.88,10.0,12,51,1584
235.66666666666669,10.0,8.488074039201175,360,0.91,10.0,13,51,1585
224.44444444444446,9.5,8.5,360,0.93,10.0,14,51,1586
202.0,9.7,8.488074039201175,360,0.92,8.0,15,51,1587
112.22222222222223,9.1,8.453108891324554,360,0.96,8.0,16,51,1588
44.888888888888886,8.8,8.397487373415292,360,0.97,8.0,17,51,1589
11.222222222222221,8.6,8.325000000000001,360,0.98,6.0,18,51,1590
0.0,8.7,8.240586665785882,360,0.95,4.0,19,51,1591
0.0,7.4,8.15,360,0.94,11.0,20,51,1592
0.0,6.8,8.059413334214119,360,0.95,10.0,21,51,1593
0.0,6.2,7.9750000000000005,360,0.92,12.0,22,51,1594
0.0,5.8,7.902512626584708,360,0.91,8.0,23,51,1595
0.0,4.7,7.846891108675447,360,0.95,10.0,24,51,1596
0.0,3.0,6.811925960798827,360,0.97,10.0,1,52,1597
0.0,3.4,6.800000000000001,360,0.98,7.0,2,52,1598
0.0,3.5,6.811925960798827,360,0.97,7.0,3,52,1599
0.0,2.8,6.846891108675447,360,0.96,8.0,4,52,1600
0.0,2.0,6.902512626584708,360,0.97,7.0,5,52,1601
0.0,1.8,6.9750000000000005,360,0.98,6.0,6,52,1602
0.0,1.3,7.059413334214118,360,0.99,6.0,7,52,1603
101.0,1.5,7.15,360,0.99,6.0,8,52,1604
280.55555555555554,2.0,7.240586665785883,360,0.97,7.0,9,52,1605
336.66666666666663,2.4,7.325,360,0.93,7.0,10,52,1606
493.7777777777778,3.7,7.397487373415292,360,0.88,8.0,11,52,1607
808.0,4.8,7.453108891324554,360,0.8,8.0,12,52,1608
953.8888888888889,4.9,7.488074039201174,360,0.74,10.0,13,52,1609
740.6666666666667,4.6,7.5,360,0.76,9.0,14,52,1610
572.3333333333333,4.9,7.488074039201174,360,0.72,10.0,15,52,1611
437.6666666666667,4.2,7.453108891324554,360,0.74,10.0,16,52,1612
202.0,3.5,7.397487373415292,360,0.76,10.0,17,52,1613
22.444444444444443,2.3,7.325,360,0.82,8.0,18,52,1614
0.0,1.7,7.240586665785883,360,0.85,7.0,19,52,1615
0.0,1.3,7.15,360,0.87,6.0,20,52,1616
0.0,0.9,7.059413334214118,360,0.9,6.0,21,52,1617
0.0,0.4,6.9750000000000005,360,0.92,7.0,22,52,1618
0.0,0.1,6.902512626584708,360,0.93,6.0,23,52,1619
0.0,-0.1,6.846891108675447,360,0.94,7.0,24,52,1620
0.0,-0.4,5.1187407955410125,360,0.95,7.0,1,53,1621
0.0,-0.8,5.1,360,0.96,6.0,2,53,1622
0.0,-1.2,5.1187407955410125,360,0.97,6.0,3,53,1623
0.0,-1.3,5.173686027918559,360,0.97,6.0,4,53,1624
0.0,-1.7,5.261091270347399,360,0.98,5.0,5,53,1625
0.0,-1.8,5.375,360,0.97,6.0,6,53,1626
0.0,-2.1,5.507649525193614,360,0.97,6.0,7,53,1627
112.22222222222223,-1.7,5.65,360,0.96,6.0,8,53,1628
370.33333333333337,-0.8,5.792350474806387,360,0.93,6.0,9,53,1629
684.5555555555557,0.6,5.925000000000001,360,0.88,7.0,10,53,1630
987.5555555555557,1.9,6.038908729652602,360,0.84,7.0,11,53,1631
1111.0,3.4,6.126313972081442,360,0.76,9.0,12,53,1632
1167.111111111111,4.5,6.181259204458988,360,0.69,10.0,13,53,1633
1066.1111111111113,5.1,6.200000000000001,360,0.61,11.0,14,53,1634
886.5555555555555,5.4,6.181259204458988,360,0.6,10.0,15,53,1635
583.5555555555555,4.8,6.126313972081442,360,0.57,10.0,16,53,1636
258.11111111111114,3.6,6.038908729652602,360,0.64,9.0,17,53,1637
33.66666666666667,2.2,5.925000000000001,360,0.73,8.0,18,53,1638
0.0,1.2,5.792350474806387,360,0.78,7.0,19,53,1639
0.0,0.9,5.65,360,0.78,7.0,20,53,1640
0.0,0.3,5.507649525193614,360,0.8,6.0,21,53,1641
0.0,0.0,5.375,360,0.81,6.0,22,53,1642
0.0,-0.6,5.261091270347399,360,0.82,6.0,23,53,1643
0.0,-1.1,5.173686027918559,360,0.85,6.0,24,53,1644
0.0,-1.4,4.323851921597652,360,0.86,5.0,1,54,1645
0.0,-1.7,4.3,360,0.85,4.0,2,54,1646
0.0,-1.8,4.323851921597652,360,0.84,6.0,3,54,1647
0.0,-1.9,4.393782217350893,360,0.83,6.0,4,54,1648
0.0,-2.2,4.505025253169416,360,0.85,6.0,5,54,1649
0.0,-2.3,4.6499999999999995,360,0.86,6.0,6,54,1650
0.0,-2.6,4.818826668428236,360,0.86,6.0,7,54,1651
134.66666666666669,-1.8,5.0,360,0.84,7.0,8,54,1652
460.11111111111114,-0.5,5.181173331571765,360,0.78,7.0,9,54,1653
763.1111111111111,0.8,5.3500000000000005,360,0.73,8.0,10,54,1654
1010.0,2.3,5.494974746830583,360,0.69,7.0,11,54,1655
1144.6666666666665,3.0,5.606217782649107,360,0.63,10.0,12,54,1656
1189.5555555555557,3.8,5.676148078402348,360,0.61,9.0,13,54,1657
1111.0,3.9,5.7,360,0.6,10.0,14,54,1658
965.1111111111112,3.9,5.676148078402348,360,0.62,8.0,15,54,1659
426.44444444444446,2.7,5.606217782649107,360,0.65,10.0,16,54,1660
101.0,2.0,5.494974746830583,360,0.67,10.0,17,54,1661
11.222222222222221,1.6,5.3500000000000005,360,0.69,8.0,18,54,1662
0.0,1.5,5.181173331571765,360,0.67,8.0,19,54,1663
0.0,1.2,5.0,360,0.68,9.0,20,54,1664
0.0,1.0,4.818826668428236,360,0.69,9.0,21,54,1665
0.0,0.8,4.65,360,0.71,8.0,22,54,1666
0.0,0.5,4.505025253169417,360,0.71,8.0,23,54,1667
0.0,-0.7,4.393782217350893,360,0.77,7.0,24,54,1668
0.0,-1.5,4.1306667563398385,360,0.83,4.0,1,55,1669
0.0,-1.8,4.1,360,0.84,4.0,2,55,1670
0.0,-1.7,4.1306667563398385,360,0.84,4.0,3,55,1671
0.0,-1.5,4.220577136594005,360,0.83,5.0,4,55,1672
0.0,-1.7,4.363603896932107,360,0.85,5.0,5,55,1673
0.0,-2.0,4.55,360,0.87,4.0,6,55,1674
0.0,-2.3,4.767062859407732,360,0.89,4.0,7,55,1675
145.88888888888889,-1.0,5.0,360,0.84,6.0,8,55,1676
437.6666666666667,0.4,5.232937140592269,360,0.79,8.0,9,55,1677
740.6666666666667,1.8,5.45,360,0.72,8.0,10,55,1678
987.5555555555557,3.0,5.636396103067893,360,0.68,7.0,11,55,1679
1122.2222222222222,4.3,5.779422863405995,360,0.69,7.0,12,55,1680
1167.111111111111,4.9,5.8693332436601615,360,0.64,7.0,13,55,1681
1054.888888888889,6.1,5.9,360,0.64,6.0,14,55,1682
852.8888888888889,6.3,5.8693332436601615,360,0.63,7.0,15,55,1683
572.3333333333333,5.6,5.779422863405995,360,0.63,8.0,16,55,1684
258.11111111111114,4.6,5.636396103067893,360,0.66,7.0,17,55,1685
22.444444444444443,3.1,5.45,360,0.72,6.0,18,55,1686
0.0,1.9,5.232937140592269,360,0.77,4.0,19,55,1687
0.0,1.3,5.0,360,0.81,4.0,20,55,1688
0.0,0.2,4.767062859407732,360,0.85,4.0,21,55,1689
0.0,-0.4,4.55,360,0.88,4.0,22,55,1690
0.0,-0.6,4.363603896932107,360,0.87,4.0,23,55,1691
0.0,-0.3,4.220577136594005,360,0.86,5.0,24,55,1692
0.0,-0.5,4.020444504226559,360,0.85,5.0,1,56,1693
0.0,-0.3,3.9999999999999996,360,0.83,7.0,2,56,1694
0.0,-0.6,4.020444504226559,360,0.8,6.0,3,56,1695
0.0,-1.4,4.080384757729337,360,0.83,6.0,4,56,1696
0.0,-1.6,4.175735931288071,360,0.8,6.0,5,56,1697
0.0,-1.7,4.299999999999999,360,0.78,8.0,6,56,1698
11.222222222222221,-2.0,4.444708572938487,360,0.79,8.0,7,56,1699
168.33333333333331,-1.0,4.6,360,0.75,8.0,8,56,1700
516.2222222222223,0.2,4.755291427061512,360,0.7,10.0,9,56,1701
819.2222222222222,1.4,4.8999999999999995,360,0.65,10.0,10,56,1702
1066.1111111111113,2.4,5.024264068711928,360,0.61,10.0,11,56,1703
1212.0,3.5,5.119615242270663,360,0.57,10.0,12,56,1704
1223.2222222222222,4.1,5.179555495773441,360,0.53,10.0,13,56,1705
1144.6666666666665,4.5,5.199999999999999,360,0.51,10.0,14,56,1706
942.6666666666667,4.6,5.179555495773441,360,0.5,10.0,15,56,1707
650.8888888888889,4.2,5.119615242270663,360,0.48,10.0,16,56,1708
314.2222222222222,3.4,5.024264068711928,360,0.51,10.0,17,56,1709
33.66666666666667,1.8,4.8999999999999995,360,0.53,10.0,18,56,1710
0.0,1.2,4.755291427061512,360,0.53,9.0,19,56,1711
0.0,0.2,4.6,360,0.57,9.0,20,56,1712
0.0,-0.3,4.444708572938487,360,0.56,10.0,21,56,1713
0.0,-1.1,4.3,360,0.58,9.0,22,56,1714
0.0,-1.5,4.175735931288071,360,0.56,8.0,23,56,1715
0.0,-2.1,4.080384757729337,360,0.57,8.0,24,56,1716
0.0,-2.7,3.115333378169919,360,0.6,7.0,1,57,1717
0.0,-3.1,3.0999999999999996,360,0.61,6.0,2,57,1718
0.0,-3.4,3.115333378169919,360,0.6,7.0,3,57,1719
0.0,-4.1,3.1602885682970023,360,0.64,6.0,4,57,1720
0.0,-4.1,3.231801948466053,360,0.62,6.0,5,57,1721
0.0,-4.3,3.3249999999999997,360,0.61,8.0,6,57,1722
11.222222222222221,-4.4,3.4335314297038657,360,0.61,9.0,7,57,1723
235.66666666666669,-3.4,3.55,360,0.54,9.0,8,57,1724
549.8888888888889,-2.6,3.666468570296134,360,0.49,12.0,9,57,1725
864.1111111111111,-1.6,3.775,360,0.45,12.0,10,57,1726
1111.0,-0.8,3.868198051533946,360,0.44,10.0,11,57,1727
1245.6666666666665,0.6,3.9397114317029973,360,0.39,11.0,12,57,1728
1256.8888888888887,0.7,3.9846666218300806,360,0.34,11.0,13,57,1729
1189.5555555555557,1.1,4.0,360,0.31,11.0,14,57,1730
976.3333333333333,0.9,3.9846666218300806,360,0.34,13.0,15,57,1731
673.3333333333333,0.6,3.9397114317029973,360,0.34,12.0,16,57,1732
325.44444444444446,-0.6,3.868198051533946,360,0.38,12.0,17,57,1733
44.888888888888886,-1.9,3.775,360,0.44,10.0,18,57,1734
0.0,-2.4,3.666468570296134,360,0.45,10.0,19,57,1735
0.0,-2.9,3.55,360,0.47,10.0,20,57,1736
0.0,-3.4,3.4335314297038657,360,0.48,12.0,21,57,1737
0.0,-3.8,3.325,360,0.5,10.0,22,57,1738
0.0,-4.1,3.2318019484660536,360,0.52,8.0,23,57,1739
0.0,-4.5,3.1602885682970023,360,0.53,8.0,24,57,1740
0.0,-5.0,2.2102222521132795,360,0.57,8.0,1,58,1741
0.0,-5.6,2.2,360,0.63,6.0,2,58,1742
0.0,-6.0,2.2102222521132795,360,0.65,8.0,3,58,1743
0.0,-6.2,2.2401923788646685,360,0.66,6.0,4,58,1744
0.0,-6.5,2.2878679656440357,360,0.68,7.0,5,58,1745
0.0,-6.6,2.35,360,0.66,8.0,6,58,1746
11.222222222222221,-6.7,2.422354286469244,360,0.7,8.0,7,58,1747
190.77777777777777,-5.7,2.5,360,0.66,8.0,8,58,1748
549.8888888888889,-4.9,2.577645713530756,360,0.56,10.0,9,58,1749
864.1111111111111,-4.1,2.65,360,0.49,10.0,10,58,1750
1111.0,-3.1,2.7121320343559643,360,0.44,11.0,11,58,1751
1256.8888888888887,-2.9,2.7598076211353315,360,0.44,11.0,12,58,1752
1268.1111111111113,-1.6,2.7897777478867205,360,0.44,11.0,13,58,1753
1167.111111111111,-1.5,2.8,360,0.43,10.0,14,58,1754
976.3333333333333,-1.0,2.7897777478867205,360,0.43,10.0,15,58,1755
572.3333333333333,-1.8,2.7598076211353315,360,0.45,11.0,16,58,1756
280.55555555555554,-2.5,2.7121320343559643,360,0.48,9.0,17,58,1757
44.888888888888886,-3.4,2.65,360,0.51,8.0,18,58,1758
0.0,-3.9,2.577645713530756,360,0.55,8.0,19,58,1759
0.0,-4.6,2.5,360,0.65,7.0,20,58,1760
0.0,-5.3,2.422354286469244,360,0.73,6.0,21,58,1761
0.0,-5.8,2.35,360,0.78,5.0,22,58,1762
0.0,-6.1,2.2878679656440357,360,0.79,6.0,23,58,1763
0.0,-6.5,2.2401923788646685,360,0.78,6.0,24,58,1764
0.0,-6.7,1.80511112605664,360,0.77,6.0,1,59,1765
0.0,-7.0,1.8000000000000003,360,0.76,7.0,2,59,1766
0.0,-7.4,1.80511112605664,360,0.77,6.0,3,59,1767
0.0,-7.7,1.8200961894323344,360,0.77,6.0,4,59,1768
0.0,-7.6,1.843933982822018,360,0.74,6.0,5,59,1769
0.0,-7.8,1.875,360,0.73,7.0,6,59,1770
11.222222222222221,-7.8,1.911177143234622,360,0.72,6.0,7,59,1771
78.55555555555554,-7.5,1.9500000000000002,360,0.71,8.0,8,59,1772
359.1111111111111,-6.0,1.9888228567653783,360,0.66,10.0,9,59,1773
594.7777777777778,-4.7,2.0250000000000004,360,0.59,10.0,10,59,1774
785.5555555555557,-3.1,2.0560660171779825,360,0.54,10.0,11,59,1775
729.4444444444443,-2.1,2.079903810567666,360,0.47,10.0,12,59,1776
617.2222222222222,-1.4,2.0948888739433604,360,0.47,10.0,13,59,1777
426.44444444444446,-1.4,2.1,360,0.48,10.0,14,59,1778
202.0,-1.4,2.0948888739433604,360,0.5,11.0,15,59,1779
123.44444444444446,-2.2,2.079903810567666,360,0.59,12.0,16,59,1780
56.111111111111114,-3.6,2.0560660171779825,360,0.85,10.0,17,59,1781
0.0,-3.8,2.0250000000000004,360,0.92,10.0,18,59,1782
0.0,-3.4,1.9888228567653783,360,0.94,10.0,19,59,1783
0.0,-3.3,1.9500000000000002,360,0.95,10.0,20,59,1784
0.0,-3.0,1.911177143234622,360,0.95,8.0,21,59,1785
0.0,-2.9,1.8750000000000002,360,0.95,8.0,22,59,1786
0.0,-2.8,1.843933982822018,360,0.96,6.0,23,59,1787
0.0,-2.2,1.8200961894323344,360,0.97,6.0,24,59,1788
0.0,-1.8,1.9477038431953042,360,0.98,6.0,1,61,1789
0.0,-1.6,1.8999999999999997,360,0.98,5.0,2,61,1790
0.0,-1.3,1.947703843195304,360,0.99,4.0,3,61,1791
0.0,-1.1,2.087564434701785,360,0.99,5.0,4,61,1792
0.0,-0.8,2.3100505063388326,360,1.0,4.0,5,61,1793
0.0,-0.5,2.599999999999999,360,0.99,4.0,6,61,1794
11.222222222222221,-0.1,2.937653336856471,360,0.99,4.0,7,61,1795
67.33333333333334,0.2,3.3,360,0.98,4.0,8,61,1796
415.2222222222223,1.7,3.662346663143529,360,0.94,4.0,9,61,1797
460.11111111111114,2.4,4.0,360,0.93,4.0,10,61,1798
617.2222222222222,4.3,4.289949493661166,360,0.86,5.0,11,61,1799
381.55555555555554,4.9,4.512435565298214,360,0.85,4.0,12,61,1800
808.0,7.7,4.652296156804695,360,0.77,6.0,13,61,1801
718.2222222222222,8.8,4.7,360,0.79,4.0,14,61,1802
415.2222222222223,9.8,4.652296156804695,360,0.77,4.0,15,61,1803
179.55555555555554,10.4,4.512435565298214,360,0.75,4.0,16,61,1804
101.0,10.7,4.289949493661166,360,0.71,3.0,17,61,1805
44.888888888888886,10.4,4.0,360,0.7,4.0,18,61,1806
0.0,9.9,3.662346663143529,360,0.72,5.0,19,61,1807
0.0,9.6,3.3,360,0.73,5.0,20,61,1808
0.0,9.2,2.937653336856471,360,0.74,6.0,21,61,1809
0.0,8.6,2.6,360,0.81,5.0,22,61,1810
0.0,8.0,2.3100505063388335,360,0.86,4.0,23,61,1811
0.0,7.4,2.087564434701785,360,0.94,4.0,24,61,1812
0.0,8.1,3.9391852997675714,360,0.94,6.0,1,62,1813
0.0,7.7,3.8999999999999995,360,0.92,14.0,2,62,1814
0.0,7.0,3.939185299767571,360,0.93,12.0,3,62,1815
0.0,7.2,4.054070785647895,360,0.92,11.0,4,62,1816
0.0,6.9,4.23682720163547,360,0.86,14.0,5,62,1817
0.0,6.6,4.475,360,0.83,14.0,6,62,1818
0.0,6.1,4.752358098132101,360,0.77,12.0,7,62,1819
224.44444444444446,6.4,5.05,360,0.75,13.0,8,62,1820
448.8888888888889,7.0,5.347641901867899,360,0.72,12.0,9,62,1821
628.4444444444443,7.1,5.625,360,0.72,16.0,10,62,1822
830.4444444444446,8.3,5.86317279836453,360,0.64,13.0,11,62,1823
1077.3333333333335,8.5,6.045929214352104,360,0.66,13.0,12,62,1824
1043.6666666666665,10.1,6.160814700232429,360,0.53,13.0,13,62,1825
1088.5555555555557,10.4,6.2,360,0.44,14.0,14,62,1826
886.5555555555555,10.7,6.160814700232429,360,0.4,12.0,15,62,1827
583.5555555555555,9.7,6.045929214352104,360,0.44,8.0,16,62,1828
314.2222222222222,8.8,5.86317279836453,360,0.46,8.0,17,62,1829
44.888888888888886,4.8,5.625,360,0.58,4.0,18,62,1830
0.0,4.0,5.347641901867899,360,0.63,2.0,19,62,1831
0.0,3.5,5.05,360,0.69,2.0,20,62,1832
0.0,4.8,4.752358098132101,360,0.64,2.0,21,62,1833
0.0,6.0,4.475,360,0.65,4.0,22,62,1834
0.0,5.8,4.23682720163547,360,0.68,2.0,23,62,1835
0.0,5.6,4.0540707856478955,360,0.71,3.0,24,62,1836
0.0,4.7,5.235777882396478,360,0.84,2.0,1,63,1837
0.0,4.4,5.2,360,0.92,3.0,2,63,1838
0.0,4.5,5.235777882396478,360,0.95,3.0,3,63,1839
0.0,5.6,5.340673326026339,360,0.97,4.0,4,63,1840
0.0,6.1,5.507537879754125,360,0.96,6.0,5,63,1841
0.0,6.7,5.725,360,0.97,6.0,6,63,1842
11.222222222222221,6.7,5.9782400026423534,360,0.97,5.0,7,63,1843
213.22222222222223,8.2,6.25,360,0.94,5.0,8,63,1844
303.0,8.6,6.5217599973576466,360,0.93,6.0,9,63,1845
684.5555555555557,10.7,6.775,360,0.79,9.0,10,63,1846
953.8888888888889,11.9,6.992462120245875,360,0.68,11.0,11,63,1847
785.5555555555557,11.6,7.159326673973661,360,0.74,12.0,12,63,1848
1268.1111111111113,12.9,7.264222117603522,360,0.63,14.0,13,63,1849
1167.111111111111,13.1,7.3,360,0.58,15.0,14,63,1850
987.5555555555557,13.0,7.264222117603522,360,0.53,14.0,15,63,1851
684.5555555555557,12.6,7.159326673973661,360,0.55,13.0,16,63,1852
347.8888888888889,12.1,6.992462120245875,360,0.61,9.0,17,63,1853
22.444444444444443,9.3,6.775,360,0.73,3.0,18,63,1854
0.0,8.7,6.5217599973576466,360,0.69,3.0,19,63,1855
0.0,5.6,6.25,360,0.82,2.0,20,63,1856
0.0,5.3,5.9782400026423534,360,0.83,2.0,21,63,1857
0.0,6.4,5.7250000000000005,360,0.82,2.0,22,63,1858
0.0,5.8,5.507537879754126,360,0.84,2.0,23,63,1859
0.0,5.0,5.340673326026339,360,0.89,2.0,24,63,1860
0.0,7.8,6.325555630283199,360,0.85,8.0,1,64,1861
0.0,7.8,6.3,360,0.93,7.0,2,64,1862
0.0,7.7,6.325555630283199,360,0.97,7.0,3,64,1863
0.0,7.2,6.400480947161671,360,0.98,4.0,4,64,1864
0.0,6.8,6.519669914110089,360,1.0,2.0,5,64,1865
0.0,6.5,6.675,360,1.0,2.0,6,64,1866
0.0,7.0,6.855885716173109,360,0.98,3.0,7,64,1867
33.66666666666667,7.0,7.05,360,1.0,4.0,8,64,1868
78.55555555555554,7.5,7.244114283826891,360,0.99,4.0,9,64,1869
89.77777777777777,7.1,7.425,360,0.97,6.0,10,64,1870
213.22222222222223,7.4,7.58033008588991,360,0.96,7.0,11,64,1871
370.33333333333337,8.3,7.699519052838329,360,0.93,5.0,12,64,1872
931.4444444444445,10.1,7.774444369716801,360,0.83,8.0,13,64,1873
1066.1111111111113,11.2,7.8,360,0.76,9.0,14,64,1874
931.4444444444445,11.6,7.774444369716801,360,0.64,12.0,15,64,1875
527.4444444444445,11.3,7.699519052838329,360,0.65,10.0,16,64,1876
258.11111111111114,9.7,7.58033008588991,360,0.77,8.0,17,64,1877
33.66666666666667,8.0,7.425,360,0.89,9.0,18,64,1878
0.0,7.3,7.244114283826891,360,0.91,6.0,19,64,1879
0.0,7.0,7.05,360,0.91,6.0,20,64,1880
0.0,6.8,6.855885716173109,360,0.91,6.0,21,64,1881
0.0,5.8,6.675,360,0.93,4.0,22,64,1882
0.0,6.0,6.519669914110089,360,0.93,4.0,23,64,1883
0.0,5.8,6.400480947161671,360,0.91,4.0,24,64,1884
0.0,6.2,6.125555630283198,360,0.87,6.0,1,65,1885
0.0,5.6,6.1,360,0.87,4.0,2,65,1886
0.0,3.8,6.125555630283198,360,0.95,4.0,3,65,1887
0.0,3.8,6.200480947161671,360,0.97,2.0,4,65,1888
0.0,3.4,6.319669914110088,360,0.99,2.0,5,65,1889
0.0,3.9,6.475,360,0.99,2.0,6,65,1890
11.222222222222221,4.2,6.655885716173109,360,0.97,2.0,7,65,1891
67.33333333333334,5.3,6.85,360,0.93,2.0,8,65,1892
101.0,7.2,7.04411428382689,360,0.87,7.0,9,65,1893
404.0,8.7,7.225,360,0.84,8.0,10,65,1894
549.8888888888889,9.2,7.38033008588991,360,0.76,8.0,11,65,1895
291.77777777777777,8.6,7.499519052838329,360,0.84,8.0,12,65,1896
650.8888888888889,10.4,7.574444369716801,360,0.76,8.0,13,65,1897
527.4444444444445,11.5,7.6,360,0.7,6.0,14,65,1898
269.33333333333337,11.4,7.574444369716801,360,0.75,5.0,15,65,1899
303.0,11.2,7.499519052838329,360,0.77,4.0,16,65,1900
190.77777777777777,10.8,7.38033008588991,360,0.8,4.0,17,65,1901
44.888888888888886,9.5,7.225,360,0.88,3.0,18,65,1902
0.0,8.6,7.04411428382689,360,0.88,4.0,19,65,1903
0.0,7.9,6.85,360,0.9,4.0,20,65,1904
0.0,7.3,6.655885716173109,360,0.92,2.0,21,65,1905
0.0,6.5,6.475,360,0.95,2.0,22,65,1906
0.0,6.8,6.319669914110089,360,0.97,2.0,23,65,1907
0.0,6.7,6.200480947161671,360,0.97,3.0,24,65,1908
0.0,6.2,6.2221482129121055,360,0.98,3.0,1,66,1909
0.0,5.2,6.199999999999999,360,0.99,3.0,2,66,1910
0.0,4.3,6.2221482129121055,360,1.0,2.0,3,66,1911
0.0,4.5,6.287083487540114,360,1.0,2.0,4,66,1912
0.0,5.3,6.390380592228744,360,1.0,4.0,5,66,1913
0.0,4.4,6.5249999999999995,360,1.0,7.0,6,66,1914
11.222222222222221,4.9,6.681767620683361,360,1.0,6.0,7,66,1915
269.33333333333337,6.5,6.85,360,0.93,6.0,8,66,1916
628.4444444444443,8.0,7.018232379316638,360,0.9,7.0,9,66,1917
864.1111111111111,9.3,7.175,360,0.87,8.0,10,66,1918
695.7777777777778,9.8,7.3096194077712555,360,0.79,8.0,11,66,1919
134.66666666666669,6.1,7.412916512459884,360,0.92,12.0,12,66,1920
202.0,6.1,7.477851787087894,360,0.94,8.0,13,66,1921
168.33333333333331,6.3,7.5,360,0.94,8.0,14,66,1922
718.2222222222222,8.7,7.477851787087894,360,0.88,7.0,15,66,1923
471.33333333333337,7.8,7.412916512459884,360,0.92,7.0,16,66,1924
145.88888888888889,7.5,7.3096194077712555,360,0.95,8.0,17,66,1925
22.444444444444443,7.2,7.175,360,0.95,8.0,18,66,1926
0.0,6.6,7.018232379316638,360,0.94,10.0,19,66,1927
0.0,6.4,6.85,360,0.92,12.0,20,66,1928
0.0,6.1,6.681767620683361,360,0.91,12.0,21,66,1929
0.0,5.5,6.5249999999999995,360,0.96,9.0,22,66,1930
0.0,5.3,6.390380592228744,360,0.93,8.0,23,66,1931
0.0,5.1,6.287083487540115,360,0.95,8.0,24,66,1932
0.0,5.1,6.332370465025385,360,0.94,9.0,1,67,1933
0.0,4.7,6.300000000000001,360,0.94,8.0,2,67,1934
0.0,4.3,6.332370465025385,360,0.96,6.0,3,67,1935
0.0,4.5,6.427275866404783,360,0.95,6.0,4,67,1936
0.0,4.6,6.578248557872779,360,0.95,6.0,5,67,1937
0.0,4.5,6.7749999999999995,360,0.97,6.0,6,67,1938
11.222222222222221,4.4,7.004121907152605,360,0.98,5.0,7,67,1939
235.66666666666669,5.7,7.25,360,0.97,5.0,8,67,1940
572.3333333333333,7.0,7.495878092847395,360,0.94,6.0,9,67,1941
639.6666666666667,8.4,7.725,360,0.85,7.0,10,67,1942
886.5555555555555,9.7,7.92175144212722,360,0.74,8.0,11,67,1943
852.8888888888889,10.4,8.072724133595216,360,0.69,9.0,12,67,1944
1470.111111111111,9.6,8.167629534974616,360,0.76,9.0,13,67,1945
763.1111111111111,11.2,8.2,360,0.64,8.0,14,67,1946
740.6666666666667,10.8,8.167629534974616,360,0.64,10.0,15,67,1947
594.7777777777778,10.6,8.072724133595216,360,0.65,11.0,16,67,1948
336.66666666666663,9.5,7.92175144212722,360,0.65,8.0,17,67,1949
44.888888888888886,7.9,7.725,360,0.77,8.0,18,67,1950
0.0,5.7,7.495878092847395,360,0.85,6.0,19,67,1951
0.0,6.1,7.25,360,0.88,4.0,20,67,1952
0.0,5.7,7.004121907152605,360,0.91,6.0,21,67,1953
0.0,5.7,6.775,360,0.91,6.0,22,67,1954
0.0,4.9,6.57824855787278,360,0.96,6.0,23,67,1955
0.0,4.2,6.427275866404783,360,0.98,5.0,24,67,1956
0.0,4.2,6.239185299767572,360,0.98,5.0,1,68,1957
0.0,4.0,6.199999999999999,360,0.99,6.0,2,68,1958
0.0,3.9,6.239185299767572,360,0.99,6.0,3,68,1959
0.0,3.6,6.354070785647895,360,1.0,4.0,4,68,1960
0.0,3.7,6.53682720163547,360,0.99,4.0,5,68,1961
0.0,2.7,6.7749999999999995,360,1.0,4.0,6,68,1962
33.66666666666667,3.4,7.052358098132101,360,0.99,7.0,7,68,1963
202.0,4.6,7.35,360,0.94,8.0,8,68,1964
628.4444444444443,7.1,7.647641901867899,360,0.86,11.0,9,68,1965
942.6666666666667,8.6,7.925,360,0.76,9.0,10,68,1966
1088.5555555555557,10.7,8.16317279836453,360,0.69,8.0,11,68,1967
1268.1111111111113,12.6,8.345929214352104,360,0.59,9.0,12,68,1968
1279.3333333333335,13.7,8.460814700232428,360,0.54,10.0,13,68,1969
1167.111111111111,14.1,8.5,360,0.52,10.0,14,68,1970
942.6666666666667,13.9,8.460814700232428,360,0.51,11.0,15,68,1971
606.0,13.6,8.345929214352104,360,0.56,9.0,16,68,1972
246.8888888888889,12.1,8.16317279836453,360,0.62,8.0,17,68,1973
33.66666666666667,11.2,7.925,360,0.67,6.0,18,68,1974
0.0,10.8,7.647641901867899,360,0.69,4.0,19,68,1975
0.0,10.2,7.35,360,0.72,3.0,20,68,1976
0.0,9.9,7.052358098132101,360,0.74,4.0,21,68,1977
0.0,8.4,6.775,360,0.81,3.0,22,68,1978
0.0,9.0,6.53682720163547,360,0.77,2.0,23,68,1979
0.0,8.9,6.354070785647895,360,0.78,3.0,24,68,1980
0.0,10.2,7.828963047654292,360,0.72,6.0,1,69,1981
0.0,10.5,7.800000000000001,360,0.73,7.0,2,69,1982
0.0,10.3,7.828963047654292,360,0.72,6.0,3,69,1983
0.0,9.9,7.913878406783227,360,0.76,7.0,4,69,1984
0.0,10.1,8.048959235991434,360,0.74,7.0,5,69,1985
0.0,10.1,8.225,360,0.74,8.0,6,69,1986
33.66666666666667,10.0,8.430003811662857,360,0.73,8.0,7,69,1987
213.22222222222223,10.1,8.65,360,0.73,10.0,8,69,1988
370.33333333333337,11.0,8.869996188337144,360,0.73,10.0,9,69,1989
415.2222222222223,11.6,9.075000000000001,360,0.73,9.0,10,69,1990
650.8888888888889,13.0,9.251040764008566,360,0.72,9.0,11,69,1991
819.2222222222222,14.7,9.386121593216773,360,0.67,10.0,12,69,1992
808.0,15.8,9.471036952345708,360,0.65,10.0,13,69,1993
482.5555555555556,15.3,9.5,360,0.68,9.0,14,69,1994
392.7777777777778,15.6,9.471036952345708,360,0.66,8.0,15,69,1995
303.0,15.4,9.386121593216773,360,0.66,7.0,16,69,1996
213.22222222222223,15.0,9.251040764008566,360,0.66,8.0,17,69,1997
56.111111111111114,13.9,9.075000000000001,360,0.69,6.0,18,69,1998
0.0,13.3,8.869996188337144,360,0.72,6.0,19,69,1999
0.0,13.4,8.65,360,0.71,8.0,20,69,2000
0.0,13.6,8.430003811662857,360,0.7,8.0,21,69,2001
0.0,13.6,8.225,360,0.71,8.0,22,69,2002
0.0,13.3,8.048959235991434,360,0.71,10.0,23,69,2003
0.0,12.5,7.913878406783227,360,0.76,12.0,24,69,2004
0.0,11.5,9.028963047654292,360,0.84,10.0,1,70,2005
0.0,10.7,9.0,360,0.92,10.0,2,70,2006
0.0,10.5,9.028963047654292,360,0.95,7.0,3,70,2007
0.0,10.6,9.113878406783227,360,0.95,6.0,4,70,2008
0.0,11.2,9.248959235991434,360,0.93,7.0,5,70,2009
0.0,11.2,9.424999999999999,360,0.91,8.0,6,70,2010
33.66666666666667,11.3,9.630003811662856,360,0.9,6.0,7,70,2011
303.0,12.6,9.85,360,0.85,9.0,8,70,2012
572.3333333333333,14.9,10.069996188337143,360,0.76,8.0,9,70,2013
718.2222222222222,15.2,10.275,360,0.74,9.0,10,70,2014
707.0000000000001,16.5,10.451040764008566,360,0.71,10.0,11,70,2015
695.7777777777778,16.0,10.586121593216772,360,0.73,9.0,12,70,2016
673.3333333333333,16.7,10.671036952345707,360,0.72,6.0,13,70,2017
471.33333333333337,16.5,10.7,360,0.72,6.0,14,70,2018
392.7777777777778,16.6,10.671036952345707,360,0.72,6.0,15,70,2019
134.66666666666669,16.0,10.586121593216772,360,0.73,5.0,16,70,2020
78.55555555555554,14.1,10.451040764008566,360,0.89,6.0,17,70,2021
33.66666666666667,13.8,10.275,360,0.89,4.0,18,70,2022
0.0,13.4,10.069996188337143,360,0.89,4.0,19,70,2023
0.0,12.7,9.85,360,0.91,2.0,20,70,2024
0.0,13.2,9.630003811662856,360,0.88,6.0,21,70,2025
0.0,13.2,9.425,360,0.84,9.0,22,70,2026
0.0,12.0,9.248959235991435,360,0.91,10.0,23,70,2027
0.0,11.0,9.113878406783227,360,0.95,7.0,24,70,2028
0.0,10.9,9.322148212912106,360,0.94,6.0,1,71,2029
0.0,11.0,9.3,360,0.94,8.0,2,71,2030
0.0,10.6,9.322148212912106,360,0.93,7.0,3,71,2031
0.0,10.5,9.387083487540114,360,0.93,6.0,4,71,2032
0.0,10.4,9.490380592228744,360,0.91,6.0,5,71,2033
0.0,9.1,9.625,360,0.96,6.0,6,71,2034
44.888888888888886,10.6,9.781767620683361,360,0.87,8.0,7,71,2035
325.44444444444446,12.5,9.95,360,0.78,8.0,8,71,2036
617.2222222222222,13.3,10.118232379316638,360,0.72,11.0,9,71,2037
987.5555555555557,15.0,10.274999999999999,360,0.62,13.0,10,71,2038
1256.8888888888887,16.3,10.409619407771254,360,0.54,14.0,11,71,2039
303.0,13.2,10.512916512459885,360,0.63,14.0,12,71,2040
976.3333333333333,15.2,10.577851787087893,360,0.52,14.0,13,71,2041
695.7777777777778,14.7,10.599999999999998,360,0.56,12.0,14,71,2042
763.1111111111111,14.0,10.577851787087893,360,0.63,13.0,15,71,2043
516.2222222222223,13.8,10.512916512459885,360,0.62,10.0,16,71,2044
157.1111111111111,13.3,10.409619407771254,360,0.62,8.0,17,71,2045
78.55555555555554,11.0,10.274999999999999,360,0.71,7.0,18,71,2046
0.0,11.3,10.118232379316638,360,0.67,6.0,19,71,2047
0.0,11.0,9.95,360,0.68,6.0,20,71,2048
0.0,11.2,9.781767620683361,360,0.67,6.0,21,71,2049
0.0,10.9,9.625,360,0.77,8.0,22,71,2050
0.0,10.6,9.490380592228744,360,0.8,10.0,23,71,2051
0.0,9.9,9.387083487540114,360,0.9,11.0,24,71,2052
0.0,9.6,9.313629669484373,360,0.93,12.0,1,72,2053
0.0,9.8,9.3,360,0.91,12.0,2,72,2054
0.0,9.7,9.313629669484373,360,0.91,12.0,3,72,2055
0.0,9.7,9.353589838486224,360,0.88,13.0,4,72,2056
0.0,9.5,9.41715728752538,360,0.9,12.0,5,72,2057
0.0,9.4,9.5,360,0.9,11.0,6,72,2058
22.444444444444443,9.3,9.596472381958991,360,0.9,10.0,7,72,2059
145.88888888888889,9.9,9.7,360,0.89,10.0,8,72,2060
258.11111111111114,10.1,9.803527618041008,360,0.89,11.0,9,72,2061
314.2222222222222,8.5,9.899999999999999,360,0.9,10.0,10,72,2062
662.1111111111112,9.3,9.982842712474618,360,0.91,10.0,11,72,2063
830.4444444444446,10.8,10.046410161513775,360,0.87,12.0,12,72,2064
392.7777777777778,8.8,10.086370330515626,360,0.86,13.0,13,72,2065
662.1111111111112,8.4,10.099999999999998,360,0.89,12.0,14,72,2066
785.5555555555557,10.6,10.086370330515626,360,0.75,15.0,15,72,2067
527.4444444444445,10.6,10.046410161513775,360,0.74,13.0,16,72,2068
314.2222222222222,9.5,9.982842712474618,360,0.77,14.0,17,72,2069
78.55555555555554,9.0,9.899999999999999,360,0.81,12.0,18,72,2070
0.0,8.2,9.803527618041008,360,0.84,10.0,19,72,2071
0.0,8.0,9.7,360,0.86,10.0,20,72,2072
0.0,7.5,9.596472381958991,360,0.86,10.0,21,72,2073
0.0,8.1,9.5,360,0.85,10.0,22,72,2074
0.0,8.2,9.41715728752538,360,0.86,11.0,23,72,2075
0.0,8.0,9.353589838486224,360,0.86,10.0,24,72,2076
0.0,7.9,8.432370465025386,360,0.85,9.0,1,73,2077
0.0,7.4,8.400000000000002,360,0.87,10.0,2,73,2078
0.0,6.6,8.432370465025386,360,0.91,7.0,3,73,2079
0.0,6.4,8.527275866404784,360,0.91,6.0,4,73,2080
0.0,6.9,8.67824855787278,360,0.91,7.0,5,73,2081
0.0,6.0,8.875,360,0.93,6.0,6,73,2082
33.66666666666667,5.7,9.104121907152606,360,0.94,4.0,7,73,2083
325.44444444444446,7.0,9.350000000000001,360,0.92,4.0,8,73,2084
707.0000000000001,9.3,9.595878092847396,360,0.8,6.0,9,73,2085
965.1111111111112,10.3,9.825000000000001,360,0.7,7.0,10,73,2086
1189.5555555555557,10.5,10.021751442127222,360,0.68,6.0,11,73,2087
953.8888888888889,11.6,10.172724133595219,360,0.64,6.0,12,73,2088
1189.5555555555557,11.7,10.267629534974617,360,0.61,7.0,13,73,2089
662.1111111111112,10.0,10.3,360,0.79,6.0,14,73,2090
965.1111111111112,12.6,10.267629534974617,360,0.56,6.0,15,73,2091
695.7777777777778,11.8,10.172724133595219,360,0.6,5.0,16,73,2092
381.55555555555554,11.7,10.021751442127222,360,0.59,5.0,17,73,2093
112.22222222222223,8.9,9.825000000000001,360,0.72,4.0,18,73,2094
0.0,6.4,9.595878092847396,360,0.83,2.0,19,73,2095
0.0,4.2,9.350000000000001,360,0.88,2.0,20,73,2096
0.0,2.5,9.104121907152606,360,0.96,1.0,21,73,2097
0.0,3.0,8.875000000000002,360,0.96,2.0,22,73,2098
0.0,2.3,8.67824855787278,360,0.96,2.0,23,73,2099
0.0,3.2,8.527275866404784,360,0.93,2.0,24,73,2100
0.0,3.8,7.542592717138665,360,0.91,2.0,1,74,2101
0.0,3.5,7.5,360,0.93,2.0,2,74,2102
0.0,3.0,7.542592717138665,360,0.95,2.0,3,74,2103
0.0,2.8,7.667468245269451,360,0.96,2.0,4,74,2104
0.0,2.7,7.866116523516816,360,0.96,2.0,5,74,2105
0.0,2.8,8.125,360,0.97,2.0,6,74,2106
67.33333333333334,4.3,8.426476193621848,360,0.94,3.0,7,74,2107
370.33333333333337,7.3,8.75,360,0.87,6.0,8,74,2108
662.1111111111112,9.5,9.073523806378152,360,0.75,8.0,9,74,2109
1010.0,12.3,9.375,360,0.66,10.0,10,74,2110
1178.3333333333335,13.7,9.633883476483184,360,0.61,9.0,11,74,2111
1178.3333333333335,15.1,9.832531754730548,360,0.6,10.0,12,74,2112
1223.2222222222222,15.3,9.957407282861336,360,0.58,10.0,13,74,2113
965.1111111111112,15.4,10.0,360,0.58,9.0,14,74,2114
460.11111111111114,15.0,9.957407282861336,360,0.58,8.0,15,74,2115
291.77777777777777,14.6,9.832531754730548,360,0.6,7.0,16,74,2116
89.77777777777777,13.9,9.633883476483184,360,0.64,6.0,17,74,2117
44.888888888888886,13.5,9.375,360,0.64,7.0,18,74,2118
0.0,12.1,9.073523806378152,360,0.74,8.0,19,74,2119
0.0,11.6,8.75,360,0.78,6.0,20,74,2120
0.0,11.1,8.426476193621848,360,0.83,8.0,21,74,2121
0.0,11.0,8.125,360,0.84,9.0,22,74,2122
0.0,9.9,7.866116523516816,360,0.88,12.0,23,74,2123
0.0,8.7,7.667468245269451,360,0.95,12.0,24,74,2124
0.0,8.1,8.920444504226559,360,0.96,5.0,1,75,2125
0.0,7.6,8.9,360,0.95,6.0,2,75,2126
0.0,7.2,8.920444504226559,360,0.96,5.0,3,75,2127
0.0,7.3,8.980384757729336,360,0.97,4.0,4,75,2128
0.0,7.4,9.075735931288072,360,0.99,5.0,5,75,2129
0.0,7.5,9.2,360,1.0,6.0,6,75,2130
22.444444444444443,7.7,9.344708572938488,360,0.99,6.0,7,75,2131
157.1111111111111,8.9,9.5,360,0.95,5.0,8,75,2132
168.33333333333331,6.8,9.655291427061512,360,0.96,11.0,9,75,2133
617.2222222222222,8.3,9.8,360,0.9,6.0,10,75,2134
1245.6666666666665,9.8,9.924264068711928,360,0.8,6.0,11,75,2135
1200.7777777777778,10.7,10.019615242270662,360,0.79,8.0,12,75,2136
549.8888888888889,11.2,10.079555495773441,360,0.73,7.0,13,75,2137
202.0,9.6,10.1,360,0.9,8.0,14,75,2138
202.0,9.2,10.079555495773441,360,0.87,11.0,15,75,2139
235.66666666666669,8.8,10.019615242270662,360,0.94,10.0,16,75,2140
67.33333333333334,9.2,9.924264068711928,360,0.95,10.0,17,75,2141
89.77777777777777,9.5,9.8,360,0.93,7.0,18,75,2142
0.0,9.2,9.655291427061512,360,0.94,8.0,19,75,2143
0.0,8.6,9.5,360,0.93,7.0,20,75,2144
0.0,8.3,9.344708572938488,360,0.95,5.0,21,75,2145
0.0,7.9,9.200000000000001,360,0.96,5.0,22,75,2146
0.0,7.0,9.075735931288072,360,0.98,4.0,23,75,2147
0.0,6.8,8.980384757729338,360,0.99,4.0,24,75,2148
0.0,6.3,8.728963047654291,360,0.99,4.0,1,76,2149
0.0,6.7,8.7,360,1.0,3.0,2,76,2150
0.0,7.1,8.728963047654291,360,1.0,4.0,3,76,2151
0.0,6.3,8.813878406783227,360,1.0,4.0,4,76,2152
0.0,6.7,8.948959235991435,360,1.0,3.0,5,76,2153
0.0,6.5,9.125,360,1.0,4.0,6,76,2154
33.66666666666667,6.7,9.330003811662857,360,0.98,5.0,7,76,2155
235.66666666666669,7.5,9.55,360,0.97,5.0,8,76,2156
594.7777777777778,8.6,9.769996188337144,360,0.93,6.0,9,76,2157
774.3333333333333,10.0,9.975000000000001,360,0.78,8.0,10,76,2158
1212.0,10.9,10.151040764008567,360,0.69,8.0,11,76,2159
1313.0,11.7,10.286121593216775,360,0.63,8.0,12,76,2160
561.1111111111111,7.6,10.37103695234571,360,0.82,12.0,13,76,2161
628.4444444444443,6.5,10.400000000000002,360,0.88,11.0,14,76,2162
886.5555555555555,10.0,10.37103695234571,360,0.79,5.0,15,76,2163
404.0,7.5,10.286121593216775,360,0.79,8.0,16,76,2164
258.11111111111114,8.2,10.151040764008567,360,0.86,8.0,17,76,2165
101.0,6.5,9.975000000000001,360,0.91,4.0,18,76,2166
0.0,6.2,9.769996188337144,360,0.91,4.0,19,76,2167
0.0,5.4,9.55,360,0.94,2.0,20,76,2168
0.0,3.8,9.330003811662857,360,0.98,2.0,21,76,2169
0.0,4.1,9.125,360,0.99,2.0,22,76,2170
0.0,3.3,8.948959235991435,360,0.99,2.0,23,76,2171
0.0,2.2,8.813878406783227,360,0.99,2.0,24,76,2172
0.0,3.7,7.839185299767571,360,0.98,3.0,1,77,2173
0.0,2.6,7.799999999999999,360,0.98,2.0,2,77,2174
0.0,1.1,7.839185299767571,360,1.0,2.0,3,77,2175
0.0,0.5,7.954070785647895,360,1.0,1.0,4,77,2176
0.0,1.0,8.13682720163547,360,1.0,1.0,5,77,2177
0.0,2.1,8.374999999999998,360,1.0,3.0,6,77,2178
78.55555555555554,3.1,8.652358098132101,360,1.0,3.0,7,77,2179
325.44444444444446,4.3,8.95,360,0.99,2.0,8,77,2180
482.5555555555556,6.2,9.247641901867897,360,0.92,2.0,9,77,2181
606.0,7.1,9.524999999999999,360,0.89,2.0,10,77,2182
1099.7777777777778,9.4,9.76317279836453,360,0.79,4.0,11,77,2183
920.2222222222223,9.4,9.945929214352104,360,0.75,4.0,12,77,2184
1178.3333333333335,10.0,10.060814700232427,360,0.71,5.0,13,77,2185
1054.888888888889,10.7,10.1,360,0.66,5.0,14,77,2186
246.8888888888889,8.4,10.060814700232427,360,0.79,7.0,15,77,2187
145.88888888888889,6.6,9.945929214352104,360,0.84,7.0,16,77,2188
145.88888888888889,6.4,9.76317279836453,360,0.89,5.0,17,77,2189
33.66666666666667,6.0,9.524999999999999,360,0.89,4.0,18,77,2190
0.0,5.9,9.247641901867897,360,0.91,2.0,19,77,2191
0.0,6.1,8.95,360,0.92,2.0,20,77,2192
0.0,5.9,8.652358098132101,360,0.94,2.0,21,77,2193
0.0,5.6,8.375,360,0.96,2.0,22,77,2194
0.0,5.4,8.13682720163547,360,0.97,2.0,23,77,2195
0.0,5.4,7.954070785647895,360,0.98,1.0,24,77,2196
0.0,5.1,8.620444504226558,360,0.99,1.0,1,78,2197
0.0,5.1,8.599999999999998,360,0.99,1.0,2,78,2198
0.0,5.2,8.620444504226558,360,0.99,2.0,3,78,2199
0.0,5.4,8.680384757729335,360,0.98,2.0,4,78,2200
0.0,5.5,8.77573593128807,360,0.98,1.0,5,78,2201
0.0,5.6,8.899999999999999,360,0.98,1.0,6,78,2202
0.0,5.2,9.044708572938486,360,0.97,3.0,7,78,2203
56.111111111111114,5.4,9.2,360,0.96,3.0,8,78,2204
179.55555555555554,5.8,9.355291427061513,360,0.94,4.0,9,78,2205
314.2222222222222,6.4,9.5,360,0.89,4.0,10,78,2206
258.11111111111114,7.1,9.624264068711929,360,0.86,2.0,11,78,2207
347.8888888888889,7.5,9.719615242270663,360,0.85,2.0,12,78,2208
404.0,7.6,9.77955549577344,360,0.85,3.0,13,78,2209
482.5555555555556,8.0,9.8,360,0.84,4.0,14,78,2210
336.66666666666663,8.3,9.77955549577344,360,0.82,4.0,15,78,2211
505.0,8.4,9.719615242270663,360,0.81,4.0,16,78,2212
561.1111111111111,8.2,9.624264068711929,360,0.82,4.0,17,78,2213
56.111111111111114,6.4,9.5,360,0.87,3.0,18,78,2214
0.0,4.9,9.355291427061513,360,0.91,3.0,19,78,2215
0.0,5.0,9.2,360,0.92,2.0,20,78,2216
0.0,5.6,9.044708572938486,360,0.89,4.0,21,78,2217
0.0,4.6,8.899999999999999,360,0.86,6.0,22,78,2218
0.0,3.8,8.77573593128807,360,0.8,5.0,23,78,2219
0.0,2.2,8.680384757729335,360,0.83,4.0,24,78,2220
0.0,0.8,7.208518543427733,360,0.85,3.0,1,79,2221
0.0,-1.4,7.2,360,0.93,2.0,2,79,2222
0.0,-1.7,7.208518543427733,360,0.96,1.0,3,79,2223
0.0,-2.0,7.233493649053891,360,0.97,1.0,4,79,2224
0.0,-1.2,7.273223304703363,360,0.97,1.0,5,79,2225
0.0,-0.8,7.325,360,0.97,2.0,6,79,2226
22.444444444444443,-0.1,7.38529523872437,360,0.96,2.0,7,79,2227
89.77777777777777,1.1,7.45,360,0.9,2.0,8,79,2228
134.66666666666669,1.7,7.51470476127563,360,0.85,4.0,9,79,2229
190.77777777777777,1.1,7.575,360,0.91,6.0,10,79,2230
314.2222222222222,1.3,7.626776695296637,360,0.87,7.0,11,79,2231
280.55555555555554,1.2,7.6665063509461095,360,0.92,7.0,12,79,2232
280.55555555555554,1.5,7.691481456572268,360,0.91,8.0,13,79,2233
246.8888888888889,1.2,7.7,360,0.95,10.0,14,79,2234
134.66666666666669,0.5,7.691481456572268,360,0.96,10.0,15,79,2235
246.8888888888889,1.2,7.6665063509461095,360,0.95,10.0,16,79,2236
179.55555555555554,1.6,7.626776695296637,360,0.94,10.0,17,79,2237
44.888888888888886,1.4,7.575,360,0.94,10.0,18,79,2238
11.222222222222221,1.3,7.51470476127563,360,0.92,11.0,19,79,2239
0.0,1.0,7.45,360,0.93,9.0,20,79,2240
0.0,1.3,7.38529523872437,360,0.9,8.0,21,79,2241
0.0,1.4,7.325,360,0.88,9.0,22,79,2242
0.0,1.4,7.273223304703364,360,0.87,8.0,23,79,2243
0.0,1.4,7.233493649053891,360,0.87,8.0,24,79,2244
0.0,1.2,6.127259338968745,360,0.88,10.0,1,80,2245
0.0,1.0,6.1,360,0.87,9.0,2,80,2246
0.0,0.7,6.127259338968745,360,0.86,9.0,3,80,2247
0.0,0.8,6.207179676972449,360,0.87,9.0,4,80,2248
0.0,0.2,6.334314575050762,360,0.87,9.0,5,80,2249
0.0,0.2,6.5,360,0.86,8.0,6,80,2250
89.77777777777777,0.3,6.692944763917984,360,0.85,9.0,7,80,2251
404.0,1.0,6.9,360,0.76,11.0,8,80,2252
751.8888888888888,1.7,7.107055236082017,360,0.72,11.0,9,80,2253
1077.3333333333335,2.9,7.300000000000001,360,0.66,12.0,10,80,2254
1335.4444444444443,4.2,7.465685424949239,360,0.58,12.0,11,80,2255
1481.3333333333335,5.5,7.592820323027551,360,0.45,12.0,12,80,2256
1515.0,6.3,7.672740661031256,360,0.41,12.0,13,80,2257
1391.5555555555557,7.0,7.700000000000001,360,0.52,12.0,14,80,2258
1155.888888888889,7.6,7.672740661031256,360,0.54,14.0,15,80,2259
527.4444444444445,6.4,7.592820323027551,360,0.66,13.0,16,80,2260
224.44444444444446,6.2,7.465685424949239,360,0.67,13.0,17,80,2261
78.55555555555554,5.2,7.300000000000001,360,0.71,9.0,18,80,2262
0.0,4.8,7.107055236082017,360,0.72,8.0,19,80,2263
0.0,3.7,6.9,360,0.78,6.0,20,80,2264
0.0,3.1,6.692944763917984,360,0.8,5.0,21,80,2265
0.0,2.3,6.5,360,0.81,5.0,22,80,2266
0.0,2.1,6.334314575050763,360,0.79,5.0,23,80,2267
0.0,1.4,6.20717967697245,360,0.8,5.0,24,80,2268
0.0,1.0,5.840889008453118,360,0.83,6.0,1,81,2269
0.0,0.6,5.800000000000001,360,0.85,6.0,2,81,2270
0.0,0.1,5.840889008453118,360,0.86,6.0,3,81,2271
0.0,-0.1,5.960769515458674,360,0.86,6.0,4,81,2272
0.0,-0.6,6.151471862576143,360,0.88,6.0,5,81,2273
0.0,-0.9,6.3999999999999995,360,0.89,6.0,6,81,2274
112.22222222222223,-0.3,6.689417145876975,360,0.87,6.0,7,81,2275
448.8888888888889,1.0,7.0,360,0.85,8.0,8,81,2276
830.4444444444446,2.4,7.310582854123025,360,0.81,7.0,9,81,2277
1144.6666666666665,4.4,7.6,360,0.73,7.0,10,81,2278
1369.1111111111113,5.6,7.848528137423857,360,0.66,7.0,11,81,2279
1436.4444444444443,6.9,8.039230484541326,360,0.59,8.0,12,81,2280
1458.8888888888887,7.8,8.159110991546882,360,0.43,8.0,13,81,2281
1402.7777777777778,8.1,8.2,360,0.44,8.0,14,81,2282
1200.7777777777778,8.3,8.159110991546882,360,0.45,8.0,15,81,2283
886.5555555555555,8.4,8.039230484541326,360,0.48,8.0,16,81,2284
516.2222222222223,7.2,7.848528137423857,360,0.53,8.0,17,81,2285
134.66666666666669,6.0,7.6,360,0.56,6.0,18,81,2286
11.222222222222221,4.2,7.310582854123025,360,0.68,5.0,19,81,2287
0.0,3.6,7.0,360,0.67,5.0,20,81,2288
0.0,2.1,6.689417145876975,360,0.75,4.0,21,81,2289
0.0,1.4,6.4,360,0.76,3.0,22,81,2290
0.0,1.6,6.151471862576143,360,0.75,4.0,23,81,2291
0.0,1.1,5.960769515458674,360,0.76,4.0,24,81,2292
0.0,0.5,5.746000134509758,360,0.79,4.0,1,82,2293
0.0,-0.3,5.700000000000001,360,0.82,3.0,2,82,2294
0.0,-0.2,5.746000134509758,360,0.82,3.0,3,82,2295
0.0,-0.1,5.880865704891008,360,0.82,3.0,4,82,2296
0.0,-0.4,6.095405845398161,360,0.83,2.0,5,82,2297
0.0,-0.9,6.375,360,0.85,4.0,6,82,2298
112.22222222222223,0.1,6.7005942891115975,360,0.84,3.0,7,82,2299
460.11111111111114,2.7,7.050000000000001,360,0.79,3.0,8,82,2300
819.2222222222222,5.9,7.399405710888404,360,0.67,4.0,9,82,2301
1021.2222222222222,6.7,7.7250000000000005,360,0.58,6.0,10,82,2302
808.0,6.5,8.00459415460184,360,0.58,6.0,11,82,2303
1066.1111111111113,7.5,8.219134295108994,360,0.59,6.0,12,82,2304
1054.888888888889,7.8,8.353999865490243,360,0.6,6.0,13,82,2305
1010.0,7.4,8.4,360,0.61,5.0,14,82,2306
1178.3333333333335,8.6,8.353999865490243,360,0.59,6.0,15,82,2307
841.6666666666666,8.6,8.219134295108994,360,0.57,5.0,16,82,2308
482.5555555555556,6.8,8.00459415460184,360,0.62,4.0,17,82,2309
112.22222222222223,5.8,7.7250000000000005,360,0.69,4.0,18,82,2310
0.0,5.3,7.399405710888404,360,0.7,2.0,19,82,2311
0.0,5.6,7.050000000000001,360,0.67,2.0,20,82,2312
0.0,5.0,6.7005942891115975,360,0.73,2.0,21,82,2313
0.0,5.1,6.375000000000001,360,0.72,2.0,22,82,2314
0.0,5.0,6.095405845398162,360,0.7,3.0,23,82,2315
0.0,4.8,5.880865704891009,360,0.73,3.0,24,82,2316
0.0,4.4,7.2102222521132795,360,0.77,3.0,1,83,2317
0.0,4.3,7.2,360,0.75,2.0,2,83,2318
0.0,4.3,7.2102222521132795,360,0.76,3.0,3,83,2319
0.0,4.0,7.240192378864668,360,0.78,2.0,4,83,2320
0.0,3.9,7.287867965644036,360,0.78,4.0,5,83,2321
0.0,3.7,7.35,360,0.8,5.0,6,83,2322
56.111111111111114,3.5,7.422354286469244,360,0.82,6.0,7,83,2323
157.1111111111111,4.1,7.5,360,0.82,7.0,8,83,2324
213.22222222222223,4.1,7.577645713530756,360,0.88,7.0,9,83,2325
314.2222222222222,4.2,7.65,360,0.95,8.0,10,83,2326
336.66666666666663,4.8,7.712132034355964,360,0.94,8.0,11,83,2327
370.33333333333337,5.5,7.759807621135331,360,0.92,8.0,12,83,2328
291.77777777777777,5.3,7.7897777478867205,360,0.93,8.0,13,83,2329
258.11111111111114,5.5,7.8,360,0.92,8.0,14,83,2330
168.33333333333331,5.6,7.7897777478867205,360,0.95,8.0,15,83,2331
101.0,5.6,7.759807621135331,360,0.95,7.0,16,83,2332
123.44444444444446,5.7,7.712132034355964,360,0.95,8.0,17,83,2333
44.888888888888886,5.4,7.65,360,0.96,8.0,18,83,2334
0.0,5.5,7.577645713530756,360,0.97,8.0,19,83,2335
0.0,5.7,7.5,360,0.98,8.0,20,83,2336
0.0,5.9,7.422354286469244,360,0.99,7.0,21,83,2337
0.0,6.3,7.3500000000000005,360,0.97,7.0,22,83,2338
0.0,6.3,7.287867965644036,360,0.96,6.0,23,83,2339
0.0,6.0,7.240192378864669,360,0.95,5.0,24,83,2340
0.0,6.3,7.439185299767573,360,0.94,4.0,1,84,2341
0.0,6.2,7.400000000000001,360,0.94,2.0,2,84,2342
0.0,5.8,7.439185299767573,360,0.96,2.0,3,84,2343
0.0,6.1,7.554070785647896,360,0.97,6.0,4,84,2344
0.0,5.9,7.736827201635471,360,0.96,7.0,5,84,2345
0.0,5.7,7.9750000000000005,360,0.97,4.0,6,84,2346
56.111111111111114,6.0,8.252358098132103,360,0.96,3.0,7,84,2347
213.22222222222223,6.7,8.55,360,0.94,3.0,8,84,2348
336.66666666666663,7.3,8.847641901867899,360,0.91,4.0,9,84,2349
852.8888888888889,9.8,9.125,360,0.79,4.0,10,84,2350
505.0,9.0,9.36317279836453,360,0.77,4.0,11,84,2351
572.3333333333333,10.2,9.545929214352105,360,0.72,5.0,12,84,2352
673.3333333333333,10.8,9.660814700232429,360,0.7,6.0,13,84,2353
740.6666666666667,11.4,9.7,360,0.68,6.0,14,84,2354
650.8888888888889,11.0,9.660814700232429,360,0.71,5.0,15,84,2355
347.8888888888889,11.4,9.545929214352105,360,0.69,5.0,16,84,2356
415.2222222222223,11.2,9.36317279836453,360,0.67,5.0,17,84,2357
134.66666666666669,10.2,9.125,360,0.72,4.0,18,84,2358
0.0,9.6,8.847641901867899,360,0.75,2.0,19,84,2359
0.0,9.4,8.55,360,0.76,3.0,20,84,2360
0.0,8.4,8.252358098132103,360,0.8,4.0,21,84,2361
0.0,7.9,7.975000000000001,360,0.83,3.0,22,84,2362
0.0,7.4,7.736827201635472,360,0.84,3.0,23,84,2363
0.0,7.1,7.554070785647896,360,0.84,3.0,24,84,2364
0.0,6.6,8.24429642582421,360,0.85,3.0,1,85,2365
0.0,6.0,8.2,360,0.87,2.0,2,85,2366
0.0,5.9,8.24429642582421,360,0.88,2.0,3,85,2367
0.0,5.6,8.374166975080229,360,0.88,2.0,4,85,2368
0.0,5.4,8.580761184457486,360,0.88,2.0,5,85,2369
0.0,5.2,8.85,360,0.89,2.0,6,85,2370
101.0,6.3,9.163535241366723,360,0.86,4.0,7,85,2371
269.33333333333337,7.5,9.5,360,0.81,4.0,8,85,2372
471.33333333333337,9.0,9.836464758633277,360,0.77,5.0,9,85,2373
718.2222222222222,10.5,10.15,360,0.76,5.0,10,85,2374
841.6666666666666,10.8,10.419238815542512,360,0.72,5.0,11,85,2375
1010.0,12.1,10.625833024919771,360,0.69,6.0,12,85,2376
953.8888888888889,11.8,10.75570357417579,360,0.68,6.0,13,85,2377
1380.3333333333333,12.8,10.8,360,0.67,6.0,14,85,2378
852.8888888888889,12.6,10.75570357417579,360,0.65,6.0,15,85,2379
875.3333333333334,13.2,10.625833024919771,360,0.59,5.0,16,85,2380
527.4444444444445,13.2,10.419238815542512,360,0.58,4.0,17,85,2381
168.33333333333331,11.0,10.15,360,0.68,2.0,18,85,2382
11.222222222222221,8.1,9.836464758633277,360,0.78,1.0,19,85,2383
0.0,7.1,9.5,360,0.83,2.0,20,85,2384
0.0,8.2,9.163535241366723,360,0.78,1.0,21,85,2385
0.0,7.3,8.85,360,0.82,1.0,22,85,2386
0.0,7.2,8.580761184457488,360,0.87,1.0,23,85,2387
0.0,7.7,8.374166975080229,360,0.89,4.0,24,85,2388
0.0,7.0,8.528963047654292,360,0.9,5.0,1,86,2389
0.0,6.6,8.5,360,0.9,4.0,2,86,2390
0.0,6.2,8.528963047654292,360,0.89,5.0,3,86,2391
0.0,6.4,8.613878406783227,360,0.89,6.0,4,86,2392
0.0,6.4,8.748959235991434,360,0.9,4.0,5,86,2393
0.0,6.3,8.924999999999999,360,0.89,4.0,6,86,2394
33.66666666666667,6.3,9.130003811662856,360,0.9,5.0,7,86,2395
123.44444444444446,6.8,9.35,360,0.89,5.0,8,86,2396
213.22222222222223,7.2,9.569996188337143,360,0.88,6.0,9,86,2397
516.2222222222223,8.7,9.775,360,0.82,6.0,10,86,2398
740.6666666666667,9.6,9.951040764008566,360,0.77,6.0,11,86,2399
617.2222222222222,10.8,10.086121593216772,360,0.67,6.0,12,86,2400
1010.0,12.2,10.171036952345707,360,0.66,6.0,13,86,2401
639.6666666666667,11.7,10.2,360,0.65,6.0,14,86,2402
707.0000000000001,12.1,10.171036952345707,360,0.61,5.0,15,86,2403
437.6666666666667,11.9,10.086121593216772,360,0.58,5.0,16,86,2404
258.11111111111114,12.0,9.951040764008566,360,0.6,4.0,17,86,2405
145.88888888888889,10.4,9.775,360,0.69,4.0,18,86,2406
0.0,8.7,9.569996188337143,360,0.64,6.0,19,86,2407
0.0,6.9,9.35,360,0.71,6.0,20,86,2408
0.0,6.3,9.130003811662856,360,0.78,4.0,21,86,2409
0.0,5.9,8.925,360,0.83,4.0,22,86,2410
0.0,6.1,8.748959235991435,360,0.88,4.0,23,86,2411
0.0,5.9,8.613878406783227,360,0.9,4.0,24,86,2412
0.0,6.4,8.727259338968745,360,0.89,5.0,1,87,2413
0.0,6.3,8.7,360,0.93,6.0,2,87,2414
0.0,6.2,8.727259338968745,360,0.95,4.0,3,87,2415
0.0,6.2,8.807179676972448,360,0.96,6.0,4,87,2416
0.0,6.4,8.934314575050761,360,0.96,7.0,5,87,2417
0.0,6.7,9.1,360,0.97,8.0,6,87,2418
22.444444444444443,7.2,9.292944763917983,360,0.97,8.0,7,87,2419
67.33333333333334,8.1,9.5,360,0.98,7.0,8,87,2420
145.88888888888889,10.5,9.707055236082017,360,0.98,8.0,9,87,2421
224.44444444444446,11.0,9.9,360,0.94,8.0,10,87,2422
370.33333333333337,11.5,10.065685424949239,360,0.93,10.0,11,87,2423
471.33333333333337,12.0,10.19282032302755,360,0.93,10.0,12,87,2424
628.4444444444443,12.6,10.272740661031255,360,0.92,10.0,13,87,2425
437.6666666666667,12.7,10.3,360,0.91,9.0,14,87,2426
460.11111111111114,12.8,10.272740661031255,360,0.9,8.0,15,87,2427
235.66666666666669,12.4,10.19282032302755,360,0.9,8.0,16,87,2428
145.88888888888889,12.1,10.065685424949239,360,0.92,9.0,17,87,2429
56.111111111111114,11.6,9.9,360,0.9,8.0,18,87,2430
0.0,11.2,9.707055236082017,360,0.91,8.0,19,87,2431
0.0,10.8,9.5,360,0.94,8.0,20,87,2432
0.0,10.8,9.292944763917983,360,0.93,8.0,21,87,2433
0.0,10.7,9.1,360,0.95,8.0,22,87,2434
0.0,10.5,8.934314575050761,360,0.96,6.0,23,87,2435
0.0,10.4,8.80717967697245,360,0.97,5.0,24,87,2436
0.0,10.3,9.91533337816992,360,0.97,6.0,1,88,2437
0.0,10.5,9.900000000000002,360,0.97,6.0,2,88,2438
0.0,10.6,9.91533337816992,360,0.97,7.0,3,88,2439
0.0,10.5,9.960288568297004,360,0.97,10.0,4,88,2440
0.0,10.4,10.031801948466054,360,0.96,10.0,5,88,2441
0.0,10.4,10.125000000000002,360,0.97,9.0,6,88,2442
33.66666666666667,10.5,10.233531429703866,360,0.96,8.0,7,88,2443
67.33333333333334,10.7,10.350000000000001,360,0.96,9.0,8,88,2444
157.1111111111111,10.8,10.466468570296136,360,0.95,10.0,9,88,2445
235.66666666666669,11.0,10.575000000000001,360,0.95,10.0,10,88,2446
381.55555555555554,11.3,10.668198051533947,360,0.93,8.0,11,88,2447
505.0,11.3,10.739711431702998,360,0.91,10.0,12,88,2448
639.6666666666667,12.0,10.784666621830082,360,0.86,13.0,13,88,2449
314.2222222222222,11.1,10.8,360,0.92,10.0,14,88,2450
224.44444444444446,10.7,10.784666621830082,360,0.93,11.0,15,88,2451
336.66666666666663,10.5,10.739711431702998,360,0.9,10.0,16,88,2452
179.55555555555554,9.8,10.668198051533947,360,0.9,8.0,17,88,2453
145.88888888888889,8.6,10.575000000000001,360,0.88,7.0,18,88,2454
11.222222222222221,7.6,10.466468570296136,360,0.92,7.0,19,88,2455
0.0,7.2,10.350000000000001,360,0.95,6.0,20,88,2456
0.0,6.8,10.233531429703866,360,0.93,5.0,21,88,2457
0.0,5.7,10.125000000000002,360,0.94,5.0,22,88,2458
0.0,4.9,10.031801948466056,360,0.95,4.0,23,88,2459
0.0,4.4,9.960288568297004,360,0.96,4.0,24,88,2460
0.0,3.7,8.432370465025386,360,0.97,4.0,1,89,2461
0.0,3.1,8.400000000000002,360,0.97,4.0,2,89,2462
0.0,2.6,8.432370465025386,360,0.98,4.0,3,89,2463
0.0,2.1,8.527275866404784,360,0.97,3.0,4,89,2464
0.0,2.9,8.67824855787278,360,0.97,4.0,5,89,2465
11.222222222222221,3.2,8.875,360,0.96,4.0,6,89,2466
157.1111111111111,4.4,9.104121907152606,360,0.93,6.0,7,89,2467
493.7777777777778,6.0,9.350000000000001,360,0.9,6.0,8,89,2468
819.2222222222222,8.3,9.595878092847396,360,0.85,7.0,9,89,2469
1122.2222222222222,9.6,9.825000000000001,360,0.76,10.0,10,89,2470
1066.1111111111113,10.4,10.021751442127222,360,0.67,10.0,11,89,2471
785.5555555555557,8.5,10.172724133595219,360,0.8,11.0,12,89,2472
1447.6666666666667,10.8,10.267629534974617,360,0.68,10.0,13,89,2473
673.3333333333333,9.8,10.3,360,0.75,13.0,14,89,2474
594.7777777777778,9.9,10.267629534974617,360,0.73,15.0,15,89,2475
347.8888888888889,7.4,10.172724133595219,360,0.85,9.0,16,89,2476
112.22222222222223,7.6,10.021751442127222,360,0.86,9.0,17,89,2477
78.55555555555554,7.5,9.825000000000001,360,0.87,8.0,18,89,2478
0.0,7.2,9.595878092847396,360,0.84,8.0,19,89,2479
0.0,6.9,9.350000000000001,360,0.82,7.0,20,89,2480
0.0,5.8,9.104121907152606,360,0.89,5.0,21,89,2481
0.0,6.1,8.875000000000002,360,0.88,5.0,22,89,2482
0.0,6.7,8.67824855787278,360,0.87,5.0,23,89,2483
0.0,6.1,8.527275866404784,360,0.89,5.0,24,89,2484
0.0,5.9,8.728963047654291,360,0.9,4.0,1,90,2485
0.0,4.5,8.7,360,0.93,3.0,2,90,2486
0.0,5.3,8.728963047654291,360,0.94,2.0,3,90,2487
0.0,5.8,8.813878406783227,360,0.91,4.0,4,90,2488
0.0,7.3,8.948959235991435,360,0.84,7.0,5,90,2489
0.0,6.6,9.125,360,0.88,12.0,6,90,2490
44.888888888888886,6.3,9.330003811662857,360,0.89,12.0,7,90,2491
134.66666666666669,6.4,9.55,360,0.9,10.0,8,90,2492
291.77777777777777,6.6,9.769996188337144,360,0.93,9.0,9,90,2493
639.6666666666667,8.1,9.975000000000001,360,0.84,11.0,10,90,2494
864.1111111111111,9.1,10.151040764008567,360,0.77,12.0,11,90,2495
1200.7777777777778,10.3,10.286121593216775,360,0.64,13.0,12,90,2496
1436.4444444444443,11.0,10.37103695234571,360,0.65,12.0,13,90,2497
1313.0,11.0,10.400000000000002,360,0.67,12.0,14,90,2498
965.1111111111112,11.0,10.37103695234571,360,0.56,10.0,15,90,2499
729.4444444444443,11.0,10.286121593216775,360,0.58,10.0,16,90,2500
